Frequency,Channel A

0.00000000,-23.96038818
0.19073486,-31.44574928
0.38146973,-55.23889542
0.57220459,-51.47301102
0.76293945,-58.93003464
0.95367432,-57.67916870
1.14440918,-55.61603546
1.33514404,-52.75905609
1.52587891,-54.65429306
1.71661377,-55.24250793
1.90734863,-77.67834473
2.09808350,-59.51673889
2.28881836,-57.87324524
2.47955322,-51.99561691
2.67028809,-52.08876038
2.86102295,-51.32857895
3.05175781,-60.35984802
3.24249268,-48.78171539
3.43322754,-54.15653992
3.62396240,-43.38657761
3.81469727,-32.14107132
4.00543213,-7.59545612
4.19616699,2.93625450
4.38690186,4.75201750
4.57763672,-1.86764932
4.76837158,-21.08630180
4.95910645,-25.16817856
5.14984131,-43.15131760
5.34057617,-52.53197479
5.53131104,-51.91825485
5.72204590,-58.41030884
5.91278076,-58.53817749
6.10351562,-55.06360626
6.29425049,-47.75636292
6.48498535,-50.82355499
6.67572021,-59.31533051
6.86645508,-61.11402893
7.05718994,-57.61121368
7.24792480,-58.65245056
7.43865967,-53.92923355
7.62939453,-48.87993622
7.82012939,-50.12846375
8.01086426,-58.71879959
8.20159912,-56.42058945
8.39233398,-48.83358383
8.58306885,-47.85054779
8.77380371,-52.27592468
8.96453857,-51.50835419
9.15527344,-56.52907562
9.34600830,-60.60518646
9.53674316,-52.41775131
9.72747803,-52.37751770
9.91821289,-53.97375107
10.10894775,-56.79306412
10.29968262,-58.44219589
10.49041748,-63.35500336
10.68115234,-56.82505798
10.87188721,-56.66542435
11.06262207,-59.22699356
11.25335693,-59.56932068
11.44409180,-57.42053986
11.63482666,-55.10490036
11.82556152,-54.20694733
12.01629639,-51.71229935
12.20703125,-48.60492706
12.39776611,-48.15175629
12.58850098,-45.83116150
12.77923584,-43.98785400
12.96997070,-46.44487000
13.16070557,-53.08921814
13.35144043,-53.14981842
13.54217529,-57.35738754
13.73291016,-57.94177628
13.92364502,-55.29051208
14.11437988,-55.65725327
14.30511475,-61.76277542
14.49584961,-55.30956268
14.68658447,-54.59002686
14.87731934,-51.10790253
15.06805420,-52.87096405
15.25878906,-61.85910797
15.44952393,-57.72430038
15.64025879,-54.22537994
15.83099365,-54.64112854
16.02172852,-61.93791962
16.21246338,-68.26597595
16.40319824,-59.28091431
16.59393311,-53.41706085
16.78466797,-49.99877930
16.97540283,-53.55393982
17.16613770,-54.17598343
17.35687256,-51.62944031
17.54760742,-53.53131104
17.73834229,-48.07044220
17.92907715,-50.41904068
18.11981201,-59.16547394
18.31054688,-61.58382034
18.50128174,-53.64746857
18.69201660,-54.73296356
18.88275146,-55.93626022
19.07348633,-50.26852417
19.26422119,-49.13414764
19.45495605,-51.40159988
19.64569092,-52.16447830
19.83642578,-50.81562805
20.02716064,-50.76440811
20.21789551,-47.08359146
20.40863037,-47.51449966
20.59936523,-54.53991318
20.79010010,-64.16375732
20.98083496,-59.40093994
21.17156982,-56.21647263
21.36230469,-47.58709335
21.55303955,-45.52066040
21.74377441,-46.29037857
21.93450928,-46.61648560
22.12524414,-49.56772614
22.31597900,-48.52968216
22.50671387,-48.07445908
22.69744873,-60.22784424
22.88818359,-54.97771835
23.07891846,-53.72852707
23.26965332,-58.02290344
23.46038818,-56.30071259
23.65112305,-50.27930450
23.84185791,-51.16579437
24.03259277,-58.40237045
24.22332764,-70.29107666
24.41406250,-64.84206390
24.60479736,-70.29715729
24.79553223,-61.52693176
24.98626709,-65.26477051
25.17700195,-52.96473694
25.36773682,-48.74680328
25.55847168,-48.79517365
25.74920654,-49.48934937
25.93994141,-51.81726074
26.13067627,-54.20344925
26.32141113,-49.33365631
26.51214600,-50.59860992
26.70288086,-63.27198792
26.89361572,-66.95379639
27.08435059,-56.94034195
27.27508545,-50.64582825
27.46582031,-50.45013046
27.65655518,-59.31369400
27.84729004,-59.66850281
28.03802490,-61.92330933
28.22875977,-62.53029633
28.41949463,-56.83289337
28.61022949,-55.75279617
28.80096436,-54.72399902
28.99169922,-54.03932953
29.18243408,-54.50070953
29.37316895,-57.83649063
29.56390381,-52.42004395
29.75463867,-54.77515411
29.94537354,-63.26032257
30.13610840,-51.88263702
30.32684326,-56.76277924
30.51757812,-51.19181061
30.70831299,-50.88922501
30.89904785,-52.19398117
31.08978271,-46.10851288
31.28051758,-46.66750336
31.47125244,-48.55875397
31.66198730,-48.17079163
31.85272217,-50.58740616
32.04345703,-58.35425568
32.23419189,-60.47531128
32.42492676,-62.06138611
32.61566162,-64.67886353
32.80639648,-59.12819672
32.99713135,-59.84407043
33.18786621,-63.11097717
33.37860107,-61.38552856
33.56933594,-60.85203552
33.76007080,-60.81316376
33.95080566,-69.03027344
34.14154053,-56.92945480
34.33227539,-57.18263245
34.52301025,-67.75384521
34.71374512,-56.94545364
34.90447998,-60.15712738
35.09521484,-57.61691284
35.28594971,-63.47332382
35.47668457,-71.78738403
35.66741943,-64.13185120
35.85815430,-58.83102417
36.04888916,-55.44617462
36.23962402,-53.60565948
36.43035889,-55.58747864
36.62109375,-67.97604370
36.81182861,-66.17147827
37.00256348,-69.62225342
37.19329834,-67.83451843
37.38403320,-58.45808029
37.57476807,-57.76771545
37.76550293,-67.38354492
37.95623779,-58.74128723
38.14697266,-55.66398239
38.33770752,-54.10466766
38.52844238,-54.75651550
38.71917725,-50.02344513
38.90991211,-54.04106522
39.10064697,-56.04663849
39.29138184,-48.11391830
39.48211670,-47.42932892
39.67285156,-48.41066360
39.86358643,-54.48600388
40.05432129,-71.19335175
40.24505615,-64.37340546
40.43579102,-58.49280930
40.62652588,-56.19945526
40.81726074,-59.38135529
41.00799561,-53.46218491
41.19873047,-54.77652740
41.38946533,-57.28488922
41.58020020,-53.98707581
41.77093506,-53.42804337
41.96166992,-55.05464172
42.15240479,-54.74550247
42.34313965,-54.24293900
42.53387451,-54.59611511
42.72460938,-57.32933426
42.91534424,-76.43076324
43.10607910,-61.24895477
43.29681396,-60.67840576
43.48754883,-56.91793060
43.67828369,-57.39448547
43.86901855,-57.45967865
44.05975342,-53.34909439
44.25048828,-53.36707687
44.44122314,-54.07140350
44.63195801,-53.69486237
44.82269287,-51.56641006
45.01342773,-52.28568268
45.20416260,-55.71562195
45.39489746,-62.05095291
45.58563232,-55.32266235
45.77636719,-50.27085114
45.96710205,-49.78113556
46.15783691,-54.68891525
46.34857178,-56.45908356
46.53930664,-54.67889786
46.73004150,-53.50776672
46.92077637,-52.16043854
47.11151123,-50.63161850
47.30224609,-50.10162735
47.49298096,-51.85806656
47.68371582,-52.48382568
47.87445068,-49.54725266
48.06518555,-53.19124222
48.25592041,-61.04904938
48.44665527,-55.39770126
48.63739014,-55.06199646
48.82812500,-56.24549103
49.01885986,-64.26630402
49.20959473,-59.55717468
49.40032959,-54.80017853
49.59106445,-55.28739929
49.78179932,-65.12489319
49.97253418,-62.09944153
50.16326904,-57.55680084
50.35400391,-58.39830399
50.54473877,-59.48249817
50.73547363,-68.95601654
50.92620850,-53.33325958
51.11694336,-50.58493805
51.30767822,-49.86730576
51.49841309,-51.61127472
51.68914795,-57.05562210
51.87988281,-73.59460449
52.07061768,-58.81320190
52.26135254,-57.92679214
52.45208740,-52.79316330
52.64282227,-51.42182159
52.83355713,-53.21760559
53.02429199,-58.08636093
53.21502686,-60.81777191
53.40576172,-59.13505554
53.59649658,-57.42150879
53.78723145,-57.00854492
53.97796631,-60.29971313
54.16870117,-53.65273285
54.35943604,-49.97975922
54.55017090,-52.42391586
54.74090576,-51.28700256
54.93164062,-49.46857071
55.12237549,-53.89309692
55.31311035,-62.58259583
55.50384521,-54.61275482
55.69458008,-56.87146759
55.88531494,-61.76570129
56.07604980,-53.58831024
56.26678467,-52.37326050
56.45751953,-50.44338226
56.64825439,-49.50878906
56.83898926,-53.22202301
57.02972412,-56.55771637
57.22045898,-56.18292236
57.41119385,-57.30066299
57.60192871,-57.16514969
57.79266357,-53.39533997
57.98339844,-54.81880951
58.17413330,-56.35702133
58.36486816,-52.23252106
58.55560303,-55.22621536
58.74633789,-59.13178253
58.93707275,-60.96512222
59.12780762,-62.54933167
59.31854248,-58.76770401
59.50927734,-59.59827042
59.70001221,-59.47479248
59.89074707,-60.69599533
60.08148193,-64.52546692
60.27221680,-55.22067642
60.46295166,-58.34096527
60.65368652,-59.95075989
60.84442139,-54.32184219
61.03515625,-56.20077133
61.22589111,-55.10913467
61.41662598,-61.38036346
61.60736084,-64.49055481
61.79809570,-60.53808212
61.98883057,-58.60447693
62.17956543,-55.53571701
62.37030029,-51.99239349
62.56103516,-51.49671555
62.75177002,-55.31910324
62.94250488,-55.36886597
63.13323975,-51.44713593
63.32397461,-50.92883301
63.51470947,-51.85131073
63.70544434,-53.76473999
63.89617920,-49.75757599
64.08691406,-46.30311966
64.27764893,-45.35129547
64.46838379,-45.69526291
64.65911865,-47.88267517
64.84985352,-50.23281860
65.04058838,-50.02607346
65.23132324,-48.98788071
65.42205811,-51.84841537
65.61279297,-64.07828522
65.80352783,-58.48888016
65.99426270,-51.27533340
66.18499756,-51.10122681
66.37573242,-51.53539276
66.56646729,-48.65596390
66.75720215,-48.99058533
66.94793701,-61.92857361
67.13867188,-53.32891846
67.32940674,-52.73843765
67.52014160,-59.08111191
67.71087646,-59.02125549
67.90161133,-58.68527985
68.09234619,-53.59512711
68.28308105,-51.89067078
68.47381592,-53.24041367
68.66455078,-54.92283249
68.85528564,-55.77585220
69.04602051,-57.89530182
69.23675537,-54.25964355
69.42749023,-58.24352646
69.61822510,-60.80402374
69.80895996,-59.48934174
69.99969482,-53.96890259
70.19042969,-57.53929520
70.38116455,-62.11111069
70.57189941,-56.93801117
70.76263428,-53.48809052
70.95336914,-55.39416504
71.14410400,-64.04010010
71.33483887,-60.27513123
71.52557373,-63.81416321
71.71630859,-57.71236420
71.90704346,-58.75393295
72.09777832,-64.45703125
72.28851318,-56.64279938
72.47924805,-50.77008820
72.66998291,-56.00258636
72.86071777,-65.10937500
73.05145264,-59.04762268
73.24218750,-54.99188232
73.43292236,-54.26652908
73.62365723,-59.10613632
73.81439209,-58.60340500
74.00512695,-55.77177429
74.19586182,-57.19507599
74.38659668,-69.16546631
74.57733154,-59.22171783
74.76806641,-63.42109680
74.95880127,-69.82414246
75.14953613,-59.75861359
75.34027100,-57.03314972
75.53100586,-53.49762726
75.72174072,-49.86570740
75.91247559,-52.88880157
76.10321045,-61.82361984
76.29394531,-56.84809875
76.48468018,-53.59915161
76.67541504,-59.55562973
76.86614990,-49.90943909
77.05688477,-50.88541412
77.24761963,-54.10253906
77.43835449,-54.08756638
77.62908936,-55.61627197
77.81982422,-54.14852524
78.01055908,-52.68569565
78.20129395,-53.97326660
78.39202881,-53.52873993
78.58276367,-53.04758453
78.77349854,-53.01591492
78.96423340,-54.47898865
79.15496826,-63.73192215
79.34570312,-54.71564865
79.53643799,-52.46667480
79.72717285,-63.59857559
79.91790771,-57.51230240
80.10864258,-63.21601868
80.29937744,-54.99253845
80.49011230,-54.68284225
80.68084717,-55.24523926
80.87158203,-52.46274948
81.06231689,-55.81146240
81.25305176,-57.06720734
81.44378662,-50.96952820
81.63452148,-50.42940140
81.82525635,-51.18701172
82.01599121,-54.21303558
82.20672607,-59.42366791
82.39746094,-62.04983139
82.58819580,-53.99291611
82.77893066,-50.63148880
82.96966553,-53.56841660
83.16040039,-58.03418732
83.35113525,-55.88764191
83.54187012,-56.71667099
83.73260498,-70.90424347
83.92333984,-62.11244583
84.11407471,-60.70949936
84.30480957,-62.50043488
84.49554443,-56.07203674
84.68627930,-73.81345367
84.87701416,-54.57615280
85.06774902,-51.79271317
85.25848389,-56.68338013
85.44921875,-52.70268250
85.63995361,-54.86627579
85.83068848,-60.32012558
86.02142334,-54.86087418
86.21215820,-54.70526886
86.40289307,-50.83860397
86.59362793,-53.11881256
86.78436279,-62.62220001
86.97509766,-54.32839203
87.16583252,-52.99520874
87.35656738,-60.19824600
87.54730225,-56.79160690
87.73803711,-56.59788513
87.92877197,-60.76422119
88.11950684,-65.67669678
88.31024170,-61.26106262
88.50097656,-65.59578705
88.69171143,-53.78015900
88.88244629,-53.18266296
89.07318115,-57.14716339
89.26391602,-52.41272736
89.45465088,-54.49464417
89.64538574,-60.60342407
89.83612061,-59.43326569
90.02685547,-58.68388748
90.21759033,-49.25316620
90.40832520,-46.96219635
90.59906006,-51.18063354
90.78979492,-58.95145798
90.98052979,-53.62825394
91.17126465,-49.62026978
91.36199951,-53.41240311
91.55273438,-52.43011856
91.74346924,-54.86349487
91.93420410,-63.36535645
92.12493896,-55.20767212
92.31567383,-49.39758301
92.50640869,-49.30971527
92.69714355,-56.18307495
92.88787842,-62.59928894
93.07861328,-55.76384735
93.26934814,-50.09023666
93.46008301,-52.41295242
93.65081787,-58.60581207
93.84155273,-75.05067444
94.03228760,-57.42062378
94.22302246,-54.80484009
94.41375732,-54.97064590
94.60449219,-58.51869965
94.79522705,-57.02133942
94.98596191,-62.29322433
95.17669678,-59.64210129
95.36743164,-62.95316696
95.55816650,-62.76741791
95.74890137,-60.20643616
95.93963623,-57.93740082
96.13037109,-56.71986389
96.32110596,-58.59283066
96.51184082,-60.58863068
96.70257568,-58.44940186
96.89331055,-53.80683899
97.08404541,-56.87894440
97.27478027,-54.30323029
97.46551514,-59.46756363
97.65625000,-56.58195114
97.84698486,-56.44652939
98.03771973,-60.69554901
98.22845459,-51.80522156
98.41918945,-53.68412781
98.60992432,-52.51133347
98.80065918,-54.71096039
98.99139404,-59.22410583
99.18212891,-63.29318237
99.37286377,-61.41234589
99.56359863,-62.04415894
99.75433350,-60.24671173
99.94506836,-55.70156097
100.13580322,-55.56031799
100.32653809,-57.96367645
100.51727295,-56.08451080
100.70800781,-53.96973419
100.89874268,-55.63839722
101.08947754,-60.00128174
101.28021240,-73.14656830
101.47094727,-55.63678360
101.66168213,-51.19636536
101.85241699,-53.41838074
102.04315186,-69.79853821
102.23388672,-59.33462524
102.42462158,-65.90188599
102.61535645,-57.49185562
102.80609131,-58.57862854
102.99682617,-57.03477478
103.18756104,-53.32178116
103.37829590,-54.12736893
103.56903076,-53.87232208
103.75976562,-55.39714813
103.95050049,-57.06758881
104.14123535,-56.23352051
104.33197021,-58.64933395
104.52270508,-65.93707275
104.71343994,-62.38435364
104.90417480,-54.52202225
105.09490967,-49.91314316
105.28564453,-48.39994049
105.47637939,-51.99527740
105.66711426,-59.58479309
105.85784912,-59.18149948
106.04858398,-54.13898087
106.23931885,-54.58058167
106.43005371,-56.93900299
106.62078857,-58.65742493
106.81152344,-64.87683105
107.00225830,-53.66529465
107.19299316,-55.01055908
107.38372803,-65.30834961
107.57446289,-53.15185165
107.76519775,-53.79798126
107.95593262,-58.06655884
108.14666748,-66.20266724
108.33740234,-59.60543823
108.52813721,-62.22991180
108.71887207,-49.17880630
108.90960693,-49.61680603
109.10034180,-52.29610062
109.29107666,-52.59349442
109.48181152,-55.42070007
109.67254639,-60.83201981
109.86328125,-53.93341827
110.05401611,-52.25975800
110.24475098,-60.04095459
110.43548584,-56.74069977
110.62622070,-50.79891586
110.81695557,-51.67552948
111.00769043,-55.08054352
111.19842529,-58.65651703
111.38916016,-65.73095703
111.57989502,-54.80987549
111.77062988,-52.27557755
111.96136475,-58.72537231
112.15209961,-63.14077759
112.34283447,-54.39585876
112.53356934,-54.21163940
112.72430420,-58.09157944
112.91503906,-61.88149261
113.10577393,-52.96621704
113.29650879,-53.69470596
113.48724365,-63.03938293
113.67797852,-59.68311310
113.86871338,-61.54007339
114.05944824,-58.59276581
114.25018311,-55.63183594
114.44091797,-52.78395081
114.63165283,-52.41728210
114.82238770,-54.74634171
115.01312256,-55.53455353
115.20385742,-54.00810242
115.39459229,-49.76373672
115.58532715,-48.79429245
115.77606201,-60.65448380
115.96679688,-52.44618225
116.15753174,-50.37290573
116.34826660,-49.17964172
116.53900146,-46.11470795
116.72973633,-46.53861237
116.92047119,-52.47460175
117.11120605,-53.18426514
117.30194092,-52.66813660
117.49267578,-56.87660980
117.68341064,-67.99132538
117.87414551,-62.65732574
118.06488037,-65.55367279
118.25561523,-70.01919556
118.44635010,-61.10774994
118.63708496,-61.34706497
118.82781982,-55.43350601
119.01855469,-50.71224594
119.20928955,-49.74795914
119.40002441,-56.21044159
119.59075928,-64.47621155
119.78149414,-59.49420166
119.97222900,-52.65800095
120.16296387,-52.72983932
120.35369873,-62.31552124
120.54443359,-54.73183060
120.73516846,-53.75150299
120.92590332,-57.95179749
121.11663818,-63.78219986
121.30737305,-67.33038330
121.49810791,-69.29389191
121.68884277,-62.32440186
121.87957764,-54.37561035
122.07031250,-54.36310577
122.26104736,-53.66983032
122.45178223,-49.53190613
122.64251709,-49.66533661
122.83325195,-49.71855927
123.02398682,-51.94047928
123.21472168,-63.44299698
123.40545654,-66.57441711
123.59619141,-71.14099121
123.78692627,-65.67759705
123.97766113,-53.57856369
124.16839600,-53.43564987
124.35913086,-61.25903702
124.54986572,-51.17345428
124.74060059,-52.76020813
124.93133545,-54.32752991
125.12207031,-52.93880463
125.31280518,-53.49519348
125.50354004,-59.09999084
125.69427490,-61.81097031
125.88500977,-72.46129608
126.07574463,-59.92034149
126.26647949,-61.25715637
126.45721436,-66.11698914
126.64794922,-58.73714828
126.83868408,-56.01552963
127.02941895,-52.13302994
127.22015381,-52.06771851
127.41088867,-55.14670563
127.60162354,-54.63347626
127.79235840,-51.10259247
127.98309326,-49.50847244
128.17382812,-52.64707947
128.36456299,-59.54700089
128.55529785,-58.55243683
128.74603271,-55.90968704
128.93676758,-58.74708176
129.12750244,-60.36726379
129.31823730,-54.45001221
129.50897217,-57.75724411
129.69970703,-61.39765167
129.89044189,-54.38744354
130.08117676,-53.33280945
130.27191162,-57.60145187
130.46264648,-60.03036118
130.65338135,-67.84780884
130.84411621,-57.30188751
131.03485107,-52.97311783
131.22558594,-56.78991318
131.41632080,-55.27532196
131.60705566,-53.52528000
131.79779053,-60.47961426
131.98852539,-60.67774200
132.17926025,-52.27544785
132.36999512,-51.10633850
132.56072998,-52.53376007
132.75146484,-53.61263275
132.94219971,-54.28855515
133.13293457,-61.98960876
133.32366943,-56.31976318
133.51440430,-54.34278870
133.70513916,-57.16485977
133.89587402,-62.65575027
134.08660889,-66.19013214
134.27734375,-62.99430466
134.46807861,-65.37094879
134.65881348,-61.85166931
134.84954834,-55.96512604
135.04028320,-54.41030884
135.23101807,-54.15633774
135.42175293,-57.52152252
135.61248779,-59.26384735
135.80322266,-51.16883087
135.99395752,-51.36020279
136.18469238,-58.29655075
136.37542725,-56.56993866
136.56616211,-56.71131134
136.75689697,-62.59969330
136.94763184,-55.41601562
137.13836670,-54.83519745
137.32910156,-52.85492325
137.51983643,-60.56232834
137.71057129,-67.29995728
137.90130615,-64.74745941
138.09204102,-64.96125031
138.28277588,-67.75301361
138.47351074,-56.05255890
138.66424561,-53.29732513
138.85498047,-56.01498032
139.04571533,-62.84288406
139.23645020,-61.15356064
139.42718506,-59.84235764
139.61791992,-60.66616058
139.80865479,-87.43428040
139.99938965,-60.80234528
140.19012451,-55.33489609
140.38085938,-50.41566467
140.57159424,-54.67073441
140.76232910,-62.15232468
140.95306396,-59.05399323
141.14379883,-66.41579437
141.33453369,-56.40954590
141.52526855,-56.23012543
141.71600342,-56.73400879
141.90673828,-55.19678116
142.09747314,-63.58497238
142.28820801,-65.10723114
142.47894287,-61.85968399
142.66967773,-58.60808563
142.86041260,-59.61120605
143.05114746,-71.66595459
143.24188232,-59.03932953
143.43261719,-57.44202423
143.62335205,-59.86479950
143.81408691,-59.35294724
144.00482178,-58.10277939
144.19555664,-61.47330856
144.38629150,-60.07581329
144.57702637,-55.95868683
144.76776123,-57.37977600
144.95849609,-55.67808533
145.14923096,-54.40065002
145.33996582,-52.03651428
145.53070068,-48.18979645
145.72143555,-49.23118210
145.91217041,-56.66715622
146.10290527,-50.46173477
146.29364014,-49.14411926
146.48437500,-52.27307892
146.67510986,-54.53890991
146.86584473,-55.90090942
147.05657959,-66.87911987
147.24731445,-63.35552979
147.43804932,-62.47536087
147.62878418,-62.87718201
147.81951904,-79.37392426
148.01025391,-63.18143845
148.20098877,-66.65134430
148.39172363,-56.96064377
148.58245850,-55.92090607
148.77319336,-64.28198242
148.96392822,-63.93972015
149.15466309,-62.76792145
149.34539795,-71.40169525
149.53613281,-56.49741745
149.72686768,-51.11758804
149.91760254,-50.78222656
150.10833740,-64.32776642
150.29907227,-53.13296890
150.48980713,-54.94737625
150.68054199,-55.50742340
150.87127686,-51.90605545
151.06201172,-52.99454498
151.25274658,-57.88866425
151.44348145,-57.90805435
151.63421631,-58.05961609
151.82495117,-58.94269562
152.01568604,-54.93160248
152.20642090,-54.46829224
152.39715576,-56.75687408
152.58789062,-57.84523010
152.77862549,-57.32622147
152.96936035,-56.38122940
153.16009521,-53.98057556
153.35083008,-49.01439667
153.54156494,-48.52089691
153.73229980,-55.91510773
153.92303467,-57.44088745
154.11376953,-52.26264954
154.30450439,-53.86512756
154.49523926,-55.34681320
154.68597412,-58.71628571
154.87670898,-57.29305649
155.06744385,-53.43466187
155.25817871,-59.91920471
155.44891357,-61.00513458
155.63964844,-57.53879166
155.83038330,-57.21586609
156.02111816,-71.88761139
156.21185303,-57.69807816
156.40258789,-62.07009125
156.59332275,-65.83862305
156.78405762,-65.65730286
156.97479248,-61.57446289
157.16552734,-52.85865021
157.35626221,-55.50488281
157.54699707,-62.58453369
157.73773193,-53.88892365
157.92846680,-57.00794601
158.11920166,-54.36743164
158.30993652,-52.45594406
158.50067139,-54.05476379
158.69140625,-57.41781235
158.88214111,-60.18565750
159.07287598,-56.10937119
159.26361084,-55.21553040
159.45434570,-56.43515778
159.64508057,-64.31426239
159.83581543,-62.33068466
160.02655029,-58.49639893
160.21728516,-66.02776337
160.40802002,-65.93584442
160.59875488,-65.05346680
160.78948975,-65.30974579
160.98022461,-59.02799606
161.17095947,-65.72843170
161.36169434,-55.39696503
161.55242920,-53.71279144
161.74316406,-54.52391815
161.93389893,-53.21802139
162.12463379,-54.17104721
162.31536865,-58.23174286
162.50610352,-67.83352661
162.69683838,-65.10199738
162.88757324,-57.76401901
163.07830811,-55.17169189
163.26904297,-50.54689789
163.45977783,-52.56330109
163.65051270,-61.04167175
163.84124756,-54.26116943
164.03198242,-52.35137558
164.22271729,-52.86708450
164.41345215,-56.31851578
164.60418701,-55.34054565
164.79492188,-52.11940765
164.98565674,-51.09525681
165.17639160,-52.05725098
165.36712646,-53.08664322
165.55786133,-51.32340240
165.74859619,-50.05680084
165.93933105,-50.80007172
166.13006592,-51.78631210
166.32080078,-54.70185089
166.51153564,-58.32431793
166.70227051,-59.21556854
166.89300537,-62.00085068
167.08374023,-61.12283707
167.27447510,-65.66355896
167.46520996,-55.81969833
167.65594482,-59.74835968
167.84667969,-59.65155029
168.03741455,-58.34259796
168.22814941,-66.61451721
168.41888428,-62.55239868
168.60961914,-59.80161285
168.80035400,-55.00019073
168.99108887,-54.64572144
169.18182373,-58.02923584
169.37255859,-74.34893036
169.56329346,-59.80656052
169.75402832,-55.50763702
169.94476318,-51.48264313
170.13549805,-46.85256958
170.32623291,-45.55448532
170.51696777,-50.28380585
170.70770264,-68.04366302
170.89843750,-60.06427002
171.08917236,-55.78105927
171.27990723,-53.54503250
171.47064209,-55.28826141
171.66137695,-57.60510254
171.85211182,-60.64767838
172.04284668,-57.47246552
172.23358154,-49.89021301
172.42431641,-48.60675430
172.61505127,-54.60906601
172.80578613,-50.47377777
172.99652100,-49.41838837
173.18725586,-51.02016068
173.37799072,-52.31619263
173.56872559,-55.74164581
173.75946045,-59.40629578
173.95019531,-58.36896896
174.14093018,-54.99367523
174.33166504,-51.77286530
174.52239990,-49.16679001
174.71313477,-50.72803497
174.90386963,-55.39817047
175.09460449,-62.02446365
175.28533936,-62.35593414
175.47607422,-53.05721664
175.66680908,-51.88198853
175.85754395,-52.88652802
176.04827881,-52.09533310
176.23901367,-52.25736618
176.42974854,-53.70666885
176.62048340,-53.27819824
176.81121826,-57.36793518
177.00195312,-59.68458557
177.19268799,-56.89711761
177.38342285,-55.73339081
177.57415771,-57.97457886
177.76489258,-61.16683578
177.95562744,-56.49352264
178.14636230,-56.70948029
178.33709717,-57.00858307
178.52783203,-56.32791519
178.71856689,-57.47878647
178.90930176,-64.65501404
179.10003662,-66.44691467
179.29077148,-61.93423843
179.48150635,-54.63777924
179.67224121,-52.55516815
179.86297607,-56.92818069
180.05371094,-58.74309921
180.24444580,-55.51408386
180.43518066,-56.17584991
180.62591553,-56.58081818
180.81665039,-55.00015640
181.00738525,-56.86514282
181.19812012,-59.67686462
181.38885498,-57.34612274
181.57958984,-55.33069992
181.77032471,-56.77417755
181.96105957,-61.89147186
182.15179443,-66.98996735
182.34252930,-70.91577148
182.53326416,-57.01755905
182.72399902,-53.07695389
182.91473389,-56.80969620
183.10546875,-57.96581268
183.29620361,-53.49985123
183.48693848,-60.24267197
183.67767334,-56.15036774
183.86840820,-57.70008850
184.05914307,-56.92112732
184.24987793,-60.52833176
184.44061279,-59.97544861
184.63134766,-58.47731781
184.82208252,-60.75685501
185.01281738,-55.50868607
185.20355225,-51.55248260
185.39428711,-51.65629578
185.58502197,-54.70333481
185.77575684,-59.16754150
185.96649170,-62.95581436
186.15722656,-61.28569031
186.34796143,-62.21482086
186.53869629,-62.22058868
186.72943115,-63.20391083
186.92016602,-63.01219177
187.11090088,-56.77152634
187.30163574,-55.68393326
187.49237061,-58.86959839
187.68310547,-73.36277008
187.87384033,-63.37456131
188.06457520,-60.99388885
188.25531006,-53.13497162
188.44604492,-54.43090439
188.63677979,-67.41230774
188.82751465,-73.62353516
189.01824951,-59.94609451
189.20898438,-64.90578461
189.39971924,-58.41423798
189.59045410,-52.65659714
189.78118896,-49.29309845
189.97192383,-48.46393967
190.16265869,-51.07247162
190.35339355,-56.70354843
190.54412842,-56.39385223
190.73486328,-54.18170166
190.92559814,-53.03590393
191.11633301,-54.90180969
191.30706787,-62.91667175
191.49780273,-53.64753723
191.68853760,-52.33383179
191.87927246,-58.06856537
192.07000732,-55.08991241
192.26074219,-51.21905518
192.45147705,-51.52188873
192.64221191,-54.05354309
192.83294678,-59.98789978
193.02368164,-59.08052444
193.21441650,-62.27758789
193.40515137,-57.50043869
193.59588623,-59.87955475
193.78662109,-69.67944336
193.97735596,-59.76217651
194.16809082,-53.47005463
194.35882568,-53.60812759
194.54956055,-61.46545029
194.74029541,-61.83380508
194.93103027,-66.27886963
195.12176514,-59.49416351
195.31250000,-51.01732254
195.50323486,-47.40727997
195.69396973,-46.99832916
195.88470459,-52.92749023
196.07543945,-56.18308258
196.26617432,-51.29740143
196.45690918,-49.55046082
196.64764404,-50.39625168
196.83837891,-54.38478470
197.02911377,-55.76555252
197.21984863,-54.38132477
197.41058350,-57.89414215
197.60131836,-66.49239349
197.79205322,-55.69499588
197.98278809,-56.38912201
198.17352295,-58.89896774
198.36425781,-64.99907684
198.55499268,-54.50297928
198.74572754,-54.23429108
198.93646240,-58.84893036
199.12719727,-55.05441284
199.31793213,-57.38214493
199.50866699,-61.96975708
199.69940186,-56.89627075
199.89013672,-55.63408279
200.08087158,-56.06102371
200.27160645,-59.70132828
200.46234131,-58.70590210
200.65307617,-51.86081314
200.84381104,-53.88545227
201.03454590,-53.29296112
201.22528076,-48.41053772
201.41601562,-47.81750107
201.60675049,-49.82473755
201.79748535,-50.72805023
201.98822021,-50.02242661
202.17895508,-53.86859512
202.36968994,-61.83445358
202.56042480,-59.18128204
202.75115967,-62.05231094
202.94189453,-65.07945251
203.13262939,-80.05654907
203.32336426,-65.32908630
203.51409912,-67.02619934
203.70483398,-58.79795456
203.89556885,-54.67616272
204.08630371,-58.27440262
204.27703857,-58.58942413
204.46777344,-54.81314850
204.65850830,-56.35791016
204.84924316,-65.15298462
205.03997803,-56.26385117
205.23071289,-53.65655518
205.42144775,-52.25977325
205.61218262,-58.17402649
205.80291748,-52.57126617
205.99365234,-51.90532303
206.18438721,-56.19486237
206.37512207,-59.46016312
206.56585693,-60.74944305
206.75659180,-60.94015503
206.94732666,-62.82281876
207.13806152,-60.05669403
207.32879639,-54.39459229
207.51953125,-62.90117264
207.71026611,-54.20231247
207.90100098,-53.16913605
208.09173584,-55.08285141
208.28247070,-53.99240875
208.47320557,-52.99443054
208.66394043,-54.52119446
208.85467529,-55.59149933
209.04541016,-48.76251984
209.23614502,-48.48757172
209.42687988,-53.72996521
209.61761475,-61.13223648
209.80834961,-62.64190292
209.99908447,-65.09342957
210.18981934,-90.26361084
210.38055420,-61.58720398
210.57128906,-62.61401749
210.76202393,-59.75658798
210.95275879,-53.72870636
211.14349365,-55.16613770
211.33422852,-57.02928543
211.52496338,-61.15043259
211.71569824,-59.97493362
211.90643311,-53.84718323
212.09716797,-51.92620087
212.28790283,-52.35744858
212.47863770,-52.52066803
212.66937256,-51.16804123
212.86010742,-52.30511475
213.05084229,-56.27809525
213.24157715,-54.57464218
213.43231201,-60.16498566
213.62304688,-61.92721558
213.81378174,-63.59479904
214.00451660,-73.25509644
214.19525146,-66.62133026
214.38598633,-58.46965790
214.57672119,-57.23933792
214.76745605,-59.50743866
214.95819092,-61.24465179
215.14892578,-64.12763977
215.33966064,-57.67204666
215.53039551,-53.22005463
215.72113037,-50.57995605
215.91186523,-48.81009674
216.10260010,-50.61186218
216.29333496,-64.36095428
216.48406982,-56.41342926
216.67480469,-58.20349121
216.86553955,-63.38103867
217.05627441,-57.84371185
217.24700928,-56.08078766
217.43774414,-52.48775482
217.62847900,-50.67760468
217.81921387,-53.15325928
218.00994873,-60.77943802
218.20068359,-80.61504364
218.39141846,-67.74961853
218.58215332,-62.38336563
218.77288818,-63.27667618
218.96362305,-64.17763519
219.15435791,-62.38379669
219.34509277,-57.27914810
219.53582764,-50.10328293
219.72656250,-51.37693405
219.91729736,-54.11882782
220.10803223,-54.84907150
220.29876709,-52.69243240
220.48950195,-51.01150894
220.68023682,-52.64751816
220.87097168,-54.37505722
221.06170654,-54.80120087
221.25244141,-52.59760284
221.44317627,-50.41873550
221.63391113,-54.50316620
221.82464600,-54.39558411
222.01538086,-52.12131119
222.20611572,-50.46634674
222.39685059,-51.20335388
222.58758545,-53.93947983
222.77832031,-63.47717667
222.96905518,-54.24040985
223.15979004,-51.76299667
223.35052490,-63.38718414
223.54125977,-61.09953308
223.73199463,-56.15322113
223.92272949,-50.34311295
224.11346436,-50.29804611
224.30419922,-54.19289398
224.49493408,-54.19757843
224.68566895,-50.33883667
224.87640381,-53.54155731
225.06713867,-59.12966156
225.25787354,-57.90965652
225.44860840,-62.21769333
225.63934326,-55.15853500
225.83007812,-50.39779663
226.02081299,-51.26205444
226.21154785,-54.04261780
226.40228271,-54.77579498
226.59301758,-53.34730530
226.78375244,-54.34946442
226.97448730,-54.90081787
227.16522217,-52.46864700
227.35595703,-52.08326721
227.54669189,-54.31462860
227.73742676,-57.60910034
227.92816162,-51.24550247
228.11889648,-47.52502060
228.30963135,-47.48390961
228.50036621,-49.85769272
228.69110107,-51.82955170
228.88183594,-54.74997711
229.07257080,-60.59157944
229.26330566,-57.83650970
229.45404053,-58.29512787
229.64477539,-66.39035034
229.83551025,-55.21086121
230.02624512,-53.38536835
230.21697998,-54.97458649
230.40771484,-55.80360413
230.59844971,-57.42741394
230.78918457,-54.56084824
230.97991943,-52.72185898
231.17065430,-53.13169098
231.36138916,-53.46232605
231.55212402,-56.08708191
231.74285889,-56.27773666
231.93359375,-57.87821960
232.12432861,-59.02667236
232.31506348,-61.36871719
232.50579834,-54.22184372
232.69653320,-51.29870987
232.88726807,-52.89071655
233.07800293,-56.31278992
233.26873779,-62.20615387
233.45947266,-62.97294998
233.65020752,-54.95912933
233.84094238,-54.15869141
234.03167725,-56.40868378
234.22241211,-54.84032440
234.41314697,-52.56339264
234.60388184,-52.32520676
234.79461670,-55.79749298
234.98535156,-57.95039368
235.17608643,-59.48321915
235.36682129,-62.76122284
235.55755615,-56.42013168
235.74829102,-54.33192825
235.93902588,-60.64282227
236.12976074,-63.00781250
236.32049561,-65.16945648
236.51123047,-58.86537170
236.70196533,-62.42553711
236.89270020,-63.65458679
237.08343506,-54.44369888
237.27416992,-54.71537018
237.46490479,-66.85311890
237.65563965,-57.60887909
237.84637451,-53.84201813
238.03710938,-54.84676361
238.22784424,-56.25241089
238.41857910,-57.42026520
238.60931396,-53.37846756
238.80004883,-55.24582291
238.99078369,-70.93817902
239.18151855,-57.98218536
239.37225342,-55.38053894
239.56298828,-60.53454590
239.75372314,-62.77578735
239.94445801,-53.80720520
240.13519287,-51.34725952
240.32592773,-53.49201584
240.51666260,-65.62799072
240.70739746,-67.00092316
240.89813232,-60.11493683
241.08886719,-55.67229843
241.27960205,-53.15576553
241.47033691,-52.63423157
241.66107178,-61.37613297
241.85180664,-56.80908203
242.04254150,-53.31565094
242.23327637,-53.36323166
242.42401123,-51.91769409
242.61474609,-51.71158218
242.80548096,-54.28379822
242.99621582,-57.58644104
243.18695068,-51.51031876
243.37768555,-53.44374084
243.56842041,-61.03488922
243.75915527,-56.46201324
243.94989014,-56.01618958
244.14062500,-59.78233719
244.33135986,-64.23019409
244.52209473,-64.60156250
244.71282959,-55.90526581
244.90356445,-55.54568481
245.09429932,-57.54108810
245.28503418,-54.78824234
245.47576904,-51.39369965
245.66650391,-49.19615936
245.85723877,-49.09571075
246.04797363,-50.44588470
246.23870850,-54.62091827
246.42944336,-63.97609329
246.62017822,-58.49291229
246.81091309,-65.13385773
247.00164795,-58.68945312
247.19238281,-58.87876892
247.38311768,-53.41611862
247.57385254,-51.41010666
247.76458740,-52.75596619
247.95532227,-54.93574142
248.14605713,-61.17687225
248.33679199,-65.46824646
248.52752686,-55.90381241
248.71826172,-60.09088135
248.90899658,-68.36473083
249.09973145,-79.82733917
249.29046631,-60.86420059
249.48120117,-56.77053452
249.67193604,-56.14513397
249.86267090,-59.54065704
250.05340576,-56.70676804
250.24414062,-53.66464996
250.43487549,-54.15124512
250.62561035,-54.60126877
250.81634521,-57.91838074
251.00708008,-66.93423462
251.19781494,-58.32562256
251.38854980,-52.30267334
251.57928467,-54.72982025
251.77001953,-62.82041168
251.96075439,-68.52197266
252.15148926,-61.27889633
252.34222412,-55.04441071
252.53295898,-52.01162338
252.72369385,-50.69269562
252.91442871,-48.84416199
253.10516357,-48.65195847
253.29589844,-53.43137741
253.48663330,-74.68725586
253.67736816,-60.40597534
253.86810303,-64.18968964
254.05883789,-61.15845108
254.24957275,-61.22265244
254.44030762,-57.88241577
254.63104248,-52.73442841
254.82177734,-53.40748596
255.01251221,-53.66756058
255.20324707,-54.29126358
255.39398193,-52.78089523
255.58471680,-52.85026932
255.77545166,-57.13183975
255.96618652,-69.31220245
256.15692139,-59.83441162
256.34765625,-56.91246414
256.53839111,-54.75831604
256.72912598,-53.81102753
256.91986084,-54.31436157
257.11059570,-58.16307449
257.30133057,-66.62085724
257.49206543,-63.57048798
257.68280029,-55.25867844
257.87353516,-57.14842224
258.06427002,-58.29597092
258.25500488,-63.84537125
258.44573975,-55.52289963
258.63647461,-55.78456497
258.82720947,-56.82349396
259.01794434,-54.39464188
259.20867920,-52.83435822
259.39941406,-51.42007446
259.59014893,-51.98593521
259.78088379,-57.74961853
259.97161865,-59.57762909
260.16235352,-51.16145706
260.35308838,-52.01800919
260.54382324,-54.24734497
260.73455811,-59.98196030
260.92529297,-60.82548523
261.11602783,-56.93848038
261.30676270,-57.01038361
261.49749756,-53.47916031
261.68823242,-53.47332764
261.87896729,-54.30454254
262.06970215,-59.25039673
262.26043701,-59.15809250
262.45117188,-54.97281647
262.64190674,-66.88694763
262.83264160,-54.13471222
263.02337646,-50.09000778
263.21411133,-50.78187561
263.40484619,-52.43271637
263.59558105,-60.02724075
263.78631592,-57.27530670
263.97705078,-55.27570343
264.16778564,-59.71128082
264.35852051,-58.76311874
264.54925537,-54.49107742
264.73999023,-54.10232544
264.93072510,-58.94327164
265.12145996,-66.07956696
265.31219482,-55.41923141
265.50292969,-57.68999481
265.69366455,-57.20838928
265.88439941,-55.26736832
266.07513428,-66.73706818
266.26586914,-64.61159515
266.45660400,-56.13040161
266.64733887,-53.78572083
266.83807373,-53.65215683
267.02880859,-58.65026474
267.21954346,-62.60413361
267.41027832,-57.55174255
267.60101318,-56.68632507
267.79174805,-61.09774780
267.98248291,-54.82294464
268.17321777,-51.14252090
268.36395264,-53.72406006
268.55468750,-60.25725555
268.74542236,-79.16081238
268.93615723,-54.33758545
269.12689209,-53.23883057
269.31762695,-62.26557922
269.50836182,-59.86091614
269.69909668,-62.54347229
269.88983154,-63.02513504
270.08056641,-57.56409073
270.27130127,-55.96562958
270.46203613,-55.01459503
270.65277100,-55.33956909
270.84350586,-55.50050735
271.03424072,-56.33619308
271.22497559,-58.41590881
271.41571045,-58.00007629
271.60644531,-59.24842834
271.79718018,-59.29018021
271.98791504,-59.75262070
272.17864990,-57.56898880
272.36938477,-52.60683441
272.56011963,-54.36786270
272.75085449,-56.61514664
272.94158936,-61.20555878
273.13232422,-69.47962952
273.32305908,-55.50883865
273.51379395,-53.03238678
273.70452881,-55.37471771
273.89526367,-73.52284241
274.08599854,-55.72112274
274.27673340,-52.67752075
274.46746826,-55.02988815
274.65820312,-66.92266083
274.84893799,-63.97042084
275.03967285,-56.60244370
275.23040771,-55.24543381
275.42114258,-58.69009018
275.61187744,-68.11208344
275.80261230,-69.27957153
275.99334717,-61.07398224
276.18408203,-57.55413818
276.37481689,-63.03102112
276.56555176,-71.49642944
276.75628662,-62.86724472
276.94702148,-53.88275146
277.13775635,-51.49639511
277.32849121,-52.37429047
277.51922607,-56.76975250
277.70996094,-75.39714813
277.90069580,-63.47489929
278.09143066,-62.19053650
278.28216553,-68.36968231
278.47290039,-55.58812714
278.66363525,-51.91628265
278.85437012,-54.31624603
279.04510498,-60.39709091
279.23583984,-60.56148911
279.42657471,-56.68323898
279.61730957,-53.79968643
279.80804443,-53.74542618
279.99877930,-57.94886017
280.18951416,-59.98484039
280.38024902,-69.22572327
280.57098389,-54.11596298
280.76171875,-51.33204651
280.95245361,-58.13922882
281.14318848,-59.31785202
281.33392334,-56.90838242
281.52465820,-60.72698593
281.71539307,-59.00725555
281.90612793,-57.53742599
282.09686279,-62.80829620
282.28759766,-57.97127533
282.47833252,-57.19213104
282.66906738,-63.75154495
282.85980225,-76.87001038
283.05053711,-62.16019440
283.24127197,-55.90977097
283.43200684,-58.15047455
283.62274170,-51.50896454
283.81347656,-52.24795914
284.00421143,-58.20966721
284.19494629,-54.56413269
284.38568115,-55.26385498
284.57641602,-54.60336685
284.76715088,-60.06658173
284.95788574,-75.50751495
285.14862061,-60.82199097
285.33935547,-61.71400452
285.53009033,-66.70363617
285.72082520,-59.60567474
285.91156006,-55.74630737
286.10229492,-53.96076584
286.29302979,-57.96161652
286.48376465,-60.21369553
286.67449951,-56.92047882
286.86523438,-53.94015503
287.05596924,-52.94710541
287.24670410,-53.77097321
287.43743896,-54.44284439
287.62817383,-56.26316071
287.81890869,-57.80815506
288.00964355,-63.63814545
288.20037842,-54.43386459
288.39111328,-51.88209152
288.58184814,-55.83274078
288.77258301,-74.46332550
288.96331787,-58.05396271
289.15405273,-52.19971466
289.34478760,-51.74069977
289.53552246,-59.47806549
289.72625732,-60.35377502
289.91699219,-62.68209839
290.10772705,-71.98083496
290.29846191,-65.96121979
290.48919678,-73.94575500
290.67993164,-79.95731354
290.87066650,-58.38435364
291.06140137,-56.01127243
291.25213623,-55.75306702
291.44287109,-50.90439606
291.63360596,-51.41949463
291.82434082,-56.62805176
292.01507568,-61.79954147
292.20581055,-65.42205811
292.39654541,-61.55776978
292.58728027,-60.84716415
292.77801514,-69.12422180
292.96875000,-64.18731689
293.15948486,-57.74014282
293.35021973,-53.97412109
293.54095459,-54.99367142
293.73168945,-52.89131927
293.92242432,-49.54590607
294.11315918,-50.16710281
294.30389404,-48.02030945
294.49462891,-46.41437149
294.68536377,-48.73539352
294.87609863,-54.23475266
295.06683350,-55.47332764
295.25756836,-56.04145050
295.44830322,-58.14125443
295.63903809,-62.27471924
295.82977295,-60.31889343
296.02050781,-53.84145355
296.21124268,-54.34387589
296.40197754,-59.52445602
296.59271240,-61.28665924
296.78344727,-56.65006638
296.97418213,-55.46757507
297.16491699,-54.68056107
297.35565186,-52.46194458
297.54638672,-50.34423447
297.73712158,-52.36615753
297.92785645,-55.92171478
298.11859131,-53.89182281
298.30932617,-51.98757553
298.50006104,-54.36350250
298.69079590,-51.43404007
298.88153076,-49.04877472
299.07226562,-52.57230759
299.26300049,-61.33203888
299.45373535,-54.08322144
299.64447021,-53.07048416
299.83520508,-55.21095276
300.02593994,-61.80528641
300.21667480,-59.04360199
300.40740967,-54.79572678
300.59814453,-56.97592926
300.78887939,-74.82926178
300.97961426,-60.26994705
301.17034912,-60.00832367
301.36108398,-58.26113892
301.55181885,-54.28697968
301.74255371,-55.23846436
301.93328857,-59.71740341
302.12402344,-61.03944397
302.31475830,-61.04446793
302.50549316,-65.26187134
302.69622803,-56.03469086
302.88696289,-53.60105133
303.07769775,-56.30414581
303.26843262,-62.95109558
303.45916748,-61.01537323
303.64990234,-52.17429352
303.84063721,-49.63488007
304.03137207,-50.97888565
304.22210693,-60.88834763
304.41284180,-64.20613861
304.60357666,-68.14615631
304.79431152,-65.02935791
304.98504639,-60.72029877
305.17578125,-53.97213745
305.36651611,-54.38267517
305.55725098,-54.75326157
305.74798584,-55.16632080
305.93872070,-58.53151703
306.12945557,-69.42424011
306.32019043,-52.21932983
306.51092529,-49.81595612
306.70166016,-53.05442429
306.89239502,-57.05146027
307.08312988,-59.70481491
307.27386475,-59.17679596
307.46459961,-57.69409561
307.65533447,-61.39868927
307.84606934,-66.58398438
308.03680420,-77.91670227
308.22753906,-59.51637650
308.41827393,-62.88841629
308.60900879,-53.62096405
308.79974365,-49.81401062
308.99047852,-52.68508530
309.18121338,-51.97728729
309.37194824,-50.32638168
309.56268311,-51.51557541
309.75341797,-53.67858505
309.94415283,-57.17659760
310.13488770,-61.64807129
310.32562256,-57.23029327
310.51635742,-54.02114487
310.70709229,-57.99002075
310.89782715,-58.56229782
311.08856201,-58.68785858
311.27929688,-60.81280136
311.47003174,-68.73239136
311.66076660,-64.93832397
311.85150146,-64.62433624
312.04223633,-63.46689224
312.23297119,-68.43547821
312.42370605,-69.05058289
312.61444092,-64.59549713
312.80517578,-63.47229767
312.99591064,-62.45049286
313.18664551,-59.41043091
313.37738037,-58.91151047
313.56811523,-58.96714783
313.75885010,-60.76774597
313.94958496,-57.58056641
314.14031982,-54.37768555
314.33105469,-52.01090240
314.52178955,-57.00973511
314.71252441,-69.98027039
314.90325928,-61.59149551
315.09399414,-59.89231110
315.28472900,-53.13392639
315.47546387,-52.85969162
315.66619873,-54.45026779
315.85693359,-54.54771042
316.04766846,-56.29066849
316.23840332,-66.24974823
316.42913818,-57.44569778
316.61987305,-56.17378998
316.81060791,-61.50288391
317.00134277,-52.83605194
317.19207764,-54.36315918
317.38281250,-63.34779358
317.57354736,-56.38726044
317.76428223,-61.90268707
317.95501709,-62.83913422
318.14575195,-65.08625793
318.33648682,-57.91265869
318.52722168,-59.67744827
318.71795654,-63.66077423
318.90869141,-59.43515015
319.09942627,-52.80345917
319.29016113,-54.61032486
319.48089600,-57.86058807
319.67163086,-62.05714417
319.86236572,-66.81337738
320.05310059,-63.98882294
320.24383545,-54.00140381
320.43457031,-48.94498825
320.62530518,-51.52597427
320.81604004,-68.40257263
321.00677490,-53.41704941
321.19750977,-53.11094666
321.38824463,-52.64247894
321.57897949,-53.44208145
321.76971436,-56.20806885
321.96044922,-58.24996567
322.15118408,-64.69474030
322.34191895,-63.94839478
322.53265381,-55.94254303
322.72338867,-57.94573212
322.91412354,-61.31695175
323.10485840,-67.72681427
323.29559326,-56.15905762
323.48632812,-56.80580902
323.67706299,-64.69331360
323.86779785,-57.05486298
324.05853271,-54.49804306
324.24926758,-54.03163147
324.44000244,-54.18265915
324.63073730,-58.97606659
324.82147217,-54.11397552
325.01220703,-53.58627701
325.20294189,-63.49787140
325.39367676,-57.29859161
325.58441162,-54.66762543
325.77514648,-56.71703720
325.96588135,-66.24929810
326.15661621,-62.49011993
326.34735107,-54.46477890
326.53808594,-51.10925293
326.72882080,-52.80833817
326.91955566,-54.81897354
327.11029053,-51.81098938
327.30102539,-53.12552643
327.49176025,-58.23952103
327.68249512,-58.09965515
327.87322998,-56.64104462
328.06396484,-57.93503189
328.25469971,-55.46688843
328.44543457,-53.87685776
328.63616943,-56.17122269
328.82690430,-65.83152008
329.01763916,-62.68781281
329.20837402,-65.89656830
329.39910889,-60.48322678
329.58984375,-56.62451172
329.78057861,-58.88013840
329.97131348,-56.68038177
330.16204834,-59.47220230
330.35278320,-64.49598694
330.54351807,-57.50580215
330.73425293,-57.26227188
330.92498779,-62.11952591
331.11572266,-65.82384491
331.30645752,-66.87005615
331.49719238,-60.91249084
331.68792725,-55.37765884
331.87866211,-53.38241196
332.06939697,-51.93618011
332.26013184,-54.50618362
332.45086670,-54.70987320
332.64160156,-54.77896118
332.83233643,-62.44589233
333.02307129,-56.50870895
333.21380615,-54.13204193
333.40454102,-58.01162338
333.59527588,-59.02988815
333.78601074,-53.95717621
333.97674561,-55.30639267
334.16748047,-58.69305420
334.35821533,-61.50170135
334.54895020,-59.09733582
334.73968506,-58.33299255
334.93041992,-57.53636932
335.12115479,-61.92211914
335.31188965,-58.06411743
335.50262451,-56.33364868
335.69335938,-79.38668823
335.88409424,-54.73795319
336.07482910,-52.40304565
336.26556396,-53.60496521
336.45629883,-56.13899612
336.64703369,-56.92123413
336.83776855,-58.22710037
337.02850342,-55.63456726
337.21923828,-54.33829880
337.40997314,-56.59207916
337.60070801,-55.55735016
337.79144287,-54.65056610
337.98217773,-57.10476303
338.17291260,-58.03891754
338.36364746,-56.49684143
338.55438232,-54.04087448
338.74511719,-57.16491699
338.93585205,-59.16970825
339.12658691,-54.21559906
339.31732178,-55.11003876
339.50805664,-57.96516037
339.69879150,-57.61592865
339.88952637,-63.00551605
340.08026123,-54.63494110
340.27099609,-52.33639526
340.46173096,-54.18156052
340.65246582,-64.01137543
340.84320068,-56.43898010
341.03393555,-53.47378159
341.22467041,-67.18288422
341.41540527,-60.85159683
341.60614014,-56.05915070
341.79687500,-56.41482925
341.98760986,-57.35071182
342.17834473,-52.67599487
342.36907959,-48.11350250
342.55981445,-48.63608932
342.75054932,-54.47656631
342.94128418,-57.59663391
343.13201904,-55.52513504
343.32275391,-54.82658386
343.51348877,-55.67085648
343.70422363,-54.05012131
343.89495850,-53.87214661
344.08569336,-54.76448822
344.27642822,-58.93708801
344.46716309,-64.84972382
344.65789795,-57.48303223
344.84863281,-63.36399841
345.03936768,-52.08425140
345.23010254,-50.30370712
345.42083740,-51.35005188
345.61157227,-53.23949432
345.80230713,-56.49424744
345.99304199,-55.01338959
346.18377686,-53.93028641
346.37451172,-58.98795700
346.56524658,-69.15014648
346.75598145,-64.76895142
346.94671631,-61.49127579
347.13745117,-60.29398346
347.32818604,-59.77278900
347.51892090,-58.02006531
347.70965576,-56.52849579
347.90039062,-55.76773071
348.09112549,-53.87048340
348.28186035,-55.38589478
348.47259521,-57.25257111
348.66333008,-61.13214874
348.85406494,-59.64316559
349.04479980,-61.13415527
349.23553467,-66.24853516
349.42626953,-56.83547211
349.61700439,-52.08444214
349.80773926,-53.09423065
349.99847412,-54.83687973
350.18920898,-52.92568207
350.37994385,-56.37752533
350.57067871,-64.37848663
350.76141357,-66.65112305
350.95214844,-70.71931458
351.14288330,-58.71408463
351.33361816,-56.33694077
351.52435303,-59.51676178
351.71508789,-68.74806976
351.90582275,-69.61388397
352.09655762,-58.86699677
352.28729248,-54.16281891
352.47802734,-55.49588013
352.66876221,-72.84816742
352.85949707,-54.56336212
353.05023193,-53.03470230
353.24096680,-57.11351776
353.43170166,-66.78961182
353.62243652,-60.37370682
353.81317139,-57.61624908
354.00390625,-60.96135712
354.19464111,-59.57561493
354.38537598,-52.40446091
354.57611084,-48.94818115
354.76684570,-49.09427261
354.95758057,-53.40038681
355.14831543,-59.46306610
355.33905029,-53.28844070
355.52978516,-48.70222473
355.72052002,-48.42015076
355.91125488,-50.90177155
356.10198975,-54.63672638
356.29272461,-70.15651703
356.48345947,-56.99649811
356.67419434,-60.37393570
356.86492920,-58.56132507
357.05566406,-59.65629578
357.24639893,-64.04234314
357.43713379,-55.89959717
357.62786865,-54.78578568
357.81860352,-56.18327332
358.00933838,-53.56453705
358.20007324,-56.14590454
358.39080811,-56.10565948
358.58154297,-58.56097794
358.77227783,-52.22605133
358.96301270,-49.82834625
359.15374756,-56.00684738
359.34448242,-53.94145584
359.53521729,-53.75580215
359.72595215,-57.83107758
359.91668701,-59.95434570
360.10742188,-53.59773254
360.29815674,-53.99455261
360.48889160,-64.40570831
360.67962646,-56.06700897
360.87036133,-52.24420929
361.06109619,-55.08602905
361.25183105,-66.20673370
361.44256592,-56.03269577
361.63330078,-54.20793152
361.82403564,-65.76682281
362.01477051,-65.80603790
362.20550537,-57.54575729
362.39624023,-52.98774719
362.58697510,-53.51550293
362.77770996,-55.33535004
362.96844482,-62.07961273
363.15917969,-57.60605240
363.34991455,-54.25897980
363.54064941,-55.35330200
363.73138428,-57.25609207
363.92211914,-62.85284042
364.11285400,-52.15360641
364.30358887,-50.42416382
364.49432373,-51.72512054
364.68505859,-55.13597488
364.87579346,-75.26159668
365.06652832,-58.94271088
365.25726318,-58.30355835
365.44799805,-59.44776917
365.63873291,-68.63722229
365.82946777,-61.87158203
366.02020264,-62.83576584
366.21093750,-71.05013275
366.40167236,-63.84547424
366.59240723,-57.04536438
366.78314209,-60.13858414
366.97387695,-64.37606049
367.16461182,-59.55020905
367.35534668,-54.19719315
367.54608154,-51.43119812
367.73681641,-51.37038422
367.92755127,-52.48302078
368.11828613,-58.70891953
368.30902100,-53.29707718
368.49975586,-50.73336029
368.69049072,-54.09825897
368.88122559,-60.54130554
369.07196045,-60.13489151
369.26269531,-67.71292877
369.45343018,-66.25067902
369.64416504,-65.61605835
369.83489990,-60.21335983
370.02563477,-57.40066910
370.21636963,-58.97546768
370.40710449,-56.98129272
370.59783936,-62.11525726
370.78857422,-61.89063644
370.97930908,-54.64259338
371.17004395,-52.46371460
371.36077881,-55.71938324
371.55151367,-68.79315948
371.74224854,-55.90248489
371.93298340,-53.11063766
372.12371826,-53.02388000
372.31445312,-70.93645477
372.50518799,-53.36637878
372.69592285,-53.79581451
372.88665771,-64.79076385
373.07739258,-66.29495239
373.26812744,-57.81839752
373.45886230,-54.82091904
373.64959717,-58.74253845
373.84033203,-69.56534576
374.03106689,-63.29262543
374.22180176,-60.46480560
374.41253662,-57.22015381
374.60327148,-52.80235291
374.79400635,-55.14629745
374.98474121,-63.14873123
375.17547607,-52.59561920
375.36621094,-52.35702133
375.55694580,-55.42166138
375.74768066,-71.17918396
375.93841553,-57.77663803
376.12915039,-54.27360916
376.31988525,-54.59800720
376.51062012,-54.16501999
376.70135498,-59.98697281
376.89208984,-64.03997040
377.08282471,-58.94448853
377.27355957,-64.22895813
377.46429443,-63.87451935
377.65502930,-63.00109863
377.84576416,-59.83784103
378.03649902,-60.98947906
378.22723389,-62.13843918
378.41796875,-69.51982880
378.60870361,-69.90757751
378.79943848,-59.70414734
378.99017334,-58.04863739
379.18090820,-60.53929138
379.37164307,-56.03530121
379.56237793,-51.08844757
379.75311279,-54.58947754
379.94384766,-67.22496033
380.13458252,-62.09859848
380.32531738,-57.67615509
380.51605225,-61.22196579
380.70678711,-63.54544830
380.89752197,-54.54973221
381.08825684,-55.73874664
381.27899170,-59.83697891
381.46972656,-54.53416824
381.66046143,-60.84353638
381.85119629,-57.21426392
382.04193115,-52.65716553
382.23266602,-51.86122513
382.42340088,-53.64221954
382.61413574,-67.02471161
382.80487061,-56.56788635
382.99560547,-53.40345383
383.18634033,-55.18118286
383.37707520,-59.23979950
383.56781006,-60.34578323
383.75854492,-56.42168045
383.94927979,-54.85375977
384.14001465,-55.35372162
384.33074951,-55.02247620
384.52148438,-53.51152039
384.71221924,-55.35545349
384.90295410,-64.63049316
385.09368896,-61.12380600
385.28442383,-56.77781677
385.47515869,-54.91946411
385.66589355,-57.21865845
385.85662842,-57.51079178
386.04736328,-54.36897659
386.23809814,-55.75511932
386.42883301,-56.01291275
386.61956787,-58.00925827
386.81030273,-54.68788528
387.00103760,-55.23663330
387.19177246,-51.70428467
387.38250732,-49.72940826
387.57324219,-55.81221008
387.76397705,-66.23041534
387.95471191,-57.95532990
388.14544678,-58.04641724
388.33618164,-54.50185776
388.52691650,-49.86937714
388.71765137,-50.70457077
388.90838623,-59.76902008
389.09912109,-63.99528885
389.28985596,-63.72143555
389.48059082,-55.81406021
389.67132568,-57.07885742
389.86206055,-54.55023956
390.05279541,-51.36827087
390.24353027,-50.40109253
390.43426514,-50.35455322
390.62500000,-51.60501099
390.81573486,-58.71220398
391.00646973,-73.63674164
391.19720459,-69.33133698
391.38793945,-59.12693405
391.57867432,-52.62261200
391.76940918,-53.02573776
391.96014404,-57.38232422
392.15087891,-58.30287170
392.34161377,-64.14923096
392.53234863,-58.26086044
392.72308350,-47.54751587
392.91381836,-45.72891235
393.10455322,-49.42882538
393.29528809,-56.36481476
393.48602295,-65.24239349
393.67675781,-63.57746887
393.86749268,-63.16628265
394.05822754,-64.41629028
394.24896240,-61.18256378
394.43969727,-56.00055313
394.63043213,-54.75985718
394.82116699,-54.47225571
395.01190186,-54.46803284
395.20263672,-61.80677795
395.39337158,-56.99753571
395.58410645,-58.46625519
395.77484131,-62.47952271
395.96557617,-57.28874588
396.15631104,-56.01483917
396.34704590,-68.22444153
396.53778076,-61.23434448
396.72851562,-61.46403503
396.91925049,-64.36717224
397.10998535,-59.83717346
397.30072021,-57.58170700
397.49145508,-63.19992065
397.68218994,-59.60348129
397.87292480,-59.71873474
398.06365967,-72.99742889
398.25439453,-68.66141510
398.44512939,-56.72622681
398.63586426,-61.75857162
398.82659912,-61.64799500
399.01733398,-54.37144852
399.20806885,-52.06611633
399.39880371,-51.91737366
399.58953857,-51.82203293
399.78027344,-51.96037292
399.97100830,-54.98570251
400.16174316,-57.06056595
400.35247803,-54.28799438
400.54321289,-56.84191132
400.73394775,-62.18997574
400.92468262,-54.46849823
401.11541748,-50.98896790
401.30615234,-53.92078400
401.49688721,-54.70566177
401.68762207,-55.68165207
401.87835693,-60.78605270
402.06909180,-56.93330383
402.25982666,-58.08434296
402.45056152,-56.33523560
402.64129639,-51.84712982
402.83203125,-49.02570724
403.02276611,-51.68419266
403.21350098,-58.26128387
403.40423584,-58.78905487
403.59497070,-61.97418213
403.78570557,-59.92126465
403.97644043,-64.32790375
404.16717529,-60.16390991
404.35791016,-58.15559006
404.54864502,-58.01570129
404.73937988,-63.11168671
404.93011475,-58.94767761
405.12084961,-60.36319351
405.31158447,-54.04436493
405.50231934,-54.88759995
405.69305420,-53.70378876
405.88378906,-48.60334396
406.07452393,-47.94302368
406.26525879,-50.69472885
406.45599365,-57.12897873
406.64672852,-76.27140808
406.83746338,-63.79799652
407.02819824,-57.49248505
407.21893311,-55.94945908
407.40966797,-60.12311554
407.60040283,-52.66497040
407.79113770,-58.16212463
407.98187256,-63.29500580
408.17260742,-68.26238251
408.36334229,-60.89032745
408.55407715,-60.06319427
408.74481201,-60.15514755
408.93554688,-52.65825653
409.12628174,-53.60925293
409.31701660,-58.46267700
409.50775146,-74.18363953
409.69848633,-55.74142838
409.88922119,-52.17907715
410.07995605,-53.85403442
410.27069092,-56.16803741
410.46142578,-61.36133194
410.65216064,-75.77319336
410.84289551,-67.86582184
411.03363037,-59.06293488
411.22436523,-55.46239853
411.41510010,-54.28348923
411.60583496,-61.15446091
411.79656982,-59.19463730
411.98730469,-72.69631958
412.17803955,-54.05796432
412.36877441,-52.34442902
412.55950928,-57.94304276
412.75024414,-56.11048889
412.94097900,-54.63033295
413.13171387,-56.71878052
413.32244873,-54.95909882
413.51318359,-54.06901550
413.70391846,-60.25537872
413.89465332,-59.67159653
414.08538818,-51.44975281
414.27612305,-48.18115616
414.46685791,-48.73183823
414.65759277,-54.39853287
414.84832764,-63.37233734
415.03906250,-60.24006653
415.22979736,-58.06779861
415.42053223,-68.68000031
415.61126709,-60.51305389
415.80200195,-69.12173462
415.99273682,-66.14001465
416.18347168,-57.83140182
416.37420654,-52.40795898
416.56494141,-54.67421722
416.75567627,-63.66360092
416.94641113,-57.13341141
417.13714600,-55.01712799
417.32788086,-54.17663574
417.51861572,-53.07132721
417.70935059,-53.25336075
417.90008545,-51.17086029
418.09082031,-50.80210114
418.28155518,-55.51965332
418.47229004,-67.74441528
418.66302490,-62.72756195
418.85375977,-57.54734802
419.04449463,-55.89076614
419.23522949,-59.84110260
419.42596436,-59.93127823
419.61669922,-58.13199997
419.80743408,-59.68800354
419.99816895,-65.39117432
420.18890381,-64.63605499
420.37963867,-59.85101700
420.57037354,-60.23915100
420.76110840,-64.41149902
420.95184326,-71.23213196
421.14257812,-63.83090973
421.33331299,-64.04301453
421.52404785,-70.56359863
421.71478271,-59.18472290
421.90551758,-55.98304367
422.09625244,-57.43312454
422.28698730,-56.45404053
422.47772217,-59.28018188
422.66845703,-60.17340851
422.85919189,-61.76957703
423.04992676,-54.89294434
423.24066162,-49.32654572
423.43139648,-48.87950516
423.62213135,-49.00270462
423.81286621,-50.53900146
424.00360107,-55.71410751
424.19433594,-59.69734955
424.38507080,-56.54256439
424.57580566,-56.80436707
424.76654053,-59.73522568
424.95727539,-57.33712006
425.14801025,-58.64253998
425.33874512,-62.03388596
425.52947998,-70.64473724
425.72021484,-69.28025818
425.91094971,-59.52680588
426.10168457,-55.49905777
426.29241943,-59.32708740
426.48315430,-68.18917084
426.67388916,-57.10945511
426.86462402,-53.31459808
427.05535889,-50.89047241
427.24609375,-56.49440384
427.43682861,-59.45896912
427.62756348,-57.07603073
427.81829834,-55.99318695
428.00903320,-52.49098969
428.19976807,-50.95623779
428.39050293,-53.36419678
428.58123779,-59.73319244
428.77197266,-60.93971634
428.96270752,-54.42621231
429.15344238,-53.28443146
429.34417725,-62.63643646
429.53491211,-60.13358688
429.72564697,-67.02054596
429.91638184,-64.38172913
430.10711670,-62.47336578
430.29785156,-58.77902985
430.48858643,-71.59663391
430.67932129,-56.25180054
430.87005615,-56.47179413
431.06079102,-59.92218018
431.25152588,-60.84672546
431.44226074,-61.08494186
431.63299561,-58.54008102
431.82373047,-50.53420639
432.01446533,-52.76688004
432.20520020,-59.75233459
432.39593506,-62.04273224
432.58666992,-54.23704147
432.77740479,-49.01770020
432.96813965,-49.23538208
433.15887451,-51.92411423
433.34960938,-53.86093903
433.54034424,-59.14574432
433.73107910,-57.71614075
433.92181396,-49.42045593
434.11254883,-49.35432434
434.30328369,-56.90555954
434.49401855,-73.83079529
434.68475342,-67.64654541
434.87548828,-56.83815384
435.06622314,-55.61911011
435.25695801,-59.90789795
435.44769287,-56.36947632
435.63842773,-50.92969513
435.82916260,-51.93727875
436.01989746,-53.94781113
436.21063232,-54.08216095
436.40136719,-54.07155609
436.59210205,-61.55950165
436.78283691,-58.98904419
436.97357178,-53.62760544
437.16430664,-57.09590149
437.35504150,-58.15049744
437.54577637,-57.96022415
437.73651123,-63.43655014
437.92724609,-65.31815338
438.11798096,-57.07923889
438.30871582,-52.31256866
438.49945068,-52.00262451
438.69018555,-56.30704498
438.88092041,-66.49908447
439.07165527,-54.34547424
439.26239014,-52.42797089
439.45312500,-55.04619217
439.64385986,-62.06230927
439.83459473,-59.60639572
440.02532959,-55.27666092
440.21606445,-58.51099014
440.40679932,-70.72042084
440.59753418,-68.26640320
440.78826904,-66.11837769
440.97900391,-62.96270752
441.16973877,-62.16416168
441.36047363,-58.07041550
441.55120850,-61.93709946
441.74194336,-68.08592224
441.93267822,-58.91939163
442.12341309,-55.77134705
442.31414795,-58.22135162
442.50488281,-62.34444427
442.69561768,-56.40492249
442.88635254,-55.61628342
443.07708740,-59.98094559
443.26782227,-54.25306320
443.45855713,-54.48690796
443.64929199,-56.37271500
443.84002686,-55.35517120
444.03076172,-59.19496155
444.22149658,-70.79051208
444.41223145,-63.01254272
444.60296631,-54.89205933
444.79370117,-51.22209167
444.98443604,-53.80365372
445.17517090,-70.80590820
445.36590576,-58.40876770
445.55664062,-54.11621094
445.74737549,-55.24152374
445.93811035,-58.46104431
446.12884521,-65.01074982
446.31958008,-71.29928589
446.51031494,-58.14478302
446.70104980,-53.77095032
446.89178467,-55.25309753
447.08251953,-59.90558624
447.27325439,-70.14267731
447.46398926,-62.01692581
447.65472412,-59.31090546
447.84545898,-66.76400757
448.03619385,-61.08469009
448.22692871,-57.77313232
448.41766357,-55.72888184
448.60839844,-56.28337479
448.79913330,-59.89928436
448.98986816,-75.66006470
449.18060303,-55.76911545
449.37133789,-51.24491119
449.56207275,-53.19973755
449.75280762,-61.67652130
449.94354248,-58.29804230
450.13427734,-56.49899292
450.32501221,-64.97883606
450.51574707,-67.14023590
450.70648193,-62.45780563
450.89721680,-65.20300293
451.08795166,-56.98812103
451.27868652,-56.66093445
451.46942139,-61.22624969
451.66015625,-61.68098450
451.85089111,-55.30605698
452.04162598,-57.42372894
452.23236084,-62.47967529
452.42309570,-66.56360626
452.61383057,-73.45414734
452.80456543,-66.03238678
452.99530029,-60.81736755
453.18603516,-60.33589935
453.37677002,-64.07431793
453.56750488,-50.88974380
453.75823975,-51.19069672
453.94897461,-71.96915436
454.13970947,-55.17353439
454.33044434,-51.51177979
454.52117920,-51.09281921
454.71191406,-55.69976425
454.90264893,-59.67322922
455.09338379,-57.92919159
455.28411865,-53.56098557
455.47485352,-48.55512619
455.66558838,-50.19208527
455.85632324,-56.58333206
456.04705811,-65.85602570
456.23779297,-53.91739273
456.42852783,-48.62876129
456.61926270,-49.80546570
456.80999756,-57.65058517
457.00073242,-58.46031189
457.19146729,-55.43487549
457.38220215,-60.73509216
457.57293701,-67.67428589
457.76367188,-59.92067719
457.95440674,-55.08367538
458.14514160,-58.14812088
458.33587646,-72.27983093
458.52661133,-59.82568741
458.71734619,-57.06279755
458.90808105,-58.44925308
459.09881592,-52.95298004
459.28955078,-50.09350586
459.48028564,-53.33577728
459.67102051,-59.15756989
459.86175537,-65.70020294
460.05249023,-66.23756409
460.24322510,-59.20856094
460.43395996,-61.41553497
460.62469482,-55.42776489
460.81542969,-52.60205841
461.00616455,-58.16241837
461.19689941,-67.72050476
461.38763428,-76.63559723
461.57836914,-60.29825592
461.76910400,-58.55570221
461.95983887,-54.04433823
462.15057373,-49.97230148
462.34130859,-54.19662094
462.53204346,-54.02655792
462.72277832,-51.17614746
462.91351318,-55.67096710
463.10424805,-54.28675079
463.29498291,-52.45335007
463.48571777,-58.83908081
463.67645264,-55.18757248
463.86718750,-51.77708054
464.05792236,-52.02092743
464.24865723,-52.89569092
464.43939209,-55.89733124
464.63012695,-63.83731842
464.82086182,-61.91105270
465.01159668,-63.88814545
465.20233154,-61.73593521
465.39306641,-55.03800201
465.58380127,-53.26224518
465.77453613,-52.02753448
465.96527100,-59.90709305
466.15600586,-63.46981430
466.34674072,-57.39320755
466.53747559,-51.21902466
466.72821045,-51.93344879
466.91894531,-59.43754196
467.10968018,-67.79499817
467.30041504,-62.61991882
467.49114990,-63.80139160
467.68188477,-59.73029709
467.87261963,-55.94086075
468.06335449,-60.32445908
468.25408936,-71.02693176
468.44482422,-65.16675568
468.63555908,-63.85890198
468.82629395,-53.73294449
469.01702881,-52.40795898
469.20776367,-53.56670380
469.39849854,-57.41202927
469.58923340,-57.49981689
469.77996826,-53.57207489
469.97070312,-51.63538361
470.16143799,-51.56273651
470.35217285,-55.65311432
470.54290771,-75.89131165
470.73364258,-58.36161804
470.92437744,-54.44477463
471.11511230,-55.47348404
471.30584717,-64.03127289
471.49658203,-55.71683884
471.68731689,-54.87823105
471.87805176,-57.52205658
472.06878662,-71.24299622
472.25952148,-53.66852188
472.45025635,-50.09959412
472.64099121,-49.99916458
472.83172607,-50.89405441
473.02246094,-52.42638397
473.21319580,-56.13855362
473.40393066,-68.80492401
473.59466553,-58.15607071
473.78540039,-54.30523300
473.97613525,-56.55626297
474.16687012,-60.00122833
474.35760498,-64.10357666
474.54833984,-59.41024780
474.73907471,-65.43307495
474.92980957,-50.44921494
475.12054443,-47.02085114
475.31127930,-49.79724121
475.50201416,-71.80298615
475.69274902,-52.18909454
475.88348389,-47.13121033
476.07421875,-46.52916336
476.26495361,-50.01375580
476.45568848,-56.73116684
476.64642334,-57.21533203
476.83715820,-60.48319244
477.02789307,-56.77036667
477.21862793,-55.12381744
477.40936279,-56.62038803
477.60009766,-60.58743286
477.79083252,-60.23177338
477.98156738,-63.73316193
478.17230225,-59.14827728
478.36303711,-57.35963440
478.55377197,-69.28266907
478.74450684,-68.48361206
478.93524170,-70.46009827
479.12597656,-76.50842285
479.31671143,-61.24069214
479.50744629,-53.79674911
479.69818115,-54.95887756
479.88891602,-56.55036163
480.07965088,-68.99680328
480.27038574,-52.71933746
480.46112061,-51.16278076
480.65185547,-53.38098145
480.84259033,-57.92745972
481.03332520,-53.55448914
481.22406006,-59.81913757
481.41479492,-82.29286194
481.60552979,-61.31732559
481.79626465,-67.60630798
481.98699951,-57.27275467
482.17773438,-55.92821503
482.36846924,-58.04549789
482.55920410,-58.45227814
482.74993896,-60.51239014
482.94067383,-54.39685059
483.13140869,-52.34664154
483.32214355,-53.77182007
483.51287842,-60.89313889
483.70361328,-59.75784683
483.89434814,-57.73097992
484.08508301,-58.66306305
484.27581787,-70.15583801
484.46655273,-63.47646332
484.65728760,-69.63599396
484.84802246,-62.23745346
485.03875732,-60.87417221
485.22949219,-62.70172119
485.42022705,-60.80695343
485.61096191,-63.95346069
485.80169678,-59.68761444
485.99243164,-60.55046844
486.18316650,-65.12137604
486.37390137,-63.31319427
486.56463623,-68.86279297
486.75537109,-59.67458344
486.94610596,-55.46764755
487.13684082,-56.69802094
487.32757568,-66.18476105
487.51831055,-69.39341736
487.70904541,-72.09563446
487.89978027,-66.49857330
488.09051514,-67.96809387
488.28125000,-58.42071152
488.47198486,-66.45100403
488.66271973,-62.76397705
488.85345459,-53.67834473
489.04418945,-55.93478394
489.23492432,-69.70814514
489.42565918,-55.77611923
489.61639404,-54.04235840
489.80712891,-58.40387726
489.99786377,-59.93465424
490.18859863,-61.44369507
490.37933350,-59.01342392
490.57006836,-55.55999756
490.76080322,-54.67340088
490.95153809,-55.21148682
491.14227295,-52.23418427
491.33300781,-54.28054810
491.52374268,-57.52355576
491.71447754,-53.35186386
491.90521240,-58.95550537
492.09594727,-69.83236694
492.28668213,-69.89823151
492.47741699,-62.35434723
492.66815186,-54.53840637
492.85888672,-54.69142151
493.04962158,-58.98980713
493.24035645,-60.56037140
493.43109131,-58.38198853
493.62182617,-54.49346161
493.81256104,-52.11543274
494.00329590,-51.37303162
494.19403076,-52.87694550
494.38476562,-55.12146378
494.57550049,-55.74775696
494.76623535,-53.70636368
494.95697021,-51.76016235
495.14770508,-55.15781403
495.33843994,-59.59857178
495.52917480,-68.83338165
495.71990967,-58.19800568
495.91064453,-54.09143066
496.10137939,-62.31407928
496.29211426,-63.84518051
496.48284912,-57.53602982
496.67358398,-54.84523392
496.86431885,-57.00364685
497.05505371,-58.87645340
497.24578857,-62.78768921
497.43652344,-69.06220245
497.62725830,-59.58605957
497.81799316,-56.02346420
498.00872803,-54.40353394
498.19946289,-55.00147247
498.39019775,-56.94169617
498.58093262,-56.20595551
498.77166748,-61.31278992
498.96240234,-60.25339508
499.15313721,-52.44018555
499.34387207,-49.42903519
499.53460693,-54.06861877
499.72534180,-54.20148849
499.91607666,-52.94303131
500.10681152,-55.28299713
500.29754639,-57.35830307
500.48828125,-69.45088196
500.67901611,-57.62112045
500.86975098,-56.90728760
501.06048584,-57.02761078
501.25122070,-55.69621658
501.44195557,-62.99694824
501.63269043,-58.01461029
501.82342529,-52.85465240
502.01416016,-54.20913315
502.20489502,-57.52407074
502.39562988,-53.57632446
502.58636475,-51.86390686
502.77709961,-54.10029602
502.96783447,-56.93817139
503.15856934,-55.81313705
503.34930420,-59.88511658
503.54003906,-58.87328339
503.73077393,-54.51137161
503.92150879,-55.39459610
504.11224365,-58.60359573
504.30297852,-55.69370651
504.49371338,-54.39830399
504.68444824,-59.06382751
504.87518311,-78.34892273
505.06591797,-70.00167084
505.25665283,-64.32952881
505.44738770,-57.40059280
505.63812256,-54.62257004
505.82885742,-54.41887665
506.01959229,-53.45302582
506.21032715,-53.40967560
506.40106201,-53.19463348
506.59179688,-56.33999634
506.78253174,-59.86995697
506.97326660,-58.57440186
507.16400146,-63.27476501
507.35473633,-63.04538727
507.54547119,-60.83106613
507.73620605,-60.24406433
507.92694092,-59.67762756
508.11767578,-60.78551483
508.30841064,-59.95428467
508.49914551,-61.14995956
508.68988037,-54.47937775
508.88061523,-51.06309509
509.07135010,-54.29454041
509.26208496,-64.28069305
509.45281982,-60.34656525
509.64355469,-57.65520096
509.83428955,-52.75162125
510.02502441,-49.64530182
510.21575928,-51.00714874
510.40649414,-50.30947113
510.59722900,-52.79441071
510.78796387,-79.47590637
510.97869873,-54.55135345
511.16943359,-54.23485184
511.36016846,-53.80627441
511.55090332,-52.24934006
511.74163818,-55.53279114
511.93237305,-67.49742126
512.12310791,-62.03767776
512.31384277,-63.66079330
512.50457764,-58.43332672
512.69531250,-65.12623596
512.88604736,-58.01284790
513.07678223,-58.71009064
513.26751709,-55.90509415
513.45825195,-53.36802673
513.64898682,-58.09098816
513.83972168,-68.59968567
514.03045654,-57.65665054
514.22119141,-54.60945511
514.41192627,-57.80562592
514.60266113,-62.00736618
514.79339600,-54.52085495
514.98413086,-52.37833405
515.17486572,-50.85948944
515.36560059,-50.21583939
515.55633545,-55.67043304
515.74707031,-62.08139420
515.93780518,-55.31887436
516.12854004,-61.71252441
516.31927490,-53.52823257
516.51000977,-49.71252823
516.70074463,-50.27419281
516.89147949,-54.48847961
517.08221436,-65.32018280
517.27294922,-58.51181793
517.46368408,-53.41057205
517.65441895,-54.73635864
517.84515381,-53.70706940
518.03588867,-52.01824570
518.22662354,-56.87571716
518.41735840,-57.83496857
518.60809326,-56.05361557
518.79882812,-66.36122131
518.98956299,-56.80064774
519.18029785,-56.93752289
519.37103271,-61.14279938
519.56176758,-55.40316010
519.75250244,-54.86289215
519.94323730,-59.23371887
520.13397217,-64.50598907
520.32470703,-64.37985229
520.51544189,-60.93488312
520.70617676,-53.78314590
520.89691162,-51.49229050
521.08764648,-55.82029343
521.27838135,-61.02485657
521.46911621,-56.15270996
521.65985107,-53.61386108
521.85058594,-56.33583450
522.04132080,-62.16894531
522.23205566,-62.29041290
522.42279053,-58.81216049
522.61352539,-56.39057541
522.80426025,-57.14912415
522.99499512,-57.99362946
523.18572998,-63.57604218
523.37646484,-79.64640045
523.56719971,-65.42485809
523.75793457,-64.38475800
523.94866943,-66.70114136
524.13940430,-57.39184570
524.33013916,-58.71249390
524.52087402,-58.03937912
524.71160889,-51.69250488
524.90234375,-49.58872223
525.09307861,-51.36661148
525.28381348,-56.17385101
525.47454834,-56.93148804
525.66528320,-60.19404602
525.85601807,-53.07363129
526.04675293,-49.31829453
526.23748779,-50.89764404
526.42822266,-56.15139389
526.61895752,-58.85780716
526.80969238,-54.73040009
527.00042725,-55.03104401
527.19116211,-70.26522827
527.38189697,-55.99985123
527.57263184,-56.11683655
527.76336670,-68.52160645
527.95410156,-60.72307205
528.14483643,-67.32790375
528.33557129,-71.31935883
528.52630615,-68.71139526
528.71704102,-54.17821884
528.90777588,-51.16917419
529.09851074,-55.64627075
529.28924561,-59.34627533
529.47998047,-54.46165085
529.67071533,-56.48175049
529.86145020,-61.91607666
530.05218506,-60.99298859
530.24291992,-54.30125427
530.43365479,-53.77171326
530.62438965,-56.97486877
530.81512451,-55.88385773
531.00585938,-50.80313873
531.19659424,-49.32569885
531.38732910,-50.63250732
531.57806396,-52.38150024
531.76879883,-50.85428238
531.95953369,-53.25473022
532.15026855,-63.23625946
532.34100342,-57.78319550
532.53173828,-64.99943542
532.72247314,-58.57406998
532.91320801,-55.37089539
533.10394287,-57.37414932
533.29467773,-59.75023651
533.48541260,-50.50926590
533.67614746,-53.58928299
533.86688232,-68.46228027
534.05761719,-62.28635406
534.24835205,-68.19349670
534.43908691,-60.65139389
534.62982178,-58.81290817
534.82055664,-58.02290344
535.01129150,-53.06617737
535.20202637,-55.41666412
535.39276123,-58.30778503
535.58349609,-62.91250229
535.77423096,-61.24086761
535.96496582,-54.61197662
536.15570068,-56.66413879
536.34643555,-56.44752884
536.53717041,-51.85061646
536.72790527,-50.21551132
536.91864014,-53.59440231
537.10937500,-55.82924271
537.30010986,-55.17032623
537.49084473,-56.35616302
537.68157959,-62.52214050
537.87231445,-60.04906464
538.06304932,-62.42231369
538.25378418,-60.21045303
538.44451904,-56.35505676
538.63525391,-52.28519440
538.82598877,-55.39978790
539.01672363,-55.59489441
539.20745850,-57.08792114
539.39819336,-63.71947861
539.58892822,-75.59848785
539.77966309,-58.69644547
539.97039795,-53.78165817
540.16113281,-59.32967758
540.35186768,-58.11334229
540.54260254,-60.50903702
540.73333740,-60.22555923
540.92407227,-55.71596527
541.11480713,-59.38665390
541.30554199,-58.96142578
541.49627686,-62.26699448
541.68701172,-66.29545593
541.87774658,-63.84654617
542.06848145,-61.42848969
542.25921631,-69.17726898
542.44995117,-58.52987671
542.64068604,-61.28511810
542.83142090,-65.54077148
543.02215576,-58.48590088
543.21289062,-61.99457169
543.40362549,-63.73275375
543.59436035,-59.01507568
543.78509521,-61.51557159
543.97583008,-60.75901031
544.16656494,-58.23736191
544.35729980,-58.34351349
544.54803467,-58.63567352
544.73876953,-56.39669037
544.92950439,-57.25703812
545.12023926,-67.67648315
545.31097412,-57.36225891
545.50170898,-56.40471649
545.69244385,-69.61299896
545.88317871,-60.36478043
546.07391357,-60.78956604
546.26464844,-65.54270172
546.45538330,-63.30234146
546.64611816,-58.17535019
546.83685303,-56.58630371
547.02758789,-58.20523071
547.21832275,-62.15460205
547.40905762,-59.93859863
547.59979248,-56.39458466
547.79052734,-52.78765869
547.98126221,-50.34814835
548.17199707,-53.11193085
548.36273193,-61.74098969
548.55346680,-61.34111023
548.74420166,-55.87406921
548.93493652,-53.68284225
549.12567139,-51.65994263
549.31640625,-53.40574265
549.50714111,-57.45351410
549.69787598,-58.81108856
549.88861084,-62.53521729
550.07934570,-58.25162506
550.27008057,-58.87041092
550.46081543,-73.10188293
550.65155029,-55.87567139
550.84228516,-49.83712769
551.03302002,-49.07233810
551.22375488,-50.52309036
551.41448975,-53.02667999
551.60522461,-60.68412018
551.79595947,-66.82871246
551.98669434,-66.58331299
552.17742920,-60.51977539
552.36816406,-60.17242050
552.55889893,-56.65984344
552.74963379,-57.98999405
552.94036865,-69.12644196
553.13110352,-63.68220520
553.32183838,-69.77271271
553.51257324,-55.63974380
553.70330811,-54.59450150
553.89404297,-58.49131775
554.08477783,-63.09349060
554.27551270,-60.59832764
554.46624756,-58.11375427
554.65698242,-54.29292679
554.84771729,-53.37809753
555.03845215,-57.94141388
555.22918701,-59.14843750
555.41992188,-56.41341400
555.61065674,-58.49654770
555.80139160,-64.64325714
555.99212646,-60.71712112
556.18286133,-60.79154205
556.37359619,-54.99114990
556.56433105,-51.47358322
556.75506592,-50.21891022
556.94580078,-54.05995178
557.13653564,-60.66743851
557.32727051,-52.23489380
557.51800537,-50.50353622
557.70874023,-55.89002228
557.89947510,-60.64766312
558.09020996,-58.47566986
558.28094482,-59.64740753
558.47167969,-61.01167297
558.66241455,-50.06948090
558.85314941,-49.29315567
559.04388428,-53.54180908
559.23461914,-62.46775818
559.42535400,-62.38517380
559.61608887,-55.03646469
559.80682373,-56.11710358
559.99755859,-73.24675751
560.18829346,-72.58691406
560.37902832,-59.16986847
560.56976318,-56.69246674
560.76049805,-56.06977081
560.95123291,-56.07690430
561.14196777,-56.45402908
561.33270264,-54.15974045
561.52343750,-52.20521545
561.71417236,-52.59792709
561.90490723,-53.78477097
562.09564209,-63.26366043
562.28637695,-58.04686737
562.47711182,-55.83011246
562.66784668,-58.74075317
562.85858154,-58.65898132
563.04931641,-60.03233337
563.24005127,-61.91027832
563.43078613,-58.78194427
563.62152100,-56.35837936
563.81225586,-53.16232681
564.00299072,-53.23443985
564.19372559,-62.56746674
564.38446045,-61.90402603
564.57519531,-68.99668884
564.76593018,-56.32896042
564.95666504,-53.26774216
565.14739990,-54.00320053
565.33813477,-58.71189499
565.52886963,-67.17263794
565.71960449,-58.49286652
565.91033936,-55.26877594
566.10107422,-60.97320938
566.29180908,-63.80340576
566.48254395,-57.62004089
566.67327881,-57.42746735
566.86401367,-59.33781052
567.05474854,-66.65047455
567.24548340,-59.07073593
567.43621826,-63.79934311
567.62695312,-70.54103088
567.81768799,-67.70140839
568.00842285,-65.59317780
568.19915771,-77.78023529
568.38989258,-61.13806152
568.58062744,-55.15796280
568.77136230,-56.60595703
568.96209717,-71.56629944
569.15283203,-54.00734329
569.34356689,-52.85597992
569.53430176,-57.36374664
569.72503662,-57.80287170
569.91577148,-56.60118484
570.10650635,-60.21403885
570.29724121,-55.13297653
570.48797607,-58.11695099
570.67871094,-60.24242020
570.86944580,-57.38080597
571.06018066,-58.26828766
571.25091553,-56.06571579
571.44165039,-55.11053085
571.63238525,-54.14574051
571.82312012,-57.27038574
572.01385498,-57.62421036
572.20458984,-52.00820923
572.39532471,-49.07025909
572.58605957,-50.10027313
572.77679443,-52.58489609
572.96752930,-54.69099045
573.15826416,-54.77415085
573.34899902,-53.59599304
573.53973389,-57.25708008
573.73046875,-62.71457291
573.92120361,-58.24234772
574.11193848,-53.81814957
574.30267334,-53.69781876
574.49340820,-54.83254242
574.68414307,-53.23200989
574.87487793,-52.74127960
575.06561279,-55.14082336
575.25634766,-59.88972092
575.44708252,-57.91452408
575.63781738,-57.45090866
575.82855225,-58.90901184
576.01928711,-55.87100983
576.21002197,-55.00876999
576.40075684,-59.56164932
576.59149170,-64.57453918
576.78222656,-59.76296997
576.97296143,-58.20984650
577.16369629,-66.15590668
577.35443115,-57.33563232
577.54516602,-55.47298050
577.73590088,-90.86914825
577.92663574,-53.69962311
578.11737061,-50.31644821
578.30810547,-51.54924393
578.49884033,-61.69295502
578.68957520,-58.95236206
578.88031006,-54.01848221
579.07104492,-57.14717102
579.26177979,-57.14111328
579.45251465,-51.24972916
579.64324951,-52.13337326
579.83398438,-62.81662750
580.02471924,-60.25358582
580.21545410,-62.48966217
580.40618896,-58.32901764
580.59692383,-56.41992569
580.78765869,-57.98477936
580.97839355,-61.87737274
581.16912842,-62.89505386
581.35986328,-60.20349121
581.55059814,-55.47214508
581.74133301,-56.30090714
581.93206787,-62.71611023
582.12280273,-68.61817932
582.31353760,-64.21885681
582.50427246,-61.10247803
582.69500732,-59.71528625
582.88574219,-57.76834869
583.07647705,-53.04592514
583.26721191,-51.71792603
583.45794678,-52.78519440
583.64868164,-54.40938568
583.83941650,-56.21742249
584.03015137,-56.93507385
584.22088623,-58.84383774
584.41162109,-55.40101624
584.60235596,-56.53983307
584.79309082,-67.33294678
584.98382568,-70.55929565
585.17456055,-53.21063995
585.36529541,-50.67103577
585.55603027,-56.25335693
585.74676514,-58.86655426
585.93750000,-56.11658096
586.12823486,-52.95858765
586.31896973,-49.46266556
586.50970459,-50.83963394
586.70043945,-57.20033264
586.89117432,-63.75796890
587.08190918,-71.49216461
587.27264404,-69.48078156
587.46337891,-64.50851440
587.65411377,-59.26864243
587.84484863,-53.99450684
588.03558350,-53.91620636
588.22631836,-55.47672653
588.41705322,-55.37947845
588.60778809,-56.60018921
588.79852295,-56.48232269
588.98925781,-57.81017303
589.17999268,-62.96940231
589.37072754,-67.54359436
589.56146240,-66.01358795
589.75219727,-61.50313950
589.94293213,-54.01886749
590.13366699,-51.15368271
590.32440186,-54.70913696
590.51513672,-55.44612885
590.70587158,-54.45706177
590.89660645,-60.69866943
591.08734131,-61.86630249
591.27807617,-53.40359497
591.46881104,-51.40098190
591.65954590,-56.29604340
591.85028076,-76.38316345
592.04101562,-57.25084305
592.23175049,-54.32828522
592.42248535,-53.91661072
592.61322021,-53.66360092
592.80395508,-57.45388031
592.99468994,-59.85258484
593.18542480,-58.30706024
593.37615967,-53.75981903
593.56689453,-49.98938751
593.75762939,-49.39947510
593.94836426,-53.30087662
594.13909912,-65.13896179
594.32983398,-53.67081451
594.52056885,-53.29413605
594.71130371,-53.99359131
594.90203857,-53.52566147
595.09277344,-55.76841736
595.28350830,-55.08771896
595.47424316,-53.16760635
595.66497803,-57.44301224
595.85571289,-63.31951141
596.04644775,-53.95226288
596.23718262,-53.04809570
596.42791748,-60.32224274
596.61865234,-58.80539322
596.80938721,-53.85177994
597.00012207,-53.58618927
597.19085693,-55.39325333
597.38159180,-58.51800919
597.57232666,-57.20368958
597.76306152,-53.25633621
597.95379639,-52.26184464
598.14453125,-55.14751816
598.33526611,-55.95004654
598.52600098,-56.06932831
598.71673584,-61.45835114
598.90747070,-65.86289978
599.09820557,-70.11426544
599.28894043,-59.94655991
599.47967529,-59.52256012
599.67041016,-53.56389999
599.86114502,-54.36874008
600.05187988,-70.51980591
600.24261475,-69.10163879
600.43334961,-62.67185974
600.62408447,-55.81420898
600.81481934,-56.28547668
601.00555420,-57.91197205
601.19628906,-64.21288300
601.38702393,-58.69722748
601.57775879,-54.15523529
601.76849365,-74.93078613
601.95922852,-54.30538940
602.14996338,-54.34440613
602.34069824,-59.83117676
602.53143311,-85.14746094
602.72216797,-68.00103760
602.91290283,-61.52157593
603.10363770,-71.58191681
603.29437256,-59.93664551
603.48510742,-55.01245117
603.67584229,-53.34304047
603.86657715,-55.55511475
604.05731201,-56.45053864
604.24804688,-54.37544250
604.43878174,-55.11515045
604.62951660,-56.96706390
604.82025146,-55.41342926
605.01098633,-57.65876389
605.20172119,-65.47068024
605.39245605,-50.70108414
605.58319092,-48.73943329
605.77392578,-54.07379150
605.96466064,-70.30944824
606.15539551,-57.11629486
606.34613037,-59.25593567
606.53686523,-63.06326294
606.72760010,-55.07356644
606.91833496,-52.23918152
607.10906982,-56.07431030
607.29980469,-70.95976257
607.49053955,-56.28744507
607.68127441,-59.51055145
607.87200928,-55.21759796
608.06274414,-50.31424713
608.25347900,-57.15939331
608.44421387,-70.14404297
608.63494873,-59.19083405
608.82568359,-52.35193634
609.01641846,-54.11232758
609.20715332,-67.35295105
609.39788818,-60.90331650
609.58862305,-67.86294556
609.77935791,-53.49361038
609.97009277,-54.99866867
610.16082764,-55.72141266
610.35156250,-54.51379395
610.54229736,-53.16453552
610.73303223,-54.11334229
610.92376709,-58.93083954
611.11450195,-58.72836304
611.30523682,-63.61051559
611.49597168,-57.95196915
611.68670654,-55.13726044
611.87744141,-58.57999802
612.06817627,-56.28768158
612.25891113,-55.34949875
612.44964600,-57.19166565
612.64038086,-62.10211945
612.83111572,-58.18230057
613.02185059,-55.94585419
613.21258545,-56.13964844
613.40332031,-62.17940903
613.59405518,-60.02606201
613.78479004,-56.93944931
613.97552490,-56.40898895
614.16625977,-59.22291183
614.35699463,-67.01396179
614.54772949,-59.01503754
614.73846436,-55.17797470
614.92919922,-54.80410004
615.11993408,-58.21938324
615.31066895,-53.19326401
615.50140381,-55.81602478
615.69213867,-54.54338837
615.88287354,-56.37352753
616.07360840,-67.38821411
616.26434326,-64.64633179
616.45507812,-57.11869049
616.64581299,-59.50025940
616.83654785,-58.70794678
617.02728271,-61.94733047
617.21801758,-61.96775818
617.40875244,-56.08648300
617.59948730,-63.71707916
617.79022217,-57.77220917
617.98095703,-53.20704651
618.17169189,-54.58410263
618.36242676,-63.12633896
618.55316162,-63.65356827
618.74389648,-57.00578308
618.93463135,-55.68248367
619.12536621,-53.97868729
619.31610107,-55.87446213
619.50683594,-67.97534180
619.69757080,-61.93030548
619.88830566,-54.69614029
620.07904053,-51.43610382
620.26977539,-54.16781998
620.46051025,-53.73440170
620.65124512,-50.10945129
620.84197998,-53.48076248
621.03271484,-54.48615265
621.22344971,-54.41237640
621.41418457,-60.68593597
621.60491943,-61.29491425
621.79565430,-55.42897034
621.98638916,-58.83037949
622.17712402,-63.70267868
622.36785889,-58.92774963
622.55859375,-56.30844116
622.74932861,-58.49840164
622.94006348,-59.46423340
623.13079834,-59.38417435
623.32153320,-57.48131561
623.51226807,-60.83026505
623.70300293,-63.28717804
623.89373779,-71.08901215
624.08447266,-75.18708801
624.27520752,-64.48228455
624.46594238,-57.26184845
624.65667725,-56.01992035
624.84741211,-55.94281006
625.03814697,-57.49040985
625.22888184,-62.31840134
625.41961670,-62.04433060
625.61035156,-59.10829544
625.80108643,-58.42953110
625.99182129,-73.74739075
626.18255615,-63.24380875
626.37329102,-55.11611557
626.56402588,-56.00724030
626.75476074,-59.53526306
626.94549561,-63.34559631
627.13623047,-66.15578461
627.32696533,-63.94107437
627.51770020,-63.17304993
627.70843506,-67.17784119
627.89916992,-56.42183685
628.08990479,-51.96477890
628.28063965,-50.85736847
628.47137451,-51.91592407
628.66210938,-52.67109680
628.85284424,-56.50785828
629.04357910,-55.33569336
629.23431396,-53.58981323
629.42504883,-55.82929993
629.61578369,-62.72476578
629.80651855,-56.52969360
629.99725342,-51.06601334
630.18798828,-55.05043030
630.37872314,-65.49515533
630.56945801,-86.03492737
630.76019287,-63.41222382
630.95092773,-57.93075943
631.14166260,-53.59853745
631.33239746,-53.98379517
631.52313232,-58.24205017
631.71386719,-59.80146790
631.90460205,-52.83821106
632.09533691,-50.51152039
632.28607178,-51.48511505
632.47680664,-58.22563553
632.66754150,-76.51129913
632.85827637,-73.25473022
633.04901123,-66.82077789
633.23974609,-64.01737976
633.43048096,-55.51146698
633.62121582,-55.86871338
633.81195068,-62.22285843
634.00268555,-70.64273071
634.19342041,-65.68419647
634.38415527,-62.69037628
634.57489014,-59.18896484
634.76562500,-62.82601929
634.95635986,-55.33103180
635.14709473,-49.80170441
635.33782959,-53.03836060
635.52856445,-53.50761795
635.71929932,-51.44948959
635.91003418,-52.01039886
636.10076904,-56.47976303
636.29150391,-55.71728516
636.48223877,-58.43956375
636.67297363,-60.80735779
636.86370850,-54.99198151
637.05444336,-64.79379272
637.24517822,-57.51100159
637.43591309,-54.92950821
637.62664795,-53.04579163
637.81738281,-55.97570038
638.00811768,-61.14090347
638.19885254,-63.06364441
638.38958740,-55.75325775
638.58032227,-52.19584656
638.77105713,-52.66904449
638.96179199,-56.82244110
639.15252686,-59.39632797
639.34326172,-59.24514008
639.53399658,-50.43237686
639.72473145,-50.85422134
639.91546631,-59.34581375
640.10620117,-67.47695923
640.29693604,-65.32669067
640.48767090,-62.31971741
640.67840576,-58.18882751
640.86914062,-67.56103516
641.05987549,-65.07883453
641.25061035,-70.07178497
641.44134521,-63.40578079
641.63208008,-60.01265717
641.82281494,-56.71110535
642.01354980,-58.17211533
642.20428467,-58.07366180
642.39501953,-60.25486755
642.58575439,-66.65647888
642.77648926,-66.62046814
642.96722412,-61.35951233
643.15795898,-58.10075378
643.34869385,-59.02463913
643.53942871,-63.16096497
643.73016357,-60.67960358
643.92089844,-58.07604218
644.11163330,-62.60700226
644.30236816,-76.71858978
644.49310303,-67.73194122
644.68383789,-70.25712585
644.87457275,-63.67721176
645.06530762,-61.74390411
645.25604248,-63.01905823
645.44677734,-65.17546082
645.63751221,-69.64118958
645.82824707,-64.66874695
646.01898193,-65.86525726
646.20971680,-65.75488281
646.40045166,-67.40612030
646.59118652,-59.14990234
646.78192139,-59.47396088
646.97265625,-56.29271698
647.16339111,-59.48595428
647.35412598,-60.50071716
647.54486084,-57.29795837
647.73559570,-57.92105865
647.92633057,-62.94107819
648.11706543,-59.20451736
648.30780029,-53.57365417
648.49853516,-54.47640991
648.68927002,-56.65879059
648.88000488,-54.58665466
649.07073975,-55.52517700
649.26147461,-72.00799561
649.45220947,-58.90629196
649.64294434,-68.93292236
649.83367920,-59.82271194
650.02441406,-57.24806213
650.21514893,-55.36837006
650.40588379,-55.56121826
650.59661865,-60.63444519
650.78735352,-57.11523056
650.97808838,-52.81671143
651.16882324,-51.66794205
651.35955811,-53.78168106
651.55029297,-61.30516434
651.74102783,-77.18838501
651.93176270,-67.34383392
652.12249756,-65.10506439
652.31323242,-61.44353485
652.50396729,-61.15763855
652.69470215,-61.72231293
652.88543701,-73.00244141
653.07617188,-57.12036133
653.26690674,-56.26222992
653.45764160,-56.54074860
653.64837646,-57.91492081
653.83911133,-60.01480865
654.02984619,-56.95346832
654.22058105,-57.11551666
654.41131592,-59.28660583
654.60205078,-58.49656677
654.79278564,-62.25897217
654.98352051,-58.74078369
655.17425537,-53.29604340
655.36499023,-53.34575653
655.55572510,-52.22457886
655.74645996,-52.46134186
655.93719482,-52.30445862
656.12792969,-54.26425934
656.31866455,-54.45470810
656.50939941,-60.90979767
656.70013428,-64.30829620
656.89086914,-62.62252045
657.08160400,-58.23123169
657.27233887,-60.33760834
657.46307373,-59.72856140
657.65380859,-66.67348480
657.84454346,-60.90613937
658.03527832,-61.13493347
658.22601318,-72.32936859
658.41674805,-57.47970581
658.60748291,-51.18319702
658.79821777,-51.76305771
658.98895264,-53.78111267
659.17968750,-57.20646667
659.37042236,-72.52396393
659.56115723,-63.21044922
659.75189209,-65.23503113
659.94262695,-62.67023087
660.13336182,-56.24256516
660.32409668,-56.02840805
660.51483154,-55.80436325
660.70556641,-58.26134491
660.89630127,-65.95410156
661.08703613,-55.48387146
661.27777100,-51.71363831
661.46850586,-50.14965057
661.65924072,-48.94200897
661.84997559,-52.12408447
662.04071045,-57.02857208
662.23144531,-56.32347488
662.42218018,-56.48824310
662.61291504,-59.16188812
662.80364990,-65.50354004
662.99438477,-70.57171631
663.18511963,-60.09173965
663.37585449,-50.88261414
663.56658936,-50.23168945
663.75732422,-50.95854950
663.94805908,-50.95282745
664.13879395,-53.17325974
664.32952881,-59.54648590
664.52026367,-57.49188232
664.71099854,-58.93233490
664.90173340,-52.79630280
665.09246826,-54.21539307
665.28320312,-53.09657669
665.47393799,-54.12010193
665.66467285,-60.25329590
665.85540771,-81.68528748
666.04614258,-61.46865845
666.23687744,-65.09158325
666.42761230,-66.22509766
666.61834717,-56.99209213
666.80908203,-55.44303513
666.99981689,-58.38101959
667.19055176,-58.32855606
667.38128662,-59.87187958
667.57202148,-62.06350327
667.76275635,-59.57187271
667.95349121,-55.72200775
668.14422607,-59.33612061
668.33496094,-55.00788116
668.52569580,-57.26541519
668.71643066,-59.81975174
668.90716553,-61.20631409
669.09790039,-63.39176178
669.28863525,-53.89757538
669.47937012,-53.75280762
669.67010498,-58.59149170
669.86083984,-61.06265640
670.05157471,-61.49161911
670.24230957,-77.08242798
670.43304443,-63.21162796
670.62377930,-59.24137115
670.81451416,-56.51105881
671.00524902,-58.18475342
671.19598389,-63.76933670
671.38671875,-66.43061066
671.57745361,-57.35926819
671.76818848,-62.63883209
671.95892334,-62.86111832
672.14965820,-57.33575439
672.34039307,-53.94851685
672.53112793,-54.68492126
672.72186279,-63.19548035
672.91259766,-61.60136414
673.10333252,-74.24339294
673.29406738,-63.07306671
673.48480225,-74.51421356
673.67553711,-70.99798584
673.86627197,-66.44176483
674.05700684,-60.35304260
674.24774170,-58.66791534
674.43847656,-53.10874557
674.62921143,-51.64286804
674.81994629,-56.73793411
675.01068115,-66.34284973
675.20141602,-58.80167007
675.39215088,-64.31311798
675.58288574,-54.13457870
675.77362061,-52.37880325
675.96435547,-57.69960403
676.15509033,-71.49641418
676.34582520,-63.79183960
676.53656006,-63.90828705
676.72729492,-57.95147324
676.91802979,-53.46242523
677.10876465,-54.49870300
677.29949951,-63.93748474
677.49023438,-69.89868927
677.68096924,-67.37318420
677.87170410,-65.13371277
678.06243896,-65.54768372
678.25317383,-65.55499268
678.44390869,-63.75286484
678.63464355,-59.26046371
678.82537842,-53.61246490
679.01611328,-53.59878159
679.20684814,-56.63260651
679.39758301,-56.60503769
679.58831787,-59.07210541
679.77905273,-66.87809753
679.96978760,-53.15342331
680.16052246,-51.29444504
680.35125732,-54.98401642
680.54199219,-62.97679520
680.73272705,-67.73701477
680.92346191,-70.64972687
681.11419678,-58.88008118
681.30493164,-56.43051147
681.49566650,-57.05303955
681.68640137,-51.91971588
681.87713623,-51.03339386
682.06787109,-54.36284637
682.25860596,-65.78907013
682.44934082,-53.89295197
682.64007568,-50.17387390
682.83081055,-49.40838242
683.02154541,-50.91630554
683.21228027,-51.02729797
683.40301514,-56.56797409
683.59375000,-63.00114441
683.78448486,-57.97629929
683.97521973,-71.27474976
684.16595459,-61.08685303
684.35668945,-84.19309998
684.54742432,-58.73313522
684.73815918,-58.39736938
684.92889404,-60.66306686
685.11962891,-54.58797836
685.31036377,-54.66568375
685.50109863,-59.88391113
685.69183350,-64.05078125
685.88256836,-66.48457336
686.07330322,-61.60370255
686.26403809,-58.57328033
686.45477295,-54.14937592
686.64550781,-55.55888367
686.83624268,-62.16482544
687.02697754,-62.23191833
687.21771240,-56.20018005
687.40844727,-53.71708298
687.59918213,-51.41477585
687.78991699,-52.40901566
687.98065186,-56.24437332
688.17138672,-54.44687271
688.36212158,-51.96611786
688.55285645,-55.56847382
688.74359131,-57.29357910
688.93432617,-57.44827652
689.12506104,-61.80380249
689.31579590,-56.17475891
689.50653076,-54.37125397
689.69726562,-50.21786118
689.88800049,-49.18680191
690.07873535,-53.95785522
690.26947021,-70.59782410
690.46020508,-59.81523132
690.65093994,-56.72928619
690.84167480,-54.75399780
691.03240967,-56.96456528
691.22314453,-71.22574615
691.41387939,-54.77386856
691.60461426,-50.84087372
691.79534912,-52.64356613
691.98608398,-56.99119568
692.17681885,-58.40511703
692.36755371,-61.89377594
692.55828857,-76.00263977
692.74902344,-65.47024536
692.93975830,-63.67779160
693.13049316,-59.47805023
693.32122803,-61.49048233
693.51196289,-69.02484894
693.70269775,-59.63040924
693.89343262,-54.14853668
694.08416748,-52.67594910
694.27490234,-51.88070679
694.46563721,-49.45734024
694.65637207,-49.12880707
694.84710693,-52.79994965
695.03784180,-58.33199310
695.22857666,-68.90554047
695.41931152,-62.82359314
695.61004639,-61.15841293
695.80078125,-56.34019852
695.99151611,-53.00481796
696.18225098,-50.77382660
696.37298584,-52.05104065
696.56372070,-54.13828278
696.75445557,-55.17768860
696.94519043,-60.66050720
697.13592529,-52.45330811
697.32666016,-52.26489258
697.51739502,-59.97679138
697.70812988,-56.84817505
697.89886475,-54.73979950
698.08959961,-57.42845154
698.28033447,-63.60794830
698.47106934,-65.11491394
698.66180420,-59.22441864
698.85253906,-56.55796814
699.04327393,-55.67813492
699.23400879,-57.92440033
699.42474365,-63.23596954
699.61547852,-60.16212463
699.80621338,-57.70288849
699.99694824,-56.94490433
700.18768311,-53.19429398
700.37841797,-52.91695023
700.56915283,-62.68206024
700.75988770,-60.07199097
700.95062256,-55.31332397
701.14135742,-52.21008682
701.33209229,-51.47308731
701.52282715,-51.30085373
701.71356201,-52.05066681
701.90429688,-62.75764847
702.09503174,-55.59563446
702.28576660,-53.08330154
702.47650146,-61.72754288
702.66723633,-56.62868500
702.85797119,-53.87066269
703.04870605,-55.72152710
703.23944092,-58.23672867
703.43017578,-59.03907394
703.62091064,-53.25836945
703.81164551,-51.03105545
704.00238037,-52.79413605
704.19311523,-58.45912170
704.38385010,-64.16243744
704.57458496,-67.61277008
704.76531982,-62.55178452
704.95605469,-56.92634201
705.14678955,-57.45551682
705.33752441,-54.44022751
705.52825928,-56.74433899
705.71899414,-73.45677948
705.90972900,-59.28121948
706.10046387,-55.31271362
706.29119873,-56.04448318
706.48193359,-66.35267639
706.67266846,-61.43841553
706.86340332,-74.73366547
707.05413818,-70.82923126
707.24487305,-60.45344925
707.43560791,-55.06254578
707.62634277,-58.06922913
707.81707764,-71.16957855
708.00781250,-54.20167542
708.19854736,-52.59638977
708.38928223,-55.50979996
708.58001709,-58.12058258
708.77075195,-58.90855789
708.96148682,-54.30185318
709.15222168,-52.90104675
709.34295654,-55.63663483
709.53369141,-55.41468048
709.72442627,-54.63630295
709.91516113,-54.17316437
710.10589600,-54.48944855
710.29663086,-61.78417206
710.48736572,-59.38099670
710.67810059,-54.21587372
710.86883545,-53.35469055
711.05957031,-58.60214615
711.25030518,-62.29866791
711.44104004,-62.26020813
711.63177490,-57.77598953
711.82250977,-53.88819122
712.01324463,-55.24409866
712.20397949,-53.43001938
712.39471436,-51.62895203
712.58544922,-57.86981964
712.77618408,-62.29164505
712.96691895,-59.60089874
713.15765381,-67.95755005
713.34838867,-56.80532074
713.53912354,-59.06391525
713.72985840,-58.82911682
713.92059326,-58.81221008
714.11132812,-62.78071594
714.30206299,-61.60801697
714.49279785,-52.36647034
714.68353271,-50.28886414
714.87426758,-51.18511963
715.06500244,-52.21474075
715.25573730,-53.54179382
715.44647217,-54.69587326
715.63720703,-53.63406372
715.82794189,-54.13525391
716.01867676,-57.08213425
716.20941162,-58.22779083
716.40014648,-67.13385010
716.59088135,-63.60378647
716.78161621,-64.97672272
716.97235107,-60.13534927
717.16308594,-59.00100708
717.35382080,-54.72696304
717.54455566,-59.99011612
717.73529053,-61.69200134
717.92602539,-56.96012878
718.11676025,-59.43112946
718.30749512,-57.92483521
718.49822998,-56.33320618
718.68896484,-56.12339020
718.87969971,-53.75459290
719.07043457,-58.64416504
719.26116943,-61.69181824
719.45190430,-56.08985901
719.64263916,-64.62414551
719.83337402,-63.78041840
720.02410889,-62.66896057
720.21484375,-60.25630569
720.40557861,-55.46476746
720.59631348,-55.43842697
720.78704834,-62.73014832
720.97778320,-65.14464569
721.16851807,-65.47446442
721.35925293,-55.62841797
721.54998779,-54.18250656
721.74072266,-56.55669785
721.93145752,-57.57954407
722.12219238,-57.51906967
722.31292725,-57.27249527
722.50366211,-53.26243973
722.69439697,-51.57636261
722.88513184,-56.08358383
723.07586670,-67.96424866
723.26660156,-67.39504242
723.45733643,-56.84215164
723.64807129,-51.05279922
723.83880615,-50.64441299
724.02954102,-53.71093369
724.22027588,-52.34544754
724.41101074,-53.21903229
724.60174561,-55.97339630
724.79248047,-56.24986649
724.98321533,-58.09726715
725.17395020,-60.68720245
725.36468506,-64.16251373
725.55541992,-70.64074707
725.74615479,-58.86309052
725.93688965,-58.12052155
726.12762451,-64.41249847
726.31835938,-66.43330383
726.50909424,-57.67486191
726.69982910,-52.08488846
726.89056396,-52.93273163
727.08129883,-60.82778549
727.27203369,-61.02119446
727.46276855,-76.32628632
727.65350342,-57.33652115
727.84423828,-52.32002258
728.03497314,-53.19854355
728.22570801,-53.19738007
728.41644287,-51.99757385
728.60717773,-51.09271240
728.79791260,-50.26367188
728.98864746,-49.78498840
729.17938232,-53.24934387
729.37011719,-72.40289307
729.56085205,-54.57331085
729.75158691,-54.42486572
729.94232178,-56.92364120
730.13305664,-58.09139252
730.32379150,-64.23700714
730.51452637,-61.99362183
730.70526123,-59.59636307
730.89599609,-64.71670532
731.08673096,-69.25999451
731.27746582,-69.62438202
731.46820068,-65.29765320
731.65893555,-56.92502975
731.84967041,-55.01184464
732.04040527,-57.58377838
732.23114014,-58.57696915
732.42187500,-71.17588806
732.61260986,-54.28296661
732.80334473,-52.37983704
732.99407959,-56.81584930
733.18481445,-57.37540436
733.37554932,-57.36989594
733.56628418,-58.49380875
733.75701904,-55.78831100
733.94775391,-62.09127426
734.13848877,-62.48425293
734.32922363,-61.17395401
734.51995850,-60.53455734
734.71069336,-55.63596344
734.90142822,-53.03570557
735.09216309,-53.79557800
735.28289795,-58.08789062
735.47363281,-55.03716278
735.66436768,-55.24375534
735.85510254,-60.56575775
736.04583740,-57.89029694
736.23657227,-63.28004456
736.42730713,-60.14201355
736.61804199,-57.92455673
736.80877686,-60.92226410
736.99951172,-57.46978760
737.19024658,-55.94887543
737.38098145,-60.51532364
737.57171631,-68.26380920
737.76245117,-57.75897980
737.95318604,-58.74052429
738.14392090,-58.78647614
738.33465576,-61.91384888
738.52539062,-58.99333191
738.71612549,-58.42300797
738.90686035,-56.94810486
739.09759521,-52.43741608
739.28833008,-56.77834320
739.47906494,-61.30203629
739.66979980,-59.23229218
739.86053467,-73.62188721
740.05126953,-55.60441971
740.24200439,-53.20913696
740.43273926,-54.13563156
740.62347412,-51.86985016
740.81420898,-53.04230499
741.00494385,-56.05809784
741.19567871,-56.16470337
741.38641357,-54.07676315
741.57714844,-54.27153778
741.76788330,-56.28754044
741.95861816,-54.70417023
742.14935303,-52.63744736
742.34008789,-59.61751938
742.53082275,-55.66114807
742.72155762,-50.47111893
742.91229248,-48.83583450
743.10302734,-49.86108780
743.29376221,-53.50853729
743.48449707,-59.62790680
743.67523193,-61.98706055
743.86596680,-54.28152084
744.05670166,-53.66439056
744.24743652,-60.23017120
744.43817139,-70.64932251
744.62890625,-64.53991699
744.81964111,-56.62330627
745.01037598,-54.46444702
745.20111084,-56.64977264
745.39184570,-57.99528122
745.58258057,-58.86264038
745.77331543,-57.62968445
745.96405029,-55.53049469
746.15478516,-55.52400589
746.34552002,-56.64837646
746.53625488,-57.93712616
746.72698975,-70.74581909
746.91772461,-61.47475815
747.10845947,-62.01679611
747.29919434,-58.78910828
747.48992920,-55.53929901
747.68066406,-55.13599396
747.87139893,-51.40931702
748.06213379,-49.82472229
748.25286865,-55.21215439
748.44360352,-54.98403549
748.63433838,-51.33094406
748.82507324,-52.70571899
749.01580811,-60.71565628
749.20654297,-60.20845795
749.39727783,-55.06096649
749.58801270,-62.03769302
749.77874756,-54.51129150
749.96948242,-52.96604538
750.16021729,-54.64481354
750.35095215,-54.23335266
750.54168701,-54.26692963
750.73242188,-55.22806549
750.92315674,-55.44906235
751.11389160,-54.06194687
751.30462646,-56.20250702
751.49536133,-64.97722626
751.68609619,-68.40853882
751.87683105,-62.31622696
752.06756592,-65.80402374
752.25830078,-61.22364044
752.44903564,-59.09145737
752.63977051,-58.29171753
752.83050537,-53.93258667
753.02124023,-59.26475143
753.21197510,-53.37979126
753.40270996,-54.58599472
753.59344482,-62.52613068
753.78417969,-60.22411346
753.97491455,-55.16208649
754.16564941,-53.22996140
754.35638428,-55.10345840
754.54711914,-64.47420502
754.73785400,-54.71352005
754.92858887,-52.75426483
755.11932373,-53.33105087
755.31005859,-54.94699860
755.50079346,-53.60985565
755.69152832,-52.59373474
755.88226318,-54.06347656
756.07299805,-51.47164154
756.26373291,-51.71098709
756.45446777,-55.38574982
756.64520264,-63.53109741
756.83593750,-56.12869263
757.02667236,-56.62907410
757.21740723,-57.81326675
757.40814209,-56.49475861
757.59887695,-55.10600281
757.78961182,-53.01150513
757.98034668,-50.47068787
758.17108154,-50.20354843
758.36181641,-52.83551025
758.55255127,-59.99953842
758.74328613,-62.51893616
758.93402100,-58.82562256
759.12475586,-58.22847366
759.31549072,-58.71130371
759.50622559,-59.37710190
759.69696045,-59.49893570
759.88769531,-68.60224915
760.07843018,-59.10755157
760.26916504,-53.70265579
760.45989990,-51.83166885
760.65063477,-51.75700378
760.84136963,-56.29384613
761.03210449,-54.74525070
761.22283936,-50.46223450
761.41357422,-53.64453125
761.60430908,-66.75234985
761.79504395,-64.39308929
761.98577881,-60.07151031
762.17651367,-70.03395844
762.36724854,-55.16734695
762.55798340,-60.73124695
762.74871826,-55.18829346
762.93945312,-55.73575974
763.13018799,-61.65372467
763.32092285,-58.88873672
763.51165771,-51.74628448
763.70239258,-50.17849350
763.89312744,-56.79056549
764.08386230,-54.60847473
764.27459717,-55.73743820
764.46533203,-61.98442841
764.65606689,-54.53882599
764.84680176,-52.02670288
765.03753662,-53.91351318
765.22827148,-55.29777145
765.41900635,-56.20663452
765.60974121,-55.86690521
765.80047607,-52.62916565
765.99121094,-51.48326492
766.18194580,-53.90378952
766.37268066,-59.08531189
766.56341553,-61.36680222
766.75415039,-59.21432114
766.94488525,-58.73453140
767.13562012,-59.74341583
767.32635498,-63.91695404
767.51708984,-68.27633667
767.70782471,-62.14141464
767.89855957,-59.62318039
768.08929443,-58.05347443
768.28002930,-61.71880341
768.47076416,-64.69046021
768.66149902,-63.05145645
768.85223389,-58.95466232
769.04296875,-51.52023697
769.23370361,-49.23873901
769.42443848,-51.50138092
769.61517334,-54.41602707
769.80590820,-51.12335205
769.99664307,-50.87808990
770.18737793,-54.31789780
770.37811279,-61.28563309
770.56884766,-67.44132996
770.75958252,-66.59650421
770.95031738,-59.72013474
771.14105225,-59.40502548
771.33178711,-62.05533600
771.52252197,-62.32843018
771.71325684,-70.39299774
771.90399170,-57.26182556
772.09472656,-51.23417664
772.28546143,-52.97389603
772.47619629,-58.33776855
772.66693115,-56.59899902
772.85766602,-53.63386536
773.04840088,-50.76607132
773.23913574,-52.04113007
773.42987061,-57.01922607
773.62060547,-58.77124786
773.81134033,-56.12924194
774.00207520,-53.94348145
774.19281006,-54.52682877
774.38354492,-55.82959747
774.57427979,-57.74327087
774.76501465,-60.11083984
774.95574951,-61.83680725
775.14648438,-52.84746170
775.33721924,-51.72428131
775.52795410,-53.80699158
775.71868896,-56.75979233
775.90942383,-55.09884262
776.10015869,-56.84858704
776.29089355,-55.04880524
776.48162842,-52.49406433
776.67236328,-57.67083740
776.86309814,-61.37493515
777.05383301,-58.19139099
777.24456787,-58.13554382
777.43530273,-72.39014435
777.62603760,-53.41115952
777.81677246,-52.24787903
778.00750732,-53.53218842
778.19824219,-51.73577881
778.38897705,-50.49188995
778.57971191,-54.17327118
778.77044678,-73.30659485
778.96118164,-71.85038757
779.15191650,-59.78460693
779.34265137,-52.64796448
779.53338623,-53.34012985
779.72412109,-57.36425781
779.91485596,-54.99321747
780.10559082,-51.74398422
780.29632568,-54.31505203
780.48706055,-62.05103302
780.67779541,-57.36345291
780.86853027,-53.84858704
781.05926514,-54.81546783
