Frequency,Channel A

0.00000000,-24.08943939
0.19073486,-30.05679703
0.38146973,-41.49963760
0.57220459,-51.68812561
0.76293945,-49.06032562
0.95367432,-52.96131134
1.14440918,-59.85486603
1.33514404,-59.59112549
1.52587891,-58.36456299
1.71661377,-49.98397446
1.90734863,-57.19242859
2.09808350,-51.85631561
2.28881836,-35.95109558
2.47955322,-11.14937782
2.67028809,-0.85015714
2.86102295,0.71110934
3.05175781,-5.83926153
3.24249268,-23.30445862
3.43322754,-61.14133453
3.62396240,-52.69050980
3.81469727,-57.00898743
4.00543213,-52.32246017
4.19616699,-47.52275467
4.38690186,-27.28715134
4.57763672,-16.10189056
4.76837158,-13.66074753
4.95910645,-19.13650131
5.14984131,-33.91146851
5.34057617,-49.11564255
5.53131104,-48.55133057
5.72204590,-51.62317657
5.91278076,-51.08340454
6.10351562,-55.10772324
6.29425049,-47.80759811
6.48498535,-46.53083420
6.67572021,-46.89686584
6.86645508,-49.79881287
7.05718994,-53.40017319
7.24792480,-54.71016312
7.43865967,-55.13145447
7.62939453,-51.07042313
7.82012939,-51.78720856
8.01086426,-57.60502625
8.20159912,-47.94521332
8.39233398,-43.96239853
8.58306885,-44.21643066
8.77380371,-49.37793350
8.96453857,-50.98348236
9.15527344,-51.48797989
9.34600830,-55.19392014
9.53674316,-59.53521347
9.72747803,-50.53091049
9.91821289,-51.70565033
10.10894775,-52.55217743
10.29968262,-50.27948380
10.49041748,-49.84916306
10.68115234,-59.17116165
10.87188721,-50.34163666
11.06262207,-46.80416870
11.25335693,-47.38983536
11.44409180,-50.83771515
11.63482666,-58.38649750
11.82556152,-54.42650604
12.01629639,-56.33467865
12.20703125,-56.96579361
12.39776611,-60.98152161
12.58850098,-55.38129425
12.77923584,-52.05173874
12.96997070,-50.74432755
13.16070557,-51.12339020
13.35144043,-50.78747177
13.54217529,-53.56574249
13.73291016,-56.68901062
13.92364502,-57.37204742
14.11437988,-49.82138824
14.30511475,-49.08798218
14.49584961,-57.63492203
14.68658447,-56.46376038
14.87731934,-66.50733185
15.06805420,-56.02893829
15.25878906,-48.23768616
15.44952393,-50.17276001
15.64025879,-54.73656082
15.83099365,-49.79836273
16.02172852,-47.91723633
16.21246338,-52.95710754
16.40319824,-53.46484375
16.59393311,-54.47273636
16.78466797,-60.42100525
16.97540283,-62.30907822
17.16613770,-56.57129669
17.35687256,-51.34921646
17.54760742,-53.19551849
17.73834229,-50.23954010
17.92907715,-46.84672546
18.11981201,-44.33743286
18.31054688,-46.33079910
18.50128174,-56.28042603
18.69201660,-54.05322647
18.88275146,-53.18419647
19.07348633,-52.29286194
19.26422119,-48.86986542
19.45495605,-45.73199463
19.64569092,-44.80526733
19.83642578,-46.25370789
20.02716064,-50.80905914
20.21789551,-52.63063431
20.40863037,-54.59196091
20.59936523,-62.68026733
20.79010010,-57.28717422
20.98083496,-51.20296860
21.17156982,-53.16870117
21.36230469,-59.89136124
21.55303955,-58.55230331
21.74377441,-50.23968124
21.93450928,-47.80790329
22.12524414,-47.87767410
22.31597900,-49.55920792
22.50671387,-51.69190216
22.69744873,-55.06881714
22.88818359,-58.20114136
23.07891846,-54.43827820
23.26965332,-49.95360947
23.46038818,-47.46045685
23.65112305,-46.52104187
23.84185791,-48.40336227
24.03259277,-55.84320068
24.22332764,-61.38747787
24.41406250,-57.99728775
24.60479736,-64.20140076
24.79553223,-60.34519577
24.98626709,-50.24162292
25.17700195,-44.57490540
25.36773682,-46.50365829
25.55847168,-50.36249542
25.74920654,-51.85073471
25.93994141,-55.65612411
26.13067627,-51.54859924
26.32141113,-48.83713531
26.51214600,-49.31877518
26.70288086,-49.56677246
26.89361572,-48.86833191
27.08435059,-50.11811829
27.27508545,-48.85586548
27.46582031,-49.52827454
27.65655518,-54.02667236
27.84729004,-51.85889816
28.03802490,-49.77932358
28.22875977,-51.19149017
28.41949463,-55.11480713
28.61022949,-54.36973190
28.80096436,-49.16424179
28.99169922,-48.83269882
29.18243408,-52.48968506
29.37316895,-56.74493790
29.56390381,-55.27569580
29.75463867,-50.71310425
29.94537354,-48.99748230
30.13610840,-51.93052673
30.32684326,-65.91318512
30.51757812,-60.23099518
30.70831299,-56.09806824
30.89904785,-49.40582657
31.08978271,-50.56864166
31.28051758,-59.95483398
31.47125244,-61.68788910
31.66198730,-58.17654419
31.85272217,-65.82234192
32.04345703,-57.96675873
32.23419189,-56.80532837
32.42492676,-53.63152313
32.61566162,-57.96059418
32.80639648,-53.27216721
32.99713135,-48.52960587
33.18786621,-48.92887497
33.37860107,-53.44611740
33.56933594,-51.73009491
33.76007080,-53.52742767
33.95080566,-54.68568802
34.14154053,-54.06679153
34.33227539,-49.93012238
34.52301025,-49.90449905
34.71374512,-52.06319427
34.90447998,-54.55393219
35.09521484,-54.17581940
35.28594971,-58.66465759
35.47668457,-54.00159454
35.66741943,-53.43138885
35.85815430,-54.92176437
36.04888916,-52.45058441
36.23962402,-51.83100128
36.43035889,-53.37519836
36.62109375,-50.69824982
36.81182861,-52.11133957
37.00256348,-54.46487427
37.19329834,-55.41983032
37.38403320,-53.40061951
37.57476807,-51.87806702
37.76550293,-55.76779175
37.95623779,-64.39125061
38.14697266,-59.60719681
38.33770752,-52.54774475
38.52844238,-53.16541672
38.71917725,-60.96268082
38.90991211,-54.21414185
39.10064697,-51.30622101
39.29138184,-52.08128357
39.48211670,-51.27725601
39.67285156,-58.95520782
39.86358643,-51.44071960
40.05432129,-48.25619125
40.24505615,-52.88388062
40.43579102,-53.30995178
40.62652588,-49.58166122
40.81726074,-53.86716461
41.00799561,-59.03586960
41.19873047,-52.44024277
41.38946533,-53.09069824
41.58020020,-50.91436768
41.77093506,-54.07872009
41.96166992,-52.34881973
42.15240479,-52.70288086
42.34313965,-57.41378784
42.53387451,-54.52108002
42.72460938,-54.88948822
42.91534424,-57.51244354
43.10607910,-52.80555725
43.29681396,-64.49259949
43.48754883,-51.45399475
43.67828369,-49.64170456
43.86901855,-55.15635681
44.05975342,-71.48584747
44.25048828,-58.81025314
44.44122314,-54.84005737
44.63195801,-54.37187958
44.82269287,-54.28054428
45.01342773,-54.57392883
45.20416260,-65.02124023
45.39489746,-59.39855194
45.58563232,-65.85127258
45.77636719,-55.12280273
45.96710205,-49.33740616
46.15783691,-51.55519104
46.34857178,-49.63563538
46.53930664,-48.59428787
46.73004150,-54.92666626
46.92077637,-61.97025681
47.11151123,-56.49874115
47.30224609,-51.62636566
47.49298096,-54.68424988
47.68371582,-63.39145660
47.87445068,-52.99156570
48.06518555,-55.24045563
48.25592041,-61.28375626
48.44665527,-68.82849121
48.63739014,-72.09541321
48.82812500,-56.76282883
49.01885986,-49.59066391
49.20959473,-49.32604218
49.40032959,-50.27132034
49.59106445,-49.96112442
49.78179932,-50.39077377
49.97253418,-49.20699310
50.16326904,-50.53004456
50.35400391,-56.10477829
50.54473877,-67.85507965
50.73547363,-54.66159821
50.92620850,-55.87144852
51.11694336,-63.42088318
51.30767822,-56.53156281
51.49841309,-49.88776779
51.68914795,-52.16157913
51.87988281,-56.37783813
52.07061768,-54.92359924
52.26135254,-54.55962372
52.45208740,-54.63447571
52.64282227,-55.61038589
52.83355713,-56.35227203
53.02429199,-64.06214905
53.21502686,-58.02112961
53.40576172,-60.34906006
53.59649658,-64.76706696
53.78723145,-52.73018646
53.97796631,-54.01107788
54.16870117,-61.05572510
54.35943604,-56.78707886
54.55017090,-58.01804352
54.74090576,-59.46267700
54.93164062,-60.70338440
55.12237549,-70.00209808
55.31311035,-54.37183762
55.50384521,-48.26364899
55.69458008,-46.70154572
55.88531494,-48.22910690
56.07604980,-52.33345413
56.26678467,-55.46062469
56.45751953,-53.39973068
56.64825439,-54.25772858
56.83898926,-67.18244934
57.02972412,-57.51357269
57.22045898,-58.67644882
57.41119385,-60.22611237
57.60192871,-57.63578415
57.79266357,-53.40331268
57.98339844,-49.61756134
58.17413330,-49.58746338
58.36486816,-52.57285690
58.55560303,-55.49711227
58.74633789,-62.28209686
58.93707275,-59.57654572
59.12780762,-59.52754974
59.31854248,-61.33625412
59.50927734,-56.01565552
59.70001221,-51.85939789
59.89074707,-47.94155121
60.08148193,-46.18598175
60.27221680,-50.20072937
60.46295166,-64.03586578
60.65368652,-58.82149506
60.84442139,-56.11152649
61.03515625,-59.30937958
61.22589111,-57.68882751
61.41662598,-61.74949646
61.60736084,-60.39344788
61.79809570,-58.37611771
61.98883057,-53.00205994
62.17956543,-49.38469315
62.37030029,-49.72336197
62.56103516,-53.68762589
62.75177002,-55.27876282
62.94250488,-52.07082367
63.13323975,-52.91984940
63.32397461,-59.10561371
63.51470947,-55.22039795
63.70544434,-50.43962097
63.89617920,-50.75431824
64.08691406,-53.39699173
64.27764893,-62.88008118
64.46838379,-61.94503021
64.65911865,-58.66218567
64.84985352,-67.41515350
65.04058838,-64.06358337
65.23132324,-53.89646912
65.42205811,-48.49212646
65.61279297,-48.54149246
65.80352783,-49.89921188
65.99426270,-52.69077301
66.18499756,-56.23973465
66.37573242,-57.25518036
66.56646729,-55.28050995
66.75720215,-56.48342133
66.94793701,-56.19298553
67.13867188,-70.76131439
67.32940674,-66.07941437
67.52014160,-62.86402893
67.71087646,-59.29228973
67.90161133,-61.16472244
68.09234619,-57.72887421
68.28308105,-63.93870544
68.47381592,-63.71704483
68.66455078,-53.76210785
68.85528564,-49.25771713
69.04602051,-53.29999542
69.23675537,-53.81652069
69.42749023,-56.98527908
69.61822510,-64.82788086
69.80895996,-57.77799606
69.99969482,-53.64080811
70.19042969,-55.66338348
70.38116455,-56.26116943
70.57189941,-58.03884506
70.76263428,-63.86128998
70.95336914,-55.06610107
71.14410400,-52.95268250
71.33483887,-55.70623016
71.52557373,-55.03098297
71.71630859,-52.53696442
71.90704346,-52.67085266
72.09777832,-54.26680756
72.28851318,-57.42441177
72.47924805,-63.75354767
72.66998291,-54.69699860
72.86071777,-54.20082855
73.05145264,-63.55377197
73.24218750,-58.04576111
73.43292236,-54.34885406
73.62365723,-50.59383392
73.81439209,-48.43616867
74.00512695,-51.05795288
74.19586182,-56.19617462
74.38659668,-56.89258194
74.57733154,-58.16136169
74.76806641,-55.80077744
74.95880127,-51.09340286
75.14953613,-53.01669693
75.34027100,-55.81258774
75.53100586,-53.54272842
75.72174072,-53.62241364
75.91247559,-53.32997131
76.10321045,-53.47425461
76.29394531,-58.97831726
76.48468018,-65.41998291
76.67541504,-65.59022522
76.86614990,-59.63962173
77.05688477,-62.46893311
77.24761963,-59.06295395
77.43835449,-58.53525543
77.62908936,-59.99798584
77.81982422,-54.67317963
78.01055908,-55.59937286
78.20129395,-54.01481628
78.39202881,-50.95872879
78.58276367,-51.59028625
78.77349854,-55.32960510
78.96423340,-58.51235962
79.15496826,-65.48664856
79.34570312,-67.23286438
79.53643799,-65.85008240
79.72717285,-58.89722443
79.91790771,-56.00689316
80.10864258,-54.08252716
80.29937744,-51.43574142
80.49011230,-52.31449890
80.68084717,-62.81586456
80.87158203,-52.80982971
81.06231689,-49.24318695
81.25305176,-50.92316055
81.44378662,-52.27902222
81.63452148,-51.92683792
81.82525635,-58.18965912
82.01599121,-51.73354340
82.20672607,-51.54156113
82.39746094,-51.73774338
82.58819580,-56.48144150
82.77893066,-59.97812653
82.96966553,-56.99043655
83.16040039,-51.31800079
83.35113525,-48.74386597
83.54187012,-51.38895416
83.73260498,-58.15397644
83.92333984,-61.25503159
84.11407471,-59.29285431
84.30480957,-56.33345795
84.49554443,-60.72937393
84.68627930,-68.35655975
84.87701416,-67.27638245
85.06774902,-58.79988098
85.25848389,-65.64303589
85.44921875,-59.78638077
85.63995361,-55.75242996
85.83068848,-52.55344009
86.02142334,-52.45594025
86.21215820,-58.70824814
86.40289307,-66.79634857
86.59362793,-60.81261063
86.78436279,-52.22121811
86.97509766,-48.23759079
87.16583252,-48.33732224
87.35656738,-51.22834778
87.54730225,-62.01431274
87.73803711,-60.23397827
87.92877197,-61.87049103
88.11950684,-60.59828186
88.31024170,-52.57005310
88.50097656,-53.37245941
88.69171143,-55.12208939
88.88244629,-59.20222473
89.07318115,-59.86996460
89.26391602,-56.33412170
89.45465088,-52.56965637
89.64538574,-52.12532806
89.83612061,-52.31377411
90.02685547,-55.73739624
90.21759033,-55.03713226
90.40832520,-46.57003403
90.59906006,-46.98795700
90.78979492,-49.28138351
90.98052979,-51.38471222
91.17126465,-57.01869202
91.36199951,-56.62935638
91.55273438,-56.29074478
91.74346924,-57.13717651
91.93420410,-51.46775055
92.12493896,-49.58619690
92.31567383,-50.04426956
92.50640869,-55.31423569
92.69714355,-55.78334427
92.88787842,-53.84753418
93.07861328,-56.33904266
93.26934814,-52.69549561
93.46008301,-50.97938538
93.65081787,-53.48577499
93.84155273,-58.79926300
94.03228760,-66.16820526
94.22302246,-54.24234772
94.41375732,-54.17862701
94.60449219,-51.20628357
94.79522705,-51.23419952
94.98596191,-56.75540161
95.17669678,-58.38286591
95.36743164,-65.44966125
95.55816650,-54.65084076
95.74890137,-52.74877548
95.93963623,-53.89427948
96.13037109,-56.74006653
96.32110596,-59.52523804
96.51184082,-60.96265793
96.70257568,-53.19260025
96.89331055,-52.09875107
97.08404541,-53.52087021
97.27478027,-54.41707993
97.46551514,-51.30069733
97.65625000,-48.27502441
97.84698486,-49.25583649
98.03771973,-53.29811478
98.22845459,-65.05858612
98.41918945,-58.55739594
98.60992432,-53.73145676
98.80065918,-48.79639435
98.99139404,-48.35569382
99.18212891,-52.23187256
99.37286377,-53.40431976
99.56359863,-55.64771652
99.75433350,-64.06141663
99.94506836,-58.09923553
100.13580322,-61.66650391
100.32653809,-57.14718628
100.51727295,-52.54775620
100.70800781,-56.32045364
100.89874268,-69.55133057
101.08947754,-56.30666733
101.28021240,-53.63871002
101.47094727,-56.16553497
101.66168213,-69.43307495
101.85241699,-57.82572174
102.04315186,-52.85717773
102.23388672,-51.74633789
102.42462158,-54.75559998
102.61535645,-63.19129181
102.80609131,-55.23129272
102.99682617,-57.47673416
103.18756104,-59.29271698
103.37829590,-55.33415222
103.56903076,-52.63311768
103.75976562,-54.42547226
103.95050049,-59.53546143
104.14123535,-71.97810364
104.33197021,-58.63542175
104.52270508,-61.20046234
104.71343994,-59.80423737
104.90417480,-56.34336853
105.09490967,-58.22383118
105.28564453,-55.81277847
105.47637939,-53.82905579
105.66711426,-51.57544708
105.85784912,-50.99132538
106.04858398,-50.35173416
106.23931885,-51.72712326
106.43005371,-59.50904083
106.62078857,-77.51698303
106.81152344,-87.36097717
107.00225830,-71.17671204
107.19299316,-64.28122711
107.38372803,-62.87488556
107.57446289,-58.62168884
107.76519775,-56.49890137
107.95593262,-69.62779999
108.14666748,-55.21767044
108.33740234,-57.51852417
108.52813721,-55.09965515
108.71887207,-55.01272583
108.90960693,-57.59965897
109.10034180,-66.31779480
109.29107666,-54.20536041
109.48181152,-51.28145599
109.67254639,-54.33847809
109.86328125,-62.56856918
110.05401611,-65.67620087
110.24475098,-59.38505554
110.43548584,-57.04595947
110.62622070,-59.20208359
110.81695557,-68.48896790
111.00769043,-55.35789490
111.19842529,-56.82804108
111.38916016,-66.75035095
111.57989502,-55.04032516
111.77062988,-54.52129364
111.96136475,-60.81139374
112.15209961,-57.44275665
112.34283447,-58.44005203
112.53356934,-57.36418915
112.72430420,-75.79932404
112.91503906,-58.72307587
113.10577393,-57.10386276
113.29650879,-59.24660492
113.48724365,-59.80390930
113.67797852,-67.83474731
113.86871338,-61.03286362
114.05944824,-53.39431000
114.25018311,-53.24111176
114.44091797,-53.73001862
114.63165283,-52.80915070
114.82238770,-54.13901520
115.01312256,-51.86500931
115.20385742,-51.88359070
115.39459229,-56.69704819
115.58532715,-57.97014236
115.77606201,-59.21920013
115.96679688,-55.08798599
116.15753174,-52.84620667
116.34826660,-59.44038010
116.53900146,-65.11721802
116.72973633,-55.71557617
116.92047119,-52.57530212
117.11120605,-50.91558456
117.30194092,-52.41241074
117.49267578,-56.21306610
117.68341064,-56.56499481
117.87414551,-58.75529861
118.06488037,-53.66245270
118.25561523,-48.54220963
118.44635010,-47.03031540
118.63708496,-49.13133240
118.82781982,-54.34610367
119.01855469,-55.97698593
119.20928955,-58.35757828
119.40002441,-57.97387695
119.59075928,-50.38035583
119.78149414,-52.11168671
119.97222900,-57.80393982
120.16296387,-55.21991348
120.35369873,-52.13882446
120.54443359,-50.64699173
120.73516846,-50.93607330
120.92590332,-54.26786804
121.11663818,-56.88002777
121.30737305,-56.79311752
121.49810791,-56.88535309
121.68884277,-58.28606415
121.87957764,-61.60011292
122.07031250,-58.64958191
122.26104736,-60.10122299
122.45178223,-57.48853683
122.64251709,-54.94564438
122.83325195,-61.58098221
123.02398682,-56.17910004
123.21472168,-63.74648285
123.40545654,-69.42809296
123.59619141,-63.11542511
123.78692627,-56.46301651
123.97766113,-51.29331970
124.16839600,-50.40881729
124.35913086,-52.74721146
124.54986572,-58.54203796
124.74060059,-71.19405365
124.93133545,-61.21297836
125.12207031,-58.28062057
125.31280518,-59.81736755
125.50354004,-59.34091949
125.69427490,-57.72531509
125.88500977,-59.57320786
126.07574463,-62.87448883
126.26647949,-59.17064667
126.45721436,-77.62125397
126.64794922,-59.14280701
126.83868408,-57.42547607
127.02941895,-53.92581558
127.22015381,-55.20649719
127.41088867,-52.86137390
127.60162354,-53.56259155
127.79235840,-59.32078552
127.98309326,-51.75836945
128.17382812,-51.20470428
128.36456299,-64.90716553
128.55529785,-58.07971573
128.74603271,-57.89482880
128.93676758,-52.36942673
129.12750244,-50.11793137
129.31823730,-52.32804108
129.50897217,-69.19937134
129.69970703,-55.82764053
129.89044189,-53.31376648
130.08117676,-59.74665070
130.27191162,-58.51983643
130.46264648,-54.84404755
130.65338135,-70.15328217
130.84411621,-57.98773193
131.03485107,-64.49588013
131.22558594,-62.68494034
131.41632080,-58.51404190
131.60705566,-56.36930084
131.79779053,-58.63293457
131.98852539,-59.29177856
132.17926025,-55.47187424
132.36999512,-57.18338013
132.56072998,-63.36207581
132.75146484,-54.83510590
132.94219971,-52.61837387
133.13293457,-53.08185196
133.32366943,-51.59622955
133.51440430,-51.38359833
133.70513916,-56.76311111
133.89587402,-61.40751266
134.08660889,-60.35504913
134.27734375,-57.64787292
134.46807861,-64.87956238
134.65881348,-59.39895248
134.84954834,-58.74840546
135.04028320,-59.87512207
135.23101807,-53.43013382
135.42175293,-54.33706665
135.61248779,-52.26549149
135.80322266,-51.37632370
135.99395752,-52.61201859
136.18469238,-60.20962143
136.37542725,-55.05516815
136.56616211,-51.13283539
136.75689697,-54.96928787
136.94763184,-58.64759445
137.13836670,-62.84391022
137.32910156,-67.75704956
137.51983643,-65.84806824
137.71057129,-60.13963318
137.90130615,-57.94469833
138.09204102,-55.35143280
138.28277588,-61.29363632
138.47351074,-62.18600845
138.66424561,-57.87480164
138.85498047,-60.80764389
139.04571533,-60.28683090
139.23645020,-56.45154953
139.42718506,-56.19702911
139.61791992,-61.06338882
139.80865479,-69.50386047
139.99938965,-72.37046814
140.19012451,-63.63803482
140.38085938,-61.35944366
140.57159424,-56.34558868
140.76232910,-52.97012329
140.95306396,-51.89948654
141.14379883,-53.38149643
141.33453369,-58.40010834
141.52526855,-58.23982239
141.71600342,-55.37355423
141.90673828,-57.01142883
142.09747314,-60.18896484
142.28820801,-77.49787140
142.47894287,-60.37934875
142.66967773,-59.42017365
142.86041260,-60.42272949
143.05114746,-59.81246567
143.24188232,-54.12582016
143.43261719,-55.35455704
143.62335205,-66.88838196
143.81408691,-68.25680542
144.00482178,-65.38082886
144.19555664,-58.53778839
144.38629150,-52.13946533
144.57702637,-49.92729187
144.76776123,-52.94126511
144.95849609,-65.89179993
145.14923096,-58.14274597
145.33996582,-59.43089294
145.53070068,-56.60173798
145.72143555,-54.67755890
145.91217041,-58.59151459
146.10290527,-64.94856262
146.29364014,-66.80041504
146.48437500,-56.32275009
146.67510986,-53.25513458
146.86584473,-60.24193192
147.05657959,-56.30394363
147.24731445,-54.18955231
147.43804932,-54.02090454
147.62878418,-55.31829071
147.81951904,-58.83208847
148.01025391,-68.06604004
148.20098877,-60.94655609
148.39172363,-58.24862671
148.58245850,-67.92271423
148.77319336,-55.70508957
148.96392822,-56.86985016
149.15466309,-63.62610626
149.34539795,-62.75828552
149.53613281,-56.17453766
149.72686768,-54.19750977
149.91760254,-52.89347076
150.10833740,-52.88701630
150.29907227,-55.18561935
150.48980713,-53.84767151
150.68054199,-52.31471252
150.87127686,-55.28150177
151.06201172,-62.20449829
151.25274658,-63.30408096
151.44348145,-59.54540634
151.63421631,-53.02671814
151.82495117,-52.15792084
152.01568604,-58.02513504
152.20642090,-63.46759033
152.39715576,-62.74395752
152.58789062,-59.37527466
152.77862549,-55.84946442
152.96936035,-50.76522064
153.16009521,-50.47630310
153.35083008,-54.68780136
153.54156494,-57.43470764
153.73229980,-57.09863663
153.92303467,-54.50420380
154.11376953,-53.20471954
154.30450439,-56.13982391
154.49523926,-55.87876892
154.68597412,-52.09410858
154.87670898,-59.69869614
155.06744385,-61.63418579
155.25817871,-59.97547531
155.44891357,-60.24763489
155.63964844,-60.24988556
155.83038330,-75.42256927
156.02111816,-61.25349426
156.21185303,-63.27358627
156.40258789,-57.28460312
156.59332275,-54.95389557
156.78405762,-55.34110260
156.97479248,-53.80278015
157.16552734,-56.33267212
157.35626221,-56.26987457
157.54699707,-55.90266800
157.73773193,-57.22118378
157.92846680,-56.05857086
158.11920166,-61.53688049
158.30993652,-59.57166290
158.50067139,-56.43606567
158.69140625,-57.64540100
158.88214111,-60.18612289
159.07287598,-57.79357529
159.26361084,-60.47226715
159.45434570,-57.54938126
159.64508057,-57.85948181
159.83581543,-65.24075317
160.02655029,-60.89244843
160.21728516,-55.18688583
160.40802002,-54.91724396
160.59875488,-80.71189117
160.78948975,-57.60430908
160.98022461,-61.51961517
161.17095947,-65.32328796
161.36169434,-57.10224915
161.55242920,-53.99117279
161.74316406,-55.63201141
161.93389893,-55.15929794
162.12463379,-54.15498352
162.31536865,-60.43522263
162.50610352,-58.83055878
162.69683838,-55.83436584
162.88757324,-54.27547455
163.07830811,-55.43141174
163.26904297,-66.70141602
163.45977783,-53.25685120
163.65051270,-51.27271652
163.84124756,-57.95644379
164.03198242,-63.53929520
164.22271729,-57.29883575
164.41345215,-61.58114624
164.60418701,-66.97789001
164.79492188,-58.16055298
164.98565674,-56.89962769
165.17639160,-57.96061707
165.36712646,-68.56298828
165.55786133,-57.00022125
165.74859619,-52.41784668
165.93933105,-54.01580429
166.13006592,-50.93475342
166.32080078,-46.75171661
166.51153564,-47.53451920
166.70227051,-54.57075119
166.89300537,-64.19188690
167.08374023,-65.25742340
167.27447510,-57.39858627
167.46520996,-55.39388657
167.65594482,-56.72351456
167.84667969,-60.48181534
168.03741455,-60.72305298
168.22814941,-57.55259705
168.41888428,-54.50018311
168.60961914,-52.67466736
168.80035400,-55.92076111
168.99108887,-64.89793396
169.18182373,-65.34956360
169.37255859,-59.57242584
169.56329346,-70.34992981
169.75402832,-63.86222839
169.94476318,-59.05802155
170.13549805,-55.96059418
170.32623291,-54.71601486
170.51696777,-55.76531982
170.70770264,-53.41706848
170.89843750,-51.53088379
171.08917236,-53.04502869
171.27990723,-56.14401245
171.47064209,-58.34748840
171.66137695,-65.60622406
171.85211182,-55.23229218
172.04284668,-64.34925842
172.23358154,-59.51910400
172.42431641,-58.09112167
172.61505127,-57.97361374
172.80578613,-64.68393707
172.99652100,-59.14903259
173.18725586,-55.89708710
173.37799072,-57.57012177
173.56872559,-56.38898849
173.75946045,-54.47563171
173.95019531,-56.12862396
174.14093018,-56.52591324
174.33166504,-53.24645615
174.52239990,-57.58694458
174.71313477,-68.03687286
174.90386963,-59.45856094
175.09460449,-60.72812653
175.28533936,-60.91473389
175.47607422,-56.63673782
175.66680908,-60.49426270
175.85754395,-55.72795486
176.04827881,-52.78418732
176.23901367,-55.56369781
176.42974854,-55.23162079
176.62048340,-58.12291718
176.81121826,-61.79425049
177.00195312,-60.80255127
177.19268799,-59.50439453
177.38342285,-61.01423645
177.57415771,-57.30172729
177.76489258,-55.96220398
177.95562744,-59.08645630
178.14636230,-56.00189972
178.33709717,-54.22164154
178.52783203,-57.07783508
178.71856689,-54.36748123
178.90930176,-57.11115265
179.10003662,-63.67714691
179.29077148,-54.25800323
179.48150635,-54.34520340
179.67224121,-56.05759048
179.86297607,-57.12316895
180.05371094,-56.60267258
180.24444580,-60.45816040
180.43518066,-72.49759674
180.62591553,-62.99450302
180.81665039,-58.99197388
181.00738525,-58.20872879
181.19812012,-57.39511490
181.38885498,-56.52593613
181.57958984,-66.03527832
181.77032471,-61.22509384
181.96105957,-56.22524643
182.15179443,-63.29253769
182.34252930,-61.70890427
182.53326416,-58.01609802
182.72399902,-58.43812943
182.91473389,-60.39942169
183.10546875,-57.39313126
183.29620361,-57.24474335
183.48693848,-62.88993073
183.67767334,-51.27170181
183.86840820,-48.76382446
184.05914307,-51.07788849
184.24987793,-62.21989441
184.44061279,-59.84823608
184.63134766,-54.11229706
184.82208252,-55.82493591
185.01281738,-62.87370300
185.20355225,-57.58763123
185.39428711,-52.33129501
185.58502197,-51.16136551
185.77575684,-52.58907700
185.96649170,-56.68012619
186.15722656,-60.40406799
186.34796143,-61.98027802
186.53869629,-63.18889618
186.72943115,-56.12648392
186.92016602,-62.30243301
187.11090088,-60.15302658
187.30163574,-55.82753754
187.49237061,-56.31950378
187.68310547,-62.47381210
187.87384033,-62.08375931
188.06457520,-57.22699738
188.25531006,-64.50981903
188.44604492,-62.46895218
188.63677979,-56.65248489
188.82751465,-56.08543396
189.01824951,-52.41799927
189.20898438,-50.24822235
189.39971924,-54.21345520
189.59045410,-69.71822357
189.78118896,-58.91067123
189.97192383,-59.01903152
190.16265869,-81.29177856
190.35339355,-60.75793839
190.54412842,-61.25180054
190.73486328,-55.73295212
190.92559814,-54.93133545
191.11633301,-53.46002960
191.30706787,-57.24042511
191.49780273,-56.66782761
191.68853760,-50.71977234
191.87927246,-54.94621658
192.07000732,-60.57006073
192.26074219,-64.65266418
192.45147705,-72.87433624
192.64221191,-65.75106049
192.83294678,-55.20255280
193.02368164,-52.18210220
193.21441650,-55.06814575
193.40515137,-56.72869873
193.59588623,-56.74010849
193.78662109,-61.26909637
193.97735596,-64.71772766
194.16809082,-63.32022858
194.35882568,-64.91993713
194.54956055,-56.29253387
194.74029541,-56.73004532
194.93103027,-55.38892746
195.12176514,-57.81600571
195.31250000,-56.65921021
195.50323486,-67.16394043
195.69396973,-52.36346436
195.88470459,-53.59877014
196.07543945,-61.04315948
196.26617432,-54.70781326
196.45690918,-54.19222260
196.64764404,-54.66917038
196.83837891,-55.80830383
197.02911377,-55.86242676
197.21984863,-53.62444305
197.41058350,-57.27750778
197.60131836,-65.06720734
197.79205322,-58.81666183
197.98278809,-68.89817047
198.17352295,-57.98706818
198.36425781,-58.77857590
198.55499268,-62.80626678
198.74572754,-59.66679382
198.93646240,-61.23133087
199.12719727,-58.77046585
199.31793213,-59.24343109
199.50866699,-60.05491257
199.69940186,-59.49501419
199.89013672,-53.99554443
200.08087158,-53.22586823
200.27160645,-54.80996704
200.46234131,-53.10297394
200.65307617,-54.42064285
200.84381104,-60.62548065
201.03454590,-63.65735626
201.22528076,-60.11403656
201.41601562,-55.44191742
201.60675049,-50.91815948
201.79748535,-53.36712646
201.98822021,-54.02314758
202.17895508,-54.10606384
202.36968994,-57.25434113
202.56042480,-62.92151642
202.75115967,-70.05715179
202.94189453,-56.89392471
203.13262939,-57.23823166
203.32336426,-64.66460419
203.51409912,-59.38177490
203.70483398,-61.12226868
203.89556885,-65.15933228
204.08630371,-59.85117340
204.27703857,-59.86312103
204.46777344,-60.23551559
204.65850830,-56.42908096
204.84924316,-55.53856277
205.03997803,-68.26338196
205.23071289,-55.46133423
205.42144775,-51.06206512
205.61218262,-52.83547211
205.80291748,-56.06655502
205.99365234,-56.53775787
206.18438721,-55.32201767
206.37512207,-56.24681091
206.56585693,-55.44029617
206.75659180,-52.36795807
206.94732666,-68.95797729
207.13806152,-57.56607056
207.32879639,-60.21914673
207.51953125,-65.95964050
207.71026611,-64.67471313
207.90100098,-71.49536133
208.09173584,-59.32312393
208.28247070,-51.72201157
208.47320557,-51.58541107
208.66394043,-62.21669006
208.85467529,-57.74280930
209.04541016,-51.98473358
209.23614502,-53.05131531
209.42687988,-61.08001709
209.61761475,-68.27178192
209.80834961,-54.78013611
209.99908447,-54.70556259
210.18981934,-67.09532928
210.38055420,-62.24077225
210.57128906,-64.84047699
210.76202393,-58.52719116
210.95275879,-55.48228455
211.14349365,-56.74501038
211.33422852,-56.30815887
211.52496338,-55.82549667
211.71569824,-52.64669037
211.90643311,-54.30027390
212.09716797,-62.89675140
212.28790283,-54.47377014
212.47863770,-58.07873154
212.66937256,-57.99575043
212.86010742,-54.36908722
213.05084229,-56.67755127
213.24157715,-58.66853714
213.43231201,-59.46820831
213.62304688,-60.11397934
213.81378174,-59.19978333
214.00451660,-57.13623047
214.19525146,-59.38191223
214.38598633,-65.55662537
214.57672119,-56.91653824
214.76745605,-55.61863708
214.95819092,-60.90010071
215.14892578,-57.94097137
215.33966064,-51.70698547
215.53039551,-52.53264618
215.72113037,-54.73037338
215.91186523,-57.96947098
216.10260010,-60.58674240
216.29333496,-55.79879761
216.48406982,-55.82010269
216.67480469,-56.60271454
216.86553955,-60.55574799
217.05627441,-59.89499664
217.24700928,-57.63984299
217.43774414,-57.94197083
217.62847900,-57.25814438
217.81921387,-57.13161469
218.00994873,-58.00735855
218.20068359,-55.61384583
218.39141846,-55.36283493
218.58215332,-55.09669495
218.77288818,-55.45434570
218.96362305,-50.94043350
219.15435791,-50.40007019
219.34509277,-57.52443695
219.53582764,-55.78660583
219.72656250,-49.95173645
219.91729736,-50.34813309
220.10803223,-50.54241562
220.29876709,-50.94589615
220.48950195,-54.93341446
220.68023682,-57.95747375
220.87097168,-60.69097900
221.06170654,-58.50951385
221.25244141,-59.37549210
221.44317627,-69.64697266
221.63391113,-61.80392456
221.82464600,-76.64463043
222.01538086,-59.69016647
222.20611572,-52.87471390
222.39685059,-49.75244904
222.58758545,-50.70445633
222.77832031,-55.29375458
222.96905518,-60.00292969
223.15979004,-53.55330658
223.35052490,-49.69794464
223.54125977,-52.28385925
223.73199463,-62.04392242
223.92272949,-60.09580231
224.11346436,-65.50394440
224.30419922,-54.32453537
224.49493408,-53.44151306
224.68566895,-61.17450714
224.87640381,-59.00461578
225.06713867,-55.58745956
225.25787354,-53.38515472
225.44860840,-54.02138519
225.63934326,-61.72894287
225.83007812,-59.33908081
226.02081299,-53.51073837
226.21154785,-57.16083527
226.40228271,-59.75352478
226.59301758,-57.94086456
226.78375244,-58.66641998
226.97448730,-59.29047394
227.16522217,-58.77714157
227.35595703,-56.53197861
227.54669189,-53.35511017
227.73742676,-54.75033569
227.92816162,-62.92688370
228.11889648,-68.41793823
228.30963135,-63.16196442
228.50036621,-59.49270630
228.69110107,-56.79787445
228.88183594,-58.18256378
229.07257080,-75.20743561
229.26330566,-58.25531769
229.45404053,-60.59321594
229.64477539,-73.55813599
229.83551025,-64.48321533
230.02624512,-59.96864319
230.21697998,-61.78115082
230.40771484,-63.10499191
230.59844971,-56.71634674
230.78918457,-57.13593292
230.97991943,-54.83585739
231.17065430,-53.25148773
231.36138916,-52.76380539
231.55212402,-53.80318451
231.74285889,-52.85571671
231.93359375,-51.57680893
232.12432861,-55.37055969
232.31506348,-68.72833252
232.50579834,-61.23996353
232.69653320,-56.64941788
232.88726807,-56.28341675
233.07800293,-60.90269470
233.26873779,-61.62338257
233.45947266,-53.75732040
233.65020752,-55.80568695
233.84094238,-62.95333481
234.03167725,-66.42851257
234.22241211,-80.23046875
234.41314697,-65.84565735
234.60388184,-67.76735687
234.79461670,-61.26935959
234.98535156,-56.30634689
235.17608643,-62.06902313
235.36682129,-67.71907806
235.55755615,-56.57779694
235.74829102,-53.00870514
235.93902588,-54.43085480
236.12976074,-67.50990295
236.32049561,-56.40461731
236.51123047,-54.89788818
236.70196533,-59.39674759
236.89270020,-63.12234497
237.08343506,-56.20507050
237.27416992,-53.58344650
237.46490479,-51.21390915
237.65563965,-51.42990112
237.84637451,-58.42902756
238.03710938,-60.53037262
238.22784424,-57.19725800
238.41857910,-61.31827545
238.60931396,-64.83599091
238.80004883,-56.83412933
238.99078369,-55.05683899
239.18151855,-59.83060837
239.37225342,-58.52966690
239.56298828,-56.61361313
239.75372314,-60.99052811
239.94445801,-51.87682343
240.13519287,-52.03986359
240.32592773,-54.34915924
240.51666260,-56.51695251
240.70739746,-64.71330261
240.89813232,-59.34474945
241.08886719,-60.02349472
241.27960205,-61.93509674
241.47033691,-53.82090759
241.66107178,-51.90706635
241.85180664,-57.07749176
242.04254150,-58.03390503
242.23327637,-52.89430237
242.42401123,-56.14239502
242.61474609,-57.86099243
242.80548096,-53.38006592
242.99621582,-57.03457642
243.18695068,-63.41374207
243.37768555,-57.42401505
243.56842041,-58.32089233
243.75915527,-56.97818375
243.94989014,-57.74655151
244.14062500,-67.81797791
244.33135986,-68.16525269
244.52209473,-62.15562820
244.71282959,-65.09566498
244.90356445,-59.83464813
245.09429932,-61.76891708
245.28503418,-62.69184494
245.47576904,-57.78100586
245.66650391,-56.72015381
245.85723877,-61.07810974
246.04797363,-57.37670135
246.23870850,-54.60288620
246.42944336,-56.76496887
246.62017822,-62.21608734
246.81091309,-58.09485626
247.00164795,-59.06007385
247.19238281,-55.37526703
247.38311768,-55.83479309
247.57385254,-56.52945709
247.76458740,-54.32876968
247.95532227,-51.86042023
248.14605713,-51.82424545
248.33679199,-54.83390427
248.52752686,-58.10552979
248.71826172,-60.74093628
248.90899658,-58.98238373
249.09973145,-63.50532150
249.29046631,-61.67654419
249.48120117,-53.03102875
249.67193604,-54.51499557
249.86267090,-62.74295044
250.05340576,-62.14999771
250.24414062,-62.19352722
250.43487549,-65.56224060
250.62561035,-56.65474701
250.81634521,-52.98160172
251.00708008,-51.37734222
251.19781494,-53.33554840
251.38854980,-55.28865433
251.57928467,-61.33911514
251.77001953,-57.31328583
251.96075439,-61.63351440
252.15148926,-58.52103424
252.34222412,-52.76487732
252.53295898,-56.01779556
252.72369385,-61.84532547
252.91442871,-56.39091110
253.10516357,-55.13918304
253.29589844,-67.09487915
253.48663330,-58.98405075
253.67736816,-55.16299820
253.86810303,-51.55278015
254.05883789,-54.34123230
254.24957275,-68.10977936
254.44030762,-53.83026886
254.63104248,-52.40301132
254.82177734,-54.36357880
255.01251221,-59.45362473
255.20324707,-56.72069168
255.39398193,-56.56694412
255.58471680,-58.43333817
255.77545166,-56.56944275
255.96618652,-51.79544449
256.15692139,-50.41157532
256.34765625,-54.13500214
256.53839111,-62.42856598
256.72912598,-60.40119934
256.91986084,-53.77179718
257.11059570,-53.87673950
257.30133057,-53.14282227
257.49206543,-53.87120819
257.68280029,-63.62996674
257.87353516,-61.93711090
258.06427002,-71.68041229
258.25500488,-55.50964737
258.44573975,-51.24738693
258.63647461,-51.45291901
258.82720947,-52.81437302
259.01794434,-54.33506775
259.20867920,-53.32309723
259.39941406,-55.46970367
259.59014893,-66.47081757
259.78088379,-52.84697723
259.97161865,-52.19783020
260.16235352,-54.68268967
260.35308838,-54.88630295
260.54382324,-54.67947388
260.73455811,-60.30675507
260.92529297,-88.80908966
261.11602783,-58.86382294
261.30676270,-51.98861694
261.49749756,-50.77944946
261.68823242,-52.46070099
261.87896729,-51.91252899
262.06970215,-50.15964890
262.26043701,-51.39421082
262.45117188,-58.75727081
262.64190674,-58.62949371
262.83264160,-58.21944427
263.02337646,-62.86663055
263.21411133,-58.61713409
263.40484619,-54.51546478
263.59558105,-51.69389343
263.78631592,-50.68732834
263.97705078,-53.10511780
264.16778564,-55.95176697
264.35852051,-58.98834229
264.54925537,-63.83105850
264.73999023,-65.81760406
264.93072510,-60.01943207
265.12145996,-58.02468109
265.31219482,-73.47116089
265.50292969,-58.00222015
265.69366455,-59.71313477
265.88439941,-67.73321533
266.07513428,-69.67371368
266.26586914,-77.14014435
266.45660400,-67.44100189
266.64733887,-62.07768250
266.83807373,-63.79650116
267.02880859,-64.75353241
267.21954346,-56.49263382
267.41027832,-69.29096985
267.60101318,-59.17443848
267.79174805,-59.03773499
267.98248291,-62.89822388
268.17321777,-58.45284271
268.36395264,-56.07843018
268.55468750,-53.63041687
268.74542236,-54.02014923
268.93615723,-58.13209915
269.12689209,-63.28953552
269.31762695,-63.77552032
269.50836182,-63.76632690
269.69909668,-61.98077774
269.88983154,-54.77340698
270.08056641,-55.26502991
270.27130127,-58.53887558
270.46203613,-54.48699188
270.65277100,-52.83519363
270.84350586,-54.94970322
271.03424072,-57.46022797
271.22497559,-59.17953110
271.41571045,-70.34740448
271.60644531,-62.72946930
271.79718018,-64.12020111
271.98791504,-63.27220917
272.17864990,-61.57236099
272.36938477,-59.17784882
272.56011963,-54.32056808
272.75085449,-49.68510056
272.94158936,-49.70912552
273.13232422,-58.23594666
273.32305908,-65.33845520
273.51379395,-64.17450714
273.70452881,-53.89879227
273.89526367,-56.58197403
274.08599854,-59.17451859
274.27673340,-54.00682068
274.46746826,-53.27629852
274.65820312,-54.45039368
274.84893799,-52.77616119
275.03967285,-48.60195923
275.23040771,-46.59645462
275.42114258,-50.42029572
275.61187744,-57.69557190
275.80261230,-58.58818054
275.99334717,-66.29459381
276.18408203,-62.69611359
276.37481689,-59.00729752
276.56555176,-63.11594009
276.75628662,-58.30079651
276.94702148,-53.42450714
277.13775635,-63.04792023
277.32849121,-58.12013245
277.51922607,-53.57743073
277.70996094,-51.66223526
277.90069580,-51.90959549
278.09143066,-57.87550354
278.28216553,-60.26546478
278.47290039,-59.78305054
278.66363525,-65.87287140
278.85437012,-68.03446198
279.04510498,-59.20621872
279.23583984,-55.11911774
279.42657471,-55.30102539
279.61730957,-55.11141968
279.80804443,-50.21736145
279.99877930,-49.50684357
280.18951416,-50.56288147
280.38024902,-54.33339691
280.57098389,-66.62349701
280.76171875,-62.55258179
280.95245361,-72.82759094
281.14318848,-61.46327591
281.33392334,-57.40568542
281.52465820,-55.87726974
281.71539307,-58.13679123
281.90612793,-56.84234619
282.09686279,-54.09539032
282.28759766,-52.80142975
282.47833252,-59.36299133
282.66906738,-51.82622910
282.85980225,-49.75997543
283.05053711,-51.65628815
283.24127197,-51.34716797
283.43200684,-54.08853531
283.62274170,-63.69631958
283.81347656,-67.62841797
284.00421143,-61.12074280
284.19494629,-57.19910431
284.38568115,-55.59513092
284.57641602,-58.45421600
284.76715088,-64.31982422
284.95788574,-63.11605072
285.14862061,-61.94158554
285.33935547,-56.20828247
285.53009033,-54.16199493
285.72082520,-51.45390320
285.91156006,-52.80597687
286.10229492,-58.82041168
286.29302979,-81.60627747
286.48376465,-60.74074554
286.67449951,-59.65846252
286.86523438,-58.35604858
287.05596924,-56.66948318
287.24670410,-61.89678574
287.43743896,-77.97178650
287.62817383,-72.56982422
287.81890869,-59.02395630
288.00964355,-53.56048584
288.20037842,-59.89399338
288.39111328,-53.71362305
288.58184814,-50.48438644
288.77258301,-51.34963608
288.96331787,-53.49942780
289.15405273,-57.60811234
289.34478760,-53.58620071
289.53552246,-49.88980865
289.72625732,-51.33665466
289.91699219,-56.30565643
290.10772705,-63.64541626
290.29846191,-65.96152496
290.48919678,-66.22142029
290.67993164,-61.63487244
290.87066650,-52.58097839
291.06140137,-52.95364761
291.25213623,-65.08171844
291.44287109,-57.65030670
291.63360596,-53.25188446
291.82434082,-53.59619904
292.01507568,-62.56851959
292.20581055,-71.26564026
292.39654541,-70.35530853
292.58728027,-63.28916168
292.77801514,-55.18594360
292.96875000,-54.80416107
293.15948486,-69.09250641
293.35021973,-75.38211060
293.54095459,-55.09166336
293.73168945,-49.71221542
293.92242432,-49.67823410
294.11315918,-54.63275146
294.30389404,-60.72454071
294.49462891,-59.57307434
294.68536377,-61.17750549
294.87609863,-67.44602203
295.06683350,-70.24216461
295.25756836,-61.82579803
295.44830322,-58.27116394
295.63903809,-57.04061508
295.82977295,-56.65286255
296.02050781,-58.02599335
296.21124268,-61.90734482
296.40197754,-59.51373672
296.59271240,-62.54907990
296.78344727,-65.33258820
296.97418213,-67.89277649
297.16491699,-60.07283020
297.35565186,-52.97512817
297.54638672,-52.10974884
297.73712158,-55.50199890
297.92785645,-58.10072327
298.11859131,-61.98936844
298.30932617,-50.03084564
298.50006104,-47.98681259
298.69079590,-52.32560730
298.88153076,-61.11637497
299.07226562,-68.18759918
299.26300049,-58.22251892
299.45373535,-51.36177826
299.64447021,-48.01149368
299.83520508,-51.06172943
300.02593994,-56.96656036
300.21667480,-54.74289703
300.40740967,-52.98711395
300.59814453,-52.95587540
300.78887939,-57.56290436
300.97961426,-63.56969833
301.17034912,-59.05610657
301.36108398,-53.36200714
301.55181885,-51.73271561
301.74255371,-51.03023529
301.93328857,-50.40174866
302.12402344,-52.59078598
302.31475830,-60.61882782
302.50549316,-65.61074829
302.69622803,-58.86541367
302.88696289,-57.81653595
303.07769775,-62.55307770
303.26843262,-63.93058777
303.45916748,-55.59301376
303.64990234,-55.75548553
303.84063721,-67.92819977
304.03137207,-59.46335220
304.22210693,-56.26111603
304.41284180,-56.79218292
304.60357666,-61.17745972
304.79431152,-59.34707642
304.98504639,-54.88323212
305.17578125,-53.86893463
305.36651611,-58.24761200
305.55725098,-58.57357025
305.74798584,-57.28239441
305.93872070,-57.88784027
306.12945557,-56.63845444
306.32019043,-58.44933319
306.51092529,-58.45617294
306.70166016,-57.50173569
306.89239502,-54.45952606
307.08312988,-53.94914627
307.27386475,-57.65594482
307.46459961,-67.49276733
307.65533447,-59.75151443
307.84606934,-60.72341537
308.03680420,-55.18259048
308.22753906,-51.88058472
308.41827393,-55.89881516
308.60900879,-64.65071106
308.79974365,-55.23503113
308.99047852,-54.83354950
309.18121338,-55.61278534
309.37194824,-54.82829285
309.56268311,-56.23777390
309.75341797,-61.07879639
309.94415283,-60.41581726
310.13488770,-55.53977203
310.32562256,-56.38751602
310.51635742,-61.65365219
310.70709229,-54.08521652
310.89782715,-50.90229797
311.08856201,-48.80122375
311.27929688,-48.46923828
311.47003174,-49.51462173
311.66076660,-52.55636597
311.85150146,-59.09961700
312.04223633,-62.90824509
312.23297119,-64.93618774
312.42370605,-59.75412750
312.61444092,-62.93915558
312.80517578,-68.21035004
312.99591064,-56.95079422
313.18664551,-53.44718170
313.37738037,-58.49229813
313.56811523,-60.77214813
313.75885010,-55.56277847
313.94958496,-51.41725159
314.14031982,-48.80243683
314.33105469,-51.11851120
314.52178955,-64.47483826
314.71252441,-62.60078049
314.90325928,-61.65264511
315.09399414,-54.60704422
315.28472900,-55.62958527
315.47546387,-65.50423431
315.66619873,-71.27603912
315.85693359,-60.36613846
316.04766846,-54.41995239
316.23840332,-52.41055298
316.42913818,-56.71408844
316.61987305,-70.71312714
316.81060791,-65.60649109
317.00134277,-56.98975372
317.19207764,-54.69333649
317.38281250,-57.25269318
317.57354736,-58.01761246
317.76428223,-57.50177383
317.95501709,-62.94815445
318.14575195,-66.81794739
318.33648682,-60.14665604
318.52722168,-51.88860321
318.71795654,-52.10199738
318.90869141,-55.07897186
319.09942627,-53.96098328
319.29016113,-57.13517761
319.48089600,-58.61383057
319.67163086,-56.29513168
319.86236572,-54.88745880
320.05310059,-52.14175415
320.24383545,-55.18774414
320.43457031,-60.54334259
320.62530518,-56.77697754
320.81604004,-58.43412781
321.00677490,-59.05370331
321.19750977,-63.60811615
321.38824463,-59.03237915
321.57897949,-56.31605148
321.76971436,-58.38362885
321.96044922,-61.41927338
322.15118408,-61.46609879
322.34191895,-53.55981827
322.53265381,-51.47307587
322.72338867,-57.48926544
322.91412354,-61.95134735
323.10485840,-55.40760040
323.29559326,-53.91116714
323.48632812,-54.90293503
323.67706299,-58.09724808
323.86779785,-62.22613525
324.05853271,-68.78540802
324.24926758,-59.61868286
324.44000244,-55.96244431
324.63073730,-55.38577652
324.82147217,-55.82292938
325.01220703,-59.22303772
325.20294189,-57.97912598
325.39367676,-58.56444931
325.58441162,-66.71183777
325.77514648,-64.65369415
325.96588135,-63.57066727
326.15661621,-53.09796143
326.34735107,-52.90134048
326.53808594,-57.15484238
326.72882080,-53.36119080
326.91955566,-52.86435699
327.11029053,-56.05847931
327.30102539,-55.69748306
327.49176025,-58.02688217
327.68249512,-66.69185638
327.87322998,-69.52656555
328.06396484,-67.28631592
328.25469971,-63.31745148
328.44543457,-59.81736755
328.63616943,-59.52968979
328.82690430,-55.48186874
329.01763916,-52.41286850
329.20837402,-59.19178772
329.39910889,-53.09259796
329.58984375,-49.91452026
329.78057861,-48.96374512
329.97131348,-50.16494370
330.16204834,-52.04405975
330.35278320,-53.76581573
330.54351807,-57.11235428
330.73425293,-58.50472260
330.92498779,-60.61774445
331.11572266,-58.54494095
331.30645752,-60.24896240
331.49719238,-62.66810989
331.68792725,-52.85056686
331.87866211,-48.23644257
332.06939697,-49.27620697
332.26013184,-53.85152435
332.45086670,-57.01063538
332.64160156,-54.34337234
332.83233643,-51.55872726
333.02307129,-49.08452606
333.21380615,-53.01041031
333.40454102,-53.30564499
333.59527588,-52.91223526
333.78601074,-59.39514542
333.97674561,-69.55107117
334.16748047,-63.96032333
334.35821533,-79.63150787
334.54895020,-59.30048370
334.73968506,-51.67576599
334.93041992,-48.75865555
335.12115479,-50.20859146
335.31188965,-55.81404877
335.50262451,-64.56710052
335.69335938,-62.78839874
335.88409424,-52.38552475
336.07482910,-52.59689331
336.26556396,-66.65788269
336.45629883,-61.68320084
336.64703369,-67.30953217
336.83776855,-57.56733322
337.02850342,-69.61832428
337.21923828,-61.52523422
337.40997314,-57.43562698
337.60070801,-54.30007553
337.79144287,-54.27774811
337.98217773,-58.40130234
338.17291260,-59.25708008
338.36364746,-59.62463760
338.55438232,-55.58216858
338.74511719,-57.13992691
338.93585205,-57.53939056
339.12658691,-54.32645798
339.31732178,-60.46044922
339.50805664,-54.85752487
339.69879150,-51.72375488
339.88952637,-52.47649384
340.08026123,-52.89597321
340.27099609,-54.20337296
340.46173096,-59.61697388
340.65246582,-59.23146057
340.84320068,-53.90737915
341.03393555,-62.13791656
341.22467041,-53.20061493
341.41540527,-52.59188843
341.60614014,-58.27125168
341.79687500,-54.71989441
341.98760986,-61.45999146
342.17834473,-66.54891205
342.36907959,-59.55129242
342.55981445,-55.23990631
342.75054932,-56.03027344
342.94128418,-63.61364746
343.13201904,-62.65716553
343.32275391,-65.99417114
343.51348877,-56.28656387
343.70422363,-55.05101776
343.89495850,-67.57698059
344.08569336,-60.00195312
344.27642822,-60.51488495
344.46716309,-68.35444641
344.65789795,-55.23685074
344.84863281,-54.46674728
345.03936768,-65.77721405
345.23010254,-55.06181717
345.42083740,-52.71767426
345.61157227,-58.10662079
345.80230713,-66.89427185
345.99304199,-62.54981995
346.18377686,-64.38381195
346.37451172,-55.84504700
346.56524658,-52.35536194
346.75598145,-55.95186615
346.94671631,-61.79770660
347.13745117,-57.24240875
347.32818604,-55.34880829
347.51892090,-63.35298538
347.70965576,-55.58903122
347.90039062,-52.13787079
348.09112549,-51.05260468
348.28186035,-50.67428207
348.47259521,-52.58808136
348.66333008,-55.39982224
348.85406494,-66.27713013
349.04479980,-56.97394562
349.23553467,-51.65238953
349.42626953,-51.83065033
349.61700439,-55.46145630
349.80773926,-59.49717712
349.99847412,-60.49109650
350.18920898,-72.52279663
350.37994385,-66.18248749
350.57067871,-65.47206879
350.76141357,-63.28201294
350.95214844,-62.79128265
351.14288330,-71.18696594
351.33361816,-58.40356445
351.52435303,-54.79442215
351.71508789,-53.89258575
351.90582275,-56.34567642
352.09655762,-62.19234848
352.28729248,-58.50843811
352.47802734,-57.56423569
352.66876221,-59.13550949
352.85949707,-58.87454987
353.05023193,-52.81669617
353.24096680,-51.46550751
353.43170166,-52.98621750
353.62243652,-55.48943329
353.81317139,-73.09849548
354.00390625,-54.24842453
354.19464111,-53.36402512
354.38537598,-54.62391281
354.57611084,-55.16289520
354.76684570,-54.51464844
354.95758057,-56.62712097
355.14831543,-59.89593124
355.33905029,-60.66999817
355.52978516,-57.68650436
355.72052002,-56.78794479
355.91125488,-63.25544357
356.10198975,-65.47382355
356.29272461,-58.20118713
356.48345947,-50.06150818
356.67419434,-47.64833832
356.86492920,-49.30120468
357.05566406,-52.75361633
357.24639893,-60.95425034
357.43713379,-67.94924164
357.62786865,-60.20025635
357.81860352,-57.20998383
358.00933838,-57.88182831
358.20007324,-50.78341675
358.39080811,-51.41041183
358.58154297,-57.02124786
358.77227783,-57.81080627
358.96301270,-61.39911652
359.15374756,-76.45583344
359.34448242,-59.26824951
359.53521729,-56.19095612
359.72595215,-54.56103516
359.91668701,-56.54521942
360.10742188,-62.45972443
360.29815674,-53.05689240
360.48889160,-51.11861420
360.67962646,-50.54141998
360.87036133,-50.50838470
361.06109619,-50.09474945
361.25183105,-49.80217361
361.44256592,-49.48793030
361.63330078,-51.74174500
361.82403564,-57.71088028
362.01477051,-67.00875092
362.20550537,-64.80777740
362.39624023,-57.91025543
362.58697510,-54.85530472
362.77770996,-57.02116013
362.96844482,-68.65302277
363.15917969,-65.97849274
363.34991455,-60.06206894
363.54064941,-56.61464691
363.73138428,-51.38950729
363.92211914,-49.60810089
364.11285400,-51.93835449
364.30358887,-56.33096695
364.49432373,-57.23181152
364.68505859,-54.32539368
364.87579346,-56.32773590
365.06652832,-54.45563889
365.25726318,-50.96969223
365.44799805,-50.02921677
365.63873291,-53.35681915
365.82946777,-55.23200226
366.02020264,-53.79073715
366.21093750,-55.50756073
366.40167236,-56.39050293
366.59240723,-60.27050018
366.78314209,-56.75483322
366.97387695,-52.54867935
367.16461182,-53.98845291
367.35534668,-66.21418762
367.54608154,-52.96386337
367.73681641,-56.42977142
367.92755127,-62.38080978
368.11828613,-53.10898590
368.30902100,-52.19197083
368.49975586,-54.60064316
368.69049072,-60.71409225
368.88122559,-72.20347595
369.07196045,-77.58202362
369.26269531,-64.83033752
369.45343018,-56.85456085
369.64416504,-56.06544495
369.83489990,-59.32976151
370.02563477,-58.37208176
370.21636963,-67.65955353
370.40710449,-74.24861145
370.59783936,-64.45715332
370.78857422,-60.54801178
370.97930908,-65.60598755
371.17004395,-64.07589722
371.36077881,-54.38660431
371.55151367,-51.17474365
371.74224854,-53.98635101
371.93298340,-57.77449799
372.12371826,-58.24581909
372.31445312,-54.89276505
372.50518799,-54.91901016
372.69592285,-54.30126953
372.88665771,-50.51682281
373.07739258,-53.22856522
373.26812744,-57.30472565
373.45886230,-56.46448135
373.64959717,-53.54550171
373.84033203,-57.17758560
374.03106689,-55.88105011
374.22180176,-55.38753510
374.41253662,-58.93476105
374.60327148,-59.83551788
374.79400635,-56.67999268
374.98474121,-53.42692947
375.17547607,-54.38813019
375.36621094,-59.77551270
375.55694580,-63.14688110
375.74768066,-63.01721191
375.93841553,-84.74676514
376.12915039,-59.55044556
376.31988525,-60.46531296
376.51062012,-60.67833710
376.70135498,-54.89614105
376.89208984,-57.85186386
377.08282471,-66.20191193
377.27355957,-63.43449402
377.46429443,-64.11888123
377.65502930,-66.75679016
377.84576416,-65.89411926
378.03649902,-55.48213959
378.22723389,-54.39614868
378.41796875,-63.45272827
378.60870361,-58.41605377
378.79943848,-59.67255402
378.99017334,-68.39890289
379.18090820,-59.17367935
379.37164307,-59.54055023
379.56237793,-55.00580597
379.75311279,-56.06839752
379.94384766,-56.90450287
380.13458252,-55.27465820
380.32531738,-54.06219864
380.51605225,-55.74018860
380.70678711,-58.22005844
380.89752197,-56.30681992
381.08825684,-57.41217804
381.27899170,-63.59836197
381.46972656,-59.77691650
381.66046143,-56.80762863
381.85119629,-57.52014160
382.04193115,-58.39553833
382.23266602,-56.03092957
382.42340088,-53.93775177
382.61413574,-59.30256653
382.80487061,-66.12983704
382.99560547,-63.46178055
383.18634033,-53.67014313
383.37707520,-51.32245636
383.56781006,-51.82781601
383.75854492,-54.36473465
383.94927979,-57.84164810
384.14001465,-57.48842239
384.33074951,-60.33887863
384.52148438,-53.83826828
384.71221924,-52.96701431
384.90295410,-63.02423477
385.09368896,-58.30953217
385.28442383,-57.44210052
385.47515869,-64.79943085
385.66589355,-57.54700089
385.85662842,-57.79716492
386.04736328,-51.63960266
386.23809814,-49.52184296
386.42883301,-52.49532318
386.61956787,-55.46062469
386.81030273,-56.97407150
387.00103760,-56.38441086
387.19177246,-52.40920639
387.38250732,-53.14212799
387.57324219,-57.50183487
387.76397705,-56.71100998
387.95471191,-54.18090057
388.14544678,-61.29247665
388.33618164,-56.84367371
388.52691650,-53.74213409
388.71765137,-55.71355438
388.90838623,-55.58766174
389.09912109,-56.85620117
389.28985596,-64.60984039
389.48059082,-69.31260681
389.67132568,-62.10803223
389.86206055,-54.69641113
390.05279541,-53.01006699
390.24353027,-52.41640472
390.43426514,-51.24926758
390.62500000,-53.21779633
390.81573486,-58.97034073
391.00646973,-60.58941650
391.19720459,-63.04991913
391.38793945,-59.53887177
391.57867432,-56.20059204
391.76940918,-61.50026703
391.96014404,-68.86225128
392.15087891,-57.19682312
392.34161377,-51.65604401
392.53234863,-50.32453156
392.72308350,-49.22531891
392.91381836,-51.01744843
393.10455322,-52.33394623
393.29528809,-51.10234833
393.48602295,-53.72744751
393.67675781,-76.07384491
393.86749268,-60.73625183
394.05822754,-56.59286118
394.24896240,-57.76225281
394.43969727,-64.90401459
394.63043213,-60.05331039
394.82116699,-55.39103699
395.01190186,-55.90300751
395.20263672,-68.53982544
395.39337158,-54.41337585
395.58410645,-53.53849030
395.77484131,-55.12971878
395.96557617,-56.29782867
396.15631104,-58.94008255
396.34704590,-78.43914795
396.53778076,-60.03368378
396.72851562,-57.29009628
396.91925049,-56.99197769
397.10998535,-57.01746368
397.30072021,-63.85600281
397.49145508,-65.25440216
397.68218994,-64.15013885
397.87292480,-77.20057678
398.06365967,-63.48391724
398.25439453,-65.75545502
398.44512939,-54.99588013
398.63586426,-54.21089554
398.82659912,-53.97519684
399.01733398,-67.65511322
399.20806885,-60.39529800
399.39880371,-80.16646576
399.58953857,-59.49104309
399.78027344,-51.32254791
399.97100830,-48.58867264
400.16174316,-54.76557159
400.35247803,-57.77185059
400.54321289,-59.77639008
400.73394775,-58.98318863
400.92468262,-55.10591125
401.11541748,-60.97759247
401.30615234,-55.34779358
401.49688721,-55.55404282
401.68762207,-59.49237061
401.87835693,-58.37376404
402.06909180,-56.98496246
402.25982666,-58.19827271
402.45056152,-62.15504074
402.64129639,-60.76828003
402.83203125,-54.24808502
403.02276611,-52.05734634
403.21350098,-54.64256287
403.40423584,-66.31734467
403.59497070,-63.15058136
403.78570557,-58.68907547
403.97644043,-65.80229950
404.16717529,-58.59247208
404.35791016,-55.43264771
404.54864502,-57.89493942
404.73937988,-62.99955750
404.93011475,-58.87621307
405.12084961,-55.38033295
405.31158447,-54.89772034
405.50231934,-56.94059372
405.69305420,-56.02536774
405.88378906,-56.52406311
406.07452393,-70.02839661
406.26525879,-54.25893402
406.45599365,-51.14282990
406.64672852,-50.91556168
406.83746338,-51.84623718
407.02819824,-53.35810089
407.21893311,-52.78281403
407.40966797,-50.72708893
407.60040283,-52.57511520
407.79113770,-54.72718811
407.98187256,-65.37995148
408.17260742,-52.68577957
408.36334229,-51.09307861
408.55407715,-57.82020569
408.74481201,-68.40146637
408.93554688,-66.49136353
409.12628174,-68.98034668
409.31701660,-59.91376877
409.50775146,-56.14813995
409.69848633,-62.71196365
409.88922119,-56.65572357
410.07995605,-57.20865250
410.27069092,-57.69478607
410.46142578,-52.53731537
410.65216064,-51.80131531
410.84289551,-55.41255951
411.03363037,-57.28035736
411.22436523,-51.08704376
411.41510010,-50.00660706
411.60583496,-50.74217987
411.79656982,-51.30072021
411.98730469,-50.05252457
412.17803955,-51.99871063
412.36877441,-57.71585464
412.55950928,-55.51656723
412.75024414,-56.90987015
412.94097900,-53.55307770
413.13171387,-53.00536346
413.32244873,-58.03208923
413.51318359,-62.72005463
413.70391846,-56.86105347
413.89465332,-55.83770752
414.08538818,-53.80702591
414.27612305,-53.03042603
414.46685791,-55.25959396
414.65759277,-60.33143997
414.84832764,-60.80165863
415.03906250,-60.08487320
415.22979736,-54.88940811
415.42053223,-53.71254349
415.61126709,-59.59127808
415.80200195,-57.91285706
415.99273682,-50.89364624
416.18347168,-49.54502869
416.37420654,-53.23229980
416.56494141,-60.11106873
416.75567627,-56.44413757
416.94641113,-56.97844696
417.13714600,-62.05215836
417.32788086,-58.50300217
417.51861572,-55.41755676
417.70935059,-57.72600555
417.90008545,-63.71807098
418.09082031,-61.56314468
418.28155518,-54.67955780
418.47229004,-53.90245056
418.66302490,-60.55729294
418.85375977,-59.52841187
419.04449463,-62.37434769
419.23522949,-57.06982422
419.42596436,-51.91284561
419.61669922,-54.56229401
419.80743408,-73.87679291
419.99816895,-59.83589554
420.18890381,-51.22554016
420.37963867,-52.46190643
420.57037354,-61.26527405
420.76110840,-66.22225952
420.95184326,-63.48338699
421.14257812,-63.49461365
421.33331299,-59.25344849
421.52404785,-54.03541946
421.71478271,-50.48543549
421.90551758,-58.25049591
422.09625244,-57.97966766
422.28698730,-52.84427643
422.47772217,-53.92579651
422.66845703,-50.91194534
422.85919189,-49.10625458
423.04992676,-49.44231415
423.24066162,-50.62953186
423.43139648,-56.48775482
423.62213135,-63.59039688
423.81286621,-55.18704987
424.00360107,-51.50007248
424.19433594,-48.69663620
424.38507080,-50.72768784
424.57580566,-57.78564072
424.76654053,-61.56393051
424.95727539,-56.41928101
425.14801025,-60.94579315
425.33874512,-55.28638840
425.52947998,-51.04530334
425.72021484,-52.52576447
425.91094971,-52.90471649
426.10168457,-50.66851044
426.29241943,-51.53319550
426.48315430,-56.13462067
426.67388916,-68.40628815
426.86462402,-60.09296036
427.05535889,-59.43947220
427.24609375,-67.54878998
427.43682861,-65.31472015
427.62756348,-56.95401764
427.81829834,-56.21518707
428.00903320,-60.04625702
428.19976807,-59.23125458
428.39050293,-55.30274963
428.58123779,-53.45333481
428.77197266,-59.62398911
428.96270752,-62.94594193
429.15344238,-64.61778259
429.34417725,-53.32530212
429.53491211,-50.21779633
429.72564697,-51.40610123
429.91638184,-50.97696304
430.10711670,-50.77091217
430.29785156,-52.45387650
430.48858643,-53.83071136
430.67932129,-53.89432526
430.87005615,-55.97405243
431.06079102,-57.56166840
431.25152588,-53.62558365
431.44226074,-53.78704834
431.63299561,-53.38317871
431.82373047,-51.89544678
432.01446533,-52.98481750
432.20520020,-56.30291748
432.39593506,-60.14307404
432.58666992,-68.23519135
432.77740479,-52.23270798
432.96813965,-51.04954147
433.15887451,-51.98173523
433.34960938,-52.18843460
433.54034424,-55.09557343
433.73107910,-58.03938293
433.92181396,-65.36622620
434.11254883,-60.11916351
434.30328369,-61.70346832
434.49401855,-54.28336334
434.68475342,-56.11801147
434.87548828,-65.03898621
435.06622314,-64.88369751
435.25695801,-70.69007874
435.44769287,-59.62815094
435.63842773,-55.30294418
435.82916260,-50.99967575
436.01989746,-48.49815750
436.21063232,-48.56039047
436.40136719,-51.85274506
436.59210205,-54.89475632
436.78283691,-53.81692505
436.97357178,-52.31720352
437.16430664,-51.08524704
437.35504150,-50.07507324
437.54577637,-53.77517700
437.73651123,-66.14660645
437.92724609,-58.99610519
438.11798096,-57.23910904
438.30871582,-56.37509155
438.49945068,-55.86523056
438.69018555,-58.68745804
438.88092041,-56.69969940
439.07165527,-57.00965881
439.26239014,-54.48311234
439.45312500,-53.13923645
439.64385986,-55.04343033
439.83459473,-55.31037140
440.02532959,-62.33054352
440.21606445,-61.58307648
440.40679932,-56.21108246
440.59753418,-54.86747742
440.78826904,-56.57972336
440.97900391,-67.65280914
441.16973877,-58.29065323
441.36047363,-58.70718002
441.55120850,-65.12746429
441.74194336,-69.22269440
441.93267822,-63.18500137
442.12341309,-62.24910355
442.31414795,-53.51845169
442.50488281,-50.61867523
442.69561768,-51.30318451
442.88635254,-54.67525101
443.07708740,-63.58230591
443.26782227,-55.83854675
443.45855713,-52.60957718
443.64929199,-52.06224823
443.84002686,-51.56142807
444.03076172,-52.39546204
444.22149658,-56.95783615
444.41223145,-62.68202972
444.60296631,-61.52793121
444.79370117,-56.37437439
444.98443604,-52.58357239
445.17517090,-52.99642563
445.36590576,-52.43270111
445.55664062,-52.53411865
445.74737549,-51.95442581
445.93811035,-51.65935898
446.12884521,-55.39751434
446.31958008,-70.81072235
446.51031494,-53.04449463
446.70104980,-51.19346619
446.89178467,-53.56719208
447.08251953,-52.58708954
447.27325439,-51.90769577
447.46398926,-55.26139069
447.65472412,-63.94666290
447.84545898,-59.04157257
448.03619385,-53.78890610
448.22692871,-53.53099823
448.41766357,-56.82929993
448.60839844,-59.98442078
448.79913330,-83.32083130
448.98986816,-55.04328156
449.18060303,-54.30207825
449.37133789,-63.97331619
449.56207275,-69.25207520
449.75280762,-62.35637665
449.94354248,-60.13883209
450.13427734,-56.92762375
450.32501221,-57.88550568
450.51574707,-55.15140915
450.70648193,-54.44639587
450.89721680,-64.29479218
451.08795166,-58.72264862
451.27868652,-56.56897736
451.46942139,-58.01807785
451.66015625,-63.34095383
451.85089111,-60.91434097
452.04162598,-57.50398636
452.23236084,-61.93981552
452.42309570,-60.88363266
452.61383057,-55.03762817
452.80456543,-59.50191116
452.99530029,-62.35668945
453.18603516,-54.33786774
453.37677002,-51.96498871
453.56750488,-54.33786774
453.75823975,-59.68482208
453.94897461,-58.77257919
454.13970947,-62.79099274
454.33044434,-62.69511414
454.52117920,-60.23239517
454.71191406,-59.41888809
454.90264893,-63.59072113
455.09338379,-58.60155487
455.28411865,-53.59489059
455.47485352,-55.35728073
455.66558838,-75.89198303
455.85632324,-58.28673935
456.04705811,-61.16614532
456.23779297,-68.90398407
456.42852783,-64.91323853
456.61926270,-61.39644241
456.80999756,-69.10720825
457.00073242,-62.71596527
457.19146729,-59.50009918
457.38220215,-63.76472092
457.57293701,-55.18973923
457.76367188,-54.07336807
457.95440674,-54.30981445
458.14514160,-50.59546661
458.33587646,-49.02648926
458.52661133,-50.27999878
458.71734619,-52.29706573
458.90808105,-52.52052689
459.09881592,-53.33674622
459.28955078,-55.83588028
459.48028564,-51.55693436
459.67102051,-49.32391739
459.86175537,-49.51393509
460.05249023,-51.37930298
460.24322510,-54.99254608
460.43395996,-65.58302307
460.62469482,-70.47833252
460.81542969,-61.92764282
461.00616455,-56.73271179
461.19689941,-51.87599182
461.38763428,-50.85514832
461.57836914,-56.76973343
461.76910400,-57.89228439
461.95983887,-58.65394211
462.15057373,-60.49808502
462.34130859,-54.96066284
462.53204346,-58.38679886
462.72277832,-60.30047607
462.91351318,-60.56893921
463.10424805,-56.47222519
463.29498291,-51.83681488
463.48571777,-55.78363800
463.67645264,-62.92802429
463.86718750,-59.02397156
464.05792236,-52.05027008
464.24865723,-50.12723923
464.43939209,-54.90224457
464.63012695,-74.56384277
464.82086182,-62.90775299
465.01159668,-62.72327042
465.20233154,-56.73830414
465.39306641,-54.95437241
465.58380127,-56.35183716
465.77453613,-57.53026962
465.96527100,-56.99996567
466.15600586,-57.58768463
466.34674072,-54.29872131
466.53747559,-53.00836945
466.72821045,-56.49353790
466.91894531,-60.96308899
467.10968018,-69.47328949
467.30041504,-68.30574036
467.49114990,-64.15253448
467.68188477,-62.40455246
467.87261963,-57.53412247
468.06335449,-59.08549881
468.25408936,-58.74754333
468.44482422,-58.45645905
468.63555908,-55.61758423
468.82629395,-52.69469452
469.01702881,-53.22140503
469.20776367,-59.09036636
469.39849854,-54.80424500
469.58923340,-53.86937714
469.77996826,-60.12940216
469.97070312,-57.83716202
470.16143799,-52.08603287
470.35217285,-49.53477478
470.54290771,-49.56912613
470.73364258,-51.14670563
470.92437744,-55.51576614
471.11511230,-61.26683807
471.30584717,-55.92071533
471.49658203,-52.26056671
471.68731689,-54.39043427
471.87805176,-58.66527176
472.06878662,-52.05187988
472.25952148,-50.17424774
472.45025635,-53.01727295
472.64099121,-63.21533585
472.83172607,-58.57902527
473.02246094,-58.24104691
473.21319580,-62.70025253
473.40393066,-60.45819092
473.59466553,-58.30303955
473.78540039,-57.54907990
473.97613525,-55.32180786
474.16687012,-56.35471344
474.35760498,-61.15010071
474.54833984,-58.45922089
474.73907471,-70.16339111
474.92980957,-61.26020050
475.12054443,-61.01581955
475.31127930,-65.82307434
475.50201416,-61.33380127
475.69274902,-57.63500595
475.88348389,-59.51602936
476.07421875,-64.81423187
476.26495361,-57.01790237
476.45568848,-56.07698059
476.64642334,-74.45334625
476.83715820,-59.41918945
477.02789307,-57.37865448
477.21862793,-59.63047028
477.40936279,-68.18063354
477.60009766,-58.79752731
477.79083252,-60.89070892
477.98156738,-64.11021423
478.17230225,-74.30470276
478.36303711,-56.56438828
478.55377197,-51.52564240
478.74450684,-55.66548157
478.93524170,-64.32902527
479.12597656,-66.31876373
479.31671143,-66.95475769
479.50744629,-59.40220642
479.69818115,-60.50342178
479.88891602,-61.79941559
480.07965088,-65.34843445
480.27038574,-60.00033951
480.46112061,-65.09268951
480.65185547,-65.82291412
480.84259033,-63.29079056
481.03332520,-71.32439423
481.22406006,-66.71249390
481.41479492,-60.02982330
481.60552979,-57.20275879
481.79626465,-55.19584656
481.98699951,-56.69471741
482.17773438,-59.53854370
482.36846924,-57.10483170
482.55920410,-60.70700836
482.74993896,-79.77745056
482.94067383,-60.20382309
483.13140869,-60.73919678
483.32214355,-62.69860840
483.51287842,-63.39233017
483.70361328,-68.78765869
483.89434814,-61.06590271
484.08508301,-59.39729309
484.27581787,-52.36423111
484.46655273,-50.13414383
484.65728760,-53.66873932
484.84802246,-58.40601349
485.03875732,-59.33845520
485.22949219,-53.51284409
485.42022705,-57.36510468
485.61096191,-84.11995697
485.80169678,-70.07881165
485.99243164,-57.00524902
486.18316650,-57.37314224
486.37390137,-63.57223511
486.56463623,-54.81147766
486.75537109,-54.74584961
486.94610596,-55.34973526
487.13684082,-55.79482651
487.32757568,-57.46725464
487.51831055,-52.72184372
487.70904541,-54.88021088
487.89978027,-62.13317108
488.09051514,-58.90035248
488.28125000,-56.45753479
488.47198486,-58.54321289
488.66271973,-57.16799927
488.85345459,-58.88068771
489.04418945,-62.41748428
489.23492432,-60.48662186
489.42565918,-54.10419846
489.61639404,-51.71737289
489.80712891,-58.60339355
489.99786377,-55.95490265
490.18859863,-53.17045593
490.37933350,-56.13460922
490.57006836,-57.47454071
490.76080322,-56.97225571
490.95153809,-55.41909027
491.14227295,-54.45793915
491.33300781,-57.40682602
491.52374268,-58.75001907
491.71447754,-60.28011322
491.90521240,-59.03071976
492.09594727,-54.72475433
492.28668213,-58.49242783
492.47741699,-63.42392349
492.66815186,-66.18467712
492.85888672,-73.10836029
493.04962158,-59.48099136
493.24035645,-54.20626831
493.43109131,-56.97943878
493.62182617,-63.55671310
493.81256104,-62.07972717
494.00329590,-68.56306458
494.19403076,-59.70484161
494.38476562,-52.20744705
494.57550049,-51.88516235
494.76623535,-53.94987488
494.95697021,-56.40154266
495.14770508,-54.64064789
495.33843994,-52.45605469
495.52917480,-54.88616180
495.71990967,-56.32916260
495.91064453,-60.59421539
496.10137939,-61.57077789
496.29211426,-57.28935623
496.48284912,-53.26112366
496.67358398,-54.89196777
496.86431885,-59.54258728
497.05505371,-52.85367584
497.24578857,-51.30429077
497.43652344,-59.31262589
497.62725830,-68.85276794
497.81799316,-65.16658020
498.00872803,-64.11154175
498.19946289,-55.22544479
498.39019775,-57.01332092
498.58093262,-55.60364151
498.77166748,-54.52748871
498.96240234,-58.33416367
499.15313721,-56.74184799
499.34387207,-54.41194916
499.53460693,-58.07735062
499.72534180,-65.11655426
499.91607666,-58.56539154
500.10681152,-55.19293213
500.29754639,-60.81138611
500.48828125,-59.07151794
500.67901611,-55.04084015
500.86975098,-54.48579788
501.06048584,-52.99544525
501.25122070,-53.65064621
501.44195557,-58.95632172
501.63269043,-75.12448883
501.82342529,-56.85106277
502.01416016,-53.42739105
502.20489502,-55.12401581
502.39562988,-55.44124985
502.58636475,-58.98037720
502.77709961,-56.79803467
502.96783447,-51.26228714
503.15856934,-49.51147461
503.34930420,-51.16069794
503.54003906,-58.23568344
503.73077393,-58.37063599
503.92150879,-52.70405579
504.11224365,-53.24936676
504.30297852,-55.53301239
504.49371338,-60.50477982
504.68444824,-61.83776474
504.87518311,-57.12808228
505.06591797,-54.08646393
505.25665283,-55.03137207
505.44738770,-58.53553391
505.63812256,-61.47536850
505.82885742,-61.06216431
506.01959229,-59.81646729
506.21032715,-75.70549011
506.40106201,-64.27191162
506.59179688,-65.72073364
506.78253174,-72.06562805
506.97326660,-67.92788696
507.16400146,-59.11855698
507.35473633,-54.63378525
507.54547119,-54.36809540
507.73620605,-56.25953293
507.92694092,-55.40739059
508.11767578,-52.61848450
508.30841064,-50.64521790
508.49914551,-50.19940186
508.68988037,-52.76319504
508.88061523,-57.44848633
509.07135010,-57.33168793
509.26208496,-54.53321457
509.45281982,-57.05228424
509.64355469,-67.00707245
509.83428955,-58.72441101
510.02502441,-70.50528717
510.21575928,-59.21450043
510.40649414,-54.39720154
510.59722900,-53.90171814
510.78796387,-57.31977844
510.97869873,-58.11062622
511.16943359,-54.17645264
511.36016846,-54.09786224
511.55090332,-61.73853302
511.74163818,-66.09579468
511.93237305,-76.91846466
512.12310791,-58.22982788
512.31384277,-58.19086075
512.50457764,-57.61825180
512.69531250,-57.43650055
512.88604736,-70.02705383
513.07678223,-53.55731201
513.26751709,-51.35882950
513.45825195,-51.10416412
513.64898682,-51.37554932
513.83972168,-54.56870651
514.03045654,-55.88731766
514.22119141,-57.55364990
514.41192627,-60.02914047
514.60266113,-61.84476471
514.79339600,-69.45277405
514.98413086,-58.29525757
515.17486572,-54.42783356
515.36560059,-59.05850220
515.55633545,-56.42044830
515.74707031,-56.31852722
515.93780518,-55.36082840
516.12854004,-58.10361862
516.31927490,-60.80715179
516.51000977,-54.84603119
516.70074463,-53.45332336
516.89147949,-52.14488983
517.08221436,-53.95712280
517.27294922,-60.02441788
517.46368408,-60.33335876
517.65441895,-56.78649139
517.84515381,-54.58183670
518.03588867,-52.11423492
518.22662354,-56.23702621
518.41735840,-67.39869690
518.60809326,-61.77084351
518.79882812,-69.39663696
518.98956299,-80.12203217
519.18029785,-64.57897949
519.37103271,-56.81792831
519.56176758,-53.01927948
519.75250244,-53.95702744
519.94323730,-57.82375336
520.13397217,-83.47313690
520.32470703,-58.39738464
520.51544189,-56.83292007
520.70617676,-61.56760406
520.89691162,-54.85292435
521.08764648,-48.57730865
521.27838135,-47.77793884
521.46911621,-53.84963226
521.65985107,-58.61131287
521.85058594,-57.98097229
522.04132080,-57.34260941
522.23205566,-56.34278870
522.42279053,-61.58947754
522.61352539,-55.92205811
522.80426025,-52.50939178
522.99499512,-53.92097855
523.18572998,-60.50328064
523.37646484,-67.99626923
523.56719971,-56.33792496
523.75793457,-54.20739746
523.94866943,-59.22407150
524.13940430,-56.72914505
524.33013916,-65.45211029
524.52087402,-58.25274658
524.71160889,-56.67997742
524.90234375,-75.85199738
525.09307861,-59.85086060
525.28381348,-66.13130951
525.47454834,-57.99303436
525.66528320,-56.94074631
525.85601807,-60.59887695
526.04675293,-60.20814514
526.23748779,-55.41353607
526.42822266,-57.91532516
526.61895752,-69.69537354
526.80969238,-59.14972305
527.00042725,-51.08528137
527.19116211,-50.79460144
527.38189697,-55.23049164
527.57263184,-59.58301163
527.76336670,-59.21786499
527.95410156,-58.04246902
528.14483643,-59.16819763
528.33557129,-57.05097198
528.52630615,-54.36301422
528.71704102,-54.52808762
528.90777588,-53.63203430
529.09851074,-54.78550720
529.28924561,-59.58126068
529.47998047,-58.89785004
529.67071533,-58.02952194
529.86145020,-63.50120544
530.05218506,-59.14935303
530.24291992,-62.48448181
530.43365479,-62.66247177
530.62438965,-66.05255890
530.81512451,-56.00669479
531.00585938,-53.21528625
531.19659424,-59.09936905
531.38732910,-58.74016190
531.57806396,-60.56377411
531.76879883,-63.80465698
531.95953369,-64.42206573
532.15026855,-56.30173492
532.34100342,-50.87194061
532.53173828,-52.43579483
532.72247314,-56.23834610
532.91320801,-61.02607346
533.10394287,-62.75909042
533.29467773,-54.97418213
533.48541260,-52.14043427
533.67614746,-53.55136490
533.86688232,-61.95380402
534.05761719,-62.04077911
534.24835205,-63.31411743
534.43908691,-62.61914825
534.62982178,-58.08765411
534.82055664,-61.00360870
535.01129150,-61.34132004
535.20202637,-58.13194275
535.39276123,-63.82770157
535.58349609,-59.53016281
535.77423096,-57.26318359
535.96496582,-56.08024216
536.15570068,-57.62018204
536.34643555,-53.17798233
536.53717041,-53.46174622
536.72790527,-54.45572662
536.91864014,-53.60410309
537.10937500,-50.58191681
537.30010986,-48.70490646
537.49084473,-50.32078552
537.68157959,-56.18453598
537.87231445,-55.93059158
538.06304932,-56.70246887
538.25378418,-56.87329102
538.44451904,-55.66837692
538.63525391,-56.94182587
538.82598877,-59.13545227
539.01672363,-61.80040359
539.20745850,-61.84227753
539.39819336,-64.78057098
539.58892822,-65.31781769
539.77966309,-60.15014267
539.97039795,-64.41326904
540.16113281,-58.88335800
540.35186768,-59.96085358
540.54260254,-53.08632660
540.73333740,-49.59682083
540.92407227,-51.81883240
541.11480713,-55.40198898
541.30554199,-64.55714417
541.49627686,-59.96737671
541.68701172,-55.66088104
541.87774658,-58.28680420
542.06848145,-57.45085907
542.25921631,-53.26533508
542.44995117,-53.17792892
542.64068604,-57.52759552
542.83142090,-65.16932678
543.02215576,-61.50982285
543.21289062,-54.52474594
543.40362549,-52.80768967
543.59436035,-56.26732254
543.78509521,-60.39527893
543.97583008,-58.65633392
544.16656494,-55.82959747
544.35729980,-54.34310532
544.54803467,-56.59944916
544.73876953,-59.23980331
544.92950439,-56.41227722
545.12023926,-64.71846008
545.31097412,-60.57420731
545.50170898,-60.70811844
545.69244385,-55.86613464
545.88317871,-57.27415466
546.07391357,-78.15613556
546.26464844,-61.39414215
546.45538330,-60.24860764
546.64611816,-57.72842407
546.83685303,-52.50703430
547.02758789,-49.93733215
547.21832275,-52.77962112
547.40905762,-58.66542053
547.59979248,-64.32646942
547.79052734,-72.38307953
547.98126221,-67.62414551
548.17199707,-62.77263641
548.36273193,-57.01635742
548.55346680,-58.75984192
548.74420166,-62.30732346
548.93493652,-60.89248276
549.12567139,-72.50294495
549.31640625,-57.63758850
549.50714111,-55.27014923
549.69787598,-56.22133636
549.88861084,-54.96920013
550.07934570,-53.71589279
550.27008057,-55.53092575
550.46081543,-58.94321823
550.65155029,-55.24810791
550.84228516,-54.87129211
551.03302002,-55.21324158
551.22375488,-54.97917175
551.41448975,-60.48818588
551.60522461,-55.74281311
551.79595947,-53.01278687
551.98669434,-55.95962524
552.17742920,-55.82141495
552.36816406,-54.29297638
552.55889893,-59.55109406
552.74963379,-64.68524170
552.94036865,-57.36094666
553.13110352,-62.05786133
553.32183838,-55.04977798
553.51257324,-52.26834106
553.70330811,-52.85171127
553.89404297,-56.41744995
554.08477783,-61.32168198
554.27551270,-60.33111191
554.46624756,-62.48428726
554.65698242,-63.02095032
554.84771729,-58.96444702
555.03845215,-55.20011902
555.22918701,-62.66912460
555.41992188,-62.07426071
555.61065674,-57.10515594
555.80139160,-61.71250916
555.99212646,-70.95904541
556.18286133,-59.98263550
556.37359619,-60.33142090
556.56433105,-61.16573334
556.75506592,-60.57298279
556.94580078,-61.28093338
557.13653564,-63.50451660
557.32727051,-59.07342911
557.51800537,-52.88794708
557.70874023,-51.70408249
557.89947510,-53.82104874
558.09020996,-57.01793289
558.28094482,-61.99197388
558.47167969,-57.82308197
558.66241455,-61.41622543
558.85314941,-57.92871857
559.04388428,-57.03652954
559.23461914,-58.62598801
559.42535400,-55.93668365
559.61608887,-65.53328705
559.80682373,-71.35778809
559.99755859,-74.79701996
560.18829346,-65.42944336
560.37902832,-72.03340912
560.56976318,-57.18707275
560.76049805,-54.33562851
560.95123291,-54.35608292
561.14196777,-57.54840469
561.33270264,-62.08811188
561.52343750,-68.93965912
561.71417236,-61.71869278
561.90490723,-56.92188644
562.09564209,-57.14926147
562.28637695,-57.90493011
562.47711182,-57.92350006
562.66784668,-57.01067352
562.85858154,-59.52345276
563.04931641,-60.18968201
563.24005127,-57.59147263
563.43078613,-55.40815735
563.62152100,-55.18209839
563.81225586,-54.18387985
564.00299072,-54.66290283
564.19372559,-62.70208740
564.38446045,-53.88704681
564.57519531,-50.09943390
564.76593018,-52.93920898
564.95666504,-59.26784134
565.14739990,-68.76367188
565.33813477,-62.14616776
565.52886963,-55.28099060
565.71960449,-54.63908386
565.91033936,-58.64719391
566.10107422,-64.71902466
566.29180908,-75.13761902
566.48254395,-67.24656677
566.67327881,-62.74688721
566.86401367,-57.01095200
567.05474854,-53.97241211
567.24548340,-53.73985672
567.43621826,-54.47495270
567.62695312,-58.82495117
567.81768799,-56.96419144
568.00842285,-55.08905411
568.19915771,-50.60927582
568.38989258,-54.05209351
568.58062744,-72.54973602
568.77136230,-58.92391968
568.96209717,-53.98962021
569.15283203,-48.46511841
569.34356689,-47.25146484
569.53430176,-49.71564865
569.72503662,-53.84011078
569.91577148,-57.49481964
570.10650635,-57.14593887
570.29724121,-55.67742157
570.48797607,-54.01194763
570.67871094,-54.33087921
570.86944580,-58.15159607
571.06018066,-56.20927811
571.25091553,-52.02476501
571.44165039,-52.22571564
571.63238525,-57.57556534
571.82312012,-58.22512817
572.01385498,-57.80533600
572.20458984,-58.63758850
572.39532471,-61.46896362
572.58605957,-58.26890564
572.77679443,-54.44491959
572.96752930,-52.85063934
573.15826416,-53.70467758
573.34899902,-57.55535507
573.53973389,-57.50126266
573.73046875,-55.74466324
573.92120361,-61.48565674
574.11193848,-58.79325104
574.30267334,-56.47245407
574.49340820,-52.92593384
574.68414307,-50.65277481
574.87487793,-52.04918289
575.06561279,-56.03332901
575.25634766,-68.17449951
575.44708252,-68.34683228
575.63781738,-62.87384796
575.82855225,-56.77270889
576.01928711,-51.27622604
576.21002197,-48.89760590
576.40075684,-52.23510742
576.59149170,-66.57688904
576.78222656,-60.53245163
576.97296143,-68.02279663
577.16369629,-62.74321747
577.35443115,-57.72568130
577.54516602,-60.91693497
577.73590088,-60.60364532
577.92663574,-67.18296814
578.11737061,-67.48605347
578.30810547,-77.28208160
578.49884033,-62.13772583
578.68957520,-65.74593353
578.88031006,-64.95075226
579.07104492,-59.35728073
579.26177979,-59.77781296
579.45251465,-54.21759033
579.64324951,-51.16188049
579.83398438,-52.48384094
580.02471924,-57.00942612
580.21545410,-60.90356445
580.40618896,-56.27490234
580.59692383,-53.41468430
580.78765869,-55.29251480
580.97839355,-58.38072968
581.16912842,-57.14947128
581.35986328,-59.00856781
581.55059814,-60.13470459
581.74133301,-56.21593857
581.93206787,-57.71721268
582.12280273,-57.16121292
582.31353760,-53.84803391
582.50427246,-54.96274948
582.69500732,-56.55406952
582.88574219,-55.89624786
583.07647705,-56.07445526
583.26721191,-58.04944992
583.45794678,-64.14648438
583.64868164,-64.87548065
583.83941650,-61.67087936
584.03015137,-61.97589111
584.22088623,-55.30006027
584.41162109,-67.35587311
584.60235596,-54.04605103
584.79309082,-51.98320389
584.98382568,-57.90786362
585.17456055,-66.57894135
585.36529541,-74.15755463
585.55603027,-56.35951614
585.74676514,-52.20609665
585.93750000,-53.75875854
586.12823486,-56.53468323
586.31896973,-60.53949356
586.50970459,-58.89154053
586.70043945,-58.68384552
586.89117432,-60.42333984
587.08190918,-55.48185349
587.27264404,-53.58531952
587.46337891,-59.06389618
587.65411377,-64.86071777
587.84484863,-60.01162720
588.03558350,-55.98221588
588.22631836,-54.97450256
588.41705322,-55.11743546
588.60778809,-56.01613998
588.79852295,-58.49887466
588.98925781,-62.38806152
589.17999268,-63.34083939
589.37072754,-54.34928513
589.56146240,-52.27732086
589.75219727,-53.72255707
589.94293213,-59.50627899
590.13366699,-55.49919891
590.32440186,-53.99421692
590.51513672,-60.05012894
590.70587158,-57.08215332
590.89660645,-58.58026123
591.08734131,-63.84838867
591.27807617,-68.01553345
591.46881104,-60.76223373
591.65954590,-60.60735321
591.85028076,-62.23453522
592.04101562,-57.48088837
592.23175049,-54.21949768
592.42248535,-54.85980988
592.61322021,-57.12397766
592.80395508,-59.77133942
592.99468994,-64.75872803
593.18542480,-57.07684326
593.37615967,-55.72229767
593.56689453,-60.02257919
593.75762939,-68.36190033
593.94836426,-60.83105087
594.13909912,-55.87883377
594.32983398,-56.72977829
594.52056885,-55.75048447
594.71130371,-50.80543137
594.90203857,-52.14128876
595.09277344,-54.52417755
595.28350830,-53.99595261
595.47424316,-59.18502808
595.66497803,-59.43119812
595.85571289,-57.08259583
596.04644775,-57.55206680
596.23718262,-61.00053406
596.42791748,-71.38401031
596.61865234,-58.31644058
596.80938721,-59.67197037
597.00012207,-57.31528473
597.19085693,-57.47261047
597.38159180,-57.28730011
597.57232666,-56.37757874
597.76306152,-69.67489624
597.95379639,-50.69070435
598.14453125,-48.91100311
598.33526611,-53.75848389
598.52600098,-60.64413071
598.71673584,-69.28450775
598.90747070,-54.35710526
599.09820557,-53.59365845
599.28894043,-56.10335922
599.47967529,-57.90590668
599.67041016,-62.62609100
599.86114502,-63.17431641
600.05187988,-68.15348816
600.24261475,-64.02278137
600.43334961,-56.62891769
600.62408447,-57.74333572
600.81481934,-75.72042847
601.00555420,-57.52568817
601.19628906,-56.03154755
601.38702393,-61.30663300
601.57775879,-66.75926971
601.76849365,-67.66336060
601.95922852,-64.63723755
602.14996338,-57.89032364
602.34069824,-69.80146790
602.53143311,-55.27553558
602.72216797,-52.75471497
602.91290283,-55.68630600
603.10363770,-57.64280319
603.29437256,-57.21545792
603.48510742,-55.66951752
603.67584229,-57.33272552
603.86657715,-58.31562042
604.05731201,-53.38584900
604.24804688,-51.92073441
604.43878174,-55.05928802
604.62951660,-64.54214478
604.82025146,-59.47234344
605.01098633,-63.86350632
605.20172119,-52.73037338
605.39245605,-52.80557251
605.58319092,-56.48288345
605.77392578,-60.05847931
605.96466064,-51.40250397
606.15539551,-50.58919907
606.34613037,-54.45629883
606.53686523,-61.40208817
606.72760010,-58.70252609
606.91833496,-51.95249557
607.10906982,-48.11942291
607.29980469,-49.16068649
607.49053955,-54.42039490
607.68127441,-55.07480621
607.87200928,-55.55054092
608.06274414,-64.70411682
608.25347900,-66.25814819
608.44421387,-63.03983307
608.63494873,-71.07113647
608.82568359,-64.80280304
609.01641846,-56.22442245
609.20715332,-54.87380219
609.39788818,-58.35545349
609.58862305,-57.20799255
609.77935791,-52.70904922
609.97009277,-55.14655685
610.16082764,-58.41039658
610.35156250,-60.37189484
610.54229736,-66.53326416
610.73303223,-59.90751648
610.92376709,-58.88449860
611.11450195,-59.45106125
611.30523682,-55.32264709
611.49597168,-57.12395096
611.68670654,-71.90697479
611.87744141,-60.02085876
612.06817627,-55.09212875
612.25891113,-53.28246689
612.44964600,-63.18859863
612.64038086,-56.26419067
612.83111572,-54.02695465
613.02185059,-79.48889923
613.21258545,-58.96369171
613.40332031,-70.98953247
613.59405518,-56.21856308
613.78479004,-49.91374969
613.97552490,-52.21126938
614.16625977,-58.11647034
614.35699463,-63.38902283
614.54772949,-59.36824036
614.73846436,-55.30654526
614.92919922,-55.05264282
615.11993408,-60.45951080
615.31066895,-61.23382568
615.50140381,-62.92380905
615.69213867,-55.84224319
615.88287354,-55.24359894
616.07360840,-51.94889832
616.26434326,-54.52618027
616.45507812,-62.86090851
616.64581299,-61.26224136
616.83654785,-62.32606506
617.02728271,-56.64918900
617.21801758,-60.49838638
617.40875244,-60.68273163
617.59948730,-56.07933807
617.79022217,-55.14847565
617.98095703,-55.05213928
618.17169189,-53.01724243
618.36242676,-55.70744324
618.55316162,-54.82345581
618.74389648,-52.44802856
618.93463135,-56.45114136
619.12536621,-59.03116608
619.31610107,-57.41024017
619.50683594,-58.04278946
619.69757080,-56.67983246
619.88830566,-53.19000626
620.07904053,-53.63369751
620.26977539,-55.09093857
620.46051025,-53.13320923
620.65124512,-53.96378326
620.84197998,-56.16933441
621.03271484,-56.81893921
621.22344971,-56.64661407
621.41418457,-56.73094940
621.60491943,-56.96577454
621.79565430,-56.07993317
621.98638916,-53.66648865
622.17712402,-56.12325668
622.36785889,-55.74936676
622.55859375,-51.52583313
622.74932861,-51.96333313
622.94006348,-54.88544846
623.13079834,-58.59274292
623.32153320,-58.06299210
623.51226807,-57.67907715
623.70300293,-60.81458282
623.89373779,-67.00303650
624.08447266,-59.32565689
624.27520752,-60.77128983
624.46594238,-64.48484039
624.65667725,-62.86883545
624.84741211,-56.95672607
625.03814697,-56.16604233
625.22888184,-58.36167145
625.41961670,-78.71987915
625.61035156,-71.62103271
625.80108643,-59.16532898
625.99182129,-54.94364166
626.18255615,-55.83597183
626.37329102,-55.65623474
626.56402588,-55.05224609
626.75476074,-54.74311447
626.94549561,-57.69472504
627.13623047,-55.99628448
627.32696533,-51.97620773
627.51770020,-54.14384842
627.70843506,-64.73634338
627.89916992,-59.48601532
628.08990479,-54.81771469
628.28063965,-53.68898773
628.47137451,-54.99579620
628.66210938,-64.04330444
628.85284424,-54.39756393
629.04357910,-48.21651459
629.23431396,-46.83995819
629.42504883,-49.05148315
629.61578369,-57.23023224
629.80651855,-63.48052216
629.99725342,-55.13624573
630.18798828,-54.15254593
630.37872314,-58.14960098
630.56945801,-57.08930969
630.76019287,-60.98075867
630.95092773,-65.48035431
631.14166260,-61.70129776
631.33239746,-58.95101929
631.52313232,-57.20972061
631.71386719,-61.47939301
631.90460205,-64.68636322
632.09533691,-58.03429413
632.28607178,-57.01694870
632.47680664,-64.43269348
632.66754150,-52.76332855
632.85827637,-53.77367020
633.04901123,-63.78635788
633.23974609,-53.07332611
633.43048096,-52.15187836
633.62121582,-49.66246796
633.81195068,-49.89062881
634.00268555,-59.94151306
634.19342041,-53.05881500
634.38415527,-50.48521042
634.57489014,-49.60393906
634.76562500,-48.63686371
634.95635986,-49.68124390
635.14709473,-53.47343445
635.33782959,-52.94381714
635.52856445,-53.67106628
635.71929932,-54.88910675
635.91003418,-58.09061432
636.10076904,-67.04668427
636.29150391,-54.36830139
636.48223877,-53.04228973
636.67297363,-52.59099579
636.86370850,-51.03242874
637.05444336,-53.10472488
637.24517822,-68.51909637
637.43591309,-55.48725510
637.62664795,-50.27722168
637.81738281,-49.83531570
638.00811768,-52.29375839
638.19885254,-56.79547882
638.38958740,-64.32532501
638.58032227,-63.12450409
638.77105713,-56.69130707
638.96179199,-54.49340820
639.15252686,-59.42241669
639.34326172,-60.76858521
639.53399658,-59.55252075
639.72473145,-60.59683228
639.91546631,-56.21032333
640.10620117,-57.24632263
640.29693604,-57.05156326
640.48767090,-63.37955856
640.67840576,-61.98458862
640.86914062,-60.15418625
641.05987549,-68.60966492
641.25061035,-57.69252014
641.44134521,-58.74100494
641.63208008,-64.83713531
641.82281494,-63.15343857
642.01354980,-54.88952637
642.20428467,-51.90738297
642.39501953,-52.22916031
642.58575439,-55.46968460
642.77648926,-57.09419250
642.96722412,-62.22879028
643.15795898,-65.81478119
643.34869385,-56.16143036
643.53942871,-59.14617538
643.73016357,-60.23909760
643.92089844,-52.76826477
644.11163330,-53.23911667
644.30236816,-55.10565186
644.49310303,-55.56993484
644.68383789,-54.75192261
644.87457275,-60.97255325
645.06530762,-68.86829376
645.25604248,-67.13271332
645.44677734,-67.56994629
645.63751221,-59.74441910
645.82824707,-59.69841003
646.01898193,-56.16934204
646.20971680,-52.87248993
646.40045166,-51.08187103
646.59118652,-56.15975189
646.78192139,-57.95469666
646.97265625,-61.07652664
647.16339111,-59.36582565
647.35412598,-55.69080734
647.54486084,-55.38639450
647.73559570,-56.95587158
647.92633057,-55.85771179
648.11706543,-52.46858215
648.30780029,-50.93159485
648.49853516,-53.17219543
648.68927002,-51.97601318
648.88000488,-52.28422165
649.07073975,-58.28277206
649.26147461,-57.31077194
649.45220947,-54.99353790
649.64294434,-57.95542908
649.83367920,-65.54566956
650.02441406,-64.92245483
650.21514893,-57.80073547
650.40588379,-60.00314713
650.59661865,-62.43858337
650.78735352,-56.73582077
650.97808838,-54.02338409
651.16882324,-55.45315170
651.35955811,-61.60970688
651.55029297,-58.80411530
651.74102783,-56.07880020
651.93176270,-61.83008575
652.12249756,-60.34827805
652.31323242,-52.84465027
652.50396729,-52.28577042
652.69470215,-57.93754578
652.88543701,-67.20216370
653.07617188,-62.64295959
653.26690674,-59.37509918
653.45764160,-53.57489014
653.64837646,-50.32875824
653.83911133,-53.40867615
654.02984619,-64.50872040
654.22058105,-55.71020508
654.41131592,-50.01710892
654.60205078,-49.50313187
654.79278564,-54.33234406
654.98352051,-60.71266174
655.17425537,-75.25017548
655.36499023,-62.07037354
655.55572510,-59.41432190
655.74645996,-60.67193985
655.93719482,-59.71231842
656.12792969,-57.44796371
656.31866455,-62.91654587
656.50939941,-54.66080093
656.70013428,-51.74749756
656.89086914,-56.96183777
657.08160400,-64.54993439
657.27233887,-57.79594803
657.46307373,-57.08449554
657.65380859,-69.38615417
657.84454346,-54.81054688
658.03527832,-55.94709015
658.22601318,-58.39118576
658.41674805,-50.99979401
658.60748291,-52.76307678
658.79821777,-57.36560440
658.98895264,-62.83554077
659.17968750,-61.69033432
659.37042236,-54.13470840
659.56115723,-53.18451309
659.75189209,-57.94018173
659.94262695,-61.29123306
660.13336182,-56.66490555
660.32409668,-58.19370270
660.51483154,-69.77735138
660.70556641,-62.00519562
660.89630127,-57.99732208
661.08703613,-60.81222916
661.27777100,-72.92423248
661.46850586,-65.62598419
661.65924072,-57.55229187
661.84997559,-53.68856812
662.04071045,-58.29286957
662.23144531,-59.87236786
662.42218018,-53.82059479
662.61291504,-53.88309097
662.80364990,-53.11555481
662.99438477,-50.69167328
663.18511963,-53.20520020
663.37585449,-56.99349976
663.56658936,-55.34354401
663.75732422,-55.53661728
663.94805908,-57.45055389
664.13879395,-56.53211975
664.32952881,-55.87285995
664.52026367,-60.08927917
664.71099854,-65.29220581
664.90173340,-67.82558441
665.09246826,-57.26438522
665.28320312,-54.54202652
665.47393799,-57.37527466
665.66467285,-57.95934296
665.85540771,-60.53507996
666.04614258,-65.18827057
666.23687744,-56.43071747
666.42761230,-55.22775650
666.61834717,-70.45357513
666.80908203,-63.94955063
666.99981689,-61.21894836
667.19055176,-55.26580811
667.38128662,-55.77460480
667.57202148,-54.59895325
667.76275635,-54.72057343
667.95349121,-60.02782822
668.14422607,-67.93183136
668.33496094,-56.57087326
668.52569580,-55.56671906
668.71643066,-60.41933060
668.90716553,-61.82987976
669.09790039,-56.97624207
669.28863525,-54.52618027
669.47937012,-56.93942261
669.67010498,-61.39213181
669.86083984,-62.69976044
670.05157471,-59.63541031
670.24230957,-59.67555618
670.43304443,-55.20406723
670.62377930,-51.07086945
670.81451416,-53.51341629
671.00524902,-62.46683121
671.19598389,-67.77771759
671.38671875,-68.40512085
671.57745361,-72.97448730
671.76818848,-66.84140778
671.95892334,-61.19655609
672.14965820,-58.03431702
672.34039307,-55.80644989
672.53112793,-54.22824860
672.72186279,-56.29476929
672.91259766,-65.59820557
673.10333252,-56.37858963
673.29406738,-53.75759506
673.48480225,-55.90115356
673.67553711,-53.55110168
673.86627197,-49.03676987
674.05700684,-48.24647903
674.24774170,-50.87329102
674.43847656,-62.21054077
674.62921143,-58.94378281
674.81994629,-61.65762329
675.01068115,-58.10742188
675.20141602,-60.83210373
675.39215088,-65.72747040
675.58288574,-59.87388611
675.77362061,-56.75262451
675.96435547,-54.96636200
676.15509033,-52.81957245
676.34582520,-51.67852402
676.53656006,-54.75934601
676.72729492,-59.55987930
676.91802979,-58.80648804
677.10876465,-56.60055161
677.29949951,-53.43784714
677.49023438,-54.09683609
677.68096924,-62.21449280
677.87170410,-67.27713013
678.06243896,-63.19418335
678.25317383,-64.73332977
678.44390869,-62.63251495
678.63464355,-64.38024902
678.82537842,-61.84661865
679.01611328,-57.96426773
679.20684814,-58.52252197
679.39758301,-69.02684021
679.58831787,-56.21710968
679.77905273,-51.83781433
679.96978760,-51.31006241
680.16052246,-54.30572128
680.35125732,-53.69200897
680.54199219,-53.17549896
680.73272705,-57.06991577
680.92346191,-57.73057556
681.11419678,-54.94440460
681.30493164,-53.32788849
681.49566650,-58.44503021
681.68640137,-56.48649597
681.87713623,-53.30186844
682.06787109,-55.63232422
682.25860596,-59.40216827
682.44934082,-55.04039001
682.64007568,-54.73241425
682.83081055,-69.91957855
683.02154541,-54.83910370
683.21228027,-59.86996460
683.40301514,-62.29481506
683.59375000,-56.05308533
683.78448486,-57.78334045
683.97521973,-60.94122314
684.16595459,-63.51085663
684.35668945,-58.91508484
684.54742432,-58.65117645
684.73815918,-64.86308289
684.92889404,-61.50525665
685.11962891,-54.26261139
685.31036377,-54.02700043
685.50109863,-59.16115189
685.69183350,-54.46963501
685.88256836,-57.62489319
686.07330322,-59.08620453
686.26403809,-57.19447327
686.45477295,-71.10365295
686.64550781,-66.95574951
686.83624268,-63.89376831
687.02697754,-58.74887466
687.21771240,-64.16333771
687.40844727,-58.57417679
687.59918213,-60.33972931
687.78991699,-64.46409607
687.98065186,-53.63971329
688.17138672,-52.28413391
688.36212158,-59.85578156
688.55285645,-77.62874603
688.74359131,-65.74794006
688.93432617,-57.42474365
689.12506104,-58.68781662
689.31579590,-60.03978729
689.50653076,-61.51912308
689.69726562,-61.48925018
689.88800049,-57.22795868
690.07873535,-56.48380280
690.26947021,-54.33733368
690.46020508,-52.75624847
690.65093994,-54.60509491
690.84167480,-61.14679337
691.03240967,-56.40174866
691.22314453,-52.19353104
691.41387939,-54.11016846
691.60461426,-59.32952118
691.79534912,-63.27002716
691.98608398,-62.94506836
692.17681885,-64.25303650
692.36755371,-65.52249908
692.55828857,-59.57693481
692.74902344,-54.97873306
692.93975830,-55.17169571
693.13049316,-57.35404205
693.32122803,-64.89612579
693.51196289,-64.40953064
693.70269775,-64.66876984
693.89343262,-60.42474747
694.08416748,-56.78131104
694.27490234,-64.99600220
694.46563721,-58.02814484
694.65637207,-53.41757965
694.84710693,-50.78939819
695.03784180,-49.75437927
695.22857666,-50.08593750
695.41931152,-54.55631256
695.61004639,-59.85526657
695.80078125,-54.78005981
695.99151611,-55.59898758
696.18225098,-66.01074982
696.37298584,-56.34997940
696.56372070,-67.29882050
696.75445557,-60.35898590
696.94519043,-52.21532440
697.13592529,-56.48188019
697.32666016,-58.71485138
697.51739502,-58.55660248
697.70812988,-59.54842377
697.89886475,-53.11623001
698.08959961,-52.76363373
698.28033447,-57.41348267
698.47106934,-64.46095276
698.66180420,-58.28607559
698.85253906,-58.16059113
699.04327393,-59.10660172
699.23400879,-53.54938889
699.42474365,-50.76977539
699.61547852,-53.08663940
699.80621338,-59.36737061
699.99694824,-64.74441528
700.18768311,-63.25062561
700.37841797,-60.53827667
700.56915283,-56.83102036
700.75988770,-63.79928207
700.95062256,-57.39454269
701.14135742,-58.22918701
701.33209229,-56.25705719
701.52282715,-51.43164825
701.71356201,-53.86785889
701.90429688,-59.69082260
702.09503174,-56.68788910
702.28576660,-54.69831085
702.47650146,-52.83880234
702.66723633,-61.89987183
702.85797119,-58.04325104
703.04870605,-59.97259140
703.23944092,-60.01733398
703.43017578,-56.50394058
703.62091064,-58.30078506
703.81164551,-64.46823120
704.00238037,-61.13657379
704.19311523,-69.97490692
704.38385010,-56.61880875
704.57458496,-62.44057083
704.76531982,-57.67729187
704.95605469,-56.64964676
705.14678955,-61.68518448
705.33752441,-53.30715561
705.52825928,-48.36135864
705.71899414,-49.86617661
705.90972900,-56.51287842
706.10046387,-73.78862000
706.29119873,-59.50981522
706.48193359,-62.83319473
706.67266846,-68.05319977
706.86340332,-63.08527374
707.05413818,-63.07574844
707.24487305,-66.27108765
707.43560791,-60.61528015
707.62634277,-56.62178802
707.81707764,-57.53921890
708.00781250,-67.96659088
708.19854736,-64.79256439
708.38928223,-63.45430756
708.58001709,-57.80690765
708.77075195,-69.66156769
708.96148682,-58.42584229
709.15222168,-52.87681198
709.34295654,-51.74916840
709.53369141,-57.01694107
709.72442627,-65.91858673
709.91516113,-64.60683441
710.10589600,-55.33584213
710.29663086,-53.95362091
710.48736572,-56.67608643
710.67810059,-51.23044968
710.86883545,-51.82159042
711.05957031,-56.92363739
711.25030518,-58.98660660
711.44104004,-60.68062210
711.63177490,-60.90647125
711.82250977,-60.43579483
712.01324463,-59.37606049
712.20397949,-58.99691772
712.39471436,-61.49759674
712.58544922,-57.15160751
712.77618408,-59.92842102
712.96691895,-74.82735443
713.15765381,-57.60400772
713.34838867,-58.15904617
713.53912354,-64.72266388
713.72985840,-61.80382538
713.92059326,-62.39182281
714.11132812,-56.92545319
714.30206299,-58.51062775
714.49279785,-57.37915421
714.68353271,-51.69338226
714.87426758,-50.82849121
715.06500244,-52.65153503
715.25573730,-56.26842499
715.44647217,-63.95211029
715.63720703,-72.29705048
715.82794189,-75.06994629
716.01867676,-62.25343704
716.20941162,-58.44374847
716.40014648,-58.31550980
716.59088135,-55.40849686
716.78161621,-53.80091095
716.97235107,-55.57941055
717.16308594,-52.34981537
717.35382080,-52.00934982
717.54455566,-55.58853149
717.73529053,-62.80911255
717.92602539,-64.98767090
718.11676025,-62.46757507
718.30749512,-59.56127930
718.49822998,-49.81027222
718.68896484,-48.64919281
718.87969971,-54.79449463
719.07043457,-71.47576904
719.26116943,-59.44312668
719.45190430,-58.43903351
719.64263916,-60.36470795
719.83337402,-71.51716614
720.02410889,-56.93367004
720.21484375,-51.61711884
720.40557861,-55.05146790
720.59631348,-69.01780701
720.78704834,-58.31262970
720.97778320,-74.26449585
721.16851807,-60.98802185
721.35925293,-58.39853668
721.54998779,-56.51180267
721.74072266,-55.99666977
721.93145752,-54.99059296
722.12219238,-56.92221069
722.31292725,-70.99937439
722.50366211,-56.50317764
722.69439697,-59.33559418
722.88513184,-59.61153030
723.07586670,-59.00187683
723.26660156,-57.60194397
723.45733643,-53.27583313
723.64807129,-58.40911865
723.83880615,-70.12934875
724.02954102,-61.54123306
724.22027588,-58.14863586
724.41101074,-58.65297699
724.60174561,-60.40595245
724.79248047,-56.56495667
724.98321533,-52.85169220
725.17395020,-50.72338486
725.36468506,-50.70073700
725.55541992,-51.29821396
725.74615479,-52.47940063
725.93688965,-57.32556915
726.12762451,-62.25601578
726.31835938,-59.31435394
726.50909424,-66.54928589
726.69982910,-63.62432480
726.89056396,-63.51310349
727.08129883,-66.88053894
727.27203369,-64.68772125
727.46276855,-61.95755386
727.65350342,-65.84190369
727.84423828,-63.59661484
728.03497314,-60.55859375
728.22570801,-56.28281021
728.41644287,-52.20139313
728.60717773,-54.85591125
728.79791260,-59.54607010
728.98864746,-63.01983261
729.17938232,-61.77461624
729.37011719,-67.28862762
729.56085205,-56.21752930
729.75158691,-52.74601364
729.94232178,-57.00268173
730.13305664,-53.24944305
730.32379150,-49.25885773
730.51452637,-49.60049057
730.70526123,-55.46453476
730.89599609,-56.39434433
731.08673096,-52.23575974
731.27746582,-52.38881683
731.46820068,-53.14461517
731.65893555,-55.31919098
731.84967041,-56.42060852
732.04040527,-60.65755463
732.23114014,-71.98567200
732.42187500,-73.30426788
732.61260986,-71.40396118
732.80334473,-61.85037994
732.99407959,-57.05699921
733.18481445,-54.62647247
733.37554932,-60.75054169
733.56628418,-61.98431396
733.75701904,-57.04370117
733.94775391,-54.97596359
734.13848877,-53.17637634
734.32922363,-51.67036057
734.51995850,-50.81768799
734.71069336,-49.53712082
734.90142822,-50.82993317
735.09216309,-58.66897202
735.28289795,-59.07520676
735.47363281,-57.87969208
735.66436768,-65.08747864
735.85510254,-57.16463089
736.04583740,-55.57598114
736.23657227,-61.74731827
736.42730713,-56.47698975
736.61804199,-55.68489456
736.80877686,-60.05603027
736.99951172,-68.06694794
737.19024658,-74.73374176
737.38098145,-62.85497665
737.57171631,-63.44416046
737.76245117,-60.85842133
737.95318604,-59.32025528
738.14392090,-57.38460159
738.33465576,-53.84068298
738.52539062,-53.59256744
738.71612549,-57.00580597
738.90686035,-59.99996185
739.09759521,-57.75455093
739.28833008,-55.21678162
739.47906494,-58.32725525
739.66979980,-68.20817566
739.86053467,-55.32022476
740.05126953,-54.13345337
740.24200439,-55.92206573
740.43273926,-56.74240875
740.62347412,-56.52490234
740.81420898,-54.99491119
741.00494385,-54.72472382
741.19567871,-62.12247467
741.38641357,-67.39822388
741.57714844,-64.67630005
741.76788330,-65.65476990
741.95861816,-58.63156128
742.14935303,-55.44606018
742.34008789,-62.47401428
742.53082275,-62.27045441
742.72155762,-60.51440430
742.91229248,-65.95739746
743.10302734,-66.01966095
743.29376221,-57.50987244
743.48449707,-56.54031372
743.67523193,-55.70121765
743.86596680,-54.48888397
744.05670166,-54.97010803
744.24743652,-55.81169128
744.43817139,-55.39241409
744.62890625,-52.57082367
744.81964111,-50.55400848
745.01037598,-53.00004959
745.20111084,-68.49095154
745.39184570,-56.10411835
745.58258057,-56.43150711
745.77331543,-56.48717499
745.96405029,-56.81053162
746.15478516,-58.20032501
746.34552002,-63.53802490
746.53625488,-72.26491547
746.72698975,-67.91649628
746.91772461,-59.39968491
747.10845947,-61.96338654
747.29919434,-62.74527740
747.48992920,-70.83597565
747.68066406,-60.71561432
747.87139893,-62.98311234
748.06213379,-57.31042480
748.25286865,-51.63658142
748.44360352,-51.88376617
748.63433838,-55.80993652
748.82507324,-54.66540527
749.01580811,-56.64871979
749.20654297,-56.06098175
749.39727783,-60.85435867
749.58801270,-59.65192795
749.77874756,-55.98242950
749.96948242,-59.01496887
750.16021729,-55.70206070
750.35095215,-53.17687225
750.54168701,-56.38190842
750.73242188,-56.53240967
750.92315674,-59.02021027
751.11389160,-57.64255142
751.30462646,-52.08339310
751.49536133,-61.24837875
751.68609619,-60.38595200
751.87683105,-61.54548264
752.06756592,-58.92215347
752.25830078,-52.54586792
752.44903564,-52.23762131
752.63977051,-56.34772873
752.83050537,-56.88724136
753.02124023,-54.43628693
753.21197510,-54.60946655
753.40270996,-54.15224075
753.59344482,-56.53623199
753.78417969,-61.54375458
753.97491455,-59.85837555
754.16564941,-56.17557907
754.35638428,-55.99311829
754.54711914,-61.73186874
754.73785400,-56.73069382
754.92858887,-57.64958191
755.11932373,-81.69575500
755.31005859,-54.97113037
755.50079346,-50.98660278
755.69152832,-52.48550034
755.88226318,-56.19266510
756.07299805,-57.76097870
756.26373291,-63.50741577
756.45446777,-58.97832870
756.64520264,-53.05867767
756.83593750,-55.71001053
757.02667236,-64.13967896
757.21740723,-53.02593231
757.40814209,-51.54325485
757.59887695,-55.77235413
757.78961182,-80.61008453
757.98034668,-56.61632919
758.17108154,-56.08813858
758.36181641,-60.76875305
758.55255127,-68.60337830
758.74328613,-59.75499725
758.93402100,-53.13383102
759.12475586,-54.51004410
759.31549072,-65.53353882
759.50622559,-58.32333374
759.69696045,-71.44530487
759.88769531,-55.62324524
760.07843018,-56.68391418
760.26916504,-62.31435776
760.45989990,-59.36470413
760.65063477,-51.78340530
760.84136963,-51.38178253
761.03210449,-54.29122162
761.22283936,-54.09744644
761.41357422,-50.90118027
761.60430908,-49.98889923
761.79504395,-52.82539368
761.98577881,-56.52258301
762.17651367,-52.80004120
762.36724854,-50.32117462
762.55798340,-53.86640167
762.74871826,-56.87044144
762.93945312,-54.53934479
763.13018799,-53.64390564
763.32092285,-53.14104080
763.51165771,-53.65352631
763.70239258,-53.67565918
763.89312744,-54.98169327
764.08386230,-55.67177200
764.27459717,-56.49209976
764.46533203,-55.85272217
764.65606689,-56.54241180
764.84680176,-58.57313538
765.03753662,-58.73637390
765.22827148,-58.56987762
765.41900635,-59.12885666
765.60974121,-53.94657516
765.80047607,-52.52220154
765.99121094,-50.85560608
766.18194580,-48.84393311
766.37268066,-50.39211655
766.56341553,-59.78168869
766.75415039,-72.98284912
766.94488525,-71.32304382
767.13562012,-65.94467163
767.32635498,-59.70348740
767.51708984,-63.55538940
767.70782471,-62.68790817
767.89855957,-54.82048416
768.08929443,-50.14156342
768.28002930,-50.32912445
768.47076416,-52.20148087
768.66149902,-54.99477386
768.85223389,-59.27412033
769.04296875,-58.86269379
769.23370361,-54.68681717
769.42443848,-53.41665268
769.61517334,-55.75374985
769.80590820,-56.91284943
769.99664307,-58.53646851
770.18737793,-59.51321411
770.37811279,-56.62388229
770.56884766,-56.71215057
770.75958252,-61.17838287
770.95031738,-62.15700150
771.14105225,-58.18287659
771.33178711,-54.44026947
771.52252197,-55.38301849
771.71325684,-57.31557465
771.90399170,-53.76100540
772.09472656,-52.07219696
772.28546143,-54.43980408
772.47619629,-60.45372009
772.66693115,-54.72373199
772.85766602,-54.37448120
773.04840088,-63.03797150
773.23913574,-58.88877487
773.42987061,-54.92951965
773.62060547,-54.30084610
773.81134033,-52.90616989
774.00207520,-52.43717194
774.19281006,-57.10700226
774.38354492,-73.62572479
774.57427979,-63.12461472
774.76501465,-57.40070724
774.95574951,-61.08266449
775.14648438,-54.75192642
775.33721924,-52.69512177
775.52795410,-56.42391586
775.71868896,-69.83660889
775.90942383,-65.01042938
776.10015869,-63.36019516
776.29089355,-63.56052399
776.48162842,-59.45632172
776.67236328,-55.84440613
776.86309814,-56.15093231
777.05383301,-59.80417252
777.24456787,-60.55120850
777.43530273,-58.72164154
777.62603760,-57.35819244
777.81677246,-57.35002518
778.00750732,-57.04071426
778.19824219,-55.44058228
778.38897705,-53.91600800
778.57971191,-55.01155853
778.77044678,-58.32538223
778.96118164,-61.52181244
779.15191650,-65.26238251
779.34265137,-62.88555145
779.53338623,-64.30298615
779.72412109,-73.11402130
779.91485596,-65.65978241
780.10559082,-56.83411407
780.29632568,-54.51195526
780.48706055,-56.39495468
780.67779541,-56.99099731
780.86853027,-55.70014191
781.05926514,-56.47322083
