Frequency,Channel A

0.00000000,-27.93015671
0.19073486,-35.10083389
0.38146973,-45.97739792
0.57220459,-45.00484848
0.76293945,-47.87847137
0.95367432,-52.18597031
1.14440918,-63.08712006
1.33514404,-67.01318359
1.52587891,-52.43158340
1.71661377,-56.96141052
1.90734863,-20.41433144
2.09808350,-6.04352951
2.28881836,-1.61403072
2.47955322,-5.23891830
2.67028809,-18.27413940
2.86102295,-44.13333511
3.05175781,-45.56319427
3.24249268,-50.76396561
3.43322754,-52.65864563
3.62396240,-56.08954620
3.81469727,-49.86261368
4.00543213,-52.45212173
4.19616699,-46.14132690
4.38690186,-27.08083725
4.57763672,-15.70513630
4.76837158,-13.33789825
4.95910645,-18.93413544
5.14984131,-36.94836044
5.34057617,-48.38499451
5.53131104,-60.46899414
5.72204590,-62.10182190
5.91278076,-70.10899353
6.10351562,-64.94898987
6.29425049,-62.02492523
6.48498535,-49.99769211
6.67572021,-48.23651123
6.86645508,-46.35221863
7.05718994,-42.65466309
7.24792480,-46.61553955
7.43865967,-48.73642731
7.62939453,-45.89024353
7.82012939,-46.98947525
8.01086426,-54.48442078
8.20159912,-55.23873901
8.39233398,-48.84907150
8.58306885,-50.69042587
8.77380371,-52.76989746
8.96453857,-49.38881683
9.15527344,-46.04298019
9.34600830,-44.63266754
9.53674316,-46.58598328
9.72747803,-52.09606934
9.91821289,-54.60475159
10.10894775,-54.38297653
10.29968262,-52.30615616
10.49041748,-55.19260025
10.68115234,-60.96064758
10.87188721,-48.01162720
11.06262207,-44.76365662
11.25335693,-46.39751053
11.44409180,-51.98290253
11.63482666,-48.86767960
11.82556152,-60.93820572
12.01629639,-51.41601181
12.20703125,-52.27147675
12.39776611,-59.46531677
12.58850098,-56.46277618
12.77923584,-53.33197784
12.96997070,-54.05388641
13.16070557,-53.71212769
13.35144043,-45.89786148
13.54217529,-41.36335373
13.73291016,-42.64764404
13.92364502,-58.81366348
14.11437988,-49.22661591
14.30511475,-49.47621918
14.49584961,-45.85659409
14.68658447,-46.66191483
14.87731934,-47.76954269
15.06805420,-50.78024292
15.25878906,-54.29635620
15.44952393,-52.93233871
15.64025879,-52.63146973
15.83099365,-48.75744629
16.02172852,-48.55352020
16.21246338,-53.07419586
16.40319824,-57.00721741
16.59393311,-55.60220718
16.78466797,-53.34655762
16.97540283,-62.21971893
17.16613770,-57.43259048
17.35687256,-54.32860565
17.54760742,-55.70075607
17.73834229,-59.53869247
17.92907715,-50.44770813
18.11981201,-45.56854630
18.31054688,-43.25408554
18.50128174,-44.13486481
18.69201660,-48.85628128
18.88275146,-49.80751801
19.07348633,-49.65215683
19.26422119,-50.42498779
19.45495605,-49.46533966
19.64569092,-48.44651031
19.83642578,-48.12013626
20.02716064,-47.21496964
20.21789551,-48.33757782
20.40863037,-50.36968994
20.59936523,-54.79309464
20.79010010,-56.63909531
20.98083496,-61.76852798
21.17156982,-56.60227966
21.36230469,-50.32703781
21.55303955,-50.87050629
21.74377441,-51.39436722
21.93450928,-52.32304382
22.12524414,-54.51531219
22.31597900,-55.35606384
22.50671387,-60.08481598
22.69744873,-62.01770401
22.88818359,-62.47776794
23.07891846,-47.70321655
23.26965332,-46.25614166
23.46038818,-54.13494492
23.65112305,-54.70603180
23.84185791,-51.37500000
24.03259277,-52.36563110
24.22332764,-52.91902161
24.41406250,-55.53238678
24.60479736,-55.94030762
24.79553223,-54.90306854
24.98626709,-54.35582733
25.17700195,-53.73235703
25.36773682,-53.13050842
25.55847168,-52.77442169
25.74920654,-47.42010498
25.93994141,-48.03497314
26.13067627,-59.98734283
26.32141113,-57.81343842
26.51214600,-56.32219315
26.70288086,-65.81439209
26.89361572,-61.43699265
27.08435059,-55.71463013
27.27508545,-50.76148605
27.46582031,-50.14604568
27.65655518,-51.64589691
27.84729004,-55.68401718
28.03802490,-56.44990921
28.22875977,-55.30794525
28.41949463,-60.26855850
28.61022949,-62.90547180
28.80096436,-53.69221497
28.99169922,-55.11664581
29.18243408,-59.17805099
29.37316895,-56.26192474
29.56390381,-54.27656555
29.75463867,-50.37697601
29.94537354,-46.61755371
30.13610840,-47.32139969
30.32684326,-53.54703522
30.51757812,-57.52558899
30.70831299,-63.96681976
30.89904785,-58.80640411
31.08978271,-50.87389374
31.28051758,-48.29943848
31.47125244,-50.22866821
31.66198730,-54.59413147
31.85272217,-50.78897858
32.04345703,-50.27221298
32.23419189,-66.40788269
32.42492676,-50.69281006
32.61566162,-49.35619354
32.80639648,-51.44251251
32.99713135,-52.90588760
33.18786621,-56.59081268
33.37860107,-57.48278809
33.56933594,-62.69726562
33.76007080,-55.58807373
33.95080566,-49.71426010
34.14154053,-48.28691483
34.33227539,-48.96295547
34.52301025,-50.00516891
34.71374512,-51.77180481
34.90447998,-68.63819885
35.09521484,-51.70128632
35.28594971,-51.01340485
35.47668457,-50.73855972
35.66741943,-48.50110626
35.85815430,-49.19604492
36.04888916,-56.89368439
36.23962402,-55.17329407
36.43035889,-52.95495987
36.62109375,-48.64110565
36.81182861,-48.09037781
37.00256348,-58.04899597
37.19329834,-56.07471848
37.38403320,-50.62349319
37.57476807,-51.84657288
37.76550293,-56.21053314
37.95623779,-56.00582504
38.14697266,-57.38224030
38.33770752,-54.04451752
38.52844238,-51.61631012
38.71917725,-50.08637238
38.90991211,-51.11841583
39.10064697,-54.57698822
39.29138184,-65.28243256
39.48211670,-57.56372452
39.67285156,-56.01548004
39.86358643,-62.37966919
40.05432129,-53.07830811
40.24505615,-48.54225540
40.43579102,-50.19646072
40.62652588,-68.26805115
40.81726074,-58.28823853
41.00799561,-57.06044769
41.19873047,-54.65708160
41.38946533,-61.18680954
41.58020020,-58.82035828
41.77093506,-51.04299927
41.96166992,-48.35747528
42.15240479,-48.65505600
42.34313965,-53.95162582
42.53387451,-56.62942505
42.72460938,-51.48090363
42.91534424,-58.24103546
43.10607910,-57.74535370
43.29681396,-60.53909302
43.48754883,-64.60380554
43.67828369,-56.89855957
43.86901855,-52.41881561
44.05975342,-51.97701263
44.25048828,-58.75507736
44.44122314,-56.81454086
44.63195801,-54.51835632
44.82269287,-53.96488190
45.01342773,-52.16956711
45.20416260,-52.11979675
45.39489746,-55.13673401
45.58563232,-59.48708344
45.77636719,-53.18461990
45.96710205,-49.42837524
46.15783691,-51.30046082
46.34857178,-54.24308777
46.53930664,-57.32972717
46.73004150,-62.76227951
46.92077637,-58.47541809
47.11151123,-52.97735596
47.30224609,-48.63137054
47.49298096,-49.94637299
47.68371582,-69.68712616
47.87445068,-60.64265823
48.06518555,-53.66455460
48.25592041,-48.18302536
48.44665527,-46.82657242
48.63739014,-48.33520889
48.82812500,-56.00261688
49.01885986,-53.44716644
49.20959473,-52.81825256
49.40032959,-63.24134064
49.59106445,-69.59397125
49.78179932,-60.71595001
49.97253418,-56.21239471
50.16326904,-55.38750458
50.35400391,-51.29753113
50.54473877,-52.13033676
50.73547363,-59.30078506
50.92620850,-57.73267746
51.11694336,-52.76723862
51.30767822,-58.44441223
51.49841309,-59.13478851
51.68914795,-53.46453857
51.87988281,-53.83733368
52.07061768,-54.53164673
52.26135254,-55.36493301
52.45208740,-64.84812927
52.64282227,-57.09479523
52.83355713,-54.62672424
53.02429199,-62.15697861
53.21502686,-64.43765259
53.40576172,-55.92887115
53.59649658,-51.71556854
53.78723145,-53.11911774
53.97796631,-69.50182343
54.16870117,-56.79416275
54.35943604,-52.34157562
54.55017090,-51.35897064
54.74090576,-53.39458466
54.93164062,-58.36746216
55.12237549,-54.92061996
55.31311035,-55.44953156
55.50384521,-68.73210144
55.69458008,-53.55744171
55.88531494,-54.07180023
56.07604980,-56.53429031
56.26678467,-60.69424057
56.45751953,-60.78550720
56.64825439,-56.92757416
56.83898926,-58.18585205
57.02972412,-57.40361786
57.22045898,-58.28216171
57.41119385,-59.68515396
57.60192871,-63.53521347
57.79266357,-65.48503876
57.98339844,-65.38040161
58.17413330,-59.46187592
58.36486816,-56.50659561
58.55560303,-51.71032715
58.74633789,-53.92121124
58.93707275,-59.16663742
59.12780762,-50.21865463
59.31854248,-49.01412964
59.50927734,-49.78272247
59.70001221,-49.16347885
59.89074707,-49.02822495
60.08148193,-51.69172287
60.27221680,-56.18852997
60.46295166,-52.63710022
60.65368652,-54.31621933
60.84442139,-54.58209229
61.03515625,-53.24246979
61.22589111,-50.94566727
61.41662598,-51.78701019
61.60736084,-55.14987946
61.79809570,-51.16176605
61.98883057,-48.28265762
62.17956543,-50.72676086
62.37030029,-55.59629822
62.56103516,-62.73731995
62.75177002,-53.01852798
62.94250488,-54.65973282
63.13323975,-71.02043915
63.32397461,-62.08620453
63.51470947,-58.61039734
63.70544434,-59.06747818
63.89617920,-63.39137268
64.08691406,-57.41405487
64.27764893,-51.79483032
64.46838379,-49.15641022
64.65911865,-48.41103363
64.84985352,-52.38739395
65.04058838,-66.16378021
65.23132324,-57.35431290
65.42205811,-59.96735001
65.61279297,-55.59964752
65.80352783,-55.45414734
65.99426270,-53.58810425
66.18499756,-51.13052368
66.37573242,-50.96352386
66.56646729,-52.72986603
66.75720215,-55.62745667
66.94793701,-63.73241806
67.13867188,-59.41203308
67.32940674,-54.51198196
67.52014160,-64.09271240
67.71087646,-53.35850143
67.90161133,-57.22359085
68.09234619,-59.98250961
68.28308105,-53.75503159
68.47381592,-52.66685486
68.66455078,-53.64857483
68.85528564,-59.17901611
69.04602051,-58.74599075
69.23675537,-52.63752747
69.42749023,-51.24632263
69.61822510,-50.83559418
69.80895996,-48.29656219
69.99969482,-49.34333038
70.19042969,-56.16895676
70.38116455,-54.07478714
70.57189941,-56.08886337
70.76263428,-70.71928406
70.95336914,-58.52684402
71.14410400,-57.96759796
71.33483887,-63.28211975
71.52557373,-54.68948746
71.71630859,-52.75723267
71.90704346,-57.00569916
72.09777832,-53.15949249
72.28851318,-56.02124786
72.47924805,-63.67571259
72.66998291,-58.43066406
72.86071777,-55.42570496
73.05145264,-56.44009018
73.24218750,-56.25543213
73.43292236,-50.65517426
73.62365723,-50.43082428
73.81439209,-53.15505600
74.00512695,-52.21838379
74.19586182,-49.99853516
74.38659668,-51.52959824
74.57733154,-54.72443390
74.76806641,-54.76650238
74.95880127,-56.86785889
75.14953613,-59.94328308
75.34027100,-57.64741898
75.53100586,-58.67866516
75.72174072,-57.13052750
75.91247559,-51.77032089
76.10321045,-50.53012085
76.29394531,-53.88329315
76.48468018,-59.37668228
76.67541504,-69.33983612
76.86614990,-63.03296661
77.05688477,-63.14647293
77.24761963,-54.42010498
77.43835449,-51.80720901
77.62908936,-52.72346878
77.81982422,-54.95528412
78.01055908,-50.26178741
78.20129395,-49.63592148
78.39202881,-51.05303955
78.58276367,-58.16024780
78.77349854,-60.59770203
78.96423340,-57.26011658
79.15496826,-56.24734879
79.34570312,-55.82497025
79.53643799,-55.92540359
79.72717285,-58.72512436
79.91790771,-54.43368912
80.10864258,-49.71321869
80.29937744,-48.58838654
80.49011230,-49.98138809
80.68084717,-54.54930878
80.87158203,-55.62484741
81.06231689,-56.07519150
81.25305176,-65.75308228
81.44378662,-56.40429688
81.63452148,-53.33385468
81.82525635,-51.87034225
82.01599121,-53.69287872
82.20672607,-56.27490997
82.39746094,-50.14649200
82.58819580,-48.86151886
82.77893066,-52.05585480
82.96966553,-56.37138367
83.16040039,-61.36056519
83.35113525,-77.93809509
83.54187012,-58.50180817
83.73260498,-56.69083023
83.92333984,-62.10960770
84.11407471,-71.71547699
84.30480957,-59.26897430
84.49554443,-61.54002762
84.68627930,-57.48161697
84.87701416,-51.54986954
85.06774902,-48.78055954
85.25848389,-48.77889633
85.44921875,-49.94535065
85.63995361,-52.85027313
85.83068848,-57.52150726
86.02142334,-74.60234070
86.21215820,-58.31282043
86.40289307,-53.87770844
86.59362793,-52.62353516
86.78436279,-51.07316971
86.97509766,-51.53057480
87.16583252,-62.45736694
87.35656738,-54.47964096
87.54730225,-51.67530060
87.73803711,-51.99634552
87.92877197,-51.54840851
88.11950684,-55.26316833
88.31024170,-60.37887955
88.50097656,-55.76725388
88.69171143,-53.98792267
88.88244629,-52.29355621
89.07318115,-52.62560272
89.26391602,-59.59326172
89.45465088,-58.77271271
89.64538574,-59.25586700
89.83612061,-58.22950745
90.02685547,-54.09656525
90.21759033,-54.01579285
90.40832520,-56.15678787
90.59906006,-65.14923096
90.78979492,-80.72254944
90.98052979,-59.50269699
91.17126465,-57.21152878
91.36199951,-55.23730469
91.55273438,-56.01386642
91.74346924,-59.06306839
91.93420410,-56.27062225
92.12493896,-58.48045731
92.31567383,-57.54617310
92.50640869,-58.63992691
92.69714355,-58.31601715
92.88787842,-56.39584351
93.07861328,-58.57267380
93.26934814,-70.27194977
93.46008301,-63.28890228
93.65081787,-57.15983963
93.84155273,-59.39822388
94.03228760,-59.22195435
94.22302246,-55.57492065
94.41375732,-52.94181061
94.60449219,-55.31925583
94.79522705,-56.23008347
94.98596191,-54.01613235
95.17669678,-54.84047318
95.36743164,-57.59889221
95.55816650,-58.05559540
95.74890137,-61.92792511
95.93963623,-64.64762878
96.13037109,-63.66657257
96.32110596,-57.13778687
96.51184082,-55.25671387
96.70257568,-54.41655731
96.89331055,-58.61032104
97.08404541,-58.59001923
97.27478027,-56.80048370
97.46551514,-61.70066452
97.65625000,-61.62113571
97.84698486,-62.34072876
98.03771973,-53.27585220
98.22845459,-49.54157257
98.41918945,-54.00400543
98.60992432,-65.00334930
98.80065918,-54.13476944
98.99139404,-51.43882370
99.18212891,-51.82150269
99.37286377,-56.37375641
99.56359863,-57.54405594
99.75433350,-55.17235565
99.94506836,-56.47277451
100.13580322,-59.75099945
100.32653809,-51.64516449
100.51727295,-48.29688644
100.70800781,-49.20093155
100.89874268,-48.86650848
101.08947754,-51.26667786
101.28021240,-54.37139511
101.47094727,-57.11246490
101.66168213,-54.70811462
101.85241699,-56.26218414
102.04315186,-50.58372879
102.23388672,-47.63152313
102.42462158,-50.30155945
102.61535645,-56.97017288
102.80609131,-61.11396790
102.99682617,-58.65378952
103.18756104,-59.44093323
103.37829590,-60.58639526
103.56903076,-68.49610138
103.75976562,-72.40603638
103.95050049,-69.31357574
104.14123535,-60.55618668
104.33197021,-55.32797241
104.52270508,-59.00859451
104.71343994,-60.65941238
104.90417480,-52.04978180
105.09490967,-51.73106766
105.28564453,-53.70479202
105.47637939,-58.43132019
105.66711426,-61.36597061
105.85784912,-56.36703110
106.04858398,-53.38322067
106.23931885,-51.93763733
106.43005371,-54.23125458
106.62078857,-53.63803864
106.81152344,-52.21550751
107.00225830,-52.65427017
107.19299316,-54.23793411
107.38372803,-55.08118057
107.57446289,-56.40375137
107.76519775,-61.51290512
107.95593262,-66.52365112
108.14666748,-55.35782242
108.33740234,-55.61571121
108.52813721,-58.77867126
108.71887207,-61.26611710
108.90960693,-61.18386841
109.10034180,-53.43454361
109.29107666,-55.10430908
109.48181152,-59.44444656
109.67254639,-55.63671112
109.86328125,-49.05959702
110.05401611,-48.44768906
110.24475098,-54.48457336
110.43548584,-64.11450195
110.62622070,-62.03862000
110.81695557,-65.37889099
111.00769043,-69.91842651
111.19842529,-55.73011017
111.38916016,-49.78193665
111.57989502,-47.98141861
111.77062988,-50.20989990
111.96136475,-52.93778992
112.15209961,-53.71445084
112.34283447,-59.23072433
112.53356934,-56.92274094
112.72430420,-56.06841278
112.91503906,-70.04974365
113.10577393,-63.14662170
113.29650879,-66.40580750
113.48724365,-57.56983185
113.67797852,-54.85004044
113.86871338,-61.40075302
114.05944824,-59.56401062
114.25018311,-56.09341431
114.44091797,-73.83378601
114.63165283,-55.73027039
114.82238770,-52.34619904
115.01312256,-51.53584290
115.20385742,-52.19853210
115.39459229,-55.36953735
115.58532715,-56.65026855
115.77606201,-54.69671631
115.96679688,-52.31811905
116.15753174,-60.62324524
116.34826660,-53.15863800
116.53900146,-48.89807892
116.72973633,-49.83451080
116.92047119,-52.26008987
117.11120605,-57.31420517
117.30194092,-62.33351135
117.49267578,-57.58182907
117.68341064,-54.42272949
117.87414551,-57.82421112
118.06488037,-73.14131165
118.25561523,-59.89434052
118.44635010,-54.61019135
118.63708496,-57.53424072
118.82781982,-62.88653946
119.01855469,-53.87966537
119.20928955,-49.16749573
119.40002441,-48.86027908
119.59075928,-51.95464706
119.78149414,-57.27237701
119.97222900,-56.46801758
120.16296387,-54.42922974
120.35369873,-56.78153610
120.54443359,-57.86113739
120.73516846,-60.86402512
120.92590332,-62.83676147
121.11663818,-62.05337524
121.30737305,-61.18186951
121.49810791,-61.60852432
121.68884277,-55.71718597
121.87957764,-51.41830826
122.07031250,-50.98659134
122.26104736,-55.25289917
122.45178223,-57.98531342
122.64251709,-56.84610367
122.83325195,-58.70404053
123.02398682,-54.00170898
123.21472168,-63.21723175
123.40545654,-57.62490845
123.59619141,-54.02540588
123.78692627,-61.19231796
123.97766113,-58.55371475
124.16839600,-56.04344940
124.35913086,-56.50798798
124.54986572,-67.50815582
124.74060059,-60.55493164
124.93133545,-54.57767487
125.12207031,-51.85455322
125.31280518,-57.02248383
125.50354004,-65.54006958
125.69427490,-60.64976501
125.88500977,-71.60725403
126.07574463,-64.40542603
126.26647949,-66.54501343
126.45721436,-54.95752335
126.64794922,-55.28119659
126.83868408,-82.84291077
127.02941895,-58.70904922
127.22015381,-53.45765686
127.41088867,-49.59868622
127.60162354,-52.14855957
127.79235840,-57.22097397
127.98309326,-57.51224136
128.17382812,-55.73602295
128.36456299,-56.94117737
128.55529785,-83.83861542
128.74603271,-58.95090103
128.93676758,-65.48011017
129.12750244,-58.40064240
129.31823730,-52.01744080
129.50897217,-51.18840027
129.69970703,-57.80661774
129.89044189,-64.86494446
130.08117676,-65.99343872
130.27191162,-57.25006866
130.46264648,-52.70927811
130.65338135,-52.77811050
130.84411621,-57.61044312
131.03485107,-64.57487488
131.22558594,-56.92570114
131.41632080,-58.29256439
131.60705566,-70.42585754
131.79779053,-63.52527237
131.98852539,-62.80837631
132.17926025,-84.76574707
132.36999512,-65.16889954
132.56072998,-58.54993439
132.75146484,-53.83737946
132.94219971,-53.93865204
133.13293457,-58.52169418
133.32366943,-59.48691559
133.51440430,-58.01983261
133.70513916,-57.26767731
133.89587402,-54.04879761
134.08660889,-57.41918564
134.27734375,-65.01807404
134.46807861,-65.23712158
134.65881348,-67.78654480
134.84954834,-65.36100769
135.04028320,-63.43930054
135.23101807,-54.05032730
135.42175293,-53.26851654
135.61248779,-68.97895050
135.80322266,-59.67692947
135.99395752,-59.59241867
136.18469238,-59.32994461
136.37542725,-63.36646652
136.56616211,-66.32118225
136.75689697,-58.47206879
136.94763184,-55.97834015
137.13836670,-52.11575317
137.32910156,-50.51259613
137.51983643,-53.62573624
137.71057129,-59.67204285
137.90130615,-61.71247864
138.09204102,-65.03746796
138.28277588,-59.62913132
138.47351074,-54.34989166
138.66424561,-55.14220810
138.85498047,-53.75774765
139.04571533,-51.60522461
139.23645020,-55.51128769
139.42718506,-57.43921280
139.61791992,-61.96463776
139.80865479,-75.36644745
139.99938965,-70.22149658
140.19012451,-70.26579285
140.38085938,-58.08953857
140.57159424,-55.99444580
140.76232910,-58.19387436
140.95306396,-63.86937714
141.14379883,-75.08203125
141.33453369,-68.66419220
141.52526855,-57.80051804
141.71600342,-62.45549774
141.90673828,-60.21978378
142.09747314,-57.01900101
142.28820801,-61.38893509
142.47894287,-59.50444794
142.66967773,-53.08352661
142.86041260,-54.30673218
143.05114746,-65.82256317
143.24188232,-69.64675140
143.43261719,-72.83516693
143.62335205,-60.70651245
143.81408691,-56.18761444
144.00482178,-53.86319733
144.19555664,-55.87924194
144.38629150,-60.91415024
144.57702637,-70.24880981
144.76776123,-62.42158890
144.95849609,-54.45405579
145.14923096,-50.73735809
145.33996582,-50.96171570
145.53070068,-54.44847488
145.72143555,-57.75144196
145.91217041,-64.29238129
146.10290527,-56.98369980
146.29364014,-52.66840363
146.48437500,-55.95065689
146.67510986,-57.12234879
146.86584473,-52.23548889
147.05657959,-50.65194702
147.24731445,-52.75721741
147.43804932,-55.10305405
147.62878418,-55.89504242
147.81951904,-55.71345520
148.01025391,-59.15183640
148.20098877,-65.45272064
148.39172363,-58.35100174
148.58245850,-60.96234131
148.77319336,-51.72967529
148.96392822,-51.53673172
149.15466309,-52.86507416
149.34539795,-51.84336090
149.53613281,-52.12770081
149.72686768,-56.13372803
149.91760254,-60.81169128
150.10833740,-57.37577820
150.29907227,-57.66408920
150.48980713,-59.55234146
150.68054199,-62.37133026
150.87127686,-53.16618347
151.06201172,-55.23173904
151.25274658,-60.26496124
151.44348145,-54.18672562
151.63421631,-54.61519623
151.82495117,-57.14263916
152.01568604,-56.47685623
152.20642090,-57.59674072
152.39715576,-56.16033173
152.58789062,-55.61234283
152.77862549,-57.62776184
152.96936035,-69.21904755
153.16009521,-70.40048981
153.35083008,-63.85608292
153.54156494,-65.68715668
153.73229980,-74.03715515
153.92303467,-68.34573364
154.11376953,-55.00191116
154.30450439,-57.48749542
154.49523926,-57.93479919
154.68597412,-55.43598938
154.87670898,-56.44598389
155.06744385,-52.47325134
155.25817871,-55.95889664
155.44891357,-61.36330032
155.63964844,-56.25604248
155.83038330,-51.45503235
156.02111816,-52.03405380
156.21185303,-54.26456070
156.40258789,-53.88595963
156.59332275,-53.22887039
156.78405762,-54.74819565
156.97479248,-54.46537018
157.16552734,-53.24583054
157.35626221,-52.30955505
157.54699707,-51.88970184
157.73773193,-62.55244827
157.92846680,-54.89909363
158.11920166,-60.45124817
158.30993652,-55.94318771
158.50067139,-53.86551285
158.69140625,-56.31128311
158.88214111,-53.31646347
159.07287598,-56.66638947
159.26361084,-57.69914246
159.45434570,-56.66041565
159.64508057,-58.09823608
159.83581543,-57.77030945
160.02655029,-54.86257172
160.21728516,-57.36836243
160.40802002,-63.15708923
160.59875488,-67.82977295
160.78948975,-55.18095398
160.98022461,-57.60207748
161.17095947,-57.72274399
161.36169434,-50.95419312
161.55242920,-52.89191818
161.74316406,-57.13725281
161.93389893,-55.53530884
162.12463379,-57.12484360
162.31536865,-68.79850769
162.50610352,-64.07855225
162.69683838,-54.47601318
162.88757324,-52.03494263
163.07830811,-55.36898041
163.26904297,-67.31141663
163.45977783,-57.44924545
163.65051270,-59.28247452
163.84124756,-59.28630829
164.03198242,-53.58868027
164.22271729,-53.05470276
164.41345215,-56.86452866
164.60418701,-62.99576187
164.79492188,-61.87750244
164.98565674,-55.76399994
165.17639160,-57.88565826
165.36712646,-55.93920898
165.55786133,-52.47846985
165.74859619,-51.85384369
165.93933105,-56.05527878
166.13006592,-67.51559448
166.32080078,-61.93245697
166.51153564,-56.38375092
166.70227051,-53.65014648
166.89300537,-53.74252319
167.08374023,-58.22095490
167.27447510,-64.77799225
167.46520996,-80.45760345
167.65594482,-64.00765228
167.84667969,-60.91510391
168.03741455,-54.33515167
168.22814941,-52.33517456
168.41888428,-54.67537689
168.60961914,-60.96849823
168.80035400,-59.43442535
168.99108887,-56.98461151
169.18182373,-55.49537659
169.37255859,-61.37849426
169.56329346,-64.76583099
169.75402832,-58.69717026
169.94476318,-60.34700394
170.13549805,-63.94242859
170.32623291,-60.30754089
170.51696777,-56.79390335
170.70770264,-61.21383286
170.89843750,-59.06611633
171.08917236,-64.87840271
171.27990723,-59.55780792
171.47064209,-53.60731506
171.66137695,-53.02283859
171.85211182,-52.14348221
172.04284668,-51.07089615
172.23358154,-51.61182785
172.42431641,-53.62989426
172.61505127,-59.64588165
172.80578613,-57.05763245
172.99652100,-55.22125244
173.18725586,-52.98353577
173.37799072,-52.31617355
173.56872559,-52.51708984
173.75946045,-54.58158493
173.95019531,-65.82074738
174.14093018,-59.43084335
174.33166504,-58.31256104
174.52239990,-67.92584229
174.71313477,-59.65272903
174.90386963,-60.70646667
175.09460449,-61.31351471
175.28533936,-54.70506287
175.47607422,-54.22729492
175.66680908,-59.63579178
175.85754395,-56.80992889
176.04827881,-52.88410950
176.23901367,-53.78150177
176.42974854,-56.26938629
176.62048340,-56.23754501
176.81121826,-59.37508392
177.00195312,-57.63993835
177.19268799,-49.34725189
177.38342285,-49.69195938
177.57415771,-53.15246964
177.76489258,-58.38317108
177.95562744,-61.36432648
178.14636230,-65.26605225
178.33709717,-61.86054993
178.52783203,-56.30544281
178.71856689,-61.32549286
178.90930176,-64.44479370
179.10003662,-65.85496521
179.29077148,-62.36026382
179.48150635,-57.21041107
179.67224121,-56.21769714
179.86297607,-58.37100983
180.05371094,-56.36162567
180.24444580,-53.96998596
180.43518066,-52.28535080
180.62591553,-52.73381042
180.81665039,-55.65447998
181.00738525,-62.33375931
181.19812012,-60.09319687
181.38885498,-66.04505920
181.57958984,-60.77251816
181.77032471,-55.12497711
181.96105957,-54.32490540
182.15179443,-51.39581680
182.34252930,-48.90013885
182.53326416,-51.29873276
182.72399902,-66.60049438
182.91473389,-57.87915802
183.10546875,-62.08698654
183.29620361,-61.22058868
183.48693848,-60.42838287
183.67767334,-63.47267151
183.86840820,-54.74116898
184.05914307,-51.07421875
184.24987793,-55.15875244
184.44061279,-64.11003876
184.63134766,-66.26660919
184.82208252,-59.37725067
185.01281738,-54.32431030
185.20355225,-56.61528778
185.39428711,-63.89806747
185.58502197,-52.09999847
185.77575684,-52.36988831
185.96649170,-56.53539658
186.15722656,-52.08047867
186.34796143,-50.39636612
186.53869629,-52.07462311
186.72943115,-52.52416229
186.92016602,-53.37356186
187.11090088,-54.41473007
187.30163574,-54.90058517
187.49237061,-53.52817154
187.68310547,-54.79286957
187.87384033,-55.81582642
188.06457520,-50.70251083
188.25531006,-49.46133423
188.44604492,-51.37225342
188.63677979,-56.63286209
188.82751465,-60.24082184
189.01824951,-65.67272186
189.20898438,-72.20665741
189.39971924,-61.01750183
189.59045410,-59.63798904
189.78118896,-73.65515900
189.97192383,-72.12333679
190.16265869,-64.64712524
190.35339355,-64.08225250
190.54412842,-54.20643234
190.73486328,-57.72781754
190.92559814,-51.58225250
191.11633301,-49.73986053
191.30706787,-53.75240326
191.49780273,-59.48778534
191.68853760,-68.45491791
191.87927246,-59.72308350
192.07000732,-56.49737549
192.26074219,-62.45318985
192.45147705,-73.77597046
192.64221191,-75.25097656
192.83294678,-57.71607208
193.02368164,-56.09436417
193.21441650,-58.45034790
193.40515137,-59.54537964
193.59588623,-56.31122971
193.78662109,-53.20604706
193.97735596,-52.94689178
194.16809082,-56.40372467
194.35882568,-61.83337402
194.54956055,-59.18779373
194.74029541,-57.93704224
194.93103027,-59.62889099
195.12176514,-58.19719315
195.31250000,-55.82160568
195.50323486,-53.77046967
195.69396973,-52.69974518
195.88470459,-52.81342316
196.07543945,-55.42264938
196.26617432,-78.00235748
196.45690918,-55.45723343
196.64764404,-54.25988007
196.83837891,-60.20929337
197.02911377,-59.29970169
197.21984863,-65.92412567
197.41058350,-62.16941833
197.60131836,-67.19010925
197.79205322,-61.07776260
197.98278809,-59.27964020
198.17352295,-60.82386398
198.36425781,-57.82636261
198.55499268,-55.29115295
198.74572754,-57.32447052
198.93646240,-68.44830322
199.12719727,-61.95115662
199.31793213,-57.26227188
199.50866699,-63.61301804
199.69940186,-63.22681046
199.89013672,-56.88011169
200.08087158,-59.16085815
200.27160645,-57.57300568
200.46234131,-58.92814255
200.65307617,-62.07721710
200.84381104,-63.58174133
201.03454590,-57.52614594
201.22528076,-52.46282578
201.41601562,-51.98948669
201.60675049,-52.50627518
201.79748535,-53.53751755
201.98822021,-57.59801865
202.17895508,-62.27733994
202.36968994,-65.00685883
202.56042480,-53.52666855
202.75115967,-48.64868164
202.94189453,-50.40039825
203.13262939,-53.07102585
203.32336426,-52.11433029
203.51409912,-50.74150085
203.70483398,-52.36430740
203.89556885,-65.74002075
204.08630371,-57.85493469
204.27703857,-53.10733795
204.46777344,-50.14094543
204.65850830,-51.54447556
204.84924316,-76.88925171
205.03997803,-54.33478546
205.23071289,-57.46358490
205.42144775,-62.22265244
205.61218262,-54.05105591
205.80291748,-55.40626144
205.99365234,-63.30882263
206.18438721,-64.70278931
206.37512207,-62.06100082
206.56585693,-59.15802765
206.75659180,-52.36570740
206.94732666,-51.49039841
207.13806152,-58.80427551
207.32879639,-65.63729095
207.51953125,-56.51470947
207.71026611,-55.59457779
207.90100098,-56.09370804
208.09173584,-55.39183044
208.28247070,-57.39461899
208.47320557,-58.52573776
208.66394043,-64.67211151
208.85467529,-56.81253433
209.04541016,-60.99239349
209.23614502,-60.77785492
209.42687988,-57.62689209
209.61761475,-59.81149292
209.80834961,-58.93646240
209.99908447,-55.36620331
210.18981934,-55.19239426
210.38055420,-63.02412033
210.57128906,-66.17070770
210.76202393,-65.46085358
210.95275879,-58.39210892
211.14349365,-56.64848709
211.33422852,-54.20713425
211.52496338,-52.12022781
211.71569824,-56.32587051
211.90643311,-68.83236694
212.09716797,-69.75833130
212.28790283,-63.25840378
212.47863770,-73.52671814
212.66937256,-58.91356659
212.86010742,-52.14774323
213.05084229,-51.51329803
213.24157715,-55.26169205
213.43231201,-58.31896973
213.62304688,-62.62960434
213.81378174,-56.30413818
214.00451660,-49.68817139
214.19525146,-48.46448898
214.38598633,-52.90140533
214.57672119,-61.76234818
214.76745605,-54.51645279
214.95819092,-54.23569107
215.14892578,-57.47896576
215.33966064,-54.83568573
215.53039551,-51.03213501
215.72113037,-50.27089691
215.91186523,-51.27069092
216.10260010,-56.36827469
216.29333496,-74.05577850
216.48406982,-55.49262238
216.67480469,-51.54552078
216.86553955,-52.74488831
217.05627441,-50.34996033
217.24700928,-51.57691193
217.43774414,-56.27819824
217.62847900,-58.65005493
217.81921387,-54.97393036
218.00994873,-56.70954132
218.20068359,-55.81372833
218.39141846,-56.74307251
218.58215332,-58.04469681
218.77288818,-57.08240891
218.96362305,-53.62926865
219.15435791,-56.47375488
219.34509277,-70.43927002
219.53582764,-57.63193512
219.72656250,-67.51529694
219.91729736,-58.94062805
220.10803223,-52.78713608
220.29876709,-51.21483612
220.48950195,-51.37434387
220.68023682,-51.81302643
220.87097168,-54.64440155
221.06170654,-60.91833496
221.25244141,-65.11586761
221.44317627,-59.17293167
221.63391113,-55.67226791
221.82464600,-59.47682190
222.01538086,-59.76716995
222.20611572,-55.30872726
222.39685059,-54.71616364
222.58758545,-57.23296356
222.77832031,-58.56586456
222.96905518,-56.60857391
223.15979004,-55.75082779
223.35052490,-54.57933807
223.54125977,-55.06132507
223.73199463,-53.64267349
223.92272949,-54.29983139
224.11346436,-59.07445908
224.30419922,-56.33583069
224.49493408,-54.64471436
224.68566895,-60.56327820
224.87640381,-66.98534393
225.06713867,-54.59494019
225.25787354,-51.15949249
225.44860840,-52.93729401
225.63934326,-56.16339874
225.83007812,-61.94979095
226.02081299,-59.79631424
226.21154785,-67.36585999
226.40228271,-57.16884995
226.59301758,-58.52197647
226.78375244,-62.96443558
226.97448730,-59.01969528
227.16522217,-59.90233612
227.35595703,-60.42469025
227.54669189,-55.11310196
227.73742676,-53.94575119
227.92816162,-52.31443787
228.11889648,-57.46168518
228.30963135,-59.15447998
228.50036621,-55.03390884
228.69110107,-61.86483383
228.88183594,-60.01569366
229.07257080,-52.20258713
229.26330566,-53.94624329
229.45404053,-64.97149658
229.64477539,-72.37095642
229.83551025,-58.77241135
230.02624512,-52.44920731
230.21697998,-52.32845688
230.40771484,-56.56607819
230.59844971,-61.80323029
230.78918457,-67.40725708
230.97991943,-56.34107971
231.17065430,-59.31588745
231.36138916,-59.64962387
231.55212402,-56.99067688
231.74285889,-63.05985260
231.93359375,-57.61485291
232.12432861,-53.77050781
232.31506348,-55.24553680
232.50579834,-68.73854065
232.69653320,-60.44740295
232.88726807,-56.15856934
233.07800293,-55.36645889
233.26873779,-61.74114609
233.45947266,-61.26705933
233.65020752,-53.93801117
233.84094238,-50.97805786
234.03167725,-52.69679260
234.22241211,-55.05473709
234.41314697,-54.96788406
234.60388184,-53.83451080
234.79461670,-56.60996246
234.98535156,-58.83607864
235.17608643,-59.72400284
235.36682129,-57.35438538
235.55755615,-54.20492172
235.74829102,-58.25365067
235.93902588,-56.12605667
236.12976074,-54.40235901
236.32049561,-55.51696777
236.51123047,-62.37014771
236.70196533,-63.64058685
236.89270020,-65.37458801
237.08343506,-64.57722473
237.27416992,-58.30355072
237.46490479,-59.63448334
237.65563965,-60.32959747
237.84637451,-59.86543655
238.03710938,-69.21072388
238.22784424,-59.79842758
238.41857910,-55.92002487
238.60931396,-59.74156952
238.80004883,-76.59977722
238.99078369,-66.42002106
239.18151855,-66.69181824
239.37225342,-59.90680313
239.56298828,-66.87423706
239.75372314,-66.62766266
239.94445801,-60.12535095
240.13519287,-57.87143326
240.32592773,-60.59578323
240.51666260,-67.61691284
240.70739746,-55.97574615
240.89813232,-57.71324158
241.08886719,-65.40144348
241.27960205,-64.64308929
241.47033691,-58.87374496
241.66107178,-56.42808533
241.85180664,-57.14339828
242.04254150,-59.75042725
242.23327637,-62.59462357
242.42401123,-69.48331451
242.61474609,-59.28368378
242.80548096,-62.85955048
242.99621582,-66.90604401
243.18695068,-62.52633667
243.37768555,-66.81013489
243.56842041,-56.27408600
243.75915527,-55.58198929
243.94989014,-57.81344986
244.14062500,-59.41700745
244.33135986,-61.78008652
244.52209473,-65.93218994
244.71282959,-64.11604309
244.90356445,-56.59321594
245.09429932,-53.66712570
245.28503418,-51.98326111
245.47576904,-51.39221191
245.66650391,-52.57312012
245.85723877,-55.71422958
246.04797363,-52.36557388
246.23870850,-49.93309784
246.42944336,-53.73354340
246.62017822,-62.61882782
246.81091309,-57.62125397
247.00164795,-52.31998444
247.19238281,-52.88116074
247.38311768,-52.97016525
247.57385254,-55.30822372
247.76458740,-51.40739441
247.95532227,-53.01196671
248.14605713,-62.08505630
248.33679199,-63.13171005
248.52752686,-54.01302338
248.71826172,-58.80378723
248.90899658,-65.30060577
249.09973145,-59.17586899
249.29046631,-56.21622467
249.48120117,-56.11213684
249.67193604,-72.57115173
249.86267090,-57.17761993
250.05340576,-56.38092804
250.24414062,-60.99427795
250.43487549,-57.29920197
250.62561035,-61.17199707
250.81634521,-69.10668182
251.00708008,-66.38428497
251.19781494,-58.28657532
251.38854980,-58.21548462
251.57928467,-74.43632507
251.77001953,-63.35330582
251.96075439,-55.45631790
252.15148926,-51.09998703
252.34222412,-49.65348053
252.53295898,-50.27696609
252.72369385,-50.98605728
252.91442871,-52.92974091
253.10516357,-54.99423218
253.29589844,-57.07997131
253.48663330,-61.64471436
253.67736816,-68.75627136
253.86810303,-63.04442596
254.05883789,-61.22078705
254.24957275,-60.76375961
254.44030762,-59.02890778
254.63104248,-58.39359665
254.82177734,-59.94338226
255.01251221,-57.27182007
255.20324707,-54.14449692
255.39398193,-49.24161530
255.58471680,-47.52700043
255.77545166,-49.15962982
255.96618652,-52.33790588
256.15692139,-51.74050903
256.34765625,-54.62730789
256.53839111,-62.16245270
256.72912598,-58.68274307
256.91986084,-55.03852463
257.11059570,-54.39832687
257.30133057,-52.72709656
257.49206543,-53.41348267
257.68280029,-55.64831543
257.87353516,-56.13711929
258.06427002,-52.49604797
258.25500488,-50.38942719
258.44573975,-50.41097260
258.63647461,-51.31774139
258.82720947,-57.40516281
259.01794434,-63.30968857
259.20867920,-58.18876648
259.39941406,-62.61083221
259.59014893,-59.84682083
259.78088379,-60.73022461
259.97161865,-62.98276901
260.16235352,-55.65534592
260.35308838,-52.38198853
260.54382324,-52.36027145
260.73455811,-57.82069778
260.92529297,-63.49640656
261.11602783,-58.16791153
261.30676270,-50.57707214
261.49749756,-49.71504211
261.68823242,-50.61031342
261.87896729,-51.71315002
262.06970215,-53.57723618
262.26043701,-54.34143448
262.45117188,-55.65046310
262.64190674,-61.01199722
262.83264160,-58.92225266
263.02337646,-54.52892303
263.21411133,-55.05892181
263.40484619,-57.87237549
263.59558105,-52.98606491
263.78631592,-51.90824509
263.97705078,-59.66163635
264.16778564,-51.97967911
264.35852051,-55.25508881
264.54925537,-57.58335114
264.73999023,-52.16731644
264.93072510,-56.44386673
265.12145996,-61.21944809
265.31219482,-59.14729309
265.50292969,-57.21719742
265.69366455,-60.82342148
265.88439941,-62.44946289
266.07513428,-64.10456085
266.26586914,-59.35943222
266.45660400,-53.92941284
266.64733887,-58.32105637
266.83807373,-56.31349564
267.02880859,-47.52540588
267.21954346,-47.48802567
267.41027832,-49.77529526
267.60101318,-52.31507111
267.79174805,-61.69627380
267.98248291,-63.14909363
268.17321777,-52.93123627
268.36395264,-51.44002914
268.55468750,-54.55308533
268.74542236,-56.57559967
268.93615723,-53.89292908
269.12689209,-52.31795502
269.31762695,-65.17856598
269.50836182,-57.30399704
269.69909668,-59.67145538
269.88983154,-65.14905548
270.08056641,-59.24985886
270.27130127,-56.03574371
270.46203613,-58.51626587
270.65277100,-58.84071732
270.84350586,-53.37301636
271.03424072,-52.80096054
271.22497559,-55.40977859
271.41571045,-64.18982697
271.60644531,-57.60161972
271.79718018,-53.80316162
271.98791504,-60.76564789
272.17864990,-74.86029816
272.36938477,-67.92651367
272.56011963,-76.27011108
272.75085449,-59.65566635
272.94158936,-58.55342484
273.13232422,-63.82781982
273.32305908,-62.37751389
273.51379395,-53.65050888
273.70452881,-48.28885651
273.89526367,-48.83375549
274.08599854,-57.32899475
274.27673340,-62.54726028
274.46746826,-55.80618286
274.65820312,-56.78480148
274.84893799,-61.16333389
275.03967285,-64.64171600
275.23040771,-61.44523621
275.42114258,-59.48353195
275.61187744,-55.77258301
275.80261230,-54.08330536
275.99334717,-55.59133148
276.18408203,-57.68617630
276.37481689,-61.97335052
276.56555176,-58.16563034
276.75628662,-61.19718933
276.94702148,-56.22587204
277.13775635,-54.15528107
277.32849121,-66.20692444
277.51922607,-66.37545013
277.70996094,-59.37454605
277.90069580,-59.45141602
278.09143066,-71.45316315
278.28216553,-83.96852112
278.47290039,-60.59799576
278.66363525,-55.82367325
278.85437012,-57.18471527
279.04510498,-73.00824738
279.23583984,-58.03723145
279.42657471,-59.79305267
279.61730957,-64.15309143
279.80804443,-60.72212982
279.99877930,-69.54133606
280.18951416,-61.47085190
280.38024902,-53.98738098
280.57098389,-52.11789703
280.76171875,-58.33990479
280.95245361,-66.72695923
281.14318848,-62.59053802
281.33392334,-62.38502121
281.52465820,-55.31223297
281.71539307,-52.97202301
281.90612793,-57.56607056
282.09686279,-60.08396530
282.28759766,-62.86168671
282.47833252,-54.15627289
282.66906738,-51.82621765
282.85980225,-57.57769012
283.05053711,-61.86917877
283.24127197,-51.27069473
283.43200684,-49.04017639
283.62274170,-50.33943939
283.81347656,-62.71973419
284.00421143,-53.67509842
284.19494629,-53.32115555
284.38568115,-62.67680740
284.57641602,-71.81636047
284.76715088,-61.13646698
284.95788574,-58.56015015
285.14862061,-56.42955399
285.33935547,-58.00984192
285.53009033,-64.55166626
285.72082520,-61.33073425
285.91156006,-59.75690460
286.10229492,-57.68228912
286.29302979,-60.59589767
286.48376465,-73.28852844
286.67449951,-61.33593750
286.86523438,-54.47740173
287.05596924,-50.42600632
287.24670410,-51.24405670
287.43743896,-55.08437729
287.62817383,-59.41712952
287.81890869,-68.62936401
288.00964355,-80.44902802
288.20037842,-69.91055298
288.39111328,-78.39991760
288.58184814,-72.69243622
288.77258301,-59.82717133
288.96331787,-52.18913269
289.15405273,-49.41011810
289.34478760,-52.08031082
289.53552246,-50.39286804
289.72625732,-46.17382812
289.91699219,-46.75443268
290.10772705,-49.44346619
290.29846191,-50.83963394
290.48919678,-52.15566635
290.67993164,-56.24254227
290.87066650,-70.02294159
291.06140137,-55.89490509
291.25213623,-56.25473022
291.44287109,-59.33395386
291.63360596,-59.43554688
291.82434082,-57.70824051
292.01507568,-60.38737488
292.20581055,-63.03320312
292.39654541,-61.14809036
292.58728027,-71.40334320
292.77801514,-59.01449585
292.96875000,-54.23340607
293.15948486,-55.31833267
293.35021973,-55.19131088
293.54095459,-55.71835327
293.73168945,-59.37773132
293.92242432,-55.57891464
294.11315918,-57.18674469
294.30389404,-67.46138000
294.49462891,-70.53359222
294.68536377,-61.32332611
294.87609863,-55.43270111
295.06683350,-53.15744400
295.25756836,-56.82730865
295.44830322,-64.92005920
295.63903809,-55.69281769
295.82977295,-61.65863037
296.02050781,-71.16683960
296.21124268,-64.71526337
296.40197754,-63.31021881
296.59271240,-57.51758194
296.78344727,-53.56620026
296.97418213,-51.65748215
297.16491699,-49.71225739
297.35565186,-48.85656738
297.54638672,-50.40610886
297.73712158,-53.27144241
297.92785645,-57.21047974
298.11859131,-58.89768982
298.30932617,-55.66471863
298.50006104,-59.15208435
298.69079590,-71.36176300
298.88153076,-83.79759216
299.07226562,-64.94739532
299.26300049,-59.58609772
299.45373535,-58.14657211
299.64447021,-55.66316223
299.83520508,-64.60787201
300.02593994,-70.11673737
300.21667480,-64.43030548
300.40740967,-56.91740036
300.59814453,-53.37166214
300.78887939,-50.79226685
300.97961426,-49.44284058
301.17034912,-52.36299896
301.36108398,-63.08431244
301.55181885,-68.65921783
301.74255371,-59.77067566
301.93328857,-59.07596207
302.12402344,-54.23356628
302.31475830,-55.72296143
302.50549316,-66.30926514
302.69622803,-56.82429504
302.88696289,-56.44824600
303.07769775,-56.41921616
303.26843262,-57.65968323
303.45916748,-57.09446716
303.64990234,-52.39885330
303.84063721,-49.34886932
304.03137207,-49.74570847
304.22210693,-56.83438110
304.41284180,-84.26298523
304.60357666,-67.92899323
304.79431152,-63.12199402
304.98504639,-59.31781006
305.17578125,-57.84671783
305.36651611,-56.88764954
305.55725098,-56.31315613
305.74798584,-62.39794159
305.93872070,-54.91677856
306.12945557,-49.50601959
306.32019043,-50.88237381
306.51092529,-65.30573273
306.70166016,-56.34658051
306.89239502,-54.90856171
307.08312988,-52.01394653
307.27386475,-66.69203949
307.46459961,-55.50855255
307.65533447,-53.64722443
307.84606934,-52.87376404
308.03680420,-58.32754135
308.22753906,-57.57289886
308.41827393,-54.07567978
308.60900879,-60.39926147
308.79974365,-53.32079315
308.99047852,-58.41772079
309.18121338,-61.65321732
309.37194824,-57.89543152
309.56268311,-56.12709427
309.75341797,-63.76646042
309.94415283,-60.46440125
310.13488770,-57.20375061
310.32562256,-62.65531921
310.51635742,-60.14491653
310.70709229,-66.84169006
310.89782715,-58.29267502
311.08856201,-54.73159790
311.27929688,-58.34248352
311.47003174,-58.89926529
311.66076660,-55.24274826
311.85150146,-73.59673309
312.04223633,-61.34017181
312.23297119,-66.35605621
312.42370605,-55.55704117
312.61444092,-56.92972183
312.80517578,-56.59849167
312.99591064,-51.16102219
313.18664551,-53.01131439
313.37738037,-56.34019852
313.56811523,-61.96931839
313.75885010,-63.11672974
313.94958496,-55.07752991
314.14031982,-56.45069504
314.33105469,-61.24328995
314.52178955,-58.98329163
314.71252441,-57.53891754
314.90325928,-58.57549667
315.09399414,-58.67343140
315.28472900,-58.65066147
315.47546387,-57.47630692
315.66619873,-60.07598495
315.85693359,-57.74665833
316.04766846,-54.88996506
316.23840332,-54.66321945
316.42913818,-56.19754028
316.61987305,-53.52587891
316.81060791,-55.31958008
317.00134277,-62.94355774
317.19207764,-55.56847382
317.38281250,-58.38706207
317.57354736,-60.51877594
317.76428223,-53.13909149
317.95501709,-53.43366623
318.14575195,-55.90731049
318.33648682,-57.35089111
318.52722168,-59.74708557
318.71795654,-54.66849899
318.90869141,-54.36268616
319.09942627,-59.20266724
319.29016113,-57.98001099
319.48089600,-52.05747604
319.67163086,-50.14372253
319.86236572,-52.05670929
320.05310059,-53.65814972
320.24383545,-56.69338226
320.43457031,-64.05648804
320.62530518,-61.46415329
320.81604004,-63.23109055
321.00677490,-67.74784088
321.19750977,-62.30742645
321.38824463,-56.71228409
321.57897949,-54.36335754
321.76971436,-59.86186218
321.96044922,-65.33570099
322.15118408,-55.12860870
322.34191895,-50.81082153
322.53265381,-53.36433411
322.72338867,-55.32442474
322.91412354,-54.65349579
323.10485840,-56.40999222
323.29559326,-60.27780914
323.48632812,-73.32308197
323.67706299,-59.30666351
323.86779785,-54.53902435
324.05853271,-57.18300247
324.24926758,-56.07652283
324.44000244,-51.88412094
324.63073730,-52.53573990
324.82147217,-51.75535583
325.01220703,-54.48229218
325.20294189,-58.71816635
325.39367676,-54.66732407
325.58441162,-54.41165161
325.77514648,-57.63022995
325.96588135,-61.89643478
326.15661621,-63.97306061
326.34735107,-62.07139969
326.53808594,-57.50439072
326.72882080,-55.48765564
326.91955566,-54.83489609
327.11029053,-55.71271896
327.30102539,-56.85005188
327.49176025,-56.54283142
327.68249512,-59.58839035
327.87322998,-57.84801865
328.06396484,-52.06391907
328.25469971,-53.93270111
328.44543457,-55.66533661
328.63616943,-62.56242371
328.82690430,-60.44282532
329.01763916,-56.22390366
329.20837402,-56.24282074
329.39910889,-54.20879745
329.58984375,-55.02781296
329.78057861,-59.56404114
329.97131348,-65.01267242
330.16204834,-59.66442871
330.35278320,-55.83059692
330.54351807,-57.29658127
330.73425293,-58.95009995
330.92498779,-70.28137970
331.11572266,-58.96370697
331.30645752,-53.58482742
331.49719238,-54.43427658
331.68792725,-61.32083893
331.87866211,-57.72050858
332.06939697,-57.64711761
332.26013184,-57.60527039
332.45086670,-58.13838959
332.64160156,-57.24436188
332.83233643,-53.60562897
333.02307129,-52.10341644
333.21380615,-54.19230652
333.40454102,-56.25141525
333.59527588,-54.82849121
333.78601074,-53.64764404
333.97674561,-54.28046799
334.16748047,-55.29534149
334.35821533,-59.45625687
334.54895020,-57.47415543
334.73968506,-53.99222565
334.93041992,-55.82880402
335.12115479,-55.35562897
335.31188965,-52.24529266
335.50262451,-53.77270508
335.69335938,-52.60158539
335.88409424,-52.39303207
336.07482910,-51.16233063
336.26556396,-53.13246918
336.45629883,-62.14283752
336.64703369,-62.67872620
336.83776855,-60.48260498
337.02850342,-56.79738998
337.21923828,-59.23288345
337.40997314,-58.36122513
337.60070801,-54.88341904
337.79144287,-52.94239044
337.98217773,-59.85881805
338.17291260,-66.53054047
338.36364746,-61.12924576
338.55438232,-59.12450409
338.74511719,-57.44361115
338.93585205,-56.87406921
339.12658691,-56.83227158
339.31732178,-53.70395279
339.50805664,-55.38010025
339.69879150,-59.81417847
339.88952637,-60.38363647
340.08026123,-62.20481491
340.27099609,-63.28964996
340.46173096,-59.03035736
340.65246582,-54.91729355
340.84320068,-59.62828064
341.03393555,-60.58403397
341.22467041,-66.26130676
341.41540527,-64.74851227
341.60614014,-56.43038940
341.79687500,-54.27230072
341.98760986,-58.72424316
342.17834473,-69.17450714
342.36907959,-57.03312302
342.55981445,-51.30348206
342.75054932,-50.35179520
342.94128418,-53.25334930
343.13201904,-56.22643280
343.32275391,-60.88327789
343.51348877,-82.24391937
343.70422363,-60.05062485
343.89495850,-54.49014664
344.08569336,-55.77930069
344.27642822,-64.47015381
344.46716309,-68.28004456
344.65789795,-65.09772491
344.84863281,-61.43686676
345.03936768,-60.73638916
345.23010254,-69.99855804
345.42083740,-57.21416855
345.61157227,-54.18029785
345.80230713,-58.44438553
345.99304199,-67.87112427
346.18377686,-66.03054810
346.37451172,-64.89610291
346.56524658,-54.80800629
346.75598145,-55.58895111
346.94671631,-63.27222824
347.13745117,-59.35449982
347.32818604,-59.50069809
347.51892090,-62.36061478
347.70965576,-66.92869568
347.90039062,-57.39253998
348.09112549,-55.60503006
348.28186035,-54.11381149
348.47259521,-51.32150650
348.66333008,-50.70420837
348.85406494,-54.21851730
349.04479980,-59.36598206
349.23553467,-63.89160919
349.42626953,-55.62702560
349.61700439,-55.39974976
349.80773926,-54.81238556
349.99847412,-52.66259003
350.18920898,-51.81943512
350.37994385,-52.73421860
350.57067871,-53.90171814
350.76141357,-54.50927353
350.95214844,-61.02733231
351.14288330,-63.66625977
351.33361816,-53.90907288
351.52435303,-50.08565903
351.71508789,-51.14178085
351.90582275,-53.91700363
352.09655762,-51.13586044
352.28729248,-50.56311798
352.47802734,-55.57256317
352.66876221,-56.62300110
352.85949707,-50.10639572
353.05023193,-48.78334045
353.24096680,-53.54166412
353.43170166,-71.15177155
353.62243652,-55.44353485
353.81317139,-52.26251984
354.00390625,-55.82004166
354.19464111,-58.86209869
354.38537598,-55.44792938
354.57611084,-53.06433868
354.76684570,-50.49207306
354.95758057,-51.24458313
355.14831543,-56.46897888
355.33905029,-57.41113663
355.52978516,-56.68859100
355.72052002,-54.57618713
355.91125488,-55.93842316
356.10198975,-63.02946472
356.29272461,-67.51700592
356.48345947,-69.02262115
356.67419434,-71.41133881
356.86492920,-61.94484329
357.05566406,-59.77283859
357.24639893,-56.14467239
357.43713379,-56.92565918
357.62786865,-62.23433685
357.81860352,-55.66286087
358.00933838,-51.27738953
358.20007324,-53.39982605
358.39080811,-58.73514175
358.58154297,-58.58473969
358.77227783,-71.10050964
358.96301270,-53.81703186
359.15374756,-52.32283783
359.34448242,-57.88743973
359.53521729,-51.92264938
359.72595215,-56.27288818
359.91668701,-54.61264038
360.10742188,-50.13526917
360.29815674,-50.46558380
360.48889160,-55.18551254
360.67962646,-54.44289780
360.87036133,-53.37419510
361.06109619,-60.05703354
361.25183105,-67.49815369
361.44256592,-60.99236298
361.63330078,-55.36909103
361.82403564,-57.17189789
362.01477051,-57.51559830
362.20550537,-65.40597534
362.39624023,-60.35643768
362.58697510,-58.27110291
362.77770996,-69.31504822
362.96844482,-54.69815063
363.15917969,-49.58907318
363.34991455,-48.27273560
363.54064941,-51.75554657
363.73138428,-59.75942612
363.92211914,-57.16464233
364.11285400,-54.67438507
364.30358887,-55.66105270
364.49432373,-60.88764572
364.68505859,-66.21749115
364.87579346,-61.56355286
365.06652832,-61.81742859
365.25726318,-59.08055878
365.44799805,-63.47614288
365.63873291,-54.18886566
365.82946777,-54.17236328
366.02020264,-54.98670197
366.21093750,-55.95133972
366.40167236,-56.16519547
366.59240723,-56.28157806
366.78314209,-60.46676636
366.97387695,-61.00244904
367.16461182,-60.84282303
367.35534668,-64.30960083
367.54608154,-63.78884888
367.73681641,-60.72103119
367.92755127,-55.79970551
368.11828613,-56.55292892
368.30902100,-62.32015228
368.49975586,-62.64270782
368.69049072,-58.87111664
368.88122559,-64.75574493
369.07196045,-60.14178848
369.26269531,-64.67722321
369.45343018,-62.80762482
369.64416504,-56.28932953
369.83489990,-57.77412415
370.02563477,-63.91464996
370.21636963,-59.84283066
370.40710449,-64.06958771
370.59783936,-63.04064941
370.78857422,-57.56984329
370.97930908,-66.85368347
371.17004395,-65.64431000
371.36077881,-65.96270752
371.55151367,-60.01430893
371.74224854,-61.63150024
371.93298340,-71.69791412
372.12371826,-60.59478760
372.31445312,-61.82271576
372.50518799,-59.29824066
372.69592285,-66.64904785
372.88665771,-57.49722290
373.07739258,-52.91820908
373.26812744,-50.08508301
373.45886230,-52.81631851
373.64959717,-56.38748550
373.84033203,-54.96298981
374.03106689,-60.40129089
374.22180176,-59.83665085
374.41253662,-58.73477554
374.60327148,-67.76812744
374.79400635,-65.82895660
374.98474121,-57.80765152
375.17547607,-53.68269348
375.36621094,-53.45124817
375.55694580,-57.26492310
375.74768066,-61.83324432
375.93841553,-54.92885208
376.12915039,-51.96266937
376.31988525,-52.84540558
376.51062012,-54.92711639
376.70135498,-57.72888184
376.89208984,-57.75675201
377.08282471,-50.98773575
377.27355957,-47.88554382
377.46429443,-50.46920776
377.65502930,-60.63686752
377.84576416,-65.34955597
378.03649902,-68.14335632
378.22723389,-55.07404327
378.41796875,-51.65031052
378.60870361,-52.88497543
378.79943848,-57.61725998
378.99017334,-63.72383499
379.18090820,-62.53864288
379.37164307,-63.02056885
379.56237793,-61.37142563
379.75311279,-60.16275406
379.94384766,-57.46840668
380.13458252,-60.23828125
380.32531738,-54.43004990
380.51605225,-54.10923004
380.70678711,-55.50803757
380.89752197,-62.15199280
381.08825684,-60.98442078
381.27899170,-62.51497650
381.46972656,-61.38156128
381.66046143,-56.03443527
381.85119629,-52.94856644
382.04193115,-53.97829056
382.23266602,-54.25577164
382.42340088,-52.83137894
382.61413574,-54.57169342
382.80487061,-57.57809067
382.99560547,-58.44653702
383.18634033,-60.08942032
383.37707520,-67.44586182
383.56781006,-58.18834686
383.75854492,-51.81217957
383.94927979,-52.70983887
384.14001465,-57.11670303
384.33074951,-63.47112274
384.52148438,-63.02352905
384.71221924,-56.41130447
384.90295410,-58.47713089
385.09368896,-64.71113586
385.28442383,-80.20640564
385.47515869,-75.09365845
385.66589355,-62.98959732
385.85662842,-55.22052383
386.04736328,-56.31626892
386.23809814,-60.50635529
386.42883301,-53.53683853
386.61956787,-52.29502869
386.81030273,-53.64555740
387.00103760,-54.66575623
387.19177246,-59.55230713
387.38250732,-59.87154388
387.57324219,-58.37070465
387.76397705,-63.99911880
387.95471191,-67.17400360
388.14544678,-61.53186798
388.33618164,-62.48603821
388.52691650,-56.83949280
388.71765137,-54.26803207
388.90838623,-57.55622482
389.09912109,-71.45064545
389.28985596,-57.50213623
389.48059082,-51.94739532
389.67132568,-52.53451920
389.86206055,-61.12260437
390.05279541,-75.05229187
390.24353027,-60.26445007
390.43426514,-51.69421768
390.62500000,-49.92707062
390.81573486,-51.05141068
391.00646973,-50.73237991
391.19720459,-57.77610779
391.38793945,-62.01844025
391.57867432,-61.02539444
391.76940918,-64.51292419
391.96014404,-56.55566406
392.15087891,-54.32514191
392.34161377,-53.89125443
392.53234863,-53.41481781
392.72308350,-52.18729401
392.91381836,-53.36898041
393.10455322,-60.90393448
393.29528809,-66.80464935
393.48602295,-60.39483643
393.67675781,-52.54051208
393.86749268,-51.46969604
394.05822754,-55.24497604
394.24896240,-60.04764938
394.43969727,-58.32382584
394.63043213,-59.79388809
394.82116699,-66.07735443
395.01190186,-54.91855621
395.20263672,-55.79384613
395.39337158,-59.92092514
395.58410645,-60.67439651
395.77484131,-57.78247070
395.96557617,-55.88730621
396.15631104,-56.56253815
396.34704590,-58.83564758
396.53778076,-58.66160583
396.72851562,-57.53476715
396.91925049,-54.59552765
397.10998535,-53.72475433
397.30072021,-56.59763718
397.49145508,-60.25059509
397.68218994,-54.28448105
397.87292480,-55.92483902
398.06365967,-65.30847931
398.25439453,-60.23330307
398.44512939,-58.11192322
398.63586426,-57.20882416
398.82659912,-57.63197327
399.01733398,-52.06531143
399.20806885,-49.42447662
399.39880371,-53.24940109
399.58953857,-69.32303619
399.78027344,-63.14306259
399.97100830,-56.37268448
400.16174316,-56.97137451
400.35247803,-57.08069229
400.54321289,-54.86960983
400.73394775,-53.64862823
400.92468262,-56.05323410
401.11541748,-63.66493225
401.30615234,-64.01356506
401.49688721,-58.01112747
401.68762207,-55.92276001
401.87835693,-57.91307068
402.06909180,-56.39309311
402.25982666,-53.22290421
402.45056152,-52.43272781
402.64129639,-55.60223389
402.83203125,-63.59989929
403.02276611,-65.91997528
403.21350098,-53.35554123
403.40423584,-51.41578293
403.59497070,-55.30959702
403.78570557,-72.89671326
403.97644043,-64.70192719
404.16717529,-52.21821213
404.35791016,-49.77123642
404.54864502,-51.10427475
404.73937988,-56.70717239
404.93011475,-56.66786194
405.12084961,-51.40106583
405.31158447,-54.27357483
405.50231934,-62.53242874
405.69305420,-59.02042770
405.88378906,-51.87613678
406.07452393,-51.74452972
406.26525879,-53.06053162
406.45599365,-52.69700623
406.64672852,-54.73894119
406.83746338,-56.85729599
407.02819824,-54.19980621
407.21893311,-52.17413330
407.40966797,-56.45318985
407.60040283,-65.96751404
407.79113770,-59.12755966
407.98187256,-61.43672562
408.17260742,-63.72977448
408.36334229,-59.82732391
408.55407715,-53.85112381
408.74481201,-57.33743668
408.93554688,-61.83618164
409.12628174,-53.71001434
409.31701660,-51.23441315
409.50775146,-51.60681915
409.69848633,-54.65057373
409.88922119,-66.38022614
410.07995605,-58.87509918
410.27069092,-54.65943146
410.46142578,-53.99653625
410.65216064,-61.02150726
410.84289551,-67.90993500
411.03363037,-64.09785461
411.22436523,-65.81729126
411.41510010,-65.54660034
411.60583496,-62.17718124
411.79656982,-63.72566986
411.98730469,-57.49724579
412.17803955,-59.23042297
412.36877441,-58.43365479
412.55950928,-52.40485382
412.75024414,-49.70119858
412.94097900,-50.30069733
413.13171387,-50.96681213
413.32244873,-52.49129486
413.51318359,-55.43796539
413.70391846,-55.05550766
413.89465332,-52.09816742
414.08538818,-50.38397980
414.27612305,-49.52922058
414.46685791,-48.31491470
414.65759277,-47.24521255
414.84832764,-47.43739700
415.03906250,-51.62397766
415.22979736,-55.99437332
415.42053223,-54.79032135
415.61126709,-57.69462967
415.80200195,-58.58834076
415.99273682,-63.61541367
416.18347168,-60.96966553
416.37420654,-56.58272171
416.56494141,-57.55191803
416.75567627,-60.22497177
416.94641113,-56.61225128
417.13714600,-56.89583206
417.32788086,-58.38779449
417.51861572,-54.09041977
417.70935059,-53.36629868
417.90008545,-55.46279144
418.09082031,-55.15731430
418.28155518,-52.41654205
418.47229004,-52.99604797
418.66302490,-58.02262115
418.85375977,-50.99062347
419.04449463,-51.60573959
419.23522949,-68.81491852
419.42596436,-54.39950562
419.61669922,-54.38541794
419.80743408,-54.79117966
419.99816895,-52.58643723
420.18890381,-54.15387726
420.37963867,-65.48503113
420.57037354,-63.81869507
420.76110840,-67.09727478
420.95184326,-58.22200775
421.14257812,-54.15378952
421.33331299,-53.06756973
421.52404785,-57.68254852
421.71478271,-53.43271637
421.90551758,-52.00923920
422.09625244,-54.77281952
422.28698730,-52.00989532
422.47772217,-51.30772400
422.66845703,-51.80784607
422.85919189,-54.32851410
423.04992676,-59.98019791
423.24066162,-61.27055740
423.43139648,-65.67470551
423.62213135,-64.84071350
423.81286621,-62.33137131
424.00360107,-60.31340027
424.19433594,-56.72641373
424.38507080,-58.55838776
424.57580566,-51.31183243
424.76654053,-50.77201080
424.95727539,-53.80573273
425.14801025,-58.50687027
425.33874512,-64.99612427
425.52947998,-59.18339157
425.72021484,-57.06687927
425.91094971,-60.24223709
426.10168457,-62.10040665
426.29241943,-60.58291626
426.48315430,-51.29172897
426.67388916,-51.87566757
426.86462402,-57.66580200
427.05535889,-58.82591248
427.24609375,-61.64609528
427.43682861,-59.62467575
427.62756348,-56.47240067
427.81829834,-54.93850708
428.00903320,-56.53618622
428.19976807,-57.52975464
428.39050293,-55.84766006
428.58123779,-71.82267761
428.77197266,-60.46946716
428.96270752,-57.14873505
429.15344238,-60.07244110
429.34417725,-74.11338806
429.53491211,-71.41996002
429.72564697,-61.79727554
429.91638184,-57.62403870
430.10711670,-56.40117645
430.29785156,-60.64690399
430.48858643,-61.62419128
430.67932129,-60.28771973
430.87005615,-67.97363281
431.06079102,-65.23751068
431.25152588,-68.98394775
431.44226074,-65.08554840
431.63299561,-62.30800629
431.82373047,-79.66428375
432.01446533,-60.19366837
432.20520020,-59.38605499
432.39593506,-54.12311935
432.58666992,-52.34382248
432.77740479,-52.69718552
432.96813965,-56.61541748
433.15887451,-57.46717453
433.34960938,-53.59091949
433.54034424,-52.18385315
433.73107910,-55.75044250
433.92181396,-63.15108490
434.11254883,-71.78404236
434.30328369,-64.22101593
434.49401855,-62.11612701
434.68475342,-66.38525391
434.87548828,-62.57148361
435.06622314,-66.97195435
435.25695801,-60.76594543
435.44769287,-56.27449799
435.63842773,-56.07719803
435.82916260,-55.18630219
436.01989746,-56.18590927
436.21063232,-59.87494659
436.40136719,-65.51844788
436.59210205,-54.67445374
436.78283691,-50.59724808
436.97357178,-52.54283142
437.16430664,-55.25555038
437.35504150,-54.24509430
437.54577637,-54.36622238
437.73651123,-59.02033234
437.92724609,-55.58333969
438.11798096,-52.99972916
438.30871582,-52.74815369
438.49945068,-49.54631424
438.69018555,-50.76799774
438.88092041,-59.95772934
439.07165527,-67.80978394
439.26239014,-63.99437714
439.45312500,-78.62094879
439.64385986,-63.17858124
439.83459473,-56.57967377
440.02532959,-58.32313919
440.21606445,-66.89476776
440.40679932,-60.37466049
440.59753418,-57.78942871
440.78826904,-58.27410889
440.97900391,-59.08503723
441.16973877,-57.99858475
441.36047363,-58.24252701
441.55120850,-59.08420181
441.74194336,-57.59247208
441.93267822,-59.03539658
442.12341309,-80.55662537
442.31414795,-59.59388733
442.50488281,-55.30396271
442.69561768,-54.98279572
442.88635254,-59.33181381
443.07708740,-67.69358826
443.26782227,-59.01881409
443.45855713,-58.09806442
443.64929199,-52.68999100
443.84002686,-51.96380234
444.03076172,-56.96538925
444.22149658,-58.85427856
444.41223145,-55.40620422
444.60296631,-57.33162308
444.79370117,-62.23354721
444.98443604,-55.14731979
445.17517090,-53.62717438
445.36590576,-53.53100586
445.55664062,-54.53231430
445.74737549,-55.75199127
445.93811035,-53.57968140
446.12884521,-57.39446640
446.31958008,-68.96463013
446.51031494,-64.89680481
446.70104980,-62.50820923
446.89178467,-62.45113373
447.08251953,-61.53215790
447.27325439,-50.46321487
447.46398926,-49.59021759
447.65472412,-54.40816879
447.84545898,-68.65292358
448.03619385,-58.65459061
448.22692871,-58.77288437
448.41766357,-63.06724167
448.60839844,-60.65013504
448.79913330,-56.56798935
448.98986816,-61.67856216
449.18060303,-59.29147720
449.37133789,-51.50537491
449.56207275,-53.05457306
449.75280762,-59.12021637
449.94354248,-54.36238861
450.13427734,-57.53536606
450.32501221,-53.98069000
450.51574707,-50.40660095
450.70648193,-51.15790558
450.89721680,-55.62398529
451.08795166,-62.51705170
451.27868652,-67.50201416
451.46942139,-60.25350952
451.66015625,-58.99270630
451.85089111,-59.39334106
452.04162598,-57.67965317
452.23236084,-55.92475510
452.42309570,-59.04995728
452.61383057,-64.78923798
452.80456543,-68.03724670
452.99530029,-62.85087585
453.18603516,-56.05677032
453.37677002,-53.49629974
453.56750488,-56.37656403
453.75823975,-66.16091919
453.94897461,-54.70444489
454.13970947,-55.03983307
454.33044434,-58.74972534
454.52117920,-69.99610138
454.71191406,-69.98461151
454.90264893,-73.01297760
455.09338379,-59.90904236
455.28411865,-55.62879562
455.47485352,-53.53543854
455.66558838,-54.44097519
455.85632324,-57.80185699
456.04705811,-58.51970673
456.23779297,-56.68117905
456.42852783,-61.83619690
456.61926270,-57.80081177
456.80999756,-54.65547180
457.00073242,-61.50347900
457.19146729,-60.58778381
457.38220215,-58.98957825
457.57293701,-54.65139008
457.76367188,-51.25789261
457.95440674,-54.48187256
458.14514160,-55.63616180
458.33587646,-52.67593002
458.52661133,-53.88965988
458.71734619,-57.45841599
458.90808105,-59.25770569
459.09881592,-56.26467896
459.28955078,-58.19068909
459.48028564,-60.26641846
459.67102051,-63.00788116
459.86175537,-66.72163391
460.05249023,-54.63369370
460.24322510,-55.21074295
460.43395996,-64.56237030
460.62469482,-65.09983826
460.81542969,-58.76257324
461.00616455,-64.99047089
461.19689941,-63.33177185
461.38763428,-60.40719604
461.57836914,-57.30907059
461.76910400,-55.34602737
461.95983887,-53.57840729
462.15057373,-54.86667252
462.34130859,-53.36021042
462.53204346,-55.44347763
462.72277832,-72.17734528
462.91351318,-58.98984528
463.10424805,-58.44523621
463.29498291,-64.37747192
463.48571777,-59.62220764
463.67645264,-56.22782898
463.86718750,-57.97590256
464.05792236,-63.16208267
464.24865723,-62.84461594
464.43939209,-58.98378754
464.63012695,-63.54065323
464.82086182,-66.19493103
465.01159668,-65.07498932
465.20233154,-71.54577637
465.39306641,-65.17805481
465.58380127,-57.96621323
465.77453613,-60.81412506
465.96527100,-58.68251419
466.15600586,-50.76898956
466.34674072,-48.31011963
466.53747559,-48.88462448
466.72821045,-51.39412308
466.91894531,-54.99687958
467.10968018,-55.71002197
467.30041504,-54.17441559
467.49114990,-58.36387634
467.68188477,-56.06685638
467.87261963,-54.71054840
468.06335449,-60.29133606
468.25408936,-60.30113220
468.44482422,-64.74580383
468.63555908,-69.22335815
468.82629395,-65.95513153
469.01702881,-57.05551147
469.20776367,-54.92242813
469.39849854,-57.16165161
469.58923340,-59.96188736
469.77996826,-54.30812454
469.97070312,-49.67343140
470.16143799,-49.70503235
470.35217285,-53.33398438
470.54290771,-55.13283157
470.73364258,-57.02593994
470.92437744,-61.16008759
471.11511230,-69.93564606
471.30584717,-59.81252289
471.49658203,-54.39440918
471.68731689,-55.47483444
471.87805176,-64.37775421
472.06878662,-58.75680923
472.25952148,-65.75939941
472.45025635,-70.76713562
472.64099121,-65.91014099
472.83172607,-64.65189362
473.02246094,-53.95149612
473.21319580,-51.29964447
473.40393066,-52.69713974
473.59466553,-55.20335770
473.78540039,-58.33627701
473.97613525,-62.43186569
474.16687012,-63.89665604
474.35760498,-64.62483215
474.54833984,-64.09742737
474.73907471,-67.02224731
474.92980957,-77.08151245
475.12054443,-59.00101471
475.31127930,-54.42699432
475.50201416,-53.41551971
475.69274902,-53.30913925
475.88348389,-60.01442719
476.07421875,-58.94549942
476.26495361,-53.50851440
476.45568848,-55.91140747
476.64642334,-57.71858978
476.83715820,-55.88315582
477.02789307,-53.32785797
477.21862793,-55.29051971
477.40936279,-66.46967316
477.60009766,-54.74325562
477.79083252,-50.51206589
477.98156738,-51.76116943
478.17230225,-53.15066910
478.36303711,-52.49635315
478.55377197,-54.04630280
478.74450684,-58.66770935
478.93524170,-60.94474792
479.12597656,-59.76331329
479.31671143,-57.36575699
479.50744629,-59.06844330
479.69818115,-59.79649353
479.88891602,-54.20334625
480.07965088,-54.60416794
480.27038574,-55.40277481
480.46112061,-53.35695267
480.65185547,-50.53433990
480.84259033,-49.89270782
481.03332520,-54.11299896
481.22406006,-55.72019958
481.41479492,-52.57992172
481.60552979,-53.30474091
481.79626465,-59.38217926
481.98699951,-61.13048172
482.17773438,-54.32738495
482.36846924,-56.63068771
482.55920410,-64.89251709
482.74993896,-70.58869171
482.94067383,-58.89019012
483.13140869,-56.23823547
483.32214355,-56.08595276
483.51287842,-56.26882935
483.70361328,-56.48676300
483.89434814,-56.73505783
484.08508301,-54.61088562
484.27581787,-55.65977478
484.46655273,-62.69397354
484.65728760,-60.92880249
484.84802246,-58.53051758
485.03875732,-57.27576447
485.22949219,-53.54319000
485.42022705,-51.79886246
485.61096191,-55.95398712
485.80169678,-82.24031067
485.99243164,-59.60487747
486.18316650,-63.40889740
486.37390137,-68.26544189
486.56463623,-60.86273575
486.75537109,-57.99550629
486.94610596,-51.48057556
487.13684082,-49.91032410
487.32757568,-52.07603455
487.51831055,-57.78415298
487.70904541,-80.42524719
487.89978027,-65.39319611
488.09051514,-64.97967529
488.28125000,-78.10430145
488.47198486,-63.10625458
488.66271973,-58.27019501
488.85345459,-57.89261627
489.04418945,-54.50328827
489.23492432,-60.85003281
489.42565918,-63.75212860
489.61639404,-59.47432709
489.80712891,-60.46798706
489.99786377,-57.54713058
490.18859863,-56.87429047
490.37933350,-59.30948257
490.57006836,-61.75405502
490.76080322,-69.28983307
490.95153809,-67.41677094
491.14227295,-62.41762161
491.33300781,-62.29685974
491.52374268,-52.94280624
491.71447754,-51.74393463
491.90521240,-55.36834335
492.09594727,-62.68652344
492.28668213,-63.43457794
492.47741699,-63.15555954
492.66815186,-73.34717560
492.85888672,-56.10681915
493.04962158,-51.74045563
493.24035645,-50.30931854
493.43109131,-53.93388748
493.62182617,-58.67152405
493.81256104,-56.66324234
494.00329590,-54.24560928
494.19403076,-51.75824738
494.38476562,-50.27612686
494.57550049,-53.07392883
494.76623535,-70.85984039
494.95697021,-54.50045013
495.14770508,-58.39400864
495.33843994,-68.21812439
495.52917480,-63.13888931
495.71990967,-64.49683380
495.91064453,-68.06925964
496.10137939,-68.54001617
496.29211426,-62.19403076
496.48284912,-59.19666672
496.67358398,-58.45789337
496.86431885,-60.02478790
497.05505371,-56.90656281
497.24578857,-55.39771271
497.43652344,-55.94007874
497.62725830,-61.80360794
497.81799316,-73.15360260
498.00872803,-61.44207001
498.19946289,-59.56882095
498.39019775,-58.75240326
498.58093262,-61.04991913
498.77166748,-77.59360504
498.96240234,-60.34906769
499.15313721,-59.08804321
499.34387207,-66.78479004
499.53460693,-65.65673065
499.72534180,-71.79993439
499.91607666,-61.46163940
500.10681152,-60.52353668
500.29754639,-58.08823013
500.48828125,-55.52697754
500.67901611,-62.42210388
500.86975098,-65.35805511
501.06048584,-61.44198990
501.25122070,-54.30373383
501.44195557,-53.01620483
501.63269043,-58.81840134
501.82342529,-67.51170349
502.01416016,-55.05228424
502.20489502,-52.21303940
502.39562988,-51.21036530
502.58636475,-53.12131500
502.77709961,-54.37725449
502.96783447,-55.05507660
503.15856934,-59.24841309
503.34930420,-62.81450653
503.54003906,-64.07077026
503.73077393,-62.60177994
503.92150879,-57.82168579
504.11224365,-55.86534119
504.30297852,-54.49578094
504.49371338,-56.95882797
504.68444824,-63.90224075
504.87518311,-59.35712433
505.06591797,-54.36376572
505.25665283,-52.29243851
505.44738770,-50.65888214
505.63812256,-50.45105362
505.82885742,-51.78281784
506.01959229,-55.77426147
506.21032715,-65.09716034
506.40106201,-63.24629974
506.59179688,-58.26044083
506.78253174,-65.80403137
506.97326660,-64.69799805
507.16400146,-72.09233093
507.35473633,-55.86202240
507.54547119,-59.04858017
507.73620605,-64.52071381
507.92694092,-55.40239334
508.11767578,-52.88903809
508.30841064,-53.92930603
508.49914551,-57.59706116
508.68988037,-56.48743057
508.88061523,-58.38828278
509.07135010,-57.62054443
509.26208496,-50.75921631
509.45281982,-49.11529541
509.64355469,-53.08782959
509.83428955,-62.97528076
510.02502441,-58.85128784
510.21575928,-59.12434387
510.40649414,-58.29039001
510.59722900,-54.63462830
510.78796387,-56.20441437
510.97869873,-77.91056061
511.16943359,-61.28750229
511.36016846,-61.68259430
511.55090332,-62.63060760
511.74163818,-61.74133301
511.93237305,-58.26076508
512.12310791,-57.19696426
512.31384277,-59.75220490
512.50457764,-58.68473816
512.69531250,-59.18549347
512.88604736,-61.67740250
513.07678223,-58.84988403
513.26751709,-58.05124283
513.45825195,-67.62217712
513.64898682,-59.32144547
513.83972168,-58.11418152
514.03045654,-58.00182343
514.22119141,-58.59895325
514.41192627,-63.76405716
514.60266113,-61.03059387
514.79339600,-60.75139999
514.98413086,-67.65438843
515.17486572,-63.96628952
515.36560059,-61.27861023
515.55633545,-54.13426971
515.74707031,-53.45164490
515.93780518,-57.77313614
516.12854004,-74.27542114
516.31927490,-66.54328918
516.51000977,-60.04307556
516.70074463,-59.69535065
516.89147949,-59.63179779
517.08221436,-55.67821884
517.27294922,-56.31946945
517.46368408,-61.31990814
517.65441895,-60.99603271
517.84515381,-60.30162430
518.03588867,-52.88677216
518.22662354,-59.12071991
518.41735840,-60.22619247
518.60809326,-53.46081543
518.79882812,-51.60003662
518.98956299,-56.88827515
519.18029785,-68.58315277
519.37103271,-64.71567535
519.56176758,-56.64622498
519.75250244,-51.74491501
519.94323730,-54.10274887
520.13397217,-59.39214706
520.32470703,-56.65784454
520.51544189,-55.40418625
520.70617676,-55.04486084
520.89691162,-60.50190353
521.08764648,-59.40774918
521.27838135,-54.79722977
521.46911621,-52.82834625
521.65985107,-61.13418579
521.85058594,-61.02566147
522.04132080,-57.15306854
522.23205566,-56.60507965
522.42279053,-53.11330414
522.61352539,-55.85606003
522.80426025,-59.73631287
522.99499512,-58.00930786
523.18572998,-60.56855011
523.37646484,-62.41820526
523.56719971,-63.47549820
523.75793457,-65.40239716
523.94866943,-62.64374161
524.13940430,-57.14297867
524.33013916,-56.23503876
524.52087402,-56.53567886
524.71160889,-56.92468643
524.90234375,-63.57625961
525.09307861,-61.39644623
525.28381348,-60.02815247
525.47454834,-59.72761536
525.66528320,-57.68787003
525.85601807,-54.05563736
526.04675293,-55.12339020
526.23748779,-60.98134613
526.42822266,-52.71826172
526.61895752,-51.34972000
526.80969238,-54.83209991
527.00042725,-62.37685776
527.19116211,-68.82723999
527.38189697,-62.97073746
527.57263184,-62.31227493
527.76336670,-74.42086792
527.95410156,-61.44172668
528.14483643,-56.73374939
528.33557129,-62.88610840
528.52630615,-62.92833328
528.71704102,-64.19118500
528.90777588,-54.01813126
529.09851074,-50.07723236
529.28924561,-51.58493423
529.47998047,-57.21335983
529.67071533,-70.59089661
529.86145020,-61.69208908
530.05218506,-59.01346207
530.24291992,-58.66973495
530.43365479,-57.29045868
530.62438965,-56.54008484
530.81512451,-58.67671967
531.00585938,-71.79734039
531.19659424,-61.34552765
531.38732910,-59.59755707
531.57806396,-62.19681168
531.76879883,-63.15816879
531.95953369,-59.47907257
532.15026855,-59.93607330
532.34100342,-67.14994049
532.53173828,-62.30184174
532.72247314,-58.53907013
532.91320801,-64.22703552
533.10394287,-59.78403473
533.29467773,-64.18115997
533.48541260,-66.09821320
533.67614746,-60.38322067
533.86688232,-60.27223206
534.05761719,-62.96283340
534.24835205,-52.47303391
534.43908691,-53.96838760
534.62982178,-54.17202759
534.82055664,-60.69737244
535.01129150,-60.85416794
535.20202637,-60.09727097
535.39276123,-67.24601746
535.58349609,-72.15647888
535.77423096,-65.16670990
535.96496582,-63.35681152
536.15570068,-59.13677597
536.34643555,-57.47665787
536.53717041,-55.52751541
536.72790527,-54.44068527
536.91864014,-56.63101959
537.10937500,-58.57402420
537.30010986,-69.80966187
537.49084473,-58.41544342
537.68157959,-52.71450043
537.87231445,-52.86352539
538.06304932,-55.73548889
538.25378418,-55.44959259
538.44451904,-53.40647888
538.63525391,-52.69842148
538.82598877,-54.05136108
539.01672363,-56.38008118
539.20745850,-56.27096558
539.39819336,-54.81767654
539.58892822,-53.19412994
539.77966309,-52.03485870
539.97039795,-54.32725906
540.16113281,-69.81602478
540.35186768,-56.24180603
540.54260254,-55.62636566
540.73333740,-58.82476044
540.92407227,-55.84745789
541.11480713,-53.57881546
541.30554199,-55.39065933
541.49627686,-59.27526474
541.68701172,-65.79354095
541.87774658,-73.06443787
542.06848145,-66.30397034
542.25921631,-63.41598892
542.44995117,-64.20339203
542.64068604,-63.80984879
542.83142090,-60.12414932
543.02215576,-63.48886108
543.21289062,-62.96607590
543.40362549,-57.28992081
543.59436035,-55.72668457
543.78509521,-55.68135834
543.97583008,-53.29774857
544.16656494,-53.58379745
544.35729980,-58.35870361
544.54803467,-72.27867126
544.73876953,-60.89506531
544.92950439,-60.09920502
545.12023926,-60.76801300
545.31097412,-54.31955338
545.50170898,-51.72986603
545.69244385,-52.75710297
545.88317871,-54.06398392
546.07391357,-52.06762314
546.26464844,-55.69221115
546.45538330,-59.16175842
546.64611816,-51.59751511
546.83685303,-55.58671951
547.02758789,-78.96978760
547.21832275,-64.47747803
547.40905762,-61.78383255
547.59979248,-67.31681824
547.79052734,-70.75563049
547.98126221,-83.60927582
548.17199707,-65.66694641
548.36273193,-66.19404602
548.55346680,-59.24090958
548.74420166,-51.93610382
548.93493652,-51.43363953
549.12567139,-51.70895386
549.31640625,-52.62336349
549.50714111,-54.85313416
549.69787598,-59.66842270
549.88861084,-55.56232452
550.07934570,-53.28749084
550.27008057,-55.81782913
550.46081543,-59.20724869
550.65155029,-66.60959625
550.84228516,-66.98500061
551.03302002,-70.67629242
551.22375488,-69.72786713
551.41448975,-62.58917236
551.60522461,-61.35641098
551.79595947,-60.86493683
551.98669434,-59.23058319
552.17742920,-54.74897385
552.36816406,-56.81256104
552.55889893,-66.37467194
552.74963379,-54.44480896
552.94036865,-53.04691696
553.13110352,-57.32052612
553.32183838,-59.37213898
553.51257324,-62.87674332
553.70330811,-62.25656128
553.89404297,-56.79660034
554.08477783,-61.63391876
554.27551270,-61.37398148
554.46624756,-59.91248703
554.65698242,-58.62333679
554.84771729,-55.35755157
555.03845215,-57.64707565
555.22918701,-61.18265152
555.41992188,-65.38977051
555.61065674,-80.38051605
555.80139160,-62.04737854
555.99212646,-58.52668381
556.18286133,-60.06971741
556.37359619,-59.13694000
556.56433105,-57.34325790
556.75506592,-55.66078186
556.94580078,-53.81324768
557.13653564,-59.29283905
557.32727051,-60.97982407
557.51800537,-60.19706345
557.70874023,-67.26258850
557.89947510,-58.76675415
558.09020996,-56.19683075
558.28094482,-57.35288239
558.47167969,-55.22351074
558.66241455,-51.46826935
558.85314941,-51.65347290
559.04388428,-56.56517792
559.23461914,-54.85877609
559.42535400,-52.88883591
559.61608887,-53.21678543
559.80682373,-51.18236160
559.99755859,-48.67768097
560.18829346,-49.89329529
560.37902832,-56.03228760
560.56976318,-57.25833130
560.76049805,-52.62107468
560.95123291,-60.05245209
561.14196777,-63.19566727
561.33270264,-61.67890549
561.52343750,-52.93769073
561.71417236,-52.23314285
561.90490723,-54.20881271
562.09564209,-54.57431030
562.28637695,-52.96524811
562.47711182,-56.70933151
562.66784668,-64.60876465
562.85858154,-56.97423553
563.04931641,-53.84471512
563.24005127,-55.55321121
563.43078613,-61.52650833
563.62152100,-68.28185272
563.81225586,-55.18246460
564.00299072,-51.13337708
564.19372559,-55.08940125
564.38446045,-62.77711487
564.57519531,-57.29673386
564.76593018,-54.25580978
564.95666504,-56.48629761
565.14739990,-61.83545685
565.33813477,-58.19638824
565.52886963,-61.34141541
565.71960449,-55.62097931
565.91033936,-51.30804062
566.10107422,-54.86157990
566.29180908,-66.07117462
566.48254395,-60.75900650
566.67327881,-55.75283051
566.86401367,-63.29727173
567.05474854,-56.11960983
567.24548340,-54.19615936
567.43621826,-60.29727173
567.62695312,-59.78424454
567.81768799,-54.16145706
568.00842285,-52.72506332
568.19915771,-53.04963684
568.38989258,-53.01900482
568.58062744,-50.97482300
568.77136230,-50.64160156
568.96209717,-51.09928131
569.15283203,-58.22037506
569.34356689,-62.99325943
569.53430176,-54.01295090
569.72503662,-53.46166992
569.91577148,-57.53763580
570.10650635,-62.49517441
570.29724121,-75.79286194
570.48797607,-64.53870392
570.67871094,-61.68293381
570.86944580,-71.02296448
571.06018066,-57.06396103
571.25091553,-59.54096222
571.44165039,-59.35650253
571.63238525,-58.82364273
571.82312012,-61.05534363
572.01385498,-57.75697708
572.20458984,-64.41651917
572.39532471,-61.79807663
572.58605957,-59.10106277
572.77679443,-58.63077164
572.96752930,-68.66334534
573.15826416,-58.53980637
573.34899902,-59.06752777
573.53973389,-58.81257629
573.73046875,-55.04163361
573.92120361,-57.39094162
574.11193848,-54.86224747
574.30267334,-51.60577774
574.49340820,-51.50631714
574.68414307,-58.94008255
574.87487793,-60.82704544
575.06561279,-62.99657822
575.25634766,-71.61551666
575.44708252,-60.65480804
575.63781738,-57.60530090
575.82855225,-62.57171249
576.01928711,-58.83182144
576.21002197,-64.02861786
576.40075684,-59.48652649
576.59149170,-59.58512878
576.78222656,-65.40258789
576.97296143,-69.18115234
577.16369629,-59.25395584
577.35443115,-55.14262772
577.54516602,-64.20760345
577.73590088,-64.12430573
577.92663574,-61.18172455
578.11737061,-63.73403168
578.30810547,-55.08046722
578.49884033,-51.84713745
578.68957520,-53.70804214
578.88031006,-53.64210510
579.07104492,-54.58318329
579.26177979,-56.46621323
579.45251465,-61.29985809
579.64324951,-58.21049118
579.83398438,-56.65435028
580.02471924,-60.17314148
580.21545410,-60.42995071
580.40618896,-67.33604431
580.59692383,-59.27547073
580.78765869,-55.54861069
580.97839355,-55.98853683
581.16912842,-61.07488251
581.35986328,-64.36244965
581.55059814,-63.68438339
581.74133301,-58.28635406
581.93206787,-58.99020767
582.12280273,-53.57241058
582.31353760,-50.95352173
582.50427246,-52.69319534
582.69500732,-56.93506241
582.88574219,-63.11914444
583.07647705,-59.15420914
583.26721191,-56.64353180
583.45794678,-59.79914093
583.64868164,-58.44673538
583.83941650,-63.27950287
584.03015137,-67.01669312
584.22088623,-61.49912262
584.41162109,-58.36723328
584.60235596,-56.81367874
584.79309082,-57.98837662
584.98382568,-62.36453247
585.17456055,-62.71547699
585.36529541,-55.92675781
585.55603027,-53.45639801
585.74676514,-53.29881287
585.93750000,-57.78510666
586.12823486,-60.75099182
586.31896973,-54.79558563
586.50970459,-61.80271912
586.70043945,-57.47590637
586.89117432,-51.55215454
587.08190918,-53.50558472
587.27264404,-66.98053741
587.46337891,-62.01226044
587.65411377,-69.85281372
587.84484863,-58.31164932
588.03558350,-55.65946198
588.22631836,-60.76818848
588.41705322,-65.91790009
588.60778809,-59.56484985
588.79852295,-57.17769623
588.98925781,-58.51636505
589.17999268,-52.40536118
589.37072754,-54.06324768
589.56146240,-55.03659058
589.75219727,-52.51840973
589.94293213,-55.65411377
590.13366699,-59.34671402
590.32440186,-68.42105103
590.51513672,-66.94887543
590.70587158,-59.90842438
590.89660645,-57.71129990
591.08734131,-60.10210037
591.27807617,-66.03067017
591.46881104,-63.17287445
591.65954590,-57.99528503
591.85028076,-59.05335999
592.04101562,-60.52812958
592.23175049,-63.43584442
592.42248535,-79.21527863
592.61322021,-58.99187088
592.80395508,-56.38315201
592.99468994,-59.46855164
593.18542480,-61.72843170
593.37615967,-57.69866562
593.56689453,-55.65211487
593.75762939,-57.51174927
593.94836426,-57.95232391
594.13909912,-59.94464493
594.32983398,-82.64556885
594.52056885,-63.96667099
594.71130371,-56.01592636
594.90203857,-54.18347931
595.09277344,-53.27457428
595.28350830,-53.80944824
595.47424316,-60.30848694
595.66497803,-59.91581726
595.85571289,-53.20417404
596.04644775,-50.24542999
596.23718262,-48.90165710
596.42791748,-51.60736465
596.61865234,-62.39651489
596.80938721,-64.92202759
597.00012207,-55.71733475
597.19085693,-53.50391006
597.38159180,-61.23138809
597.57232666,-59.39986801
597.76306152,-52.11382294
597.95379639,-51.13895035
598.14453125,-53.05958176
598.33526611,-64.81852722
598.52600098,-54.45515060
598.71673584,-51.34165192
598.90747070,-50.95287323
599.09820557,-52.50992203
599.28894043,-53.76624298
599.47967529,-51.69939041
599.67041016,-51.44763565
599.86114502,-53.74510956
600.05187988,-57.38311768
600.24261475,-68.88388824
600.43334961,-54.74779129
600.62408447,-53.93664932
600.81481934,-56.09056091
601.00555420,-56.81450653
601.19628906,-61.21765518
601.38702393,-57.13138199
601.57775879,-57.68424606
601.76849365,-62.42335892
601.95922852,-55.70227051
602.14996338,-52.61235809
602.34069824,-52.08192825
602.53143311,-52.64507675
602.72216797,-54.76244354
602.91290283,-60.10094070
603.10363770,-60.53299332
603.29437256,-57.10758209
603.48510742,-59.92518997
603.67584229,-66.63694763
603.86657715,-61.10387802
604.05731201,-57.97690582
604.24804688,-56.75426483
604.43878174,-56.17423248
604.62951660,-57.50849915
604.82025146,-57.59764099
605.01098633,-57.10187912
605.20172119,-60.61048889
605.39245605,-67.11731720
605.58319092,-79.34664917
605.77392578,-59.39655685
605.96466064,-61.08790970
606.15539551,-59.34616852
606.34613037,-54.71551895
606.53686523,-56.03105164
606.72760010,-57.31674194
606.91833496,-60.16616821
607.10906982,-58.20148087
607.29980469,-57.21287537
607.49053955,-52.63791656
607.68127441,-53.29952240
607.87200928,-57.75857925
608.06274414,-71.13477325
608.25347900,-57.66956329
608.44421387,-56.43991089
608.63494873,-58.22446823
608.82568359,-64.37879944
609.01641846,-63.43429565
609.20715332,-61.17111588
609.39788818,-59.85602951
609.58862305,-56.45385361
609.77935791,-55.98043823
609.97009277,-61.06352997
610.16082764,-59.55715179
610.35156250,-60.03576279
610.54229736,-68.68546295
610.73303223,-52.64860153
610.92376709,-49.91243744
611.11450195,-49.95954132
611.30523682,-52.01198959
611.49597168,-58.38854218
611.68670654,-65.58419800
611.87744141,-63.15121078
612.06817627,-58.85533142
612.25891113,-74.98316956
612.44964600,-61.74949646
612.64038086,-59.86008453
612.83111572,-62.16519928
613.02185059,-67.69127655
613.21258545,-62.57549286
613.40332031,-77.62271881
613.59405518,-58.48535919
613.78479004,-51.53934479
613.97552490,-50.07115173
614.16625977,-53.03540039
614.35699463,-61.70764542
614.54772949,-62.76159286
614.73846436,-58.68811798
614.92919922,-54.19215393
615.11993408,-55.31491852
615.31066895,-57.77328491
615.50140381,-56.58211136
615.69213867,-56.79686737
615.88287354,-60.77230453
616.07360840,-64.97525787
616.26434326,-64.96150970
616.45507812,-63.49327469
616.64581299,-63.10437775
616.83654785,-59.82495117
617.02728271,-54.22394562
617.21801758,-55.48731995
617.40875244,-67.93430328
617.59948730,-76.17572784
617.79022217,-65.41777039
617.98095703,-62.78425217
618.17169189,-67.99177551
618.36242676,-74.23908997
618.55316162,-65.93830109
618.74389648,-68.36279297
618.93463135,-64.76116943
619.12536621,-57.06700134
619.31610107,-56.90021515
619.50683594,-55.78201294
619.69757080,-53.45208740
619.88830566,-56.63158798
620.07904053,-55.65574265
620.26977539,-54.52121353
620.46051025,-61.14001846
620.65124512,-68.48983002
620.84197998,-64.98461914
621.03271484,-61.62635422
621.22344971,-57.30694199
621.41418457,-57.39574432
621.60491943,-61.09109879
621.79565430,-55.10050964
621.98638916,-58.29889679
622.17712402,-58.93531418
622.36785889,-56.82727051
622.55859375,-54.98735428
622.74932861,-56.41490936
622.94006348,-59.53686142
623.13079834,-63.34096909
623.32153320,-59.18946075
623.51226807,-52.90036774
623.70300293,-52.12783432
623.89373779,-54.41799545
624.08447266,-55.40226746
624.27520752,-53.53834534
624.46594238,-52.77757645
624.65667725,-56.33291626
624.84741211,-52.84905243
625.03814697,-50.91598892
625.22888184,-54.30240250
625.41961670,-62.56240082
625.61035156,-68.72793579
625.80108643,-58.74647141
625.99182129,-55.05504227
626.18255615,-57.24731827
626.37329102,-60.73152542
626.56402588,-58.86039734
626.75476074,-54.94347382
626.94549561,-52.42412186
627.13623047,-57.04458618
627.32696533,-69.23353577
627.51770020,-60.86418533
627.70843506,-61.75733948
627.89916992,-64.94010162
628.08990479,-67.27291870
628.28063965,-59.94056702
628.47137451,-54.81199265
628.66210938,-58.03903580
628.85284424,-57.61806870
629.04357910,-55.89429474
629.23431396,-58.09397125
629.42504883,-57.89076996
629.61578369,-66.56295776
629.80651855,-55.56054688
629.99725342,-54.39167023
630.18798828,-56.57398224
630.37872314,-82.76979065
630.56945801,-59.10122681
630.76019287,-58.91180038
630.95092773,-64.29917145
631.14166260,-61.73526764
631.33239746,-65.77927399
631.52313232,-58.45968628
631.71386719,-56.76170731
631.90460205,-65.87730408
632.09533691,-57.05560684
632.28607178,-58.96273041
632.47680664,-67.15267944
632.66754150,-56.06974030
632.85827637,-60.06644440
633.04901123,-54.15709686
633.23974609,-52.38669586
633.43048096,-59.05255127
633.62121582,-61.97532272
633.81195068,-59.25117493
634.00268555,-62.64656067
634.19342041,-60.73652649
634.38415527,-54.37555313
634.57489014,-52.45662689
634.76562500,-55.50042725
634.95635986,-61.26346588
635.14709473,-59.90189362
635.33782959,-56.65673065
635.52856445,-57.62211609
635.71929932,-66.22868347
635.91003418,-63.13613510
636.10076904,-59.58541870
636.29150391,-55.27106476
636.48223877,-54.89685822
636.67297363,-57.38149643
636.86370850,-55.08705139
637.05444336,-60.36140060
637.24517822,-66.81365967
637.43591309,-61.63959503
637.62664795,-59.79077911
637.81738281,-69.31063843
638.00811768,-59.77941895
638.19885254,-53.80626297
638.38958740,-54.66495514
638.58032227,-55.01075745
638.77105713,-57.34212494
638.96179199,-57.49187088
639.15252686,-57.78249359
639.34326172,-58.62577438
639.53399658,-57.12704468
639.72473145,-59.23221207
639.91546631,-58.12277985
640.10620117,-62.67348480
640.29693604,-57.94206619
640.48767090,-62.17336273
640.67840576,-59.14240265
640.86914062,-53.14541626
641.05987549,-50.43574905
641.25061035,-51.75023651
641.44134521,-57.65292358
641.63208008,-68.90940857
641.82281494,-69.90087891
642.01354980,-57.39173126
642.20428467,-55.64971161
642.39501953,-62.16179276
642.58575439,-59.86625671
642.77648926,-55.65651703
642.96722412,-54.75343704
643.15795898,-54.87686539
643.34869385,-54.37011719
643.53942871,-53.62088013
643.73016357,-52.12598801
643.92089844,-53.73506165
644.11163330,-59.41598892
644.30236816,-61.42961502
644.49310303,-59.26850128
644.68383789,-55.01472855
644.87457275,-51.58413696
645.06530762,-54.38117599
645.25604248,-58.64727402
645.44677734,-71.63647461
645.63751221,-56.30234146
645.82824707,-51.80725861
646.01898193,-54.87554169
646.20971680,-61.06107712
646.40045166,-56.63275146
646.59118652,-53.88336563
646.78192139,-55.14912415
646.97265625,-55.83058929
647.16339111,-59.87556458
647.35412598,-58.67090225
647.54486084,-54.62400436
647.73559570,-52.54503632
647.92633057,-54.86460114
648.11706543,-54.52299500
648.30780029,-51.68476105
648.49853516,-52.70558167
648.68927002,-53.40081024
648.88000488,-51.69876099
649.07073975,-52.53326797
649.26147461,-55.34412003
649.45220947,-54.66329956
649.64294434,-53.62369537
649.83367920,-54.12647247
650.02441406,-58.16862488
650.21514893,-60.37476349
650.40588379,-64.97439575
650.59661865,-63.53046417
650.78735352,-66.25312805
650.97808838,-57.02091980
651.16882324,-54.86328506
651.35955811,-53.55501175
651.55029297,-61.33592606
651.74102783,-57.60236740
651.93176270,-53.44760895
652.12249756,-55.62226868
652.31323242,-59.37623596
652.50396729,-59.77798462
652.69470215,-59.99509811
652.88543701,-55.44546127
653.07617188,-56.93217468
653.26690674,-60.07192230
653.45764160,-54.84642410
653.64837646,-51.28944397
653.83911133,-51.29548645
654.02984619,-52.68090057
654.22058105,-53.46134186
654.41131592,-56.00866699
654.60205078,-62.23962784
654.79278564,-68.85113525
654.98352051,-63.34835815
655.17425537,-68.10475159
655.36499023,-63.08099365
655.55572510,-63.63442993
655.74645996,-60.84955215
655.93719482,-57.60218048
656.12792969,-56.75754929
656.31866455,-56.58813858
656.50939941,-55.71315765
656.70013428,-57.84448624
656.89086914,-59.64859390
657.08160400,-60.25094604
657.27233887,-55.66120529
657.46307373,-53.52061462
657.65380859,-58.81840134
657.84454346,-57.93979263
658.03527832,-52.24798203
658.22601318,-55.18333817
658.41674805,-56.56319046
658.60748291,-56.66796875
658.79821777,-62.12575531
658.98895264,-58.58755493
659.17968750,-56.43160248
659.37042236,-53.53466797
659.56115723,-51.73387527
659.75189209,-58.80498886
659.94262695,-54.72063446
660.13336182,-55.08915329
660.32409668,-62.60379410
660.51483154,-63.91156006
660.70556641,-58.47926331
660.89630127,-55.89981842
661.08703613,-63.84870529
661.27777100,-61.51655579
661.46850586,-56.71453094
661.65924072,-53.79079819
661.84997559,-51.84336090
662.04071045,-55.26300430
662.23144531,-63.16452408
662.42218018,-63.61623383
662.61291504,-55.62725067
662.80364990,-55.50973892
662.99438477,-56.94947815
663.18511963,-59.11592865
663.37585449,-64.46323395
663.56658936,-58.55878448
663.75732422,-53.33656311
663.94805908,-49.62240601
664.13879395,-53.56155396
664.32952881,-57.09229279
664.52026367,-53.59924316
664.71099854,-54.04454803
664.90173340,-58.83261108
665.09246826,-59.11498642
665.28320312,-54.21142197
665.47393799,-58.35010910
665.66467285,-64.00027466
665.85540771,-55.52910233
666.04614258,-55.24304199
666.23687744,-61.10179901
666.42761230,-52.41287994
666.61834717,-49.45063019
666.80908203,-50.61381531
666.99981689,-60.39776230
667.19055176,-56.57361984
667.38128662,-56.61405563
667.57202148,-60.56171799
667.76275635,-56.59896851
667.95349121,-52.66694641
668.14422607,-55.45572662
668.33496094,-63.98153687
668.52569580,-66.45039368
668.71643066,-62.93859482
668.90716553,-54.66654205
669.09790039,-54.08203506
669.28863525,-57.55407333
669.47937012,-62.41412354
669.67010498,-62.51071167
669.86083984,-62.50904465
670.05157471,-59.65432739
670.24230957,-55.22720718
670.43304443,-56.51345062
670.62377930,-65.84542084
670.81451416,-60.23767853
671.00524902,-59.01998520
671.19598389,-56.42718506
671.38671875,-58.32209015
671.57745361,-55.10630798
671.76818848,-50.74159622
671.95892334,-50.22509766
672.14965820,-51.11443329
672.34039307,-54.80211258
672.53112793,-64.12787628
672.72186279,-65.07621002
672.91259766,-64.62710571
673.10333252,-65.99243164
673.29406738,-57.69073105
673.48480225,-59.58583069
673.67553711,-64.28221130
673.86627197,-58.74367523
674.05700684,-50.78468323
674.24774170,-49.32923889
674.43847656,-54.98497772
674.62921143,-69.78773499
674.81994629,-58.28291321
675.01068115,-57.46471786
675.20141602,-61.06233978
675.39215088,-68.78830719
675.58288574,-64.32435608
675.77362061,-57.19224548
675.96435547,-55.26775742
676.15509033,-56.37443924
676.34582520,-57.17410278
676.53656006,-53.61513138
676.72729492,-53.46221542
676.91802979,-60.51089859
677.10876465,-54.37609863
677.29949951,-51.25060654
677.49023438,-51.58438873
677.68096924,-53.61311340
677.87170410,-59.67202759
678.06243896,-88.34342957
678.25317383,-57.69199371
678.44390869,-55.00790405
678.63464355,-58.32005310
678.82537842,-62.89497757
679.01611328,-56.99003601
679.20684814,-51.69122314
679.39758301,-53.55631256
679.58831787,-65.03751373
679.77905273,-60.40414429
679.96978760,-54.62708282
680.16052246,-53.73840332
680.35125732,-57.13933563
680.54199219,-62.67989731
680.73272705,-59.69194412
680.92346191,-57.96649551
681.11419678,-58.09792328
681.30493164,-59.99246979
681.49566650,-62.18729019
681.68640137,-61.09965515
681.87713623,-59.43918228
682.06787109,-59.33435822
682.25860596,-53.20264435
682.44934082,-50.64986420
682.64007568,-50.95706940
682.83081055,-51.60028458
683.02154541,-51.11480713
683.21228027,-54.09408188
683.40301514,-56.97994614
683.59375000,-55.86911774
683.78448486,-56.57896042
683.97521973,-63.64642334
684.16595459,-91.38106537
684.35668945,-60.68063736
684.54742432,-53.25362396
684.73815918,-53.82762527
684.92889404,-57.47639465
685.11962891,-55.97152328
685.31036377,-51.91912079
685.50109863,-55.31412125
685.69183350,-62.36310959
685.88256836,-56.86971283
686.07330322,-64.87342072
686.26403809,-55.93492508
686.45477295,-58.05591583
686.64550781,-65.73195648
686.83624268,-65.22153473
687.02697754,-54.20161438
687.21771240,-49.49989700
687.40844727,-49.98825455
687.59918213,-56.82888031
687.78991699,-64.65399933
687.98065186,-57.74314117
688.17138672,-53.87068176
688.36212158,-55.16029739
688.55285645,-66.39866638
688.74359131,-59.47592163
688.93432617,-62.40866089
689.12506104,-54.06382751
689.31579590,-50.96557236
689.50653076,-52.68059158
689.69726562,-54.23332596
689.88800049,-57.16988373
690.07873535,-53.15875626
690.26947021,-50.68360901
690.46020508,-50.68698502
690.65093994,-52.91378021
690.84167480,-60.23361588
691.03240967,-70.45469666
691.22314453,-70.44644928
691.41387939,-67.41383362
691.60461426,-56.65520096
691.79534912,-51.14805603
691.98608398,-50.44440460
692.17681885,-56.09241867
692.36755371,-66.68851471
692.55828857,-66.12237549
692.74902344,-59.68012238
692.93975830,-58.02547073
693.13049316,-64.06014252
693.32122803,-65.67724609
693.51196289,-60.56510162
693.70269775,-59.52350998
693.89343262,-63.34241486
694.08416748,-76.34538269
694.27490234,-62.16271210
694.46563721,-56.88677216
694.65637207,-59.95246887
694.84710693,-77.00362396
695.03784180,-63.69750595
695.22857666,-54.64909363
695.41931152,-51.12259293
695.61004639,-51.96474457
695.80078125,-53.08284760
695.99151611,-54.89142609
696.18225098,-55.19209290
696.37298584,-52.84196854
696.56372070,-57.31547928
696.75445557,-61.19101715
696.94519043,-58.48020172
697.13592529,-65.28524017
697.32666016,-65.54218292
697.51739502,-60.75549316
697.70812988,-52.04526520
697.89886475,-48.88705826
698.08959961,-47.90844345
698.28033447,-51.29605865
698.47106934,-55.35505295
698.66180420,-57.21256638
698.85253906,-54.45712662
699.04327393,-51.35748291
699.23400879,-55.46203995
699.42474365,-54.37508392
699.61547852,-60.63431549
699.80621338,-59.27728653
699.99694824,-58.43523026
700.18768311,-51.58557510
700.37841797,-55.62704086
700.56915283,-54.02201080
700.75988770,-55.33483124
700.95062256,-63.39268112
701.14135742,-66.71465302
701.33209229,-63.72785568
701.52282715,-58.32103348
701.71356201,-55.45021820
701.90429688,-54.80601501
702.09503174,-56.27683258
702.28576660,-57.96113968
702.47650146,-60.06142044
702.66723633,-57.13479996
702.85797119,-55.77540970
703.04870605,-54.14659882
703.23944092,-54.91422653
703.43017578,-58.25881958
703.62091064,-65.40229797
703.81164551,-52.90843964
704.00238037,-49.49679565
704.19311523,-49.80989838
704.38385010,-57.07404709
704.57458496,-70.25477600
704.76531982,-63.34207916
704.95605469,-54.21268082
705.14678955,-55.79545975
705.33752441,-71.53051758
705.52825928,-59.65193176
705.71899414,-59.80809021
705.90972900,-61.35998535
706.10046387,-61.46130371
706.29119873,-71.58171082
706.48193359,-58.84031296
706.67266846,-56.30147552
706.86340332,-55.98434830
707.05413818,-54.71905136
707.24487305,-57.27960205
707.43560791,-61.89709473
707.62634277,-72.18589020
707.81707764,-58.07228851
708.00781250,-55.05851364
708.19854736,-54.67438126
708.38928223,-55.06893158
708.58001709,-59.19161987
708.77075195,-57.77259064
708.96148682,-58.11361694
709.15222168,-58.97301483
709.34295654,-55.96315765
709.53369141,-56.66180038
709.72442627,-60.64766693
709.91516113,-64.73336792
710.10589600,-67.92116547
710.29663086,-62.21931076
710.48736572,-61.30432892
710.67810059,-57.83973694
710.86883545,-57.30355072
711.05957031,-59.97133636
711.25030518,-76.82232666
711.44104004,-73.41053772
711.63177490,-59.69955444
711.82250977,-61.53051376
712.01324463,-59.74158478
712.20397949,-56.46038818
712.39471436,-60.07629776
712.58544922,-80.50891876
712.77618408,-61.52377701
712.96691895,-58.06819534
713.15765381,-56.83258438
713.34838867,-59.73964310
713.53912354,-59.97057343
713.72985840,-58.15904617
713.92059326,-57.22938538
714.11132812,-56.14029312
714.30206299,-57.23778534
714.49279785,-77.22758484
714.68353271,-55.68923569
714.87426758,-54.12255096
715.06500244,-60.08773041
715.25573730,-62.16022491
715.44647217,-67.33191681
715.63720703,-64.38764954
715.82794189,-59.66104889
716.01867676,-59.76512527
716.20941162,-61.53266144
716.40014648,-53.57207489
716.59088135,-51.75066376
716.78161621,-56.53547287
716.97235107,-67.40131378
717.16308594,-66.97991180
717.35382080,-72.00904083
717.54455566,-60.74832916
717.73529053,-55.79672241
717.92602539,-56.78658295
718.11676025,-74.91923523
718.30749512,-59.64160156
718.49822998,-55.43696976
718.68896484,-55.70273590
718.87969971,-60.51241302
719.07043457,-58.60591888
719.26116943,-53.31375122
719.45190430,-51.56882477
719.64263916,-53.34521484
719.83337402,-52.88106537
720.02410889,-54.53244019
720.21484375,-53.30087280
720.40557861,-48.23275757
720.59631348,-49.48187256
720.78704834,-53.31234741
720.97778320,-55.85589981
721.16851807,-56.68400574
721.35925293,-60.36775208
721.54998779,-66.09088135
721.74072266,-70.07359314
721.93145752,-62.64451599
722.12219238,-61.52285767
722.31292725,-73.15321350
722.50366211,-57.78989792
722.69439697,-58.04412842
722.88513184,-54.52129745
723.07586670,-53.51614380
723.26660156,-54.75994492
723.45733643,-55.58972168
723.64807129,-56.22626495
723.83880615,-60.35953140
724.02954102,-59.17740631
724.22027588,-53.09521103
724.41101074,-52.94337463
724.60174561,-58.40723419
724.79248047,-65.97404480
724.98321533,-57.06908798
725.17395020,-56.77720642
725.36468506,-58.69226837
725.55541992,-52.30646133
725.74615479,-48.25223541
725.93688965,-49.99834061
726.12762451,-57.37841034
726.31835938,-65.96679688
726.50909424,-61.75747681
726.69982910,-63.81727600
726.89056396,-67.82935333
727.08129883,-54.73616028
727.27203369,-52.49351120
727.46276855,-57.23853683
727.65350342,-58.97686005
727.84423828,-61.41799927
728.03497314,-62.70996857
728.22570801,-57.04206848
728.41644287,-56.60457993
728.60717773,-56.86826706
728.79791260,-55.38385773
728.98864746,-60.56263351
729.17938232,-77.45711517
729.37011719,-56.62087250
729.56085205,-50.13011169
729.75158691,-50.40838242
729.94232178,-54.99379730
730.13305664,-61.61607742
730.32379150,-59.43378067
730.51452637,-61.80464935
730.70526123,-65.72440338
730.89599609,-55.10898972
731.08673096,-51.55327225
731.27746582,-53.34615326
731.46820068,-65.56504059
731.65893555,-60.39070892
731.84967041,-54.87388611
732.04040527,-53.80534744
732.23114014,-58.29191589
732.42187500,-68.74188232
732.61260986,-79.03172302
732.80334473,-70.26886749
732.99407959,-64.84121704
733.18481445,-68.77532196
733.37554932,-59.93749237
733.56628418,-61.35478592
733.75701904,-63.06010818
733.94775391,-54.63094330
734.13848877,-54.36354828
734.32922363,-57.13179779
734.51995850,-60.15384674
734.71069336,-60.79183197
734.90142822,-57.78294373
735.09216309,-57.27694702
735.28289795,-64.07609558
735.47363281,-64.04566956
735.66436768,-58.68393707
735.85510254,-57.94009781
736.04583740,-61.17542267
736.23657227,-75.38142395
736.42730713,-61.81156921
736.61804199,-53.14678192
736.80877686,-51.74488068
736.99951172,-49.54930115
737.19024658,-50.55564880
737.38098145,-56.89654922
737.57171631,-56.85426331
737.76245117,-53.17020798
737.95318604,-57.42556000
738.14392090,-61.42875290
738.33465576,-59.33670425
738.52539062,-61.57363129
738.71612549,-64.17742157
738.90686035,-66.31989288
739.09759521,-59.59194183
739.28833008,-57.64402008
739.47906494,-57.95090103
739.66979980,-55.09628677
739.86053467,-54.85292816
740.05126953,-52.68924332
740.24200439,-52.46670151
740.43273926,-52.38632965
740.62347412,-54.16865540
740.81420898,-58.24107742
741.00494385,-58.63927460
741.19567871,-53.29718018
741.38641357,-50.57706833
741.57714844,-54.35277939
741.76788330,-59.95101547
741.95861816,-66.16478729
742.14935303,-65.97914124
742.34008789,-72.65292358
742.53082275,-71.30059052
742.72155762,-62.45706558
742.91229248,-59.58018494
743.10302734,-69.85009766
743.29376221,-60.70558929
743.48449707,-53.52676392
743.67523193,-54.46130753
743.86596680,-54.35016632
744.05670166,-53.07962799
744.24743652,-56.21918106
744.43817139,-65.01415253
744.62890625,-59.58293533
744.81964111,-58.39857101
745.01037598,-69.29262543
745.20111084,-55.10815430
745.39184570,-57.76800156
745.58258057,-57.13827133
745.77331543,-52.82019043
745.96405029,-55.45197296
746.15478516,-58.47154236
746.34552002,-63.36820602
746.53625488,-56.69450760
746.72698975,-56.20801544
746.91772461,-56.46930695
747.10845947,-52.86733246
747.29919434,-52.99441910
747.48992920,-53.39564896
747.68066406,-52.93647766
747.87139893,-62.61318970
748.06213379,-54.80035782
748.25286865,-53.78513336
748.44360352,-59.00096893
748.63433838,-56.91523743
748.82507324,-54.27199936
749.01580811,-58.26176071
749.20654297,-63.13179016
749.39727783,-59.25509644
749.58801270,-57.10244751
749.77874756,-54.11635971
749.96948242,-55.29502106
750.16021729,-58.64479828
750.35095215,-59.19904327
750.54168701,-59.68275452
750.73242188,-59.60358047
750.92315674,-58.63821411
751.11389160,-57.04935074
751.30462646,-60.64775848
751.49536133,-60.22041321
751.68609619,-59.20819855
751.87683105,-64.42253113
752.06756592,-73.94020081
752.25830078,-62.71042252
752.44903564,-56.72080994
752.63977051,-56.96269226
752.83050537,-69.29693604
753.02124023,-58.33341980
753.21197510,-64.40019989
753.40270996,-56.04892731
753.59344482,-54.07686615
753.78417969,-52.54182434
753.97491455,-54.01968002
754.16564941,-55.11055756
754.35638428,-51.85583115
754.54711914,-52.57350922
754.73785400,-55.86576843
754.92858887,-59.39273453
755.11932373,-62.00584793
755.31005859,-53.99641418
755.50079346,-51.99393463
755.69152832,-54.32492065
755.88226318,-53.86758804
756.07299805,-57.00320435
756.26373291,-59.89272308
756.45446777,-57.25217438
756.64520264,-58.59682465
756.83593750,-58.58295059
757.02667236,-60.99430847
757.21740723,-64.85586548
757.40814209,-54.84134674
757.59887695,-52.89290619
757.78961182,-56.65605927
757.98034668,-64.17196655
758.17108154,-57.44195557
758.36181641,-56.62947083
758.55255127,-63.55030441
758.74328613,-67.34906769
758.93402100,-54.57326508
759.12475586,-51.76725006
759.31549072,-54.76512527
759.50622559,-61.78059006
759.69696045,-73.02755737
759.88769531,-71.24923706
760.07843018,-65.09993744
760.26916504,-57.92461014
760.45989990,-55.97113037
760.65063477,-55.93679428
760.84136963,-57.07466125
761.03210449,-58.27039337
761.22283936,-59.93280792
761.41357422,-55.86408615
761.60430908,-52.79742432
761.79504395,-52.76342392
761.98577881,-55.26976013
762.17651367,-56.73564529
762.36724854,-57.55340958
762.55798340,-63.45368195
762.74871826,-55.14542007
762.93945312,-50.42324829
763.13018799,-51.75378418
763.32092285,-59.43309402
763.51165771,-58.97072220
763.70239258,-61.13272858
763.89312744,-62.56069946
764.08386230,-57.89820862
764.27459717,-55.69039917
764.46533203,-61.53979874
764.65606689,-62.23039627
764.84680176,-60.79314804
765.03753662,-54.92302322
765.22827148,-52.54254150
765.41900635,-52.97167206
765.60974121,-57.64811707
765.80047607,-56.58794403
765.99121094,-50.70098114
766.18194580,-49.56064224
766.37268066,-53.08404541
766.56341553,-61.81776047
766.75415039,-69.73887634
766.94488525,-71.59836578
767.13562012,-66.20047760
767.32635498,-54.23933411
767.51708984,-49.29167175
767.70782471,-51.43699646
767.89855957,-64.70900726
768.08929443,-59.60243988
768.28002930,-57.84020996
768.47076416,-56.41116333
768.66149902,-53.39825058
768.85223389,-51.76677704
769.04296875,-51.45183182
769.23370361,-54.20063019
769.42443848,-52.28042984
769.61517334,-52.27244568
769.80590820,-64.50946808
769.99664307,-58.51779556
770.18737793,-59.13780975
770.37811279,-66.09745026
770.56884766,-65.25424957
770.75958252,-65.87640381
770.95031738,-55.38725281
771.14105225,-51.15839005
771.33178711,-50.57537460
771.52252197,-51.37287903
771.71325684,-62.32742691
771.90399170,-60.15554428
772.09472656,-57.72937393
772.28546143,-55.79329681
772.47619629,-56.58795929
772.66693115,-66.28537750
772.85766602,-65.64884949
773.04840088,-64.54690552
773.23913574,-66.77759552
773.42987061,-58.06693268
773.62060547,-57.12585449
773.81134033,-69.52284241
774.00207520,-58.17676926
774.19281006,-55.51468277
774.38354492,-56.15954590
774.57427979,-55.31836700
774.76501465,-53.91872787
774.95574951,-53.46673584
775.14648438,-54.78620148
775.33721924,-62.53101730
775.52795410,-61.50505066
775.71868896,-55.98744202
775.90942383,-64.29069519
776.10015869,-58.82919312
776.29089355,-57.03427887
776.48162842,-61.98745728
776.67236328,-60.53274155
776.86309814,-63.27615356
777.05383301,-59.90660095
777.24456787,-56.33781052
777.43530273,-67.49361420
777.62603760,-55.42989731
777.81677246,-60.05993652
778.00750732,-56.51000595
778.19824219,-55.76881790
778.38897705,-65.54727173
778.57971191,-56.42434692
778.77044678,-57.16490936
778.96118164,-57.82980347
779.15191650,-63.23492432
779.34265137,-59.62110519
779.53338623,-66.35707855
779.72412109,-52.93518448
779.91485596,-52.28288269
780.10559082,-59.04812241
780.29632568,-55.13473511
780.48706055,-60.15434265
780.67779541,-60.14209747
780.86853027,-51.27239609
781.05926514,-49.24146271
