Frequency,Channel A

0.00000000,-24.29069328
0.19073486,-30.93559456
0.38146973,-43.12498093
0.57220459,-54.52876282
0.76293945,-57.11164856
0.95367432,-58.28159332
1.14440918,-55.97041702
1.33514404,-55.20248032
1.52587891,-59.26602173
1.71661377,-51.90304565
1.90734863,-39.77880478
2.09808350,-14.00173092
2.28881836,-3.07317281
2.47955322,-0.99836236
2.67028809,-7.00586081
2.86102295,-23.68052673
3.05175781,-55.71120453
3.24249268,-56.85330200
3.43322754,-53.36399841
3.62396240,-56.63186646
3.81469727,-64.79004669
4.00543213,-76.86346436
4.19616699,-49.06863785
4.38690186,-27.69315910
4.57763672,-15.90530872
4.76837158,-13.36959648
4.95910645,-18.77069092
5.14984131,-33.18314362
5.34057617,-48.01380539
5.53131104,-48.70469666
5.72204590,-50.45919800
5.91278076,-66.68594360
6.10351562,-53.17799377
6.29425049,-56.67136383
6.48498535,-60.70668793
6.67572021,-55.36805725
6.86645508,-44.64303970
7.05718994,-40.86280823
7.24792480,-41.84397125
7.43865967,-43.30648041
7.62939453,-43.81763077
7.82012939,-48.52706528
8.01086426,-73.61218262
8.20159912,-61.05516815
8.39233398,-58.29822159
8.58306885,-51.21692276
8.77380371,-54.46007538
8.96453857,-62.21205902
9.15527344,-63.52027512
9.34600830,-49.86797714
9.53674316,-43.09379959
9.72747803,-42.00870514
9.91821289,-44.36495209
10.10894775,-49.63976288
10.29968262,-53.99217987
10.49041748,-58.73684311
10.68115234,-69.65126801
10.87188721,-58.98173523
11.06262207,-54.54018402
11.25335693,-52.53720856
11.44409180,-54.88138580
11.63482666,-62.35202408
11.82556152,-53.66807938
12.01629639,-46.71443558
12.20703125,-49.01296234
12.39776611,-53.21615219
12.58850098,-55.71382141
12.77923584,-50.22554398
12.96997070,-48.31404877
13.16070557,-49.76252747
13.35144043,-52.79741669
13.54217529,-49.03520584
13.73291016,-55.92166901
13.92364502,-54.06970978
14.11437988,-53.56380081
14.30511475,-53.78782272
14.49584961,-53.94859314
14.68658447,-43.42180252
14.87731934,-44.78120422
15.06805420,-52.27844238
15.25878906,-50.73221588
15.44952393,-53.57386017
15.64025879,-49.95725632
15.83099365,-48.85436249
16.02172852,-51.29898834
16.21246338,-56.34145737
16.40319824,-55.29043579
16.59393311,-50.60574341
16.78466797,-45.89254379
16.97540283,-41.88178253
17.16613770,-41.29031754
17.35687256,-45.47635651
17.54760742,-52.10729218
17.73834229,-49.16297913
17.92907715,-49.03141403
18.11981201,-52.36543655
18.31054688,-48.77139664
18.50128174,-51.11068344
18.69201660,-50.56094742
18.88275146,-48.26193237
19.07348633,-50.42061234
19.26422119,-56.80262756
19.45495605,-50.15517426
19.64569092,-46.12755203
19.83642578,-46.70044708
20.02716064,-50.41943359
20.21789551,-49.53234100
20.40863037,-50.80456543
20.59936523,-52.24738312
20.79010010,-51.62125397
20.98083496,-49.43290329
21.17156982,-47.87915039
21.36230469,-51.40716171
21.55303955,-62.81004333
21.74377441,-59.26660919
21.93450928,-55.73188782
22.12524414,-56.63381958
22.31597900,-58.19657135
22.50671387,-56.44530869
22.69744873,-52.48029327
22.88818359,-82.12719727
23.07891846,-55.55923462
23.26965332,-53.49760056
23.46038818,-51.65811920
23.65112305,-47.65336609
23.84185791,-45.03397369
24.03259277,-47.21614075
24.22332764,-49.52572632
24.41406250,-50.40201569
24.60479736,-54.50831604
24.79553223,-53.76654053
24.98626709,-51.23569489
25.17700195,-56.55548096
25.36773682,-60.02107239
25.55847168,-55.82701874
25.74920654,-59.66703796
25.93994141,-58.52233887
26.13067627,-54.94125366
26.32141113,-55.54813385
26.51214600,-49.49931717
26.70288086,-48.91395187
26.89361572,-51.26988983
27.08435059,-51.41952515
27.27508545,-49.09101105
27.46582031,-48.80754471
27.65655518,-49.69765091
27.84729004,-47.15737152
28.03802490,-51.06565857
28.22875977,-70.52103424
28.41949463,-64.55669403
28.61022949,-65.91653442
28.80096436,-53.34468460
28.99169922,-52.99103546
29.18243408,-60.46548843
29.37316895,-59.94724274
29.56390381,-60.08869171
29.75463867,-66.78489685
29.94537354,-55.84593201
30.13610840,-56.37139893
30.32684326,-62.40348434
30.51757812,-60.96512222
30.70831299,-66.07360840
30.89904785,-55.51577759
31.08978271,-55.87259674
31.28051758,-49.90984344
31.47125244,-46.54851913
31.66198730,-46.28801727
31.85272217,-48.65155792
32.04345703,-53.29313660
32.23419189,-51.81322098
32.42492676,-55.12031555
32.61566162,-56.23259735
32.80639648,-58.05585480
32.99713135,-48.28308868
33.18786621,-48.32479095
33.37860107,-49.96424866
33.56933594,-50.52714920
33.76007080,-51.66883087
33.95080566,-56.59095001
34.14154053,-59.88196945
34.33227539,-57.70980453
34.52301025,-57.46984863
34.71374512,-56.25507736
34.90447998,-71.67929840
35.09521484,-56.94942856
35.28594971,-63.64138031
35.47668457,-52.94338989
35.66741943,-51.63928604
35.85815430,-60.19941330
36.04888916,-58.64376831
36.23962402,-53.01939392
36.43035889,-55.84610748
36.62109375,-71.60942841
36.81182861,-60.18447113
37.00256348,-54.60602570
37.19329834,-51.55122375
37.38403320,-55.80852890
37.57476807,-52.53385162
37.76550293,-52.42891693
37.95623779,-56.13090897
38.14697266,-60.42892456
38.33770752,-51.09971619
38.52844238,-50.59580994
38.71917725,-76.67917633
38.90991211,-51.31184006
39.10064697,-47.52405548
39.29138184,-45.26693344
39.48211670,-46.74906921
39.67285156,-54.06547165
39.86358643,-55.32682800
40.05432129,-55.38455582
40.24505615,-52.47509003
40.43579102,-49.24221420
40.62652588,-46.17213440
40.81726074,-48.39360809
41.00799561,-66.30554962
41.19873047,-54.82942963
41.38946533,-55.27551651
41.58020020,-52.30276489
41.77093506,-60.58629608
41.96166992,-63.05982590
42.15240479,-58.90531158
42.34313965,-51.75842667
42.53387451,-48.07477951
42.72460938,-50.44526672
42.91534424,-61.18702316
43.10607910,-63.03375626
43.29681396,-63.69007111
43.48754883,-56.05801392
43.67828369,-50.58963776
43.86901855,-48.20375061
44.05975342,-49.66703033
44.25048828,-53.82660294
44.44122314,-55.24161911
44.63195801,-53.17952728
44.82269287,-51.91898346
45.01342773,-51.45694351
45.20416260,-56.63165283
45.39489746,-59.99031067
45.58563232,-56.92762756
45.77636719,-53.93272018
45.96710205,-55.65126801
46.15783691,-58.37934875
46.34857178,-59.89082718
46.53930664,-60.32215881
46.73004150,-66.35707855
46.92077637,-56.99760818
47.11151123,-51.94031525
47.30224609,-52.26051712
47.49298096,-51.71457672
47.68371582,-54.66077423
47.87445068,-54.52263641
48.06518555,-55.27379990
48.25592041,-66.27165985
48.44665527,-58.64715576
48.63739014,-64.18470764
48.82812500,-50.67253876
49.01885986,-50.22673035
49.20959473,-59.65142059
49.40032959,-67.47167969
49.59106445,-67.79247284
49.78179932,-64.56082153
49.97253418,-59.37818909
50.16326904,-53.37326813
50.35400391,-51.85304642
50.54473877,-58.94012833
50.73547363,-48.71736145
50.92620850,-54.34342194
51.11694336,-58.44314194
51.30767822,-60.09683228
51.49841309,-64.69742584
51.68914795,-63.45886612
51.87988281,-53.03223038
52.07061768,-49.28541183
52.26135254,-49.87848663
52.45208740,-54.55859756
52.64282227,-53.44914246
52.83355713,-51.14576721
53.02429199,-55.24485016
53.21502686,-56.59153748
53.40576172,-53.41772079
53.59649658,-50.96699524
53.78723145,-50.10797501
53.97796631,-49.35361481
54.16870117,-52.41514206
54.35943604,-52.76006317
54.55017090,-50.57861328
54.74090576,-51.78844833
54.93164062,-54.65446091
55.12237549,-53.09132385
55.31311035,-50.33470917
55.50384521,-57.17284393
55.69458008,-53.78775787
55.88531494,-49.93408966
56.07604980,-50.36953735
56.26678467,-50.11634445
56.45751953,-50.51885223
56.64825439,-54.90944290
56.83898926,-66.57437134
57.02972412,-58.20773697
57.22045898,-54.33472443
57.41119385,-51.68531418
57.60192871,-52.30090714
57.79266357,-55.87158585
57.98339844,-55.68341827
58.17413330,-52.77688599
58.36486816,-57.95656204
58.55560303,-51.53006744
58.74633789,-54.41468811
58.93707275,-51.01045990
59.12780762,-46.13994980
59.31854248,-46.33599091
59.50927734,-48.52749252
59.70001221,-55.27193451
59.89074707,-60.15346909
60.08148193,-54.48796082
60.27221680,-58.88616562
60.46295166,-67.55590820
60.65368652,-58.32858658
60.84442139,-58.78134155
61.03515625,-68.53495789
61.22589111,-60.74637985
61.41662598,-72.21499634
61.60736084,-62.58594513
61.79809570,-61.87875366
61.98883057,-66.43773651
62.17956543,-63.34649658
62.37030029,-56.73668671
62.56103516,-53.03105927
62.75177002,-52.99137115
62.94250488,-60.86112976
63.13323975,-51.83406448
63.32397461,-49.77645111
63.51470947,-50.91937256
63.70544434,-53.52933884
63.89617920,-55.75784683
64.08691406,-54.18163300
64.27764893,-51.42150497
64.46838379,-49.72688675
64.65911865,-45.73158264
64.84985352,-45.98919296
65.04058838,-49.92743683
65.23132324,-54.82932663
65.42205811,-55.73759079
65.61279297,-51.96118927
65.80352783,-55.50636292
65.99426270,-60.38157654
66.18499756,-50.07820892
66.37573242,-48.72346878
66.56646729,-49.85543060
66.75720215,-51.64833832
66.94793701,-53.26689148
67.13867188,-57.24992752
67.32940674,-69.18236542
67.52014160,-55.55262756
67.71087646,-51.97187805
67.90161133,-51.14492035
68.09234619,-50.34460449
68.28308105,-49.42428970
68.47381592,-51.71500397
68.66455078,-52.64681244
68.85528564,-53.18716049
69.04602051,-59.63673401
69.23675537,-65.79985046
69.42749023,-61.81306839
69.61822510,-59.56963348
69.80895996,-62.16598129
69.99969482,-55.23570633
70.19042969,-48.69002914
70.38116455,-51.41265869
70.57189941,-51.86138153
70.76263428,-48.19445801
70.95336914,-48.07922745
71.14410400,-50.11514664
71.33483887,-60.62754822
71.52557373,-59.41805267
71.71630859,-59.78701019
71.90704346,-60.62129593
72.09777832,-64.02059937
72.28851318,-52.93852997
72.47924805,-48.40831375
72.66998291,-46.99360275
72.86071777,-46.88471222
73.05145264,-47.52030182
73.24218750,-47.58090210
73.43292236,-49.13944626
73.62365723,-57.81641006
73.81439209,-57.29177094
74.00512695,-56.04819870
74.19586182,-61.10340881
74.38659668,-60.33615494
74.57733154,-52.24961853
74.76806641,-54.25126648
74.95880127,-73.68112183
75.14953613,-54.62495804
75.34027100,-55.99713135
75.53100586,-63.91952133
75.72174072,-53.37272263
75.91247559,-54.60862732
76.10321045,-55.59126282
76.29394531,-57.89405060
76.48468018,-56.10092926
76.67541504,-53.59698868
76.86614990,-52.83334351
77.05688477,-54.52253723
77.24761963,-58.68368149
77.43835449,-60.55191422
77.62908936,-60.72065353
77.81982422,-70.81307220
78.01055908,-53.92990112
78.20129395,-49.70947647
78.39202881,-52.23440170
78.58276367,-53.40279007
78.77349854,-57.11315155
78.96423340,-64.69145966
79.15496826,-57.78745270
79.34570312,-50.98130798
79.53643799,-48.76642227
79.72717285,-53.36661530
79.91790771,-64.01318359
80.10864258,-57.71304321
80.29937744,-52.35235596
80.49011230,-53.71262360
80.68084717,-67.43357849
80.87158203,-54.40696335
81.06231689,-59.22964478
81.25305176,-62.59357071
81.44378662,-56.57448578
81.63452148,-68.25878906
81.82525635,-55.63359070
82.01599121,-52.66292191
82.20672607,-53.16745758
82.39746094,-60.48789597
82.58819580,-62.20618820
82.77893066,-53.80486298
82.96966553,-51.82312012
83.16040039,-53.27865601
83.35113525,-55.82438660
83.54187012,-59.39433670
83.73260498,-53.32159042
83.92333984,-51.21718597
84.11407471,-52.18275070
84.30480957,-55.63197708
84.49554443,-64.50767517
84.68627930,-52.30769730
84.87701416,-49.36438751
85.06774902,-53.33845139
85.25848389,-55.93357086
85.44921875,-53.12237167
85.63995361,-50.97734451
85.83068848,-53.49237442
86.02142334,-58.85636902
86.21215820,-62.35835648
86.40289307,-62.97969437
86.59362793,-58.68906403
86.78436279,-59.27305603
86.97509766,-62.82541275
87.16583252,-58.41573715
87.35656738,-52.44627380
87.54730225,-51.77996063
87.73803711,-56.89146423
87.92877197,-63.47385025
88.11950684,-56.53819275
88.31024170,-53.85943604
88.50097656,-53.51972961
88.69171143,-56.50937653
88.88244629,-76.79420471
89.07318115,-64.53338623
89.26391602,-61.31534576
89.45465088,-57.65776062
89.64538574,-59.76843262
89.83612061,-56.16168213
90.02685547,-53.22834015
90.21759033,-49.83037949
90.40832520,-54.29410934
90.59906006,-55.49678421
90.78979492,-64.84249878
90.98052979,-64.10476685
91.17126465,-71.38487244
91.36199951,-59.57492447
91.55273438,-56.90145493
91.74346924,-51.33573532
91.93420410,-50.43180847
92.12493896,-56.84200287
92.31567383,-54.37586975
92.50640869,-56.22158432
92.69714355,-50.82287598
92.88787842,-54.05935287
93.07861328,-60.07364273
93.26934814,-56.45839691
93.46008301,-52.14195251
93.65081787,-49.96434784
93.84155273,-52.73149109
94.03228760,-63.14006805
94.22302246,-65.99768066
94.41375732,-58.65883636
94.60449219,-57.00598907
94.79522705,-72.09924316
94.98596191,-56.16636276
95.17669678,-55.32809448
95.36743164,-64.17466736
95.55816650,-58.18500137
95.74890137,-55.60013580
95.93963623,-54.54107285
96.13037109,-53.03730774
96.32110596,-52.31716919
96.51184082,-53.44827652
96.70257568,-54.39770126
96.89331055,-52.37837982
97.08404541,-50.84638596
97.27478027,-53.38524628
97.46551514,-56.25912094
97.65625000,-58.67404938
97.84698486,-64.76005554
98.03771973,-66.52798462
98.22845459,-61.88870239
98.41918945,-58.91205215
98.60992432,-50.50337219
98.80065918,-49.67750931
98.99139404,-54.42244720
99.18212891,-56.93471909
99.37286377,-51.16763687
99.56359863,-48.95256042
99.75433350,-49.97666931
99.94506836,-51.01038361
100.13580322,-50.53320312
100.32653809,-52.47823334
100.51727295,-54.98082733
100.70800781,-54.27341461
100.89874268,-56.35269928
101.08947754,-53.79298401
101.28021240,-53.01082230
101.47094727,-56.47194290
101.66168213,-55.02746582
101.85241699,-57.09439087
102.04315186,-58.00012207
102.23388672,-58.82516861
102.42462158,-64.66068268
102.61535645,-62.32143402
102.80609131,-57.33799362
102.99682617,-57.58761597
103.18756104,-61.36999512
103.37829590,-69.40648651
103.56903076,-62.84883118
103.75976562,-53.63166428
103.95050049,-51.94589615
104.14123535,-54.96524429
104.33197021,-53.74148560
104.52270508,-53.94394684
104.71343994,-55.04302216
104.90417480,-56.61018372
105.09490967,-59.71375275
105.28564453,-65.27741241
105.47637939,-59.12397766
105.66711426,-52.98490906
105.85784912,-51.39655304
106.04858398,-50.99912643
106.23931885,-55.67701340
106.43005371,-63.71473312
106.62078857,-54.77414703
106.81152344,-58.63624191
107.00225830,-64.15876007
107.19299316,-56.12929535
107.38372803,-55.68786240
107.57446289,-59.49480438
107.76519775,-58.17126846
107.95593262,-61.44834518
108.14666748,-66.22323608
108.33740234,-62.92018127
108.52813721,-61.70630646
108.71887207,-76.54114532
108.90960693,-54.94655609
109.10034180,-53.49612808
109.29107666,-55.66790009
109.48181152,-61.04156113
109.67254639,-64.14823151
109.86328125,-63.39938736
110.05401611,-57.79414749
110.24475098,-58.17322159
110.43548584,-58.37057114
110.62622070,-55.64046478
110.81695557,-51.48821259
111.00769043,-55.93368530
111.19842529,-58.80768204
111.38916016,-55.60041428
111.57989502,-55.39247131
111.77062988,-60.53847885
111.96136475,-67.12860870
112.15209961,-58.30465317
112.34283447,-53.17276764
112.53356934,-55.46535110
112.72430420,-59.08876801
112.91503906,-57.53942108
113.10577393,-57.46282578
113.29650879,-56.63532639
113.48724365,-61.14431000
113.67797852,-62.55636215
113.86871338,-59.87275696
114.05944824,-59.35316086
114.25018311,-67.86240387
114.44091797,-60.40628433
114.63165283,-60.31672668
114.82238770,-81.68326569
115.01312256,-63.62457657
115.20385742,-65.51269531
115.39459229,-57.36384964
115.58532715,-60.87192154
115.77606201,-58.46601105
115.96679688,-52.78268814
116.15753174,-51.38526917
116.34826660,-54.34933090
116.53900146,-62.88302994
116.72973633,-60.30637741
116.92047119,-62.44293976
117.11120605,-68.53947449
117.30194092,-61.62325287
117.49267578,-57.41676331
117.68341064,-55.04829407
117.87414551,-57.48155975
118.06488037,-56.62749481
118.25561523,-53.31762695
118.44635010,-52.10018921
118.63708496,-54.23691177
118.82781982,-57.97172928
119.01855469,-63.18391418
119.20928955,-55.85399628
119.40002441,-54.04747391
119.59075928,-53.82984924
119.78149414,-58.85328293
119.97222900,-65.13582611
120.16296387,-62.39659119
120.35369873,-67.21220398
120.54443359,-61.07673264
120.73516846,-57.93482971
120.92590332,-56.25706100
121.11663818,-57.82241058
121.30737305,-66.10945129
121.49810791,-58.67645645
121.68884277,-51.09010696
121.87957764,-49.73559952
122.07031250,-58.09619141
122.26104736,-54.68505859
122.45178223,-49.77228165
122.64251709,-54.52867889
122.83325195,-64.75276184
123.02398682,-56.64302063
123.21472168,-58.37612534
123.40545654,-57.28287506
123.59619141,-64.67544556
123.78692627,-59.78775024
123.97766113,-53.36763382
124.16839600,-53.74050903
124.35913086,-54.82965088
124.54986572,-56.21148682
124.74060059,-52.47250366
124.93133545,-47.79419327
125.12207031,-50.13168335
125.31280518,-56.97874451
125.50354004,-57.78170776
125.69427490,-54.04824829
125.88500977,-51.83837509
126.07574463,-54.42153549
126.26647949,-53.04225540
126.45721436,-51.83004379
126.64794922,-52.22521210
126.83868408,-56.48241425
127.02941895,-65.36107635
127.22015381,-55.97201538
127.41088867,-57.45653152
127.60162354,-57.85274124
127.79235840,-52.85915375
127.98309326,-51.94934464
128.17382812,-56.08283615
128.36456299,-60.96485138
128.55529785,-55.46137238
128.74603271,-52.91408157
128.93676758,-55.58071518
129.12750244,-56.27472687
129.31823730,-60.60993958
129.50897217,-64.63764954
129.69970703,-60.65612030
129.89044189,-62.80711746
130.08117676,-62.08614731
130.27191162,-62.85383224
130.46264648,-59.39962387
130.65338135,-54.58760834
130.84411621,-53.64891434
131.03485107,-57.18974304
131.22558594,-58.07481766
131.41632080,-53.74208832
131.60705566,-52.86563110
131.79779053,-53.39440155
131.98852539,-60.96656418
132.17926025,-73.24266052
132.36999512,-59.97400284
132.56072998,-60.00473404
132.75146484,-63.11851883
132.94219971,-53.83373260
133.13293457,-50.40245438
133.32366943,-51.15861511
133.51440430,-57.84931564
133.70513916,-64.00845337
133.89587402,-58.69020462
134.08660889,-60.05356216
134.27734375,-66.28832245
134.46807861,-58.65077209
134.65881348,-54.09559631
134.84954834,-54.92668533
135.04028320,-60.60478592
135.23101807,-60.25917435
135.42175293,-59.20337677
135.61248779,-52.86243057
135.80322266,-51.91717529
135.99395752,-56.54700470
136.18469238,-62.80204391
136.37542725,-56.90793610
136.56616211,-55.75101471
136.75689697,-51.05422974
136.94763184,-49.74951172
137.13836670,-55.30581665
137.32910156,-54.85171509
137.51983643,-52.37953949
137.71057129,-53.97927856
137.90130615,-58.85691833
138.09204102,-64.35149384
138.28277588,-58.92829132
138.47351074,-53.84869003
138.66424561,-55.55110931
138.85498047,-61.46452332
139.04571533,-70.80300140
139.23645020,-61.17601776
139.42718506,-65.90628815
139.61791992,-57.67936707
139.80865479,-55.18270493
139.99938965,-63.63611603
140.19012451,-57.92169189
140.38085938,-53.95344543
140.57159424,-51.72043228
140.76232910,-49.12896729
140.95306396,-50.49268723
141.14379883,-54.85886383
141.33453369,-58.92456436
141.52526855,-59.74571609
141.71600342,-52.86630249
141.90673828,-52.28913879
142.09747314,-57.04668045
142.28820801,-59.25575256
142.47894287,-55.27977753
142.66967773,-53.89450073
142.86041260,-56.05706787
143.05114746,-54.01206207
143.24188232,-53.60901260
143.43261719,-60.76573944
143.62335205,-79.12794495
143.81408691,-60.64865494
144.00482178,-53.73004913
144.19555664,-54.46499634
144.38629150,-55.06475067
144.57702637,-52.47320175
144.76776123,-51.20958328
144.95849609,-52.23758698
145.14923096,-54.30937958
145.33996582,-57.48128510
145.53070068,-55.94163895
145.72143555,-55.00211716
145.91217041,-55.83119202
146.10290527,-55.85209274
146.29364014,-53.77044678
146.48437500,-53.04085541
146.67510986,-52.74138641
146.86584473,-52.36808395
147.05657959,-53.36070633
147.24731445,-59.23681259
147.43804932,-52.61778259
147.62878418,-49.85113525
147.81951904,-54.62382507
148.01025391,-66.80565643
148.20098877,-56.42636108
148.39172363,-57.01449966
148.58245850,-65.99772644
148.77319336,-69.69685364
148.96392822,-58.20121002
149.15466309,-58.24186325
149.34539795,-61.07263184
149.53613281,-62.80240631
149.72686768,-56.02630615
149.91760254,-52.29527283
150.10833740,-51.15982819
150.29907227,-50.70071411
150.48980713,-53.05332947
150.68054199,-59.05353165
150.87127686,-58.03114319
151.06201172,-56.56881714
151.25274658,-49.37605286
151.44348145,-51.32498169
151.63421631,-67.07947540
151.82495117,-53.53396606
152.01568604,-51.81665802
152.20642090,-52.67712402
152.39715576,-53.24652100
152.58789062,-53.90182114
152.77862549,-56.12493896
152.96936035,-55.94968414
153.16009521,-56.07198715
153.35083008,-64.14122009
153.54156494,-62.11018372
153.73229980,-58.98319244
153.92303467,-62.89402008
154.11376953,-69.56323242
154.30450439,-61.45543671
154.49523926,-58.33636475
154.68597412,-56.51098251
154.87670898,-66.41542053
155.06744385,-53.55211258
155.25817871,-55.64785385
155.44891357,-62.33331299
155.63964844,-52.34954453
155.83038330,-51.91403198
156.02111816,-55.45735168
156.21185303,-60.53761292
156.40258789,-56.24000931
156.59332275,-52.12423706
156.78405762,-51.64274597
156.97479248,-53.16944885
157.16552734,-55.44532013
157.35626221,-55.23253632
157.54699707,-53.88589478
157.73773193,-54.66607666
157.92846680,-53.51192856
158.11920166,-55.48104095
158.30993652,-59.39181900
158.50067139,-59.87404251
158.69140625,-63.50187683
158.88214111,-70.91210175
159.07287598,-56.42160797
159.26361084,-53.99712372
159.45434570,-55.74632645
159.64508057,-62.29248810
159.83581543,-60.39734650
160.02655029,-62.00444031
160.21728516,-56.82979202
160.40802002,-52.38288498
160.59875488,-52.36157227
160.78948975,-55.09502792
160.98022461,-55.71923065
161.17095947,-59.44517517
161.36169434,-58.17062378
161.55242920,-60.94904327
161.74316406,-72.25114441
161.93389893,-63.66437531
162.12463379,-56.33373260
162.31536865,-56.69763184
162.50610352,-57.25416183
162.69683838,-60.52232361
162.88757324,-58.30846786
163.07830811,-55.52940750
163.26904297,-61.12144089
163.45977783,-61.09781265
163.65051270,-58.53267288
163.84124756,-56.26456451
164.03198242,-58.88403320
164.22271729,-67.15071869
164.41345215,-67.74286652
164.60418701,-63.86423111
164.79492188,-71.45117950
164.98565674,-60.08087158
165.17639160,-55.48141098
165.36712646,-52.40904236
165.55786133,-52.95899200
165.74859619,-55.44635010
165.93933105,-60.94438553
166.13006592,-67.18634796
166.32080078,-60.45417786
166.51153564,-55.95737457
166.70227051,-50.46718216
166.89300537,-49.53017426
167.08374023,-55.24700928
167.27447510,-80.43515015
167.46520996,-69.81935120
167.65594482,-60.47511292
167.84667969,-62.15738297
168.03741455,-60.53615189
168.22814941,-61.58855057
168.41888428,-64.90328979
168.60961914,-53.51664734
168.80035400,-52.71359253
168.99108887,-54.65291977
169.18182373,-56.81348801
169.37255859,-59.94423294
169.56329346,-57.64629745
169.75402832,-56.93638229
169.94476318,-56.54158020
170.13549805,-60.11113739
170.32623291,-56.81993484
170.51696777,-57.41333771
170.70770264,-55.44985962
170.89843750,-60.27668381
171.08917236,-57.21926880
171.27990723,-56.83197784
171.47064209,-58.58335876
171.66137695,-60.04856491
171.85211182,-63.88505936
172.04284668,-66.34877777
172.23358154,-58.98733521
172.42431641,-55.84143066
172.61505127,-55.24137497
172.80578613,-58.61196136
172.99652100,-65.41663361
173.18725586,-74.28425598
173.37799072,-74.07619476
173.56872559,-63.39870834
173.75946045,-62.95495605
173.95019531,-59.55860138
174.14093018,-61.04781723
174.33166504,-75.04677582
174.52239990,-61.10254288
174.71313477,-55.41854095
174.90386963,-51.91666412
175.09460449,-52.44602585
175.28533936,-59.15666199
175.47607422,-58.06114197
175.66680908,-59.63151932
175.85754395,-60.64625168
176.04827881,-56.31700897
176.23901367,-60.17584229
176.42974854,-62.02618027
176.62048340,-58.85158539
176.81121826,-57.84732819
177.00195312,-56.15739441
177.19268799,-60.66859818
177.38342285,-62.40283203
177.57415771,-60.18544769
177.76489258,-68.77343750
177.95562744,-58.98626709
178.14636230,-54.57962418
178.33709717,-53.08577728
178.52783203,-53.42611694
178.71856689,-57.64931107
178.90930176,-62.10960770
179.10003662,-66.94582367
179.29077148,-58.21267700
179.48150635,-64.60092163
179.67224121,-55.92716980
179.86297607,-50.42771912
180.05371094,-50.26962280
180.24444580,-54.89692688
180.43518066,-62.62299347
180.62591553,-54.07859421
180.81665039,-53.29967499
181.00738525,-53.11147690
181.19812012,-56.57099915
181.38885498,-72.32894135
181.57958984,-58.07073593
181.77032471,-53.75690460
181.96105957,-55.21871185
182.15179443,-55.68623352
182.34252930,-57.66731262
182.53326416,-66.03909302
182.72399902,-51.88003159
182.91473389,-48.54903412
183.10546875,-51.04198837
183.29620361,-55.48262787
183.48693848,-57.23317719
183.67767334,-58.73625946
183.86840820,-53.75548553
184.05914307,-51.53792572
184.24987793,-51.94225693
184.44061279,-53.50392151
184.63134766,-59.19117737
184.82208252,-54.89671326
185.01281738,-51.98925400
185.20355225,-55.38459015
185.39428711,-58.47593689
185.58502197,-55.47084808
185.77575684,-53.41307068
185.96649170,-57.21434784
186.15722656,-65.81053925
186.34796143,-62.35454941
186.53869629,-57.82836533
186.72943115,-66.63542938
186.92016602,-60.47703552
187.11090088,-59.50357437
187.30163574,-62.68468475
187.49237061,-58.43431091
187.68310547,-54.98478699
187.87384033,-57.99966812
188.06457520,-64.32936096
188.25531006,-74.40894318
188.44604492,-63.37275696
188.63677979,-57.85355377
188.82751465,-60.16486740
189.01824951,-67.40683746
189.20898438,-63.00656128
189.39971924,-62.73298645
189.59045410,-62.32272339
189.78118896,-53.80973053
189.97192383,-54.65288162
190.16265869,-58.02236176
190.35339355,-54.01346207
190.54412842,-52.87030029
190.73486328,-59.18717194
190.92559814,-59.71439743
191.11633301,-57.13625336
191.30706787,-57.20115662
191.49780273,-55.52564240
191.68853760,-53.93716812
191.87927246,-60.18691635
192.07000732,-57.09643936
192.26074219,-58.28513718
192.45147705,-65.91426849
192.64221191,-64.58168793
192.83294678,-56.86336136
193.02368164,-52.84718323
193.21441650,-54.65467834
193.40515137,-67.37123108
193.59588623,-62.29320145
193.78662109,-61.52041626
193.97735596,-64.61618805
194.16809082,-60.90113831
194.35882568,-54.21184158
194.54956055,-53.67466354
194.74029541,-52.82015228
194.93103027,-50.44002914
195.12176514,-52.43852234
195.31250000,-57.14038467
195.50323486,-67.18540955
195.69396973,-61.44112396
195.88470459,-66.28605652
196.07543945,-59.12827301
196.26617432,-62.11062622
196.45690918,-61.86573029
196.64764404,-58.61391449
196.83837891,-55.82816696
197.02911377,-56.93663025
197.21984863,-53.33877182
197.41058350,-58.25373840
197.60131836,-56.80249023
197.79205322,-52.89391327
197.98278809,-51.65474319
198.17352295,-53.11545563
198.36425781,-59.66716385
198.55499268,-59.72251511
198.74572754,-65.66055298
198.93646240,-61.02293396
199.12719727,-58.40436554
199.31793213,-56.10290909
199.50866699,-56.41330338
199.69940186,-64.73828125
199.89013672,-53.02335739
200.08087158,-51.60047150
200.27160645,-55.46753311
200.46234131,-66.93656158
200.65307617,-56.69954300
200.84381104,-55.65578079
201.03454590,-58.09774017
201.22528076,-66.79650879
201.41601562,-58.39405823
201.60675049,-59.27074814
201.79748535,-77.14495850
201.98822021,-67.50737000
202.17895508,-59.82178116
202.36968994,-60.05702972
202.56042480,-56.66587448
202.75115967,-52.89476395
202.94189453,-59.14488220
203.13262939,-61.07701111
203.32336426,-53.60876465
203.51409912,-52.37409973
203.70483398,-53.40439224
203.89556885,-55.48672104
204.08630371,-56.55693436
204.27703857,-55.33556366
204.46777344,-53.95373535
204.65850830,-61.55786514
204.84924316,-60.41782379
205.03997803,-52.82306290
205.23071289,-50.15055084
205.42144775,-51.22852707
205.61218262,-56.14572144
205.80291748,-62.45350266
205.99365234,-61.25199890
206.18438721,-56.24099350
206.37512207,-57.42601395
206.56585693,-63.83885193
206.75659180,-56.89819336
206.94732666,-53.81866455
207.13806152,-53.12510681
207.32879639,-55.23020172
207.51953125,-59.27677536
207.71026611,-63.84062958
207.90100098,-60.38586044
208.09173584,-60.62620544
208.28247070,-59.00961304
208.47320557,-57.10325241
208.66394043,-70.49094391
208.85467529,-57.49206924
209.04541016,-53.48755264
209.23614502,-53.94879150
209.42687988,-50.03166580
209.61761475,-48.48262024
209.80834961,-49.12170792
209.99908447,-51.34697723
210.18981934,-56.25358200
210.38055420,-63.47624207
210.57128906,-58.15853119
210.76202393,-56.97157288
210.95275879,-54.05121613
211.14349365,-51.33284760
211.33422852,-53.31455994
211.52496338,-62.36594772
211.71569824,-57.40124512
211.90643311,-56.62382126
212.09716797,-59.67556000
212.28790283,-66.35124969
212.47863770,-72.55413818
212.66937256,-61.93789673
212.86010742,-54.06940460
213.05084229,-52.17948532
213.24157715,-54.66279602
213.43231201,-57.33997345
213.62304688,-58.92993927
213.81378174,-61.06199265
214.00451660,-60.01051331
214.19525146,-65.91082764
214.38598633,-64.68157959
214.57672119,-54.40764618
214.76745605,-50.96492386
214.95819092,-53.17020035
215.14892578,-62.42639160
215.33966064,-55.77573776
215.53039551,-63.87300491
215.72113037,-57.73200607
215.91186523,-54.17415619
216.10260010,-58.98784256
216.29333496,-63.15269852
216.48406982,-66.94573975
216.67480469,-62.71121597
216.86553955,-58.19564056
217.05627441,-53.12899017
217.24700928,-59.30076981
217.43774414,-55.64518356
217.62847900,-60.65766907
217.81921387,-61.82369995
218.00994873,-70.38371277
218.20068359,-60.84372711
218.39141846,-59.48572540
218.58215332,-53.09507751
218.77288818,-60.18127441
218.96362305,-56.05149841
219.15435791,-54.84305573
219.34509277,-56.75397491
219.53582764,-60.38970566
219.72656250,-67.87459564
219.91729736,-59.31533051
220.10803223,-57.53841782
220.29876709,-56.22012711
220.48950195,-55.84334946
220.68023682,-63.65247345
220.87097168,-58.81429291
221.06170654,-51.58737183
221.25244141,-52.70541382
221.44317627,-63.13019562
221.63391113,-59.28133011
221.82464600,-58.85078430
222.01538086,-65.70927429
222.20611572,-57.27319717
222.39685059,-53.74058151
222.58758545,-51.05862427
222.77832031,-50.49545670
222.96905518,-56.69959641
223.15979004,-63.26282501
223.35052490,-69.23379517
223.54125977,-59.54510117
223.73199463,-62.03170776
223.92272949,-66.68141937
224.11346436,-55.71939468
224.30419922,-55.56894302
224.49493408,-57.35665894
224.68566895,-57.59666061
224.87640381,-57.67578125
225.06713867,-56.68213272
225.25787354,-62.00008774
225.44860840,-58.55183029
225.63934326,-52.03140640
225.83007812,-54.67162704
226.02081299,-63.77330399
226.21154785,-54.51782608
226.40228271,-50.78617096
226.59301758,-51.08760071
226.78375244,-57.47698975
226.97448730,-63.93144989
227.16522217,-60.59006500
227.35595703,-68.25301361
227.54669189,-63.63472748
227.73742676,-64.04763031
227.92816162,-55.44909668
228.11889648,-53.27366257
228.30963135,-51.38343811
228.50036621,-50.74833298
228.69110107,-54.77716827
228.88183594,-62.18593979
229.07257080,-69.80670166
229.26330566,-57.31387329
229.45404053,-53.32141113
229.64477539,-55.38815308
229.83551025,-56.01883316
230.02624512,-60.84770584
230.21697998,-63.67904282
230.40771484,-62.47793198
230.59844971,-56.87337494
230.78918457,-58.76186371
230.97991943,-63.72119904
231.17065430,-64.67516327
231.36138916,-67.26808929
231.55212402,-58.02761078
231.74285889,-58.72920227
231.93359375,-54.79690933
232.12432861,-52.53859711
232.31506348,-54.13807678
232.50579834,-55.89424896
232.69653320,-58.80298996
232.88726807,-65.73115540
233.07800293,-60.47694397
233.26873779,-55.66225433
233.45947266,-54.71530533
233.65020752,-57.54019165
233.84094238,-55.03206253
234.03167725,-52.76675415
234.22241211,-57.83199310
234.41314697,-59.42695999
234.60388184,-55.49526596
234.79461670,-60.51033020
234.98535156,-64.69481659
235.17608643,-56.80289459
235.36682129,-59.12532425
235.55755615,-58.76189804
235.74829102,-64.89756775
235.93902588,-56.56609344
236.12976074,-56.21776581
236.32049561,-72.49003601
236.51123047,-55.40491486
236.70196533,-55.71822357
236.89270020,-62.12902832
237.08343506,-62.81496429
237.27416992,-60.55952072
237.46490479,-56.14694595
237.65563965,-66.87744141
237.84637451,-56.75560760
238.03710938,-54.44314575
238.22784424,-57.58260345
238.41857910,-52.28168488
238.60931396,-50.42778778
238.80004883,-51.76274872
238.99078369,-56.12668991
239.18151855,-51.00982666
239.37225342,-49.02645111
239.56298828,-52.80516052
239.75372314,-62.36801910
239.94445801,-57.75997543
240.13519287,-54.14177322
240.32592773,-56.16590500
240.51666260,-59.81535339
240.70739746,-56.83897018
240.89813232,-51.36798859
241.08886719,-51.99287796
241.27960205,-60.00410080
241.47033691,-59.46564102
241.66107178,-58.47174072
241.85180664,-60.02430344
242.04254150,-55.66001892
242.23327637,-55.32724380
242.42401123,-55.26769638
242.61474609,-56.69872665
242.80548096,-58.11380005
242.99621582,-56.74541092
243.18695068,-58.37720871
243.37768555,-57.74540710
243.56842041,-57.46776199
243.75915527,-54.37366104
243.94989014,-52.18224335
244.14062500,-55.85873413
244.33135986,-59.73419189
244.52209473,-64.28778076
244.71282959,-61.76992798
244.90356445,-58.37088776
245.09429932,-60.64471817
245.28503418,-51.33695602
245.47576904,-52.64768982
245.66650391,-54.25649643
245.85723877,-54.85710907
246.04797363,-56.90998459
246.23870850,-52.87973785
246.42944336,-50.47737885
246.62017822,-54.92512512
246.81091309,-64.03813171
247.00164795,-63.90834808
247.19238281,-65.95578766
247.38311768,-53.04431152
247.57385254,-52.73145676
247.76458740,-59.69383621
247.95532227,-55.92295074
248.14605713,-55.22228622
248.33679199,-58.13809967
248.52752686,-59.37854385
248.71826172,-68.12824249
248.90899658,-62.20662689
249.09973145,-56.85762787
249.29046631,-56.14337540
249.48120117,-64.10931396
249.67193604,-66.54959869
249.86267090,-61.57726669
250.05340576,-57.88776398
250.24414062,-63.71738815
250.43487549,-65.44584656
250.62561035,-64.19380951
250.81634521,-72.17185211
251.00708008,-69.13760376
251.19781494,-64.59851074
251.38854980,-60.54110718
251.57928467,-54.64897156
251.77001953,-55.60646820
251.96075439,-56.47235107
252.15148926,-54.15705872
252.34222412,-54.11719513
252.53295898,-62.56267166
252.72369385,-57.46252441
252.91442871,-51.82894135
253.10516357,-50.18963242
253.29589844,-53.35678482
253.48663330,-55.91530228
253.67736816,-55.01228714
253.86810303,-57.16572571
254.05883789,-56.85514450
254.24957275,-54.90210724
254.44030762,-53.25643539
254.63104248,-56.92492676
254.82177734,-66.05815125
255.01251221,-57.27468109
255.20324707,-57.31949615
255.39398193,-54.10647583
255.58471680,-52.73440552
255.77545166,-56.40726089
255.96618652,-62.69215012
256.15692139,-54.79588318
256.34765625,-52.33742523
256.53839111,-51.05886841
256.72912598,-58.45844650
256.91986084,-60.86406326
257.11059570,-58.80603790
257.30133057,-59.58375549
257.49206543,-60.21752930
257.68280029,-53.75154114
257.87353516,-54.41020966
258.06427002,-62.46975708
258.25500488,-60.24105835
258.44573975,-52.91271210
258.63647461,-51.88604736
258.82720947,-54.53477478
259.01794434,-61.22348785
259.20867920,-61.97255707
259.39941406,-65.56534576
259.59014893,-59.96427917
259.78088379,-54.93792725
259.97161865,-55.78100204
260.16235352,-53.35288620
260.35308838,-54.37469101
260.54382324,-59.25361252
260.73455811,-60.87589264
260.92529297,-52.81850815
261.11602783,-51.13216019
261.30676270,-52.01663971
261.49749756,-53.69316483
261.68823242,-53.56233597
261.87896729,-55.63789749
262.06970215,-62.66690063
262.26043701,-82.38353729
262.45117188,-60.32659912
262.64190674,-57.39706421
262.83264160,-59.21271896
263.02337646,-61.72849655
263.21411133,-57.36327744
263.40484619,-60.76955414
263.59558105,-71.07674408
263.78631592,-58.66920471
263.97705078,-53.12307358
264.16778564,-51.57015228
264.35852051,-51.71197510
264.54925537,-55.98505402
264.73999023,-60.68296051
264.93072510,-59.98390961
265.12145996,-61.05751801
265.31219482,-66.29197693
265.50292969,-58.96863937
265.69366455,-57.97782898
265.88439941,-64.49583435
266.07513428,-69.84773254
266.26586914,-61.11665344
266.45660400,-64.04431915
266.64733887,-63.84725189
266.83807373,-57.80500412
267.02880859,-55.84634399
267.21954346,-59.15002441
267.41027832,-59.05780029
267.60101318,-52.94622040
267.79174805,-51.22900009
267.98248291,-55.39035034
268.17321777,-55.98793793
268.36395264,-50.89251709
268.55468750,-51.36016083
268.74542236,-53.08995056
268.93615723,-50.20739746
269.12689209,-51.70858383
269.31762695,-63.58406830
269.50836182,-54.46469116
269.69909668,-52.52766418
269.88983154,-56.38570786
270.08056641,-62.19238663
270.27130127,-61.94612122
270.46203613,-53.54736710
270.65277100,-50.10571289
270.84350586,-50.99317551
271.03424072,-53.10916519
271.22497559,-52.97912216
271.41571045,-55.85162354
271.60644531,-54.90946198
271.79718018,-52.23656464
271.98791504,-54.95032883
272.17864990,-63.41149902
272.36938477,-60.90738297
272.56011963,-58.99349976
272.75085449,-52.52054596
272.94158936,-52.66666412
273.13232422,-55.47171783
273.32305908,-54.14170837
273.51379395,-55.45399475
273.70452881,-61.24470139
273.89526367,-55.08220291
274.08599854,-54.04340744
274.27673340,-56.15097046
274.46746826,-64.71151733
274.65820312,-63.78993988
274.84893799,-63.70577240
275.03967285,-69.28007507
275.23040771,-69.39611816
275.42114258,-61.45114517
275.61187744,-58.33160782
275.80261230,-66.05360413
275.99334717,-66.51937103
276.18408203,-63.97079086
276.37481689,-54.30285645
276.56555176,-51.26903915
276.75628662,-51.87399292
276.94702148,-56.34765625
277.13775635,-60.68477631
277.32849121,-65.78841400
277.51922607,-67.83384705
277.70996094,-59.28018951
277.90069580,-59.69528580
278.09143066,-56.49164581
278.28216553,-53.77058029
278.47290039,-50.66512680
278.66363525,-51.13512421
278.85437012,-56.82700729
279.04510498,-63.31760406
279.23583984,-63.13330078
279.42657471,-61.04551315
279.61730957,-61.21867752
279.80804443,-64.52916718
279.99877930,-62.33018494
280.18951416,-60.81725311
280.38024902,-54.62017822
280.57098389,-50.72240829
280.76171875,-50.37196350
280.95245361,-50.05545807
281.14318848,-51.28860855
281.33392334,-59.99517059
281.52465820,-62.97834396
281.71539307,-59.03710938
281.90612793,-56.99135590
282.09686279,-58.13881302
282.28759766,-61.29719162
282.47833252,-62.67522430
282.66906738,-64.25269318
282.85980225,-63.18552017
283.05053711,-61.01536560
283.24127197,-61.62223816
283.43200684,-68.57832336
283.62274170,-56.95119476
283.81347656,-59.76174164
284.00421143,-70.09825134
284.19494629,-65.98388672
284.38568115,-58.72399902
284.57641602,-53.39623260
284.76715088,-60.94067383
284.95788574,-67.80953217
285.14862061,-61.28395844
285.33935547,-61.96169281
285.53009033,-58.52581024
285.72082520,-56.56955719
285.91156006,-55.60547638
286.10229492,-52.07960129
286.29302979,-52.78247070
286.48376465,-60.24378204
286.67449951,-51.78899765
286.86523438,-50.01891708
287.05596924,-54.29822540
287.24670410,-54.00824738
287.43743896,-49.29393005
287.62817383,-52.19252777
287.81890869,-61.30137634
288.00964355,-63.08467865
288.20037842,-65.73724365
288.39111328,-54.86500168
288.58184814,-55.61223984
288.77258301,-72.23129272
288.96331787,-63.14953232
289.15405273,-76.20634460
289.34478760,-61.10563660
289.53552246,-60.31693268
289.72625732,-78.61869049
289.91699219,-58.86724472
290.10772705,-57.25187302
290.29846191,-59.53662872
290.48919678,-53.82995987
290.67993164,-54.68829346
290.87066650,-56.08744812
291.06140137,-57.74381256
291.25213623,-61.68388748
291.44287109,-56.85275650
291.63360596,-54.14374542
291.82434082,-49.30350876
292.01507568,-47.17021179
292.20581055,-50.11014938
292.39654541,-57.62832642
292.58728027,-57.71194458
292.77801514,-55.13748169
292.96875000,-56.17788696
293.15948486,-71.80004883
293.35021973,-62.99369431
293.54095459,-61.74466705
293.73168945,-62.66502380
293.92242432,-66.26737976
294.11315918,-62.52589417
294.30389404,-58.39954376
294.49462891,-61.37772369
294.68536377,-65.62525940
294.87609863,-64.75911713
295.06683350,-62.09098434
295.25756836,-62.01434708
295.44830322,-58.30677795
295.63903809,-56.64943695
295.82977295,-61.63338089
296.02050781,-70.26025391
296.21124268,-60.99400330
296.40197754,-59.88763428
296.59271240,-65.58065796
296.78344727,-52.87366867
296.97418213,-54.60807419
297.16491699,-61.84200287
297.35565186,-81.18554688
297.54638672,-63.41791534
297.73712158,-56.15372467
297.92785645,-55.20471191
298.11859131,-59.26507950
298.30932617,-62.36495972
298.50006104,-52.51985931
298.69079590,-54.83646393
298.88153076,-58.85890198
299.07226562,-53.55249023
299.26300049,-53.04265594
299.45373535,-59.67675018
299.64447021,-59.00094604
299.83520508,-54.67722321
300.02593994,-59.55825043
300.21667480,-72.00466919
300.40740967,-59.09347534
300.59814453,-58.69850540
300.78887939,-61.80219650
300.97961426,-58.67471695
301.17034912,-57.24976349
301.36108398,-57.15736008
301.55181885,-59.00369263
301.74255371,-57.51033783
301.93328857,-56.87598801
302.12402344,-60.76528168
302.31475830,-59.67638397
302.50549316,-59.82579803
302.69622803,-62.79770660
302.88696289,-62.61395264
303.07769775,-61.74942398
303.26843262,-57.67348862
303.45916748,-58.37253571
303.64990234,-54.92767715
303.84063721,-51.44702148
304.03137207,-52.03711700
304.22210693,-52.55834198
304.41284180,-51.08814621
304.60357666,-51.68013763
304.79431152,-64.75027466
304.98504639,-54.64993286
305.17578125,-52.68177032
305.36651611,-58.81231308
305.55725098,-58.49819183
305.74798584,-53.47256470
305.93872070,-51.50787735
306.12945557,-52.58415222
306.32019043,-56.14114380
306.51092529,-52.22148132
306.70166016,-50.47035217
306.89239502,-52.61507034
307.08312988,-56.22502136
307.27386475,-60.94286346
307.46459961,-67.60579681
307.65533447,-61.49928665
307.84606934,-57.57848740
308.03680420,-53.58882904
308.22753906,-57.53555679
308.41827393,-67.84615326
308.60900879,-59.52001190
308.79974365,-53.37867737
308.99047852,-54.61823273
309.18121338,-56.49042130
309.37194824,-53.90692139
309.56268311,-56.84106445
309.75341797,-56.02214050
309.94415283,-51.08049774
310.13488770,-54.89675522
310.32562256,-58.39807892
310.51635742,-61.53081512
310.70709229,-56.03936005
310.89782715,-53.56990814
311.08856201,-59.29971313
311.27929688,-71.23526001
311.47003174,-62.53900909
311.66076660,-56.51416016
311.85150146,-51.44554520
312.04223633,-50.75421143
312.23297119,-54.79272461
312.42370605,-62.51622772
312.61444092,-72.09992218
312.80517578,-62.92690277
312.99591064,-56.49189758
313.18664551,-53.61907578
313.37738037,-52.58193207
313.56811523,-53.61659241
313.75885010,-55.66677094
313.94958496,-55.53175354
314.14031982,-54.36222076
314.33105469,-54.56672668
314.52178955,-55.33403015
314.71252441,-57.38876343
314.90325928,-55.44242477
315.09399414,-55.16017151
315.28472900,-59.66848755
315.47546387,-57.37226868
315.66619873,-50.59704590
315.85693359,-50.72868347
316.04766846,-55.77624893
316.23840332,-60.19880295
316.42913818,-53.73630142
316.61987305,-52.01575851
316.81060791,-51.02310944
317.00134277,-61.70152283
317.19207764,-55.63333893
317.38281250,-54.18817902
317.57354736,-55.94298553
317.76428223,-60.97340393
317.95501709,-65.43434906
318.14575195,-63.67147064
318.33648682,-61.76639175
318.52722168,-65.53990173
318.71795654,-67.09395599
318.90869141,-61.36569214
319.09942627,-57.60332489
319.29016113,-57.34664536
319.48089600,-55.23501968
319.67163086,-56.54882431
319.86236572,-77.34200287
320.05310059,-59.80251694
320.24383545,-57.29255295
320.43457031,-55.54545593
320.62530518,-58.14712524
320.81604004,-59.48250580
321.00677490,-54.79386139
321.19750977,-54.02915955
321.38824463,-51.06003189
321.57897949,-53.22801590
321.76971436,-60.93053436
321.96044922,-73.95808411
322.15118408,-65.85731506
322.34191895,-58.82751465
322.53265381,-56.06140518
322.72338867,-53.77841187
322.91412354,-54.08013153
323.10485840,-57.12105179
323.29559326,-60.22833252
323.48632812,-59.18109894
323.67706299,-54.87659073
323.86779785,-53.25689697
324.05853271,-55.40933609
324.24926758,-57.51520538
324.44000244,-52.54015350
324.63073730,-52.61022949
324.82147217,-54.05421829
325.01220703,-54.19025803
325.20294189,-55.38480377
325.39367676,-57.53280258
325.58441162,-58.55894089
325.77514648,-60.45277023
325.96588135,-64.68310547
326.15661621,-76.29386139
326.34735107,-69.65929413
326.53808594,-54.59106064
326.72882080,-50.96742630
326.91955566,-54.34232712
327.11029053,-65.69185638
327.30102539,-63.02587891
327.49176025,-57.87454605
327.68249512,-56.16188812
327.87322998,-55.97965240
328.06396484,-55.96448517
328.25469971,-56.62366867
328.44543457,-57.76369476
328.63616943,-61.06613159
328.82690430,-54.94760513
329.01763916,-50.66527939
329.20837402,-49.57591248
329.39910889,-51.27903366
329.58984375,-50.08633423
329.78057861,-51.36629105
329.97131348,-58.33686447
330.16204834,-61.29296112
330.35278320,-62.05740356
330.54351807,-61.73411560
330.73425293,-56.81043625
330.92498779,-67.22610474
331.11572266,-57.81003571
331.30645752,-59.44721222
331.49719238,-71.01690674
331.68792725,-57.95627213
331.87866211,-55.55883408
332.06939697,-55.43201447
332.26013184,-53.37693024
332.45086670,-53.14514923
332.64160156,-53.15655518
332.83233643,-56.60339355
333.02307129,-63.18454361
333.21380615,-55.36992645
333.40454102,-55.48109436
333.59527588,-54.62224960
333.78601074,-57.23441315
333.97674561,-61.48299408
334.16748047,-74.04180908
334.35821533,-57.51296234
334.54895020,-57.05175400
334.73968506,-59.73616791
334.93041992,-59.73308945
335.12115479,-60.11208344
335.31188965,-54.58797455
335.50262451,-56.25742340
335.69335938,-70.30032349
335.88409424,-53.85802460
336.07482910,-51.43831253
336.26556396,-50.72135925
336.45629883,-52.16855621
336.64703369,-66.62514496
336.83776855,-61.78786469
337.02850342,-57.13471222
337.21923828,-52.21825409
337.40997314,-54.17189789
337.60070801,-56.21698761
337.79144287,-55.63679504
337.98217773,-59.11975479
338.17291260,-67.31029510
338.36364746,-66.74477386
338.55438232,-60.22073364
338.74511719,-61.37408447
338.93585205,-60.91827774
339.12658691,-55.24715042
339.31732178,-51.17700577
339.50805664,-50.39134598
339.69879150,-52.73446655
339.88952637,-55.18912888
340.08026123,-57.14361191
340.27099609,-60.88962555
340.46173096,-63.86886978
340.65246582,-63.96830750
340.84320068,-60.79254532
341.03393555,-53.89411926
341.22467041,-50.73993301
341.41540527,-50.08934021
341.60614014,-51.66709137
341.79687500,-61.50449753
341.98760986,-60.48124313
342.17834473,-56.90073395
342.36907959,-57.15471649
342.55981445,-60.81439590
342.75054932,-58.87321854
342.94128418,-55.42226791
343.13201904,-55.21989822
343.32275391,-57.54783249
343.51348877,-62.17346191
343.70422363,-63.09550858
343.89495850,-61.50705338
344.08569336,-62.03057098
344.27642822,-59.52584076
344.46716309,-56.23128510
344.65789795,-60.49844360
344.84863281,-59.26480103
345.03936768,-53.81355667
345.23010254,-57.58243561
345.42083740,-69.95793915
345.61157227,-61.32754517
345.80230713,-56.93069077
345.99304199,-57.67947769
346.18377686,-59.44949722
346.37451172,-55.87219238
346.56524658,-55.75016022
346.75598145,-62.57782745
346.94671631,-67.02969360
347.13745117,-58.99464035
347.32818604,-53.97667694
347.51892090,-54.42165756
347.70965576,-56.38862228
347.90039062,-59.38992310
348.09112549,-64.42490387
348.28186035,-59.52464676
348.47259521,-55.27058411
348.66333008,-57.09088135
348.85406494,-63.59384155
349.04479980,-68.05673218
349.23553467,-61.71461105
349.42626953,-62.39547729
349.61700439,-58.85651016
349.80773926,-60.40956879
349.99847412,-60.19103241
350.18920898,-63.15238953
350.37994385,-59.63663483
350.57067871,-57.55823135
350.76141357,-61.05777740
350.95214844,-57.38151550
351.14288330,-65.36895752
351.33361816,-66.04958344
351.52435303,-56.54523468
351.71508789,-53.22026825
351.90582275,-53.20994949
352.09655762,-54.69705200
352.28729248,-55.72136307
352.47802734,-53.86636734
352.66876221,-52.38516998
352.85949707,-54.91816711
353.05023193,-56.04555130
353.24096680,-55.41732025
353.43170166,-59.75034332
353.62243652,-57.39732742
353.81317139,-62.44441986
354.00390625,-68.54716492
354.19464111,-62.88238525
354.38537598,-63.41221237
354.57611084,-73.61125183
354.76684570,-70.04151917
354.95758057,-62.54851913
355.14831543,-55.99878693
355.33905029,-56.52215958
355.52978516,-56.50650024
355.72052002,-53.29270172
355.91125488,-56.55781555
356.10198975,-66.62982178
356.29272461,-58.09412003
356.48345947,-63.62682724
356.67419434,-61.25549698
356.86492920,-54.66308594
357.05566406,-53.66053009
357.24639893,-60.10291290
357.43713379,-55.02417755
357.62786865,-51.76538467
357.81860352,-53.31346130
358.00933838,-54.69998169
358.20007324,-58.32656860
358.39080811,-64.24877930
358.58154297,-64.26848602
358.77227783,-65.02196503
358.96301270,-61.49411011
359.15374756,-61.66051483
359.34448242,-59.02452850
359.53521729,-59.12440872
359.72595215,-75.50900269
359.91668701,-60.12271500
360.10742188,-57.04740143
360.29815674,-54.20261002
360.48889160,-56.52782440
360.67962646,-69.18521118
360.87036133,-58.06125641
361.06109619,-52.72207260
361.25183105,-54.65582275
361.44256592,-63.69086838
361.63330078,-60.73013306
361.82403564,-55.76034927
362.01477051,-52.64487457
362.20550537,-48.25816727
362.39624023,-48.53656006
362.58697510,-54.40744400
362.77770996,-59.12141800
362.96844482,-62.57792664
363.15917969,-67.62709045
363.34991455,-60.57106400
363.54064941,-56.30597687
363.73138428,-59.31143951
363.92211914,-65.76739502
364.11285400,-60.26893997
364.30358887,-56.26171494
364.49432373,-54.95062256
364.68505859,-55.55544281
364.87579346,-65.66461945
365.06652832,-58.33798218
365.25726318,-55.43017960
365.44799805,-56.30659485
365.63873291,-60.05148315
365.82946777,-71.35069275
366.02020264,-65.87979889
366.21093750,-63.64248276
366.40167236,-58.67877960
366.59240723,-60.82918167
366.78314209,-56.51538467
366.97387695,-54.46416473
367.16461182,-63.15096283
367.35534668,-62.64258575
367.54608154,-56.75316620
367.73681641,-58.43801498
367.92755127,-59.47383881
368.11828613,-54.33963394
368.30902100,-52.92956924
368.49975586,-54.42774200
368.69049072,-56.79190826
368.88122559,-57.17433929
369.07196045,-57.44798660
369.26269531,-68.79078674
369.45343018,-68.35424042
369.64416504,-84.41415405
369.83489990,-68.65363312
370.02563477,-97.31501770
370.21636963,-71.80770111
370.40710449,-61.24366379
370.59783936,-59.17386627
370.78857422,-62.14598846
370.97930908,-58.83834457
371.17004395,-56.90980911
371.36077881,-57.16326904
371.55151367,-55.68665314
371.74224854,-52.67605591
371.93298340,-51.96952820
372.12371826,-57.31537628
372.31445312,-63.33641815
372.50518799,-60.77997589
372.69592285,-60.14748383
372.88665771,-55.08283615
373.07739258,-55.03742599
373.26812744,-56.03174591
373.45886230,-60.72719955
373.64959717,-60.41368866
373.84033203,-62.18652725
374.03106689,-58.60428238
374.22180176,-61.54435730
374.41253662,-66.45867157
374.60327148,-72.08821869
374.79400635,-71.43694305
374.98474121,-59.90002060
375.17547607,-53.46936035
375.36621094,-52.61334229
375.55694580,-53.42132568
375.74768066,-54.67974854
375.93841553,-64.54627228
376.12915039,-54.79423141
376.31988525,-52.67479706
376.51062012,-53.19498444
376.70135498,-53.52742004
376.89208984,-56.19406128
377.08282471,-58.15623856
377.27355957,-55.91994476
377.46429443,-48.52085876
377.65502930,-49.01536560
377.84576416,-57.68244171
378.03649902,-67.79363251
378.22723389,-69.08453369
378.41796875,-59.21509171
378.60870361,-62.49086380
378.79943848,-71.27383423
378.99017334,-60.36049652
379.18090820,-62.24248505
379.37164307,-80.10318756
379.56237793,-64.59388733
379.75311279,-63.97941589
379.94384766,-63.83483124
380.13458252,-56.97120285
380.32531738,-51.48490143
380.51605225,-53.93920135
380.70678711,-62.63830185
380.89752197,-57.98229218
381.08825684,-54.63210297
381.27899170,-66.59385681
381.46972656,-56.36386108
381.66046143,-55.49970627
381.85119629,-57.66506958
382.04193115,-62.14300537
382.23266602,-70.82261658
382.42340088,-64.05588531
382.61413574,-56.60315704
382.80487061,-56.71572113
382.99560547,-58.16978455
383.18634033,-59.04972458
383.37707520,-59.65278625
383.56781006,-55.87705231
383.75854492,-51.20700455
383.94927979,-48.35342026
384.14001465,-50.28400803
384.33074951,-58.60992813
384.52148438,-78.07437134
384.71221924,-66.30560303
384.90295410,-71.35561371
385.09368896,-65.51284790
385.28442383,-56.87467575
385.47515869,-53.14233780
385.66589355,-54.89828110
385.85662842,-58.34384155
386.04736328,-57.06811905
386.23809814,-55.77046204
386.42883301,-56.02582932
386.61956787,-69.31710052
386.81030273,-58.96142578
387.00103760,-55.07236481
387.19177246,-56.18768692
387.38250732,-68.21074677
387.57324219,-54.16847610
387.76397705,-52.12068176
387.95471191,-53.95034790
388.14544678,-63.64085388
388.33618164,-58.69287872
388.52691650,-52.87487411
388.71765137,-50.77426147
388.90838623,-53.46264267
389.09912109,-66.97605896
389.28985596,-61.25547409
389.48059082,-59.65990067
389.67132568,-65.59240723
389.86206055,-61.59456253
390.05279541,-55.57450867
390.24353027,-54.61450577
390.43426514,-58.89633179
390.62500000,-65.66674805
390.81573486,-58.44827652
391.00646973,-60.98268127
391.19720459,-58.26532364
391.38793945,-58.48343658
391.57867432,-73.05064392
391.76940918,-63.99661636
391.96014404,-57.58576202
392.15087891,-54.86535645
392.34161377,-52.40560150
392.53234863,-49.46827316
392.72308350,-51.52832413
392.91381836,-59.84636307
393.10455322,-61.71952820
393.29528809,-57.68080902
393.48602295,-55.81432343
393.67675781,-57.76724243
393.86749268,-56.68221283
394.05822754,-53.74115753
394.24896240,-55.73116302
394.43969727,-68.03408813
394.63043213,-58.56088638
394.82116699,-56.61720276
395.01190186,-53.06123352
395.20263672,-53.28830719
395.39337158,-64.96864319
395.58410645,-57.24116898
395.77484131,-56.57786560
395.96557617,-63.23741531
396.15631104,-53.87960052
396.34704590,-54.59407806
396.53778076,-56.10655975
396.72851562,-56.68132782
396.91925049,-60.94768524
397.10998535,-60.19416046
397.30072021,-53.95742035
397.49145508,-50.80685425
397.68218994,-52.90673828
397.87292480,-55.33298492
398.06365967,-54.22965622
398.25439453,-59.48587799
398.44512939,-57.53057098
398.63586426,-54.31587601
398.82659912,-51.95485687
399.01733398,-52.32371902
399.20806885,-60.03839493
399.39880371,-56.98105240
399.58953857,-49.95945358
399.78027344,-49.00584412
399.97100830,-54.16733170
400.16174316,-67.11281586
400.35247803,-65.34339905
400.54321289,-61.73143387
400.73394775,-59.29882812
400.92468262,-57.87638855
401.11541748,-56.62337494
401.30615234,-58.66756058
401.49688721,-58.59978104
401.68762207,-54.65909958
401.87835693,-52.03918839
402.06909180,-50.91712570
402.25982666,-53.46557999
402.45056152,-59.78166199
402.64129639,-55.77333450
402.83203125,-55.13619995
403.02276611,-55.55792999
403.21350098,-60.17787933
403.40423584,-63.24148178
403.59497070,-56.18258667
403.78570557,-55.30587006
403.97644043,-53.85604858
404.16717529,-50.31446457
404.35791016,-50.22549057
404.54864502,-52.22731781
404.73937988,-56.69532013
404.93011475,-62.31418991
405.12084961,-55.94306946
405.31158447,-51.50080872
405.50231934,-52.62283707
405.69305420,-53.83586502
405.88378906,-55.33260727
406.07452393,-60.43613052
406.26525879,-60.92319870
406.45599365,-55.55791855
406.64672852,-54.92116928
406.83746338,-57.41432953
407.02819824,-64.70530701
407.21893311,-54.76195908
407.40966797,-54.55181503
407.60040283,-56.44964600
407.79113770,-56.95642471
407.98187256,-52.43834686
408.17260742,-53.81771088
408.36334229,-61.84844208
408.55407715,-65.89470673
408.74481201,-65.84204865
408.93554688,-72.02510071
409.12628174,-53.04359436
409.31701660,-48.69338608
409.50775146,-51.24206924
409.69848633,-56.71854019
409.88922119,-60.47325134
410.07995605,-71.37309265
410.27069092,-58.39683533
410.46142578,-54.70918655
410.65216064,-57.78232956
410.84289551,-61.45538330
411.03363037,-57.08631897
411.22436523,-57.43204498
411.41510010,-59.32369995
411.60583496,-69.60704041
411.79656982,-63.88929749
411.98730469,-60.54911041
412.17803955,-63.94292450
412.36877441,-63.12413788
412.55950928,-63.43506241
412.75024414,-62.41974258
412.94097900,-59.29275894
413.13171387,-75.88889313
413.32244873,-56.55200577
413.51318359,-52.30156708
413.70391846,-53.77371979
413.89465332,-69.81215668
414.08538818,-52.79138184
414.27612305,-49.16983795
414.46685791,-51.62908173
414.65759277,-60.67039108
414.84832764,-58.74285126
415.03906250,-60.11727142
415.22979736,-57.28046417
415.42053223,-51.16427612
415.61126709,-52.05775833
415.80200195,-60.56065369
415.99273682,-67.25624084
416.18347168,-59.78966141
416.37420654,-55.91320038
416.56494141,-55.68953705
416.75567627,-59.31060028
416.94641113,-60.04440689
417.13714600,-63.12989044
417.32788086,-58.52390671
417.51861572,-56.09526062
417.70935059,-57.15087891
417.90008545,-58.06810760
418.09082031,-58.01523209
418.28155518,-67.04173279
418.47229004,-62.43314743
418.66302490,-56.30402374
418.85375977,-55.21654510
419.04449463,-60.66570282
419.23522949,-60.18806839
419.42596436,-55.99935913
419.61669922,-51.69797897
419.80743408,-50.94064713
419.99816895,-56.47115707
420.18890381,-58.43357468
420.37963867,-54.27809143
420.57037354,-53.40238571
420.76110840,-54.87421417
420.95184326,-57.94841766
421.14257812,-60.71707916
421.33331299,-57.35882568
421.52404785,-62.33153915
421.71478271,-69.52053833
421.90551758,-65.41349792
422.09625244,-55.00307083
422.28698730,-53.91040802
422.47772217,-61.32814407
422.66845703,-58.85198593
422.85919189,-57.10409164
423.04992676,-63.32204437
423.24066162,-54.98546219
423.43139648,-58.39021301
423.62213135,-80.61942291
423.81286621,-59.72565460
424.00360107,-61.21187592
424.19433594,-54.24410248
424.38507080,-53.97154236
424.57580566,-56.91197205
424.76654053,-53.05571747
424.95727539,-55.10586166
425.14801025,-56.58267593
425.33874512,-63.68790436
425.52947998,-60.58966064
425.72021484,-57.88532639
425.91094971,-64.41011810
426.10168457,-63.58647156
426.29241943,-63.87226105
426.48315430,-68.38285065
426.67388916,-64.51820374
426.86462402,-55.23404694
427.05535889,-49.74994659
427.24609375,-49.50954819
427.43682861,-53.11283493
427.62756348,-51.66709518
427.81829834,-52.73048782
428.00903320,-61.93354034
428.19976807,-71.54148865
428.39050293,-64.55164337
428.58123779,-66.50868988
428.77197266,-53.69486237
428.96270752,-51.50130844
429.15344238,-56.10638046
429.34417725,-63.38459396
429.53491211,-80.44335175
429.72564697,-56.60156250
429.91638184,-51.78097153
430.10711670,-48.77807236
430.29785156,-48.28007126
430.48858643,-51.04603195
430.67932129,-54.49680710
430.87005615,-57.62501526
431.06079102,-58.02371216
431.25152588,-57.41062546
431.44226074,-62.21002579
431.63299561,-61.97196960
431.82373047,-58.20978546
432.01446533,-59.66465378
432.20520020,-60.60047150
432.39593506,-60.39079285
432.58666992,-73.11698151
432.77740479,-60.10879517
432.96813965,-57.53154373
433.15887451,-57.00343323
433.34960938,-56.36702728
433.54034424,-57.41408539
433.73107910,-55.89186859
433.92181396,-62.51326752
434.11254883,-55.83790588
434.30328369,-51.56570816
434.49401855,-55.99441910
434.68475342,-55.91500854
434.87548828,-53.27972031
435.06622314,-53.80714035
435.25695801,-55.36645508
435.44769287,-58.74036407
435.63842773,-61.11131668
435.82916260,-64.33053589
436.01989746,-61.89383698
436.21063232,-58.96355057
436.40136719,-58.61376190
436.59210205,-54.41495514
436.78283691,-53.11256790
436.97357178,-54.63706589
437.16430664,-58.28208923
437.35504150,-59.89076614
437.54577637,-62.14575195
437.73651123,-65.83952332
437.92724609,-56.12639618
438.11798096,-51.65628433
438.30871582,-51.77933121
438.49945068,-55.76940155
438.69018555,-55.44881439
438.88092041,-52.20045471
439.07165527,-56.66541290
439.26239014,-70.77104187
439.45312500,-58.09814453
439.64385986,-59.17858124
439.83459473,-65.62069702
440.02532959,-75.23741150
440.21606445,-65.18750763
440.40679932,-60.80648041
440.59753418,-62.79535675
440.78826904,-56.36575699
440.97900391,-54.15321732
441.16973877,-62.38361740
441.36047363,-58.93836594
441.55120850,-60.58023453
441.74194336,-71.60459900
441.93267822,-68.53428650
442.12341309,-57.84275055
442.31414795,-53.68967056
442.50488281,-60.54437256
442.69561768,-63.81588364
442.88635254,-59.46676636
443.07708740,-60.72598267
443.26782227,-57.75591278
443.45855713,-57.50740051
443.64929199,-69.92484283
443.84002686,-61.48102570
444.03076172,-57.44892120
444.22149658,-59.59003448
444.41223145,-78.04511261
444.60296631,-61.28990173
444.79370117,-62.49066925
444.98443604,-62.46551895
445.17517090,-66.60649872
445.36590576,-62.48448181
445.55664062,-60.33358002
445.74737549,-59.60346603
445.93811035,-56.41339874
446.12884521,-55.21643066
446.31958008,-54.35771942
446.51031494,-55.55955887
446.70104980,-55.32280731
446.89178467,-52.23442459
447.08251953,-51.89512253
447.27325439,-51.96180344
447.46398926,-49.81135941
447.65472412,-50.66981506
447.84545898,-55.62957764
448.03619385,-58.68488312
448.22692871,-51.75164032
448.41766357,-50.04415131
448.60839844,-52.64533615
448.79913330,-57.90685272
448.98986816,-54.84885788
449.18060303,-51.96613693
449.37133789,-56.79263306
449.56207275,-68.14765930
449.75280762,-56.97627258
449.94354248,-57.18729019
450.13427734,-66.60085297
450.32501221,-55.78678894
450.51574707,-53.16678619
450.70648193,-56.03865814
450.89721680,-62.68098450
451.08795166,-71.33950043
451.27868652,-67.90243530
451.46942139,-61.79530334
451.66015625,-55.38133240
451.85089111,-52.57837296
452.04162598,-52.38507843
452.23236084,-54.68936920
452.42309570,-56.01884842
452.61383057,-53.24265289
452.80456543,-52.16265106
452.99530029,-56.81922913
453.18603516,-65.67968750
453.37677002,-68.94534302
453.56750488,-90.32130432
453.75823975,-63.71002960
453.94897461,-65.92339325
454.13970947,-54.54460144
454.33044434,-49.05032349
454.52117920,-50.42159271
454.71191406,-53.73032379
454.90264893,-53.30887222
455.09338379,-50.46530914
455.28411865,-50.92339325
455.47485352,-56.46054077
455.66558838,-66.00521851
455.85632324,-65.19764709
456.04705811,-59.74876022
456.23779297,-56.48725128
456.42852783,-54.86951828
456.61926270,-58.58992004
456.80999756,-60.50839996
457.00073242,-59.72970963
457.19146729,-58.23536682
457.38220215,-56.13420105
457.57293701,-53.48418427
457.76367188,-53.28371048
457.95440674,-59.80110931
458.14514160,-69.97302246
458.33587646,-62.27891541
458.52661133,-61.31581879
458.71734619,-64.40303802
458.90808105,-55.36457062
459.09881592,-56.03237534
459.28955078,-71.02441406
459.48028564,-61.11978912
459.67102051,-70.45317078
459.86175537,-60.29081345
460.05249023,-57.68013382
460.24322510,-61.47314072
460.43395996,-64.28487396
460.62469482,-65.43643951
460.81542969,-61.13876724
461.00616455,-55.94680786
461.19689941,-63.63989258
461.38763428,-59.59848404
461.57836914,-59.38864136
461.76910400,-73.64537048
461.95983887,-65.47128296
462.15057373,-55.08676910
462.34130859,-52.13672638
462.53204346,-56.49169540
462.72277832,-56.83835602
462.91351318,-55.55232620
463.10424805,-54.35496521
463.29498291,-50.54852295
463.48571777,-49.25534058
463.67645264,-49.50305557
463.86718750,-49.65851593
464.05792236,-50.62034988
464.24865723,-51.51963043
464.43939209,-53.40721512
464.63012695,-55.43429565
464.82086182,-53.12438583
465.01159668,-54.25811386
465.20233154,-54.22642136
465.39306641,-56.16587830
465.58380127,-63.59383011
465.77453613,-54.41340637
465.96527100,-57.21719742
466.15600586,-68.20800018
466.34674072,-64.89337158
466.53747559,-58.42224121
466.72821045,-67.08271027
466.91894531,-53.73119736
467.10968018,-49.96690750
467.30041504,-54.89871597
467.49114990,-60.60320282
467.68188477,-55.12867355
467.87261963,-55.61007690
468.06335449,-60.19436264
468.25408936,-58.00265503
468.44482422,-55.70175934
468.63555908,-54.82460403
468.82629395,-54.15201187
469.01702881,-55.70126343
469.20776367,-57.69535065
469.39849854,-60.07190323
469.58923340,-57.90991974
469.77996826,-57.29054260
469.97070312,-56.96710587
470.16143799,-52.89873505
470.35217285,-60.60212708
470.54290771,-58.90237808
470.73364258,-61.42800903
470.92437744,-59.73961258
471.11511230,-56.31004333
471.30584717,-57.87383652
471.49658203,-70.27420807
471.68731689,-56.91281128
471.87805176,-53.48203278
472.06878662,-59.18775558
472.25952148,-57.51594925
472.45025635,-56.66097260
472.64099121,-59.92371368
472.83172607,-68.10487366
473.02246094,-62.36366272
473.21319580,-53.83786011
473.40393066,-54.63405991
473.59466553,-67.25411224
473.78540039,-55.92823029
473.97613525,-51.86442566
474.16687012,-52.95891571
474.35760498,-54.47389221
474.54833984,-55.47489929
474.73907471,-56.18294525
474.92980957,-55.14245987
475.12054443,-58.78541946
475.31127930,-58.83357239
475.50201416,-56.06119156
475.69274902,-63.61024475
475.88348389,-60.61670685
476.07421875,-64.96442413
476.26495361,-70.04685974
476.45568848,-66.71763611
476.64642334,-67.57535553
476.83715820,-66.22391510
477.02789307,-62.53044510
477.21862793,-58.00077438
477.40936279,-54.43211365
477.60009766,-58.58433151
477.79083252,-54.64495850
477.98156738,-52.97569656
478.17230225,-60.07900238
478.36303711,-54.77006531
478.55377197,-57.45434570
478.74450684,-57.66901398
478.93524170,-53.14352036
479.12597656,-53.44126129
479.31671143,-63.57982635
479.50744629,-59.61566544
479.69818115,-54.62144470
479.88891602,-55.86980820
480.07965088,-59.13473511
480.27038574,-55.58403397
480.46112061,-56.12307739
480.65185547,-55.49333572
480.84259033,-67.82971191
481.03332520,-58.09396362
481.22406006,-56.31103134
481.41479492,-53.50080490
481.60552979,-54.29239273
481.79626465,-57.18883514
481.98699951,-52.77938080
482.17773438,-51.65750885
482.36846924,-55.12629700
482.55920410,-64.00157166
482.74993896,-59.23888397
482.94067383,-53.56890106
483.13140869,-56.49452591
483.32214355,-56.64203262
483.51287842,-54.93903351
483.70361328,-57.67816925
483.89434814,-57.94485092
484.08508301,-56.21367645
484.27581787,-51.82528687
484.46655273,-48.63805771
484.65728760,-51.19243240
484.84802246,-58.76405334
485.03875732,-56.85921478
485.22949219,-54.27677917
485.42022705,-58.95828247
485.61096191,-59.46804810
485.80169678,-55.38673401
485.99243164,-53.17187500
486.18316650,-54.79297638
486.37390137,-56.36780167
486.56463623,-52.81633759
486.75537109,-51.37028503
486.94610596,-56.17211151
487.13684082,-57.72768021
487.32757568,-57.65928650
487.51831055,-58.54423523
487.70904541,-55.66182709
487.89978027,-55.63149261
488.09051514,-54.68539810
488.28125000,-53.12424088
488.47198486,-54.79087067
488.66271973,-71.69474030
488.85345459,-61.25967407
489.04418945,-60.43326950
489.23492432,-60.76651764
489.42565918,-59.50368881
489.61639404,-52.18295670
489.80712891,-49.40307617
489.99786377,-56.28634644
490.18859863,-55.17547226
490.37933350,-52.14833069
490.57006836,-61.52925873
490.76080322,-58.34352875
490.95153809,-57.33772278
491.14227295,-64.54701233
491.33300781,-62.95315552
491.52374268,-65.71475983
491.71447754,-65.65675354
491.90521240,-61.37546921
492.09594727,-55.88607407
492.28668213,-54.92588043
492.47741699,-56.78817749
492.66815186,-60.79918289
492.85888672,-62.64860535
493.04962158,-60.93717957
493.24035645,-59.20712280
493.43109131,-56.55725479
493.62182617,-56.80743408
493.81256104,-63.45004654
494.00329590,-71.55365753
494.19403076,-64.42041016
494.38476562,-55.74504089
494.57550049,-53.66218185
494.76623535,-52.42610550
494.95697021,-50.54259872
495.14770508,-53.40279007
495.33843994,-63.63211823
495.52917480,-61.04344177
495.71990967,-59.21544647
495.91064453,-68.90112305
496.10137939,-57.27496338
496.29211426,-57.20090485
496.48284912,-53.23233795
496.67358398,-51.62004471
496.86431885,-53.18505859
497.05505371,-62.35820770
497.24578857,-73.63349152
497.43652344,-62.78644562
497.62725830,-73.29852295
497.81799316,-62.71846771
498.00872803,-59.00553894
498.19946289,-62.33415604
498.39019775,-64.29517365
498.58093262,-59.63607788
498.77166748,-57.20941925
498.96240234,-55.70352173
499.15313721,-55.08977509
499.34387207,-54.02584076
499.53460693,-55.48599243
499.72534180,-58.93489838
499.91607666,-60.84352112
500.10681152,-57.78122330
500.29754639,-53.56689072
500.48828125,-56.68942261
500.67901611,-56.89958191
500.86975098,-55.26521301
501.06048584,-52.66873169
501.25122070,-50.98072052
501.44195557,-51.55754471
501.63269043,-54.48049545
501.82342529,-58.13833237
502.01416016,-64.86610413
502.20489502,-59.50366592
502.39562988,-55.64021301
502.58636475,-56.85228348
502.77709961,-54.00046921
502.96783447,-53.20182037
503.15856934,-54.07004547
503.34930420,-53.00751114
503.54003906,-57.48366547
503.73077393,-71.31832123
503.92150879,-69.19383240
504.11224365,-59.39689255
504.30297852,-55.44172668
504.49371338,-52.49131775
504.68444824,-50.80179214
504.87518311,-50.47292328
505.06591797,-52.93099213
505.25665283,-55.96014404
505.44738770,-55.87899017
505.63812256,-56.94435883
505.82885742,-59.10784912
506.01959229,-57.14790344
506.21032715,-61.15575790
506.40106201,-50.33973312
506.59179688,-46.81138992
506.78253174,-48.76825714
506.97326660,-58.13352585
507.16400146,-61.25595093
507.35473633,-61.25464630
507.54547119,-65.22561646
507.73620605,-53.12298584
507.92694092,-52.12153625
508.11767578,-57.21909332
508.30841064,-58.59750748
508.49914551,-56.35872269
508.68988037,-58.00052261
508.88061523,-58.46967316
509.07135010,-55.21239853
509.26208496,-53.21831131
509.45281982,-56.68059921
509.64355469,-70.46632385
509.83428955,-67.37454224
510.02502441,-60.18946075
510.21575928,-50.69851303
510.40649414,-50.17917252
510.59722900,-55.52852631
510.78796387,-67.38160706
510.97869873,-55.20036316
511.16943359,-58.46317291
511.36016846,-67.25256348
511.55090332,-67.12016296
511.74163818,-62.02002716
511.93237305,-59.85572052
512.12310791,-58.46015167
512.31384277,-53.43404388
512.50457764,-52.34929657
512.69531250,-52.05929184
512.88604736,-54.39069748
513.07678223,-60.76372147
513.26751709,-57.63072968
513.45825195,-55.27980042
513.64898682,-56.11255646
513.83972168,-57.80297852
514.03045654,-65.35651398
514.22119141,-67.70190430
514.41192627,-57.58747482
514.60266113,-55.18547058
514.79339600,-60.40971375
514.98413086,-70.07779694
515.17486572,-62.59138489
515.36560059,-59.04071808
515.55633545,-59.82858658
515.74707031,-56.71079254
515.93780518,-55.72661972
516.12854004,-59.43832779
516.31927490,-56.92916870
516.51000977,-56.76879501
516.70074463,-55.04463959
516.89147949,-53.41437531
517.08221436,-54.34408188
517.27294922,-56.94874573
517.46368408,-57.30804443
517.65441895,-54.15710449
517.84515381,-53.80859756
518.03588867,-62.90930939
518.22662354,-51.75733185
518.41735840,-51.55265808
518.60809326,-57.25964355
518.79882812,-58.97541809
518.98956299,-64.92259216
519.18029785,-63.49745178
519.37103271,-63.27182770
519.56176758,-68.42925262
519.75250244,-56.19054413
519.94323730,-53.57051086
520.13397217,-57.06444168
520.32470703,-68.25499725
520.51544189,-56.11299896
520.70617676,-53.50148773
520.89691162,-56.74478531
521.08764648,-56.03382874
521.27838135,-55.13638306
521.46911621,-61.34275436
521.65985107,-64.54193878
521.85058594,-57.22968292
522.04132080,-54.92339706
522.23205566,-52.50631714
522.42279053,-54.91401672
522.61352539,-61.90426254
522.80426025,-59.84051514
522.99499512,-53.82329941
523.18572998,-49.96169662
523.37646484,-49.87911987
523.56719971,-53.73804092
523.75793457,-63.29243469
523.94866943,-65.17184448
524.13940430,-59.91523743
524.33013916,-52.85932159
524.52087402,-53.78580093
524.71160889,-55.77989578
524.90234375,-56.24943542
525.09307861,-66.64813232
525.28381348,-78.33232117
525.47454834,-64.28785706
525.66528320,-59.63073349
525.85601807,-62.98848724
526.04675293,-62.73609161
526.23748779,-57.69598007
526.42822266,-60.58586121
526.61895752,-61.99243164
526.80969238,-55.35492706
527.00042725,-59.05317307
527.19116211,-63.46844101
527.38189697,-61.70647049
527.57263184,-61.09934998
527.76336670,-62.31111908
527.95410156,-65.30748749
528.14483643,-57.22610855
528.33557129,-55.96834183
528.52630615,-55.27664566
528.71704102,-57.58062744
528.90777588,-63.40470886
529.09851074,-67.86682892
529.28924561,-59.46251297
529.47998047,-59.01684189
529.67071533,-59.63218689
529.86145020,-50.26465607
530.05218506,-47.96713257
530.24291992,-52.66714096
530.43365479,-60.50568390
530.62438965,-50.88623428
530.81512451,-49.32955170
531.00585938,-52.22930527
531.19659424,-60.56373978
531.38732910,-58.79232407
531.57806396,-55.61660004
531.76879883,-55.15087891
531.95953369,-58.67547607
532.15026855,-61.09574127
532.34100342,-60.28274918
532.53173828,-59.00449371
532.72247314,-60.06141663
532.91320801,-54.47677994
533.10394287,-56.17897415
533.29467773,-64.55910492
533.48541260,-66.08015442
533.67614746,-78.29421234
533.86688232,-62.73225784
534.05761719,-57.84712982
534.24835205,-53.21611023
534.43908691,-50.35858917
534.62982178,-49.94613266
534.82055664,-52.36929321
535.01129150,-60.39528656
535.20202637,-63.52798462
535.39276123,-54.77801895
535.58349609,-56.29511261
535.77423096,-71.55155945
535.96496582,-64.08466339
536.15570068,-58.12191772
536.34643555,-55.10728455
536.53717041,-61.73307037
536.72790527,-61.34459686
536.91864014,-54.31941605
537.10937500,-57.59269714
537.30010986,-60.13150024
537.49084473,-52.62570190
537.68157959,-53.74469757
537.87231445,-58.58041763
538.06304932,-59.22081757
538.25378418,-67.36444855
538.44451904,-56.11438370
538.63525391,-59.24431610
538.82598877,-61.97380829
539.01672363,-60.36152267
539.20745850,-61.50232697
539.39819336,-59.46569443
539.58892822,-60.78317642
539.77966309,-55.84969330
539.97039795,-58.84477615
540.16113281,-56.19297409
540.35186768,-60.92424774
540.54260254,-64.32701874
540.73333740,-86.19556427
540.92407227,-63.34854507
541.11480713,-59.70299149
541.30554199,-56.25547409
541.49627686,-54.73155975
541.68701172,-57.08356857
541.87774658,-57.60933685
542.06848145,-53.55006790
542.25921631,-51.02695465
542.44995117,-49.63598251
542.64068604,-51.33629227
542.83142090,-54.15028000
543.02215576,-54.32019806
543.21289062,-53.03046799
543.40362549,-52.68971252
543.59436035,-52.84836578
543.78509521,-54.64612579
543.97583008,-57.61930847
544.16656494,-59.60822296
544.35729980,-66.94341278
544.54803467,-71.96461487
544.73876953,-64.36755371
544.92950439,-56.58130264
545.12023926,-54.43508530
545.31097412,-61.81688309
545.50170898,-58.23856735
545.69244385,-54.87122345
545.88317871,-55.09291840
546.07391357,-55.13368988
546.26464844,-54.20756912
546.45538330,-64.46932983
546.64611816,-59.89742279
546.83685303,-54.60856628
547.02758789,-56.47132492
547.21832275,-55.00521088
547.40905762,-56.26000214
547.59979248,-59.01059723
547.79052734,-50.75082779
547.98126221,-48.39888763
548.17199707,-52.70719910
548.36273193,-60.51399994
548.55346680,-59.21427917
548.74420166,-59.15256119
548.93493652,-53.56102753
549.12567139,-63.31539154
549.31640625,-57.87815475
549.50714111,-57.51216888
549.69787598,-58.43792725
549.88861084,-54.05005646
550.07934570,-51.86109924
550.27008057,-53.67824936
550.46081543,-59.49294662
550.65155029,-61.16753387
550.84228516,-55.51757050
551.03302002,-55.97722626
551.22375488,-58.16680908
551.41448975,-53.10909653
551.60522461,-49.51015091
551.79595947,-56.35466003
551.98669434,-55.78997040
552.17742920,-52.43569183
552.36816406,-56.75006104
552.55889893,-61.41009903
552.74963379,-70.84954071
552.94036865,-64.35244751
553.13110352,-65.54782104
553.32183838,-67.83337402
553.51257324,-65.29693604
553.70330811,-63.44306564
553.89404297,-62.37129593
554.08477783,-56.69187546
554.27551270,-55.34955978
554.46624756,-52.22700500
554.65698242,-49.75093460
554.84771729,-51.01783371
555.03845215,-55.01405334
555.22918701,-59.41436768
555.41992188,-56.86019897
555.61065674,-51.54509735
555.80139160,-54.41095734
555.99212646,-67.81730652
556.18286133,-72.41230774
556.37359619,-64.73400116
556.56433105,-57.32919312
556.75506592,-58.04159164
556.94580078,-57.18338013
557.13653564,-61.85776138
557.32727051,-64.43438721
557.51800537,-63.13153076
557.70874023,-54.11890030
557.89947510,-57.00246429
558.09020996,-62.78720856
558.28094482,-54.62432480
558.47167969,-56.33823776
558.66241455,-57.38751984
558.85314941,-56.76744080
559.04388428,-62.39036560
559.23461914,-60.12174988
559.42535400,-56.12178802
559.61608887,-52.92754745
559.80682373,-53.32450104
559.99755859,-68.04017639
560.18829346,-57.70063400
560.37902832,-63.86333466
560.56976318,-61.53278732
560.76049805,-55.48616791
560.95123291,-52.63372803
561.14196777,-55.44861221
561.33270264,-61.03925323
561.52343750,-55.56715012
561.71417236,-56.87988281
561.90490723,-70.14264679
562.09564209,-60.58626556
562.28637695,-62.84780502
562.47711182,-70.61190796
562.66784668,-68.81942749
562.85858154,-66.43565369
563.04931641,-59.16053391
563.24005127,-53.27516556
563.43078613,-52.28436279
563.62152100,-56.55908203
563.81225586,-64.29306793
564.00299072,-59.47252274
564.19372559,-54.32962036
564.38446045,-51.65958786
564.57519531,-50.98329544
564.76593018,-53.55464935
564.95666504,-55.86722565
565.14739990,-59.37675858
565.33813477,-64.02077484
565.52886963,-69.63042450
565.71960449,-54.23697662
565.91033936,-53.05402756
566.10107422,-57.96998596
566.29180908,-54.57794571
566.48254395,-49.94236374
566.67327881,-48.19507980
566.86401367,-50.21213531
567.05474854,-53.38580704
567.24548340,-51.39919281
567.43621826,-50.10478210
567.62695312,-53.38827515
567.81768799,-57.47007751
568.00842285,-52.81507492
568.19915771,-62.76290131
568.38989258,-54.53790283
568.58062744,-53.00861359
568.77136230,-59.37198639
568.96209717,-64.92808533
569.15283203,-56.33605957
569.34356689,-54.21434784
569.53430176,-51.43690491
569.72503662,-50.09660339
569.91577148,-50.41920471
570.10650635,-50.55563354
570.29724121,-50.62818146
570.48797607,-53.39746475
570.67871094,-55.59928131
570.86944580,-65.52911377
571.06018066,-60.65021896
571.25091553,-57.60104370
571.44165039,-57.07737350
571.63238525,-58.53530121
571.82312012,-62.26893616
572.01385498,-61.09115982
572.20458984,-55.84502792
572.39532471,-54.93812943
572.58605957,-55.62519836
572.77679443,-56.48536682
572.96752930,-55.38656616
573.15826416,-59.51650238
573.34899902,-63.02820206
573.53973389,-58.16465759
573.73046875,-56.22536087
573.92120361,-54.44605255
574.11193848,-56.89243317
574.30267334,-54.51604843
574.49340820,-53.25857544
574.68414307,-57.24211884
574.87487793,-56.42722702
575.06561279,-60.47901917
575.25634766,-59.88748932
575.44708252,-56.32308578
575.63781738,-61.64952087
575.82855225,-51.30012512
576.01928711,-54.17328262
576.21002197,-62.33952332
576.40075684,-56.59238815
576.59149170,-67.79677582
576.78222656,-67.58739471
576.97296143,-62.46379471
577.16369629,-54.19109726
577.35443115,-49.89300156
577.54516602,-49.24330139
577.73590088,-53.60073853
577.92663574,-57.27555084
578.11737061,-55.90397263
578.30810547,-58.02814865
578.49884033,-53.39599991
578.68957520,-53.57240677
578.88031006,-61.97425842
579.07104492,-53.39875031
579.26177979,-57.77148819
579.45251465,-55.48303223
579.64324951,-48.45787811
579.83398438,-48.97922516
580.02471924,-53.08319855
580.21545410,-58.51575470
580.40618896,-56.65449142
580.59692383,-53.06503677
580.78765869,-52.95303726
580.97839355,-55.56791306
581.16912842,-58.51135254
581.35986328,-56.44595718
581.55059814,-54.25846100
581.74133301,-57.23440552
581.93206787,-56.81451797
582.12280273,-54.64574432
582.31353760,-57.32674026
582.50427246,-64.01295471
582.69500732,-65.71796417
582.88574219,-75.41961670
583.07647705,-70.13209534
583.26721191,-74.99410248
583.45794678,-63.51538849
583.64868164,-56.01540375
583.83941650,-53.61072540
584.03015137,-52.70619202
584.22088623,-51.26216125
584.41162109,-50.87574005
584.60235596,-52.12249756
584.79309082,-53.20794678
584.98382568,-51.44911194
585.17456055,-53.28995132
585.36529541,-55.78558350
585.55603027,-55.71798325
585.74676514,-58.84594727
585.93750000,-58.12131882
586.12823486,-59.60220337
586.31896973,-56.15110779
586.50970459,-56.34992981
586.70043945,-58.98102570
586.89117432,-56.02523804
587.08190918,-56.78013611
587.27264404,-64.90805054
587.46337891,-63.06099319
587.65411377,-58.54756927
587.84484863,-54.36485291
588.03558350,-52.59678268
588.22631836,-60.06595612
588.41705322,-56.71062088
588.60778809,-54.37234879
588.79852295,-61.12514877
588.98925781,-58.81071091
589.17999268,-57.23190689
589.37072754,-58.49479294
589.56146240,-58.18523788
589.75219727,-55.27548218
589.94293213,-52.82186890
590.13366699,-54.08958435
590.32440186,-65.92711639
590.51513672,-56.17516327
590.70587158,-54.41603088
590.89660645,-57.77346039
591.08734131,-60.58314514
591.27807617,-62.63494873
591.46881104,-69.59140015
591.65954590,-63.61516571
591.85028076,-62.21928406
592.04101562,-57.48534393
592.23175049,-57.49289703
592.42248535,-58.28010178
592.61322021,-53.95746231
592.80395508,-56.11648560
592.99468994,-60.78736115
593.18542480,-54.73807907
593.37615967,-54.37456131
593.56689453,-54.49127579
593.75762939,-59.12585831
593.94836426,-64.03989410
594.13909912,-64.30945587
594.32983398,-63.94722748
594.52056885,-59.55331421
594.71130371,-65.18869019
594.90203857,-62.07943726
595.09277344,-52.73448563
595.28350830,-52.01026535
595.47424316,-56.21995926
595.66497803,-55.53871155
595.85571289,-53.71963882
596.04644775,-51.48662186
596.23718262,-49.88465118
596.42791748,-52.02975464
596.61865234,-56.27639389
596.80938721,-58.93552780
597.00012207,-59.03530121
597.19085693,-57.98545837
597.38159180,-63.03348160
597.57232666,-63.15175629
597.76306152,-54.44340515
597.95379639,-52.74951935
598.14453125,-50.26950455
598.33526611,-52.60816956
598.52600098,-53.18232727
598.71673584,-51.24336243
598.90747070,-52.78418732
599.09820557,-54.99642181
599.28894043,-61.75966644
599.47967529,-54.04630661
599.67041016,-50.57561874
599.86114502,-58.50608444
600.05187988,-59.51279068
600.24261475,-55.12384415
600.43334961,-59.47730637
600.62408447,-65.53498077
600.81481934,-60.68084717
601.00555420,-65.31258392
601.19628906,-68.84360504
601.38702393,-66.41140747
601.57775879,-87.94266510
601.76849365,-57.86365509
601.95922852,-60.08723450
602.14996338,-61.22665787
602.34069824,-56.06196976
602.53143311,-52.78778839
602.72216797,-54.68682861
602.91290283,-64.70384216
603.10363770,-59.15711975
603.29437256,-62.76619720
603.48510742,-66.92166901
603.67584229,-72.48328400
603.86657715,-58.45241165
604.05731201,-56.99821854
604.24804688,-65.23972321
604.43878174,-60.23865128
604.62951660,-55.96198273
604.82025146,-57.07353210
605.01098633,-56.66552734
605.20172119,-54.09658432
605.39245605,-57.00952530
605.58319092,-51.84253311
605.77392578,-51.66378021
605.96466064,-55.09855652
606.15539551,-53.11914825
606.34613037,-52.55156708
606.53686523,-55.74324036
606.72760010,-62.45493317
606.91833496,-59.70262527
607.10906982,-54.62413788
607.29980469,-53.72272491
607.49053955,-61.90902328
607.68127441,-66.40821838
607.87200928,-57.79670334
608.06274414,-54.92153168
608.25347900,-59.17108154
608.44421387,-73.71453857
608.63494873,-74.98652649
608.82568359,-68.89108276
609.01641846,-77.89437103
609.20715332,-55.74022293
609.39788818,-48.69844818
609.58862305,-48.41705322
609.77935791,-53.97298431
609.97009277,-59.22164917
610.16082764,-63.42610931
610.35156250,-64.26481628
610.54229736,-68.61164856
610.73303223,-56.64981461
610.92376709,-53.83806229
611.11450195,-55.07141495
611.30523682,-55.98972702
611.49597168,-57.47110748
611.68670654,-63.65822601
611.87744141,-62.00764465
612.06817627,-52.05925751
612.25891113,-50.63389206
612.44964600,-51.74178696
612.64038086,-53.67844009
612.83111572,-58.18061066
613.02185059,-70.16397095
613.21258545,-63.02185059
613.40332031,-68.02191925
613.59405518,-68.26317596
613.78479004,-58.94367599
613.97552490,-56.88874054
614.16625977,-60.46739960
614.35699463,-59.82885742
614.54772949,-54.25857544
614.73846436,-53.52109909
614.92919922,-54.65621948
615.11993408,-54.84598160
615.31066895,-57.53391266
615.50140381,-60.73574448
615.69213867,-58.61916351
615.88287354,-57.91969299
616.07360840,-57.98820114
616.26434326,-62.93199158
616.45507812,-61.31702805
616.64581299,-65.13568115
616.83654785,-58.85639954
617.02728271,-57.32133865
617.21801758,-61.13560104
617.40875244,-50.77256012
617.59948730,-48.48698425
617.79022217,-52.02285004
617.98095703,-65.16685486
618.17169189,-55.94664001
618.36242676,-54.00001144
618.55316162,-56.95932007
618.74389648,-66.35418701
618.93463135,-58.48196411
619.12536621,-63.56720352
619.31610107,-69.12779999
619.50683594,-61.72607803
619.69757080,-59.85904694
619.88830566,-56.30157852
620.07904053,-62.30755234
620.26977539,-59.00139618
620.46051025,-58.82566071
620.65124512,-59.66353989
620.84197998,-57.74950409
621.03271484,-59.07308960
621.22344971,-61.80011368
621.41418457,-55.45768738
621.60491943,-51.82097626
621.79565430,-53.55632782
621.98638916,-56.01421738
622.17712402,-55.92397308
622.36785889,-63.84569168
622.55859375,-57.43143463
622.74932861,-66.77639771
622.94006348,-62.26817703
623.13079834,-67.52455139
623.32153320,-60.44826889
623.51226807,-57.84688568
623.70300293,-58.62000275
623.89373779,-64.55003357
624.08447266,-55.38050079
624.27520752,-57.07355499
624.46594238,-54.94029999
624.65667725,-54.90575409
624.84741211,-59.23527145
625.03814697,-65.00801849
625.22888184,-62.30702209
625.41961670,-64.04663086
625.61035156,-73.15026093
625.80108643,-65.09599304
625.99182129,-63.56054306
626.18255615,-69.46041870
626.37329102,-57.91858673
626.56402588,-54.36063766
626.75476074,-55.08436203
626.94549561,-64.89813232
627.13623047,-56.18424225
627.32696533,-53.31954193
627.51770020,-54.65642929
627.70843506,-57.63304138
627.89916992,-52.76576996
628.08990479,-54.84313583
628.28063965,-66.82920837
628.47137451,-57.72163773
628.66210938,-67.02929688
628.85284424,-57.22753906
629.04357910,-53.99681854
629.23431396,-54.34154892
629.42504883,-53.29440308
629.61578369,-53.33851242
629.80651855,-57.42142105
629.99725342,-61.91921616
630.18798828,-52.19865417
630.37872314,-53.12383270
630.56945801,-56.66290665
630.76019287,-57.18135834
630.95092773,-63.58558655
631.14166260,-65.61821747
631.33239746,-61.10744095
631.52313232,-64.33174896
631.71386719,-66.60990906
631.90460205,-54.14042664
632.09533691,-53.10417175
632.28607178,-60.49715042
632.47680664,-55.02841568
632.66754150,-54.69776917
632.85827637,-61.15089798
633.04901123,-62.53972626
633.23974609,-59.40136719
633.43048096,-54.11525345
633.62121582,-54.08062744
633.81195068,-65.74754333
634.00268555,-57.89833069
634.19342041,-54.56092072
634.38415527,-52.67835236
634.57489014,-51.53609848
634.76562500,-51.43520355
634.95635986,-52.74004364
635.14709473,-55.59037781
635.33782959,-55.32925415
635.52856445,-53.87399292
635.71929932,-52.54258728
635.91003418,-55.11811066
636.10076904,-87.41532135
636.29150391,-60.90076065
636.48223877,-73.62541962
636.67297363,-61.12029266
636.86370850,-59.31882477
637.05444336,-54.15132141
637.24517822,-57.34942627
637.43591309,-53.96918488
637.62664795,-54.38857651
637.81738281,-58.10247040
638.00811768,-58.32221222
638.19885254,-55.15528870
638.38958740,-57.04821014
638.58032227,-57.72746277
638.77105713,-59.57600021
638.96179199,-70.49874878
639.15252686,-55.99797058
639.34326172,-54.70013046
639.53399658,-58.69249344
639.72473145,-68.77513123
639.91546631,-63.95806885
640.10620117,-56.17671204
640.29693604,-55.85155869
640.48767090,-68.45132446
640.67840576,-56.43354416
640.86914062,-54.86576843
641.05987549,-53.77519989
641.25061035,-50.33933640
641.44134521,-53.83872986
641.63208008,-66.69757843
641.82281494,-55.43857574
642.01354980,-55.08018112
642.20428467,-52.85823059
642.39501953,-50.79760742
642.58575439,-52.50001526
642.77648926,-59.04846573
642.96722412,-55.86762238
643.15795898,-55.52164459
643.34869385,-57.89805984
643.53942871,-57.67429352
643.73016357,-64.22499847
643.92089844,-52.17748642
644.11163330,-49.10054016
644.30236816,-49.04265594
644.49310303,-49.02696228
644.68383789,-52.74802399
644.87457275,-66.77973938
645.06530762,-58.03708649
645.25604248,-60.61769104
645.44677734,-52.89112473
645.63751221,-52.83004379
645.82824707,-56.47212982
646.01898193,-60.32213593
646.20971680,-72.04914856
646.40045166,-64.04478455
646.59118652,-58.67317200
646.78192139,-54.68582916
646.97265625,-54.89526749
647.16339111,-60.65545654
647.35412598,-67.37221527
647.54486084,-67.86888885
647.73559570,-60.62183762
647.92633057,-65.70227051
648.11706543,-55.30574799
648.30780029,-52.65733719
648.49853516,-52.23574066
648.68927002,-58.27759552
648.88000488,-59.79692078
649.07073975,-56.00342178
649.26147461,-62.12977982
649.45220947,-58.32336426
649.64294434,-54.20137405
649.83367920,-55.72338867
650.02441406,-59.83901215
650.21514893,-61.29171753
650.40588379,-61.34289169
650.59661865,-53.96419144
650.78735352,-53.45693588
650.97808838,-54.60861206
651.16882324,-57.12912750
651.35955811,-63.99518585
651.55029297,-57.92015839
651.74102783,-52.61140823
651.93176270,-53.75485992
652.12249756,-57.07209015
652.31323242,-62.09050751
652.50396729,-62.25156403
652.69470215,-60.36898804
652.88543701,-63.42357635
653.07617188,-64.25391388
653.26690674,-64.20237732
653.45764160,-62.76518250
653.64837646,-55.35464859
653.83911133,-55.95318222
654.02984619,-61.06063461
654.22058105,-63.56817245
654.41131592,-56.61702728
654.60205078,-59.13902664
654.79278564,-69.11588287
654.98352051,-58.06036377
655.17425537,-54.35589600
655.36499023,-53.82655334
655.55572510,-53.68671036
655.74645996,-56.21353912
655.93719482,-68.10559082
656.12792969,-55.56338882
656.31866455,-53.42292404
656.50939941,-53.22225571
656.70013428,-52.61406708
656.89086914,-54.32427979
657.08160400,-64.29076385
657.27233887,-61.15623474
657.46307373,-53.91442108
657.65380859,-53.20600891
657.84454346,-58.48823166
658.03527832,-66.16945648
658.22601318,-60.60746765
658.41674805,-58.95536423
658.60748291,-57.68239594
658.79821777,-54.95769882
658.98895264,-52.97903442
659.17968750,-51.13359070
659.37042236,-51.76788712
659.56115723,-54.12215424
659.75189209,-58.00609970
659.94262695,-56.28814697
660.13336182,-58.33883667
660.32409668,-55.86240768
660.51483154,-53.45966339
660.70556641,-56.33882523
660.89630127,-59.47072983
661.08703613,-56.85694885
661.27777100,-56.22458649
661.46850586,-55.79409790
661.65924072,-52.82196045
661.84997559,-54.02303696
662.04071045,-68.00343323
662.23144531,-70.26269531
662.42218018,-58.70023346
662.61291504,-55.23798370
662.80364990,-57.44204712
662.99438477,-57.95385742
663.18511963,-55.88598633
663.37585449,-60.48149872
663.56658936,-58.97323990
663.75732422,-54.72251511
663.94805908,-58.97445297
664.13879395,-64.81866455
664.32952881,-67.01328278
664.52026367,-56.85410309
664.71099854,-57.98405075
664.90173340,-64.58769989
665.09246826,-59.20577240
665.28320312,-58.97527695
665.47393799,-61.19379044
665.66467285,-65.72205353
665.85540771,-72.53092957
666.04614258,-62.73810577
666.23687744,-55.82449341
666.42761230,-53.10978317
666.61834717,-52.28189087
666.80908203,-52.79655457
666.99981689,-53.54118729
667.19055176,-51.01605225
667.38128662,-50.45335388
667.57202148,-54.90987396
667.76275635,-57.99275208
667.95349121,-51.25020981
668.14422607,-49.45659256
668.33496094,-50.05187607
668.52569580,-52.86209106
668.71643066,-49.68206024
668.90716553,-48.69256592
669.09790039,-57.45140457
669.28863525,-58.20160675
669.47937012,-57.05713272
669.67010498,-60.71653748
669.86083984,-61.75998306
670.05157471,-68.01143646
670.24230957,-60.41186905
670.43304443,-54.84284973
670.62377930,-58.92521286
670.81451416,-63.44852448
671.00524902,-54.59296417
671.19598389,-52.63985443
671.38671875,-54.69985199
671.57745361,-57.83439255
671.76818848,-57.66163254
671.95892334,-54.58056641
672.14965820,-55.90698624
672.34039307,-62.14182281
672.53112793,-54.87790680
672.72186279,-55.56263733
672.91259766,-67.26550293
673.10333252,-60.24334717
673.29406738,-55.20025635
673.48480225,-56.46232605
673.67553711,-60.03997040
673.86627197,-55.91181946
674.05700684,-59.31447601
674.24774170,-65.52066803
674.43847656,-71.73671722
674.62921143,-54.72746277
674.81994629,-51.88042068
675.01068115,-50.93286133
675.20141602,-51.59876251
675.39215088,-59.00100708
675.58288574,-83.01636505
675.77362061,-72.71271515
675.96435547,-70.55632019
676.15509033,-61.86113739
676.34582520,-58.13109970
676.53656006,-55.22011185
676.72729492,-55.31241989
676.91802979,-58.07503128
677.10876465,-53.67706680
677.29949951,-53.20517731
677.49023438,-59.71721268
677.68096924,-56.86530685
677.87170410,-56.28628159
678.06243896,-55.69994354
678.25317383,-52.73250961
678.44390869,-49.36508942
678.63464355,-48.49238586
678.82537842,-53.04654694
679.01611328,-61.39032745
679.20684814,-56.91268158
679.39758301,-57.62064362
679.58831787,-59.91191483
679.77905273,-54.45476151
679.96978760,-57.50681305
680.16052246,-58.27312469
680.35125732,-55.31984329
680.54199219,-56.10102081
680.73272705,-56.77116776
680.92346191,-54.96582413
681.11419678,-57.87598419
681.30493164,-60.82498550
681.49566650,-55.29681396
681.68640137,-54.43573380
681.87713623,-52.89324951
682.06787109,-54.98158264
682.25860596,-60.30917740
682.44934082,-58.02126312
682.64007568,-60.49860001
682.83081055,-62.85449219
683.02154541,-59.93376160
683.21228027,-52.08225632
683.40301514,-52.66026306
683.59375000,-65.76867676
683.78448486,-57.94492722
683.97521973,-55.59032059
684.16595459,-56.37851715
684.35668945,-57.64934921
684.54742432,-73.22378540
684.73815918,-58.34664917
684.92889404,-54.58739471
685.11962891,-50.53804016
685.31036377,-50.06137848
685.50109863,-56.92213058
685.69183350,-66.82718658
685.88256836,-64.68070984
686.07330322,-58.08738327
686.26403809,-64.80737305
686.45477295,-55.78569412
686.64550781,-51.65785217
686.83624268,-51.40099335
687.02697754,-49.95647049
687.21771240,-52.42682648
687.40844727,-57.54431152
687.59918213,-54.50494766
687.78991699,-57.83950806
687.98065186,-65.11361694
688.17138672,-60.24053192
688.36212158,-55.67840195
688.55285645,-57.67453766
688.74359131,-58.79409409
688.93432617,-56.57785797
689.12506104,-53.65009308
689.31579590,-54.71140289
689.50653076,-65.43937683
689.69726562,-55.19813156
689.88800049,-57.03048325
690.07873535,-63.96565247
690.26947021,-61.00559616
690.46020508,-70.17453003
690.65093994,-66.90911102
690.84167480,-53.04859924
691.03240967,-49.58856583
691.22314453,-52.94261169
691.41387939,-62.35859680
691.60461426,-63.91040421
691.79534912,-61.75096512
691.98608398,-66.50007629
692.17681885,-64.90893555
692.36755371,-66.90380096
692.55828857,-63.85495758
692.74902344,-58.30394363
692.93975830,-64.17025757
693.13049316,-55.87054443
693.32122803,-56.88886261
693.51196289,-61.86277390
693.70269775,-66.72940826
693.89343262,-77.85740662
694.08416748,-65.06677246
694.27490234,-60.55457306
694.46563721,-65.16279602
694.65637207,-59.31381989
694.84710693,-55.62423325
695.03784180,-57.13105011
695.22857666,-58.09991837
695.41931152,-55.09992981
695.61004639,-60.47773743
695.80078125,-56.22981644
695.99151611,-54.47324753
696.18225098,-63.32810211
696.37298584,-62.86596298
696.56372070,-57.75623703
696.75445557,-55.33109665
696.94519043,-55.11025238
697.13592529,-60.95806122
697.32666016,-76.87573242
697.51739502,-70.01434326
697.70812988,-70.80821228
697.89886475,-70.84659576
698.08959961,-60.34827805
698.28033447,-60.04448318
698.47106934,-65.85434723
698.66180420,-57.54531479
698.85253906,-55.89120865
699.04327393,-56.47989273
699.23400879,-54.59876251
699.42474365,-55.75183487
699.61547852,-56.72340393
699.80621338,-52.87680054
699.99694824,-51.79072571
700.18768311,-53.83168030
700.37841797,-57.34074020
700.56915283,-54.65524673
700.75988770,-52.92210007
700.95062256,-55.38800812
701.14135742,-60.32625198
701.33209229,-60.06941223
701.52282715,-56.31958389
701.71356201,-56.36531830
701.90429688,-60.67370605
702.09503174,-52.95351028
702.28576660,-47.73488617
702.47650146,-47.68663406
702.66723633,-50.48968506
702.85797119,-51.64599991
703.04870605,-52.52419281
703.23944092,-56.91009903
703.43017578,-54.87614441
703.62091064,-52.78717804
703.81164551,-53.53459167
704.00238037,-56.57973480
704.19311523,-62.19902802
704.38385010,-55.73647308
704.57458496,-52.62908173
704.76531982,-52.78649902
704.95605469,-54.45895386
705.14678955,-59.65610504
705.33752441,-56.45461655
705.52825928,-52.71819687
705.71899414,-55.73217773
705.90972900,-54.77794266
706.10046387,-52.92380905
706.29119873,-59.62722397
706.48193359,-56.78242493
706.67266846,-50.64495468
706.86340332,-51.89365005
707.05413818,-57.91920471
707.24487305,-65.61740875
707.43560791,-57.25526428
707.62634277,-59.17621613
707.81707764,-61.33382416
708.00781250,-57.24281693
708.19854736,-58.08498383
708.38928223,-79.39802551
708.58001709,-56.09724045
708.77075195,-53.56668091
708.96148682,-57.51115799
709.15222168,-60.80130005
709.34295654,-60.95832062
709.53369141,-61.68542862
709.72442627,-58.35394287
709.91516113,-56.15813446
710.10589600,-54.01781464
710.29663086,-52.99150848
710.48736572,-55.48752594
710.67810059,-58.02736664
710.86883545,-67.22471619
711.05957031,-66.96049500
711.25030518,-58.21155548
711.44104004,-57.77033997
711.63177490,-62.54997635
711.82250977,-56.38182068
712.01324463,-54.90183258
712.20397949,-54.50652313
712.39471436,-54.00809860
712.58544922,-55.62557602
712.77618408,-57.75040054
712.96691895,-54.57519913
713.15765381,-53.38697052
713.34838867,-52.17156219
713.53912354,-54.94408035
713.72985840,-64.18339539
713.92059326,-63.30458832
714.11132812,-56.46534348
714.30206299,-59.94298935
714.49279785,-68.80884552
714.68353271,-60.69280624
714.87426758,-65.82998657
715.06500244,-54.37983704
715.25573730,-53.25212479
715.44647217,-57.49628448
715.63720703,-60.56342316
715.82794189,-57.85478210
716.01867676,-57.84981155
716.20941162,-60.05614471
716.40014648,-63.28212738
716.59088135,-62.05331802
716.78161621,-57.10185623
716.97235107,-57.40354919
717.16308594,-54.81405258
717.35382080,-51.97140121
717.54455566,-53.58974457
717.73529053,-55.76381683
717.92602539,-51.62297058
718.11676025,-52.81588745
718.30749512,-53.57860184
718.49822998,-52.18190765
718.68896484,-48.60145569
718.87969971,-48.21756363
719.07043457,-48.97945023
719.26116943,-49.92053604
719.45190430,-50.15228653
719.64263916,-50.57955933
719.83337402,-52.93471909
720.02410889,-54.76540375
720.21484375,-53.41647339
720.40557861,-55.53074265
720.59631348,-55.76013947
720.78704834,-54.08522034
720.97778320,-61.18065643
721.16851807,-62.29202652
721.35925293,-54.71166229
721.54998779,-53.58204269
721.74072266,-59.01044846
721.93145752,-62.29776764
722.12219238,-58.80891800
722.31292725,-60.68004227
722.50366211,-66.75587463
722.69439697,-60.39491272
722.88513184,-53.20037460
723.07586670,-52.99689484
723.26660156,-56.09429932
723.45733643,-68.87524414
723.64807129,-65.56764984
723.83880615,-66.40054321
724.02954102,-63.99514008
724.22027588,-63.11404800
724.41101074,-58.85545349
724.60174561,-59.76670837
724.79248047,-61.71050644
724.98321533,-66.67511749
725.17395020,-61.72172928
725.36468506,-55.98377609
725.55541992,-55.47626877
725.74615479,-59.05888367
725.93688965,-64.32283020
726.12762451,-52.65746689
726.31835938,-50.03783798
726.50909424,-53.54442978
726.69982910,-57.47891998
726.89056396,-53.08044052
727.08129883,-56.85786438
727.27203369,-54.52877808
727.46276855,-51.71232605
727.65350342,-51.25032043
727.84423828,-57.28982925
728.03497314,-62.37840271
728.22570801,-56.62780762
728.41644287,-70.93596649
728.60717773,-56.68195724
728.79791260,-54.52243805
728.98864746,-57.63547516
729.17938232,-59.66747284
729.37011719,-56.09468842
729.56085205,-52.89633179
729.75158691,-53.70774078
729.94232178,-57.09469223
730.13305664,-63.88425446
730.32379150,-59.97412109
730.51452637,-57.72733307
730.70526123,-61.76799774
730.89599609,-62.47901154
731.08673096,-60.00999451
731.27746582,-55.73310471
731.46820068,-62.63385010
731.65893555,-56.98825455
731.84967041,-60.34508514
732.04040527,-54.51635742
732.23114014,-54.64478302
732.42187500,-58.31910706
732.61260986,-55.78855515
732.80334473,-51.67369461
732.99407959,-54.19868469
733.18481445,-72.62326050
733.37554932,-57.85195160
733.56628418,-55.12731171
733.75701904,-52.36034393
733.94775391,-51.92120361
734.13848877,-55.59989166
734.32922363,-58.89506531
734.51995850,-58.17687988
734.71069336,-54.94306564
734.90142822,-56.28647232
735.09216309,-66.59496307
735.28289795,-62.84078979
735.47363281,-61.95991516
735.66436768,-65.34261322
735.85510254,-57.64563751
736.04583740,-55.03643036
736.23657227,-55.59016800
736.42730713,-56.55286407
736.61804199,-57.57542419
736.80877686,-64.60829163
736.99951172,-55.65624619
737.19024658,-51.02436066
737.38098145,-51.54628372
737.57171631,-56.57483673
737.76245117,-60.09146881
737.95318604,-54.39534760
738.14392090,-53.21485519
738.33465576,-55.75336838
738.52539062,-56.33146286
738.71612549,-56.91592407
738.90686035,-59.96529388
739.09759521,-69.86848450
739.28833008,-62.41993713
739.47906494,-55.75657654
739.66979980,-51.98896408
739.86053467,-52.43726730
740.05126953,-60.01062775
740.24200439,-63.55113220
740.43273926,-59.26792145
740.62347412,-59.27518845
740.81420898,-62.05051804
741.00494385,-59.75527954
741.19567871,-57.80680847
741.38641357,-56.61966324
741.57714844,-54.61132050
741.76788330,-58.89150620
741.95861816,-61.26620483
742.14935303,-54.62263489
742.34008789,-55.21339035
742.53082275,-62.90765762
742.72155762,-64.60635376
742.91229248,-59.39903259
743.10302734,-57.93502426
743.29376221,-62.67442703
743.48449707,-66.04064178
743.67523193,-62.84276962
743.86596680,-60.27012253
744.05670166,-56.37524033
744.24743652,-57.61286163
744.43817139,-60.40288544
744.62890625,-60.97775269
744.81964111,-66.65269470
745.01037598,-62.38049316
745.20111084,-52.78105927
745.39184570,-52.51053619
745.58258057,-58.43785858
745.77331543,-58.46521378
745.96405029,-57.57509613
746.15478516,-58.10430145
746.34552002,-59.93548965
746.53625488,-64.81713867
746.72698975,-67.35914612
746.91772461,-65.59474945
747.10845947,-66.46800232
747.29919434,-70.20731354
747.48992920,-54.12704468
747.68066406,-56.59912109
747.87139893,-58.38158417
748.06213379,-57.88588715
748.25286865,-56.51837921
748.44360352,-56.35611725
748.63433838,-63.89133072
748.82507324,-63.44992065
749.01580811,-59.92013550
749.20654297,-57.70946121
749.39727783,-60.43170166
749.58801270,-68.10438538
749.77874756,-63.01879883
749.96948242,-54.87213135
750.16021729,-53.06399536
750.35095215,-59.89139938
750.54168701,-71.87973785
750.73242188,-57.78560257
750.92315674,-52.49827576
751.11389160,-53.23503494
751.30462646,-62.96166229
751.49536133,-57.31645966
751.68609619,-55.08525085
751.87683105,-54.46428299
752.06756592,-51.62845230
752.25830078,-50.06650543
752.44903564,-51.51591492
752.63977051,-55.58639908
752.83050537,-69.59023285
753.02124023,-55.02809906
753.21197510,-49.15250397
753.40270996,-48.79668427
753.59344482,-51.69036484
753.78417969,-50.96656799
753.97491455,-48.48679352
754.16564941,-51.31011963
754.35638428,-55.85985184
754.54711914,-54.47827911
754.73785400,-54.19132614
754.92858887,-55.36056519
755.11932373,-59.07115936
755.31005859,-64.35170746
755.50079346,-66.38765717
755.69152832,-83.06971741
755.88226318,-56.42084503
756.07299805,-52.59578323
756.26373291,-55.79631805
756.45446777,-58.14458466
756.64520264,-56.39074707
756.83593750,-56.84470749
757.02667236,-58.48281097
757.21740723,-61.69227982
757.40814209,-61.16126251
757.59887695,-62.64119720
757.78961182,-55.53588486
757.98034668,-51.26110840
758.17108154,-51.18640137
758.36181641,-58.97962952
758.55255127,-59.34255981
758.74328613,-55.83496857
758.93402100,-56.83935165
759.12475586,-56.11724091
759.31549072,-53.02587128
759.50622559,-53.57887650
759.69696045,-55.59177017
759.88769531,-55.07722855
760.07843018,-61.20507812
760.26916504,-73.46009064
760.45989990,-63.78615570
760.65063477,-56.90525818
760.84136963,-55.37391281
761.03210449,-62.62609100
761.22283936,-58.88632965
761.41357422,-55.85886002
761.60430908,-60.66596603
761.79504395,-59.09726715
761.98577881,-53.68987274
762.17651367,-55.56711578
762.36724854,-60.43743896
762.55798340,-59.29242706
762.74871826,-59.42586899
762.93945312,-65.05701447
763.13018799,-61.87013245
763.32092285,-56.03347397
763.51165771,-56.28271484
763.70239258,-64.47144318
763.89312744,-63.15945053
764.08386230,-58.45970154
764.27459717,-55.59317017
764.46533203,-52.89642334
764.65606689,-52.41392517
764.84680176,-52.30280304
765.03753662,-54.84323120
765.22827148,-58.83848572
765.41900635,-62.61386490
765.60974121,-59.20321655
765.80047607,-53.98529816
765.99121094,-53.94466019
766.18194580,-56.79848480
766.37268066,-56.91928482
766.56341553,-57.38910675
766.75415039,-55.73847961
766.94488525,-55.21695709
767.13562012,-59.05673981
767.32635498,-63.58571625
767.51708984,-57.51228333
767.70782471,-60.42951965
767.89855957,-60.33405685
768.08929443,-62.41778564
768.28002930,-54.47662354
768.47076416,-51.87832260
768.66149902,-55.35974884
768.85223389,-56.71400452
769.04296875,-58.90914536
769.23370361,-63.97132492
769.42443848,-74.45565033
769.61517334,-59.37509537
769.80590820,-54.08924103
769.99664307,-53.57482910
770.18737793,-54.61811447
770.37811279,-61.91816330
770.56884766,-65.03266907
770.75958252,-57.82189178
770.95031738,-55.17951202
771.14105225,-56.27388382
771.33178711,-57.53371811
771.52252197,-58.05133438
771.71325684,-56.24131012
771.90399170,-51.63419724
772.09472656,-52.63965607
772.28546143,-59.65667725
772.47619629,-66.75841522
772.66693115,-70.18257141
772.85766602,-60.49139404
773.04840088,-58.77072906
773.23913574,-64.91078186
773.42987061,-62.63975525
773.62060547,-61.24631882
773.81134033,-56.90950775
774.00207520,-55.26117706
774.19281006,-57.56645584
774.38354492,-62.60269928
774.57427979,-54.25121307
774.76501465,-52.94467545
774.95574951,-53.40121841
775.14648438,-56.96987534
775.33721924,-57.80498505
775.52795410,-52.28523636
775.71868896,-53.12793732
775.90942383,-60.20014954
776.10015869,-64.64555359
776.29089355,-58.43437195
776.48162842,-61.31792068
776.67236328,-64.25555420
776.86309814,-58.68255234
777.05383301,-62.88179398
777.24456787,-60.33104324
777.43530273,-55.86341095
777.62603760,-59.62511063
777.81677246,-70.51946259
778.00750732,-63.99310303
778.19824219,-74.39277649
778.38897705,-68.72173309
778.57971191,-62.00047302
778.77044678,-56.05148315
778.96118164,-56.60980606
779.15191650,-57.70380020
779.34265137,-56.67913818
779.53338623,-59.37078476
779.72412109,-69.50311279
779.91485596,-55.52526855
780.10559082,-54.75786209
780.29632568,-59.56054306
780.48706055,-61.21179962
780.67779541,-59.34620667
780.86853027,-53.78089905
781.05926514,-52.82444763
