Frequency,Channel A

0.00000000,-24.33172226
0.19073486,-31.22719955
0.38146973,-44.47410202
0.57220459,-50.37772369
0.76293945,-53.18584824
0.95367432,-48.65058136
1.14440918,-47.56196594
1.33514404,-58.03407669
1.52587891,-51.70513535
1.71661377,-54.12822723
1.90734863,-50.70792389
2.09808350,-34.65196228
2.28881836,-11.11295509
2.47955322,-1.49644005
2.67028809,-0.46422631
2.86102295,-7.63082600
3.05175781,-26.39960098
3.24249268,-53.19450378
3.43322754,-50.22003555
3.62396240,-57.13535690
3.81469727,-54.59896469
4.00543213,-59.19309616
4.19616699,-52.99900055
4.38690186,-27.30846024
4.57763672,-15.97777176
4.76837158,-13.52502632
4.95910645,-18.93857193
5.14984131,-34.48966217
5.34057617,-53.92349243
5.53131104,-62.15501785
5.72204590,-54.41988373
5.91278076,-51.10990524
6.10351562,-47.67046356
6.29425049,-50.70875549
6.48498535,-52.65866852
6.67572021,-52.30760193
6.86645508,-53.08451080
7.05718994,-53.32349777
7.24792480,-51.39093399
7.43865967,-50.80728531
7.62939453,-46.46137619
7.82012939,-44.16021729
8.01086426,-45.71609116
8.20159912,-48.63642120
8.39233398,-49.62806702
8.58306885,-51.10947418
8.77380371,-48.98303986
8.96453857,-50.55588531
9.15527344,-55.04975891
9.34600830,-58.68909836
9.53674316,-59.55909729
9.72747803,-51.93429565
9.91821289,-50.44914246
10.10894775,-51.66766739
10.29968262,-48.82477570
10.49041748,-47.57244873
10.68115234,-49.20228577
10.87188721,-49.59960556
11.06262207,-47.23514557
11.25335693,-48.07730103
11.44409180,-49.20907593
11.63482666,-49.82870483
11.82556152,-49.02665710
12.01629639,-49.80032349
12.20703125,-52.15220642
12.39776611,-57.22323990
12.58850098,-55.27372360
12.77923584,-50.36743927
12.96997070,-53.86524200
13.16070557,-45.43864441
13.35144043,-46.01862335
13.54217529,-57.02835083
13.73291016,-55.85769653
13.92364502,-52.25896454
14.11437988,-50.81348419
14.30511475,-52.05306244
14.49584961,-51.07459641
14.68658447,-50.52359009
14.87731934,-60.09071350
15.06805420,-68.95758820
15.25878906,-62.26927948
15.44952393,-70.81275940
15.64025879,-52.00216293
15.83099365,-47.38172150
16.02172852,-48.87774658
16.21246338,-48.32120895
16.40319824,-47.77042770
16.59393311,-51.39957428
16.78466797,-55.94265366
16.97540283,-53.56534958
17.16613770,-47.25922012
17.35687256,-45.32790756
17.54760742,-46.90350342
17.73834229,-47.08795929
17.92907715,-45.91533279
18.11981201,-48.57377625
18.31054688,-46.84492493
18.50128174,-46.91550827
18.69201660,-51.17309189
18.88275146,-54.70641327
19.07348633,-49.21041870
19.26422119,-47.04345322
19.45495605,-51.08329773
19.64569092,-55.08540344
19.83642578,-50.02626038
20.02716064,-50.68549347
20.21789551,-56.13885498
20.40863037,-58.96645355
20.59936523,-51.38167953
20.79010010,-53.04516220
20.98083496,-53.37960052
21.17156982,-51.00803375
21.36230469,-51.83147812
21.55303955,-63.74128342
21.74377441,-52.77222061
21.93450928,-50.34461975
22.12524414,-56.90023041
22.31597900,-68.80770874
22.50671387,-60.99082565
22.69744873,-62.88932037
22.88818359,-61.04579926
23.07891846,-58.61984634
23.26965332,-59.96014404
23.46038818,-61.38821411
23.65112305,-55.18025208
23.84185791,-52.85270691
24.03259277,-54.97104263
24.22332764,-59.05818939
24.41406250,-52.32801056
24.60479736,-48.31163025
24.79553223,-46.72721863
24.98626709,-48.38352966
25.17700195,-48.52266312
25.36773682,-46.51372910
25.55847168,-46.30649185
25.74920654,-48.07780457
25.93994141,-51.11201477
26.13067627,-55.88247681
26.32141113,-61.39780045
26.51214600,-63.26319122
26.70288086,-58.70555496
26.89361572,-55.69399261
27.08435059,-53.04023743
27.27508545,-53.53357697
27.46582031,-52.14168549
27.65655518,-54.88037491
27.84729004,-46.54404449
28.03802490,-47.59213257
28.22875977,-57.37131500
28.41949463,-65.81214905
28.61022949,-59.50992203
28.80096436,-52.59145737
28.99169922,-50.85877991
29.18243408,-56.56348801
29.37316895,-58.56892395
29.56390381,-75.19432831
29.75463867,-60.63958740
29.94537354,-60.87988281
30.13610840,-55.17729187
30.32684326,-50.51187515
30.51757812,-50.40704346
30.70831299,-46.79505157
30.89904785,-47.59590912
31.08978271,-49.48471069
31.28051758,-50.78833008
31.47125244,-50.70996094
31.66198730,-49.41610336
31.85272217,-53.20335007
32.04345703,-59.99053955
32.23419189,-71.52419281
32.42492676,-59.72141266
32.61566162,-56.55902863
32.80639648,-53.08052063
32.99713135,-54.52152634
33.18786621,-54.75364304
33.37860107,-53.32740021
33.56933594,-56.11888504
33.76007080,-56.84219360
33.95080566,-55.48738861
34.14154053,-57.97313690
34.33227539,-56.16573715
34.52301025,-55.19467926
34.71374512,-59.24665451
34.90447998,-64.39446259
35.09521484,-63.00427246
35.28594971,-56.77512741
35.47668457,-50.38496017
35.66741943,-55.57551575
35.85815430,-56.48346710
36.04888916,-50.85702515
36.23962402,-53.50588226
36.43035889,-58.47495651
36.62109375,-54.02097321
36.81182861,-64.64797211
37.00256348,-50.96311951
37.19329834,-49.72997665
37.38403320,-48.64469147
37.57476807,-46.43629456
37.76550293,-46.13393402
37.95623779,-51.86978912
38.14697266,-52.31065369
38.33770752,-48.74049377
38.52844238,-48.43041992
38.71917725,-51.24974060
38.90991211,-55.18928528
39.10064697,-54.13791656
39.29138184,-51.58100128
39.48211670,-47.27942657
39.67285156,-50.53818130
39.86358643,-58.40280914
40.05432129,-56.31517792
40.24505615,-54.00690460
40.43579102,-55.15153885
40.62652588,-59.18571854
40.81726074,-62.84235382
41.00799561,-50.51575089
41.19873047,-49.27608109
41.38946533,-59.07836533
41.58020020,-56.83430099
41.77093506,-53.80838394
41.96166992,-56.78233337
42.15240479,-58.36542130
42.34313965,-49.29040909
42.53387451,-49.63376999
42.72460938,-53.52369308
42.91534424,-51.22709656
43.10607910,-53.41651154
43.29681396,-52.62290192
43.48754883,-53.62008667
43.67828369,-54.90054321
43.86901855,-56.52577972
44.05975342,-55.97145081
44.25048828,-56.78339005
44.44122314,-64.69113159
44.63195801,-58.10279465
44.82269287,-52.79059601
45.01342773,-50.72089386
45.20416260,-50.25873184
45.39489746,-53.59741974
45.58563232,-57.18750000
45.77636719,-53.41743469
45.96710205,-50.89020157
46.15783691,-51.09967041
46.34857178,-57.44335938
46.53930664,-53.86204529
46.73004150,-51.08759308
46.92077637,-53.44030762
47.11151123,-49.91851425
47.30224609,-48.08926392
47.49298096,-49.00096130
47.68371582,-50.80549240
47.87445068,-49.76040649
48.06518555,-49.76063156
48.25592041,-51.50006866
48.44665527,-49.79174042
48.63739014,-47.63162613
48.82812500,-45.96778107
49.01885986,-45.55647278
49.20959473,-45.74214172
49.40032959,-50.39251328
49.59106445,-66.22283936
49.78179932,-56.14418793
49.97253418,-54.85209656
50.16326904,-57.82890320
50.35400391,-62.57965088
50.54473877,-57.85083771
50.73547363,-53.17140198
50.92620850,-53.96098328
51.11694336,-49.65299606
51.30767822,-45.75157166
51.49841309,-45.57006454
51.68914795,-47.69610977
51.87988281,-52.66730881
52.07061768,-57.04872513
52.26135254,-61.24827576
52.45208740,-52.97854996
52.64282227,-54.90009689
52.83355713,-55.27237320
53.02429199,-59.07693481
53.21502686,-67.68246460
53.40576172,-58.41349792
53.59649658,-52.49648666
53.78723145,-51.17805862
53.97796631,-53.39315414
54.16870117,-58.24557495
54.35943604,-58.88292694
54.55017090,-59.86444092
54.74090576,-53.74397278
54.93164062,-49.29442596
55.12237549,-48.77935791
55.31311035,-51.80979919
55.50384521,-58.47673035
55.69458008,-76.13482666
55.88531494,-56.69408798
56.07604980,-53.93673325
56.26678467,-56.10255814
56.45751953,-56.53270340
56.64825439,-53.55656052
56.83898926,-53.21437836
57.02972412,-57.08230972
57.22045898,-57.52846527
57.41119385,-58.45261002
57.60192871,-77.12396240
57.79266357,-56.95410156
57.98339844,-47.46107101
58.17413330,-47.19386673
58.36486816,-55.97625351
58.55560303,-52.92820740
58.74633789,-50.69147110
58.93707275,-55.89997101
59.12780762,-51.50493240
59.31854248,-53.99105072
59.50927734,-69.40080261
59.70001221,-55.87795258
59.89074707,-56.97025299
60.08148193,-66.39630127
60.27221680,-64.50534058
60.46295166,-62.33364868
60.65368652,-61.84997177
60.84442139,-53.91612625
61.03515625,-70.42578125
61.22589111,-55.52219772
61.41662598,-58.02878952
61.60736084,-63.58965302
61.79809570,-55.13446426
61.98883057,-58.03858948
62.17956543,-58.24651718
62.37030029,-53.58396912
62.56103516,-59.38935852
62.75177002,-58.97723770
62.94250488,-54.17896271
63.13323975,-61.79415894
63.32397461,-63.36484909
63.51470947,-62.16398621
63.70544434,-55.00060272
63.89617920,-52.73674774
64.08691406,-56.60281372
64.27764893,-59.49096298
64.46838379,-72.01788330
64.65911865,-55.54438019
64.84985352,-53.21200943
65.04058838,-61.16645813
65.23132324,-82.08484650
65.42205811,-53.60170364
65.61279297,-51.25690842
65.80352783,-52.74089050
65.99426270,-58.34959412
66.18499756,-57.26486969
66.37573242,-57.28242874
66.56646729,-55.61434937
66.75720215,-50.95880890
66.94793701,-52.86640930
67.13867188,-60.20986176
67.32940674,-52.45052719
67.52014160,-51.68319702
67.71087646,-49.16820145
67.90161133,-54.33318710
68.09234619,-64.07328796
68.28308105,-57.38017273
68.47381592,-59.35252762
68.66455078,-54.32615280
68.85528564,-50.02449799
69.04602051,-48.37797165
69.23675537,-49.08781433
69.42749023,-54.18236160
69.61822510,-55.38465118
69.80895996,-54.65894318
69.99969482,-56.49516296
70.19042969,-63.70893097
70.38116455,-65.63539886
70.57189941,-61.70471954
70.76263428,-52.43428802
70.95336914,-49.27063751
71.14410400,-49.09749985
71.33483887,-48.10888290
71.52557373,-48.96265030
71.71630859,-51.23295593
71.90704346,-49.81476593
72.09777832,-53.18940735
72.28851318,-58.37616730
72.47924805,-65.28078461
72.66998291,-59.33771515
72.86071777,-58.64506149
73.05145264,-59.25662994
73.24218750,-55.72300720
73.43292236,-54.19591522
73.62365723,-52.49811554
73.81439209,-54.10225677
74.00512695,-70.26965332
74.19586182,-58.40530014
74.38659668,-54.42334747
74.57733154,-50.07115936
74.76806641,-47.90010452
74.95880127,-51.40621567
75.14953613,-62.44096756
75.34027100,-52.60665131
75.53100586,-52.38991547
75.72174072,-55.61309433
75.91247559,-53.80540466
76.10321045,-49.35528564
76.29394531,-52.24808121
76.48468018,-62.77355957
76.67541504,-51.76809311
76.86614990,-50.06291962
77.05688477,-54.94649506
77.24761963,-69.60610199
77.43835449,-56.05008698
77.62908936,-51.76774979
77.81982422,-52.15269089
78.01055908,-56.19880676
78.20129395,-56.75917053
78.39202881,-55.13097763
78.58276367,-60.02311707
78.77349854,-70.38629913
78.96423340,-68.66912079
79.15496826,-57.26004791
79.34570312,-57.43206787
79.53643799,-56.03688049
79.72717285,-49.82009506
79.91790771,-52.21113205
80.10864258,-59.01543045
80.29937744,-54.79423904
80.49011230,-51.74200058
80.68084717,-49.71604156
80.87158203,-53.07336807
81.06231689,-64.57395172
81.25305176,-62.96472549
81.44378662,-61.71627045
81.63452148,-59.25615692
81.82525635,-57.16356659
82.01599121,-67.52816772
82.20672607,-62.10318756
82.39746094,-67.36969757
82.58819580,-61.06205750
82.77893066,-59.78647614
82.96966553,-54.86959839
83.16040039,-53.38238525
83.35113525,-53.79646301
83.54187012,-56.80941010
83.73260498,-65.67671967
83.92333984,-52.44264984
84.11407471,-52.03821182
84.30480957,-53.83007431
84.49554443,-52.58448792
84.68627930,-51.96688843
84.87701416,-57.94092560
85.06774902,-64.32453156
85.25848389,-55.32440567
85.44921875,-53.94990540
85.63995361,-52.92633438
85.83068848,-50.71903992
86.02142334,-49.44746399
86.21215820,-52.00952911
86.40289307,-51.84535980
86.59362793,-52.18627548
86.78436279,-54.71107483
86.97509766,-59.55391312
87.16583252,-57.47152328
87.35656738,-51.78688812
87.54730225,-52.03483963
87.73803711,-53.60869980
87.92877197,-57.56723785
88.11950684,-63.73369217
88.31024170,-55.11959839
88.50097656,-52.89504242
88.69171143,-55.81175232
88.88244629,-68.42337036
89.07318115,-64.95539856
89.26391602,-58.85128784
89.45465088,-51.95055389
89.64538574,-54.39323044
89.83612061,-64.78356934
90.02685547,-58.32181549
90.21759033,-63.73826599
90.40832520,-54.42239761
90.59906006,-50.47455215
90.78979492,-52.92107391
90.98052979,-63.59580994
91.17126465,-63.16723633
91.36199951,-65.71807861
91.55273438,-65.01435089
91.74346924,-56.88211441
91.93420410,-52.89225769
92.12493896,-51.90420532
92.31567383,-51.41217804
92.50640869,-52.80911255
92.69714355,-55.46348572
92.88787842,-51.89132690
93.07861328,-57.35198593
93.26934814,-56.01625061
93.46008301,-53.25245285
93.65081787,-52.61405563
93.84155273,-50.89213943
94.03228760,-51.83529663
94.22302246,-56.07414627
94.41375732,-59.84184647
94.60449219,-65.38298035
94.79522705,-53.27066803
94.98596191,-53.28134918
95.17669678,-67.57594299
95.36743164,-56.89198303
95.55816650,-54.37189484
95.74890137,-57.61638641
95.93963623,-61.07202530
96.13037109,-57.37812042
96.32110596,-56.78747177
96.51184082,-65.13708496
96.70257568,-75.21216583
96.89331055,-63.19153214
97.08404541,-52.46913528
97.27478027,-49.32954788
97.46551514,-51.55150604
97.65625000,-55.55816269
97.84698486,-59.34840775
98.03771973,-55.79701996
98.22845459,-55.03000641
98.41918945,-57.79411316
98.60992432,-70.26955414
98.80065918,-56.84843445
98.99139404,-53.93490219
99.18212891,-56.80395126
99.37286377,-52.56245041
99.56359863,-48.92700195
99.75433350,-49.24975967
99.94506836,-50.10152435
100.13580322,-48.74987030
100.32653809,-52.82398224
100.51727295,-64.99932098
100.70800781,-58.19488525
100.89874268,-54.92507172
101.08947754,-52.75874329
101.28021240,-55.08264160
101.47094727,-55.81359482
101.66168213,-52.84565735
101.85241699,-51.07171631
102.04315186,-53.85105515
102.23388672,-55.41596222
102.42462158,-50.64603424
102.61535645,-55.52261353
102.80609131,-65.41873169
102.99682617,-56.87171936
103.18756104,-59.79274368
103.37829590,-52.84882355
103.56903076,-54.24419022
103.75976562,-65.71638489
103.95050049,-61.16342163
104.14123535,-72.99477386
104.33197021,-59.45150757
104.52270508,-54.93960571
104.71343994,-60.38298798
104.90417480,-71.41677856
105.09490967,-60.19702911
105.28564453,-53.95318604
105.47637939,-51.91747284
105.66711426,-56.79698944
105.85784912,-66.30257416
106.04858398,-54.05765533
106.23931885,-51.06977081
106.43005371,-52.07820892
106.62078857,-53.89903259
106.81152344,-58.76776886
107.00225830,-56.84352493
107.19299316,-50.79056168
107.38372803,-49.21680069
107.57446289,-49.98570251
107.76519775,-52.89087296
107.95593262,-59.39718246
108.14666748,-50.13147736
108.33740234,-48.23469543
108.52813721,-50.19080734
108.71887207,-51.06547546
108.90960693,-49.05269623
109.10034180,-51.11227036
109.29107666,-59.79379272
109.48181152,-66.10072327
109.67254639,-64.17797852
109.86328125,-58.88842010
110.05401611,-52.46135330
110.24475098,-52.26768112
110.43548584,-58.73830414
110.62622070,-60.54645920
110.81695557,-54.31789780
111.00769043,-50.07379532
111.19842529,-48.17476273
111.38916016,-49.39311218
111.57989502,-54.34202576
111.77062988,-58.30624008
111.96136475,-64.23043060
112.15209961,-57.25824356
112.34283447,-58.09196854
112.53356934,-60.15625381
112.72430420,-60.25495911
112.91503906,-51.80488205
113.10577393,-50.68573761
113.29650879,-51.95692444
113.48724365,-53.98263931
113.67797852,-54.18028259
113.86871338,-57.94128799
114.05944824,-55.65693283
114.25018311,-51.65197372
114.44091797,-50.44862366
114.63165283,-52.40631485
114.82238770,-57.40019989
115.01312256,-57.35248184
115.20385742,-52.41092300
115.39459229,-54.15962601
115.58532715,-60.13838196
115.77606201,-57.38010025
115.96679688,-53.91864777
116.15753174,-54.47659302
116.34826660,-58.53583527
116.53900146,-51.41143417
116.72973633,-48.79875183
116.92047119,-50.49762726
117.11120605,-57.56656647
117.30194092,-56.10237122
117.49267578,-59.39319611
117.68341064,-65.96268463
117.87414551,-58.76799011
118.06488037,-67.03511047
118.25561523,-57.24293137
118.44635010,-54.42789078
118.63708496,-56.85074234
118.82781982,-63.42346954
119.01855469,-56.50248718
119.20928955,-60.53697968
119.40002441,-64.96102142
119.59075928,-57.07871246
119.78149414,-54.50794983
119.97222900,-57.64650345
120.16296387,-59.98840332
120.35369873,-65.31906128
120.54443359,-67.10442352
120.73516846,-62.98937225
120.92590332,-57.97454453
121.11663818,-58.91739655
121.30737305,-55.24797058
121.49810791,-52.00136185
121.68884277,-55.59240723
121.87957764,-68.90832520
122.07031250,-63.06329346
122.26104736,-54.47399139
122.45178223,-51.31711960
122.64251709,-51.28833008
122.83325195,-55.55996323
123.02398682,-52.64382935
123.21472168,-51.22991562
123.40545654,-51.60642242
123.59619141,-52.68392563
123.78692627,-55.76008606
123.97766113,-54.34288788
124.16839600,-55.00153351
124.35913086,-55.49135590
124.54986572,-57.64664459
124.74060059,-63.68083191
124.93133545,-71.02378845
125.12207031,-67.21659851
125.31280518,-60.94148254
125.50354004,-56.52463531
125.69427490,-52.90428162
125.88500977,-52.32252121
126.07574463,-56.61225891
126.26647949,-50.10517120
126.45721436,-48.81422043
126.64794922,-52.54695892
126.83868408,-53.04933929
127.02941895,-52.17973328
127.22015381,-54.07995224
127.41088867,-56.33486176
127.60162354,-55.79633713
127.79235840,-64.58287048
127.98309326,-60.44996643
128.17382812,-58.94689560
128.36456299,-57.20182037
128.55529785,-53.98429871
128.74603271,-51.80433273
128.93676758,-52.93402100
129.12750244,-55.73535919
129.31823730,-54.00481796
129.50897217,-55.74919128
129.69970703,-56.02688599
129.89044189,-52.41565323
130.08117676,-51.18948364
130.27191162,-53.19071198
130.46264648,-57.85206604
130.65338135,-63.74607849
130.84411621,-54.35705566
131.03485107,-51.96574783
131.22558594,-53.03350067
131.41632080,-60.15476990
131.60705566,-62.76329422
131.79779053,-55.76573181
131.98852539,-57.36349106
132.17926025,-58.17686081
132.36999512,-59.34963226
132.56072998,-54.91758347
132.75146484,-51.57798386
132.94219971,-52.16384888
133.13293457,-57.27886963
133.32366943,-62.09252930
133.51440430,-66.12601471
133.70513916,-64.31109619
133.89587402,-66.85218048
134.08660889,-65.86776733
134.27734375,-58.43414688
134.46807861,-57.57789230
134.65881348,-61.93979263
134.84954834,-59.18637848
135.04028320,-60.65457916
135.23101807,-58.62907028
135.42175293,-54.91587067
135.61248779,-53.57651138
135.80322266,-57.43215942
135.99395752,-66.94278717
136.18469238,-59.42708588
136.37542725,-56.71365356
136.56616211,-58.81191635
136.75689697,-58.77933884
136.94763184,-54.63098145
137.13836670,-52.46734238
137.32910156,-53.87422180
137.51983643,-54.31423187
137.71057129,-55.65126038
137.90130615,-65.58200073
138.09204102,-78.43453217
138.28277588,-63.12045288
138.47351074,-62.01194000
138.66424561,-58.14645386
138.85498047,-52.33636475
139.04571533,-51.37290192
139.23645020,-55.65334702
139.42718506,-58.93259048
139.61791992,-58.74953842
139.80865479,-59.06339264
139.99938965,-52.03639221
140.19012451,-53.57869720
140.38085938,-57.94603348
140.57159424,-60.25290680
140.76232910,-60.37029266
140.95306396,-60.00223541
141.14379883,-57.25496674
141.33453369,-50.87660217
141.52526855,-47.96583557
141.71600342,-50.19436264
141.90673828,-58.68144226
142.09747314,-65.57637024
142.28820801,-60.95520782
142.47894287,-58.97348785
142.66967773,-59.94058228
142.86041260,-63.71051788
143.05114746,-54.92953491
143.24188232,-60.43022919
143.43261719,-56.15748978
143.62335205,-54.08670044
143.81408691,-61.38761520
144.00482178,-59.11536789
144.19555664,-61.27931213
144.38629150,-58.36857605
144.57702637,-53.37376022
144.76776123,-56.03705978
144.95849609,-61.13525391
145.14923096,-59.22344208
145.33996582,-56.58296585
145.53070068,-58.85395050
145.72143555,-71.52535248
145.91217041,-59.58233643
146.10290527,-65.80046082
146.29364014,-64.02819824
146.48437500,-61.37001801
146.67510986,-62.99631500
146.86584473,-67.69004059
147.05657959,-57.70904541
147.24731445,-53.51883698
147.43804932,-60.29262543
147.62878418,-55.84278488
147.81951904,-51.16065979
148.01025391,-53.98510742
148.20098877,-60.81884766
148.39172363,-63.30929184
148.58245850,-54.71564484
148.77319336,-55.02755737
148.96392822,-52.67766953
149.15466309,-50.79509735
149.34539795,-51.08947754
149.53613281,-53.41349792
149.72686768,-55.79903412
149.91760254,-61.24491119
150.10833740,-62.19058228
150.29907227,-57.97962952
150.48980713,-55.01787567
150.68054199,-56.72842026
150.87127686,-69.61369324
151.06201172,-57.70153809
151.25274658,-61.03992844
151.44348145,-79.28414154
151.63421631,-60.71152496
151.82495117,-57.59030151
152.01568604,-57.48818970
152.20642090,-60.16673279
152.39715576,-56.83706284
152.58789062,-55.06412506
152.77862549,-53.80850983
152.96936035,-54.71820068
153.16009521,-54.39502716
153.35083008,-51.18131638
153.54156494,-51.43777466
153.73229980,-59.43549347
153.92303467,-56.71520233
154.11376953,-50.90836334
154.30450439,-49.98630524
154.49523926,-55.72486496
154.68597412,-60.71344757
154.87670898,-53.37496185
155.06744385,-51.50498962
155.25817871,-52.82083130
155.44891357,-59.13709641
155.63964844,-64.97305298
155.83038330,-56.81962585
156.02111816,-53.63576889
156.21185303,-52.82489777
156.40258789,-58.57851410
156.59332275,-63.20234299
156.78405762,-60.99253082
156.97479248,-57.90456772
157.16552734,-61.73644638
157.35626221,-60.28821564
157.54699707,-53.81779099
157.73773193,-55.11432266
157.92846680,-59.27960205
158.11920166,-57.94788742
158.30993652,-57.01097870
158.50067139,-61.37506866
158.69140625,-59.84522247
158.88214111,-57.86798096
159.07287598,-66.24801636
159.26361084,-61.54042816
159.45434570,-54.00357056
159.64508057,-54.51818085
159.83581543,-63.26801300
160.02655029,-54.52921295
160.21728516,-57.74254227
160.40802002,-55.71849060
160.59875488,-53.46244431
160.78948975,-52.33988190
160.98022461,-53.28332901
161.17095947,-55.63307953
161.36169434,-53.61263657
161.55242920,-50.79191589
161.74316406,-52.65153885
161.93389893,-54.54973602
162.12463379,-52.75352097
162.31536865,-51.99473572
162.50610352,-53.37184143
162.69683838,-57.44067764
162.88757324,-64.98280334
163.07830811,-58.44270706
163.26904297,-54.61700821
163.45977783,-57.39070892
163.65051270,-70.80313873
163.84124756,-55.50292206
164.03198242,-54.41194153
164.22271729,-54.04864502
164.41345215,-57.65152740
164.60418701,-62.56475449
164.79492188,-58.69327927
164.98565674,-57.81915283
165.17639160,-53.82335663
165.36712646,-53.05021667
165.55786133,-55.79990005
165.74859619,-64.56829834
165.93933105,-66.70024109
166.13006592,-59.49900055
166.32080078,-56.77089310
166.51153564,-58.04946899
166.70227051,-62.55802917
166.89300537,-56.76722717
167.08374023,-50.41851425
167.27447510,-51.33071899
167.46520996,-56.83066559
167.65594482,-62.35379028
167.84667969,-68.19735718
168.03741455,-60.98450470
168.22814941,-60.90030670
168.41888428,-66.20368195
168.60961914,-59.94005203
168.80035400,-54.38154221
168.99108887,-53.86285782
169.18182373,-56.29921341
169.37255859,-56.46217346
169.56329346,-54.33406448
169.75402832,-52.89253616
169.94476318,-55.37572479
170.13549805,-62.30271149
170.32623291,-61.12712479
170.51696777,-62.44594193
170.70770264,-59.87240219
170.89843750,-52.65729904
171.08917236,-50.53321457
171.27990723,-56.02191925
171.47064209,-63.87123871
171.66137695,-63.14176559
171.85211182,-58.09886932
172.04284668,-62.94758606
172.23358154,-61.36190414
172.42431641,-56.31446838
172.61505127,-55.10829163
172.80578613,-55.13971329
172.99652100,-54.83873749
173.18725586,-52.87891388
173.37799072,-52.05604553
173.56872559,-54.67933655
173.75946045,-62.18964386
173.95019531,-54.75816345
174.14093018,-53.50066376
174.33166504,-54.84592438
174.52239990,-60.19390869
174.71313477,-58.44699097
174.90386963,-52.92267227
175.09460449,-55.16447449
175.28533936,-57.84091949
175.47607422,-58.60307312
175.66680908,-63.40199280
175.85754395,-68.10245514
176.04827881,-66.45611572
176.23901367,-64.78474426
176.42974854,-68.33731842
176.62048340,-63.11210251
176.81121826,-59.91836929
177.00195312,-76.07407379
177.19268799,-57.52893829
177.38342285,-53.26058197
177.57415771,-53.92707062
177.76489258,-57.41461182
177.95562744,-61.50590515
178.14636230,-58.68835831
178.33709717,-54.40416718
178.52783203,-55.91884232
178.71856689,-55.88180161
178.90930176,-52.20447922
179.10003662,-51.07613373
179.29077148,-57.29312897
179.48150635,-60.42486191
179.67224121,-54.99582672
179.86297607,-51.92541122
180.05371094,-52.03583527
180.24444580,-59.34686661
180.43518066,-57.78281784
180.62591553,-54.33701324
180.81665039,-63.23352051
181.00738525,-62.49473190
181.19812012,-62.12084961
181.38885498,-59.95407867
181.57958984,-63.47805786
181.77032471,-72.87779999
181.96105957,-69.04368591
182.15179443,-59.14384460
182.34252930,-56.80555344
182.53326416,-57.94708633
182.72399902,-57.38355637
182.91473389,-61.06640625
183.10546875,-62.80112457
183.29620361,-70.57859802
183.48693848,-72.58887482
183.67767334,-65.83733368
183.86840820,-62.05301285
184.05914307,-60.51801300
184.24987793,-60.69672012
184.44061279,-62.21671677
184.63134766,-59.30675888
184.82208252,-56.31435776
185.01281738,-53.52813339
185.20355225,-51.22904205
185.39428711,-51.22474289
185.58502197,-54.56141663
185.77575684,-62.62781143
185.96649170,-61.85940552
186.15722656,-59.12609482
186.34796143,-71.15181732
186.53869629,-61.83408737
186.72943115,-56.78760147
186.92016602,-58.88183594
187.11090088,-58.51502228
187.30163574,-56.99222183
187.49237061,-58.29871368
187.68310547,-60.64827728
187.87384033,-54.73701859
188.06457520,-53.79686356
188.25531006,-54.10262299
188.44604492,-60.39991760
188.63677979,-69.93063354
188.82751465,-69.26767731
189.01824951,-55.73918915
189.20898438,-52.73384476
189.39971924,-52.98759079
189.59045410,-53.04959106
189.78118896,-56.78224564
189.97192383,-59.58402252
190.16265869,-56.59729385
190.35339355,-57.07592010
190.54412842,-62.29633331
190.73486328,-58.81053925
190.92559814,-58.25109863
191.11633301,-56.46260834
191.30706787,-60.33592987
191.49780273,-65.29611206
191.68853760,-62.61569214
191.87927246,-56.87342834
192.07000732,-54.81375122
192.26074219,-59.81071472
192.45147705,-61.04454803
192.64221191,-56.49118423
192.83294678,-58.26196289
193.02368164,-57.93354416
193.21441650,-55.83297729
193.40515137,-62.82156372
193.59588623,-58.30659485
193.78662109,-54.37607574
193.97735596,-52.81437683
194.16809082,-52.73056793
194.35882568,-54.76035690
194.54956055,-58.11975098
194.74029541,-56.94075012
194.93103027,-56.17290497
195.12176514,-61.38853455
195.31250000,-62.99263763
195.50323486,-53.23884583
195.69396973,-53.58642578
195.88470459,-68.93087769
196.07543945,-60.82122040
196.26617432,-60.54443741
196.45690918,-54.69097900
196.64764404,-62.26750183
196.83837891,-54.44301987
197.02911377,-51.22878265
197.21984863,-58.44289398
197.41058350,-63.99776840
197.60131836,-60.14969635
197.79205322,-65.21840668
197.98278809,-63.85776520
198.17352295,-68.47956085
198.36425781,-65.88264465
198.55499268,-59.00668335
198.74572754,-50.63597107
198.93646240,-48.35952759
199.12719727,-51.67755127
199.31793213,-51.45252991
199.50866699,-51.29740906
199.69940186,-53.94575500
199.89013672,-52.29792786
200.08087158,-58.61496735
200.27160645,-63.90964508
200.46234131,-71.93207550
200.65307617,-53.63879776
200.84381104,-51.36672592
201.03454590,-67.91198730
201.22528076,-54.75744629
201.41601562,-54.29215240
201.60675049,-58.74756622
201.79748535,-57.66902924
201.98822021,-52.08959579
202.17895508,-50.97637558
202.36968994,-53.63594818
202.56042480,-61.83588028
202.75115967,-57.92395782
202.94189453,-54.41101074
203.13262939,-65.76060486
203.32336426,-52.27036285
203.51409912,-47.85300827
203.70483398,-49.63511658
203.89556885,-56.26497650
204.08630371,-67.12496948
204.27703857,-68.35850525
204.46777344,-67.56240845
204.65850830,-59.41137695
204.84924316,-54.89928436
205.03997803,-56.53370285
205.23071289,-58.08841705
205.42144775,-62.51868820
205.61218262,-67.34190369
205.80291748,-64.59479523
205.99365234,-84.66838074
206.18438721,-61.70095444
206.37512207,-57.91855621
206.56585693,-56.22522736
206.75659180,-61.18864059
206.94732666,-58.05665970
207.13806152,-58.81148911
207.32879639,-65.51570129
207.51953125,-56.74720764
207.71026611,-53.80752182
207.90100098,-59.02149582
208.09173584,-63.84986115
208.28247070,-69.80091858
208.47320557,-61.06284332
208.66394043,-56.04956055
208.85467529,-54.97234344
209.04541016,-54.26850891
209.23614502,-52.47303009
209.42687988,-54.26511383
209.61761475,-61.47943878
209.80834961,-62.33671570
209.99908447,-55.05895615
210.18981934,-58.46756363
210.38055420,-65.13629913
210.57128906,-60.62564850
210.76202393,-55.58111572
210.95275879,-58.23705292
211.14349365,-60.00536346
211.33422852,-59.99209595
211.52496338,-66.97531128
211.71569824,-67.92799377
211.90643311,-69.98477936
212.09716797,-59.43588638
212.28790283,-61.35347366
212.47863770,-67.17774200
212.66937256,-59.04331970
212.86010742,-56.84404373
213.05084229,-57.43858719
213.24157715,-57.95399094
213.43231201,-54.69403076
213.62304688,-58.39374924
213.81378174,-57.46100616
214.00451660,-69.73455048
214.19525146,-59.63298798
214.38598633,-58.97523880
214.57672119,-58.07537460
214.76745605,-57.59989166
214.95819092,-63.30189133
215.14892578,-57.23155212
215.33966064,-52.12625885
215.53039551,-53.52130508
215.72113037,-63.60090637
215.91186523,-60.53178406
216.10260010,-68.11993408
216.29333496,-62.71541595
216.48406982,-56.65977859
216.67480469,-54.53559494
216.86553955,-54.42709351
217.05627441,-55.69609833
217.24700928,-57.69426346
217.43774414,-52.39056396
217.62847900,-53.31023407
217.81921387,-58.48027802
218.00994873,-62.15652847
218.20068359,-64.07326508
218.39141846,-57.71458435
218.58215332,-54.10884094
218.77288818,-56.13303375
218.96362305,-56.16788864
219.15435791,-57.83312225
219.34509277,-58.86562347
219.53582764,-55.56398010
219.72656250,-51.42572784
219.91729736,-51.68110275
220.10803223,-58.61781311
220.29876709,-55.10961533
220.48950195,-53.81661987
220.68023682,-70.34132385
220.87097168,-59.53813934
221.06170654,-56.60049057
221.25244141,-50.83108902
221.44317627,-49.72121811
221.63391113,-51.33117294
221.82464600,-54.24610901
222.01538086,-62.33747864
222.20611572,-57.83010101
222.39685059,-65.88388062
222.58758545,-55.83633041
222.77832031,-51.84379578
222.96905518,-53.49884415
223.15979004,-56.62017059
223.35052490,-57.13237762
223.54125977,-55.55773926
223.73199463,-61.93132019
223.92272949,-58.61252594
224.11346436,-54.76142502
224.30419922,-51.74962616
224.49493408,-51.04402542
224.68566895,-51.36247635
224.87640381,-50.02060699
225.06713867,-53.05389404
225.25787354,-62.07056427
225.44860840,-58.75300980
225.63934326,-59.01354980
225.83007812,-59.39990997
226.02081299,-56.67127228
226.21154785,-53.33659744
226.40228271,-55.37767410
226.59301758,-54.78685379
226.78375244,-52.92541504
226.97448730,-53.42317581
227.16522217,-55.47254944
227.35595703,-55.31298065
227.54669189,-60.03727722
227.73742676,-66.80755615
227.92816162,-67.11000061
228.11889648,-77.82117462
228.30963135,-58.01544952
228.50036621,-55.95938873
228.69110107,-52.43767548
228.88183594,-52.34128952
229.07257080,-55.92884064
229.26330566,-56.11802673
229.45404053,-61.30337524
229.64477539,-60.47372818
229.83551025,-54.67265701
230.02624512,-55.60116577
230.21697998,-64.74494934
230.40771484,-60.46463776
230.59844971,-60.65748596
230.78918457,-57.71120071
230.97991943,-55.67974091
231.17065430,-69.96874237
231.36138916,-58.56704712
231.55212402,-59.20116425
231.74285889,-79.35144043
231.93359375,-64.74496460
232.12432861,-56.00605011
232.31506348,-53.84682465
232.50579834,-52.79150009
232.69653320,-56.50747681
232.88726807,-60.12847519
233.07800293,-55.41504288
233.26873779,-57.94613647
233.45947266,-57.42198181
233.65020752,-60.93593216
233.84094238,-58.48993301
234.03167725,-67.34549713
234.22241211,-59.31421280
234.41314697,-68.53395844
234.60388184,-64.54002380
234.79461670,-60.35675049
234.98535156,-59.90301132
235.17608643,-58.62730408
235.36682129,-51.72317505
235.55755615,-52.03941345
235.74829102,-58.53372955
235.93902588,-56.80906296
236.12976074,-59.66667557
236.32049561,-67.89326477
236.51123047,-67.05545807
236.70196533,-71.06340027
236.89270020,-64.92179871
237.08343506,-66.03443909
237.27416992,-65.89431763
237.46490479,-63.59367752
237.65563965,-75.77974701
237.84637451,-57.81944656
238.03710938,-59.64445114
238.22784424,-62.34947586
238.41857910,-56.66250610
238.60931396,-53.45016861
238.80004883,-55.58533096
238.99078369,-55.10108948
239.18151855,-52.83962250
239.37225342,-54.66753006
239.56298828,-62.46157837
239.75372314,-61.92353821
239.94445801,-58.86203003
240.13519287,-57.08801651
240.32592773,-51.33375549
240.51666260,-51.04159546
240.70739746,-52.85112000
240.89813232,-57.26485825
241.08886719,-76.23899841
241.27960205,-58.22325134
241.47033691,-55.59722900
241.66107178,-59.29138947
241.85180664,-57.55683136
242.04254150,-53.93331528
242.23327637,-52.27522278
242.42401123,-56.41798019
242.61474609,-67.82409668
242.80548096,-57.25999451
242.99621582,-58.06674576
243.18695068,-58.48989868
243.37768555,-58.66904449
243.56842041,-56.38748932
243.75915527,-52.69736862
243.94989014,-54.32056046
244.14062500,-52.27801514
244.33135986,-49.26446533
244.52209473,-48.80400085
244.71282959,-54.12086105
244.90356445,-70.45040131
245.09429932,-66.92456055
245.28503418,-68.08075714
245.47576904,-73.02838135
245.66650391,-63.55142593
245.85723877,-66.32690430
246.04797363,-68.99217224
246.23870850,-55.43446350
246.42944336,-55.78197479
246.62017822,-56.90414047
246.81091309,-54.28195572
247.00164795,-56.63203430
247.19238281,-60.83283234
247.38311768,-57.61044312
247.57385254,-53.26404953
247.76458740,-50.85148621
247.95532227,-54.40665817
248.14605713,-65.50375366
248.33679199,-69.39978027
248.52752686,-60.31387329
248.71826172,-53.52789307
248.90899658,-52.53625870
249.09973145,-56.50897598
249.29046631,-55.90350342
249.48120117,-51.08068848
249.67193604,-53.50192261
249.86267090,-61.09470749
250.05340576,-59.92391968
250.24414062,-54.55365753
250.43487549,-53.40356445
250.62561035,-60.71451187
250.81634521,-61.83386230
251.00708008,-71.38737488
251.19781494,-55.48038864
251.38854980,-56.69728088
251.57928467,-66.23793793
251.77001953,-64.72042847
251.96075439,-61.24422455
252.15148926,-64.12237549
252.34222412,-62.60171890
252.53295898,-57.24874496
252.72369385,-60.25692368
252.91442871,-74.96115875
253.10516357,-63.03475952
253.29589844,-60.91531754
253.48663330,-50.68347931
253.67736816,-51.57204437
253.86810303,-61.19769287
254.05883789,-54.94626617
254.24957275,-55.58695221
254.44030762,-62.94147491
254.63104248,-57.27473831
254.82177734,-53.18542099
255.01251221,-54.33720398
255.20324707,-60.46295166
255.39398193,-62.42596054
255.58471680,-63.48734283
255.77545166,-56.45084000
255.96618652,-54.33032608
256.15692139,-59.53496933
256.34765625,-59.36670303
256.53839111,-51.95367432
256.72912598,-51.08296204
256.91986084,-57.77030182
257.11059570,-67.17552948
257.30133057,-61.32855225
257.49206543,-61.82390213
257.68280029,-60.45011520
257.87353516,-59.55020905
258.06427002,-55.96754074
258.25500488,-53.62398529
258.44573975,-55.17407227
258.63647461,-59.31984329
258.82720947,-54.45294952
259.01794434,-56.15181732
259.20867920,-56.09981537
259.39941406,-51.15222168
259.59014893,-49.45814133
259.78088379,-50.40793991
259.97161865,-52.88313293
260.16235352,-59.05557251
260.35308838,-61.41881943
260.54382324,-54.62972260
260.73455811,-52.43101501
260.92529297,-56.99143219
261.11602783,-57.56052017
261.30676270,-57.50830078
261.49749756,-68.73072815
261.68823242,-80.57862091
261.87896729,-68.19944763
262.06970215,-61.54549026
262.26043701,-57.39418793
262.45117188,-53.13110352
262.64190674,-49.23901367
262.83264160,-48.76878357
263.02337646,-48.80034637
263.21411133,-49.82125092
263.40484619,-51.16569138
263.59558105,-53.22583008
263.78631592,-57.67630768
263.97705078,-58.31931305
264.16778564,-57.77233505
264.35852051,-60.57770538
264.54925537,-58.98763275
264.73999023,-54.89389420
264.93072510,-55.45705795
265.12145996,-59.79415131
265.31219482,-54.35518646
265.50292969,-54.35741425
265.69366455,-53.59339905
265.88439941,-53.67995834
266.07513428,-56.73628998
266.26586914,-59.80585098
266.45660400,-58.96421051
266.64733887,-53.42147827
266.83807373,-50.43109894
267.02880859,-50.97770309
267.21954346,-51.76847839
267.41027832,-56.20616913
267.60101318,-58.01620483
267.79174805,-49.74401855
267.98248291,-50.81516647
268.17321777,-58.67658615
268.36395264,-63.56805801
268.55468750,-57.34369278
268.74542236,-56.51473618
268.93615723,-58.87174606
269.12689209,-66.48219299
269.31762695,-59.70637894
269.50836182,-53.83969879
269.69909668,-56.20049286
269.88983154,-60.23517227
270.08056641,-58.41754150
270.27130127,-55.78897476
270.46203613,-56.41937637
270.65277100,-57.35068893
270.84350586,-54.53142166
271.03424072,-54.19843292
271.22497559,-66.25778961
271.41571045,-53.94957733
271.60644531,-52.55998230
271.79718018,-60.69305801
271.98791504,-65.91918182
272.17864990,-65.16902924
272.36938477,-69.77322388
272.56011963,-63.72877502
272.75085449,-68.17226410
272.94158936,-55.07415390
273.13232422,-51.18975830
273.32305908,-50.14537430
273.51379395,-51.76325989
273.70452881,-55.19680786
273.89526367,-56.04061508
274.08599854,-54.93532181
274.27673340,-50.82030869
274.46746826,-49.21684647
274.65820312,-51.97749329
274.84893799,-57.45256805
275.03967285,-52.18405914
275.23040771,-52.06449509
275.42114258,-57.68411255
275.61187744,-67.25031281
275.80261230,-61.28255463
275.99334717,-63.15433884
276.18408203,-75.04988098
276.37481689,-59.85258102
276.56555176,-55.52054977
276.75628662,-55.84260559
276.94702148,-61.22373199
277.13775635,-65.63189697
277.32849121,-62.46857071
277.51922607,-79.09531403
277.70996094,-64.00527954
277.90069580,-63.17701340
278.09143066,-67.22396851
278.28216553,-70.49351501
278.47290039,-61.06522369
278.66363525,-52.66668320
278.85437012,-54.09518814
279.04510498,-68.89013672
279.23583984,-54.43210983
279.42657471,-51.75863266
279.61730957,-56.83425522
279.80804443,-55.12870407
279.99877930,-57.28821182
280.18951416,-60.45526886
280.38024902,-57.32165909
280.57098389,-57.15034866
280.76171875,-54.62425995
280.95245361,-57.43955612
281.14318848,-65.04366302
281.33392334,-56.08217239
281.52465820,-56.99992752
281.71539307,-54.69045639
281.90612793,-53.21464157
282.09686279,-59.76249313
282.28759766,-58.05856323
282.47833252,-63.42380524
282.66906738,-58.78241730
282.85980225,-52.26713562
283.05053711,-51.29676056
283.24127197,-54.73788452
283.43200684,-66.36301422
283.62274170,-68.22161865
283.81347656,-62.35654831
284.00421143,-51.76862717
284.19494629,-47.97139740
284.38568115,-48.72474289
284.57641602,-56.28327942
284.76715088,-58.09905624
284.95788574,-55.33818817
285.14862061,-70.31491089
285.33935547,-56.28257370
285.53009033,-54.96675110
285.72082520,-65.53404236
285.91156006,-59.71936798
286.10229492,-63.91070938
286.29302979,-62.35624695
286.48376465,-56.71332932
286.67449951,-58.87347412
286.86523438,-58.91926193
287.05596924,-61.45174026
287.24670410,-63.78895569
287.43743896,-65.43191528
287.62817383,-59.89801788
287.81890869,-57.99311829
288.00964355,-53.70094681
288.20037842,-57.43140411
288.39111328,-55.04699707
288.58184814,-50.92821503
288.77258301,-51.85472870
288.96331787,-53.64073944
289.15405273,-55.95056534
289.34478760,-56.08105087
289.53552246,-52.52029037
289.72625732,-53.24700165
289.91699219,-60.62555313
290.10772705,-66.24362183
290.29846191,-59.95613098
290.48919678,-54.32845688
290.67993164,-52.24060059
290.87066650,-56.36565781
291.06140137,-62.32794189
291.25213623,-55.31921005
291.44287109,-53.59870529
291.63360596,-54.88345718
291.82434082,-54.35892105
292.01507568,-55.29720306
292.20581055,-56.17696381
292.39654541,-62.57768250
292.58728027,-63.20787811
292.77801514,-62.28169250
292.96875000,-64.80841827
293.15948486,-69.86262512
293.35021973,-64.86743927
293.54095459,-55.50850296
293.73168945,-55.68902588
293.92242432,-52.66398621
294.11315918,-48.80598068
294.30389404,-51.76969910
294.49462891,-60.56289291
294.68536377,-79.76129150
294.87609863,-68.90742493
295.06683350,-57.57468796
295.25756836,-53.50402069
295.44830322,-57.47325516
295.63903809,-61.49656296
295.82977295,-63.13554382
296.02050781,-61.72523117
296.21124268,-59.32595825
296.40197754,-60.16771317
296.59271240,-57.36610413
296.78344727,-57.35027313
296.97418213,-63.42149734
297.16491699,-63.89466095
297.35565186,-55.01893997
297.54638672,-51.67022705
297.73712158,-51.88359070
297.92785645,-51.69590378
298.11859131,-50.33939743
298.30932617,-50.27507019
298.50006104,-54.31137085
298.69079590,-63.64934921
298.88153076,-61.61326599
299.07226562,-56.95479965
299.26300049,-56.65184021
299.45373535,-59.66419601
299.64447021,-74.11678314
299.83520508,-59.31710052
300.02593994,-56.87728119
300.21667480,-53.08965302
300.40740967,-52.36459732
300.59814453,-58.56952667
300.78887939,-68.85719299
300.97961426,-82.03306580
301.17034912,-60.49356461
301.36108398,-61.98586273
301.55181885,-55.73567200
301.74255371,-53.04270172
301.93328857,-53.50642776
302.12402344,-53.52670670
302.31475830,-56.93799591
302.50549316,-54.78938675
302.69622803,-54.13916779
302.88696289,-56.65922165
303.07769775,-65.71850586
303.26843262,-67.66667938
303.45916748,-60.97097778
303.64990234,-59.26354980
303.84063721,-59.51570511
304.03137207,-57.00598907
304.22210693,-55.09019470
304.41284180,-56.38833618
304.60357666,-62.14183807
304.79431152,-71.61239624
304.98504639,-59.59466934
305.17578125,-54.89768600
305.36651611,-56.97246170
305.55725098,-62.82100677
305.74798584,-68.01978302
305.93872070,-60.39870453
306.12945557,-55.56707382
306.32019043,-54.12110901
306.51092529,-57.58250427
306.70166016,-62.55323792
306.89239502,-63.74185944
307.08312988,-54.31572723
307.27386475,-53.82975769
307.46459961,-57.38514709
307.65533447,-55.95226288
307.84606934,-55.09254074
308.03680420,-60.57081223
308.22753906,-63.59469604
308.41827393,-57.22492981
308.60900879,-52.56928253
308.79974365,-58.90597534
308.99047852,-59.95265198
309.18121338,-55.42530060
309.37194824,-55.29147339
309.56268311,-57.96879578
309.75341797,-65.74992371
309.94415283,-72.65698242
310.13488770,-62.47047806
310.32562256,-60.81655502
310.51635742,-70.86913300
310.70709229,-69.94639587
310.89782715,-60.38082886
311.08856201,-60.76068497
311.27929688,-64.34508514
311.47003174,-55.88153076
311.66076660,-51.77404022
311.85150146,-55.40576553
312.04223633,-65.19243622
312.23297119,-60.31845474
312.42370605,-60.08097839
312.61444092,-59.15069580
312.80517578,-57.52661896
312.99591064,-55.42455292
313.18664551,-54.53687668
313.37738037,-55.10364532
313.56811523,-56.03849792
313.75885010,-56.72515106
313.94958496,-61.26607895
314.14031982,-57.21980286
314.33105469,-56.29808426
314.52178955,-56.86589813
314.71252441,-58.86903763
314.90325928,-69.81797791
315.09399414,-59.25897980
315.28472900,-57.05927277
315.47546387,-67.51031494
315.66619873,-60.31374359
315.85693359,-66.85537720
316.04766846,-61.13847351
316.23840332,-56.73498535
316.42913818,-57.46173477
316.61987305,-63.21184540
316.81060791,-58.08366394
317.00134277,-52.72679138
317.19207764,-52.51327896
317.38281250,-51.80835342
317.57354736,-53.18753052
317.76428223,-56.68819046
317.95501709,-67.98290253
318.14575195,-55.50006104
318.33648682,-53.71017075
318.52722168,-52.45191956
318.71795654,-51.53124237
318.90869141,-53.36977005
319.09942627,-52.70403290
319.29016113,-56.45869446
319.48089600,-73.72743988
319.67163086,-54.91191483
319.86236572,-51.26203156
320.05310059,-51.43156052
320.24383545,-55.12385559
320.43457031,-56.06300354
320.62530518,-51.96862793
320.81604004,-58.23881531
321.00677490,-71.06109619
321.19750977,-67.99405670
321.38824463,-59.10960770
321.57897949,-54.56439209
321.76971436,-56.27452850
321.96044922,-66.42996979
322.15118408,-53.75334167
322.34191895,-54.78134155
322.53265381,-61.19639587
322.72338867,-54.56697845
322.91412354,-53.13951111
323.10485840,-53.43997192
323.29559326,-59.18643188
323.48632812,-65.87809753
323.67706299,-54.98842621
323.86779785,-49.95637894
324.05853271,-52.42592621
324.24926758,-57.75674438
324.44000244,-60.82536316
324.63073730,-66.67156982
324.82147217,-68.49342346
325.01220703,-63.26211548
325.20294189,-68.73716736
325.39367676,-62.54970169
325.58441162,-67.82907867
325.77514648,-60.86044312
325.96588135,-61.82409668
326.15661621,-62.71876526
326.34735107,-59.35811996
326.53808594,-61.30870056
326.72882080,-64.56678009
326.91955566,-58.87172699
327.11029053,-59.32128525
327.30102539,-60.66259766
327.49176025,-61.70877457
327.68249512,-61.56475830
327.87322998,-55.16477966
328.06396484,-55.11098480
328.25469971,-66.77050781
328.44543457,-64.40370941
328.63616943,-56.13156128
328.82690430,-53.82983780
329.01763916,-59.30675125
329.20837402,-56.77058411
329.39910889,-53.12202072
329.58984375,-55.39879608
329.78057861,-66.45631409
329.97131348,-68.34362793
330.16204834,-58.18903351
330.35278320,-56.70893097
330.54351807,-57.72884369
330.73425293,-55.09180450
330.92498779,-53.05759430
331.11572266,-51.00473785
331.30645752,-51.79779816
331.49719238,-61.62216949
331.68792725,-56.42121887
331.87866211,-54.74517822
332.06939697,-53.87237167
332.26013184,-53.92155075
332.45086670,-56.79603195
332.64160156,-59.35258484
332.83233643,-53.54578400
333.02307129,-53.15838623
333.21380615,-54.02999496
333.40454102,-52.78274536
333.59527588,-53.91675949
333.78601074,-52.97218704
333.97674561,-54.30307770
334.16748047,-64.05735779
334.35821533,-57.32750320
334.54895020,-58.85667801
334.73968506,-63.12556458
334.93041992,-58.49185181
335.12115479,-60.04703903
335.31188965,-67.07974243
335.50262451,-58.16529846
335.69335938,-52.15494156
335.88409424,-53.31523514
336.07482910,-71.72274780
336.26556396,-60.13207245
336.45629883,-55.93433762
336.64703369,-56.91753006
336.83776855,-63.11727524
337.02850342,-56.50762939
337.21923828,-55.04919052
337.40997314,-58.67501068
337.60070801,-71.27608490
337.79144287,-72.59396362
337.98217773,-59.79357910
338.17291260,-61.72968292
338.36364746,-70.90878296
338.55438232,-62.14392853
338.74511719,-55.89459991
338.93585205,-57.76835632
339.12658691,-61.59332275
339.31732178,-53.30354309
339.50805664,-49.35490036
339.69879150,-49.69429016
339.88952637,-54.79030609
340.08026123,-68.74332428
340.27099609,-70.66896057
340.46173096,-63.97492981
340.65246582,-57.18487549
340.84320068,-54.15687943
341.03393555,-60.91863632
341.22467041,-60.02672577
341.41540527,-54.47243500
341.60614014,-57.64646149
341.79687500,-63.91702652
341.98760986,-54.67952728
342.17834473,-54.53775406
342.36907959,-57.95499802
342.55981445,-56.78025818
342.75054932,-56.26460648
342.94128418,-55.64229584
343.13201904,-52.79681396
343.32275391,-52.07118225
343.51348877,-53.72670746
343.70422363,-56.33766556
343.89495850,-70.41966248
344.08569336,-62.96608353
344.27642822,-70.76300049
344.46716309,-59.89244843
344.65789795,-53.73610687
344.84863281,-51.91927338
345.03936768,-55.45143509
345.23010254,-59.88668060
345.42083740,-57.06518173
345.61157227,-56.32682800
345.80230713,-58.28615189
345.99304199,-62.26502228
346.18377686,-62.98273087
346.37451172,-51.08407974
346.56524658,-50.40233231
346.75598145,-55.10298157
346.94671631,-58.49525070
347.13745117,-57.91967010
347.32818604,-58.10458374
347.51892090,-57.16218948
347.70965576,-55.03138733
347.90039062,-57.24094391
348.09112549,-68.21864319
348.28186035,-63.25931549
348.47259521,-70.17942047
348.66333008,-61.38188934
348.85406494,-55.32450104
349.04479980,-53.12791443
349.23553467,-51.76590347
349.42626953,-54.21892548
349.61700439,-58.40946960
349.80773926,-56.56368637
349.99847412,-57.01340103
350.18920898,-59.07743073
350.37994385,-60.69200897
350.57067871,-57.54956818
350.76141357,-55.17620087
350.95214844,-60.07492447
351.14288330,-57.58681488
351.33361816,-59.99929810
351.52435303,-55.67729187
351.71508789,-56.49536896
351.90582275,-62.70867157
352.09655762,-61.20082474
352.28729248,-56.84231567
352.47802734,-60.04103851
352.66876221,-56.72759628
352.85949707,-60.41963196
353.05023193,-62.63711929
353.24096680,-59.71282959
353.43170166,-63.20666504
353.62243652,-58.55913162
353.81317139,-55.54359055
354.00390625,-56.37789154
354.19464111,-59.32075500
354.38537598,-55.69374084
354.57611084,-53.76545715
354.76684570,-56.84041595
354.95758057,-60.13793564
355.14831543,-62.85463333
355.33905029,-53.40846252
355.52978516,-52.58691788
355.72052002,-55.22301483
355.91125488,-63.65806580
356.10198975,-65.20436859
356.29272461,-67.55146027
356.48345947,-66.16843414
356.67419434,-65.58412933
356.86492920,-73.00793457
357.05566406,-56.85174942
357.24639893,-52.07747650
357.43713379,-52.61572266
357.62786865,-52.65121841
357.81860352,-53.35183716
358.00933838,-56.46116638
358.20007324,-60.78952789
358.39080811,-58.90478516
358.58154297,-55.21681213
358.77227783,-57.34828949
358.96301270,-63.74026489
359.15374756,-64.62937164
359.34448242,-65.51963806
359.53521729,-73.41969299
359.72595215,-61.48237228
359.91668701,-58.87907410
360.10742188,-56.82377243
360.29815674,-56.50036240
360.48889160,-57.05352402
360.67962646,-53.25122452
360.87036133,-51.49648285
361.06109619,-53.98300171
361.25183105,-57.86926270
361.44256592,-59.72511673
361.63330078,-65.47728729
361.82403564,-62.45670700
362.01477051,-59.39911652
362.20550537,-61.89290619
362.39624023,-61.89361191
362.58697510,-60.73273468
362.77770996,-64.84217834
362.96844482,-59.42104340
363.15917969,-64.15641785
363.34991455,-60.43805695
363.54064941,-57.82059479
363.73138428,-58.51433563
363.92211914,-55.71600342
364.11285400,-52.25434113
364.30358887,-52.50602722
364.49432373,-57.24069595
364.68505859,-61.65365219
364.87579346,-62.60139465
365.06652832,-64.73704529
365.25726318,-64.35053253
365.44799805,-56.03278732
365.63873291,-54.42095184
365.82946777,-59.85184479
366.02020264,-57.04372025
366.21093750,-65.43629456
366.40167236,-67.75635529
366.59240723,-60.57764435
366.78314209,-58.09379578
366.97387695,-89.87899017
367.16461182,-60.40419769
367.35534668,-58.18067551
367.54608154,-57.50702286
367.73681641,-56.99205017
367.92755127,-61.71469879
368.11828613,-59.63794708
368.30902100,-57.22525787
368.49975586,-63.90174484
368.69049072,-56.98535156
368.88122559,-55.38253403
369.07196045,-53.80279160
369.26269531,-57.83683395
369.45343018,-58.69713593
369.64416504,-61.10692596
369.83489990,-55.72951508
370.02563477,-51.01755524
370.21636963,-48.50999832
370.40710449,-50.15121078
370.59783936,-57.39173889
370.78857422,-57.92112350
370.97930908,-72.41512299
371.17004395,-55.37916565
371.36077881,-55.48189545
371.55151367,-57.99934387
371.74224854,-52.70460129
371.93298340,-50.98853683
372.12371826,-53.76710892
372.31445312,-55.85030365
372.50518799,-53.72166061
372.69592285,-54.96149063
372.88665771,-60.36569977
373.07739258,-69.89526367
373.26812744,-60.45919800
373.45886230,-54.81310272
373.64959717,-54.12490463
373.84033203,-56.10961914
374.03106689,-57.07363892
374.22180176,-55.12422180
374.41253662,-52.09825516
374.60327148,-53.57868195
374.79400635,-62.92140961
374.98474121,-70.41042328
375.17547607,-60.66707993
375.36621094,-68.93592072
375.55694580,-56.27035522
375.74768066,-52.78646469
375.93841553,-53.77572632
376.12915039,-59.45193863
376.31988525,-56.42317200
376.51062012,-59.65882874
376.70135498,-57.53392792
376.89208984,-51.29844284
377.08282471,-57.24938965
377.27355957,-56.65109634
377.46429443,-53.87046051
377.65502930,-58.31548691
377.84576416,-65.72264099
378.03649902,-65.94938660
378.22723389,-69.66141510
378.41796875,-67.70359802
378.60870361,-56.88672638
378.79943848,-54.91347885
378.99017334,-57.23607635
379.18090820,-56.14039993
379.37164307,-56.66099548
379.56237793,-61.94780731
379.75311279,-57.99552155
379.94384766,-61.63139725
380.13458252,-64.62279510
380.32531738,-58.31129456
380.51605225,-52.86328125
380.70678711,-52.63072586
380.89752197,-56.16135025
381.08825684,-56.52122116
381.27899170,-58.51466370
381.46972656,-61.76933289
381.66046143,-55.94731140
381.85119629,-58.92755890
382.04193115,-72.21803284
382.23266602,-65.53701782
382.42340088,-54.79198837
382.61413574,-53.17853928
382.80487061,-56.17722321
382.99560547,-63.69014740
383.18634033,-56.56608963
383.37707520,-54.81147766
383.56781006,-59.52823257
383.75854492,-58.99025345
383.94927979,-53.05794525
384.14001465,-57.59978485
384.33074951,-61.70321655
384.52148438,-56.65188599
384.71221924,-55.06322479
384.90295410,-57.78478241
385.09368896,-52.26546860
385.28442383,-54.98602295
385.47515869,-71.68966675
385.66589355,-75.33805084
385.85662842,-56.93290710
386.04736328,-51.90063477
386.23809814,-54.93584442
386.42883301,-52.49256897
386.61956787,-51.66651154
386.81030273,-60.97526550
387.00103760,-60.09732819
387.19177246,-61.70614243
387.38250732,-62.11542511
387.57324219,-70.95446777
387.76397705,-62.17500687
387.95471191,-59.24323654
388.14544678,-64.68288422
388.33618164,-62.66635513
388.52691650,-58.08660126
388.71765137,-57.01120758
388.90838623,-59.90504837
389.09912109,-60.48979187
389.28985596,-62.33852768
389.48059082,-64.73757935
389.67132568,-60.07056808
389.86206055,-60.61206436
390.05279541,-73.37156677
390.24353027,-64.38704681
390.43426514,-67.69045258
390.62500000,-69.49642181
390.81573486,-62.87508011
391.00646973,-60.83578110
391.19720459,-60.31093216
391.38793945,-66.90763855
391.57867432,-64.88397217
391.76940918,-57.91467285
391.96014404,-53.22702408
392.15087891,-51.61693573
392.34161377,-55.65604401
392.53234863,-60.27920532
392.72308350,-62.93636322
392.91381836,-58.35906219
393.10455322,-62.29388809
393.29528809,-60.12265778
393.48602295,-58.71422577
393.67675781,-53.89971924
393.86749268,-55.69912720
394.05822754,-56.69766235
394.24896240,-55.57025146
394.43969727,-56.36024857
394.63043213,-53.40892029
394.82116699,-53.76666641
395.01190186,-55.85377121
395.20263672,-59.01395416
395.39337158,-62.73749924
395.58410645,-57.18957520
395.77484131,-54.34629440
395.96557617,-60.52488327
396.15631104,-68.83033752
396.34704590,-66.23747253
396.53778076,-59.15080261
396.72851562,-55.37437057
396.91925049,-54.47031403
397.10998535,-54.89720917
397.30072021,-54.26435471
397.49145508,-52.93560791
397.68218994,-51.60161972
397.87292480,-53.09920502
398.06365967,-61.60346222
398.25439453,-68.19458771
398.44512939,-62.30553055
398.63586426,-61.33849716
398.82659912,-57.50671005
399.01733398,-54.76298904
399.20806885,-54.21547318
399.39880371,-52.36242676
399.58953857,-53.37971497
399.78027344,-58.93183899
399.97100830,-57.60701752
400.16174316,-60.28988266
400.35247803,-59.63306427
400.54321289,-56.18257904
400.73394775,-56.23123550
400.92468262,-57.13381958
401.11541748,-64.11141205
401.30615234,-65.31300354
401.49688721,-66.43207550
401.68762207,-62.90307999
401.87835693,-58.12236404
402.06909180,-53.67180252
402.25982666,-51.00608063
402.45056152,-53.81819916
402.64129639,-55.10192871
402.83203125,-55.81925964
403.02276611,-54.99283218
403.21350098,-53.31329346
403.40423584,-55.10147476
403.59497070,-58.36709595
403.78570557,-57.45016479
403.97644043,-56.87280273
404.16717529,-62.27244568
404.35791016,-63.50931168
404.54864502,-64.27466583
404.73937988,-65.11681366
404.93011475,-67.17790985
405.12084961,-53.29203033
405.31158447,-49.83490753
405.50231934,-54.81444931
405.69305420,-61.49871826
405.88378906,-56.47813416
406.07452393,-62.50930405
406.26525879,-66.20973206
406.45599365,-71.25453186
406.64672852,-68.33609009
406.83746338,-63.87752533
407.02819824,-64.52433014
407.21893311,-66.39774323
407.40966797,-63.20149231
407.60040283,-55.94222641
407.79113770,-51.27324677
407.98187256,-54.08757782
408.17260742,-64.82923889
408.36334229,-75.18212128
408.55407715,-71.47084045
408.74481201,-63.65991211
408.93554688,-59.75978851
409.12628174,-57.37676239
409.31701660,-53.28043365
409.50775146,-51.18890762
409.69848633,-49.28485870
409.88922119,-49.41931152
410.07995605,-52.34209442
410.27069092,-58.31454468
410.46142578,-65.82200623
410.65216064,-54.86039734
410.84289551,-55.63014984
411.03363037,-66.66213989
411.22436523,-55.09947205
411.41510010,-55.57617188
411.60583496,-55.58451080
411.79656982,-53.57435226
411.98730469,-57.06056976
412.17803955,-56.88007355
412.36877441,-53.68530655
412.55950928,-57.99008942
412.75024414,-60.01516724
412.94097900,-64.54232788
413.13171387,-56.91821671
413.32244873,-52.25196838
413.51318359,-50.81910706
413.70391846,-55.23074341
413.89465332,-62.34903336
414.08538818,-60.46282196
414.27612305,-64.36394501
414.46685791,-53.83560562
414.65759277,-51.12825775
414.84832764,-52.34398651
415.03906250,-58.17997742
415.22979736,-55.41771317
415.42053223,-53.40289688
415.61126709,-53.45600128
415.80200195,-51.88800049
415.99273682,-49.82239532
416.18347168,-49.20151520
416.37420654,-53.59817123
416.56494141,-69.71385193
416.75567627,-58.54364014
416.94641113,-57.57739258
417.13714600,-60.79671860
417.32788086,-62.35000610
417.51861572,-61.70438385
417.70935059,-59.62198639
417.90008545,-57.35832977
418.09082031,-58.83864594
418.28155518,-64.05079651
418.47229004,-53.87014771
418.66302490,-52.74172211
418.85375977,-58.62055206
419.04449463,-58.44868469
419.23522949,-57.05930710
419.42596436,-57.84918213
419.61669922,-56.81510925
419.80743408,-56.87590027
419.99816895,-57.84140778
420.18890381,-74.43830109
420.37963867,-55.19407654
420.57037354,-53.78601074
420.76110840,-54.00981140
420.95184326,-53.35543823
421.14257812,-56.08486176
421.33331299,-63.37349319
421.52404785,-57.01102829
421.71478271,-54.76202393
421.90551758,-55.14871597
422.09625244,-53.05438232
422.28698730,-53.50113297
422.47772217,-70.46307373
422.66845703,-54.49187469
422.85919189,-58.12570572
423.04992676,-60.78600311
423.24066162,-53.57158661
423.43139648,-58.78681183
423.62213135,-56.83291626
423.81286621,-53.93617630
424.00360107,-53.64310455
424.19433594,-55.90069580
424.38507080,-59.30864334
424.57580566,-68.31564331
424.76654053,-56.62725449
424.95727539,-50.91841888
425.14801025,-51.59800720
425.33874512,-54.87334824
425.52947998,-60.00698471
425.72021484,-58.82030869
425.91094971,-60.69190598
426.10168457,-55.56246185
426.29241943,-63.54350281
426.48315430,-65.95606995
426.67388916,-62.78346252
426.86462402,-68.13231659
427.05535889,-59.03432846
427.24609375,-56.97078323
427.43682861,-53.69596100
427.62756348,-52.48806000
427.81829834,-59.30207825
428.00903320,-66.17281342
428.19976807,-65.16156769
428.39050293,-61.77143860
428.58123779,-59.96982193
428.77197266,-57.74433517
428.96270752,-56.41350555
429.15344238,-57.20652008
429.34417725,-62.56938171
429.53491211,-71.81729126
429.72564697,-77.65683746
429.91638184,-61.21886444
430.10711670,-57.10995483
430.29785156,-59.65163422
430.48858643,-67.30812836
430.67932129,-73.34558868
430.87005615,-58.32778168
431.06079102,-56.10401535
431.25152588,-75.12094116
431.44226074,-65.11373901
431.63299561,-60.11786652
431.82373047,-54.18309784
432.01446533,-59.50704575
432.20520020,-68.71820831
432.39593506,-69.85878754
432.58666992,-67.93370056
432.77740479,-67.67665863
432.96813965,-64.52793884
433.15887451,-53.98184967
433.34960938,-55.32339478
433.54034424,-63.81987762
433.73107910,-56.32365417
433.92181396,-59.01673126
434.11254883,-63.16095352
434.30328369,-65.18112946
434.49401855,-53.85690689
434.68475342,-53.63956070
434.87548828,-58.96081924
435.06622314,-59.77471161
435.25695801,-58.63708115
435.44769287,-59.41781998
435.63842773,-57.94252396
435.82916260,-55.62673950
436.01989746,-59.13047791
436.21063232,-61.81058884
436.40136719,-54.97802734
436.59210205,-60.87414551
436.78283691,-56.00077820
436.97357178,-52.74420166
437.16430664,-57.07304001
437.35504150,-61.98136902
437.54577637,-62.72940826
437.73651123,-58.12242889
437.92724609,-55.23766327
438.11798096,-55.65023422
438.30871582,-59.46673965
438.49945068,-53.38276291
438.69018555,-56.90382385
438.88092041,-65.73424530
439.07165527,-70.58952332
439.26239014,-56.15513611
439.45312500,-51.76850891
439.64385986,-52.25038528
439.83459473,-54.31604767
440.02532959,-53.30720901
440.21606445,-55.09165955
440.40679932,-60.14350510
440.59753418,-67.79142761
440.78826904,-57.09507370
440.97900391,-62.49728775
441.16973877,-56.53467178
441.36047363,-55.91837311
441.55120850,-61.32852554
441.74194336,-66.73616028
441.93267822,-64.54464722
442.12341309,-54.56698608
442.31414795,-50.11439896
442.50488281,-50.73486328
442.69561768,-55.06044006
442.88635254,-61.88298035
443.07708740,-68.68605804
443.26782227,-60.79074860
443.45855713,-53.51718140
443.64929199,-52.46440125
443.84002686,-57.67141342
444.03076172,-60.19199753
444.22149658,-58.19544220
444.41223145,-69.87335205
444.60296631,-59.16257858
444.79370117,-59.44233704
444.98443604,-56.03762054
445.17517090,-60.45529175
445.36590576,-57.50868988
445.55664062,-52.33309937
445.74737549,-53.30952454
445.93811035,-56.89067078
446.12884521,-60.74875259
446.31958008,-69.39102173
446.51031494,-61.64348984
446.70104980,-60.82719803
446.89178467,-57.42796326
447.08251953,-54.07099152
447.27325439,-55.27963638
447.46398926,-54.38618088
447.65472412,-52.93129349
447.84545898,-54.88024139
448.03619385,-57.05369568
448.22692871,-54.10819244
448.41766357,-55.66906357
448.60839844,-71.66355133
448.79913330,-59.63177490
448.98986816,-56.59208298
449.18060303,-55.04785156
449.37133789,-62.98788071
449.56207275,-59.99505997
449.75280762,-63.07067490
449.94354248,-51.65861511
450.13427734,-49.97182846
450.32501221,-55.32978058
450.51574707,-62.33166122
450.70648193,-55.84842682
450.89721680,-58.98317337
451.08795166,-55.90747070
451.27868652,-53.86077499
451.46942139,-60.58269501
451.66015625,-63.90187836
451.85089111,-56.29669952
452.04162598,-60.56167603
452.23236084,-65.78636169
452.42309570,-61.61746597
452.61383057,-61.10973740
452.80456543,-58.45782471
452.99530029,-58.16316605
453.18603516,-59.95254517
453.37677002,-60.11799240
453.56750488,-58.79969788
453.75823975,-62.16403580
453.94897461,-60.54901505
454.13970947,-56.25553513
454.33044434,-54.55168915
454.52117920,-54.37593460
454.71191406,-59.06243896
454.90264893,-61.08596420
455.09338379,-52.96436691
455.28411865,-52.84667587
455.47485352,-60.96491241
455.66558838,-59.60628891
455.85632324,-58.32816315
456.04705811,-64.59816742
456.23779297,-61.61708450
456.42852783,-54.70951843
456.61926270,-52.38573074
456.80999756,-53.35462952
457.00073242,-54.33690643
457.19146729,-58.30014038
457.38220215,-89.76748657
457.57293701,-62.79297638
457.76367188,-54.47460938
457.95440674,-50.60514450
458.14514160,-49.67113495
458.33587646,-53.34980774
458.52661133,-57.90923691
458.71734619,-55.76862717
458.90808105,-53.46977615
459.09881592,-53.98674393
459.28955078,-54.84144211
459.48028564,-57.08090210
459.67102051,-57.30673981
459.86175537,-60.34381104
460.05249023,-55.36999512
460.24322510,-52.34142303
460.43395996,-50.86669540
460.62469482,-48.75290298
460.81542969,-49.99790192
461.00616455,-54.95034027
461.19689941,-59.49925995
461.38763428,-57.95516968
461.57836914,-55.21210480
461.76910400,-54.70153427
461.95983887,-52.78564453
462.15057373,-49.34036255
462.34130859,-49.96160507
462.53204346,-54.73567200
462.72277832,-61.35567093
462.91351318,-62.98547745
463.10424805,-61.05118561
463.29498291,-62.57508850
463.48571777,-54.03277588
463.67645264,-53.28288651
463.86718750,-57.11376953
464.05792236,-53.69947815
464.24865723,-52.70062256
464.43939209,-56.48519135
464.63012695,-67.05265045
464.82086182,-53.26922607
465.01159668,-51.53220367
465.20233154,-52.73704529
465.39306641,-53.59752655
465.58380127,-54.30404663
465.77453613,-58.19027710
465.96527100,-58.43288422
466.15600586,-56.22859573
466.34674072,-54.38335800
466.53747559,-57.13508606
466.72821045,-70.63955688
466.91894531,-55.68644714
467.10968018,-55.42477417
467.30041504,-61.12987137
467.49114990,-63.12752533
467.68188477,-56.83468246
467.87261963,-58.45360184
468.06335449,-57.94712067
468.25408936,-57.15904617
468.44482422,-56.46128845
468.63555908,-57.38019562
468.82629395,-56.61632538
469.01702881,-55.34422302
469.20776367,-55.24345398
469.39849854,-57.17865372
469.58923340,-66.44365692
469.77996826,-64.55657196
469.97070312,-62.14947510
470.16143799,-56.43016815
470.35217285,-57.74143219
470.54290771,-53.11949158
470.73364258,-49.35343170
470.92437744,-49.97721100
471.11511230,-63.19277191
471.30584717,-54.64162445
471.49658203,-53.58963394
471.68731689,-59.95520020
471.87805176,-68.71185303
472.06878662,-61.46073914
472.25952148,-55.02915192
472.45025635,-61.54290009
472.64099121,-70.42735291
472.83172607,-63.37901306
473.02246094,-58.21048737
473.21319580,-53.69419479
473.40393066,-55.31187439
473.59466553,-58.46292877
473.78540039,-56.03786087
473.97613525,-60.55699921
474.16687012,-58.66955566
474.35760498,-60.70749283
474.54833984,-61.73213196
474.73907471,-63.06250763
474.92980957,-63.73891830
475.12054443,-66.47999573
475.31127930,-69.62693024
475.50201416,-67.17011261
475.69274902,-61.60225296
475.88348389,-57.38885880
476.07421875,-56.65563965
476.26495361,-58.47466278
476.45568848,-55.08310699
476.64642334,-54.80592346
476.83715820,-56.11458588
477.02789307,-55.85704422
477.21862793,-59.08226776
477.40936279,-70.40063477
477.60009766,-65.10159302
477.79083252,-58.02560425
477.98156738,-56.93754196
478.17230225,-57.96010590
478.36303711,-54.30594635
478.55377197,-53.46266174
478.74450684,-59.44228363
478.93524170,-69.71709442
479.12597656,-58.96769714
479.31671143,-58.04203415
479.50744629,-75.36431122
479.69818115,-58.19374466
479.88891602,-57.79018402
480.07965088,-64.18972015
480.27038574,-61.91894531
480.46112061,-55.36316681
480.65185547,-51.78380966
480.84259033,-52.08420181
481.03332520,-53.90146637
481.22406006,-55.16223145
481.41479492,-62.03074646
481.60552979,-56.29046631
481.79626465,-57.68174744
481.98699951,-77.37149811
482.17773438,-58.52573776
482.36846924,-56.13921356
482.55920410,-59.30836105
482.74993896,-72.00235748
482.94067383,-69.23818970
483.13140869,-69.27207184
483.32214355,-57.58282471
483.51287842,-54.32924271
483.70361328,-55.66715240
483.89434814,-55.92936707
484.08508301,-56.91846848
484.27581787,-63.00544357
484.46655273,-58.15753174
484.65728760,-59.65534592
484.84802246,-80.62110138
485.03875732,-58.71609116
485.22949219,-60.33648682
485.42022705,-62.48389435
485.61096191,-58.71577454
485.80169678,-68.71435547
485.99243164,-65.09337616
486.18316650,-61.57365799
486.37390137,-57.64353943
486.56463623,-58.54032135
486.75537109,-71.63018036
486.94610596,-58.40801239
487.13684082,-60.22257233
487.32757568,-67.88148499
487.51831055,-69.07378387
487.70904541,-64.10379028
487.89978027,-57.76194763
488.09051514,-56.51896667
488.28125000,-65.29291534
488.47198486,-56.49761200
488.66271973,-54.54137802
488.85345459,-54.83602142
489.04418945,-52.73788834
489.23492432,-54.76171494
489.42565918,-56.82513428
489.61639404,-56.95703506
489.80712891,-55.55900574
489.99786377,-53.99024582
490.18859863,-55.51397705
490.37933350,-65.64752197
490.57006836,-56.43593216
490.76080322,-54.18437195
490.95153809,-53.67311478
491.14227295,-53.33344269
491.33300781,-55.03435516
491.52374268,-53.55708694
491.71447754,-51.97441483
491.90521240,-53.15609360
492.09594727,-58.21879959
492.28668213,-60.37341690
492.47741699,-64.97552490
492.66815186,-66.74145508
492.85888672,-58.51100159
493.04962158,-53.84284592
493.24035645,-56.38391876
493.43109131,-57.77872086
493.62182617,-51.98678589
493.81256104,-55.36281204
494.00329590,-59.43196106
494.19403076,-57.32491302
494.38476562,-53.49434662
494.57550049,-51.56890488
494.76623535,-57.22637177
494.95697021,-64.27286530
495.14770508,-74.48069763
495.33843994,-71.62041473
495.52917480,-68.50401306
495.71990967,-60.33348083
495.91064453,-55.02848053
496.10137939,-54.63998413
496.29211426,-63.14096832
496.48284912,-57.63416672
496.67358398,-50.62590790
496.86431885,-49.81309891
497.05505371,-51.09688568
497.24578857,-54.62171936
497.43652344,-63.40307236
497.62725830,-73.82882690
497.81799316,-69.15080261
498.00872803,-64.01488495
498.19946289,-70.80644226
498.39019775,-61.72496796
498.58093262,-59.56491852
498.77166748,-65.06144714
498.96240234,-56.50959778
499.15313721,-55.34297943
499.34387207,-55.74618530
499.53460693,-58.99923325
499.72534180,-53.47320557
499.91607666,-50.99843979
500.10681152,-51.89393616
500.29754639,-56.01058578
500.48828125,-64.58396149
500.67901611,-65.78833771
500.86975098,-57.82628632
501.06048584,-60.02623749
501.25122070,-69.06645203
501.44195557,-55.85241699
501.63269043,-53.20170593
501.82342529,-53.36632538
502.01416016,-55.49736786
502.20489502,-55.49352646
502.39562988,-56.75342941
502.58636475,-63.20543289
502.77709961,-57.56629181
502.96783447,-59.04493332
503.15856934,-58.31265259
503.34930420,-56.96533966
503.54003906,-57.14151764
503.73077393,-64.12992859
503.92150879,-64.53504944
504.11224365,-67.31217194
504.30297852,-65.81958008
504.49371338,-69.23361969
504.68444824,-59.22090149
504.87518311,-58.76426315
505.06591797,-64.63791656
505.25665283,-59.89677048
505.44738770,-54.77310562
505.63812256,-56.33633423
505.82885742,-56.23083115
506.01959229,-55.68590546
506.21032715,-54.68808746
506.40106201,-52.34626007
506.59179688,-51.99127960
506.78253174,-52.15748215
506.97326660,-51.92309952
507.16400146,-53.95306396
507.35473633,-53.76300812
507.54547119,-54.58044052
507.73620605,-62.90557861
507.92694092,-57.57069397
508.11767578,-53.86551285
508.30841064,-58.47761536
508.49914551,-66.51197052
508.68988037,-63.45087433
508.88061523,-65.67233276
509.07135010,-72.28887939
509.26208496,-59.36828613
509.45281982,-55.65100098
509.64355469,-53.71413803
509.83428955,-54.42339325
510.02502441,-54.27280807
510.21575928,-55.06796265
510.40649414,-68.50553131
510.59722900,-62.19766617
510.78796387,-62.45423126
510.97869873,-64.49284363
511.16943359,-57.44769669
511.36016846,-56.46694183
511.55090332,-55.20449066
511.74163818,-55.66939926
511.93237305,-60.51763535
512.12310791,-63.94667053
512.31384277,-68.07480621
512.50457764,-59.78267670
512.69531250,-61.55560303
512.88604736,-73.14308929
513.07678223,-58.50483704
513.26751709,-59.46971512
513.45825195,-65.69306183
513.64898682,-56.17802048
513.83972168,-57.03805542
514.03045654,-57.23506927
514.22119141,-55.97692871
514.41192627,-54.96132660
514.60266113,-53.14881897
514.79339600,-50.93337250
514.98413086,-52.30529785
515.17486572,-55.54141998
515.36560059,-54.16212463
515.55633545,-53.93123627
515.74707031,-55.83766174
515.93780518,-57.97072983
516.12854004,-63.52204132
516.31927490,-56.54184341
516.51000977,-52.25032043
516.70074463,-52.27020264
516.89147949,-57.53382874
517.08221436,-63.22145081
517.27294922,-65.43531036
517.46368408,-58.02954102
517.65441895,-54.94556808
517.84515381,-55.97332382
518.03588867,-52.51738739
518.22662354,-52.33737946
518.41735840,-59.28779984
518.60809326,-66.35742950
518.79882812,-71.74240875
518.98956299,-58.66223907
519.18029785,-57.33778000
519.37103271,-61.46188354
519.56176758,-62.88233185
519.75250244,-66.02188873
519.94323730,-63.51051712
520.13397217,-65.01667023
520.32470703,-61.82654953
520.51544189,-62.82785034
520.70617676,-59.08713531
520.89691162,-60.54431534
521.08764648,-62.13380432
521.27838135,-57.02774811
521.46911621,-64.85914612
521.65985107,-62.37296295
521.85058594,-60.14331818
522.04132080,-59.67340469
522.23205566,-54.63145828
522.42279053,-52.02825928
522.61352539,-55.16298676
522.80426025,-57.42735291
522.99499512,-55.63713837
523.18572998,-55.23120117
523.37646484,-55.77007675
523.56719971,-63.61171341
523.75793457,-72.55650330
523.94866943,-64.31082153
524.13940430,-57.94489288
524.33013916,-54.95174789
524.52087402,-53.08746719
524.71160889,-53.76935959
524.90234375,-52.21018982
525.09307861,-49.25021744
525.28381348,-50.17367935
525.47454834,-54.24042130
525.66528320,-55.53646851
525.85601807,-50.85750580
526.04675293,-52.48103714
526.23748779,-55.18439865
526.42822266,-55.17326736
526.61895752,-56.63691711
526.80969238,-64.03653717
527.00042725,-66.67166901
527.19116211,-56.10623932
527.38189697,-54.29064178
527.57263184,-61.82088852
527.76336670,-74.13090515
527.95410156,-58.09991837
528.14483643,-56.62407303
528.33557129,-62.32368469
528.52630615,-65.38633728
528.71704102,-57.21346283
528.90777588,-52.61513138
529.09851074,-53.95957184
529.28924561,-62.42883682
529.47998047,-55.47715759
529.67071533,-53.63153076
529.86145020,-54.63693237
530.05218506,-56.52115631
530.24291992,-59.39091492
530.43365479,-59.44284058
530.62438965,-62.90010071
530.81512451,-55.47721481
531.00585938,-52.80003357
531.19659424,-53.67330170
531.38732910,-57.36070633
531.57806396,-60.47434235
531.76879883,-60.54302216
531.95953369,-59.62920761
532.15026855,-56.73097992
532.34100342,-55.71870804
532.53173828,-62.58584595
532.72247314,-62.19559479
532.91320801,-54.47534943
533.10394287,-52.30822754
533.29467773,-53.00827026
533.48541260,-56.99417496
533.67614746,-59.69956207
533.86688232,-61.76189804
534.05761719,-53.59750366
534.24835205,-53.46023560
534.43908691,-52.89137268
534.62982178,-57.60234070
534.82055664,-59.39204788
535.01129150,-58.19267273
535.20202637,-57.74839783
535.39276123,-59.42890930
535.58349609,-61.42647552
535.77423096,-67.05899811
535.96496582,-63.64266205
536.15570068,-57.92903519
536.34643555,-59.68185043
536.53717041,-73.86275482
536.72790527,-58.90481949
536.91864014,-57.22441864
537.10937500,-58.77642822
537.30010986,-57.07359314
537.49084473,-63.00668716
537.68157959,-55.62494278
537.87231445,-60.81838989
538.06304932,-63.87203598
538.25378418,-60.33720398
538.44451904,-53.84687424
538.63525391,-52.88107300
538.82598877,-58.31714630
539.01672363,-68.42092896
539.20745850,-71.12597656
539.39819336,-62.27742767
539.58892822,-58.77154922
539.77966309,-58.52996063
539.97039795,-61.76850128
540.16113281,-63.90779877
540.35186768,-71.84336853
540.54260254,-62.30757141
540.73333740,-62.70400238
540.92407227,-70.05370331
541.11480713,-56.95111847
541.30554199,-58.51995850
541.49627686,-74.03555298
541.68701172,-60.66682434
541.87774658,-61.06918335
542.06848145,-69.02960205
542.25921631,-61.18213272
542.44995117,-67.93212891
542.64068604,-64.36145020
542.83142090,-57.38329315
543.02215576,-53.69565964
543.21289062,-51.79964066
543.40362549,-52.22579575
543.59436035,-60.49404526
543.78509521,-56.39266968
543.97583008,-54.87980270
544.16656494,-66.38243866
544.35729980,-54.72443008
544.54803467,-57.54808807
544.73876953,-56.88869476
544.92950439,-55.25562668
545.12023926,-67.41578674
545.31097412,-58.13417435
545.50170898,-55.72010803
545.69244385,-56.06352997
545.88317871,-58.67549133
546.07391357,-64.54179382
546.26464844,-54.70788574
546.45538330,-55.36975479
546.64611816,-66.15525818
546.83685303,-64.48156738
547.02758789,-58.02857208
547.21832275,-57.85758591
547.40905762,-55.22657013
547.59979248,-52.34781647
547.79052734,-52.32609177
547.98126221,-50.38607025
548.17199707,-53.52295303
548.36273193,-55.82379913
548.55346680,-55.65817261
548.74420166,-61.05474472
548.93493652,-55.79732513
549.12567139,-55.32476044
549.31640625,-54.98134995
549.50714111,-51.89809418
549.69787598,-51.01470566
549.88861084,-51.76938629
550.07934570,-56.41599274
550.27008057,-64.63515472
550.46081543,-69.05951691
550.65155029,-59.86598206
550.84228516,-53.19806671
551.03302002,-58.03104019
551.22375488,-60.95611191
551.41448975,-57.39509201
551.60522461,-58.65283203
551.79595947,-60.16925049
551.98669434,-61.55017853
552.17742920,-56.31586456
552.36816406,-53.15155411
552.55889893,-59.66490173
552.74963379,-60.69834900
552.94036865,-57.72571564
553.13110352,-60.58893585
553.32183838,-56.54821014
553.51257324,-55.42737579
553.70330811,-57.62554932
553.89404297,-59.86972046
554.08477783,-54.10867310
554.27551270,-51.34174347
554.46624756,-54.92198944
554.65698242,-68.22332764
554.84771729,-58.94549561
555.03845215,-54.83520126
555.22918701,-59.90592957
555.41992188,-60.40029526
555.61065674,-60.10628510
555.80139160,-59.32261658
555.99212646,-56.20612335
556.18286133,-53.01350021
556.37359619,-55.63230896
556.56433105,-64.44982910
556.75506592,-65.51097870
556.94580078,-60.84849930
557.13653564,-64.50794983
557.32727051,-57.01738739
557.51800537,-51.53831482
557.70874023,-56.83135223
557.89947510,-69.73474884
558.09020996,-63.34455490
558.28094482,-64.61878967
558.47167969,-65.42822266
558.66241455,-56.48666000
558.85314941,-53.49132156
559.04388428,-54.73615265
559.23461914,-56.67154694
559.42535400,-55.65103149
559.61608887,-57.03039169
559.80682373,-65.74406433
559.99755859,-71.92047882
560.18829346,-61.88362122
560.37902832,-64.77581787
560.56976318,-59.57982635
560.76049805,-56.64676666
560.95123291,-55.15370941
561.14196777,-52.53946304
561.33270264,-52.79928207
561.52343750,-54.99724960
561.71417236,-59.58029938
561.90490723,-58.96646881
562.09564209,-52.05249786
562.28637695,-54.14945602
562.47711182,-76.79248047
562.66784668,-58.44562531
562.85858154,-61.55372238
563.04931641,-61.65929413
563.24005127,-52.28385925
563.43078613,-50.44885635
563.62152100,-52.42103577
563.81225586,-61.41973495
564.00299072,-61.67034912
564.19372559,-54.68376541
564.38446045,-59.75665283
564.57519531,-62.60902023
564.76593018,-59.23884964
564.95666504,-56.45597839
565.14739990,-62.11028671
565.33813477,-54.16215897
565.52886963,-54.64485168
565.71960449,-58.83832550
565.91033936,-57.44267273
566.10107422,-54.39283752
566.29180908,-55.37683105
566.48254395,-59.31400299
566.67327881,-54.08597946
566.86401367,-53.65321732
567.05474854,-54.61335754
567.24548340,-54.56378174
567.43621826,-58.22902679
567.62695312,-61.40246582
567.81768799,-55.61650085
568.00842285,-54.84590530
568.19915771,-61.11156845
568.38989258,-61.27245331
568.58062744,-53.43081665
568.77136230,-51.38079834
568.96209717,-51.81195068
569.15283203,-52.46701813
569.34356689,-55.05477524
569.53430176,-62.45155716
569.72503662,-65.75465393
569.91577148,-54.86247635
570.10650635,-53.87619400
570.29724121,-53.14144135
570.48797607,-51.27439880
570.67871094,-55.88838577
570.86944580,-59.65220642
571.06018066,-59.16275024
571.25091553,-51.01414490
571.44165039,-50.43388748
571.63238525,-53.81176376
571.82312012,-62.52228546
572.01385498,-72.18453217
572.20458984,-62.02484131
572.39532471,-60.41289520
572.58605957,-60.13314056
572.77679443,-63.70872498
572.96752930,-60.50191879
573.15826416,-55.01934052
573.34899902,-53.95221710
573.53973389,-57.56527328
573.73046875,-57.74944687
573.92120361,-56.00719833
574.11193848,-57.49365997
574.30267334,-58.05913544
574.49340820,-54.83484268
574.68414307,-55.20458603
574.87487793,-61.48796082
575.06561279,-54.40736389
575.25634766,-60.58346558
575.44708252,-52.96078110
575.63781738,-49.61222839
575.82855225,-53.61132812
576.01928711,-62.65129852
576.21002197,-64.09562683
576.40075684,-64.16092682
576.59149170,-62.32906723
576.78222656,-60.34488297
576.97296143,-63.73250580
577.16369629,-63.05331802
577.35443115,-62.47402954
577.54516602,-59.77625275
577.73590088,-56.73354340
577.92663574,-58.53575134
578.11737061,-57.82847977
578.30810547,-59.89082718
578.49884033,-66.50421906
578.68957520,-54.28962326
578.88031006,-54.00583649
579.07104492,-57.92160416
579.26177979,-64.59958649
579.45251465,-63.18527222
579.64324951,-55.87982941
579.83398438,-54.29517746
580.02471924,-63.17181015
580.21545410,-60.82961273
580.40618896,-58.61734772
580.59692383,-58.08172607
580.78765869,-60.68252945
580.97839355,-57.72939682
581.16912842,-52.62658691
581.35986328,-52.51470566
581.55059814,-60.43547058
581.74133301,-64.01525879
581.93206787,-65.25054169
582.12280273,-59.67808151
582.31353760,-62.40186691
582.50427246,-58.01826859
582.69500732,-53.24989700
582.88574219,-55.68331146
583.07647705,-58.03938293
583.26721191,-54.47803497
583.45794678,-55.08260727
583.64868164,-62.40606308
583.83941650,-56.45995712
584.03015137,-58.44398499
584.22088623,-57.82886505
584.41162109,-54.23182678
584.60235596,-55.33708954
584.79309082,-60.27561951
584.98382568,-59.21245575
585.17456055,-52.75786591
585.36529541,-56.10832596
585.55603027,-67.15090942
585.74676514,-58.27005768
585.93750000,-66.51747131
586.12823486,-60.93109131
586.31896973,-60.34391785
586.50970459,-63.53033066
586.70043945,-59.27200699
586.89117432,-57.86532593
587.08190918,-60.84221649
587.27264404,-65.44534302
587.46337891,-61.39651489
587.65411377,-57.76607513
587.84484863,-50.45512390
588.03558350,-50.91254425
588.22631836,-54.16568756
588.41705322,-57.90778351
588.60778809,-62.36623383
588.79852295,-57.47940445
588.98925781,-62.92724991
589.17999268,-57.76138306
589.37072754,-52.35094070
589.56146240,-52.36759567
589.75219727,-50.65326309
589.94293213,-49.34696198
590.13366699,-53.12942505
590.32440186,-59.81670761
590.51513672,-65.68478394
590.70587158,-55.18527603
590.89660645,-55.75366592
591.08734131,-59.62578583
591.27807617,-57.56563187
591.46881104,-78.91780090
591.65954590,-61.58333588
591.85028076,-56.80622101
592.04101562,-52.98911667
592.23175049,-54.97705460
592.42248535,-64.97222137
592.61322021,-72.27885437
592.80395508,-68.46874237
592.99468994,-64.53844452
593.18542480,-55.98539352
593.37615967,-52.33803177
593.56689453,-58.16607666
593.75762939,-59.48884583
593.94836426,-56.39781952
594.13909912,-62.43451691
594.32983398,-57.27808380
594.52056885,-56.16421509
594.71130371,-65.32928467
594.90203857,-59.90957260
595.09277344,-57.49523926
595.28350830,-55.35592651
595.47424316,-58.36544037
595.66497803,-61.50530243
595.85571289,-54.88628006
596.04644775,-52.79006577
596.23718262,-54.82036591
596.42791748,-54.12152100
596.61865234,-52.92258835
596.80938721,-59.65530014
597.00012207,-61.54723358
597.19085693,-54.53206635
597.38159180,-56.08752441
597.57232666,-58.03914642
597.76306152,-56.89027405
597.95379639,-53.68761444
598.14453125,-53.17165756
598.33526611,-56.78699875
598.52600098,-57.57677460
598.71673584,-54.54417419
598.90747070,-54.88538742
599.09820557,-56.06786728
599.28894043,-60.17855072
599.47967529,-63.73906708
599.67041016,-56.59868622
599.86114502,-57.93676758
600.05187988,-56.52099228
600.24261475,-59.23241043
600.43334961,-63.90020752
600.62408447,-63.01195526
600.81481934,-60.05546951
601.00555420,-58.46358490
601.19628906,-52.39643478
601.38702393,-50.74188614
601.57775879,-53.95331955
601.76849365,-63.27992249
601.95922852,-64.32646942
602.14996338,-58.45846176
602.34069824,-60.86509323
602.53143311,-69.69213867
602.72216797,-62.60475540
602.91290283,-66.70569611
603.10363770,-71.02549744
603.29437256,-63.10384750
603.48510742,-62.97756577
603.67584229,-58.93640900
603.86657715,-54.76305008
604.05731201,-53.17813873
604.24804688,-59.12783813
604.43878174,-60.22205734
604.62951660,-57.63911438
604.82025146,-58.04230499
605.01098633,-56.06701660
605.20172119,-61.52256775
605.39245605,-56.10961914
605.58319092,-54.36743164
605.77392578,-55.61908340
605.96466064,-61.98899078
606.15539551,-60.55409241
606.34613037,-58.63509750
606.53686523,-64.39141083
606.72760010,-52.40455246
606.91833496,-51.25892639
607.10906982,-56.80050278
607.29980469,-58.94922256
607.49053955,-56.83266449
607.68127441,-58.18508148
607.87200928,-54.42785645
608.06274414,-52.73613739
608.25347900,-53.07903671
608.44421387,-55.11996460
608.63494873,-62.99432373
608.82568359,-60.43226624
609.01641846,-55.58852768
609.20715332,-53.64631653
609.39788818,-60.79132843
609.58862305,-59.29103088
609.77935791,-57.86301041
609.97009277,-59.77220535
610.16082764,-63.48141479
610.35156250,-66.93991089
610.54229736,-61.04703903
610.73303223,-55.70531464
610.92376709,-56.46615982
611.11450195,-57.31371307
611.30523682,-55.80651093
611.49597168,-56.72100830
611.68670654,-61.06027222
611.87744141,-60.54314423
612.06817627,-58.29154587
612.25891113,-58.78223801
612.44964600,-59.43605423
612.64038086,-58.72499466
612.83111572,-52.85779953
613.02185059,-52.91205978
613.21258545,-51.50072098
613.40332031,-49.76192474
613.59405518,-50.66804504
613.78479004,-53.78658676
613.97552490,-56.16239166
614.16625977,-60.07503128
614.35699463,-55.56145477
614.54772949,-49.77798462
614.73846436,-48.85869980
614.92919922,-52.20985794
615.11993408,-61.56911850
615.31066895,-60.68694305
615.50140381,-59.01194763
615.69213867,-58.46130753
615.88287354,-53.18709946
616.07360840,-52.43708801
616.26434326,-57.64505386
616.45507812,-70.66706085
616.64581299,-59.89090729
616.83654785,-59.27103424
617.02728271,-57.81505966
617.21801758,-55.48334503
617.40875244,-54.43159485
617.59948730,-57.35212708
617.79022217,-70.75390625
617.98095703,-66.53038025
618.17169189,-62.44747543
618.36242676,-63.27555847
618.55316162,-61.72281265
618.74389648,-63.01412582
618.93463135,-61.97103119
619.12536621,-55.15134811
619.31610107,-51.73866272
619.50683594,-51.63000488
619.69757080,-54.51168060
619.88830566,-55.38656616
620.07904053,-58.74595261
620.26977539,-59.24771881
620.46051025,-53.53685379
620.65124512,-58.58742523
620.84197998,-70.87266541
621.03271484,-72.10757446
621.22344971,-59.77150345
621.41418457,-55.63430786
621.60491943,-59.30574417
621.79565430,-66.60347748
621.98638916,-62.65148926
622.17712402,-56.24752426
622.36785889,-52.74120712
622.55859375,-52.30667877
622.74932861,-52.92070770
622.94006348,-54.02181244
623.13079834,-61.08477783
623.32153320,-64.94309998
623.51226807,-66.06607819
623.70300293,-54.93830109
623.89373779,-49.08187103
624.08447266,-50.41873932
624.27520752,-56.75785446
624.46594238,-52.13664246
624.65667725,-53.15536118
624.84741211,-55.21063232
625.03814697,-55.10027313
625.22888184,-56.41495132
625.41961670,-55.00101089
625.61035156,-54.97634888
625.80108643,-58.07247925
625.99182129,-58.17186356
626.18255615,-59.35031891
626.37329102,-60.42923355
626.56402588,-67.79927063
626.75476074,-65.85522461
626.94549561,-58.27348328
627.13623047,-58.37045288
627.32696533,-61.54575348
627.51770020,-60.39088440
627.70843506,-52.19628143
627.89916992,-50.92371368
628.08990479,-57.15835953
628.28063965,-59.55945969
628.47137451,-58.60250092
628.66210938,-62.92339706
628.85284424,-55.41671371
629.04357910,-56.16515732
629.23431396,-57.46929550
629.42504883,-58.37570572
629.61578369,-60.00849915
629.80651855,-56.58816910
629.99725342,-51.45799637
630.18798828,-50.98504639
630.37872314,-54.60691833
630.56945801,-60.34215546
630.76019287,-61.71124268
630.95092773,-69.01060486
631.14166260,-64.18428040
631.33239746,-58.05878067
631.52313232,-57.50621414
631.71386719,-56.65361023
631.90460205,-56.03734970
632.09533691,-58.09938049
632.28607178,-58.24949265
632.47680664,-58.22168350
632.66754150,-53.42359543
632.85827637,-49.21080780
633.04901123,-50.08032227
633.23974609,-59.63907242
633.43048096,-59.60615540
633.62121582,-53.50559235
633.81195068,-55.19986725
634.00268555,-58.97559357
634.19342041,-58.50259399
634.38415527,-58.64395142
634.57489014,-65.34781647
634.76562500,-54.20747757
634.95635986,-57.43604660
635.14709473,-75.34504700
635.33782959,-57.65744019
635.52856445,-52.94654083
635.71929932,-51.03984070
635.91003418,-52.83588791
636.10076904,-62.81794739
636.29150391,-65.84687805
636.48223877,-58.68911362
636.67297363,-57.47358322
636.86370850,-59.81870651
637.05444336,-60.60653305
637.24517822,-55.74705124
637.43591309,-54.81828690
637.62664795,-62.39527130
637.81738281,-59.08926010
638.00811768,-53.99132156
638.19885254,-52.27822876
638.38958740,-57.40447617
638.58032227,-72.68296814
638.77105713,-61.52203369
638.96179199,-54.98888016
639.15252686,-53.15153503
639.34326172,-54.15473938
639.53399658,-54.65947723
639.72473145,-54.57486725
639.91546631,-56.18109131
640.10620117,-55.78537750
640.29693604,-51.06729126
640.48767090,-53.17365265
640.67840576,-70.77923584
640.86914062,-61.39528656
641.05987549,-66.99951935
641.25061035,-65.14927673
641.44134521,-64.64265442
641.63208008,-61.23886108
641.82281494,-56.39303207
642.01354980,-54.94860840
642.20428467,-64.06634521
642.39501953,-72.79020691
642.58575439,-64.76341248
642.77648926,-62.84552002
642.96722412,-65.19538879
643.15795898,-59.27620316
643.34869385,-67.39081573
643.53942871,-60.07624817
643.73016357,-56.95549011
643.92089844,-54.79986191
644.11163330,-54.29722595
644.30236816,-59.69594955
644.49310303,-90.16178131
644.68383789,-63.00424576
644.87457275,-66.64926910
645.06530762,-66.70185089
645.25604248,-77.88822937
645.44677734,-62.50175476
645.63751221,-60.14046478
645.82824707,-57.15767288
646.01898193,-54.92866516
646.20971680,-53.84141541
646.40045166,-52.98573303
646.59118652,-54.87034225
646.78192139,-60.73056793
646.97265625,-53.06190491
647.16339111,-54.14598083
647.35412598,-67.81635284
647.54486084,-55.77185059
647.73559570,-53.33225250
647.92633057,-52.68722916
648.11706543,-56.80172348
648.30780029,-63.90907669
648.49853516,-56.64967346
648.68927002,-58.67876053
648.88000488,-64.71783447
649.07073975,-59.20545197
649.26147461,-55.14614487
649.45220947,-54.19651794
649.64294434,-52.38617325
649.83367920,-53.88483429
650.02441406,-63.18679047
650.21514893,-60.57367706
650.40588379,-62.53022766
650.59661865,-61.68704605
650.78735352,-57.99400711
650.97808838,-63.53828430
651.16882324,-67.06558990
651.35955811,-55.26486969
651.55029297,-56.15497971
651.74102783,-67.99021912
651.93176270,-56.27872849
652.12249756,-58.03722763
652.31323242,-68.72380066
652.50396729,-67.07388306
652.69470215,-61.23157501
652.88543701,-54.50592041
653.07617188,-51.35194778
653.26690674,-52.82646561
653.45764160,-55.81163788
653.64837646,-65.80255890
653.83911133,-56.36135101
654.02984619,-50.31972504
654.22058105,-50.31858444
654.41131592,-55.12334442
654.60205078,-59.21413422
654.79278564,-55.93745804
654.98352051,-60.21290588
655.17425537,-61.40886307
655.36499023,-54.37023163
655.55572510,-52.32351303
655.74645996,-53.01017761
655.93719482,-57.35012436
656.12792969,-63.53988266
656.31866455,-63.36243439
656.50939941,-63.75282669
656.70013428,-64.22127533
656.89086914,-61.47266006
657.08160400,-66.97653198
657.27233887,-57.76910782
657.46307373,-58.58124161
657.65380859,-69.62499237
657.84454346,-56.97730637
658.03527832,-56.13312149
658.22601318,-56.27468491
658.41674805,-52.27523041
658.60748291,-48.85684967
658.79821777,-48.92272186
658.98895264,-49.61257172
659.17968750,-50.42006683
659.37042236,-56.54828644
659.56115723,-57.29525757
659.75189209,-54.18184280
659.94262695,-60.96347427
660.13336182,-57.45600128
660.32409668,-52.20203400
660.51483154,-50.42943573
660.70556641,-49.63249588
660.89630127,-48.19145584
661.08703613,-49.84091187
661.27777100,-54.00123596
661.46850586,-56.78319931
661.65924072,-78.42109680
661.84997559,-53.07540131
662.04071045,-47.65631866
662.23144531,-47.09638214
662.42218018,-51.19826889
662.61291504,-59.54258347
662.80364990,-57.60783768
662.99438477,-53.35871124
663.18511963,-56.27441788
663.37585449,-60.27242661
663.56658936,-64.89889526
663.75732422,-66.61516571
663.94805908,-62.74545670
664.13879395,-58.57059860
664.32952881,-57.72995758
664.52026367,-62.91415405
664.71099854,-66.27899933
664.90173340,-57.45423889
665.09246826,-56.89073944
665.28320312,-60.11289978
665.47393799,-60.12742996
665.66467285,-73.67787170
665.85540771,-57.05303192
666.04614258,-51.98316574
666.23687744,-52.74314880
666.42761230,-55.73944092
666.61834717,-59.41954041
666.80908203,-56.83464813
666.99981689,-53.38459015
667.19055176,-52.73111725
667.38128662,-50.77574158
667.57202148,-53.77160645
667.76275635,-56.38035583
667.95349121,-59.94418335
668.14422607,-65.16363525
668.33496094,-56.23558044
668.52569580,-57.27047729
668.71643066,-63.99826813
668.90716553,-56.18981171
669.09790039,-53.57019806
669.28863525,-51.95304108
669.47937012,-54.00794220
669.67010498,-57.56587601
669.86083984,-56.89499283
670.05157471,-58.30448151
670.24230957,-71.71308136
670.43304443,-58.47248077
670.62377930,-56.97916412
670.81451416,-61.73311234
671.00524902,-69.69552612
671.19598389,-61.44318390
671.38671875,-57.24578094
671.57745361,-58.47359085
671.76818848,-58.14886093
671.95892334,-57.03356934
672.14965820,-57.38874817
672.34039307,-67.90380096
672.53112793,-52.41669083
672.72186279,-53.35722351
672.91259766,-57.30346298
673.10333252,-57.58621216
673.29406738,-57.51824188
673.48480225,-58.38114929
673.67553711,-59.71400833
673.86627197,-60.59510803
674.05700684,-52.67803574
674.24774170,-53.58100510
674.43847656,-56.50090790
674.62921143,-56.93127060
674.81994629,-55.37187958
675.01068115,-54.24998474
675.20141602,-54.93777466
675.39215088,-55.79397202
675.58288574,-56.10340500
675.77362061,-57.76628113
675.96435547,-56.23182297
676.15509033,-58.59762573
676.34582520,-69.17697906
676.53656006,-57.78014374
676.72729492,-57.90414429
676.91802979,-61.42295837
677.10876465,-64.36334229
677.29949951,-66.81015778
677.49023438,-69.05279541
677.68096924,-67.08926392
677.87170410,-62.61819839
678.06243896,-53.71692657
678.25317383,-51.85770416
678.44390869,-54.02489471
678.63464355,-56.70079041
678.82537842,-63.10506821
679.01611328,-65.79209137
679.20684814,-62.99215317
679.39758301,-66.00579834
679.58831787,-58.24701691
679.77905273,-63.78216171
679.96978760,-63.96117401
680.16052246,-63.06674957
680.35125732,-61.79460526
680.54199219,-58.98208237
680.73272705,-60.92164612
680.92346191,-60.00139618
681.11419678,-58.50427246
681.30493164,-61.68216324
681.49566650,-62.47042847
681.68640137,-59.22492218
681.87713623,-61.51104355
682.06787109,-63.73441696
682.25860596,-59.89102936
682.44934082,-59.84291458
682.64007568,-57.75592422
682.83081055,-57.04138947
683.02154541,-73.32707977
683.21228027,-59.51411819
683.40301514,-60.74470139
683.59375000,-62.36523056
683.78448486,-58.24825287
683.97521973,-52.59239197
684.16595459,-50.65650558
684.35668945,-51.93576813
684.54742432,-51.84011078
684.73815918,-55.11497879
684.92889404,-76.25680542
685.11962891,-55.62011719
685.31036377,-50.66256714
685.50109863,-49.60744858
685.69183350,-52.98980331
685.88256836,-55.20000458
686.07330322,-54.42954254
686.26403809,-58.67609024
686.45477295,-61.03104401
686.64550781,-61.22902298
686.83624268,-63.70235062
687.02697754,-69.64469147
687.21771240,-56.38416290
687.40844727,-56.36944580
687.59918213,-60.20518494
687.78991699,-54.14681244
687.98065186,-54.80574799
688.17138672,-52.24946976
688.36212158,-50.92252350
688.55285645,-50.61832428
688.74359131,-53.27664185
688.93432617,-52.72992706
689.12506104,-49.56935120
689.31579590,-52.11589050
689.50653076,-58.63142395
689.69726562,-69.40769958
689.88800049,-60.91305161
690.07873535,-68.87236023
690.26947021,-70.07388306
690.46020508,-60.21102905
690.65093994,-56.81117630
690.84167480,-55.21330261
691.03240967,-55.47489548
691.22314453,-55.32701111
691.41387939,-60.35179138
691.60461426,-52.05947495
691.79534912,-49.50714111
691.98608398,-53.23241806
692.17681885,-59.94066620
692.36755371,-62.57346344
692.55828857,-57.74380112
692.74902344,-55.79623413
692.93975830,-54.02996826
693.13049316,-55.22755432
693.32122803,-63.04655457
693.51196289,-73.45015717
693.70269775,-58.54060364
693.89343262,-53.68769073
694.08416748,-58.26585388
694.27490234,-64.80104065
694.46563721,-66.69479370
694.65637207,-67.50573730
694.84710693,-65.24124146
695.03784180,-65.17098999
695.22857666,-60.07812881
695.41931152,-53.66510391
695.61004639,-52.23696136
695.80078125,-53.95157623
695.99151611,-57.45686340
696.18225098,-63.57482147
696.37298584,-55.59838104
696.56372070,-56.62569046
696.75445557,-56.06267929
696.94519043,-54.21020126
697.13592529,-52.88983154
697.32666016,-53.58951187
697.51739502,-57.46330261
697.70812988,-70.65965271
697.89886475,-57.28261566
698.08959961,-52.52788544
698.28033447,-52.40142441
698.47106934,-51.98279953
698.66180420,-55.80516815
698.85253906,-69.76894379
699.04327393,-60.49522018
699.23400879,-74.45605469
699.42474365,-55.19621277
699.61547852,-48.99597549
699.80621338,-47.85749817
699.99694824,-51.77542114
700.18768311,-64.20198059
700.37841797,-70.98975372
700.56915283,-66.91175842
700.75988770,-62.31541061
700.95062256,-61.65019989
701.14135742,-63.49892426
701.33209229,-65.52371216
701.52282715,-57.50418091
701.71356201,-52.03590393
701.90429688,-50.12184906
702.09503174,-48.88526154
702.28576660,-51.50731659
702.47650146,-56.11400604
702.66723633,-55.77255630
702.85797119,-62.65129089
703.04870605,-53.52016449
703.23944092,-50.70095444
703.43017578,-52.27970505
703.62091064,-50.76750183
703.81164551,-55.15859222
704.00238037,-54.24523926
704.19311523,-58.77058029
704.38385010,-56.80745697
704.57458496,-51.29150391
704.76531982,-53.96163559
704.95605469,-61.01780701
705.14678955,-69.21589661
705.33752441,-70.03787994
705.52825928,-60.57651138
705.71899414,-55.41490936
705.90972900,-53.81819916
706.10046387,-60.72922134
706.29119873,-63.12076569
706.48193359,-60.80461121
706.67266846,-61.58147812
706.86340332,-56.18921661
707.05413818,-57.30865479
707.24487305,-58.77632904
707.43560791,-57.28259277
707.62634277,-55.74365997
707.81707764,-56.93964005
708.00781250,-67.16337585
708.19854736,-64.44252014
708.38928223,-62.83744431
708.58001709,-55.06191635
708.77075195,-56.09472275
708.96148682,-55.73486710
709.15222168,-54.70578766
709.34295654,-55.21468353
709.53369141,-69.25877380
709.72442627,-66.44685364
709.91516113,-67.04347229
710.10589600,-57.42538834
710.29663086,-55.61085129
710.48736572,-59.29122925
710.67810059,-63.56353760
710.86883545,-58.39308929
711.05957031,-56.40858459
711.25030518,-57.10414505
711.44104004,-58.71074677
711.63177490,-56.46919250
711.82250977,-61.23388290
712.01324463,-53.73239136
712.20397949,-49.04045486
712.39471436,-47.85049438
712.58544922,-49.66192245
712.77618408,-54.15117264
712.96691895,-61.00392151
713.15765381,-58.61959457
713.34838867,-55.66760254
713.53912354,-90.69664001
713.72985840,-58.80271530
713.92059326,-56.59214783
714.11132812,-61.32944107
714.30206299,-55.50296783
714.49279785,-52.88032150
714.68353271,-57.76569366
714.87426758,-58.66090393
715.06500244,-50.88302231
715.25573730,-48.12656784
715.44647217,-48.77700043
715.63720703,-50.58385468
715.82794189,-50.53582001
716.01867676,-52.17589951
716.20941162,-55.76273346
716.40014648,-65.04122925
716.59088135,-54.52867126
716.78161621,-52.04381943
716.97235107,-50.30701065
717.16308594,-50.47855377
717.35382080,-57.37746429
717.54455566,-68.44052887
717.73529053,-60.06175232
717.92602539,-56.74516296
718.11676025,-55.29878998
718.30749512,-58.37316513
718.49822998,-53.01533508
718.68896484,-52.20217133
718.87969971,-57.76395416
719.07043457,-66.87497711
719.26116943,-57.56200409
719.45190430,-53.46762848
719.64263916,-53.76611328
719.83337402,-59.78988266
720.02410889,-72.00620270
720.21484375,-55.10435486
720.40557861,-51.52458954
720.59631348,-54.69887543
720.78704834,-69.70311737
720.97778320,-56.09252548
721.16851807,-57.47153473
721.35925293,-60.33037186
721.54998779,-56.75797272
721.74072266,-55.90016937
721.93145752,-56.51316833
722.12219238,-55.22087860
722.31292725,-58.05801010
722.50366211,-57.11118317
722.69439697,-54.43532944
722.88513184,-58.45247650
723.07586670,-56.46945190
723.26660156,-54.71973801
723.45733643,-56.54537201
723.64807129,-57.51984024
723.83880615,-67.21828461
724.02954102,-56.12567520
724.22027588,-54.96574020
724.41101074,-57.06852722
724.60174561,-59.06689453
724.79248047,-56.94244766
724.98321533,-56.18654633
725.17395020,-64.18929291
725.36468506,-68.88954926
725.55541992,-62.27160645
725.74615479,-67.18111420
725.93688965,-64.87294006
726.12762451,-59.86122894
726.31835938,-63.71554565
726.50909424,-64.88185120
726.69982910,-59.35870361
726.89056396,-61.34195709
727.08129883,-61.00415039
727.27203369,-58.76710892
727.46276855,-61.10633850
727.65350342,-63.22691345
727.84423828,-59.70478439
728.03497314,-58.09455109
728.22570801,-53.17111588
728.41644287,-55.28196716
728.60717773,-60.91192627
728.79791260,-54.12448120
728.98864746,-49.97652054
729.17938232,-48.23439026
729.37011719,-48.48202133
729.56085205,-49.61688614
729.75158691,-50.51424026
729.94232178,-52.58353806
730.13305664,-60.26496887
730.32379150,-59.87086487
730.51452637,-60.47592926
730.70526123,-72.96134949
730.89599609,-68.98345184
731.08673096,-64.38098145
731.27746582,-61.52804565
731.46820068,-58.55397797
731.65893555,-61.57778931
731.84967041,-61.59320068
732.04040527,-66.85010529
732.23114014,-58.17757416
732.42187500,-56.51393890
732.61260986,-54.84683228
732.80334473,-54.11473083
732.99407959,-57.31675720
733.18481445,-60.24339676
733.37554932,-57.50872803
733.56628418,-58.33967209
733.75701904,-72.69877625
733.94775391,-65.67500305
734.13848877,-59.34828186
734.32922363,-54.94282532
734.51995850,-56.22290039
734.71069336,-56.89041519
734.90142822,-57.73855591
735.09216309,-57.83184814
735.28289795,-60.42784882
735.47363281,-59.17274094
735.66436768,-58.20485687
735.85510254,-59.29977798
736.04583740,-54.14488983
736.23657227,-52.94369125
736.42730713,-55.41948318
736.61804199,-57.48077011
736.80877686,-63.89819336
736.99951172,-67.40055084
737.19024658,-60.09288788
737.38098145,-66.15279388
737.57171631,-81.34005737
737.76245117,-61.58737946
737.95318604,-59.09517288
738.14392090,-59.30576324
738.33465576,-60.46083450
738.52539062,-56.12888718
738.71612549,-52.90932083
738.90686035,-53.54507828
739.09759521,-51.89521790
739.28833008,-51.19215012
739.47906494,-52.49963760
739.66979980,-52.99220276
739.86053467,-53.98934937
740.05126953,-52.25660706
740.24200439,-52.04781342
740.43273926,-54.34609985
740.62347412,-61.47356033
740.81420898,-63.72367477
741.00494385,-60.14113617
741.19567871,-57.36706543
741.38641357,-55.46790314
741.57714844,-56.56938934
741.76788330,-55.71371078
741.95861816,-57.56536102
742.14935303,-58.27278137
742.34008789,-53.65895844
742.53082275,-54.78224945
742.72155762,-55.51574707
742.91229248,-56.55273819
743.10302734,-65.24288177
743.29376221,-51.71648026
743.48449707,-49.23697662
743.67523193,-52.40926361
743.86596680,-55.93906784
744.05670166,-54.60756683
744.24743652,-60.96608734
744.43817139,-60.21375275
744.62890625,-62.95574188
744.81964111,-61.19598007
745.01037598,-61.22596741
745.20111084,-62.12690735
745.39184570,-60.30689240
745.58258057,-56.13379669
745.77331543,-53.34817505
745.96405029,-56.85207748
746.15478516,-72.01545715
746.34552002,-59.21240997
746.53625488,-57.49587631
746.72698975,-55.10337448
746.91772461,-53.13259125
747.10845947,-51.53898621
747.29919434,-54.72622681
747.48992920,-61.40161896
747.68066406,-61.56605530
747.87139893,-59.68143082
748.06213379,-51.99641800
748.25286865,-49.52197266
748.44360352,-54.78623962
748.63433838,-55.01684570
748.82507324,-51.47737122
749.01580811,-55.83940125
749.20654297,-54.06536865
749.39727783,-50.86523056
749.58801270,-51.63533783
749.77874756,-51.91280746
749.96948242,-51.41132736
750.16021729,-51.03902435
750.35095215,-51.71680450
750.54168701,-54.15687943
750.73242188,-68.25233459
750.92315674,-64.59802246
751.11389160,-62.31201553
751.30462646,-85.55965424
751.49536133,-57.81829453
751.68609619,-59.49868011
751.87683105,-71.08228302
752.06756592,-60.57425690
752.25830078,-58.11445236
752.44903564,-64.22346497
752.63977051,-64.34828186
752.83050537,-57.47871399
753.02124023,-56.89136124
753.21197510,-62.56682587
753.40270996,-59.64653397
753.59344482,-60.74015045
753.78417969,-71.27701569
753.97491455,-61.85542297
754.16564941,-67.66978455
754.35638428,-56.79705048
754.54711914,-53.82218933
754.73785400,-55.77934647
754.92858887,-56.84249115
755.11932373,-56.03057098
755.31005859,-56.23098755
755.50079346,-58.73206329
755.69152832,-56.36435699
755.88226318,-55.88552856
756.07299805,-55.43487930
756.26373291,-54.56347656
756.45446777,-55.90745544
756.64520264,-60.26153183
756.83593750,-60.03944778
757.02667236,-54.71006393
757.21740723,-55.74446106
757.40814209,-65.15979004
757.59887695,-57.20080948
757.78961182,-52.27013397
757.98034668,-55.30352020
758.17108154,-68.23443604
758.36181641,-63.17109680
758.55255127,-59.70343781
758.74328613,-54.19183350
758.93402100,-52.25410080
759.12475586,-53.30057144
759.31549072,-59.11921692
759.50622559,-63.15723801
759.69696045,-57.78341293
759.88769531,-60.63074112
760.07843018,-58.57792282
760.26916504,-54.03843689
760.45989990,-54.81136703
760.65063477,-57.48243332
760.84136963,-59.30369949
761.03210449,-56.96177673
761.22283936,-62.57437134
761.41357422,-60.77750778
761.60430908,-62.14620209
761.79504395,-74.18870544
761.98577881,-59.46552277
762.17651367,-53.75550079
762.36724854,-53.19412613
762.55798340,-58.32030487
762.74871826,-56.39235687
762.93945312,-55.87705994
763.13018799,-61.93030930
763.32092285,-53.50702286
763.51165771,-52.96967316
763.70239258,-60.63916779
763.89312744,-58.79378891
764.08386230,-64.62035370
764.27459717,-59.76341629
764.46533203,-59.49319839
764.65606689,-66.03538513
764.84680176,-59.17449570
765.03753662,-61.04122162
765.22827148,-67.50988770
765.41900635,-74.37770081
765.60974121,-58.92200089
765.80047607,-58.50091553
765.99121094,-68.07420349
766.18194580,-70.80763245
766.37268066,-58.38192368
766.56341553,-49.40093231
766.75415039,-48.52693176
766.94488525,-54.09480667
767.13562012,-68.16168213
767.32635498,-60.39542389
767.51708984,-62.27871323
767.70782471,-65.05638123
767.89855957,-64.00712585
768.08929443,-61.33161545
768.28002930,-55.61007690
768.47076416,-61.10457993
768.66149902,-63.42229462
768.85223389,-60.71246719
769.04296875,-60.64725494
769.23370361,-69.91332245
769.42443848,-53.80158234
769.61517334,-50.74858856
769.80590820,-51.90933609
769.99664307,-53.21268082
770.18737793,-52.66677856
770.37811279,-52.10065460
770.56884766,-57.62129974
770.75958252,-55.56278992
770.95031738,-49.67638016
771.14105225,-49.10750961
771.33178711,-50.46714401
771.52252197,-51.47375488
771.71325684,-53.46626663
771.90399170,-53.36106110
772.09472656,-54.70003510
772.28546143,-55.51007080
772.47619629,-55.99103928
772.66693115,-64.47324371
772.85766602,-60.21730804
773.04840088,-59.41812515
773.23913574,-58.64084244
773.42987061,-54.64025879
773.62060547,-56.72639847
773.81134033,-61.37187576
774.00207520,-64.74974823
774.19281006,-58.33927155
774.38354492,-63.78755569
774.57427979,-56.20008469
774.76501465,-51.17842865
774.95574951,-53.16204071
775.14648438,-59.54448318
775.33721924,-55.56159973
775.52795410,-56.26998901
775.71868896,-60.40474701
775.90942383,-58.53188324
776.10015869,-58.04036713
776.29089355,-68.44876862
776.48162842,-59.84743118
776.67236328,-62.43417358
776.86309814,-62.17201233
777.05383301,-56.06082916
777.24456787,-54.13822556
777.43530273,-53.74065018
777.62603760,-55.66970444
777.81677246,-59.17613983
778.00750732,-61.35521698
778.19824219,-66.27938080
778.38897705,-59.20391083
778.57971191,-60.92958069
778.77044678,-66.18688202
778.96118164,-58.60553360
779.15191650,-56.30350113
779.34265137,-56.32419586
779.53338623,-54.42469025
779.72412109,-57.05461121
779.91485596,-58.53664780
780.10559082,-55.88140488
780.29632568,-55.17333603
780.48706055,-54.37267303
780.67779541,-54.29759598
780.86853027,-60.05089188
781.05926514,-64.14853668
