Frequency,Channel A

0.00000000,-23.59853554
0.19073486,-30.87823868
0.38146973,-45.74907684
0.57220459,-51.46290207
0.76293945,-53.92863846
0.95367432,-47.93083954
1.14440918,-49.10482407
1.33514404,-54.07221985
1.52587891,-57.09334946
1.71661377,-50.65270233
1.90734863,-51.30802917
2.09808350,-61.97318268
2.28881836,-55.74851990
2.47955322,-54.97795486
2.67028809,-51.12020111
2.86102295,-56.39814758
3.05175781,-60.91837311
3.24249268,-42.82807159
3.43322754,-25.14702797
3.62396240,-4.56122446
3.81469727,3.61978650
4.00543213,3.55516005
4.19616699,-4.76113701
4.38690186,-27.79616547
4.57763672,-17.56960106
4.76837158,-15.18846416
4.95910645,-20.37852859
5.14984131,-36.58824539
5.34057617,-60.56589508
5.53131104,-52.52014542
5.72204590,-51.15995026
5.91278076,-48.19845581
6.10351562,-50.80164337
6.29425049,-54.29073334
6.48498535,-58.58981705
6.67572021,-65.36597443
6.86645508,-59.77240753
7.05718994,-62.51966476
7.24792480,-59.88421631
7.43865967,-56.24440765
7.62939453,-61.31156540
7.82012939,-66.30484772
8.01086426,-55.71537018
8.20159912,-55.00062943
8.39233398,-62.70217133
8.58306885,-53.48860931
8.77380371,-50.60736847
8.96453857,-51.37413025
9.15527344,-52.18576431
9.34600830,-56.11653137
9.53674316,-53.06475830
9.72747803,-54.79415512
9.91821289,-64.44477081
10.10894775,-54.17864227
10.29968262,-53.27098083
10.49041748,-56.31134796
10.68115234,-50.32011414
10.87188721,-47.03432465
11.06262207,-48.43727112
11.25335693,-47.84535217
11.44409180,-45.66693115
11.63482666,-45.47092819
11.82556152,-43.86064148
12.01629639,-44.80321884
12.20703125,-45.35182571
12.39776611,-43.25240707
12.58850098,-44.43473053
12.77923584,-51.55107880
12.96997070,-65.36064911
13.16070557,-52.70370483
13.35144043,-53.56826401
13.54217529,-52.27262878
13.73291016,-60.59871674
13.92364502,-59.51499939
14.11437988,-54.45002747
14.30511475,-53.50318909
14.49584961,-51.64462280
14.68658447,-49.98513794
14.87731934,-58.45838165
15.06805420,-50.64369583
15.25878906,-49.50422668
15.44952393,-60.82114792
15.64025879,-48.40197754
15.83099365,-50.42789841
16.02172852,-49.95455933
16.21246338,-52.11157227
16.40319824,-56.22090912
16.59393311,-51.08562851
16.78466797,-55.71842575
16.97540283,-51.91017914
17.16613770,-46.87071991
17.35687256,-46.97865295
17.54760742,-52.12889862
17.73834229,-56.87131882
17.92907715,-54.95052719
18.11981201,-65.40023804
18.31054688,-55.04084015
18.50128174,-59.80889130
18.69201660,-52.06048584
18.88275146,-46.78926468
19.07348633,-47.90268707
19.26422119,-46.28982925
19.45495605,-46.61448669
19.64569092,-47.55113220
19.83642578,-50.11590958
20.02716064,-56.76726532
20.21789551,-50.50362396
20.40863037,-47.54341507
20.59936523,-49.89914703
20.79010010,-60.00799561
20.98083496,-50.75551605
21.17156982,-56.31534576
21.36230469,-56.48233795
21.55303955,-49.64682007
21.74377441,-49.32758713
21.93450928,-50.76734543
22.12524414,-53.45964432
22.31597900,-71.99497986
22.50671387,-65.40696716
22.69744873,-60.66198730
22.88818359,-56.29212189
23.07891846,-69.81625366
23.26965332,-51.84480286
23.46038818,-48.38047791
23.65112305,-51.05547333
23.84185791,-51.99772644
24.03259277,-48.55503082
24.22332764,-50.81992340
24.41406250,-71.62895966
24.60479736,-54.54898071
24.79553223,-49.77692413
24.98626709,-45.45267105
25.17700195,-46.50360870
25.36773682,-56.88214874
25.55847168,-54.05050659
25.74920654,-47.66648102
25.93994141,-47.08335876
26.13067627,-55.48850632
26.32141113,-59.26094055
26.51214600,-49.02825928
26.70288086,-44.28021240
26.89361572,-47.70332718
27.08435059,-51.36489105
27.27508545,-49.35930252
27.46582031,-50.73535919
27.65655518,-55.01918030
27.84729004,-51.24769592
28.03802490,-47.11866760
28.22875977,-50.16605759
28.41949463,-55.92529297
28.61022949,-56.75167084
28.80096436,-57.18946838
28.99169922,-62.89341736
29.18243408,-57.70861053
29.37316895,-51.96375275
29.56390381,-50.14476395
29.75463867,-54.15526581
29.94537354,-63.14097595
30.13610840,-59.42272186
30.32684326,-54.70157623
30.51757812,-54.97442627
30.70831299,-54.87512207
30.89904785,-53.77668762
31.08978271,-52.22858047
31.28051758,-53.95141602
31.47125244,-56.17817688
31.66198730,-59.58463287
31.85272217,-67.91381836
32.04345703,-66.52542877
32.23419189,-64.05233765
32.42492676,-55.34271622
32.61566162,-50.59227371
32.80639648,-49.07183838
32.99713135,-52.93044662
33.18786621,-54.64009094
33.37860107,-56.65016937
33.56933594,-65.56389618
33.76007080,-57.92198944
33.95080566,-68.10918427
34.14154053,-55.76675797
34.33227539,-60.84079361
34.52301025,-51.42656708
34.71374512,-46.75348282
34.90447998,-46.57307434
35.09521484,-53.17913055
35.28594971,-54.50377655
35.47668457,-49.88607025
35.66741943,-57.27119827
35.85815430,-60.50270081
36.04888916,-50.97930527
36.23962402,-51.51933289
36.43035889,-56.92570114
36.62109375,-61.72528839
36.81182861,-57.63250732
37.00256348,-53.05778122
37.19329834,-52.41757965
37.38403320,-52.07079315
37.57476807,-53.80610657
37.76550293,-58.81906509
37.95623779,-59.38751221
38.14697266,-57.43905640
38.33770752,-61.72045135
38.52844238,-58.50433731
38.71917725,-52.00143814
38.90991211,-51.26784897
39.10064697,-56.51591873
39.29138184,-57.37791061
39.48211670,-53.04191208
39.67285156,-51.85651779
39.86358643,-54.13011551
40.05432129,-52.70293427
40.24505615,-54.10692215
40.43579102,-56.49641418
40.62652588,-58.11759186
40.81726074,-58.61182404
41.00799561,-52.84669495
41.19873047,-51.37128448
41.38946533,-55.18362045
41.58020020,-68.58875275
41.77093506,-63.32043076
41.96166992,-57.51792145
42.15240479,-55.82605362
42.34313965,-54.37648773
42.53387451,-54.38079453
42.72460938,-49.10081482
42.91534424,-48.88808441
43.10607910,-53.12385941
43.29681396,-54.47517014
43.48754883,-59.40985870
43.67828369,-57.33948517
43.86901855,-56.04297256
44.05975342,-54.10754776
44.25048828,-62.45663071
44.44122314,-61.20388412
44.63195801,-59.78472137
44.82269287,-64.93228149
45.01342773,-64.05252075
45.20416260,-55.34837341
45.39489746,-49.41375732
45.58563232,-49.46659470
45.77636719,-50.84260559
45.96710205,-51.09235382
46.15783691,-51.68791962
46.34857178,-51.68035507
46.53930664,-48.08539581
46.73004150,-46.77704239
46.92077637,-49.70241165
47.11151123,-56.99100494
47.30224609,-73.72521210
47.49298096,-56.32629013
47.68371582,-56.68170166
47.87445068,-62.13296890
48.06518555,-61.17316818
48.25592041,-61.65185928
48.44665527,-55.03424835
48.63739014,-54.70916748
48.82812500,-56.16349792
49.01885986,-57.62586212
49.20959473,-72.68244934
49.40032959,-68.39878845
49.59106445,-59.99146271
49.78179932,-53.58437347
49.97253418,-54.03795242
50.16326904,-53.34240341
50.35400391,-49.98571777
50.54473877,-49.39722443
50.73547363,-49.32398224
50.92620850,-48.59342575
51.11694336,-47.51314545
51.30767822,-46.12487793
51.49841309,-47.49448776
51.68914795,-50.84703827
51.87988281,-49.21981430
52.07061768,-49.59770966
52.26135254,-55.26228333
52.45208740,-53.07327652
52.64282227,-50.54306030
52.83355713,-55.33308029
53.02429199,-57.43402481
53.21502686,-50.72694778
53.40576172,-53.41555023
53.59649658,-58.35198975
53.78723145,-57.35070038
53.97796631,-57.91157150
54.16870117,-70.09332275
54.35943604,-54.41447830
54.55017090,-53.47253418
54.74090576,-62.99293900
54.93164062,-61.60549927
55.12237549,-54.88854218
55.31311035,-54.14525604
55.50384521,-52.64093781
55.69458008,-51.00006485
55.88531494,-55.30587769
56.07604980,-63.80113983
56.26678467,-57.10777664
56.45751953,-59.39472961
56.64825439,-55.93246841
56.83898926,-49.98149109
57.02972412,-50.56726456
57.22045898,-55.62876892
57.41119385,-56.91135025
57.60192871,-53.42829895
57.79266357,-53.00320435
57.98339844,-59.72004700
58.17413330,-61.51253128
58.36486816,-58.25622559
58.55560303,-52.89994049
58.74633789,-51.70528030
58.93707275,-58.21801758
59.12780762,-55.45460510
59.31854248,-49.70329666
59.50927734,-51.58483505
59.70001221,-55.24810028
59.89074707,-49.43733215
60.08148193,-45.72111130
60.27221680,-48.97639465
60.46295166,-62.12976074
60.65368652,-51.89486694
60.84442139,-53.03304672
61.03515625,-61.26470184
61.22589111,-53.31494141
61.41662598,-50.70636749
61.60736084,-50.44469833
61.79809570,-49.53696442
61.98883057,-50.76539993
62.17956543,-58.72842407
62.37030029,-69.86951447
62.56103516,-61.69427490
62.75177002,-61.55563354
62.94250488,-53.71788025
63.13323975,-51.52364349
63.32397461,-55.33094788
63.51470947,-63.29036713
63.70544434,-64.51257324
63.89617920,-54.91539764
64.08691406,-53.14397812
64.27764893,-52.38339233
64.46838379,-49.43695450
64.65911865,-49.96611786
64.84985352,-57.96272278
65.04058838,-68.93996429
65.23132324,-62.41659546
65.42205811,-52.28546524
65.61279297,-50.08340836
65.80352783,-49.70653915
65.99426270,-53.22603607
66.18499756,-53.70539093
66.37573242,-53.05068207
66.56646729,-53.65449524
66.75720215,-57.71878815
66.94793701,-73.92158508
67.13867188,-76.01548004
67.32940674,-58.48963928
67.52014160,-54.24434280
67.71087646,-56.74460602
67.90161133,-59.14014435
68.09234619,-55.49433136
68.28308105,-60.92628860
68.47381592,-60.44276810
68.66455078,-56.55395889
68.85528564,-55.51753235
69.04602051,-56.23552704
69.23675537,-56.83393478
69.42749023,-54.43039703
69.61822510,-62.81966400
69.80895996,-59.98510361
69.99969482,-58.58401489
70.19042969,-63.14722061
70.38116455,-62.28445435
70.57189941,-60.98464203
70.76263428,-52.72423553
70.95336914,-49.39609909
71.14410400,-53.44755173
71.33483887,-67.51773834
71.52557373,-56.61141205
71.71630859,-58.81654358
71.90704346,-65.81946564
72.09777832,-57.11393356
72.28851318,-53.68398285
72.47924805,-72.26565552
72.66998291,-53.58908844
72.86071777,-47.19428635
73.05145264,-46.76158524
73.24218750,-54.14606094
73.43292236,-62.69409180
73.62365723,-53.92122650
73.81439209,-50.91766739
74.00512695,-50.21402359
74.19586182,-52.60760498
74.38659668,-58.04413605
74.57733154,-49.00013733
74.76806641,-49.55915833
74.95880127,-50.89340210
75.14953613,-49.30922699
75.34027100,-47.49748993
75.53100586,-48.46614838
75.72174072,-50.77111053
75.91247559,-58.86855698
76.10321045,-68.97206116
76.29394531,-56.65583038
76.48468018,-53.13081741
76.67541504,-57.61190414
76.86614990,-57.94501877
77.05688477,-53.87786484
77.24761963,-52.06891632
77.43835449,-52.27801514
77.62908936,-56.25309753
77.81982422,-57.70580673
78.01055908,-55.71401215
78.20129395,-54.31520844
78.39202881,-54.82569885
78.58276367,-67.81114197
78.77349854,-61.96461105
78.96423340,-81.72384644
79.15496826,-60.86755371
79.34570312,-56.03208923
79.53643799,-57.01439285
79.72717285,-58.25701141
79.91790771,-60.48044205
80.10864258,-55.19335175
80.29937744,-54.48405457
80.49011230,-56.09091187
80.68084717,-58.62683105
80.87158203,-57.26082611
81.06231689,-54.08862305
81.25305176,-51.31561279
81.44378662,-53.63148499
81.63452148,-64.50669098
81.82525635,-67.69818115
82.01599121,-61.26399994
82.20672607,-52.65510559
82.39746094,-51.89823151
82.58819580,-55.79351807
82.77893066,-58.14847946
82.96966553,-51.97969437
83.16040039,-49.00341415
83.35113525,-51.82962036
83.54187012,-61.27471924
83.73260498,-65.29443359
83.92333984,-57.69369125
84.11407471,-57.63171768
84.30480957,-54.91113663
84.49554443,-49.49523544
84.68627930,-51.64219666
84.87701416,-60.27940369
85.06774902,-58.15448761
85.25848389,-53.29296494
85.44921875,-52.34736633
85.63995361,-54.42353821
85.83068848,-58.78926849
86.02142334,-76.32535553
86.21215820,-59.86263275
86.40289307,-57.64588165
86.59362793,-55.68110657
86.78436279,-52.46675491
86.97509766,-52.17343903
87.16583252,-57.45603943
87.35656738,-63.46385574
87.54730225,-55.01998520
87.73803711,-55.28028870
87.92877197,-58.02917480
88.11950684,-61.56696320
88.31024170,-60.22347260
88.50097656,-57.79245758
88.69171143,-65.62050629
88.88244629,-53.19286346
89.07318115,-53.16864777
89.26391602,-53.75551224
89.45465088,-56.00303268
89.64538574,-57.15690613
89.83612061,-64.56369019
90.02685547,-59.37545395
90.21759033,-63.95174026
90.40832520,-58.17737579
90.59906006,-55.43710709
90.78979492,-68.36831665
90.98052979,-60.85364914
91.17126465,-67.12854004
91.36199951,-59.51079559
91.55273438,-52.19855499
91.74346924,-52.76303101
91.93420410,-75.43470764
92.12493896,-55.12084579
92.31567383,-60.97737885
92.50640869,-51.58111572
92.69714355,-49.69663620
92.88787842,-53.14640045
93.07861328,-56.60789871
93.26934814,-67.66909790
93.46008301,-56.08356476
93.65081787,-55.81460571
93.84155273,-55.30989075
94.03228760,-50.67230606
94.22302246,-52.73112869
94.41375732,-55.66510773
94.60449219,-54.01243591
94.79522705,-57.75799561
94.98596191,-53.64444733
95.17669678,-65.27617645
95.36743164,-53.43881989
95.55816650,-62.20417023
95.74890137,-53.36988068
95.93963623,-52.88101578
96.13037109,-54.76846313
96.32110596,-65.13320160
96.51184082,-54.68920898
96.70257568,-54.78231049
96.89331055,-68.11041260
97.08404541,-56.23491669
97.27478027,-65.93596649
97.46551514,-52.80256653
97.65625000,-54.54211426
97.84698486,-58.71783829
98.03771973,-55.89691925
98.22845459,-52.67184830
98.41918945,-51.67211914
98.60992432,-59.06727600
98.80065918,-55.55937958
98.99139404,-50.36994171
99.18212891,-51.98098755
99.37286377,-59.04952621
99.56359863,-62.26638031
99.75433350,-61.93859482
99.94506836,-66.37474823
100.13580322,-53.87147522
100.32653809,-54.35238647
100.51727295,-56.11310577
100.70800781,-57.83784485
100.89874268,-58.08896637
101.08947754,-58.96765137
101.28021240,-60.53520584
101.47094727,-57.66930389
101.66168213,-61.47449875
101.85241699,-52.31857681
102.04315186,-54.26728821
102.23388672,-60.30328751
102.42462158,-54.37220764
102.61535645,-51.19550705
102.80609131,-54.17808151
102.99682617,-51.97670746
103.18756104,-53.55609512
103.37829590,-52.90061188
103.56903076,-56.67781830
103.75976562,-71.05397034
103.95050049,-61.47080994
104.14123535,-70.93016815
104.33197021,-54.33660126
104.52270508,-49.29597473
104.71343994,-49.29086685
104.90417480,-53.91763687
105.09490967,-57.96836853
105.28564453,-52.35184097
105.47637939,-52.94624329
105.66711426,-52.62741470
105.85784912,-56.22533417
106.04858398,-60.62101746
106.23931885,-70.25184631
106.43005371,-56.58559799
106.62078857,-51.27869415
106.81152344,-50.22674942
107.00225830,-53.24754333
107.19299316,-53.21746826
107.38372803,-59.23459625
107.57446289,-58.44564438
107.76519775,-51.93583679
107.95593262,-51.99356079
108.14666748,-52.17543793
108.33740234,-51.01287079
108.52813721,-53.80910492
108.71887207,-58.91167450
108.90960693,-62.46750259
109.10034180,-59.16416931
109.29107666,-59.20885468
109.48181152,-64.77809906
109.67254639,-60.72805786
109.86328125,-53.68693924
110.05401611,-50.62728500
110.24475098,-51.63448715
110.43548584,-58.12430954
110.62622070,-67.81161499
110.81695557,-58.25612640
111.00769043,-68.33586121
111.19842529,-62.63391113
111.38916016,-54.10456085
111.57989502,-54.40107346
111.77062988,-59.69558334
111.96136475,-61.41802216
112.15209961,-61.66905975
112.34283447,-56.38729858
112.53356934,-56.86213684
112.72430420,-57.64684677
112.91503906,-68.46318054
113.10577393,-53.04947281
113.29650879,-53.25591660
113.48724365,-56.49632263
113.67797852,-54.23244476
113.86871338,-65.21470642
114.05944824,-64.49823761
114.25018311,-57.27375412
114.44091797,-52.33059311
114.63165283,-53.18389511
114.82238770,-56.30123901
115.01312256,-53.20729065
115.20385742,-52.71890259
115.39459229,-55.47962952
115.58532715,-55.35503769
115.77606201,-55.93696976
115.96679688,-57.88545609
116.15753174,-55.88945389
116.34826660,-55.20238876
116.53900146,-59.65303421
116.72973633,-61.66535187
116.92047119,-61.08403778
117.11120605,-52.31506348
117.30194092,-54.43436050
117.49267578,-57.48529434
117.68341064,-59.58556747
117.87414551,-62.76203537
118.06488037,-56.69162750
118.25561523,-66.11588287
118.44635010,-58.20344543
118.63708496,-57.76889038
118.82781982,-59.77427673
119.01855469,-56.33889008
119.20928955,-59.08221436
119.40002441,-58.80414963
119.59075928,-55.05731583
119.78149414,-57.46672058
119.97222900,-63.73317719
120.16296387,-51.50856018
120.35369873,-49.86362076
120.54443359,-54.97702789
120.73516846,-64.20837402
120.92590332,-54.36756134
121.11663818,-52.16521454
121.30737305,-50.92552185
121.49810791,-50.24717712
121.68884277,-52.57151794
121.87957764,-59.90520477
122.07031250,-62.45702362
122.26104736,-56.13558960
122.45178223,-55.97419357
122.64251709,-56.26171875
122.83325195,-63.40322113
123.02398682,-58.00786972
123.21472168,-52.55697250
123.40545654,-53.28872299
123.59619141,-55.42368317
123.78692627,-56.70300293
123.97766113,-55.72968292
124.16839600,-52.66618729
124.35913086,-50.12051010
124.54986572,-50.59816360
124.74060059,-55.08438110
124.93133545,-60.91677094
125.12207031,-66.78726959
125.31280518,-59.38997269
125.50354004,-55.91472244
125.69427490,-59.85316849
125.88500977,-55.58392334
126.07574463,-57.52688599
126.26647949,-49.06739807
126.45721436,-49.44358826
126.64794922,-60.27788544
126.83868408,-59.31544876
127.02941895,-55.87377167
127.22015381,-60.80824280
127.41088867,-57.17119217
127.60162354,-53.96565247
127.79235840,-55.98437881
127.98309326,-56.13185883
128.17382812,-53.02345657
128.36456299,-50.96435547
128.55529785,-52.74245453
128.74603271,-56.34700394
128.93676758,-54.32067490
129.12750244,-53.23507309
129.31823730,-53.75996017
129.50897217,-58.82192993
129.69970703,-61.68649292
129.89044189,-58.69729996
130.08117676,-65.73619080
130.27191162,-66.78929138
130.46264648,-54.64551926
130.65338135,-53.30158615
130.84411621,-58.06841278
131.03485107,-56.58175659
131.22558594,-54.32587433
131.41632080,-54.21868134
131.60705566,-51.44283676
131.79779053,-52.17389679
131.98852539,-54.48216248
132.17926025,-60.56068420
132.36999512,-63.53031158
132.56072998,-56.56103516
132.75146484,-57.24474335
132.94219971,-60.28607178
133.13293457,-57.91038513
133.32366943,-53.87958145
133.51440430,-53.57127762
133.70513916,-60.23686981
133.89587402,-58.31846237
134.08660889,-64.45753479
134.27734375,-67.39218903
134.46807861,-63.66974640
134.65881348,-59.48844147
134.84954834,-55.50445557
135.04028320,-57.29064178
135.23101807,-61.13283157
135.42175293,-52.64483643
135.61248779,-49.52312088
135.80322266,-53.82959366
135.99395752,-62.87001801
136.18469238,-54.02948380
136.37542725,-53.73773193
136.56616211,-51.27370834
136.75689697,-48.04306030
136.94763184,-48.99231720
137.13836670,-57.36257553
137.32910156,-56.98381424
137.51983643,-69.03939056
137.71057129,-56.27611542
137.90130615,-56.95398331
138.09204102,-57.73244858
138.28277588,-59.52100372
138.47351074,-65.96987152
138.66424561,-64.20108032
138.85498047,-60.77323532
139.04571533,-58.52906799
139.23645020,-63.38599396
139.42718506,-58.15665436
139.61791992,-55.08987808
139.80865479,-55.04089355
139.99938965,-55.38365173
140.19012451,-62.32652283
140.38085938,-61.97669983
140.57159424,-55.53503036
140.76232910,-55.30082703
140.95306396,-54.74491501
141.14379883,-60.20921707
141.33453369,-55.53160858
141.52526855,-55.06192017
141.71600342,-56.39387131
141.90673828,-56.47914886
142.09747314,-61.91066360
142.28820801,-63.33065796
142.47894287,-62.11233139
142.66967773,-56.94873428
142.86041260,-57.23239899
143.05114746,-58.51211929
143.24188232,-60.72000504
143.43261719,-63.35272980
143.62335205,-57.55161285
143.81408691,-54.57290649
144.00482178,-58.78457642
144.19555664,-58.12487030
144.38629150,-58.33259964
144.57702637,-63.62242126
144.76776123,-58.23565674
144.95849609,-50.48152924
145.14923096,-50.01730347
145.33996582,-54.66397858
145.53070068,-63.12457275
145.72143555,-65.85724640
145.91217041,-61.04677200
146.10290527,-80.51308441
146.29364014,-68.24306488
146.48437500,-66.07128906
146.67510986,-62.51718140
146.86584473,-51.70935822
147.05657959,-49.76910400
147.24731445,-52.81469727
147.43804932,-56.62485504
147.62878418,-57.17224884
147.81951904,-60.35196686
148.01025391,-73.80286407
148.20098877,-72.53548431
148.39172363,-72.80442810
148.58245850,-65.39096069
148.77319336,-59.64046097
148.96392822,-65.10510254
149.15466309,-59.50666809
149.34539795,-53.48724365
149.53613281,-54.05903244
149.72686768,-53.52732849
149.91760254,-52.76203537
150.10833740,-59.58950424
150.29907227,-63.04049683
150.48980713,-57.18118668
150.68054199,-55.44730759
150.87127686,-60.06305695
151.06201172,-59.30147552
151.25274658,-51.45576477
151.44348145,-52.86441040
151.63421631,-64.66181183
151.82495117,-55.96517181
152.01568604,-51.41410446
152.20642090,-57.01891327
152.39715576,-62.08393478
152.58789062,-53.77925873
152.77862549,-50.82067490
152.96936035,-55.70598984
153.16009521,-66.12853241
153.35083008,-56.23440552
153.54156494,-52.69936371
153.73229980,-51.65756989
153.92303467,-51.48300171
154.11376953,-54.95011902
154.30450439,-55.29934692
154.49523926,-50.77299500
154.68597412,-49.84030151
154.87670898,-53.02629852
155.06744385,-60.17824173
155.25817871,-64.48494720
155.44891357,-62.13594055
155.63964844,-59.16366959
155.83038330,-58.40242386
156.02111816,-55.16967773
156.21185303,-57.79502487
156.40258789,-58.43508148
156.59332275,-55.77581406
156.78405762,-56.39738464
156.97479248,-61.19934845
157.16552734,-66.87491608
157.35626221,-63.24446106
157.54699707,-54.04922867
157.73773193,-53.92676544
157.92846680,-57.76813507
158.11920166,-58.28246689
158.30993652,-56.03544235
158.50067139,-56.62127686
158.69140625,-54.06680679
158.88214111,-50.42580414
159.07287598,-49.27293396
159.26361084,-49.08895874
159.45434570,-53.22231674
159.64508057,-76.60093689
159.83581543,-60.22783279
160.02655029,-61.22116089
160.21728516,-64.75207520
160.40802002,-55.09859085
160.59875488,-54.47767639
160.78948975,-58.92871094
160.98022461,-57.92060471
161.17095947,-55.47130966
161.36169434,-53.34346771
161.55242920,-54.75965881
161.74316406,-70.04754639
161.93389893,-59.20206070
162.12463379,-59.21123123
162.31536865,-59.69815063
162.50610352,-57.38700867
162.69683838,-58.49259186
162.88757324,-61.54895782
163.07830811,-60.80860901
163.26904297,-63.64830017
163.45977783,-67.69763184
163.65051270,-62.38119125
163.84124756,-57.24383545
164.03198242,-54.05514145
164.22271729,-57.26100540
164.41345215,-58.80770874
164.60418701,-53.72212219
164.79492188,-50.02270508
164.98565674,-48.72618866
165.17639160,-48.94928360
165.36712646,-51.45372391
165.55786133,-56.21897125
165.74859619,-62.25484848
165.93933105,-70.81467438
166.13006592,-63.41375351
166.32080078,-58.89787674
166.51153564,-57.73471069
166.70227051,-55.87451553
166.89300537,-51.80421829
167.08374023,-49.61872864
167.27447510,-50.31705475
167.46520996,-53.47359467
167.65594482,-55.99279022
167.84667969,-54.37615967
168.03741455,-58.29451752
168.22814941,-67.99996185
168.41888428,-58.44800568
168.60961914,-52.71606064
168.80035400,-51.08094025
168.99108887,-54.46906281
169.18182373,-65.86211395
169.37255859,-53.52092361
169.56329346,-50.89796448
169.75402832,-54.12508392
169.94476318,-60.17261887
170.13549805,-62.40091324
170.32623291,-79.72573853
170.51696777,-62.33986664
170.70770264,-58.58303452
170.89843750,-52.09360504
171.08917236,-49.49750900
171.27990723,-52.89809799
171.47064209,-54.08520126
171.66137695,-51.84434509
171.85211182,-51.65138626
172.04284668,-52.70119095
172.23358154,-54.61429977
172.42431641,-54.50426483
172.61505127,-52.98546219
172.80578613,-56.21954346
172.99652100,-62.40345383
173.18725586,-63.57034302
173.37799072,-59.30342865
173.56872559,-56.88069153
173.75946045,-58.26642609
173.95019531,-53.57320786
174.14093018,-55.10072708
174.33166504,-83.10667419
174.52239990,-61.62641525
174.71313477,-56.31206131
174.90386963,-59.17015457
175.09460449,-66.91430664
175.28533936,-61.91069031
175.47607422,-59.44975281
175.66680908,-55.85160065
175.85754395,-53.85207748
176.04827881,-53.77426910
176.23901367,-53.90193558
176.42974854,-58.17033386
176.62048340,-51.67575836
176.81121826,-50.72889709
177.00195312,-57.05104065
177.19268799,-65.41902161
177.38342285,-61.23474121
177.57415771,-53.15773773
177.76489258,-49.62476730
177.95562744,-52.91863251
178.14636230,-55.30814743
178.33709717,-56.34716415
178.52783203,-54.80398178
178.71856689,-51.65425873
178.90930176,-54.09925461
179.10003662,-55.95644379
179.29077148,-58.35781479
179.48150635,-63.71334076
179.67224121,-54.07861710
179.86297607,-50.75271225
180.05371094,-52.33058548
180.24444580,-56.68664551
180.43518066,-63.53606796
180.62591553,-51.19312668
180.81665039,-48.85383224
181.00738525,-52.27616119
181.19812012,-54.44318390
181.38885498,-54.64290619
181.57958984,-56.23894501
181.77032471,-52.04996109
181.96105957,-50.89482880
182.15179443,-52.83085632
182.34252930,-57.04042816
182.53326416,-65.18134308
182.72399902,-62.70195389
182.91473389,-70.31971741
183.10546875,-85.79768372
183.29620361,-70.44136810
183.48693848,-62.34060287
183.67767334,-57.54096222
183.86840820,-60.19078827
184.05914307,-62.79914856
184.24987793,-56.70434952
184.44061279,-53.94917297
184.63134766,-54.56098175
184.82208252,-55.19517517
185.01281738,-50.65452957
185.20355225,-50.33396912
185.39428711,-54.26484680
185.58502197,-58.53897858
185.77575684,-55.80833817
185.96649170,-53.56213379
186.15722656,-59.63658905
186.34796143,-61.50852585
186.53869629,-57.63899994
186.72943115,-61.95675278
186.92016602,-63.58901978
187.11090088,-58.82511139
187.30163574,-65.87604523
187.49237061,-61.15172958
187.68310547,-54.76049423
187.87384033,-52.73353958
188.06457520,-55.26599121
188.25531006,-55.48319244
188.44604492,-53.57754517
188.63677979,-55.77836609
188.82751465,-58.06473541
189.01824951,-57.39743042
189.20898438,-56.80281830
189.39971924,-61.65641403
189.59045410,-58.42278290
189.78118896,-69.88304138
189.97192383,-63.91387939
190.16265869,-58.02400208
190.35339355,-52.58689499
190.54412842,-50.98698425
190.73486328,-51.19507217
190.92559814,-49.35536957
191.11633301,-47.58907318
191.30706787,-49.05812073
191.49780273,-54.16680908
191.68853760,-57.93036652
191.87927246,-63.69744873
192.07000732,-66.07358551
192.26074219,-61.79222107
192.45147705,-58.02304840
192.64221191,-53.75363159
192.83294678,-53.16018677
193.02368164,-55.99403763
193.21441650,-60.61427689
193.40515137,-58.33688736
193.59588623,-63.46866989
193.78662109,-61.45371246
193.97735596,-54.92868805
194.16809082,-52.06924438
194.35882568,-50.78341675
194.54956055,-53.25493622
194.74029541,-55.99113464
194.93103027,-57.42856979
195.12176514,-74.24749756
195.31250000,-63.67253876
195.50323486,-55.75849533
195.69396973,-55.81703568
195.88470459,-52.67520523
196.07543945,-50.19318008
196.26617432,-51.49448776
196.45690918,-53.81047058
196.64764404,-57.08251572
196.83837891,-55.46707535
197.02911377,-48.89465332
197.21984863,-48.37628937
197.41058350,-51.81398392
197.60131836,-62.01533890
197.79205322,-59.56433105
197.98278809,-52.62110901
198.17352295,-53.56460190
198.36425781,-62.00390625
198.55499268,-52.53071594
198.74572754,-53.31446838
198.93646240,-60.81668091
199.12719727,-55.75061417
199.31793213,-51.15490723
199.50866699,-50.99598312
199.69940186,-54.78178024
199.89013672,-56.38738632
200.08087158,-50.64243698
200.27160645,-49.98592758
200.46234131,-56.78407669
200.65307617,-54.87291718
200.84381104,-54.14958572
201.03454590,-55.37875366
201.22528076,-57.23402023
201.41601562,-59.14919281
201.60675049,-52.35564423
201.79748535,-56.29392242
201.98822021,-67.30419922
202.17895508,-58.59817123
202.36968994,-55.50198364
202.56042480,-51.61650848
202.75115967,-56.14498520
202.94189453,-59.44734955
203.13262939,-63.07403946
203.32336426,-63.09403229
203.51409912,-68.69393921
203.70483398,-60.01607895
203.89556885,-56.20124435
204.08630371,-57.34666824
204.27703857,-62.24012756
204.46777344,-51.19633484
204.65850830,-53.21038055
204.84924316,-57.27254486
205.03997803,-55.70773697
205.23071289,-61.09858704
205.42144775,-61.34186554
205.61218262,-59.21046829
205.80291748,-63.81884766
205.99365234,-65.25298309
206.18438721,-63.79831696
206.37512207,-58.45903397
206.56585693,-53.27514267
206.75659180,-56.47035599
206.94732666,-60.04917145
207.13806152,-52.00512314
207.32879639,-52.72639465
207.51953125,-55.39279556
207.71026611,-61.72290039
207.90100098,-56.46341324
208.09173584,-55.27086639
208.28247070,-58.12251663
208.47320557,-56.35612488
208.66394043,-65.82343292
208.85467529,-54.86978912
209.04541016,-55.44050598
209.23614502,-59.60995102
209.42687988,-68.59111023
209.61761475,-61.22491455
209.80834961,-60.59606552
209.99908447,-57.87886810
210.18981934,-52.80990601
210.38055420,-53.39853287
210.57128906,-53.06117630
210.76202393,-54.50556946
210.95275879,-54.11653137
211.14349365,-60.50399399
211.33422852,-57.24876404
211.52496338,-53.06266022
211.71569824,-56.35492706
211.90643311,-57.00579071
212.09716797,-58.20201111
212.28790283,-56.31555939
212.47863770,-56.58759689
212.66937256,-55.77740479
212.86010742,-50.49003983
213.05084229,-48.82735825
213.24157715,-51.04904175
213.43231201,-55.77934265
213.62304688,-56.18442917
213.81378174,-57.52493286
214.00451660,-55.42475891
214.19525146,-59.53635406
214.38598633,-63.15784073
214.57672119,-59.29918289
214.76745605,-52.72245407
214.95819092,-64.85945129
215.14892578,-51.22966766
215.33966064,-49.66188812
215.53039551,-58.20445633
215.72113037,-56.49843216
215.91186523,-55.12116241
216.10260010,-59.05352020
216.29333496,-59.85965729
216.48406982,-54.32491302
216.67480469,-50.87306595
216.86553955,-52.42271805
217.05627441,-56.00077057
217.24700928,-55.36345673
217.43774414,-53.18962860
217.62847900,-52.56819916
217.81921387,-51.25355148
218.00994873,-48.89385605
218.20068359,-49.78380585
218.39141846,-53.71302032
218.58215332,-53.45968628
218.77288818,-50.62232971
218.96362305,-53.56848907
219.15435791,-57.77077484
219.34509277,-54.50338364
219.53582764,-56.66915512
219.72656250,-64.60026550
219.91729736,-57.39538574
220.10803223,-53.08425522
220.29876709,-57.49674988
220.48950195,-73.18375397
220.68023682,-64.62523651
220.87097168,-59.87112427
221.06170654,-61.76914597
221.25244141,-60.79143524
221.44317627,-55.48755264
221.63391113,-56.12306595
221.82464600,-57.71867371
222.01538086,-56.28841782
222.20611572,-54.22859955
222.39685059,-51.99676895
222.58758545,-56.85093689
222.77832031,-56.22576904
222.96905518,-52.09389496
223.15979004,-52.53050232
223.35052490,-53.17869186
223.54125977,-55.19412994
223.73199463,-55.43783188
223.92272949,-52.86172867
224.11346436,-50.27162933
224.30419922,-50.92935181
224.49493408,-55.88842392
224.68566895,-61.97478485
224.87640381,-60.22301483
225.06713867,-54.18462372
225.25787354,-50.52732086
225.44860840,-53.68814850
225.63934326,-69.37690735
225.83007812,-58.01696014
226.02081299,-53.05824280
226.21154785,-48.78904343
226.40228271,-47.76401520
226.59301758,-50.75856781
226.78375244,-55.98084259
226.97448730,-58.97748566
227.16522217,-56.92897797
227.35595703,-54.37874603
227.54669189,-53.50399399
227.73742676,-56.52582550
227.92816162,-57.90296173
228.11889648,-61.43623352
228.30963135,-62.74268723
228.50036621,-54.00520706
228.69110107,-49.46525955
228.88183594,-46.33514023
229.07257080,-44.24299240
229.26330566,-44.34421158
229.45404053,-46.83651352
229.64477539,-50.42034912
229.83551025,-51.65959930
230.02624512,-52.40493011
230.21697998,-55.21913910
230.40771484,-64.21191406
230.59844971,-52.49818802
230.78918457,-48.00543213
230.97991943,-48.84617615
231.17065430,-51.54113388
231.36138916,-53.75045776
231.55212402,-56.89960098
231.74285889,-55.89789581
231.93359375,-53.37241745
232.12432861,-55.17248154
232.31506348,-56.80416107
232.50579834,-54.36968231
232.69653320,-59.11140442
232.88726807,-58.09072876
233.07800293,-50.19968033
233.26873779,-50.97688293
233.45947266,-60.29016876
233.65020752,-52.26138306
233.84094238,-52.11554718
234.03167725,-62.06538773
234.22241211,-58.62122345
234.41314697,-54.23368835
234.60388184,-54.26882172
234.79461670,-53.12490845
234.98535156,-54.27933121
235.17608643,-54.13146591
235.36682129,-52.88606644
235.55755615,-56.61804581
235.74829102,-56.85362244
235.93902588,-54.77574158
236.12976074,-54.10080719
236.32049561,-51.26414490
236.51123047,-49.73728180
236.70196533,-49.25180054
236.89270020,-49.87728882
237.08343506,-53.44142151
237.27416992,-57.80320740
237.46490479,-55.04684448
237.65563965,-51.30304718
237.84637451,-51.12654114
238.03710938,-57.25956726
238.22784424,-61.62467957
238.41857910,-66.66453552
238.60931396,-62.79210663
238.80004883,-66.66893005
238.99078369,-61.72100067
239.18151855,-55.49994659
239.37225342,-54.14012909
239.56298828,-59.00426865
239.75372314,-60.96138763
239.94445801,-60.70890808
240.13519287,-60.67048645
240.32592773,-75.35089111
240.51666260,-72.51808929
240.70739746,-57.19685364
240.89813232,-52.86575317
241.08886719,-58.13628769
241.27960205,-54.42360687
241.47033691,-51.75635910
241.66107178,-52.67226410
241.85180664,-55.50488281
242.04254150,-58.85108566
242.23327637,-60.28978729
242.42401123,-56.02185822
242.61474609,-66.09024811
242.80548096,-53.60453796
242.99621582,-58.22932816
243.18695068,-62.56626511
243.37768555,-56.51155853
243.56842041,-61.43441772
243.75915527,-58.13328171
243.94989014,-56.62498856
244.14062500,-54.27287674
244.33135986,-51.78670502
244.52209473,-54.03590393
244.71282959,-56.31687164
244.90356445,-55.94319153
245.09429932,-55.93456650
245.28503418,-55.21422958
245.47576904,-58.12467957
245.66650391,-66.49288177
245.85723877,-62.73105621
246.04797363,-58.27732468
246.23870850,-54.95985031
246.42944336,-52.91774368
246.62017822,-56.80339050
246.81091309,-76.00185394
247.00164795,-64.44876862
247.19238281,-71.07557678
247.38311768,-74.21336365
247.57385254,-72.39707184
247.76458740,-65.59970093
247.95532227,-57.27854919
248.14605713,-59.21128082
248.33679199,-67.56239319
248.52752686,-68.42735291
248.71826172,-57.51813889
248.90899658,-55.90538025
249.09973145,-61.24484253
249.29046631,-54.55409622
249.48120117,-59.52838135
249.67193604,-83.88431549
249.86267090,-64.37477875
250.05340576,-57.97074890
250.24414062,-66.09732819
250.43487549,-61.78944016
250.62561035,-59.63909912
250.81634521,-63.53046417
251.00708008,-61.62700653
251.19781494,-57.74327850
251.38854980,-65.23432922
251.57928467,-54.55043411
251.77001953,-53.76160431
251.96075439,-57.32838058
252.15148926,-56.17588425
252.34222412,-53.81201172
252.53295898,-61.62902069
252.72369385,-53.68473816
252.91442871,-49.09072876
253.10516357,-50.86093521
253.29589844,-53.98748016
253.48663330,-60.21060562
253.67736816,-71.08503723
253.86810303,-58.02959061
254.05883789,-55.02447510
254.24957275,-54.79000092
254.44030762,-52.88088226
254.63104248,-51.15703583
254.82177734,-53.18069077
255.01251221,-54.87258148
255.20324707,-54.63256454
255.39398193,-55.62224960
255.58471680,-54.45670319
255.77545166,-57.10991669
255.96618652,-65.24691772
256.15692139,-69.76622772
256.34765625,-61.48736954
256.53839111,-56.90828705
256.72912598,-69.66156769
256.91986084,-58.20014572
257.11059570,-58.77312088
257.30133057,-62.06432343
257.49206543,-58.16004944
257.68280029,-59.88849258
257.87353516,-54.23098755
258.06427002,-59.07358170
258.25500488,-63.02999496
258.44573975,-64.44625092
258.63647461,-64.89760590
258.82720947,-56.84754181
259.01794434,-54.86816406
259.20867920,-52.73334122
259.39941406,-53.95307159
259.59014893,-52.48062897
259.78088379,-51.32604980
259.97161865,-55.66027069
260.16235352,-68.05607605
260.35308838,-57.30975723
260.54382324,-57.22572327
260.73455811,-60.94770432
260.92529297,-59.40346527
261.11602783,-58.28319550
261.30676270,-57.29065323
261.49749756,-54.25457382
261.68823242,-56.57697296
261.87896729,-59.59397888
262.06970215,-62.82179260
262.26043701,-62.58055115
262.45117188,-56.28513336
262.64190674,-56.35615540
262.83264160,-55.29941177
263.02337646,-57.02090836
263.21411133,-83.85194397
263.40484619,-54.14356995
263.59558105,-50.77518463
263.78631592,-51.69933701
263.97705078,-56.18121719
264.16778564,-58.63293076
264.35852051,-56.43744659
264.54925537,-57.02433777
264.73999023,-57.22977066
264.93072510,-58.98530579
265.12145996,-57.77303696
265.31219482,-53.75210571
265.50292969,-56.33861923
265.69366455,-64.97013855
265.88439941,-57.99085999
266.07513428,-52.91408157
266.26586914,-51.57530975
266.45660400,-56.88359070
266.64733887,-62.56999969
266.83807373,-61.75429535
267.02880859,-60.60149384
267.21954346,-57.45212936
267.41027832,-58.78248596
267.60101318,-57.46179199
267.79174805,-63.10024643
267.98248291,-55.41589737
268.17321777,-55.02480316
268.36395264,-61.31566620
268.55468750,-58.30495453
268.74542236,-56.14830017
268.93615723,-58.90818024
269.12689209,-57.38411331
269.31762695,-59.36727142
269.50836182,-54.72053528
269.69909668,-50.85632324
269.88983154,-51.45677567
270.08056641,-62.95510864
270.27130127,-59.27985382
270.46203613,-61.21391678
270.65277100,-57.56198502
270.84350586,-53.59488678
271.03424072,-54.28783035
271.22497559,-60.68207550
271.41571045,-62.10238647
271.60644531,-54.66908264
271.79718018,-54.72634888
271.98791504,-56.03763962
272.17864990,-56.94419098
272.36938477,-59.50750351
272.56011963,-64.50628662
272.75085449,-55.97782516
272.94158936,-50.34072113
273.13232422,-50.80579376
273.32305908,-53.40635681
273.51379395,-59.04701233
273.70452881,-77.49761963
273.89526367,-62.22589111
274.08599854,-53.96814728
274.27673340,-50.63275909
274.46746826,-53.85230637
274.65820312,-56.63725281
274.84893799,-54.80691910
275.03967285,-57.41199875
275.23040771,-62.56393051
275.42114258,-66.53252411
275.61187744,-59.47416687
275.80261230,-53.96766663
275.99334717,-53.74171829
276.18408203,-59.56956863
276.37481689,-68.89517975
276.56555176,-62.84671021
276.75628662,-64.45428467
276.94702148,-63.66501617
277.13775635,-64.41920471
277.32849121,-67.27941132
277.51922607,-58.46843719
277.70996094,-63.05618668
277.90069580,-72.46858215
278.09143066,-62.73590088
278.28216553,-56.57026291
278.47290039,-58.93708801
278.66363525,-69.89385986
278.85437012,-59.96658707
279.04510498,-60.54966354
279.23583984,-55.97138214
279.42657471,-56.89482117
279.61730957,-74.92897797
279.80804443,-59.82226944
279.99877930,-63.23200226
280.18951416,-64.69354248
280.38024902,-58.48749161
280.57098389,-77.62788391
280.76171875,-56.45086288
280.95245361,-52.18326950
281.14318848,-49.27402878
281.33392334,-47.44422531
281.52465820,-48.32976913
281.71539307,-52.42786407
281.90612793,-64.72827148
282.09686279,-56.91983032
282.28759766,-51.33987808
282.47833252,-53.13713837
282.66906738,-60.34598541
282.85980225,-58.94908142
283.05053711,-56.53838348
283.24127197,-60.17326736
283.43200684,-54.27117157
283.62274170,-54.69230270
283.81347656,-59.82278824
284.00421143,-51.64872742
284.19494629,-47.88400650
284.38568115,-47.96038055
284.57641602,-49.83168793
284.76715088,-51.45476532
284.95788574,-57.85088348
285.14862061,-60.77468491
285.33935547,-54.63741684
285.53009033,-55.28047562
285.72082520,-54.40892029
285.91156006,-54.00660706
286.10229492,-55.78137207
286.29302979,-55.97435379
286.48376465,-54.48906326
286.67449951,-58.89449310
286.86523438,-66.78939056
287.05596924,-64.16518402
287.24670410,-64.89209747
287.43743896,-59.09763336
287.62817383,-59.49653244
287.81890869,-54.22104263
288.00964355,-50.93305969
288.20037842,-54.95396042
288.39111328,-60.50823212
288.58184814,-59.42509079
288.77258301,-60.27808762
288.96331787,-60.88516617
289.15405273,-60.55646896
289.34478760,-53.39118195
289.53552246,-56.79510117
289.72625732,-58.56777573
289.91699219,-56.97396851
290.10772705,-60.75995636
290.29846191,-60.20532608
290.48919678,-55.00264740
290.67993164,-58.96115112
290.87066650,-57.03852081
291.06140137,-58.07925415
291.25213623,-62.64205551
291.44287109,-56.68600464
291.63360596,-59.69561005
291.82434082,-58.27421188
292.01507568,-58.62926102
292.20581055,-75.23953247
292.39654541,-57.72251511
292.58728027,-52.35227585
292.77801514,-54.86306763
292.96875000,-59.78575897
293.15948486,-60.05672073
293.35021973,-55.82429504
293.54095459,-63.37606049
293.73168945,-57.96153641
293.92242432,-58.40215683
294.11315918,-59.18050385
294.30389404,-67.14689636
294.49462891,-58.76258469
294.68536377,-55.54365158
294.87609863,-55.83853149
295.06683350,-56.14953613
295.25756836,-52.68099976
295.44830322,-54.42647934
295.63903809,-61.59016418
295.82977295,-72.99691010
296.02050781,-65.43755341
296.21124268,-60.93572998
296.40197754,-55.71666336
296.59271240,-55.40960693
296.78344727,-59.64652252
296.97418213,-58.31568146
297.16491699,-54.47298050
297.35565186,-54.60916138
297.54638672,-54.95369720
297.73712158,-53.85242081
297.92785645,-52.00043106
298.11859131,-55.44092178
298.30932617,-57.50225449
298.50006104,-58.14052200
298.69079590,-63.00024033
298.88153076,-61.21141815
299.07226562,-59.96485138
299.26300049,-58.33036804
299.45373535,-56.34212112
299.64447021,-54.14461517
299.83520508,-52.64614868
300.02593994,-48.95471954
300.21667480,-47.72354507
300.40740967,-50.68725967
300.59814453,-55.42879486
300.78887939,-57.97525406
300.97961426,-57.23797607
301.17034912,-59.11089325
301.36108398,-62.25072861
301.55181885,-61.92287445
301.74255371,-66.45592499
301.93328857,-68.04284668
302.12402344,-67.43623352
302.31475830,-56.85747528
302.50549316,-52.02498627
302.69622803,-56.53530884
302.88696289,-71.96989441
303.07769775,-61.82456970
303.26843262,-53.74762726
303.45916748,-49.18827820
303.64990234,-48.88572693
303.84063721,-51.85709000
304.03137207,-53.18682098
304.22210693,-55.48770523
304.41284180,-56.03329468
304.60357666,-54.43969345
304.79431152,-58.59338760
304.98504639,-65.66294861
305.17578125,-57.10055923
305.36651611,-57.73906326
305.55725098,-80.83937836
305.74798584,-65.94353485
305.93872070,-81.24357605
306.12945557,-60.55850601
306.32019043,-54.92655182
306.51092529,-56.77631378
306.70166016,-64.23990631
306.89239502,-55.73297119
307.08312988,-56.90039825
307.27386475,-57.89892578
307.46459961,-61.51420593
307.65533447,-55.95299149
307.84606934,-54.33836365
308.03680420,-59.82559204
308.22753906,-64.00270081
308.41827393,-60.35999680
308.60900879,-58.28084946
308.79974365,-57.37640762
308.99047852,-56.83754730
309.18121338,-61.67609787
309.37194824,-56.92847443
309.56268311,-53.79299545
309.75341797,-56.39306641
309.94415283,-54.83272171
310.13488770,-56.79065704
310.32562256,-63.70287323
310.51635742,-59.97938156
310.70709229,-64.51358032
310.89782715,-74.76416779
311.08856201,-70.62989807
311.27929688,-56.72889328
311.47003174,-52.56472778
311.66076660,-55.46803284
311.85150146,-63.40066528
312.04223633,-61.22357178
312.23297119,-59.73565674
312.42370605,-63.49845123
312.61444092,-65.99890900
312.80517578,-55.04899979
312.99591064,-53.19998169
313.18664551,-54.69284058
313.37738037,-59.06459808
313.56811523,-82.96533203
313.75885010,-56.60011673
313.94958496,-54.94115448
314.14031982,-65.61096954
314.33105469,-63.79253387
314.52178955,-63.29290009
314.71252441,-61.31333160
314.90325928,-61.62809753
315.09399414,-61.33819199
315.28472900,-56.78430176
315.47546387,-57.63509369
315.66619873,-62.72822952
315.85693359,-54.89802933
316.04766846,-52.02472305
316.23840332,-56.69598389
316.42913818,-71.08381653
316.61987305,-66.58507538
316.81060791,-66.51364136
317.00134277,-60.14057922
317.19207764,-54.96752167
317.38281250,-61.07685852
317.57354736,-57.72059631
317.76428223,-56.18497849
317.95501709,-61.34590530
318.14575195,-62.50150681
318.33648682,-63.73279190
318.52722168,-75.11391449
318.71795654,-68.90117645
318.90869141,-63.80354309
319.09942627,-57.98191071
319.29016113,-56.40786743
319.48089600,-62.13970184
319.67163086,-58.78468323
319.86236572,-55.29062271
320.05310059,-57.70224762
320.24383545,-74.30867767
320.43457031,-60.39736938
320.62530518,-55.09978485
320.81604004,-52.21914291
321.00677490,-54.93674850
321.19750977,-54.73838043
321.38824463,-53.25080490
321.57897949,-52.87334061
321.76971436,-52.88443756
321.96044922,-52.16926575
322.15118408,-54.91801834
322.34191895,-79.67645264
322.53265381,-58.91172028
322.72338867,-64.01721191
322.91412354,-56.35184860
323.10485840,-57.66336441
323.29559326,-72.49449921
323.48632812,-58.10350037
323.67706299,-56.14765167
323.86779785,-53.74190521
324.05853271,-51.11458588
324.24926758,-54.39722061
324.44000244,-63.91052628
324.63073730,-67.07164001
324.82147217,-69.99945068
325.01220703,-64.90724182
325.20294189,-56.97744751
325.39367676,-58.43330765
325.58441162,-69.32404327
325.77514648,-67.71060944
325.96588135,-59.48464966
326.15661621,-54.81010056
326.34735107,-54.97220993
326.53808594,-61.30711365
326.72882080,-61.64732361
326.91955566,-57.48398590
327.11029053,-61.48752213
327.30102539,-83.94690704
327.49176025,-60.88230515
327.68249512,-52.02276611
327.87322998,-47.76100540
328.06396484,-47.92365646
328.25469971,-52.90485382
328.44543457,-58.56711578
328.63616943,-55.78684235
328.82690430,-53.17906189
329.01763916,-54.49406052
329.20837402,-58.49050522
329.39910889,-60.63158417
329.58984375,-56.91468811
329.78057861,-51.72000885
329.97131348,-54.01092148
330.16204834,-66.16197968
330.35278320,-62.13619232
330.54351807,-62.92127228
330.73425293,-62.90995789
330.92498779,-60.03776932
331.11572266,-54.50636292
331.30645752,-56.83655548
331.49719238,-57.64361954
331.68792725,-54.39158630
331.87866211,-54.59648132
332.06939697,-61.93890381
332.26013184,-70.44972229
332.45086670,-64.28887177
332.64160156,-58.59258652
332.83233643,-56.10563278
333.02307129,-64.59847260
333.21380615,-56.51031113
333.40454102,-52.32104874
333.59527588,-54.34452057
333.78601074,-60.89803314
333.97674561,-64.54722595
334.16748047,-59.68818665
334.35821533,-60.93439484
334.54895020,-66.22362518
334.73968506,-61.31081009
334.93041992,-56.61993408
335.12115479,-54.27892303
335.31188965,-56.36455536
335.50262451,-56.63367844
335.69335938,-54.50883484
335.88409424,-56.62721634
336.07482910,-72.91053009
336.26556396,-53.23254395
336.45629883,-53.88275528
336.64703369,-58.17693329
336.83776855,-52.38811493
337.02850342,-54.16682434
337.21923828,-69.78398895
337.40997314,-60.22074890
337.60070801,-61.59966278
337.79144287,-63.23566437
337.98217773,-57.12350845
338.17291260,-58.99503708
338.36364746,-58.22890472
338.55438232,-59.49925995
338.74511719,-62.73100281
338.93585205,-59.41587448
339.12658691,-60.76893616
339.31732178,-55.16436005
339.50805664,-53.47174072
339.69879150,-54.90576935
339.88952637,-60.22895050
340.08026123,-68.84055328
340.27099609,-60.25457382
340.46173096,-64.75724030
340.65246582,-58.90014648
340.84320068,-54.63065720
341.03393555,-52.63213730
341.22467041,-51.63813782
341.41540527,-52.88809204
341.60614014,-55.29266739
341.79687500,-56.51069641
341.98760986,-55.97446060
342.17834473,-55.58671951
342.36907959,-61.91860962
342.55981445,-66.62750244
342.75054932,-76.89610291
342.94128418,-59.54244614
343.13201904,-59.81190109
343.32275391,-70.55310059
343.51348877,-65.60342407
343.70422363,-57.13411713
343.89495850,-56.84906387
344.08569336,-68.05529785
344.27642822,-61.13786316
344.46716309,-55.77548981
344.65789795,-55.96237183
344.84863281,-60.22036743
345.03936768,-58.07866669
345.23010254,-57.12899780
345.42083740,-57.32640839
345.61157227,-58.60018921
345.80230713,-58.49296188
345.99304199,-54.30910110
346.18377686,-52.75148010
346.37451172,-50.99560547
346.56524658,-51.86493683
346.75598145,-62.22534180
346.94671631,-61.09629822
347.13745117,-55.26543427
347.32818604,-56.52547455
347.51892090,-63.82702637
347.70965576,-62.51212311
347.90039062,-58.03398514
348.09112549,-60.42892456
348.28186035,-62.75490189
348.47259521,-58.97568130
348.66333008,-55.89210129
348.85406494,-55.36669922
349.04479980,-61.07490540
349.23553467,-62.62306595
349.42626953,-56.53843307
349.61700439,-56.94514465
349.80773926,-60.59461594
349.99847412,-57.38848877
350.18920898,-58.01432800
350.37994385,-57.81064606
350.57067871,-58.70251083
350.76141357,-58.79082108
350.95214844,-54.86680984
351.14288330,-56.06920624
351.33361816,-58.98519897
351.52435303,-68.13632202
351.71508789,-55.89292145
351.90582275,-60.25472260
352.09655762,-67.63566589
352.28729248,-55.59149933
352.47802734,-54.24113846
352.66876221,-61.96800232
352.85949707,-72.20704651
353.05023193,-73.13522339
353.24096680,-59.79687119
353.43170166,-53.45026016
353.62243652,-55.36200714
353.81317139,-58.01789093
354.00390625,-56.25026321
354.19464111,-57.55714035
354.38537598,-60.67594147
354.57611084,-67.69117737
354.76684570,-61.72245407
354.95758057,-55.66015625
355.14831543,-55.21802521
355.33905029,-55.82917786
355.52978516,-61.54178238
355.72052002,-67.56333160
355.91125488,-60.59567261
356.10198975,-56.27290344
356.29272461,-56.97416306
356.48345947,-62.03008270
356.67419434,-63.84169006
356.86492920,-55.85964966
357.05566406,-56.88390350
357.24639893,-60.04026794
357.43713379,-54.05587006
357.62786865,-58.51560593
357.81860352,-58.98871994
358.00933838,-65.39705658
358.20007324,-57.69956207
358.39080811,-56.91197205
358.58154297,-53.50700760
358.77227783,-55.25877380
358.96301270,-58.28114319
359.15374756,-55.87524796
359.34448242,-56.49532318
359.53521729,-69.61878967
359.72595215,-61.42274475
359.91668701,-64.95945740
360.10742188,-55.46171188
360.29815674,-49.43731689
360.48889160,-50.32847595
360.67962646,-60.32527161
360.87036133,-60.10224152
361.06109619,-57.71644974
361.25183105,-59.14646530
361.44256592,-59.98545074
361.63330078,-54.13344955
361.82403564,-61.08714676
362.01477051,-56.15783310
362.20550537,-58.16077423
362.39624023,-64.40155792
362.58697510,-66.19166565
362.77770996,-62.39223862
362.96844482,-56.79458237
363.15917969,-52.23688126
363.34991455,-55.28706360
363.54064941,-54.09807205
363.73138428,-57.51221085
363.92211914,-79.25162506
364.11285400,-62.20327377
364.30358887,-59.83888245
364.49432373,-55.82861328
364.68505859,-53.89418793
364.87579346,-51.20803452
365.06652832,-49.29553986
365.25726318,-52.74327087
365.44799805,-73.84219360
365.63873291,-61.34267807
365.82946777,-69.68074799
366.02020264,-66.17240143
366.21093750,-61.04572678
366.40167236,-53.61217117
366.59240723,-54.33411026
366.78314209,-59.76294708
366.97387695,-59.66064072
367.16461182,-54.88644028
367.35534668,-55.60638428
367.54608154,-59.89740753
367.73681641,-60.53644180
367.92755127,-62.93659592
368.11828613,-56.84168243
368.30902100,-52.60729218
368.49975586,-51.08258057
368.69049072,-54.03465652
368.88122559,-65.16207886
369.07196045,-64.36323547
369.26269531,-57.65245438
369.45343018,-55.89422607
369.64416504,-70.12500000
369.83489990,-56.75305939
370.02563477,-56.54370117
370.21636963,-52.30270386
370.40710449,-53.91053772
370.59783936,-60.16022110
370.78857422,-52.29235077
370.97930908,-57.40686417
371.17004395,-68.57466888
371.36077881,-63.61974716
371.55151367,-57.45657349
371.74224854,-53.17272186
371.93298340,-55.43066406
372.12371826,-63.36961365
372.31445312,-71.00852966
372.50518799,-57.45896149
372.69592285,-56.37112045
372.88665771,-60.46023560
373.07739258,-74.55888367
373.26812744,-68.54390717
373.45886230,-64.73716736
373.64959717,-62.32015991
373.84033203,-57.58769989
374.03106689,-55.46667480
374.22180176,-57.67134094
374.41253662,-60.72207642
374.60327148,-56.97627258
374.79400635,-52.83555603
374.98474121,-55.59194946
375.17547607,-60.94926453
375.36621094,-61.88663864
375.55694580,-58.79451752
375.74768066,-60.06153870
375.93841553,-68.91740417
376.12915039,-65.93553925
376.31988525,-53.77674866
376.51062012,-49.97335052
376.70135498,-50.17465210
376.89208984,-52.18337631
377.08282471,-58.07049561
377.27355957,-59.96446991
377.46429443,-54.96315384
377.65502930,-58.40608597
377.84576416,-61.75794601
378.03649902,-56.21520615
378.22723389,-55.76221848
378.41796875,-54.42462540
378.60870361,-54.26530457
378.79943848,-54.03038025
378.99017334,-53.54157257
379.18090820,-54.66208649
379.37164307,-59.12774658
379.56237793,-60.46183777
379.75311279,-62.03802109
379.94384766,-69.02345276
380.13458252,-60.82530212
380.32531738,-54.88976288
380.51605225,-52.69247055
380.70678711,-55.04828644
380.89752197,-63.21284485
381.08825684,-78.12140656
381.27899170,-67.22714996
381.46972656,-68.27728271
381.66046143,-58.47902298
381.85119629,-54.53401184
382.04193115,-60.19047546
382.23266602,-58.49253082
382.42340088,-52.77213669
382.61413574,-57.66138077
382.80487061,-60.63281250
382.99560547,-62.23640442
383.18634033,-60.83702850
383.37707520,-58.25664902
383.56781006,-56.34851837
383.75854492,-63.28546906
383.94927979,-58.07923126
384.14001465,-57.85433197
384.33074951,-55.42463684
384.52148438,-57.63445282
384.71221924,-59.01079559
384.90295410,-65.37044525
385.09368896,-56.95021820
385.28442383,-51.87566376
385.47515869,-52.95889282
385.66589355,-61.47084808
385.85662842,-78.29811859
386.04736328,-72.76020050
386.23809814,-61.61965179
386.42883301,-53.25620270
386.61956787,-53.64425278
386.81030273,-59.53638077
387.00103760,-57.92515182
387.19177246,-49.88885498
387.38250732,-50.28551102
387.57324219,-53.97322845
387.76397705,-56.20595932
387.95471191,-57.34852600
388.14544678,-58.67567444
388.33618164,-55.90813446
388.52691650,-51.34571075
388.71765137,-53.37647247
388.90838623,-77.90299988
389.09912109,-55.24284363
389.28985596,-52.56498337
389.48059082,-54.60271454
389.67132568,-55.86258698
389.86206055,-53.94033432
390.05279541,-56.38798523
390.24353027,-56.62880707
390.43426514,-51.97867966
390.62500000,-55.75183868
390.81573486,-57.49722290
391.00646973,-64.42841339
391.19720459,-54.80859756
391.38793945,-54.74275589
391.57867432,-69.99135590
391.76940918,-58.60274887
391.96014404,-66.42619324
392.15087891,-53.62301636
392.34161377,-53.66308212
392.53234863,-61.28159332
392.72308350,-53.15211868
392.91381836,-53.26797104
393.10455322,-56.13188171
393.29528809,-68.23973846
393.48602295,-61.31568146
393.67675781,-54.24516678
393.86749268,-51.72586823
394.05822754,-52.96035385
394.24896240,-59.14782715
394.43969727,-55.44401169
394.63043213,-51.84885025
394.82116699,-54.95448303
395.01190186,-65.66241455
395.20263672,-53.71566010
395.39337158,-56.04763031
395.58410645,-84.59393311
395.77484131,-60.43149567
395.96557617,-58.87540817
396.15631104,-64.05653381
396.34704590,-55.31254196
396.53778076,-54.77867126
396.72851562,-58.32412720
396.91925049,-58.68902588
397.10998535,-63.32788467
397.30072021,-69.24842834
397.49145508,-64.06758118
397.68218994,-59.19517517
397.87292480,-55.98970795
398.06365967,-53.78818893
398.25439453,-59.79020691
398.44512939,-58.43545914
398.63586426,-62.46543503
398.82659912,-70.99163818
399.01733398,-64.75503540
399.20806885,-62.33408356
399.39880371,-67.57353973
399.58953857,-60.18230438
399.78027344,-76.73813629
399.97100830,-57.06952667
400.16174316,-53.50994492
400.35247803,-56.62468338
400.54321289,-59.00711441
400.73394775,-59.50180054
400.92468262,-68.05869293
401.11541748,-63.10332489
401.30615234,-54.65986633
401.49688721,-49.88481522
401.68762207,-49.22445297
401.87835693,-53.44064713
402.06909180,-60.39389038
402.25982666,-61.86527634
402.45056152,-57.06611252
402.64129639,-56.95619202
402.83203125,-56.63719940
403.02276611,-57.01683426
403.21350098,-56.25325775
403.40423584,-56.91213989
403.59497070,-56.74053574
403.78570557,-54.77088547
403.97644043,-53.96303177
404.16717529,-53.75763321
404.35791016,-62.10291290
404.54864502,-60.81440353
404.73937988,-62.94639587
404.93011475,-59.21195984
405.12084961,-59.88129044
405.31158447,-56.28683090
405.50231934,-54.98192596
405.69305420,-54.53626633
405.88378906,-55.36229706
406.07452393,-59.40780258
406.26525879,-57.26861572
406.45599365,-53.86856842
406.64672852,-60.22245789
406.83746338,-63.27605438
407.02819824,-54.20313263
407.21893311,-57.16882324
407.40966797,-59.46845245
407.60040283,-55.40206909
407.79113770,-55.24570465
407.98187256,-54.45155716
408.17260742,-54.40445328
408.36334229,-56.68945312
408.55407715,-58.00283813
408.74481201,-53.47969818
408.93554688,-51.75429535
409.12628174,-54.20839691
409.31701660,-55.20171738
409.50775146,-58.73547363
409.69848633,-67.09873199
409.88922119,-58.45768738
410.07995605,-59.30233383
410.27069092,-57.15236282
410.46142578,-55.97755051
410.65216064,-59.36338806
410.84289551,-60.97528458
411.03363037,-53.24338531
411.22436523,-51.42994308
411.41510010,-55.98937607
411.60583496,-63.07345963
411.79656982,-57.87563324
411.98730469,-58.48920441
412.17803955,-65.52116394
412.36877441,-58.05413055
412.55950928,-66.30839539
412.75024414,-51.96498871
412.94097900,-52.46664047
413.13171387,-62.55977631
413.32244873,-57.75436783
413.51318359,-58.84182739
413.70391846,-63.93880844
413.89465332,-61.96432495
414.08538818,-61.23590088
414.27612305,-55.46420670
414.46685791,-50.62047958
414.65759277,-51.65588760
414.84832764,-62.85818481
415.03906250,-61.80621719
415.22979736,-63.27111816
415.42053223,-65.76335144
415.61126709,-58.18994141
415.80200195,-54.57323074
415.99273682,-55.64622879
416.18347168,-60.10903931
416.37420654,-63.95530701
416.56494141,-61.38124847
416.75567627,-65.03736877
416.94641113,-58.18810272
417.13714600,-56.08143616
417.32788086,-55.09819031
417.51861572,-54.75630951
417.70935059,-62.10652161
417.90008545,-63.53309250
418.09082031,-66.52978516
418.28155518,-60.99523544
418.47229004,-57.75115204
418.66302490,-60.74010468
418.85375977,-67.72668457
419.04449463,-54.34338379
419.23522949,-51.41102600
419.42596436,-53.87475586
419.61669922,-58.77450562
419.80743408,-59.61276627
419.99816895,-57.16530609
420.18890381,-54.59509277
420.37963867,-52.61544800
420.57037354,-53.80258179
420.76110840,-65.52957153
420.95184326,-54.71616364
421.14257812,-58.96513367
421.33331299,-58.64834595
421.52404785,-62.28579712
421.71478271,-61.25022125
421.90551758,-62.52022171
422.09625244,-60.96191025
422.28698730,-57.97239304
422.47772217,-74.74422455
422.66845703,-57.40364456
422.85919189,-61.22213364
423.04992676,-60.54740143
423.24066162,-61.93708038
423.43139648,-68.38844299
423.62213135,-64.03260803
423.81286621,-60.70390320
424.00360107,-62.78945160
424.19433594,-55.34251404
424.38507080,-51.59972382
424.57580566,-55.38822556
424.76654053,-57.58927155
424.95727539,-53.45844269
425.14801025,-50.82613373
425.33874512,-51.75550461
425.52947998,-57.82172775
425.72021484,-72.97824860
425.91094971,-60.91109848
426.10168457,-61.15432358
426.29241943,-54.40656281
426.48315430,-53.09431458
426.67388916,-48.83036804
426.86462402,-49.11350250
427.05535889,-52.78747177
427.24609375,-59.66411209
427.43682861,-79.05127716
427.62756348,-63.84083176
427.81829834,-55.28033829
428.00903320,-52.48656464
428.19976807,-61.19346619
428.39050293,-56.94794464
428.58123779,-59.06715012
428.77197266,-78.25984192
428.96270752,-67.20565033
429.15344238,-58.22206497
429.34417725,-60.56812668
429.53491211,-56.19062042
429.72564697,-59.02632904
429.91638184,-60.55698395
430.10711670,-54.57477188
430.29785156,-53.71970367
430.48858643,-56.82234192
430.67932129,-70.07343292
430.87005615,-54.13154602
431.06079102,-51.12664032
431.25152588,-54.39792252
431.44226074,-69.61943817
431.63299561,-59.35002136
431.82373047,-58.14752960
432.01446533,-63.56380081
432.20520020,-67.26298523
432.39593506,-62.37323380
432.58666992,-55.84215164
432.77740479,-54.94727325
432.96813965,-55.16756058
433.15887451,-54.36691666
433.34960938,-58.96302795
433.54034424,-65.26533508
433.73107910,-61.46999359
433.92181396,-58.25225067
434.11254883,-55.18508148
434.30328369,-57.89288330
434.49401855,-59.33642578
434.68475342,-58.99185181
434.87548828,-59.15109253
435.06622314,-58.93105316
435.25695801,-60.99357986
435.44769287,-60.53264618
435.63842773,-59.68914795
435.82916260,-55.42173386
436.01989746,-60.70706177
436.21063232,-49.74224472
436.40136719,-49.26848602
436.59210205,-55.66413498
436.78283691,-56.31678772
436.97357178,-60.45775604
437.16430664,-60.71651077
437.35504150,-57.94364166
437.54577637,-53.79308319
437.73651123,-57.36575699
437.92724609,-64.25225067
438.11798096,-57.72708130
438.30871582,-56.23988724
438.49945068,-58.67895126
438.69018555,-58.11634445
438.88092041,-55.56534576
439.07165527,-53.64179230
439.26239014,-51.14205933
439.45312500,-52.54777908
439.64385986,-61.33720016
439.83459473,-85.06918335
440.02532959,-60.62496948
440.21606445,-54.40977478
440.40679932,-56.63484573
440.59753418,-55.74566650
440.78826904,-61.39924622
440.97900391,-56.50650787
441.16973877,-55.75869751
441.36047363,-60.99717712
441.55120850,-55.70610428
441.74194336,-56.54839325
441.93267822,-61.08405304
442.12341309,-60.11330414
442.31414795,-57.66574097
442.50488281,-54.40109253
442.69561768,-65.39729309
442.88635254,-55.92819977
443.07708740,-61.17381668
443.26782227,-52.46362305
443.45855713,-51.35206604
443.64929199,-58.82113647
443.84002686,-60.40981293
444.03076172,-61.30371475
444.22149658,-76.65876770
444.41223145,-55.34958649
444.60296631,-49.17575836
444.79370117,-50.27347946
444.98443604,-57.11347198
445.17517090,-56.68526077
445.36590576,-53.14269638
445.55664062,-51.96335220
445.74737549,-55.10066223
445.93811035,-56.92859650
446.12884521,-56.09272385
446.31958008,-56.93389511
446.51031494,-54.68882751
446.70104980,-51.29970932
446.89178467,-51.34785461
447.08251953,-53.06629944
447.27325439,-53.28353500
447.46398926,-54.47471237
447.65472412,-59.08769989
447.84545898,-61.33428192
448.03619385,-56.78174973
448.22692871,-55.44704437
448.41766357,-52.21505737
448.60839844,-51.83788681
448.79913330,-54.21019745
448.98986816,-61.38723373
449.18060303,-60.06408310
449.37133789,-59.40116882
449.56207275,-63.38434219
449.75280762,-69.80873871
449.94354248,-66.99259949
450.13427734,-64.14498138
450.32501221,-60.31386566
450.51574707,-53.73985672
450.70648193,-53.85453033
450.89721680,-63.92393112
451.08795166,-69.63331604
451.27868652,-61.69796371
451.46942139,-56.20578384
451.66015625,-54.86717606
451.85089111,-56.66713715
452.04162598,-52.24922943
452.23236084,-51.08462524
452.42309570,-51.84892654
452.61383057,-55.25602341
452.80456543,-65.55364990
452.99530029,-64.34218597
453.18603516,-58.01741028
453.37677002,-53.23300171
453.56750488,-52.98748016
453.75823975,-57.20376968
453.94897461,-61.60628510
454.13970947,-61.53579712
454.33044434,-62.40710449
454.52117920,-55.68930817
454.71191406,-54.81327057
454.90264893,-64.54492950
455.09338379,-68.20474243
455.28411865,-55.31972504
455.47485352,-55.55351257
455.66558838,-60.69470978
455.85632324,-51.54461288
456.04705811,-51.99562073
456.23779297,-54.76822662
456.42852783,-59.37055206
456.61926270,-61.97700882
456.80999756,-62.16944885
457.00073242,-57.44189453
457.19146729,-51.43120575
457.38220215,-52.67171478
457.57293701,-67.22225952
457.76367188,-61.06775284
457.95440674,-55.44366455
458.14514160,-57.75377274
458.33587646,-65.26705170
458.52661133,-59.94232941
458.71734619,-54.89784241
458.90808105,-53.66305542
459.09881592,-55.08217239
459.28955078,-56.89700699
459.48028564,-62.31003571
459.67102051,-57.12808990
459.86175537,-54.55957031
460.05249023,-56.51404953
460.24322510,-56.39635086
460.43395996,-52.59651184
460.62469482,-52.83270264
460.81542969,-57.24871826
461.00616455,-63.32022858
461.19689941,-65.52114868
461.38763428,-56.26055908
461.57836914,-52.20487595
461.76910400,-53.52224350
461.95983887,-63.28192139
462.15057373,-60.93439484
462.34130859,-57.36080551
462.53204346,-57.18240356
462.72277832,-58.85336304
462.91351318,-57.91131973
463.10424805,-65.92221069
463.29498291,-56.34787750
463.48571777,-57.50509262
463.67645264,-60.59408188
463.86718750,-51.61520386
464.05792236,-50.90163803
464.24865723,-59.66304779
464.43939209,-60.29531097
464.63012695,-65.56544495
464.82086182,-57.92257690
465.01159668,-53.37552643
465.20233154,-53.24502945
465.39306641,-56.46873856
465.58380127,-60.53089142
465.77453613,-59.38461304
465.96527100,-54.86751938
466.15600586,-58.89948273
466.34674072,-61.04721832
466.53747559,-53.60309219
466.72821045,-57.26976776
466.91894531,-58.98162079
467.10968018,-51.12018204
467.30041504,-49.81521988
467.49114990,-52.93153763
467.68188477,-59.91736984
467.87261963,-56.31686401
468.06335449,-55.36167526
468.25408936,-58.69516373
468.44482422,-64.44584656
468.63555908,-56.69038773
468.82629395,-59.24361420
469.01702881,-55.71905136
469.20776367,-52.62930298
469.39849854,-52.35305023
469.58923340,-53.79430389
469.77996826,-54.34370041
469.97070312,-55.79656219
470.16143799,-55.30483627
470.35217285,-54.37508011
470.54290771,-55.53073120
470.73364258,-57.22373581
470.92437744,-55.90975189
471.11511230,-53.78056335
471.30584717,-57.28663635
471.49658203,-57.03779602
471.68731689,-57.23226166
471.87805176,-55.01314163
472.06878662,-48.79772568
472.25952148,-45.73085403
472.45025635,-47.52935028
472.64099121,-53.88108826
472.83172607,-56.99602127
473.02246094,-57.46164322
473.21319580,-60.41822433
473.40393066,-62.32911682
473.59466553,-63.30128479
473.78540039,-57.01017761
473.97613525,-54.60739517
474.16687012,-55.53520203
474.35760498,-60.12848663
474.54833984,-61.95705795
474.73907471,-59.76254272
474.92980957,-57.89083099
475.12054443,-61.67045212
475.31127930,-55.37169647
475.50201416,-54.92929077
475.69274902,-65.63246155
475.88348389,-62.32378387
476.07421875,-61.36003494
476.26495361,-56.46721649
476.45568848,-55.38175583
476.64642334,-60.18259430
476.83715820,-65.92977142
477.02789307,-57.21809006
477.21862793,-55.28923416
477.40936279,-53.61585617
477.60009766,-53.60863113
477.79083252,-64.06758881
477.98156738,-59.44831467
478.17230225,-57.57682037
478.36303711,-56.86385345
478.55377197,-54.23545456
478.74450684,-58.61686707
478.93524170,-66.63649750
479.12597656,-55.41146088
479.31671143,-53.50643921
479.50744629,-52.00996780
479.69818115,-51.34668350
479.88891602,-55.74759674
480.07965088,-88.41156769
480.27038574,-58.46377563
480.46112061,-55.98300552
480.65185547,-54.62173080
480.84259033,-53.15884399
481.03332520,-55.72165680
481.22406006,-61.92387009
481.41479492,-55.52127457
481.60552979,-54.09331512
481.79626465,-57.45861816
481.98699951,-62.42446518
482.17773438,-75.94494629
482.36846924,-59.41287994
482.55920410,-54.29275131
482.74993896,-55.98801041
482.94067383,-56.30209351
483.13140869,-56.16495132
483.32214355,-55.89727020
483.51287842,-62.34809113
483.70361328,-78.89174652
483.89434814,-60.22003937
484.08508301,-60.69669342
484.27581787,-58.55105972
484.46655273,-57.71306610
484.65728760,-69.32602692
484.84802246,-67.01325989
485.03875732,-62.62793732
485.22949219,-54.09092712
485.42022705,-52.22422028
485.61096191,-56.35753632
485.80169678,-61.04034424
485.99243164,-61.38613129
486.18316650,-54.73705292
486.37390137,-60.10063934
486.56463623,-58.84819031
486.75537109,-53.17421341
486.94610596,-53.75473785
487.13684082,-54.94779205
487.32757568,-55.46253586
487.51831055,-58.06486130
487.70904541,-65.40187836
487.89978027,-66.26238251
488.09051514,-60.13941193
488.28125000,-61.39426422
488.47198486,-67.40590668
488.66271973,-59.72845078
488.85345459,-55.85132217
489.04418945,-55.34288406
489.23492432,-57.21175766
489.42565918,-60.37042618
489.61639404,-60.74716949
489.80712891,-57.61512375
489.99786377,-58.30461121
490.18859863,-63.44917679
490.37933350,-60.88073730
490.57006836,-59.38159943
490.76080322,-56.29513550
490.95153809,-61.75193405
491.14227295,-73.39539337
491.33300781,-72.19502258
491.52374268,-61.44423676
491.71447754,-56.52614975
491.90521240,-62.48529053
492.09594727,-57.41840363
492.28668213,-59.62489319
492.47741699,-58.74849319
492.66815186,-57.20256424
492.85888672,-54.47493744
493.04962158,-53.84102631
493.24035645,-57.14808655
493.43109131,-58.75469208
493.62182617,-55.06489563
493.81256104,-57.20578003
494.00329590,-64.12915039
494.19403076,-67.35297394
494.38476562,-55.68989563
494.57550049,-54.23177719
494.76623535,-64.75772095
494.95697021,-62.35121918
495.14770508,-63.28910828
495.33843994,-64.03288269
495.52917480,-66.57236481
495.71990967,-65.01596069
495.91064453,-60.19397354
496.10137939,-60.45403290
496.29211426,-58.79450226
496.48284912,-59.03831482
496.67358398,-60.26725388
496.86431885,-64.91821289
497.05505371,-62.43660355
497.24578857,-54.00912857
497.43652344,-53.76840591
497.62725830,-74.63963318
497.81799316,-52.49649811
498.00872803,-51.13043213
498.19946289,-56.79763412
498.39019775,-57.69699097
498.58093262,-56.66484833
498.77166748,-59.96777344
498.96240234,-58.38188553
499.15313721,-54.26639175
499.34387207,-59.87535858
499.53460693,-64.40118408
499.72534180,-59.46775818
499.91607666,-63.60076523
500.10681152,-56.23267365
500.29754639,-49.39517212
500.48828125,-50.56135178
500.67901611,-67.13629913
500.86975098,-61.92126465
501.06048584,-70.76388550
501.25122070,-63.83880997
501.44195557,-55.94401932
501.63269043,-56.91310883
501.82342529,-54.02664566
502.01416016,-51.11194992
502.20489502,-55.72753143
502.39562988,-63.25357819
502.58636475,-54.50027847
502.77709961,-54.92256546
502.96783447,-65.13757324
503.15856934,-68.43869781
503.34930420,-62.82566452
503.54003906,-53.31721878
503.73077393,-51.94271088
503.92150879,-55.45241547
504.11224365,-60.15267944
504.30297852,-62.65558243
504.49371338,-63.89422989
504.68444824,-58.99105453
504.87518311,-58.64046097
505.06591797,-54.48288727
505.25665283,-58.85250092
505.44738770,-55.53083801
505.63812256,-57.85678482
505.82885742,-60.07276917
506.01959229,-55.35522461
506.21032715,-59.59182739
506.40106201,-56.97230911
506.59179688,-55.13096619
506.78253174,-68.08152771
506.97326660,-56.08285522
507.16400146,-60.57741165
507.35473633,-68.13879395
507.54547119,-61.85186005
507.73620605,-60.37355804
507.92694092,-63.91782379
508.11767578,-55.21195221
508.30841064,-52.57152176
508.49914551,-56.08996964
508.68988037,-65.91770935
508.88061523,-54.47827911
509.07135010,-56.02199554
509.26208496,-59.91749191
509.45281982,-54.80830383
509.64355469,-54.12408447
509.83428955,-56.97817230
510.02502441,-59.99635696
510.21575928,-57.87699890
510.40649414,-59.63228607
510.59722900,-60.84546661
510.78796387,-51.11455536
510.97869873,-50.61903381
511.16943359,-54.88392639
511.36016846,-61.39353943
511.55090332,-62.56797028
511.74163818,-58.41341019
511.93237305,-59.43746567
512.12310791,-60.28650665
512.31384277,-55.47570801
512.50457764,-54.33526993
512.69531250,-60.00405121
512.88604736,-56.96183014
513.07678223,-58.67927551
513.26751709,-64.85535431
513.45825195,-58.92889404
513.64898682,-65.96728516
513.83972168,-61.29029083
514.03045654,-57.00391769
514.22119141,-59.61127472
514.41192627,-63.20206070
514.60266113,-66.02896881
514.79339600,-86.46865845
514.98413086,-66.90945435
515.17486572,-57.61214828
515.36560059,-57.99024582
515.55633545,-63.64997101
515.74707031,-56.78322220
515.93780518,-57.69337463
516.12854004,-72.93797302
516.31927490,-58.37198257
516.51000977,-54.65206909
516.70074463,-57.13212967
516.89147949,-59.58881760
517.08221436,-57.76428986
517.27294922,-59.81704712
517.46368408,-58.73144531
517.65441895,-56.08129501
517.84515381,-56.58133698
518.03588867,-61.69239807
518.22662354,-71.89612579
518.41735840,-58.43851089
518.60809326,-56.50806808
518.79882812,-56.23204803
518.98956299,-53.12551498
519.18029785,-51.34146881
519.37103271,-51.27247620
519.56176758,-53.10474014
519.75250244,-56.50664902
519.94323730,-60.91291046
520.13397217,-62.17744446
520.32470703,-65.25378418
520.51544189,-61.76118851
520.70617676,-58.76158142
520.89691162,-58.00996780
521.08764648,-57.82675934
521.27838135,-56.57546616
521.46911621,-53.19296265
521.65985107,-51.90614319
521.85058594,-54.62685013
522.04132080,-58.30749893
522.23205566,-56.52496338
522.42279053,-53.75899887
522.61352539,-58.99349213
522.80426025,-66.34555054
522.99499512,-63.61161041
523.18572998,-65.11745453
523.37646484,-55.48767090
523.56719971,-56.17333221
523.75793457,-63.80315781
523.94866943,-57.92637253
524.13940430,-57.30797195
524.33013916,-54.57197571
524.52087402,-52.39890289
524.71160889,-54.95738220
524.90234375,-58.48582458
525.09307861,-56.61079788
525.28381348,-52.58006668
525.47454834,-52.61949158
525.66528320,-57.19740295
525.85601807,-60.83943939
526.04675293,-58.02438354
526.23748779,-55.49860001
526.42822266,-57.26669693
526.61895752,-63.65106964
526.80969238,-70.22610474
527.00042725,-59.32386017
527.19116211,-56.45335388
527.38189697,-64.86314392
527.57263184,-59.29123688
527.76336670,-64.50190735
527.95410156,-58.73374939
528.14483643,-57.77533722
528.33557129,-56.82683945
528.52630615,-54.85980606
528.71704102,-56.66677856
528.90777588,-61.80917740
529.09851074,-70.87980652
529.28924561,-81.03168488
529.47998047,-72.37313080
529.67071533,-66.84642792
529.86145020,-86.04160309
530.05218506,-68.27384186
530.24291992,-65.98222351
530.43365479,-72.89264679
530.62438965,-57.59034729
530.81512451,-54.14913559
531.00585938,-51.22032166
531.19659424,-53.48617935
531.38732910,-63.42889404
531.57806396,-54.86761093
531.76879883,-57.43415070
531.95953369,-55.52333450
532.15026855,-57.01130676
532.34100342,-66.40604401
532.53173828,-56.91596603
532.72247314,-57.49377441
532.91320801,-75.07224274
533.10394287,-58.51768112
533.29467773,-61.16168213
533.48541260,-59.60072327
533.67614746,-50.79524994
533.86688232,-51.79006577
534.05761719,-57.59848022
534.24835205,-59.05704880
534.43908691,-55.40311432
534.62982178,-52.61316299
534.82055664,-53.38585281
535.01129150,-59.59405899
535.20202637,-67.67304230
535.39276123,-68.93433380
535.58349609,-63.39789963
535.77423096,-55.59951401
535.96496582,-55.29187012
536.15570068,-80.68444824
536.34643555,-66.71488953
536.53717041,-61.49036789
536.72790527,-55.20602798
536.91864014,-52.06051636
537.10937500,-50.85668182
537.30010986,-53.49261856
537.49084473,-64.37192535
537.68157959,-56.30831146
537.87231445,-56.92425156
538.06304932,-59.58816910
538.25378418,-58.41894150
538.44451904,-55.83538818
538.63525391,-56.38062286
538.82598877,-57.31437683
539.01672363,-52.57621384
539.20745850,-61.01701736
539.39819336,-60.43922043
539.58892822,-69.80020142
539.77966309,-57.56420135
539.97039795,-57.19484329
540.16113281,-65.23200989
540.35186768,-58.32722092
540.54260254,-57.37158203
540.73333740,-57.53202438
540.92407227,-56.11539841
541.11480713,-56.07637024
541.30554199,-56.61540604
541.49627686,-59.32222748
541.68701172,-63.25619125
541.87774658,-55.23413849
542.06848145,-61.64036560
542.25921631,-56.24425888
542.44995117,-52.71879578
542.64068604,-52.80440903
542.83142090,-53.39105225
543.02215576,-54.38408279
543.21289062,-66.92518616
543.40362549,-68.16392517
543.59436035,-61.59352875
543.78509521,-68.32177734
543.97583008,-57.26242447
544.16656494,-51.85757446
544.35729980,-51.55887985
544.54803467,-54.07081604
544.73876953,-61.69789124
544.92950439,-55.54927444
545.12023926,-56.03239441
545.31097412,-58.37664032
545.50170898,-59.53499222
545.69244385,-58.27293396
545.88317871,-57.89474869
546.07391357,-58.40290833
546.26464844,-54.46702576
546.45538330,-51.67657852
546.64611816,-52.94874573
546.83685303,-59.88204575
547.02758789,-66.10047913
547.21832275,-68.02181244
547.40905762,-62.33156204
547.59979248,-56.36573029
547.79052734,-56.87012482
547.98126221,-61.88503265
548.17199707,-56.74448395
548.36273193,-54.52169037
548.55346680,-61.06026077
548.74420166,-79.85708618
548.93493652,-67.95561981
549.12567139,-60.54651260
549.31640625,-53.51807022
549.50714111,-50.58193588
549.69787598,-50.94771576
549.88861084,-54.97999191
550.07934570,-67.89902496
550.27008057,-61.14632034
550.46081543,-59.35281754
550.65155029,-58.95728302
550.84228516,-59.46952438
551.03302002,-54.73803711
551.22375488,-56.21313095
551.41448975,-60.16601562
551.60522461,-61.31012344
551.79595947,-60.22705078
551.98669434,-54.81149673
552.17742920,-55.05883789
552.36816406,-54.61391830
552.55889893,-53.70032501
552.74963379,-54.64641190
552.94036865,-61.71257401
553.13110352,-63.90926361
553.32183838,-71.98471832
553.51257324,-61.28547668
553.70330811,-59.81977844
553.89404297,-68.79114532
554.08477783,-62.71928406
554.27551270,-58.79091263
554.46624756,-57.37006760
554.65698242,-54.91496658
554.84771729,-58.90731430
555.03845215,-63.12044525
555.22918701,-58.68141174
555.41992188,-56.65817642
555.61065674,-52.44454193
555.80139160,-53.10087204
555.99212646,-61.44110870
556.18286133,-69.04860687
556.37359619,-56.80854797
556.56433105,-53.64841843
556.75506592,-56.28145599
556.94580078,-66.73149872
557.13653564,-54.09466171
557.32727051,-51.79118347
557.51800537,-57.29078674
557.70874023,-60.96540833
557.89947510,-63.14771652
558.09020996,-64.78311920
558.28094482,-62.00367355
558.47167969,-60.34880066
558.66241455,-62.78003311
558.85314941,-56.79557800
559.04388428,-51.72676849
559.23461914,-50.55553436
559.42535400,-52.92869186
559.61608887,-55.01760101
559.80682373,-53.61005402
559.99755859,-55.96051025
560.18829346,-57.15335846
560.37902832,-58.41007614
560.56976318,-76.07209778
560.76049805,-60.02210617
560.95123291,-57.23226929
561.14196777,-61.05104065
561.33270264,-67.32735443
561.52343750,-56.76950836
561.71417236,-52.64618301
561.90490723,-53.70939255
562.09564209,-57.58277130
562.28637695,-72.10734558
562.47711182,-61.26296997
562.66784668,-60.46073151
562.85858154,-58.85792160
563.04931641,-57.36736679
563.24005127,-62.38982391
563.43078613,-75.53437805
563.62152100,-78.69108582
563.81225586,-65.21015930
564.00299072,-56.04106140
564.19372559,-55.22066116
564.38446045,-64.27186584
564.57519531,-57.82204437
564.76593018,-64.59023285
564.95666504,-59.51418304
565.14739990,-57.52211761
565.33813477,-60.94159698
565.52886963,-64.00318146
565.71960449,-52.91074753
565.91033936,-53.56237793
566.10107422,-64.26885986
566.29180908,-57.26451111
566.48254395,-59.35545349
566.67327881,-54.67860794
566.86401367,-52.68727112
567.05474854,-53.61228180
567.24548340,-54.22289276
567.43621826,-57.90778732
567.62695312,-64.86129761
567.81768799,-57.13964081
568.00842285,-54.69658661
568.19915771,-53.85128784
568.38989258,-52.59960556
568.58062744,-55.31316376
568.77136230,-61.64579010
568.96209717,-56.65093231
569.15283203,-55.59747314
569.34356689,-63.39957428
569.53430176,-69.54078674
569.72503662,-65.99728394
569.91577148,-62.60283661
570.10650635,-57.82495499
570.29724121,-54.68332672
570.48797607,-55.34666061
570.67871094,-76.68260193
570.86944580,-54.91503143
571.06018066,-54.95614624
571.25091553,-60.71596527
571.44165039,-56.79814148
571.63238525,-56.59012222
571.82312012,-65.56478882
572.01385498,-71.75376129
572.20458984,-65.07420349
572.39532471,-60.36672592
572.58605957,-66.48831940
572.77679443,-63.06014633
572.96752930,-57.31296921
573.15826416,-52.51728439
573.34899902,-50.23229599
573.53973389,-51.05227661
573.73046875,-59.13201904
573.92120361,-60.08439636
574.11193848,-65.86549377
574.30267334,-64.75428009
574.49340820,-57.36917877
574.68414307,-58.32128525
574.87487793,-71.77175903
575.06561279,-64.51237488
575.25634766,-58.73641205
575.44708252,-54.64830780
575.63781738,-57.76895142
575.82855225,-58.46141815
576.01928711,-54.68884277
576.21002197,-55.79769135
576.40075684,-58.40341949
576.59149170,-64.04854584
576.78222656,-62.94302368
576.97296143,-54.66474915
577.16369629,-52.59220886
577.35443115,-57.37690353
577.54516602,-62.59828186
577.73590088,-77.50721741
577.92663574,-78.37253571
578.11737061,-61.63300323
578.30810547,-55.66021347
578.49884033,-55.71781540
578.68957520,-57.16886139
578.88031006,-56.08938599
579.07104492,-56.61665344
579.26177979,-62.52601624
579.45251465,-61.30297852
579.64324951,-64.55303955
579.83398438,-59.17188644
580.02471924,-68.76639557
580.21545410,-57.40121460
580.40618896,-59.59674835
580.59692383,-64.92373657
580.78765869,-59.62190247
580.97839355,-55.17266083
581.16912842,-58.40327454
581.35986328,-59.95439529
581.55059814,-67.24707794
581.74133301,-61.03870392
581.93206787,-52.34304047
582.12280273,-50.99678802
582.31353760,-60.02402496
582.50427246,-59.97670746
582.69500732,-55.71759033
582.88574219,-56.84766388
583.07647705,-59.27978134
583.26721191,-65.43107605
583.45794678,-59.74052048
583.64868164,-62.10166550
583.83941650,-60.32223129
584.03015137,-60.74937439
584.22088623,-60.06392670
584.41162109,-56.56169510
584.60235596,-61.84611511
584.79309082,-53.63483047
584.98382568,-60.40651703
585.17456055,-69.46333313
585.36529541,-59.77228165
585.55603027,-57.26470947
585.74676514,-57.12186432
585.93750000,-55.39842987
586.12823486,-51.95489502
586.31896973,-54.89318848
586.50970459,-60.66648865
586.70043945,-64.54077911
586.89117432,-60.39933777
587.08190918,-55.94490433
587.27264404,-51.66870880
587.46337891,-51.41494370
587.65411377,-54.99970245
587.84484863,-59.10755920
588.03558350,-56.39042282
588.22631836,-54.75623322
588.41705322,-58.26601028
588.60778809,-66.51522827
588.79852295,-62.54162216
588.98925781,-52.01112366
589.17999268,-50.95737839
589.37072754,-56.43062592
589.56146240,-58.37625885
589.75219727,-57.00086594
589.94293213,-64.04505920
590.13366699,-56.25038147
590.32440186,-55.76597214
590.51513672,-59.15752411
590.70587158,-64.67742157
590.89660645,-65.53881836
591.08734131,-57.22829819
591.27807617,-56.97283936
591.46881104,-56.19841766
591.65954590,-55.04325867
591.85028076,-57.26158905
592.04101562,-59.56995392
592.23175049,-53.48132706
592.42248535,-51.65377045
592.61322021,-54.04594421
592.80395508,-56.37413406
592.99468994,-60.39627457
593.18542480,-59.66580963
593.37615967,-57.12918091
593.56689453,-59.14231110
593.75762939,-59.58496857
593.94836426,-57.05104828
594.13909912,-55.14218903
594.32983398,-56.70882797
594.52056885,-67.05853271
594.71130371,-73.09765625
594.90203857,-58.90576935
595.09277344,-51.59494019
595.28350830,-50.09663010
595.47424316,-51.43722916
595.66497803,-51.35607910
595.85571289,-50.62480164
596.04644775,-54.86562347
596.23718262,-60.91046906
596.42791748,-56.25599289
596.61865234,-56.16298294
596.80938721,-57.37502670
597.00012207,-64.46176147
597.19085693,-56.93759155
597.38159180,-51.37873077
597.57232666,-51.03813171
597.76306152,-53.99815369
597.95379639,-60.67165756
598.14453125,-61.30214691
598.33526611,-54.12162781
598.52600098,-53.98843384
598.71673584,-58.17890167
598.90747070,-56.60783768
599.09820557,-61.91833878
599.28894043,-62.25894165
599.47967529,-55.48738098
599.67041016,-54.94120789
599.86114502,-60.15932465
600.05187988,-56.98583603
600.24261475,-56.58361053
600.43334961,-62.27462769
600.62408447,-54.78885269
600.81481934,-54.87907791
601.00555420,-59.77163315
601.19628906,-67.06016541
601.38702393,-63.56206512
601.57775879,-57.51419830
601.76849365,-55.60969925
601.95922852,-56.59774399
602.14996338,-53.64544678
602.34069824,-55.98876190
602.53143311,-66.70629883
602.72216797,-64.34760284
602.91290283,-58.00505829
603.10363770,-53.99082184
603.29437256,-54.76395035
603.48510742,-57.02726364
603.67584229,-57.25642395
603.86657715,-63.88125992
604.05731201,-62.67436981
604.24804688,-61.97773361
604.43878174,-59.97539520
604.62951660,-58.32715607
604.82025146,-59.55773926
605.01098633,-65.20728302
605.20172119,-56.04286957
605.39245605,-53.96728897
605.58319092,-54.24419403
605.77392578,-53.47834015
605.96466064,-54.32981873
606.15539551,-62.36678314
606.34613037,-71.17076874
606.53686523,-58.52010345
606.72760010,-56.17948914
606.91833496,-57.93110275
607.10906982,-60.45816803
607.29980469,-62.74283600
607.49053955,-57.06824875
607.68127441,-57.11180115
607.87200928,-68.67578125
608.06274414,-64.39667511
608.25347900,-56.42467499
608.44421387,-54.77833557
608.63494873,-57.95488358
608.82568359,-62.52580643
609.01641846,-63.74867249
609.20715332,-62.59110260
609.39788818,-63.71688461
609.58862305,-59.58412170
609.77935791,-71.29621887
609.97009277,-66.39118195
610.16082764,-63.25982666
610.35156250,-70.69200897
610.54229736,-54.27095413
610.73303223,-49.72935104
610.92376709,-48.67898560
611.11450195,-49.93472672
611.30523682,-55.87752533
611.49597168,-65.00045013
611.68670654,-58.31510925
611.87744141,-59.66778564
612.06817627,-65.78559875
612.25891113,-80.43549347
612.44964600,-59.52758026
612.64038086,-54.44545364
612.83111572,-60.20603943
613.02185059,-69.77352142
613.21258545,-71.63473511
613.40332031,-63.22266388
613.59405518,-60.14989471
613.78479004,-55.71779251
613.97552490,-55.09485245
614.16625977,-55.71615219
614.35699463,-54.94913483
614.54772949,-56.98338318
614.73846436,-79.70268250
614.92919922,-64.04274750
615.11993408,-57.83050919
615.31066895,-58.56443787
615.50140381,-63.52511597
615.69213867,-69.38180542
615.88287354,-60.42782593
616.07360840,-58.87931442
616.26434326,-63.80144119
616.45507812,-56.55403900
616.64581299,-55.94765472
616.83654785,-60.62176132
617.02728271,-59.87034607
617.21801758,-55.61196136
617.40875244,-54.29676819
617.59948730,-54.61734390
617.79022217,-57.10990143
617.98095703,-58.01283264
618.17169189,-53.99218750
618.36242676,-52.48992920
618.55316162,-52.66468430
618.74389648,-53.49933624
618.93463135,-50.20906448
619.12536621,-48.73807526
619.31610107,-53.30409622
619.50683594,-63.64315033
619.69757080,-68.82363129
619.88830566,-63.29307175
620.07904053,-55.64321899
620.26977539,-60.35598755
620.46051025,-59.79402161
620.65124512,-57.11040115
620.84197998,-56.88335037
621.03271484,-61.17369080
621.22344971,-53.24124146
621.41418457,-51.85662842
621.60491943,-52.68209457
621.79565430,-51.36817169
621.98638916,-50.52479553
622.17712402,-53.89814377
622.36785889,-64.15512085
622.55859375,-73.80030823
622.74932861,-61.27492905
622.94006348,-53.79185486
623.13079834,-55.64860916
623.32153320,-56.68357468
623.51226807,-62.78263855
623.70300293,-54.56769943
623.89373779,-54.99949646
624.08447266,-63.26293564
624.27520752,-54.99526978
624.46594238,-49.98022461
624.65667725,-52.47319031
624.84741211,-60.02710342
625.03814697,-54.82210159
625.22888184,-62.27729797
625.41961670,-61.41188049
625.61035156,-63.33446503
625.80108643,-70.74399567
625.99182129,-74.19300079
626.18255615,-73.34561920
626.37329102,-63.11852264
626.56402588,-54.22416687
626.75476074,-55.18030548
626.94549561,-65.95962524
627.13623047,-59.31886292
627.32696533,-64.29743195
627.51770020,-69.17321014
627.70843506,-67.74330902
627.89916992,-58.37458801
628.08990479,-53.66556549
628.28063965,-53.39419937
628.47137451,-55.09906006
628.66210938,-62.30003357
628.85284424,-64.25459290
629.04357910,-60.33182526
629.23431396,-57.78757095
629.42504883,-56.94424438
629.61578369,-68.78487396
629.80651855,-55.89291382
629.99725342,-56.35272980
630.18798828,-53.66772079
630.37872314,-57.77461243
630.56945801,-54.27803421
630.76019287,-54.04713058
630.95092773,-54.71222687
631.14166260,-54.38183594
631.33239746,-53.93813324
631.52313232,-52.49381256
631.71386719,-53.45466614
631.90460205,-55.20921707
632.09533691,-58.92915726
632.28607178,-67.61611176
632.47680664,-62.14116669
632.66754150,-62.35073853
632.85827637,-66.97000122
633.04901123,-67.95951843
633.23974609,-57.36702347
633.43048096,-54.28600311
633.62121582,-53.48981476
633.81195068,-54.35921097
634.00268555,-58.00641632
634.19342041,-61.67354202
634.38415527,-59.51156235
634.57489014,-59.85157394
634.76562500,-60.63869476
634.95635986,-62.09991837
635.14709473,-58.39077377
635.33782959,-53.77907181
635.52856445,-51.54152679
635.71929932,-53.42902756
635.91003418,-61.84974289
636.10076904,-66.49223328
636.29150391,-76.27272797
636.48223877,-67.49111938
636.67297363,-67.69194794
636.86370850,-66.99554443
637.05444336,-56.46793747
637.24517822,-52.03496552
637.43591309,-54.66505051
637.62664795,-55.84419632
637.81738281,-53.63420486
638.00811768,-55.88016891
638.19885254,-62.52177429
638.38958740,-78.11644745
638.58032227,-63.19178009
638.77105713,-58.56390381
638.96179199,-64.82189178
639.15252686,-63.02213287
639.34326172,-79.81211853
639.53399658,-56.63807297
639.72473145,-55.96215820
639.91546631,-56.47435760
640.10620117,-59.54591751
640.29693604,-58.34207916
640.48767090,-51.91009140
640.67840576,-48.97719574
640.86914062,-50.24774170
641.05987549,-53.84404755
641.25061035,-55.38527679
641.44134521,-54.16246033
641.63208008,-56.22298431
641.82281494,-60.66186523
642.01354980,-55.08592606
642.20428467,-54.37884521
642.39501953,-56.64397430
642.58575439,-68.18073273
642.77648926,-55.03030777
642.96722412,-55.71091461
643.15795898,-59.63446808
643.34869385,-56.77456665
643.53942871,-56.73776245
643.73016357,-60.11254120
643.92089844,-55.49170685
644.11163330,-55.04742432
644.30236816,-61.01172638
644.49310303,-60.37200165
644.68383789,-58.27087021
644.87457275,-54.76760101
645.06530762,-53.06069183
645.25604248,-54.65654755
645.44677734,-57.83143997
645.63751221,-62.44968414
645.82824707,-60.95840836
646.01898193,-56.49071121
646.20971680,-58.39340210
646.40045166,-57.82385254
646.59118652,-58.78487396
646.78192139,-62.10734558
646.97265625,-56.29891968
647.16339111,-52.91389465
647.35412598,-60.39644623
647.54486084,-59.05701447
647.73559570,-58.96869659
647.92633057,-58.90895844
648.11706543,-52.62137985
648.30780029,-53.33730698
648.49853516,-62.89248657
648.68927002,-52.88065338
648.88000488,-53.95709229
649.07073975,-61.98680496
649.26147461,-75.07501221
649.45220947,-58.96996307
649.64294434,-56.50266647
649.83367920,-61.89773178
650.02441406,-54.82524109
650.21514893,-55.03585052
650.40588379,-63.13577271
650.59661865,-58.51221466
650.78735352,-68.98518372
650.97808838,-66.11717987
651.16882324,-62.58949661
651.35955811,-66.90144348
651.55029297,-71.26824188
651.74102783,-66.03242493
651.93176270,-61.36522293
652.12249756,-60.66854477
652.31323242,-61.16642380
652.50396729,-57.22816086
652.69470215,-56.32428741
652.88543701,-55.00656891
653.07617188,-52.06589508
653.26690674,-57.14515686
653.45764160,-72.28305054
653.64837646,-59.96469116
653.83911133,-55.62343597
654.02984619,-52.92965698
654.22058105,-50.71388626
654.41131592,-50.97394562
654.60205078,-58.45914841
654.79278564,-63.14418793
654.98352051,-57.65710831
655.17425537,-55.44477081
655.36499023,-55.17068863
655.55572510,-62.84854507
655.74645996,-59.85457993
655.93719482,-69.22805786
656.12792969,-61.41774750
656.31866455,-57.89485931
656.50939941,-60.06396866
656.70013428,-61.85349274
656.89086914,-58.39319229
657.08160400,-52.90886307
657.27233887,-58.05045319
657.46307373,-62.23648834
657.65380859,-62.45576859
657.84454346,-56.32915497
658.03527832,-54.03202438
658.22601318,-55.97469711
658.41674805,-58.14845276
658.60748291,-60.89541626
658.79821777,-68.90747070
658.98895264,-57.21420288
659.17968750,-57.42093658
659.37042236,-62.86178970
659.56115723,-59.94778061
659.75189209,-55.20566559
659.94262695,-58.00907898
660.13336182,-60.61621857
660.32409668,-56.29923248
660.51483154,-52.98681259
660.70556641,-51.18740463
660.89630127,-52.20294189
661.08703613,-54.20966339
661.27777100,-55.04534149
661.46850586,-53.61406708
661.65924072,-56.13300705
661.84997559,-69.03720856
662.04071045,-65.89720917
662.23144531,-64.18883514
662.42218018,-65.12539673
662.61291504,-76.49304199
662.80364990,-60.10591125
662.99438477,-59.20415878
663.18511963,-60.84377670
663.37585449,-65.57838440
663.56658936,-56.64704132
663.75732422,-54.75716400
663.94805908,-52.54291153
664.13879395,-49.62999344
664.32952881,-48.54051971
664.52026367,-49.39493179
664.71099854,-53.24863434
664.90173340,-58.65812683
665.09246826,-60.51123047
665.28320312,-64.65657806
665.47393799,-58.54445648
665.66467285,-51.47107697
665.85540771,-49.33733368
666.04614258,-50.27421951
666.23687744,-60.50234985
666.42761230,-54.97846985
666.61834717,-52.62386322
666.80908203,-62.38062286
666.99981689,-67.76865387
667.19055176,-63.62022400
667.38128662,-60.78239059
667.57202148,-57.64239502
667.76275635,-56.16811371
667.95349121,-55.82412720
668.14422607,-57.47776031
668.33496094,-58.63151169
668.52569580,-60.47818756
668.71643066,-64.28573608
668.90716553,-66.86086273
669.09790039,-61.24465942
669.28863525,-59.69459534
669.47937012,-59.46396255
669.67010498,-57.33993530
669.86083984,-69.82458496
670.05157471,-57.70113373
670.24230957,-58.52403259
670.43304443,-63.49824524
670.62377930,-64.25207520
670.81451416,-67.90436554
671.00524902,-60.17625809
671.19598389,-66.69958496
671.38671875,-59.43872070
671.57745361,-69.57986450
671.76818848,-59.46209717
671.95892334,-54.84447479
672.14965820,-55.84492493
672.34039307,-58.23785782
672.53112793,-60.90652466
672.72186279,-62.68067932
672.91259766,-62.19724655
673.10333252,-57.97285080
673.29406738,-52.75006104
673.48480225,-50.97120285
673.67553711,-52.15402603
673.86627197,-56.58800125
674.05700684,-68.83190155
674.24774170,-52.78409576
674.43847656,-51.15142822
674.62921143,-55.22768402
674.81994629,-56.55857086
675.01068115,-67.83614349
675.20141602,-61.61365891
675.39215088,-65.45326996
675.58288574,-60.56095886
675.77362061,-53.80024338
675.96435547,-54.55106735
676.15509033,-58.82980347
676.34582520,-56.88796616
676.53656006,-59.84439468
676.72729492,-63.03352737
676.91802979,-55.61759949
677.10876465,-52.79457092
677.29949951,-53.57012939
677.49023438,-57.63590240
677.68096924,-66.65759277
677.87170410,-63.39618301
678.06243896,-56.46855164
678.25317383,-57.65816116
678.44390869,-64.49753571
678.63464355,-58.73132706
678.82537842,-58.27685928
679.01611328,-73.74053192
679.20684814,-60.76910019
679.39758301,-66.07859039
679.58831787,-56.66729355
679.77905273,-52.16155243
679.96978760,-52.46427155
680.16052246,-52.23726273
680.35125732,-51.77603912
680.54199219,-55.95333099
680.73272705,-59.41578674
680.92346191,-54.67581940
681.11419678,-49.94906998
681.30493164,-49.97372437
681.49566650,-53.47466278
681.68640137,-60.11087418
681.87713623,-65.95793152
682.06787109,-59.58613586
682.25860596,-62.09430695
682.44934082,-57.12671661
682.64007568,-53.18488693
682.83081055,-52.91017151
683.02154541,-66.93437195
683.21228027,-60.53897858
683.40301514,-57.47089767
683.59375000,-55.76681137
683.78448486,-75.93272400
683.97521973,-54.49188232
684.16595459,-53.55897522
684.35668945,-54.89910507
684.54742432,-58.73942947
684.73815918,-62.92740250
684.92889404,-56.00240707
685.11962891,-57.40245438
685.31036377,-56.19160461
685.50109863,-57.81940842
685.69183350,-62.13653946
685.88256836,-58.20786285
686.07330322,-57.77560425
686.26403809,-62.82851410
686.45477295,-65.89816284
686.64550781,-64.57807922
686.83624268,-56.71234131
687.02697754,-54.75352859
687.21771240,-60.01325607
687.40844727,-55.11993408
687.59918213,-53.75507355
687.78991699,-56.20338440
687.98065186,-58.46746063
688.17138672,-56.96743393
688.36212158,-52.43816376
688.55285645,-50.56892776
688.74359131,-53.75028229
688.93432617,-56.88089371
689.12506104,-55.96381760
689.31579590,-56.55328751
689.50653076,-57.51257324
689.69726562,-57.85654449
689.88800049,-57.06029892
690.07873535,-54.54588318
690.26947021,-55.48234558
690.46020508,-61.53331757
690.65093994,-61.49096680
690.84167480,-56.04576874
691.03240967,-54.30907822
691.22314453,-55.19309616
691.41387939,-55.57209015
691.60461426,-60.21486664
691.79534912,-67.27739716
691.98608398,-65.83483887
692.17681885,-62.74340820
692.36755371,-53.87535477
692.55828857,-52.30225372
692.74902344,-55.53564072
692.93975830,-79.01024628
693.13049316,-54.24524307
693.32122803,-51.96723175
693.51196289,-53.58234787
693.70269775,-56.87582016
693.89343262,-64.15277863
694.08416748,-60.64952087
694.27490234,-54.68709564
694.46563721,-55.43284988
694.65637207,-76.17671204
694.84710693,-57.15861511
695.03784180,-63.47098541
695.22857666,-61.97544861
695.41931152,-65.12352753
695.61004639,-62.74887848
695.80078125,-54.25746155
695.99151611,-53.49806976
696.18225098,-58.23087692
696.37298584,-52.08474731
696.56372070,-49.09197235
696.75445557,-49.74405670
696.94519043,-52.81340027
697.13592529,-62.81979370
697.32666016,-61.73419189
697.51739502,-53.77843475
697.70812988,-49.45290375
697.89886475,-48.41145325
698.08959961,-49.85955048
698.28033447,-53.31442261
698.47106934,-56.19688416
698.66180420,-54.53391266
698.85253906,-52.30749130
699.04327393,-52.66087341
699.23400879,-54.85325623
699.42474365,-63.88761520
699.61547852,-67.76873779
699.80621338,-85.25343323
699.99694824,-61.47310257
700.18768311,-54.27521515
700.37841797,-55.21179962
700.56915283,-58.65081024
700.75988770,-56.54632568
700.95062256,-64.31089783
701.14135742,-56.21946716
701.33209229,-52.21405029
701.52282715,-54.20705795
701.71356201,-64.03525543
701.90429688,-71.67580414
702.09503174,-61.02645493
702.28576660,-62.21994400
702.47650146,-66.48275757
702.66723633,-56.66400146
702.85797119,-56.57308960
703.04870605,-80.51939392
703.23944092,-56.73818207
703.43017578,-53.79878616
703.62091064,-53.01548004
703.81164551,-60.20319366
704.00238037,-58.24592590
704.19311523,-54.98748016
704.38385010,-64.54782104
704.57458496,-68.08209991
704.76531982,-67.45783997
704.95605469,-58.52023315
705.14678955,-60.45259094
705.33752441,-59.79428101
705.52825928,-56.73117828
705.71899414,-55.53532028
705.90972900,-61.37546921
706.10046387,-63.83331680
706.29119873,-64.50833130
706.48193359,-63.40837097
706.67266846,-57.93761444
706.86340332,-52.23454285
707.05413818,-54.14130402
707.24487305,-62.54390335
707.43560791,-59.10834885
707.62634277,-57.91735840
707.81707764,-60.96784210
708.00781250,-56.00645065
708.19854736,-51.77049255
708.38928223,-55.32588577
708.58001709,-54.52497101
708.77075195,-61.35865021
708.96148682,-64.04292297
709.15222168,-60.90773010
709.34295654,-61.25467682
709.53369141,-57.71718597
709.72442627,-53.86703873
709.91516113,-58.14617157
710.10589600,-60.25879288
710.29663086,-59.80333710
710.48736572,-57.56923294
710.67810059,-61.04526901
710.86883545,-64.96309662
711.05957031,-67.67848969
711.25030518,-63.70575714
711.44104004,-63.17401886
711.63177490,-53.92237854
711.82250977,-56.16362000
712.01324463,-65.77733612
712.20397949,-58.50757980
712.39471436,-60.03664398
712.58544922,-66.76745605
712.77618408,-75.70336151
712.96691895,-64.61206055
713.15765381,-58.34525299
713.34838867,-57.30686951
713.53912354,-57.83258438
713.72985840,-58.33567810
713.92059326,-54.85405731
714.11132812,-58.69903564
714.30206299,-68.87799072
714.49279785,-61.64438629
714.68353271,-64.69715881
714.87426758,-57.04490662
715.06500244,-54.33518982
715.25573730,-62.52880859
715.44647217,-55.86244202
715.63720703,-53.00777435
715.82794189,-54.05755615
716.01867676,-56.42142487
716.20941162,-55.75876617
716.40014648,-51.06078339
716.59088135,-53.42908478
716.78161621,-70.10486603
716.97235107,-59.22002411
717.16308594,-64.07238007
717.35382080,-59.06637573
717.54455566,-53.99429321
717.73529053,-56.75174713
717.92602539,-64.21967316
718.11676025,-57.73197556
718.30749512,-56.54873657
718.49822998,-60.60419083
718.68896484,-57.69723892
718.87969971,-53.26995087
719.07043457,-56.72302246
719.26116943,-58.06861877
719.45190430,-56.43676376
719.64263916,-54.12849808
719.83337402,-53.34203339
720.02410889,-55.08559418
720.21484375,-55.93503571
720.40557861,-59.77214432
720.59631348,-64.98249817
720.78704834,-59.11051941
720.97778320,-57.98760223
721.16851807,-58.03418732
721.35925293,-53.21920395
721.54998779,-51.79369354
721.74072266,-52.20616150
721.93145752,-53.15443039
722.12219238,-56.68274689
722.31292725,-54.13491058
722.50366211,-57.16880035
722.69439697,-62.40051651
722.88513184,-58.51272583
723.07586670,-61.97776413
723.26660156,-70.79084778
723.45733643,-66.96702576
723.64807129,-61.17383957
723.83880615,-51.80331802
724.02954102,-48.52370834
724.22027588,-52.15832138
724.41101074,-70.83872986
724.60174561,-59.61445236
724.79248047,-58.62496948
724.98321533,-55.67167282
725.17395020,-54.34321594
725.36468506,-51.43379974
725.55541992,-49.60132980
725.74615479,-53.48211288
725.93688965,-63.47515106
726.12762451,-68.27080536
726.31835938,-58.10836792
726.50909424,-64.77400208
726.69982910,-60.59731293
726.89056396,-56.22793198
727.08129883,-59.31094360
727.27203369,-53.63668442
727.46276855,-53.48282242
727.65350342,-56.76135254
727.84423828,-51.43384552
728.03497314,-49.17943573
728.22570801,-51.75674057
728.41644287,-52.68470383
728.60717773,-53.03644562
728.79791260,-58.09864807
728.98864746,-55.70589447
729.17938232,-53.46250916
729.37011719,-52.15564728
729.56085205,-56.62416458
729.75158691,-54.50277328
729.94232178,-53.36006165
730.13305664,-57.47122955
730.32379150,-58.50000381
730.51452637,-57.78202438
730.70526123,-61.36592865
730.89599609,-54.88710022
731.08673096,-50.90793991
731.27746582,-55.12336349
731.46820068,-67.37710571
731.65893555,-62.09231949
731.84967041,-55.70318604
732.04040527,-55.87991714
732.23114014,-61.08676529
732.42187500,-68.01063538
732.61260986,-65.96973419
732.80334473,-56.04217529
732.99407959,-53.60130692
733.18481445,-56.10189056
733.37554932,-68.59555054
733.56628418,-66.81179810
733.75701904,-68.92596436
733.94775391,-60.34847641
734.13848877,-57.88991928
734.32922363,-57.23052597
734.51995850,-64.55402374
734.71069336,-56.62272644
734.90142822,-54.93976212
735.09216309,-61.00182343
735.28289795,-53.99482727
735.47363281,-49.76539230
735.66436768,-50.69450760
735.85510254,-53.20529175
736.04583740,-54.38883209
736.23657227,-54.50408173
736.42730713,-62.41205597
736.61804199,-60.71523666
736.80877686,-59.64054489
736.99951172,-59.88220215
737.19024658,-58.15979004
737.38098145,-68.82901001
737.57171631,-63.91362762
737.76245117,-61.18292999
737.95318604,-64.39890289
738.14392090,-58.67181778
738.33465576,-56.72771454
738.52539062,-55.50650024
738.71612549,-50.88666534
738.90686035,-48.45185852
739.09759521,-47.53898621
739.28833008,-50.09880829
739.47906494,-58.96926117
739.66979980,-66.81002045
739.86053467,-70.16709900
740.05126953,-62.12425995
740.24200439,-51.54326630
740.43273926,-48.02316284
740.62347412,-50.13675690
740.81420898,-54.54553604
741.00494385,-55.55543900
741.19567871,-55.68052292
741.38641357,-55.26736450
741.57714844,-56.05295181
741.76788330,-52.64564514
741.95861816,-49.35554886
742.14935303,-56.30449677
742.34008789,-60.48748016
742.53082275,-53.49333954
742.72155762,-51.26095200
742.91229248,-51.76960373
743.10302734,-64.68981934
743.29376221,-52.14189529
743.48449707,-50.07373810
743.67523193,-52.35708237
743.86596680,-52.53063965
744.05670166,-58.35128784
744.24743652,-64.67221832
744.43817139,-59.39098358
744.62890625,-62.24123383
744.81964111,-64.62252045
745.01037598,-86.60197449
745.20111084,-59.44871902
745.39184570,-58.50877762
745.58258057,-59.53562164
745.77331543,-61.17972565
745.96405029,-85.66871643
746.15478516,-62.16428757
746.34552002,-57.45448303
746.53625488,-67.01589966
746.72698975,-61.74476242
746.91772461,-70.53419495
747.10845947,-61.98124313
747.29919434,-67.42948151
747.48992920,-58.47954559
747.68066406,-53.60846710
747.87139893,-55.56285858
748.06213379,-58.81589508
748.25286865,-54.35464478
748.44360352,-53.64181900
748.63433838,-53.28748703
748.82507324,-52.74402237
749.01580811,-54.68471909
749.20654297,-56.49090576
749.39727783,-62.25157928
749.58801270,-54.75691223
749.77874756,-55.54849625
749.96948242,-56.23630905
750.16021729,-54.90571976
750.35095215,-52.25004196
750.54168701,-49.51146698
750.73242188,-48.81542969
750.92315674,-50.67785263
751.11389160,-55.72153473
751.30462646,-60.18661499
751.49536133,-63.41106796
751.68609619,-61.04034424
751.87683105,-57.07103729
752.06756592,-53.98584366
752.25830078,-53.42205429
752.44903564,-51.82638168
752.63977051,-51.12720108
752.83050537,-51.48143768
753.02124023,-54.17032623
753.21197510,-62.46235275
753.40270996,-62.06756973
753.59344482,-56.76383591
753.78417969,-65.03985596
753.97491455,-54.50736237
754.16564941,-49.95615387
754.35638428,-49.11313629
754.54711914,-52.13678741
754.73785400,-57.97741318
754.92858887,-61.95451736
755.11932373,-63.13514328
755.31005859,-70.98361206
755.50079346,-58.15616226
755.69152832,-57.66844177
755.88226318,-63.36882019
756.07299805,-53.68079758
756.26373291,-51.35919571
756.45446777,-54.12090683
756.64520264,-57.55056381
756.83593750,-63.27254868
757.02667236,-70.06004333
757.21740723,-61.21195984
757.40814209,-55.57976532
757.59887695,-52.72005081
757.78961182,-54.24507141
757.98034668,-57.51395416
758.17108154,-59.32358551
758.36181641,-77.61549377
758.55255127,-68.75890350
758.74328613,-65.31240845
758.93402100,-61.88522339
759.12475586,-68.85548401
759.31549072,-65.82669067
759.50622559,-65.45668030
759.69696045,-57.40890884
759.88769531,-54.24983978
760.07843018,-59.12257767
760.26916504,-65.81956482
760.45989990,-64.54678345
760.65063477,-64.41018677
760.84136963,-58.57474899
761.03210449,-54.86340332
761.22283936,-51.76296234
761.41357422,-51.03128815
761.60430908,-55.29676437
761.79504395,-53.35495758
761.98577881,-54.14223099
762.17651367,-66.98243713
762.36724854,-65.93880463
762.55798340,-60.13090515
762.74871826,-54.73017883
762.93945312,-52.65370941
763.13018799,-56.32560730
763.32092285,-65.16384888
763.51165771,-59.42081070
763.70239258,-51.91923523
763.89312744,-54.20173645
764.08386230,-63.35385895
764.27459717,-61.45279694
764.46533203,-70.08259583
764.65606689,-56.92634583
764.84680176,-58.14998627
765.03753662,-54.69601440
765.22827148,-54.47181320
765.41900635,-62.92520142
765.60974121,-62.43373108
765.80047607,-64.42259979
765.99121094,-62.11184692
766.18194580,-57.23532104
766.37268066,-59.79764938
766.56341553,-61.83666611
766.75415039,-62.21524811
766.94488525,-61.84065247
767.13562012,-61.38504028
767.32635498,-61.31888580
767.51708984,-63.99974442
767.70782471,-55.32664871
767.89855957,-54.18771744
768.08929443,-59.84649658
768.28002930,-58.67960358
768.47076416,-57.68566895
768.66149902,-53.58303070
768.85223389,-50.83010101
769.04296875,-54.35659409
769.23370361,-66.74021149
769.42443848,-62.59248734
769.61517334,-61.63166046
769.80590820,-76.16877747
769.99664307,-63.72782135
770.18737793,-63.02911377
770.37811279,-59.50557327
770.56884766,-55.22247696
770.75958252,-52.70584869
770.95031738,-55.10250473
771.14105225,-57.85629654
771.33178711,-57.37227631
771.52252197,-57.25809097
771.71325684,-59.64289856
771.90399170,-56.39686584
772.09472656,-54.91146851
772.28546143,-53.43675995
772.47619629,-51.64063263
772.66693115,-53.60750580
772.85766602,-60.37623596
773.04840088,-65.05480957
773.23913574,-59.02119446
773.42987061,-64.19518280
773.62060547,-60.56844711
773.81134033,-52.46633148
774.00207520,-50.58130646
774.19281006,-53.56795883
774.38354492,-60.97593307
774.57427979,-65.08129120
774.76501465,-58.90235519
774.95574951,-57.42515564
775.14648438,-59.34203720
775.33721924,-58.24666977
775.52795410,-56.79680634
775.71868896,-61.20643997
775.90942383,-59.36230087
776.10015869,-54.16547775
776.29089355,-52.77734375
776.48162842,-51.00041199
776.67236328,-50.45159149
776.86309814,-52.35670471
777.05383301,-56.78759766
777.24456787,-64.20834351
777.43530273,-66.59383392
777.62603760,-64.71817780
777.81677246,-55.42876434
778.00750732,-54.96732712
778.19824219,-64.51936340
778.38897705,-66.45938110
778.57971191,-60.99074936
778.77044678,-58.82669067
778.96118164,-55.42282104
779.15191650,-57.97286224
779.34265137,-56.76487732
779.53338623,-60.52869415
779.72412109,-59.48499680
779.91485596,-59.76671219
780.10559082,-65.16699982
780.29632568,-59.43061447
780.48706055,-60.98219299
780.67779541,-69.11055756
780.86853027,-56.69927216
781.05926514,-53.91526794
