Frequency,Channel A

0.00000000,-26.09874916
0.19073486,-32.79506302
0.38146973,-44.36711121
0.57220459,-47.90470505
0.76293945,-47.29230499
0.95367432,-52.57199097
1.14440918,-49.93288040
1.33514404,-53.02420044
1.52587891,-48.54288101
1.71661377,-54.36351013
1.90734863,-51.51728821
2.09808350,-56.35261917
2.28881836,-49.59934616
2.47955322,-60.09931564
2.67028809,-16.50205231
2.86102295,-2.31442261
3.05175781,2.09558463
3.24249268,-1.45982599
3.43322754,-14.44654846
3.62396240,-44.78960419
3.81469727,-58.36622620
4.00543213,-60.42145157
4.19616699,-56.61025238
4.38690186,-27.60053253
4.57763672,-16.17891121
4.76837158,-13.79015541
4.95910645,-19.18719101
5.14984131,-33.72641754
5.34057617,-48.85245895
5.53131104,-52.27185822
5.72204590,-62.74109268
5.91278076,-52.44601440
6.10351562,-49.71790314
6.29425049,-53.63509369
6.48498535,-64.77824402
6.67572021,-58.47633362
6.86645508,-63.44865799
7.05718994,-62.08781433
7.24792480,-62.87159729
7.43865967,-51.45269394
7.62939453,-46.62259674
7.82012939,-47.61528778
8.01086426,-54.08710098
8.20159912,-52.71459961
8.39233398,-50.32386017
8.58306885,-47.74410629
8.77380371,-43.38759995
8.96453857,-41.10829926
9.15527344,-40.84458160
9.34600830,-41.97047424
9.53674316,-45.38019562
9.72747803,-51.09062576
9.91821289,-61.35089111
10.10894775,-51.49702072
10.29968262,-49.38798523
10.49041748,-50.75503540
10.68115234,-54.02330399
10.87188721,-55.38074875
11.06262207,-51.44240570
11.25335693,-46.74207306
11.44409180,-45.66812897
11.63482666,-50.59712219
11.82556152,-54.80489731
12.01629639,-50.62185669
12.20703125,-49.08356476
12.39776611,-50.00584412
12.58850098,-53.37550354
12.77923584,-55.36765671
12.96997070,-53.96294403
13.16070557,-53.96030426
13.35144043,-54.10552979
13.54217529,-58.86145020
13.73291016,-57.29852295
13.92364502,-58.67844391
14.11437988,-54.31488037
14.30511475,-51.19927979
14.49584961,-57.08778763
14.68658447,-52.68119049
14.87731934,-48.27398300
15.06805420,-45.88632584
15.25878906,-51.25012207
15.44952393,-55.53562546
15.64025879,-51.70698166
15.83099365,-58.34778214
16.02172852,-66.05680847
16.21246338,-53.36410141
16.40319824,-51.37326050
16.59393311,-50.82798004
16.78466797,-49.39072037
16.97540283,-58.64015579
17.16613770,-62.33783340
17.35687256,-52.97280884
17.54760742,-48.67409134
17.73834229,-48.53024292
17.92907715,-47.98897171
18.11981201,-48.17306137
18.31054688,-50.38262939
18.50128174,-55.06612778
18.69201660,-61.52093887
18.88275146,-61.44528198
19.07348633,-55.17204666
19.26422119,-54.06828308
19.45495605,-56.56980515
19.64569092,-53.27500916
19.83642578,-48.60194397
20.02716064,-48.65145874
20.21789551,-52.29510880
20.40863037,-55.50786591
20.59936523,-61.00769043
20.79010010,-49.88181686
20.98083496,-47.72692871
21.17156982,-53.78197098
21.36230469,-61.83735657
21.55303955,-52.27582550
21.74377441,-54.56055069
21.93450928,-50.87166595
22.12524414,-53.48550415
22.31597900,-54.89841461
22.50671387,-51.04679871
22.69744873,-52.07733536
22.88818359,-53.30820465
23.07891846,-55.76580429
23.26965332,-50.57590866
23.46038818,-52.04767609
23.65112305,-70.36297607
23.84185791,-52.43745804
24.03259277,-49.60570908
24.22332764,-50.41275024
24.41406250,-51.94123077
24.60479736,-50.94301605
24.79553223,-50.90977478
24.98626709,-61.85661697
25.17700195,-56.91545105
25.36773682,-55.64389038
25.55847168,-55.69726944
25.74920654,-50.18643188
25.93994141,-47.62289047
26.13067627,-47.17193985
26.32141113,-50.43172836
26.51214600,-51.93130112
26.70288086,-49.93331909
26.89361572,-55.46322632
27.08435059,-51.57466507
27.27508545,-46.60708618
27.46582031,-48.25406647
27.65655518,-51.90208817
27.84729004,-49.47982407
28.03802490,-50.05119324
28.22875977,-55.30009842
28.41949463,-48.27329636
28.61022949,-46.44456863
28.80096436,-48.99523926
28.99169922,-50.43888092
29.18243408,-48.04190063
29.37316895,-47.53951645
29.56390381,-48.51021194
29.75463867,-48.79310989
29.94537354,-49.59278870
30.13610840,-53.07704926
30.32684326,-61.00212860
30.51757812,-57.07624817
30.70831299,-50.78637695
30.89904785,-54.01054764
31.08978271,-59.74739456
31.28051758,-63.94153976
31.47125244,-56.33539200
31.66198730,-53.31200027
31.85272217,-59.34973907
32.04345703,-72.91426849
32.23419189,-74.13947296
32.42492676,-59.08538437
32.61566162,-55.61361694
32.80639648,-60.43478012
32.99713135,-58.12294006
33.18786621,-56.14162827
33.37860107,-63.54708862
33.56933594,-54.78901291
33.76007080,-49.28547287
33.95080566,-53.66132736
34.14154053,-64.58438110
34.33227539,-64.03633118
34.52301025,-57.46711349
34.71374512,-63.78044510
34.90447998,-58.84570312
35.09521484,-51.20573425
35.28594971,-49.91242981
35.47668457,-50.23146820
35.66741943,-51.86569977
35.85815430,-49.40606689
36.04888916,-49.34412384
36.23962402,-74.29979706
36.43035889,-49.05051422
36.62109375,-45.36637115
36.81182861,-46.48935318
37.00256348,-51.12023926
37.19329834,-55.56159210
37.38403320,-59.04714203
37.57476807,-52.71078491
37.76550293,-50.19041443
37.95623779,-50.50045395
38.14697266,-50.72483444
38.33770752,-52.67227936
38.52844238,-64.51557159
38.71917725,-56.68365860
38.90991211,-56.28765869
39.10064697,-68.31879425
39.29138184,-58.31386566
39.48211670,-53.50731659
39.67285156,-53.67006302
39.86358643,-55.16487122
40.05432129,-57.73867035
40.24505615,-56.95190048
40.43579102,-63.83138657
40.62652588,-59.71774292
40.81726074,-53.80992889
41.00799561,-54.16700745
41.19873047,-63.96278763
41.38946533,-55.37055969
41.58020020,-53.70598602
41.77093506,-53.09128189
41.96166992,-50.05497742
42.15240479,-50.71473694
42.34313965,-55.47769165
42.53387451,-52.94084930
42.72460938,-54.97270203
42.91534424,-62.78735733
43.10607910,-53.04427719
43.29681396,-48.36042786
43.48754883,-51.55120087
43.67828369,-57.70353699
43.86901855,-57.84243011
44.05975342,-51.02859497
44.25048828,-48.38994598
44.44122314,-51.12846756
44.63195801,-55.32698822
44.82269287,-58.29343414
45.01342773,-57.59085083
45.20416260,-57.43860626
45.39489746,-68.87738037
45.58563232,-52.98227310
45.77636719,-55.22894287
45.96710205,-62.56639481
46.15783691,-62.28427124
46.34857178,-54.41006088
46.53930664,-53.75749588
46.73004150,-54.88478851
46.92077637,-59.39762115
47.11151123,-53.88212585
47.30224609,-48.80609131
47.49298096,-49.80567169
47.68371582,-51.41302490
47.87445068,-53.87841034
48.06518555,-56.75167084
48.25592041,-53.81571198
48.44665527,-49.51915741
48.63739014,-47.56424332
48.82812500,-50.96496964
49.01885986,-52.62334824
49.20959473,-58.54181671
49.40032959,-73.00196075
49.59106445,-70.50859070
49.78179932,-66.30848694
49.97253418,-54.15462112
50.16326904,-53.64965057
50.35400391,-57.61257553
50.54473877,-59.02645111
50.73547363,-56.50221252
50.92620850,-57.72890472
51.11694336,-60.11613464
51.30767822,-51.18829727
51.49841309,-51.96368408
51.68914795,-57.18091583
51.87988281,-66.97602844
52.07061768,-57.14725876
52.26135254,-60.00648880
52.45208740,-55.52095795
52.64282227,-53.55174255
52.83355713,-60.34104919
53.02429199,-56.27122498
53.21502686,-50.53279495
53.40576172,-50.63404846
53.59649658,-52.95150375
53.78723145,-54.66296768
53.97796631,-53.01954651
54.16870117,-56.32816696
54.35943604,-64.56271362
54.55017090,-61.11707687
54.74090576,-57.44187927
54.93164062,-54.61643219
55.12237549,-53.44886780
55.31311035,-57.03828430
55.50384521,-50.60317993
55.69458008,-49.40569305
55.88531494,-53.50645065
56.07604980,-53.60515594
56.26678467,-54.64689255
56.45751953,-59.41209793
56.64825439,-55.83674622
56.83898926,-49.42817307
57.02972412,-46.61667252
57.22045898,-51.71710205
57.41119385,-58.93270493
57.60192871,-52.43460083
57.79266357,-50.96263123
57.98339844,-52.27463531
58.17413330,-59.12268066
58.36486816,-54.20844269
58.55560303,-50.68386459
58.74633789,-52.12645721
58.93707275,-51.85909653
59.12780762,-61.56732178
59.31854248,-58.11629486
59.50927734,-52.47314453
59.70001221,-48.43013000
59.89074707,-49.13183594
60.08148193,-54.71786880
60.27221680,-66.09185791
60.46295166,-56.16550446
60.65368652,-51.68001556
60.84442139,-51.98993683
61.03515625,-55.00827789
61.22589111,-54.60958099
61.41662598,-52.99653625
61.60736084,-54.45347214
61.79809570,-54.27836990
61.98883057,-55.24541473
62.17956543,-52.76154327
62.37030029,-52.23306656
62.56103516,-55.65705872
62.75177002,-60.95140839
62.94250488,-75.69607544
63.13323975,-53.74680328
63.32397461,-51.71407700
63.51470947,-59.82783508
63.70544434,-66.09007263
63.89617920,-58.65001297
64.08691406,-57.07643509
64.27764893,-59.99596405
64.46838379,-57.10087204
64.65911865,-53.90382767
64.84985352,-58.99996185
65.04058838,-60.26119995
65.23132324,-58.75778961
65.42205811,-59.02515030
65.61279297,-67.99728394
65.80352783,-56.79714584
65.99426270,-53.06082153
66.18499756,-54.93840027
66.37573242,-63.70680237
66.56646729,-75.97540283
66.75720215,-80.85653687
66.94793701,-62.98473740
67.13867188,-56.47714615
67.32940674,-58.26092529
67.52014160,-65.43105316
67.71087646,-56.50167847
67.90161133,-60.79036713
68.09234619,-69.33047485
68.28308105,-56.96394348
68.47381592,-55.29137039
68.66455078,-59.83356094
68.85528564,-56.68360138
69.04602051,-59.21096420
69.23675537,-51.73107147
69.42749023,-53.63607788
69.61822510,-60.49101257
69.80895996,-54.05241394
69.99969482,-53.95139313
70.19042969,-54.80264664
70.38116455,-60.71918488
70.57189941,-68.32991028
70.76263428,-62.80837250
70.95336914,-61.64297104
71.14410400,-65.43441772
71.33483887,-59.98265076
71.52557373,-55.49254990
71.71630859,-61.12483215
71.90704346,-70.39276123
72.09777832,-63.70490646
72.28851318,-55.77152252
72.47924805,-55.32327652
72.66998291,-54.52637482
72.86071777,-62.16225052
73.05145264,-60.85922623
73.24218750,-61.03733063
73.43292236,-57.40430832
73.62365723,-64.02317810
73.81439209,-68.05867004
74.00512695,-58.85471725
74.19586182,-54.78138733
74.38659668,-54.52883911
74.57733154,-53.74946976
74.76806641,-54.79768753
74.95880127,-56.57323456
75.14953613,-52.65614319
75.34027100,-51.07570648
75.53100586,-49.39409256
75.72174072,-49.65900421
75.91247559,-49.96151352
76.10321045,-48.52435303
76.29394531,-48.27816010
76.48468018,-49.31518555
76.67541504,-52.28366852
76.86614990,-51.89285278
77.05688477,-51.10521317
77.24761963,-58.93682480
77.43835449,-59.70089722
77.62908936,-55.49478912
77.81982422,-54.48593140
78.01055908,-54.29826355
78.20129395,-55.51305771
78.39202881,-55.12760925
78.58276367,-50.58599854
78.77349854,-53.36149597
78.96423340,-56.85531616
79.15496826,-53.41178894
79.34570312,-52.04013824
79.53643799,-47.73559952
79.72717285,-46.02486420
79.91790771,-47.55390930
80.10864258,-51.22855377
80.29937744,-56.57906342
80.49011230,-66.79991150
80.68084717,-60.75986481
80.87158203,-54.64405060
81.06231689,-54.74790192
81.25305176,-68.31526184
81.44378662,-61.36365509
81.63452148,-58.19538879
81.82525635,-59.26961899
82.01599121,-55.73332977
82.20672607,-53.65885925
82.39746094,-68.67392731
82.58819580,-54.44239044
82.77893066,-50.83005524
82.96966553,-50.85588074
83.16040039,-50.42296982
83.35113525,-55.86234283
83.54187012,-60.98346710
83.73260498,-54.91646576
83.92333984,-53.82094574
84.11407471,-50.54886246
84.30480957,-50.43109131
84.49554443,-56.29561996
84.68627930,-61.76936340
84.87701416,-53.74284744
85.06774902,-55.33948898
85.25848389,-62.77016068
85.44921875,-58.31906891
85.63995361,-48.70960236
85.83068848,-46.05718994
86.02142334,-48.80016327
86.21215820,-61.95596313
86.40289307,-58.69188690
86.59362793,-60.93564606
86.78436279,-70.86383820
86.97509766,-70.06328583
87.16583252,-68.88305664
87.35656738,-61.24711990
87.54730225,-55.79418564
87.73803711,-55.20544052
87.92877197,-55.02677155
88.11950684,-57.80275726
88.31024170,-65.08227539
88.50097656,-63.90266037
88.69171143,-66.31166077
88.88244629,-62.50910187
89.07318115,-61.04034805
89.26391602,-53.75514221
89.45465088,-56.21198654
89.64538574,-69.28564453
89.83612061,-52.94941711
90.02685547,-51.06514740
90.21759033,-52.26301193
90.40832520,-54.00669861
90.59906006,-56.22855759
90.78979492,-55.72791290
90.98052979,-52.38353729
91.17126465,-54.79660797
91.36199951,-60.92316437
91.55273438,-47.57927322
91.74346924,-45.76332092
91.93420410,-49.53092575
92.12493896,-54.67239380
92.31567383,-55.56212997
92.50640869,-58.74187469
92.69714355,-63.91715240
92.88787842,-52.68222809
93.07861328,-49.46269989
93.26934814,-49.13528442
93.46008301,-50.28993988
93.65081787,-50.39419556
93.84155273,-52.60861969
94.03228760,-57.39997482
94.22302246,-70.10816193
94.41375732,-53.88220978
94.60449219,-51.32795715
94.79522705,-50.46581268
94.98596191,-54.67167664
95.17669678,-66.93028259
95.36743164,-59.55796051
95.55816650,-54.23630524
95.74890137,-49.67048645
95.93963623,-48.52586746
96.13037109,-53.89042664
96.32110596,-61.93075562
96.51184082,-55.86866760
96.70257568,-65.89599609
96.89331055,-61.64909363
97.08404541,-61.69161224
97.27478027,-58.27903748
97.46551514,-55.08233643
97.65625000,-57.17914963
97.84698486,-62.40070343
98.03771973,-62.83510590
98.22845459,-62.40044022
98.41918945,-68.48809814
98.60992432,-65.79804230
98.80065918,-65.79801178
98.99139404,-58.11891937
99.18212891,-49.67144775
99.37286377,-47.95576096
99.56359863,-53.93050766
99.75433350,-58.88791656
99.94506836,-53.15889359
100.13580322,-58.26765442
100.32653809,-61.68887329
100.51727295,-56.40832901
100.70800781,-52.91606903
100.89874268,-48.92156601
101.08947754,-49.74850464
101.28021240,-52.63519287
101.47094727,-53.68181610
101.66168213,-58.22719955
101.85241699,-75.14624786
102.04315186,-56.47138214
102.23388672,-50.92906952
102.42462158,-52.51354218
102.61535645,-65.10234833
102.80609131,-52.50188828
102.99682617,-50.53466415
103.18756104,-51.87533951
103.37829590,-58.60664368
103.56903076,-60.97071838
103.75976562,-58.59332275
103.95050049,-56.63966370
104.14123535,-53.26964951
104.33197021,-48.86648560
104.52270508,-53.48455429
104.71343994,-58.83520126
104.90417480,-56.62898636
105.09490967,-58.34696198
105.28564453,-62.81620407
105.47637939,-58.38530731
105.66711426,-52.67839432
105.85784912,-56.72496414
106.04858398,-61.73816299
106.23931885,-58.55385590
106.43005371,-66.45503235
106.62078857,-57.16445541
106.81152344,-54.75298309
107.00225830,-56.45633316
107.19299316,-49.95419312
107.38372803,-47.96508408
107.57446289,-49.95235825
107.76519775,-50.69438553
107.95593262,-52.85149002
108.14666748,-65.54024506
108.33740234,-49.37472916
108.52813721,-48.98592377
108.71887207,-54.13906479
108.90960693,-54.54624557
109.10034180,-56.17467880
109.29107666,-55.80469513
109.48181152,-60.14209366
109.67254639,-56.81787872
109.86328125,-50.53758240
110.05401611,-48.62696075
110.24475098,-49.30689240
110.43548584,-51.94153595
110.62622070,-54.11108398
110.81695557,-56.37229538
111.00769043,-54.76022720
111.19842529,-52.98523331
111.38916016,-52.01675797
111.57989502,-53.33908463
111.77062988,-58.34835815
111.96136475,-49.68457794
112.15209961,-48.62017822
112.34283447,-58.49465942
112.53356934,-53.99883652
112.72430420,-53.00362015
112.91503906,-73.24874878
113.10577393,-58.47385788
113.29650879,-64.69502258
113.48724365,-67.52031708
113.67797852,-79.12913513
113.86871338,-58.97280121
114.05944824,-50.97123718
114.25018311,-48.35900116
114.44091797,-51.58008575
114.63165283,-63.74641418
114.82238770,-70.43801880
115.01312256,-63.30017090
115.20385742,-62.58634567
115.39459229,-52.08516693
115.58532715,-51.24514771
115.77606201,-56.84635544
115.96679688,-57.63523865
116.15753174,-54.24996185
116.34826660,-54.25979614
116.53900146,-62.10651779
116.72973633,-61.06382370
116.92047119,-69.87411499
117.11120605,-51.61821365
117.30194092,-46.29958344
117.49267578,-47.33022308
117.68341064,-52.16662979
117.87414551,-59.12456131
118.06488037,-62.65373611
118.25561523,-63.26512146
118.44635010,-65.71683502
118.63708496,-60.50992966
118.82781982,-56.50894928
119.01855469,-59.96768570
119.20928955,-60.44368362
119.40002441,-53.28390121
119.59075928,-53.23983765
119.78149414,-53.98381042
119.97222900,-53.59401321
120.16296387,-52.85017014
120.35369873,-51.88745499
120.54443359,-49.93338776
120.73516846,-48.92116547
120.92590332,-51.36521912
121.11663818,-65.53123474
121.30737305,-53.14456940
121.49810791,-52.21516418
121.68884277,-51.80523682
121.87957764,-52.97173309
122.07031250,-54.25828552
122.26104736,-52.16172791
122.45178223,-50.58914948
122.64251709,-50.40347672
122.83325195,-52.24533463
123.02398682,-53.91353226
123.21472168,-53.33797836
123.40545654,-59.57227707
123.59619141,-56.49675369
123.78692627,-53.42304230
123.97766113,-53.77558899
124.16839600,-52.32189941
124.35913086,-49.89383316
124.54986572,-52.47955322
124.74060059,-58.73937988
124.93133545,-57.71037674
125.12207031,-56.32178879
125.31280518,-54.02540207
125.50354004,-50.43201065
125.69427490,-52.11880112
125.88500977,-55.83594894
126.07574463,-56.97396851
126.26647949,-60.71615219
126.45721436,-55.63549042
126.64794922,-53.50180817
126.83868408,-53.76053238
127.02941895,-54.60799789
127.22015381,-59.17396164
127.41088867,-57.35588837
127.60162354,-50.99262238
127.79235840,-48.78293610
127.98309326,-49.86593628
128.17382812,-53.58950806
128.36456299,-57.26916504
128.55529785,-66.09698486
128.74603271,-73.08471680
128.93676758,-56.83489990
129.12750244,-49.23795319
129.31823730,-47.91469193
129.50897217,-51.12559891
129.69970703,-50.56192017
129.89044189,-48.78364563
130.08117676,-52.45072174
130.27191162,-66.85746002
130.46264648,-57.22599030
130.65338135,-51.53489685
130.84411621,-48.90842056
131.03485107,-51.67190933
131.22558594,-54.64283371
131.41632080,-57.75274658
131.60705566,-60.57767487
131.79779053,-57.46408081
131.98852539,-59.78170013
132.17926025,-53.99358368
132.36999512,-51.45152664
132.56072998,-52.04528046
132.75146484,-59.47953033
132.94219971,-69.11902618
133.13293457,-82.83854675
133.32366943,-59.55797577
133.51440430,-57.17886353
133.70513916,-55.17477036
133.89587402,-53.92786407
134.08660889,-55.77254486
134.27734375,-55.69017029
134.46807861,-67.09587097
134.65881348,-51.71113968
134.84954834,-51.06375885
135.04028320,-57.43450165
135.23101807,-68.11576080
135.42175293,-58.39668655
135.61248779,-55.36134338
135.80322266,-58.87966156
135.99395752,-63.91342163
136.18469238,-70.25572968
136.37542725,-70.33619690
136.56616211,-61.46602249
136.75689697,-52.90578842
136.94763184,-50.08223724
137.13836670,-51.30057907
137.32910156,-57.67211151
137.51983643,-58.50059891
137.71057129,-56.23770142
137.90130615,-59.27312469
138.09204102,-59.30680847
138.28277588,-57.87985229
138.47351074,-50.53625488
138.66424561,-51.81063843
138.85498047,-55.43567657
139.04571533,-55.93808746
139.23645020,-58.03102112
139.42718506,-65.42694855
139.61791992,-56.76431656
139.80865479,-50.09805298
139.99938965,-50.25600052
140.19012451,-56.63831329
140.38085938,-59.02188873
140.57159424,-59.78221130
140.76232910,-60.22521591
140.95306396,-56.51942444
141.14379883,-63.49881744
141.33453369,-59.63007355
141.52526855,-54.08371353
141.71600342,-60.05088806
141.90673828,-57.82249832
142.09747314,-53.40567780
142.28820801,-57.59770966
142.47894287,-61.17683029
142.66967773,-56.88211441
142.86041260,-54.26258850
143.05114746,-53.54525757
143.24188232,-55.03846741
143.43261719,-55.97228241
143.62335205,-52.06034851
143.81408691,-50.92798233
144.00482178,-56.56855774
144.19555664,-58.15177917
144.38629150,-58.25191879
144.57702637,-55.02926254
144.76776123,-48.55749130
144.95849609,-48.28549957
145.14923096,-47.82711411
145.33996582,-49.57160568
145.53070068,-57.42359161
145.72143555,-73.54994202
145.91217041,-73.66651917
146.10290527,-69.10012817
146.29364014,-59.44174194
146.48437500,-52.58201981
146.67510986,-53.59315491
146.86584473,-60.03509140
147.05657959,-52.50766373
147.24731445,-49.31793213
147.43804932,-48.72877502
147.62878418,-48.89751816
147.81951904,-51.30612183
148.01025391,-55.00029755
148.20098877,-59.16070938
148.39172363,-74.21131897
148.58245850,-67.08203125
148.77319336,-57.57073975
148.96392822,-53.80474472
149.15466309,-51.23184967
149.34539795,-51.96218109
149.53613281,-55.01154327
149.72686768,-54.81370544
149.91760254,-55.23913574
150.10833740,-53.10966110
150.29907227,-51.10696411
150.48980713,-52.15298080
150.68054199,-58.73245239
150.87127686,-60.07251740
151.06201172,-57.58095169
151.25274658,-55.07839966
151.44348145,-52.12548065
151.63421631,-52.57301331
151.82495117,-58.90187836
152.01568604,-61.53955460
152.20642090,-64.83639526
152.39715576,-70.01673889
152.58789062,-53.22819138
152.77862549,-51.51567459
152.96936035,-53.94232178
153.16009521,-53.54702759
153.35083008,-55.74185181
153.54156494,-60.11376190
153.73229980,-66.78761292
153.92303467,-62.17494583
154.11376953,-56.18228912
154.30450439,-55.30863953
154.49523926,-55.06624603
154.68597412,-52.40652466
154.87670898,-51.77142715
155.06744385,-54.80297852
155.25817871,-59.74441528
155.44891357,-66.22570801
155.63964844,-67.36785889
155.83038330,-57.77065277
156.02111816,-52.91830063
156.21185303,-51.67076111
156.40258789,-48.11878967
156.59332275,-49.60040665
156.78405762,-56.75672150
156.97479248,-61.97425842
157.16552734,-61.19139099
157.35626221,-60.88063812
157.54699707,-54.50128937
157.73773193,-52.34086609
157.92846680,-56.02866745
158.11920166,-66.87825775
158.30993652,-70.06521606
158.50067139,-60.28373718
158.69140625,-56.46476746
158.88214111,-59.43838120
159.07287598,-66.54359436
159.26361084,-64.91159058
159.45434570,-69.86352539
159.64508057,-78.88051605
159.83581543,-56.89653778
160.02655029,-53.36072922
160.21728516,-54.70985031
160.40802002,-61.01719284
160.59875488,-70.53752899
160.78948975,-60.69372559
160.98022461,-67.64082336
161.17095947,-62.88919449
161.36169434,-63.27608109
161.55242920,-65.13600159
161.74316406,-61.39471054
161.93389893,-57.48650360
162.12463379,-53.84557343
162.31536865,-52.83967590
162.50610352,-56.16042709
162.69683838,-54.63682175
162.88757324,-52.34043121
163.07830811,-53.92551422
163.26904297,-54.82235336
163.45977783,-54.25003433
163.65051270,-55.75121307
163.84124756,-59.63272476
164.03198242,-67.29786682
164.22271729,-52.27815247
164.41345215,-49.94929504
164.60418701,-54.89389420
164.79492188,-65.99208069
164.98565674,-56.15621948
165.17639160,-58.05677032
165.36712646,-64.70465851
165.55786133,-53.37490463
165.74859619,-51.97212219
165.93933105,-57.34543610
166.13006592,-72.50555420
166.32080078,-62.41430664
166.51153564,-59.10026550
166.70227051,-51.99237061
166.89300537,-48.75781250
167.08374023,-49.67120361
167.27447510,-50.47578812
167.46520996,-50.92654800
167.65594482,-54.09889984
167.84667969,-57.52969742
168.03741455,-60.40779877
168.22814941,-64.23798370
168.41888428,-67.27954102
168.60961914,-59.00125504
168.80035400,-51.61894989
168.99108887,-52.44461441
169.18182373,-52.10105896
169.37255859,-50.70796967
169.56329346,-51.05707169
169.75402832,-54.46875000
169.94476318,-57.08262634
170.13549805,-56.27220535
170.32623291,-52.89261627
170.51696777,-54.13917923
170.70770264,-66.92047882
170.89843750,-66.21717834
171.08917236,-75.68053436
171.27990723,-63.48968124
171.47064209,-59.44858170
171.66137695,-62.38149643
171.85211182,-65.05947876
172.04284668,-61.55184174
172.23358154,-54.88039017
172.42431641,-56.20399094
172.61505127,-62.58213425
172.80578613,-58.43535614
172.99652100,-56.00062561
173.18725586,-56.47348404
173.37799072,-67.00301361
173.56872559,-59.33916092
173.75946045,-59.58250427
173.95019531,-60.91287613
174.14093018,-57.06990051
174.33166504,-60.65127945
174.52239990,-60.05917358
174.71313477,-55.13132477
174.90386963,-59.60525513
175.09460449,-58.44110489
175.28533936,-56.68838501
175.47607422,-66.59020233
175.66680908,-63.54254150
175.85754395,-64.15919495
176.04827881,-55.61511612
176.23901367,-53.96580505
176.42974854,-60.32397461
176.62048340,-53.56303787
176.81121826,-48.81934357
177.00195312,-51.17569733
177.19268799,-57.73607635
177.38342285,-61.43873596
177.57415771,-57.02367401
177.76489258,-57.38290405
177.95562744,-63.00956726
178.14636230,-53.57675934
178.33709717,-55.88104630
178.52783203,-89.80377960
178.71856689,-59.99828720
178.90930176,-59.26860046
179.10003662,-58.84352875
179.29077148,-52.46635818
179.48150635,-52.17472076
179.67224121,-53.38660431
179.86297607,-50.80909729
180.05371094,-51.97870255
180.24444580,-51.44118500
180.43518066,-51.63555145
180.62591553,-54.27545166
180.81665039,-57.21598053
181.00738525,-59.30018616
181.19812012,-56.12923050
181.38885498,-52.69846344
181.57958984,-57.83691025
181.77032471,-67.77243805
181.96105957,-59.05788803
182.15179443,-55.56847000
182.34252930,-57.62531662
182.53326416,-54.83570862
182.72399902,-56.33731461
182.91473389,-54.94058990
183.10546875,-53.06872559
183.29620361,-56.44561386
183.48693848,-75.43485260
183.67767334,-57.98274994
183.86840820,-53.57704926
184.05914307,-52.91391754
184.24987793,-51.70100784
184.44061279,-52.95623398
184.63134766,-65.36109924
184.82208252,-61.96681213
185.01281738,-68.65647125
185.20355225,-70.92694092
185.39428711,-63.29924774
185.58502197,-70.29892731
185.77575684,-54.33529282
185.96649170,-52.60551071
186.15722656,-55.45652008
186.34796143,-51.65029907
186.53869629,-56.79763794
186.72943115,-55.91120148
186.92016602,-53.67885971
187.11090088,-57.65558624
187.30163574,-52.75403976
187.49237061,-54.88523483
187.68310547,-66.68275452
187.87384033,-62.91406250
188.06457520,-54.93336105
188.25531006,-52.52627945
188.44604492,-52.38111877
188.63677979,-52.53595734
188.82751465,-51.81610870
189.01824951,-53.52319717
189.20898438,-57.66936874
189.39971924,-51.87282562
189.59045410,-49.12500000
189.78118896,-49.07244873
189.97192383,-53.84682083
190.16265869,-62.97614670
190.35339355,-57.75403595
190.54412842,-65.05692291
190.73486328,-56.56636047
190.92559814,-50.50112152
191.11633301,-50.23445892
191.30706787,-60.62255859
191.49780273,-53.29901123
191.68853760,-50.20632172
191.87927246,-49.03911591
192.07000732,-51.51239395
192.26074219,-69.91848755
192.45147705,-57.70956039
192.64221191,-58.72174835
192.83294678,-61.60135651
193.02368164,-59.14676666
193.21441650,-55.75313568
193.40515137,-66.05178070
193.59588623,-61.45026398
193.78662109,-63.81415558
193.97735596,-62.05632019
194.16809082,-54.95954132
194.35882568,-54.69786835
194.54956055,-59.10767365
194.74029541,-58.83052444
194.93103027,-66.02571106
195.12176514,-60.40621185
195.31250000,-59.25981140
195.50323486,-65.66139221
195.69396973,-61.87905121
195.88470459,-57.24691391
196.07543945,-64.62744141
196.26617432,-62.10963440
196.45690918,-63.15730286
196.64764404,-54.57505035
196.83837891,-49.79457855
197.02911377,-49.31523132
197.21984863,-53.65811920
197.41058350,-56.05306244
197.60131836,-52.59259796
197.79205322,-53.16471100
197.98278809,-55.84888458
198.17352295,-57.75199127
198.36425781,-62.76820374
198.55499268,-54.92545319
198.74572754,-54.11476517
198.93646240,-60.17443085
199.12719727,-57.13226700
199.31793213,-59.14949417
199.50866699,-62.28101349
199.69940186,-58.97513580
199.89013672,-72.19171143
200.08087158,-55.26309586
200.27160645,-51.74963379
200.46234131,-50.48735046
200.65307617,-55.45256805
200.84381104,-54.84702301
201.03454590,-52.78694534
201.22528076,-52.25258636
201.41601562,-49.98715210
201.60675049,-51.35480499
201.79748535,-56.10815430
201.98822021,-61.70209503
202.17895508,-63.50642395
202.36968994,-63.85713196
202.56042480,-67.10549927
202.75115967,-61.85444260
202.94189453,-62.46067429
203.13262939,-57.64064789
203.32336426,-56.18127823
203.51409912,-58.67234039
203.70483398,-59.08661652
203.89556885,-58.89952087
204.08630371,-53.58025360
204.27703857,-51.30883026
204.46777344,-52.81116104
204.65850830,-55.79705048
204.84924316,-54.90764999
205.03997803,-54.23528290
205.23071289,-59.86477280
205.42144775,-53.94979858
205.61218262,-50.93503952
205.80291748,-54.14823914
205.99365234,-56.18383408
206.18438721,-61.63929367
206.37512207,-71.72205353
206.56585693,-63.03160858
206.75659180,-53.92833328
206.94732666,-52.09995651
207.13806152,-55.30256653
207.32879639,-56.86984634
207.51953125,-55.96643066
207.71026611,-60.44708633
207.90100098,-52.30617142
208.09173584,-50.63779449
208.28247070,-51.20161057
208.47320557,-50.74345016
208.66394043,-51.61956787
208.85467529,-54.94594574
209.04541016,-58.99996948
209.23614502,-53.35107803
209.42687988,-57.89876556
209.61761475,-60.17695999
209.80834961,-48.25380707
209.99908447,-46.67483902
210.18981934,-50.35069275
210.38055420,-56.00898743
210.57128906,-58.47709656
210.76202393,-55.43960190
210.95275879,-53.73900986
211.14349365,-58.83288574
211.33422852,-66.20777893
211.52496338,-59.34260941
211.71569824,-58.28664780
211.90643311,-66.50358582
212.09716797,-58.43973160
212.28790283,-53.47064209
212.47863770,-51.76599503
212.66937256,-53.13030243
212.86010742,-51.02310562
213.05084229,-49.76480865
213.24157715,-52.88269043
213.43231201,-60.76187515
213.62304688,-62.20158386
213.81378174,-65.22055817
214.00451660,-67.61435699
214.19525146,-60.51666260
214.38598633,-62.66413879
214.57672119,-60.33185959
214.76745605,-54.44949341
214.95819092,-58.15525436
215.14892578,-68.47615814
215.33966064,-57.18292999
215.53039551,-54.08733749
215.72113037,-51.18249512
215.91186523,-52.38750076
216.10260010,-60.93818283
216.29333496,-59.84471893
216.48406982,-57.24142075
216.67480469,-61.01070023
216.86553955,-59.88665009
217.05627441,-56.82343292
217.24700928,-79.31610870
217.43774414,-61.34644318
217.62847900,-67.78219604
217.81921387,-59.12675476
218.00994873,-52.23324585
218.20068359,-54.91260910
218.39141846,-79.78060150
218.58215332,-56.28589630
218.77288818,-54.85957718
218.96362305,-59.67544937
219.15435791,-61.98768997
219.34509277,-58.78392792
219.53582764,-59.65186691
219.72656250,-58.99589920
219.91729736,-56.59311676
220.10803223,-64.39782715
220.29876709,-59.51160049
220.48950195,-74.69274902
220.68023682,-60.40623474
220.87097168,-56.46253204
221.06170654,-63.56420898
221.25244141,-60.39926147
221.44317627,-58.13726807
221.63391113,-58.70872879
221.82464600,-63.18133926
222.01538086,-59.97104263
222.20611572,-57.44770050
222.39685059,-55.44622421
222.58758545,-54.98934937
222.77832031,-61.49434662
222.96905518,-61.34415436
223.15979004,-60.95390701
223.35052490,-58.22641754
223.54125977,-51.77260590
223.73199463,-52.54930878
223.92272949,-51.89884949
224.11346436,-54.13875961
224.30419922,-54.72645187
224.49493408,-57.95765686
224.68566895,-60.23284531
224.87640381,-64.00368500
225.06713867,-59.22708511
225.25787354,-55.65215683
225.44860840,-58.19946289
225.63934326,-52.92037964
225.83007812,-50.24395370
226.02081299,-55.25677490
226.21154785,-62.05522156
226.40228271,-53.44289780
226.59301758,-55.06375885
226.78375244,-58.90389252
226.97448730,-62.26702118
227.16522217,-68.36083984
227.35595703,-57.70991898
227.54669189,-50.45523071
227.73742676,-49.58246231
227.92816162,-52.31138611
228.11889648,-54.27512360
228.30963135,-63.24804688
228.50036621,-56.09031677
228.69110107,-56.31635666
228.88183594,-54.29106903
229.07257080,-58.05043030
229.26330566,-65.15262604
229.45404053,-60.89651489
229.64477539,-58.73605728
229.83551025,-64.21910858
230.02624512,-77.84418488
230.21697998,-67.62169647
230.40771484,-65.78938293
230.59844971,-78.64838409
230.78918457,-70.75549316
230.97991943,-61.15104294
231.17065430,-61.33142853
231.36138916,-59.42314911
231.55212402,-60.05198669
231.74285889,-64.70417786
231.93359375,-65.05505371
232.12432861,-66.86898041
232.31506348,-57.50074005
232.50579834,-58.63939285
232.69653320,-55.12025833
232.88726807,-54.65189362
233.07800293,-53.08198929
233.26873779,-52.64342880
233.45947266,-51.30920792
233.65020752,-55.44810486
233.84094238,-56.28273392
234.03167725,-54.47386932
234.22241211,-58.02790070
234.41314697,-56.11532593
234.60388184,-55.02323532
234.79461670,-55.35175705
234.98535156,-57.03200531
235.17608643,-68.76653290
235.36682129,-53.89439011
235.55755615,-51.90081787
235.74829102,-52.89939880
235.93902588,-55.06240463
236.12976074,-62.18637848
236.32049561,-81.29479218
236.51123047,-67.30847931
236.70196533,-67.99553680
236.89270020,-59.15416718
237.08343506,-59.68352890
237.27416992,-71.70379639
237.46490479,-64.49594116
237.65563965,-56.85700989
237.84637451,-54.13452148
238.03710938,-56.39639282
238.22784424,-55.16240692
238.41857910,-57.40526199
238.60931396,-74.96331024
238.80004883,-70.49852753
238.99078369,-60.87435913
239.18151855,-65.13112640
239.37225342,-63.88979340
239.56298828,-62.68123245
239.75372314,-61.16592789
239.94445801,-57.61192703
240.13519287,-59.00754547
240.32592773,-60.24551392
240.51666260,-60.79936600
240.70739746,-62.80550385
240.89813232,-60.30768967
241.08886719,-64.28827667
241.27960205,-55.01945877
241.47033691,-52.72785568
241.66107178,-53.31758118
241.85180664,-55.01079559
242.04254150,-61.04273987
242.23327637,-63.32172775
242.42401123,-65.15008545
242.61474609,-56.84814072
242.80548096,-52.27405548
242.99621582,-52.18083954
243.18695068,-54.30030823
243.37768555,-58.51690292
243.56842041,-61.62581635
243.75915527,-59.56144333
243.94989014,-78.81903839
244.14062500,-56.27645111
244.33135986,-63.43132401
244.52209473,-55.00754547
244.71282959,-55.08656311
244.90356445,-56.53276443
245.09429932,-55.75643921
245.28503418,-56.10927963
245.47576904,-55.29026031
245.66650391,-60.40264130
245.85723877,-63.91287231
246.04797363,-60.81192398
246.23870850,-68.19474792
246.42944336,-63.92673111
246.62017822,-57.69855118
246.81091309,-59.07863617
247.00164795,-57.82936859
247.19238281,-55.62351227
247.38311768,-58.75416183
247.57385254,-52.45239639
247.76458740,-52.72319794
247.95532227,-58.83911896
248.14605713,-60.38396454
248.33679199,-65.19171143
248.52752686,-56.89422607
248.71826172,-50.86756897
248.90899658,-50.94330215
249.09973145,-56.05558777
249.29046631,-70.87229919
249.48120117,-64.08616638
249.67193604,-60.87527847
249.86267090,-54.53392029
250.05340576,-52.45269394
250.24414062,-52.60700989
250.43487549,-54.89250565
250.62561035,-62.54833603
250.81634521,-68.35759735
251.00708008,-65.49159241
251.19781494,-59.94277191
251.38854980,-53.94828796
251.57928467,-51.51375580
251.77001953,-50.25453949
251.96075439,-51.66589355
252.15148926,-54.09601593
252.34222412,-53.39272308
252.53295898,-54.00162125
252.72369385,-53.32559967
252.91442871,-52.02697754
253.10516357,-55.15438461
253.29589844,-54.20829391
253.48663330,-53.79059219
253.67736816,-59.47870636
253.86810303,-62.06795502
254.05883789,-56.88613892
254.24957275,-52.85958862
254.44030762,-51.77758026
254.63104248,-53.53919601
254.82177734,-53.95975494
255.01251221,-52.84775162
255.20324707,-55.94726181
255.39398193,-72.53531647
255.58471680,-57.25571060
255.77545166,-55.98581696
255.96618652,-55.60784912
256.15692139,-55.12371445
256.34765625,-55.08459091
256.53839111,-61.04748535
256.72912598,-85.41996765
256.91986084,-67.98344421
257.11059570,-70.50762939
257.30133057,-55.98955154
257.49206543,-55.40861130
257.68280029,-53.28285599
257.87353516,-51.49171448
258.06427002,-54.43612671
258.25500488,-60.46765137
258.44573975,-59.74569702
258.63647461,-59.49346161
258.82720947,-54.66465378
259.01794434,-53.36156845
259.20867920,-56.59891510
259.39941406,-58.35473633
259.59014893,-63.21968079
259.78088379,-70.46790314
259.97161865,-64.63339233
260.16235352,-61.14062500
260.35308838,-55.44754028
260.54382324,-58.47269440
260.73455811,-63.50134277
260.92529297,-59.98983002
261.11602783,-57.30711365
261.30676270,-56.20066833
261.49749756,-55.14987564
261.68823242,-53.80924606
261.87896729,-53.36959839
262.06970215,-52.20975876
262.26043701,-55.54425049
262.45117188,-55.17683029
262.64190674,-51.84573364
262.83264160,-55.60675812
263.02337646,-65.39689636
263.21411133,-54.92076874
263.40484619,-52.18130112
263.59558105,-54.27623367
263.78631592,-53.48052597
263.97705078,-54.87318039
264.16778564,-63.28008652
264.35852051,-57.52636719
264.54925537,-61.64231110
264.73999023,-59.97549057
264.93072510,-58.42818832
265.12145996,-64.02057648
265.31219482,-56.74135208
265.50292969,-57.50148773
265.69366455,-64.94483185
265.88439941,-56.92435837
266.07513428,-51.29041290
266.26586914,-55.19097900
266.45660400,-62.33860397
266.64733887,-56.90439224
266.83807373,-64.39919281
267.02880859,-58.27162170
267.21954346,-53.24080658
267.41027832,-57.69316101
267.60101318,-61.15151215
267.79174805,-53.01970673
267.98248291,-55.08385086
268.17321777,-60.60684204
268.36395264,-57.34372711
268.55468750,-60.99377060
268.74542236,-55.00772095
268.93615723,-59.72538376
269.12689209,-54.73154068
269.31762695,-53.58995438
269.50836182,-58.79401398
269.69909668,-63.09454346
269.88983154,-60.57012939
270.08056641,-52.16067505
270.27130127,-49.63171387
270.46203613,-51.31486893
270.65277100,-51.07859802
270.84350586,-54.95379639
271.03424072,-58.07742310
271.22497559,-61.35269547
271.41571045,-59.03461075
271.60644531,-50.96287155
271.79718018,-49.12756348
271.98791504,-49.65599060
272.17864990,-49.96025467
272.36938477,-51.77390289
272.56011963,-57.01044464
272.75085449,-58.75350571
272.94158936,-55.57804871
273.13232422,-62.75223160
273.32305908,-57.54073715
273.51379395,-50.04673004
273.70452881,-50.26931000
273.89526367,-59.05350113
274.08599854,-62.62596130
274.27673340,-64.16690826
274.46746826,-64.17243958
274.65820312,-56.90382385
274.84893799,-57.66097641
275.03967285,-58.65391541
275.23040771,-59.09358215
275.42114258,-62.41001129
275.61187744,-53.37520599
275.80261230,-51.86634064
275.99334717,-56.14273453
276.18408203,-56.53696442
276.37481689,-54.10248184
276.56555176,-55.20555496
276.75628662,-54.54760742
276.94702148,-52.55817413
277.13775635,-47.43295670
277.32849121,-47.33195496
277.51922607,-54.48375320
277.70996094,-60.83736420
277.90069580,-76.57729340
278.09143066,-66.87018585
278.28216553,-62.12099075
278.47290039,-49.39810181
278.66363525,-47.99475098
278.85437012,-52.78902435
279.04510498,-72.32941437
279.23583984,-62.07632065
279.42657471,-57.69852066
279.61730957,-57.87853622
279.80804443,-72.45772552
279.99877930,-67.90518188
280.18951416,-67.88465881
280.38024902,-71.80875397
280.57098389,-58.67557907
280.76171875,-53.25782394
280.95245361,-55.00423813
281.14318848,-57.78907394
281.33392334,-55.27775192
281.52465820,-60.72142029
281.71539307,-52.93508911
281.90612793,-50.49026871
282.09686279,-56.42523193
282.28759766,-57.95529175
282.47833252,-52.00648880
282.66906738,-52.03414154
282.85980225,-61.38965225
283.05053711,-56.21470642
283.24127197,-54.70527649
283.43200684,-61.19695663
283.62274170,-56.63172913
283.81347656,-57.83052826
284.00421143,-55.41076279
284.19494629,-58.06641388
284.38568115,-79.29105377
284.57641602,-80.31156921
284.76715088,-63.87019730
284.95788574,-54.09351349
285.14862061,-51.52839279
285.33935547,-54.73245239
285.53009033,-59.94854355
285.72082520,-62.22209167
285.91156006,-62.33784485
286.10229492,-63.90299225
286.29302979,-70.81752014
286.48376465,-66.93910217
286.67449951,-60.75561142
286.86523438,-60.20425797
287.05596924,-55.40313721
287.24670410,-56.59613800
287.43743896,-56.27513885
287.62817383,-53.66863251
287.81890869,-53.82556915
288.00964355,-57.33880615
288.20037842,-62.99847031
288.39111328,-60.05598450
288.58184814,-62.02881622
288.77258301,-64.10630035
288.96331787,-54.31273651
289.15405273,-50.33531952
289.34478760,-53.45220184
289.53552246,-64.27859497
289.72625732,-56.55253601
289.91699219,-52.91414261
290.10772705,-53.01770020
290.29846191,-54.53964996
290.48919678,-54.39427185
290.67993164,-55.19617462
290.87066650,-59.02182007
291.06140137,-55.39318466
291.25213623,-56.71984100
291.44287109,-64.07196808
291.63360596,-70.51911163
291.82434082,-64.13581085
292.01507568,-64.31762695
292.20581055,-71.76582336
292.39654541,-65.29546356
292.58728027,-73.03796387
292.77801514,-70.40092468
292.96875000,-61.81329346
293.15948486,-55.78107452
293.35021973,-60.12918854
293.54095459,-60.10649872
293.73168945,-65.54064178
293.92242432,-63.84399414
294.11315918,-71.42089844
294.30389404,-55.88269806
294.49462891,-54.36685944
294.68536377,-53.78941345
294.87609863,-52.97602081
295.06683350,-53.08656693
295.25756836,-52.84304047
295.44830322,-56.96019745
295.63903809,-53.21457291
295.82977295,-53.12920380
296.02050781,-64.96702576
296.21124268,-57.57407761
296.40197754,-53.58699417
296.59271240,-52.39395523
296.78344727,-52.81538010
296.97418213,-55.64823914
297.16491699,-66.43795013
297.35565186,-60.22039795
297.54638672,-57.25889206
297.73712158,-58.19369888
297.92785645,-53.20163727
298.11859131,-51.23932266
298.30932617,-55.00526047
298.50006104,-59.34116364
298.69079590,-58.78947830
298.88153076,-57.06676865
299.07226562,-54.52502441
299.26300049,-55.54816437
299.45373535,-62.42489243
299.64447021,-61.04318619
299.83520508,-54.09589767
300.02593994,-55.82363510
300.21667480,-56.99800110
300.40740967,-58.85948563
300.59814453,-55.95601654
300.78887939,-58.41335297
300.97961426,-53.51460266
301.17034912,-52.50354767
301.36108398,-55.84918976
301.55181885,-53.59372711
301.74255371,-52.22642899
301.93328857,-53.64204025
302.12402344,-54.98684692
302.31475830,-55.42161942
302.50549316,-56.81637573
302.69622803,-72.80399323
302.88696289,-58.87495041
303.07769775,-60.32586670
303.26843262,-64.63262939
303.45916748,-60.85090637
303.64990234,-55.83999634
303.84063721,-54.10307312
304.03137207,-53.89640045
304.22210693,-53.49889755
304.41284180,-54.84330750
304.60357666,-56.19910431
304.79431152,-58.74318695
304.98504639,-63.53367615
305.17578125,-55.25951385
305.36651611,-51.83776093
305.55725098,-56.01855469
305.74798584,-63.31987381
305.93872070,-60.60898590
306.12945557,-65.19389343
306.32019043,-58.77645111
306.51092529,-55.18276215
306.70166016,-58.45196152
306.89239502,-58.49388504
307.08312988,-55.25417709
307.27386475,-58.59420013
307.46459961,-58.09676361
307.65533447,-52.93970490
307.84606934,-50.80488586
308.03680420,-49.11563492
308.22753906,-48.49478149
308.41827393,-47.59777069
308.60900879,-50.16419220
308.79974365,-56.73820877
308.99047852,-64.48118591
309.18121338,-69.00247955
309.37194824,-59.51099014
309.56268311,-57.94425201
309.75341797,-56.92237854
309.94415283,-57.48384476
310.13488770,-58.95643234
310.32562256,-60.10896301
310.51635742,-62.19191742
310.70709229,-51.34703064
310.89782715,-49.50923538
311.08856201,-58.06968689
311.27929688,-54.87692261
311.47003174,-51.17979050
311.66076660,-52.89313889
311.85150146,-54.00750732
312.04223633,-59.71555328
312.23297119,-62.22505188
312.42370605,-62.43457031
312.61444092,-64.66061401
312.80517578,-57.57744217
312.99591064,-54.46168900
313.18664551,-52.92871857
313.37738037,-56.64069366
313.56811523,-58.07009125
313.75885010,-63.27174377
313.94958496,-72.82233429
314.14031982,-59.19804382
314.33105469,-55.00667953
314.52178955,-55.63784790
314.71252441,-52.83802795
314.90325928,-54.49938965
315.09399414,-59.83946228
315.28472900,-67.20374298
315.47546387,-55.99687195
315.66619873,-49.51528931
315.85693359,-50.87875366
316.04766846,-58.05566406
316.23840332,-55.87439728
316.42913818,-53.72366333
316.61987305,-52.26945496
316.81060791,-50.61150360
317.00134277,-49.68884277
317.19207764,-50.65266418
317.38281250,-54.34121704
317.57354736,-57.62832260
317.76428223,-57.93920135
317.95501709,-63.49026489
318.14575195,-72.18473816
318.33648682,-60.21852112
318.52722168,-56.96033859
318.71795654,-75.03392792
318.90869141,-56.36766434
319.09942627,-53.64787292
319.29016113,-53.26770020
319.48089600,-56.51108551
319.67163086,-56.55236816
319.86236572,-52.81227875
320.05310059,-50.04207611
320.24383545,-47.87532806
320.43457031,-47.40275955
320.62530518,-49.38099670
320.81604004,-55.66285706
321.00677490,-66.72998810
321.19750977,-61.21154404
321.38824463,-58.72305298
321.57897949,-53.83469009
321.76971436,-57.32735443
321.96044922,-57.91041565
322.15118408,-54.58858871
322.34191895,-54.61069107
322.53265381,-55.16180038
322.72338867,-54.39485168
322.91412354,-56.45304108
323.10485840,-66.25660706
323.29559326,-66.08879852
323.48632812,-58.36124420
323.67706299,-62.65644073
323.86779785,-66.38081360
324.05853271,-66.99166870
324.24926758,-59.75530624
324.44000244,-56.21416092
324.63073730,-60.22842026
324.82147217,-62.87181091
325.01220703,-65.97113800
325.20294189,-61.30887604
325.39367676,-62.91498184
325.58441162,-67.56890106
325.77514648,-61.04980850
325.96588135,-53.31766129
326.15661621,-51.45571136
326.34735107,-58.58778381
326.53808594,-61.25738525
326.72882080,-57.19615936
326.91955566,-59.50139618
327.11029053,-61.17535400
327.30102539,-68.00390625
327.49176025,-75.78434753
327.68249512,-60.77173233
327.87322998,-56.55508423
328.06396484,-64.14106750
328.25469971,-67.02311707
328.44543457,-62.13307953
328.63616943,-57.07233429
328.82690430,-57.77231598
329.01763916,-59.49254608
329.20837402,-54.26585770
329.39910889,-59.02232361
329.58984375,-55.27406311
329.78057861,-54.52117538
329.97131348,-57.82447433
330.16204834,-56.13494873
330.35278320,-56.78677368
330.54351807,-61.94034195
330.73425293,-61.92106628
330.92498779,-58.80309296
331.11572266,-58.51728058
331.30645752,-61.94850159
331.49719238,-68.43572235
331.68792725,-79.38124084
331.87866211,-60.75093079
332.06939697,-54.84443283
332.26013184,-58.37134552
332.45086670,-68.30381775
332.64160156,-73.80718994
332.83233643,-64.62737274
333.02307129,-56.23531723
333.21380615,-61.52397919
333.40454102,-62.17886353
333.59527588,-57.07912064
333.78601074,-58.71091843
333.97674561,-67.18927002
334.16748047,-56.57333755
334.35821533,-50.88346481
334.54895020,-51.11690521
334.73968506,-52.74908066
334.93041992,-57.95058441
335.12115479,-63.10817719
335.31188965,-64.90123749
335.50262451,-64.67525482
335.69335938,-59.16654587
335.88409424,-57.98921585
336.07482910,-56.22312927
336.26556396,-52.68553925
336.45629883,-54.08686066
336.64703369,-54.78966522
336.83776855,-52.78422928
337.02850342,-57.10552979
337.21923828,-63.66588974
337.40997314,-54.38239288
337.60070801,-52.69998932
337.79144287,-52.65510178
337.98217773,-52.64332581
338.17291260,-51.87776184
338.36364746,-54.72974777
338.55438232,-63.01780701
338.74511719,-58.90759277
338.93585205,-62.29793549
339.12658691,-60.28068924
339.31732178,-57.07432556
339.50805664,-59.15283585
339.69879150,-52.92116165
339.88952637,-55.07712555
340.08026123,-54.35420227
340.27099609,-52.74568176
340.46173096,-58.93450165
340.65246582,-53.91028976
340.84320068,-51.79116821
341.03393555,-53.19732285
341.22467041,-55.14121628
341.41540527,-57.67791367
341.60614014,-53.30323029
341.79687500,-52.96173859
341.98760986,-53.70012283
342.17834473,-55.87680054
342.36907959,-60.99104309
342.55981445,-55.69869614
342.75054932,-56.48586273
342.94128418,-64.73692322
343.13201904,-60.08747482
343.32275391,-58.46803284
343.51348877,-55.74128723
343.70422363,-53.32932281
343.89495850,-53.04203415
344.08569336,-54.08015442
344.27642822,-55.69325256
344.46716309,-57.80744171
344.65789795,-70.49599457
344.84863281,-55.91324234
345.03936768,-52.26825714
345.23010254,-52.36666107
345.42083740,-55.13311768
345.61157227,-55.85364532
345.80230713,-51.06002045
345.99304199,-54.50448990
346.18377686,-57.44514847
346.37451172,-60.10450363
346.56524658,-53.72193146
346.75598145,-51.75001144
346.94671631,-55.36820984
347.13745117,-56.31719589
347.32818604,-55.86112213
347.51892090,-56.78386307
347.70965576,-58.11814880
347.90039062,-63.53936005
348.09112549,-75.90190125
348.28186035,-63.53500366
348.47259521,-57.03406525
348.66333008,-57.17873001
348.85406494,-55.28922653
349.04479980,-51.17562866
349.23553467,-53.26835632
349.42626953,-54.37090302
349.61700439,-52.24391937
349.80773926,-55.87701416
349.99847412,-54.90848923
350.18920898,-55.26578903
350.37994385,-58.21197128
350.57067871,-56.99789047
350.76141357,-55.58008194
350.95214844,-54.76030731
351.14288330,-53.06692505
351.33361816,-51.48626709
351.52435303,-52.47397995
351.71508789,-61.78104782
351.90582275,-53.68082047
352.09655762,-50.17528152
352.28729248,-53.22016144
352.47802734,-59.93823624
352.66876221,-60.46764755
352.85949707,-51.61833954
353.05023193,-50.86005783
353.24096680,-54.52563477
353.43170166,-56.05795288
353.62243652,-55.70459747
353.81317139,-66.62332153
354.00390625,-57.48862457
354.19464111,-54.64654541
354.38537598,-53.76831436
354.57611084,-53.07616425
354.76684570,-56.56716919
354.95758057,-61.35028839
355.14831543,-55.81558228
355.33905029,-54.57358551
355.52978516,-56.32816315
355.72052002,-58.41806412
355.91125488,-57.43970490
356.10198975,-53.15880203
356.29272461,-56.74026108
356.48345947,-64.69241333
356.67419434,-58.81866455
356.86492920,-60.55378342
357.05566406,-54.68506241
357.24639893,-52.73143387
357.43713379,-53.12284851
357.62786865,-54.25920105
357.81860352,-53.89143372
358.00933838,-57.77453613
358.20007324,-60.63537979
358.39080811,-58.84410095
358.58154297,-57.18162155
358.77227783,-54.62409210
358.96301270,-57.28378677
359.15374756,-75.19551086
359.34448242,-62.29746246
359.53521729,-56.32426453
359.72595215,-55.31995773
359.91668701,-58.46538544
360.10742188,-60.69995117
360.29815674,-63.37280273
360.48889160,-63.02200317
360.67962646,-51.59963226
360.87036133,-49.75948334
361.06109619,-53.03318405
361.25183105,-59.55512619
361.44256592,-53.84297943
361.63330078,-54.44641113
361.82403564,-55.80396652
362.01477051,-58.33486176
362.20550537,-65.29377747
362.39624023,-68.66307831
362.58697510,-65.08802795
362.77770996,-57.35180664
362.96844482,-53.01756287
363.15917969,-55.13708115
363.34991455,-63.75951385
363.54064941,-57.82789230
363.73138428,-62.30593109
363.92211914,-65.94100952
364.11285400,-64.22991943
364.30358887,-73.73091888
364.49432373,-60.01057053
364.68505859,-58.39199829
364.87579346,-58.56946945
365.06652832,-60.84351349
365.25726318,-66.31930542
365.44799805,-70.84492493
365.63873291,-64.47895813
365.82946777,-56.58969116
366.02020264,-58.05181885
366.21093750,-58.44104004
366.40167236,-54.96349335
366.59240723,-53.49447250
366.78314209,-54.15744019
366.97387695,-56.79974365
367.16461182,-65.95711517
367.35534668,-69.93750000
367.54608154,-63.82868195
367.73681641,-58.87385941
367.92755127,-60.42341232
368.11828613,-62.90341949
368.30902100,-62.36617661
368.49975586,-72.31653595
368.69049072,-65.43227386
368.88122559,-57.53207397
369.07196045,-57.34869385
369.26269531,-68.85983276
369.45343018,-56.94611359
369.64416504,-57.11685562
369.83489990,-54.61371613
370.02563477,-50.84495163
370.21636963,-49.84739685
370.40710449,-52.13852310
370.59783936,-61.36632538
370.78857422,-63.11504745
370.97930908,-59.08052063
371.17004395,-60.88810730
371.36077881,-60.65410614
371.55151367,-65.83911896
371.74224854,-69.78949738
371.93298340,-68.52236176
372.12371826,-60.99078369
372.31445312,-54.91382599
372.50518799,-56.24176407
372.69592285,-62.12131500
372.88665771,-59.29228973
373.07739258,-55.24540710
373.26812744,-56.10099792
373.45886230,-57.11831665
373.64959717,-58.26538086
373.84033203,-58.13812256
374.03106689,-52.15636826
374.22180176,-50.55572510
374.41253662,-53.16299438
374.60327148,-56.56381607
374.79400635,-65.33991241
374.98474121,-59.31682205
375.17547607,-57.87924957
375.36621094,-58.82106781
375.55694580,-69.50873566
375.74768066,-65.96922302
375.93841553,-62.94206619
376.12915039,-57.78194809
376.31988525,-53.42985153
376.51062012,-53.16024780
376.70135498,-56.67414856
376.89208984,-58.57654953
377.08282471,-56.67572784
377.27355957,-54.18508911
377.46429443,-55.65304565
377.65502930,-58.19853210
377.84576416,-54.85555649
378.03649902,-57.47180557
378.22723389,-59.23404694
378.41796875,-61.49198151
378.60870361,-61.18402863
378.79943848,-54.41981506
378.99017334,-57.63961029
379.18090820,-56.79997253
379.37164307,-53.63745117
379.56237793,-57.63435364
379.75311279,-59.67025375
379.94384766,-63.05359650
380.13458252,-62.73223495
380.32531738,-57.03714371
380.51605225,-54.72950745
380.70678711,-55.51431656
380.89752197,-61.00028992
381.08825684,-65.52914429
381.27899170,-54.25634003
381.46972656,-54.16321182
381.66046143,-57.06839752
381.85119629,-50.77174759
382.04193115,-50.19935226
382.23266602,-54.72883224
382.42340088,-57.01856995
382.61413574,-58.79183960
382.80487061,-62.05924225
382.99560547,-59.04988861
383.18634033,-54.36075211
383.37707520,-53.83636475
383.56781006,-54.28548431
383.75854492,-53.65537262
383.94927979,-57.61656189
384.14001465,-55.26048279
384.33074951,-54.25508499
384.52148438,-69.74995422
384.71221924,-70.50809479
384.90295410,-58.98357773
385.09368896,-58.80487442
385.28442383,-59.94990921
385.47515869,-58.37182999
385.66589355,-61.67726517
385.85662842,-53.06372070
386.04736328,-52.54711533
386.23809814,-56.38238525
386.42883301,-61.81005096
386.61956787,-68.92927551
386.81030273,-58.73913574
387.00103760,-57.98965073
387.19177246,-56.13131714
387.38250732,-61.03842163
387.57324219,-55.21674728
387.76397705,-52.82665634
387.95471191,-56.08398819
388.14544678,-57.10712814
388.33618164,-52.76487350
388.52691650,-51.68259430
388.71765137,-53.03118134
388.90838623,-57.02319336
389.09912109,-63.16947556
389.28985596,-56.76557922
389.48059082,-59.52211380
389.67132568,-61.75240326
389.86206055,-56.97416306
390.05279541,-53.12149048
390.24353027,-53.32129669
390.43426514,-56.35910416
390.62500000,-58.66080856
390.81573486,-60.93026733
391.00646973,-63.83321381
391.19720459,-67.42975616
391.38793945,-61.46977234
391.57867432,-58.92757416
391.76940918,-60.99094391
391.96014404,-64.11218262
392.15087891,-54.70993805
392.34161377,-56.21383667
392.53234863,-77.34556580
392.72308350,-58.35842514
392.91381836,-59.21970749
393.10455322,-62.55271530
393.29528809,-70.48241425
393.48602295,-63.19168854
393.67675781,-57.12390137
393.86749268,-61.24920654
394.05822754,-59.73571014
394.24896240,-54.88868713
394.43969727,-63.28896332
394.63043213,-71.78960419
394.82116699,-70.86662292
395.01190186,-75.25479126
395.20263672,-55.70098877
395.39337158,-51.65231705
395.58410645,-55.23294449
395.77484131,-58.26552582
395.96557617,-59.45903397
396.15631104,-58.92797470
396.34704590,-55.76571655
396.53778076,-57.37920761
396.72851562,-61.28778076
396.91925049,-63.65176392
397.10998535,-63.09090042
397.30072021,-55.28009415
397.49145508,-51.12545013
397.68218994,-54.28287888
397.87292480,-62.75517273
398.06365967,-59.44813538
398.25439453,-52.68083572
398.44512939,-51.47648621
398.63586426,-53.24534607
398.82659912,-51.87841415
399.01733398,-54.77837372
399.20806885,-63.95622253
399.39880371,-56.69815826
399.58953857,-58.76312256
399.78027344,-70.72083282
399.97100830,-63.09325790
400.16174316,-60.24451828
400.35247803,-57.19327927
400.54321289,-61.89237213
400.73394775,-58.85129929
400.92468262,-54.03936768
401.11541748,-57.19452667
401.30615234,-54.71474075
401.49688721,-56.05961609
401.68762207,-58.35643768
401.87835693,-58.51661682
402.06909180,-61.03591919
402.25982666,-58.59558105
402.45056152,-58.46786499
402.64129639,-64.24114990
402.83203125,-68.45854950
403.02276611,-70.11434937
403.21350098,-59.49760056
403.40423584,-67.04364014
403.59497070,-62.77774811
403.78570557,-59.59676361
403.97644043,-53.68318176
404.16717529,-50.68009949
404.35791016,-52.31828690
404.54864502,-59.54194641
404.73937988,-63.78219223
404.93011475,-57.24090958
405.12084961,-55.77150345
405.31158447,-64.70831299
405.50231934,-61.64094925
405.69305420,-64.11078644
405.88378906,-90.49134064
406.07452393,-61.01555634
406.26525879,-57.80559921
406.45599365,-56.72487640
406.64672852,-57.27251434
406.83746338,-58.23910141
407.02819824,-61.11042023
407.21893311,-67.16226959
407.40966797,-62.91950989
407.60040283,-61.00325012
407.79113770,-60.16669464
407.98187256,-65.13489532
408.17260742,-66.99031067
408.36334229,-60.26930237
408.55407715,-58.24111938
408.74481201,-56.61794662
408.93554688,-57.79267883
409.12628174,-56.95782089
409.31701660,-57.63799667
409.50775146,-59.29014587
409.69848633,-54.95796204
409.88922119,-55.66272736
410.07995605,-57.27922058
410.27069092,-57.71726990
410.46142578,-61.95468521
410.65216064,-57.98957825
410.84289551,-53.49739075
411.03363037,-57.41506577
411.22436523,-62.66416931
411.41510010,-56.42689514
411.60583496,-55.14419937
411.79656982,-56.36775970
411.98730469,-67.24826813
412.17803955,-57.61650085
412.36877441,-53.32770538
412.55950928,-55.20814514
412.75024414,-59.98432922
412.94097900,-54.74129486
413.13171387,-58.38533020
413.32244873,-60.34209824
413.51318359,-62.22294235
413.70391846,-53.35578918
413.89465332,-53.40297318
414.08538818,-55.39669418
414.27612305,-53.10867691
414.46685791,-53.99473190
414.65759277,-59.54203033
414.84832764,-65.14142609
415.03906250,-58.98040390
415.22979736,-68.95641327
415.42053223,-57.53237152
415.61126709,-54.52699661
415.80200195,-56.81586838
415.99273682,-66.38761139
416.18347168,-57.25368118
416.37420654,-55.06430817
416.56494141,-61.99990845
416.75567627,-73.12621307
416.94641113,-65.23902130
417.13714600,-59.24511337
417.32788086,-61.84442520
417.51861572,-70.55571747
417.70935059,-69.71890259
417.90008545,-59.10770035
418.09082031,-56.81111908
418.28155518,-58.74303818
418.47229004,-58.18148804
418.66302490,-64.26306915
418.85375977,-54.53079224
419.04449463,-52.03113174
419.23522949,-53.92906570
419.42596436,-55.50231934
419.61669922,-54.54946899
419.80743408,-56.07762146
419.99816895,-61.16274261
420.18890381,-60.28995514
420.37963867,-61.27120972
420.57037354,-65.21014404
420.76110840,-64.59552002
420.95184326,-56.65900421
421.14257812,-54.72792816
421.33331299,-61.31335831
421.52404785,-60.02058029
421.71478271,-53.22141647
421.90551758,-52.82668304
422.09625244,-57.17875671
422.28698730,-59.24736786
422.47772217,-54.57666397
422.66845703,-62.69512558
422.85919189,-60.15087509
423.04992676,-60.02166748
423.24066162,-64.30958557
423.43139648,-58.24245834
423.62213135,-55.09023285
423.81286621,-58.19534302
424.00360107,-60.27199554
424.19433594,-55.61600494
424.38507080,-57.84445190
424.57580566,-58.74750519
424.76654053,-60.73284149
424.95727539,-71.86781311
425.14801025,-63.03998947
425.33874512,-62.64804840
425.52947998,-65.51959229
425.72021484,-59.91556168
425.91094971,-66.03157806
426.10168457,-60.09412766
426.29241943,-59.90430832
426.48315430,-60.63661194
426.67388916,-55.58916473
426.86462402,-55.69540024
427.05535889,-57.04108429
427.24609375,-58.15453339
427.43682861,-58.90166855
427.62756348,-58.36091995
427.81829834,-59.15501404
428.00903320,-57.13111877
428.19976807,-58.16244125
428.39050293,-57.79515076
428.58123779,-55.40153122
428.77197266,-52.01499939
428.96270752,-51.29035187
429.15344238,-51.57842636
429.34417725,-52.38697052
429.53491211,-50.81034851
429.72564697,-50.47630692
429.91638184,-57.10994720
430.10711670,-65.47388458
430.29785156,-59.78451538
430.48858643,-59.09302521
430.67932129,-60.65284729
430.87005615,-55.56798935
431.06079102,-54.08317184
431.25152588,-58.76643372
431.44226074,-66.68466187
431.63299561,-74.07377625
431.82373047,-61.22872162
432.01446533,-59.36164093
432.20520020,-60.55699158
432.39593506,-53.81026840
432.58666992,-51.28200531
432.77740479,-55.98020554
432.96813965,-56.96437073
433.15887451,-52.93765259
433.34960938,-56.16468811
433.54034424,-64.18872070
433.73107910,-64.35607147
433.92181396,-64.21497345
434.11254883,-63.00462723
434.30328369,-60.23696518
434.49401855,-59.84064484
434.68475342,-57.12953568
434.87548828,-52.39593124
435.06622314,-55.24748993
435.25695801,-62.48929596
435.44769287,-55.07677078
435.63842773,-55.64960861
435.82916260,-56.64217377
436.01989746,-59.72735596
436.21063232,-54.12529373
436.40136719,-54.58321381
436.59210205,-57.86098862
436.78283691,-67.01559448
436.97357178,-64.42047882
437.16430664,-64.15773010
437.35504150,-63.07474518
437.54577637,-55.02732086
437.73651123,-54.91471863
437.92724609,-57.77137756
438.11798096,-57.86062622
438.30871582,-59.57946777
438.49945068,-66.45433044
438.69018555,-61.16633606
438.88092041,-57.74231339
439.07165527,-53.57923889
439.26239014,-54.57408905
439.45312500,-61.53828049
439.64385986,-61.89587402
439.83459473,-54.36286545
440.02532959,-56.30590057
440.21606445,-58.91521835
440.40679932,-59.84690857
440.59753418,-62.30218506
440.78826904,-61.64833832
440.97900391,-65.35286713
441.16973877,-73.43361664
441.36047363,-71.26369476
441.55120850,-59.36609268
441.74194336,-54.11914825
441.93267822,-51.48759842
442.12341309,-53.84248734
442.31414795,-58.76199722
442.50488281,-63.89314651
442.69561768,-55.81867218
442.88635254,-55.93289948
443.07708740,-62.85661697
443.26782227,-73.41821289
443.45855713,-55.08317947
443.64929199,-51.55097580
443.84002686,-51.75928497
444.03076172,-53.69222260
444.22149658,-62.09397125
444.41223145,-64.10743713
444.60296631,-54.07534790
444.79370117,-50.46482468
444.98443604,-52.50526047
445.17517090,-56.00604248
445.36590576,-56.39140320
445.55664062,-58.86013794
445.74737549,-59.26242828
445.93811035,-54.61284637
446.12884521,-54.12947845
446.31958008,-56.69945526
446.51031494,-56.20308304
446.70104980,-59.53438568
446.89178467,-61.99373245
447.08251953,-60.80643463
447.27325439,-65.55051422
447.46398926,-76.61317444
447.65472412,-75.94473267
447.84545898,-65.35810852
448.03619385,-56.48789978
448.22692871,-51.83467865
448.41766357,-50.54413605
448.60839844,-52.25510406
448.79913330,-55.56821442
448.98986816,-58.22233200
449.18060303,-60.09499359
449.37133789,-63.26290894
449.56207275,-62.91287994
449.75280762,-58.25870895
449.94354248,-52.50724030
450.13427734,-50.24010468
450.32501221,-55.38354492
450.51574707,-60.50008392
450.70648193,-55.72467041
450.89721680,-54.78155136
451.08795166,-53.81235123
451.27868652,-58.34426117
451.46942139,-68.70339966
451.66015625,-56.64929962
451.85089111,-55.98069000
452.04162598,-64.97483063
452.23236084,-66.71118927
452.42309570,-59.71699142
452.61383057,-73.35486603
452.80456543,-60.56703949
452.99530029,-61.26832581
453.18603516,-67.98904419
453.37677002,-66.22262573
453.56750488,-60.68942642
453.75823975,-56.43600082
453.94897461,-58.48217773
454.13970947,-57.85239410
454.33044434,-59.74158478
454.52117920,-57.15069199
454.71191406,-64.73620605
454.90264893,-60.16349411
455.09338379,-62.64242554
455.28411865,-60.53229904
455.47485352,-55.30856323
455.66558838,-56.85448456
455.85632324,-67.25529480
456.04705811,-67.40697479
456.23779297,-61.32686234
456.42852783,-69.10299683
456.61926270,-60.11854172
456.80999756,-58.55705261
457.00073242,-72.01908875
457.19146729,-57.08297348
457.38220215,-55.12577057
457.57293701,-61.43357849
457.76367188,-73.69388580
457.95440674,-75.38677216
458.14514160,-59.06868362
458.33587646,-57.66492462
458.52661133,-61.12435150
458.71734619,-69.62876892
458.90808105,-60.26240540
459.09881592,-51.83792496
459.28955078,-52.25667572
459.48028564,-60.47127533
459.67102051,-58.68848419
459.86175537,-60.65082550
460.05249023,-57.67413330
460.24322510,-51.67348862
460.43395996,-53.01571655
460.62469482,-69.98974609
460.81542969,-56.59492874
461.00616455,-54.45280457
461.19689941,-57.33587265
461.38763428,-57.57435608
461.57836914,-59.08195496
461.76910400,-62.62276077
461.95983887,-61.10923004
462.15057373,-59.40700531
462.34130859,-53.24954224
462.53204346,-54.24182510
462.72277832,-51.02176285
462.91351318,-47.87075424
463.10424805,-48.94404602
463.29498291,-54.41034698
463.48571777,-64.43000031
463.67645264,-62.10987473
463.86718750,-55.71305084
464.05792236,-50.99392700
464.24865723,-48.49097443
464.43939209,-49.02625275
464.63012695,-51.48716354
464.82086182,-53.73821259
465.01159668,-55.18035889
465.20233154,-56.05496979
465.39306641,-55.57178497
465.58380127,-59.63321304
465.77453613,-57.07262421
465.96527100,-56.41739655
466.15600586,-60.30605698
466.34674072,-56.14270782
466.53747559,-84.78385925
466.72821045,-54.49626923
466.91894531,-53.17228317
467.10968018,-53.27219391
467.30041504,-54.81513214
467.49114990,-55.91600037
467.68188477,-53.98260117
467.87261963,-50.12080383
468.06335449,-51.09436035
468.25408936,-52.74650955
468.44482422,-54.36256409
468.63555908,-55.27506256
468.82629395,-55.49320602
469.01702881,-65.31043243
469.20776367,-65.63067627
469.39849854,-61.52206421
469.58923340,-56.65046310
469.77996826,-55.77680588
469.97070312,-60.21603394
470.16143799,-57.87670135
470.35217285,-56.50465393
470.54290771,-56.29000854
470.73364258,-53.26938629
470.92437744,-50.29817200
471.11511230,-50.77209473
471.30584717,-55.94947052
471.49658203,-63.18155670
471.68731689,-60.33363342
471.87805176,-59.58703995
472.06878662,-58.02276993
472.25952148,-60.73445129
472.45025635,-60.77327728
472.64099121,-59.11522675
472.83172607,-57.68214798
473.02246094,-53.75023270
473.21319580,-52.62649536
473.40393066,-54.10545731
473.59466553,-56.35293961
473.78540039,-62.54509735
473.97613525,-53.38331223
474.16687012,-50.94691849
474.35760498,-51.37965393
474.54833984,-54.53937531
474.73907471,-62.72015381
474.92980957,-57.98041916
475.12054443,-57.06072998
475.31127930,-54.79055023
475.50201416,-52.29988098
475.69274902,-52.74100494
475.88348389,-58.40537643
476.07421875,-67.25382233
476.26495361,-64.73573303
476.45568848,-57.23203278
476.64642334,-57.84850311
476.83715820,-69.41558838
477.02789307,-55.98877716
477.21862793,-58.66481400
477.40936279,-68.63697815
477.60009766,-57.39612579
477.79083252,-60.87193298
477.98156738,-59.23322678
478.17230225,-55.72479630
478.36303711,-55.36022568
478.55377197,-57.33211517
478.74450684,-58.46702576
478.93524170,-66.86265564
479.12597656,-57.73953247
479.31671143,-53.41399384
479.50744629,-53.29546356
479.69818115,-58.66205597
479.88891602,-59.24552155
480.07965088,-53.00358582
480.27038574,-58.36468124
480.46112061,-60.55393600
480.65185547,-61.09437943
480.84259033,-65.34691620
481.03332520,-71.79585266
481.22406006,-64.01042938
481.41479492,-67.47964478
481.60552979,-57.15609741
481.79626465,-59.32882309
481.98699951,-62.11030960
482.17773438,-56.43218994
482.36846924,-54.02424622
482.55920410,-54.82301712
482.74993896,-59.92346191
482.94067383,-60.88206482
483.13140869,-66.53974915
483.32214355,-56.84487915
483.51287842,-55.55364609
483.70361328,-58.30604935
483.89434814,-56.05868530
484.08508301,-53.42573547
484.27581787,-53.10570526
484.46655273,-55.10530472
484.65728760,-56.57594681
484.84802246,-58.60937119
485.03875732,-52.91958237
485.22949219,-53.31112671
485.42022705,-61.00460434
485.61096191,-56.64897537
485.80169678,-56.84671402
485.99243164,-62.88773346
486.18316650,-58.62812042
486.37390137,-60.73369598
486.56463623,-58.05757523
486.75537109,-60.17137909
486.94610596,-54.76207733
487.13684082,-53.70994949
487.32757568,-52.35111237
487.51831055,-50.84748077
487.70904541,-53.43127823
487.89978027,-59.56122589
488.09051514,-58.95447159
488.28125000,-54.00737762
488.47198486,-54.06811142
488.66271973,-67.95706940
488.85345459,-55.70108032
489.04418945,-60.74445724
489.23492432,-64.79597473
489.42565918,-70.50195312
489.61639404,-71.66773987
489.80712891,-62.68248749
489.99786377,-64.78504944
490.18859863,-54.62349701
490.37933350,-48.47889328
490.57006836,-46.68104553
490.76080322,-51.02827072
490.95153809,-64.87106323
491.14227295,-55.12113190
491.33300781,-55.92256546
491.52374268,-54.69594574
491.71447754,-61.56385040
491.90521240,-60.09062195
492.09594727,-60.53624725
492.28668213,-64.56073761
492.47741699,-59.58472824
492.66815186,-67.88312531
492.85888672,-57.51938248
493.04962158,-56.78657150
493.24035645,-57.71969223
493.43109131,-52.02888870
493.62182617,-49.97688293
493.81256104,-52.80295944
494.00329590,-55.33979034
494.19403076,-54.33139801
494.38476562,-55.63740540
494.57550049,-60.01922607
494.76623535,-56.26104736
494.95697021,-52.19181442
495.14770508,-55.01461411
495.33843994,-54.98123932
495.52917480,-57.58910370
495.71990967,-66.61054230
495.91064453,-64.08433533
496.10137939,-68.28353882
496.29211426,-65.75508881
496.48284912,-56.32210159
496.67358398,-55.28013229
496.86431885,-58.35427094
497.05505371,-68.64074707
497.24578857,-63.28155518
497.43652344,-79.50322723
497.62725830,-63.48641968
497.81799316,-61.60926056
498.00872803,-58.34469604
498.19946289,-53.64264679
498.39019775,-56.46995163
498.58093262,-57.20194244
498.77166748,-60.66453934
498.96240234,-59.00975037
499.15313721,-56.68836212
499.34387207,-62.33629608
499.53460693,-59.42536926
499.72534180,-56.57104874
499.91607666,-59.71762085
500.10681152,-60.76452637
500.29754639,-61.52111816
500.48828125,-76.17384338
500.67901611,-68.97256470
500.86975098,-76.88271332
501.06048584,-64.52983856
501.25122070,-61.81563950
501.44195557,-61.06204987
501.63269043,-56.77506256
501.82342529,-56.16557693
502.01416016,-57.09217834
502.20489502,-58.20428848
502.39562988,-73.59057617
502.58636475,-69.10793304
502.77709961,-56.86963654
502.96783447,-53.77106094
503.15856934,-53.95543671
503.34930420,-54.16044235
503.54003906,-57.45831299
503.73077393,-58.59897232
503.92150879,-56.14093018
504.11224365,-52.86548233
504.30297852,-51.19777298
504.49371338,-54.13572311
504.68444824,-60.17841339
504.87518311,-55.02219391
505.06591797,-50.52162933
505.25665283,-51.13713074
505.44738770,-59.01624298
505.63812256,-61.90374374
505.82885742,-53.72604370
506.01959229,-56.16087341
506.21032715,-60.29232025
506.40106201,-63.11256027
506.59179688,-62.33779144
506.78253174,-58.36775208
506.97326660,-58.84338760
507.16400146,-54.62246323
507.35473633,-55.06597519
507.54547119,-60.82706451
507.73620605,-61.16865158
507.92694092,-60.21593475
508.11767578,-71.09364319
508.30841064,-60.09984589
508.49914551,-60.24345016
508.68988037,-57.96981812
508.88061523,-55.16115189
509.07135010,-55.84607697
509.26208496,-56.95360184
509.45281982,-60.35283661
509.64355469,-73.37205505
509.83428955,-59.35943222
510.02502441,-60.80566025
510.21575928,-57.80164719
510.40649414,-56.80767822
510.59722900,-56.67825317
510.78796387,-60.23233795
510.97869873,-56.56435394
511.16943359,-53.56317902
511.36016846,-52.07188416
511.55090332,-51.41082001
511.74163818,-53.83419418
511.93237305,-66.03141785
512.12310791,-57.42915344
512.31384277,-59.25714493
512.50457764,-60.70816422
512.69531250,-59.49103928
512.88604736,-60.64860535
513.07678223,-53.74408340
513.26751709,-57.13536835
513.45825195,-55.23471451
513.64898682,-59.75753784
513.83972168,-58.47326660
514.03045654,-61.93791199
514.22119141,-58.53130341
514.41192627,-59.12702179
514.60266113,-58.50615692
514.79339600,-57.30392075
514.98413086,-58.89485931
515.17486572,-56.35285187
515.36560059,-53.66519928
515.55633545,-55.66558838
515.74707031,-55.73546982
515.93780518,-52.68565369
516.12854004,-55.97512054
516.31927490,-54.90180206
516.51000977,-52.87148285
516.70074463,-56.88525772
516.89147949,-56.78798676
517.08221436,-55.07876968
517.27294922,-55.66979218
517.46368408,-65.88822174
517.65441895,-54.66984177
517.84515381,-55.86139679
518.03588867,-57.08694458
518.22662354,-54.26344299
518.41735840,-57.71582794
518.60809326,-60.13387680
518.79882812,-55.21741486
518.98956299,-55.18866730
519.18029785,-61.74950027
519.37103271,-63.86162567
519.56176758,-66.51552582
519.75250244,-61.50118256
519.94323730,-68.11444092
520.13397217,-66.12000275
520.32470703,-60.29092789
520.51544189,-66.38410187
520.70617676,-61.15221024
520.89691162,-53.79371643
521.08764648,-53.87306213
521.27838135,-66.72858429
521.46911621,-57.18663788
521.65985107,-53.61882019
521.85058594,-54.31041336
522.04132080,-54.34311676
522.23205566,-59.73663330
522.42279053,-57.83952332
522.61352539,-56.52117157
522.80426025,-55.71980286
522.99499512,-59.47762299
523.18572998,-64.28707886
523.37646484,-55.49865341
523.56719971,-55.84572220
523.75793457,-58.71176910
523.94866943,-61.68360901
524.13940430,-57.21085358
524.33013916,-51.55043793
524.52087402,-51.57200241
524.71160889,-56.02590179
524.90234375,-61.47969818
525.09307861,-59.72742462
525.28381348,-55.25465393
525.47454834,-54.16652679
525.66528320,-55.58044815
525.85601807,-60.61724091
526.04675293,-71.50393677
526.23748779,-75.38813019
526.42822266,-72.19180298
526.61895752,-69.03914642
526.80969238,-65.13623810
527.00042725,-68.60741425
527.19116211,-57.39300156
527.38189697,-58.15005493
527.57263184,-62.50574112
527.76336670,-54.46754456
527.95410156,-54.02915573
528.14483643,-57.02333832
528.33557129,-60.33057785
528.52630615,-54.24727631
528.71704102,-56.82407379
528.90777588,-58.33444214
529.09851074,-56.86482239
529.28924561,-60.71074677
529.47998047,-60.73356247
529.67071533,-62.43392563
529.86145020,-63.55196381
530.05218506,-66.66859436
530.24291992,-55.29933548
530.43365479,-53.85734177
530.62438965,-51.50550079
530.81512451,-51.43218994
531.00585938,-59.04691315
531.19659424,-57.15858459
531.38732910,-53.27856445
531.57806396,-53.41192245
531.76879883,-57.29238510
531.95953369,-60.34337997
532.15026855,-54.02442551
532.34100342,-57.02207565
532.53173828,-67.40568542
532.72247314,-64.41345978
532.91320801,-62.49906158
533.10394287,-58.00880051
533.29467773,-58.63041687
533.48541260,-62.81081390
533.67614746,-59.19130707
533.86688232,-57.38186646
534.05761719,-54.73815155
534.24835205,-58.21443558
534.43908691,-68.06813049
534.62982178,-86.90107727
534.82055664,-61.55914307
535.01129150,-60.13846970
535.20202637,-63.67036819
535.39276123,-61.11774826
535.58349609,-54.15475464
535.77423096,-53.57265091
535.96496582,-56.49139786
536.15570068,-51.91798782
536.34643555,-52.20951080
536.53717041,-56.08959198
536.72790527,-60.02285004
536.91864014,-55.31572342
537.10937500,-53.05862808
537.30010986,-55.51770782
537.49084473,-56.76940155
537.68157959,-63.37251282
537.87231445,-54.78042603
538.06304932,-51.13899612
538.25378418,-49.36893463
538.44451904,-50.04022980
538.63525391,-54.17473602
538.82598877,-57.43598938
539.01672363,-56.99210358
539.20745850,-55.20026398
539.39819336,-55.82000732
539.58892822,-56.97251129
539.77966309,-57.41587067
539.97039795,-59.48644257
540.16113281,-67.37460327
540.35186768,-60.48667908
540.54260254,-63.60927582
540.73333740,-56.90755463
540.92407227,-52.09871674
541.11480713,-54.53251266
541.30554199,-59.66945648
541.49627686,-55.23060226
541.68701172,-54.16139221
541.87774658,-62.44885254
542.06848145,-58.41452026
542.25921631,-59.44396973
542.44995117,-63.29468536
542.64068604,-74.16564178
542.83142090,-53.71384430
543.02215576,-49.31445312
543.21289062,-50.15455246
543.40362549,-56.27843857
543.59436035,-72.79989624
543.78509521,-57.90414810
543.97583008,-50.82277298
544.16656494,-50.29891205
544.35729980,-53.69147873
544.54803467,-64.80216217
544.73876953,-59.15048599
544.92950439,-59.40176392
545.12023926,-58.95059204
545.31097412,-57.36819839
545.50170898,-54.92237091
545.69244385,-53.69608307
545.88317871,-57.56772614
546.07391357,-60.87072372
546.26464844,-58.71267700
546.45538330,-56.62116623
546.64611816,-59.33602142
546.83685303,-64.29322052
547.02758789,-66.60147858
547.21832275,-66.03026581
547.40905762,-55.91627502
547.59979248,-57.50279999
547.79052734,-56.84844971
547.98126221,-50.51648712
548.17199707,-56.65970612
548.36273193,-69.73327637
548.55346680,-56.78031921
548.74420166,-51.43080139
548.93493652,-52.40069580
549.12567139,-53.29647064
549.31640625,-54.17667389
549.50714111,-54.54104996
549.69787598,-58.92642593
549.88861084,-71.80731201
550.07934570,-63.70068359
550.27008057,-62.48326874
550.46081543,-71.46676636
550.65155029,-69.23603058
550.84228516,-62.55797577
551.03302002,-55.53125763
551.22375488,-57.49340820
551.41448975,-56.51276016
551.60522461,-56.04328156
551.79595947,-63.90229034
551.98669434,-58.25658417
552.17742920,-58.34337616
552.36816406,-66.08326721
552.55889893,-55.63925934
552.74963379,-55.05792999
552.94036865,-64.49893188
553.13110352,-54.83083725
553.32183838,-56.47441101
553.51257324,-61.02497864
553.70330811,-64.18845367
553.89404297,-58.58955383
554.08477783,-63.46852875
554.27551270,-66.34790039
554.46624756,-61.84123993
554.65698242,-66.17350006
554.84771729,-61.21337509
555.03845215,-64.67444611
555.22918701,-61.40709305
555.41992188,-53.57189178
555.61065674,-51.36260986
555.80139160,-52.40744781
555.99212646,-54.97868347
556.18286133,-56.40911484
556.37359619,-51.99163437
556.56433105,-51.98943710
556.75506592,-52.74229050
556.94580078,-53.61642456
557.13653564,-58.19121552
557.32727051,-64.61787415
557.51800537,-66.00404358
557.70874023,-62.29785538
557.89947510,-63.07630920
558.09020996,-60.13808441
558.28094482,-56.17956161
558.47167969,-56.24113464
558.66241455,-57.30266953
558.85314941,-60.10994720
559.04388428,-66.00067139
559.23461914,-63.00622940
559.42535400,-60.31112289
559.61608887,-68.12361908
559.80682373,-60.44964600
559.99755859,-56.08115387
560.18829346,-56.62631607
560.37902832,-61.71716309
560.56976318,-60.70164108
560.76049805,-56.16861725
560.95123291,-56.74473572
561.14196777,-59.34191895
561.33270264,-61.65130234
561.52343750,-74.61968994
561.71417236,-57.60449219
561.90490723,-53.41094208
562.09564209,-51.64617157
562.28637695,-51.09424973
562.47711182,-54.12825775
562.66784668,-60.46211624
562.85858154,-53.67958450
563.04931641,-59.39811325
563.24005127,-61.42860031
563.43078613,-55.75721741
563.62152100,-51.84906769
563.81225586,-52.43383026
564.00299072,-68.56946564
564.19372559,-56.29913330
564.38446045,-53.75543213
564.57519531,-55.67082977
564.76593018,-55.95516968
564.95666504,-58.06876373
565.14739990,-61.33013916
565.33813477,-55.02568817
565.52886963,-53.02949524
565.71960449,-51.84137726
565.91033936,-49.99791718
566.10107422,-51.14577484
566.29180908,-56.04986191
566.48254395,-65.61203766
566.67327881,-68.22309875
566.86401367,-64.88489532
567.05474854,-61.27296448
567.24548340,-56.73558044
567.43621826,-61.84488678
567.62695312,-63.00646973
567.81768799,-59.84872818
568.00842285,-63.97406006
568.19915771,-62.55329514
568.38989258,-54.15928268
568.58062744,-55.62482452
568.77136230,-64.70340729
568.96209717,-59.20680618
569.15283203,-57.73776627
569.34356689,-61.42708206
569.53430176,-58.31619644
569.72503662,-52.25499725
569.91577148,-48.80108261
570.10650635,-49.57441711
570.29724121,-57.25222778
570.48797607,-64.75157928
570.67871094,-59.94993210
570.86944580,-55.49104691
571.06018066,-54.55229950
571.25091553,-55.48565674
571.44165039,-55.42079926
571.63238525,-54.21311951
571.82312012,-53.99552155
572.01385498,-59.15880585
572.20458984,-63.19580078
572.39532471,-61.55871964
572.58605957,-55.33527374
572.77679443,-55.63221359
572.96752930,-60.68698120
573.15826416,-55.39848328
573.34899902,-63.62895584
573.53973389,-59.38636398
573.73046875,-57.19217300
573.92120361,-75.67036438
574.11193848,-55.76078796
574.30267334,-55.11730576
574.49340820,-59.54382324
574.68414307,-70.35353851
574.87487793,-68.95716095
575.06561279,-62.74002838
575.25634766,-61.19133759
575.44708252,-61.82878876
575.63781738,-65.69746399
575.82855225,-58.08403015
576.01928711,-55.12767792
576.21002197,-61.37496567
576.40075684,-63.60877991
576.59149170,-57.15876770
576.78222656,-52.12736511
576.97296143,-50.68142319
577.16369629,-52.59906387
577.35443115,-57.36206436
577.54516602,-52.46826553
577.73590088,-49.44922638
577.92663574,-49.03601074
578.11737061,-50.88169479
578.30810547,-55.63623428
578.49884033,-62.87036514
578.68957520,-63.50033569
578.88031006,-67.92333984
579.07104492,-66.18947601
579.26177979,-56.84122467
579.45251465,-56.34508133
579.64324951,-64.95565033
579.83398438,-55.10305786
580.02471924,-55.61132431
580.21545410,-59.88823700
580.40618896,-70.56308746
580.59692383,-58.30363464
580.78765869,-54.42374802
580.97839355,-52.28396606
581.16912842,-49.31823730
581.35986328,-48.44965363
581.55059814,-49.06282043
581.74133301,-52.28636932
581.93206787,-57.27805328
582.12280273,-64.06774139
582.31353760,-61.88644791
582.50427246,-58.29227829
582.69500732,-63.19028854
582.88574219,-66.79526520
583.07647705,-57.70691681
583.26721191,-55.17168045
583.45794678,-53.81246948
583.64868164,-57.26939774
583.83941650,-65.76155090
584.03015137,-74.78590393
584.22088623,-69.20593262
584.41162109,-60.24845505
584.60235596,-56.79819107
584.79309082,-57.34230423
584.98382568,-60.92359924
585.17456055,-74.68527985
585.36529541,-62.40176392
585.55603027,-58.47016144
585.74676514,-53.71979523
585.93750000,-51.57409668
586.12823486,-50.87973785
586.31896973,-52.13645554
586.50970459,-54.87243271
586.70043945,-56.49458313
586.89117432,-55.76068497
587.08190918,-55.61215210
587.27264404,-60.04559326
587.46337891,-53.96035767
587.65411377,-51.03828049
587.84484863,-54.48574448
588.03558350,-59.79805756
588.22631836,-61.80469513
588.41705322,-58.30245972
588.60778809,-58.56097412
588.79852295,-68.61351776
588.98925781,-62.75523758
589.17999268,-59.97483826
589.37072754,-62.96187592
589.56146240,-68.89867401
589.75219727,-63.42297363
589.94293213,-63.01582718
590.13366699,-56.17161179
590.32440186,-55.04413986
590.51513672,-55.17272568
590.70587158,-53.05963516
590.89660645,-49.56284332
591.08734131,-49.29035950
591.27807617,-51.19683075
591.46881104,-53.09735870
591.65954590,-58.49319077
591.85028076,-61.42715073
592.04101562,-53.84298706
592.23175049,-53.32749939
592.42248535,-53.89928818
592.61322021,-64.48358917
592.80395508,-62.22220612
592.99468994,-63.10349274
593.18542480,-73.90007782
593.37615967,-62.79563141
593.56689453,-57.99068069
593.75762939,-58.49048233
593.94836426,-60.26863480
594.13909912,-64.19718170
594.32983398,-70.22046661
594.52056885,-73.52973938
594.71130371,-57.61310196
594.90203857,-52.94482422
595.09277344,-53.97335815
595.28350830,-55.27145004
595.47424316,-54.86678314
595.66497803,-57.40382385
595.85571289,-64.96758270
596.04644775,-69.99884796
596.23718262,-58.92117310
596.42791748,-60.99477386
596.61865234,-55.31055450
596.80938721,-51.34029770
597.00012207,-52.49125671
597.19085693,-53.48450470
597.38159180,-56.27162552
597.57232666,-57.57950211
597.76306152,-57.71761322
597.95379639,-56.70279694
598.14453125,-54.29035187
598.33526611,-59.96800232
598.52600098,-56.83951569
598.71673584,-55.89665985
598.90747070,-56.29127502
599.09820557,-57.03956985
599.28894043,-59.69147491
599.47967529,-61.16506195
599.67041016,-73.70034027
599.86114502,-64.22105408
600.05187988,-62.85283661
600.24261475,-63.89483643
600.43334961,-64.95423126
600.62408447,-64.61843872
600.81481934,-66.94158173
601.00555420,-73.35572815
601.19628906,-69.18812561
601.38702393,-61.54687500
601.57775879,-55.97164917
601.76849365,-56.04681015
601.95922852,-59.01934814
602.14996338,-62.42060852
602.34069824,-55.26289368
602.53143311,-58.86030197
602.72216797,-62.00854492
602.91290283,-58.24426651
603.10363770,-63.60967255
603.29437256,-51.40373993
603.48510742,-50.48123169
603.67584229,-55.37880325
603.86657715,-61.42262268
604.05731201,-56.77978516
604.24804688,-56.86329651
604.43878174,-58.20944214
604.62951660,-58.29984665
604.82025146,-56.69998932
605.01098633,-55.82098007
605.20172119,-68.51479340
605.39245605,-60.34417725
605.58319092,-59.77524185
605.77392578,-63.25746918
605.96466064,-56.71165466
606.15539551,-55.97354507
606.34613037,-58.39921570
606.53686523,-56.63587952
606.72760010,-60.14672089
606.91833496,-56.80994034
607.10906982,-55.81147003
607.29980469,-56.37596893
607.49053955,-60.36447525
607.68127441,-56.40840912
607.87200928,-53.76148224
608.06274414,-57.53221512
608.25347900,-64.84838867
608.44421387,-60.56022644
608.63494873,-58.47856140
608.82568359,-66.84540558
609.01641846,-58.13063812
609.20715332,-54.67241669
609.39788818,-58.00318909
609.58862305,-64.95159912
609.77935791,-62.39156342
609.97009277,-55.03620148
610.16082764,-52.33469009
610.35156250,-56.38370132
610.54229736,-59.71595383
610.73303223,-60.36410904
610.92376709,-52.33848572
611.11450195,-50.28939819
611.30523682,-54.79354477
611.49597168,-54.43819046
611.68670654,-55.61963654
611.87744141,-57.64354706
612.06817627,-59.45792770
612.25891113,-66.29626465
612.44964600,-56.97978973
612.64038086,-56.37593842
612.83111572,-53.43085480
613.02185059,-52.22689819
613.21258545,-56.85062408
613.40332031,-63.66790390
613.59405518,-69.03527832
613.78479004,-61.54506683
613.97552490,-59.06011581
614.16625977,-53.62901306
614.35699463,-52.22393799
614.54772949,-54.02251434
614.73846436,-56.13636780
614.92919922,-56.01921844
615.11993408,-57.65893936
615.31066895,-57.71630096
615.50140381,-59.18796158
615.69213867,-72.23290253
615.88287354,-62.81055450
616.07360840,-62.25003052
616.26434326,-56.96689606
616.45507812,-52.40292358
616.64581299,-54.67687607
616.83654785,-53.54722595
617.02728271,-54.29913330
617.21801758,-56.33526611
617.40875244,-56.44792938
617.59948730,-53.47105026
617.79022217,-55.28826904
617.98095703,-71.80880737
618.17169189,-58.07351685
618.36242676,-60.74299240
618.55316162,-60.83854675
618.74389648,-60.26063919
618.93463135,-67.15401459
619.12536621,-63.44156265
619.31610107,-58.90453720
619.50683594,-54.08625793
619.69757080,-55.11695480
619.88830566,-58.56555939
620.07904053,-55.20059204
620.26977539,-56.20876312
620.46051025,-74.80409241
620.65124512,-71.95354462
620.84197998,-61.05305099
621.03271484,-60.31066132
621.22344971,-60.63713074
621.41418457,-53.39721298
621.60491943,-50.91843414
621.79565430,-50.56141281
621.98638916,-51.32404709
622.17712402,-53.09902954
622.36785889,-58.69755554
622.55859375,-60.44514465
622.74932861,-54.60709381
622.94006348,-53.11999893
623.13079834,-56.31803894
623.32153320,-57.73731995
623.51226807,-59.56853485
623.70300293,-58.11615372
623.89373779,-58.29106140
624.08447266,-56.81732941
624.27520752,-58.84922791
624.46594238,-58.00556183
624.65667725,-58.10403824
624.84741211,-59.82270813
625.03814697,-65.76819611
625.22888184,-56.19881439
625.41961670,-57.85726547
625.61035156,-68.93836212
625.80108643,-65.55286407
625.99182129,-65.47621155
626.18255615,-53.56797028
626.37329102,-48.65578079
626.56402588,-48.71854401
626.75476074,-53.83342361
626.94549561,-65.03018188
627.13623047,-55.72092056
627.32696533,-50.54088974
627.51770020,-53.89933014
627.70843506,-60.58986282
627.89916992,-61.55200577
628.08990479,-58.87367630
628.28063965,-53.73964310
628.47137451,-52.47635651
628.66210938,-53.17209244
628.85284424,-54.76466751
629.04357910,-58.05310822
629.23431396,-67.82960510
629.42504883,-68.82038879
629.61578369,-57.29536438
629.80651855,-52.15769196
629.99725342,-56.89380264
630.18798828,-56.14649963
630.37872314,-51.95173264
630.56945801,-52.98068237
630.76019287,-57.82732010
630.95092773,-63.45054245
631.14166260,-60.16639709
631.33239746,-59.42220688
631.52313232,-63.06063843
631.71386719,-55.20999146
631.90460205,-56.61470032
632.09533691,-59.93528748
632.28607178,-61.51156616
632.47680664,-74.76502991
632.66754150,-66.25542450
632.85827637,-62.97344208
633.04901123,-55.43151855
633.23974609,-49.99095917
633.43048096,-48.44092941
633.62121582,-54.66864777
633.81195068,-59.22774887
634.00268555,-54.95713043
634.19342041,-58.56392288
634.38415527,-58.38400269
634.57489014,-60.19974518
634.76562500,-61.81055450
634.95635986,-56.62002563
635.14709473,-54.99471283
635.33782959,-55.26039124
635.52856445,-56.69145584
635.71929932,-54.78648758
635.91003418,-53.09649658
636.10076904,-58.46290207
636.29150391,-58.73445129
636.48223877,-55.39069748
636.67297363,-51.99884796
636.86370850,-58.63053131
637.05444336,-58.05656052
637.24517822,-50.81719208
637.43591309,-49.53994751
637.62664795,-50.07051849
637.81738281,-52.99232101
638.00811768,-58.99618149
638.19885254,-58.74456787
638.38958740,-56.46187592
638.58032227,-66.51679230
638.77105713,-56.57781982
638.96179199,-51.28719711
639.15252686,-54.74346542
639.34326172,-60.74476624
639.53399658,-83.69093323
639.72473145,-57.94313431
639.91546631,-54.32844543
640.10620117,-55.25270081
640.29693604,-56.50480652
640.48767090,-51.40673828
640.67840576,-50.13406754
640.86914062,-55.09484100
641.05987549,-62.31394958
641.25061035,-54.10263443
641.44134521,-53.85148621
641.63208008,-62.99956512
641.82281494,-60.13985443
642.01354980,-57.51335144
642.20428467,-57.47118378
642.39501953,-56.39065552
642.58575439,-54.64768219
642.77648926,-52.00479507
642.96722412,-54.08237839
643.15795898,-56.60028839
643.34869385,-53.68238068
643.53942871,-50.06761932
643.73016357,-49.97281647
643.92089844,-53.38838959
644.11163330,-51.65851593
644.30236816,-53.60844421
644.49310303,-55.94046021
644.68383789,-58.89702225
644.87457275,-88.55788422
645.06530762,-56.37921143
645.25604248,-51.04508209
645.44677734,-52.24222565
645.63751221,-57.91030121
645.82824707,-56.63790894
646.01898193,-52.95572662
646.20971680,-51.74445343
646.40045166,-52.43858337
646.59118652,-57.39652252
646.78192139,-61.89873123
646.97265625,-54.81182098
647.16339111,-57.70414734
647.35412598,-57.72376633
647.54486084,-54.03929138
647.73559570,-54.90013885
647.92633057,-76.78171539
648.11706543,-54.53431702
648.30780029,-51.36669922
648.49853516,-52.09441376
648.68927002,-53.53820419
648.88000488,-55.78270340
649.07073975,-55.68013000
649.26147461,-54.71961594
649.45220947,-55.82464600
649.64294434,-58.02679443
649.83367920,-58.51573181
650.02441406,-59.82456589
650.21514893,-62.28886032
650.40588379,-58.03067780
650.59661865,-62.59644318
650.78735352,-65.12415314
650.97808838,-57.30920410
651.16882324,-54.31961060
651.35955811,-53.86121750
651.55029297,-54.84390259
651.74102783,-57.31109619
651.93176270,-62.25661469
652.12249756,-61.93531418
652.31323242,-59.26387024
652.50396729,-55.42538452
652.69470215,-49.94787598
652.88543701,-47.82946777
653.07617188,-49.19272614
653.26690674,-51.30473709
653.45764160,-55.04322052
653.64837646,-59.90644073
653.83911133,-60.60394669
654.02984619,-59.90930939
654.22058105,-58.63496780
654.41131592,-59.95095825
654.60205078,-62.35475540
654.79278564,-76.62774658
654.98352051,-66.12761688
655.17425537,-61.82218933
655.36499023,-59.86751556
655.55572510,-57.21397781
655.74645996,-54.55762482
655.93719482,-55.49910736
656.12792969,-64.74808502
656.31866455,-57.06533051
656.50939941,-50.43408966
656.70013428,-49.66164398
656.89086914,-50.60828781
657.08160400,-48.96573639
657.27233887,-47.13098526
657.46307373,-48.61520386
657.65380859,-53.08437347
657.84454346,-57.11193466
658.03527832,-54.21241379
658.22601318,-53.31798553
658.41674805,-54.98346710
658.60748291,-64.37911224
658.79821777,-59.70502853
658.98895264,-54.29682922
659.17968750,-56.35321045
659.37042236,-74.81503296
659.56115723,-58.68263626
659.75189209,-54.59827042
659.94262695,-53.11225510
660.13336182,-55.87118149
660.32409668,-67.07113647
660.51483154,-71.33462524
660.70556641,-56.63121796
660.89630127,-51.46308899
661.08703613,-50.38351440
661.27777100,-51.10095215
661.46850586,-53.21476364
661.65924072,-54.08606720
661.84997559,-53.70032883
662.04071045,-58.71439362
662.23144531,-62.45308304
662.42218018,-56.32560730
662.61291504,-55.53908920
662.80364990,-54.79169846
662.99438477,-54.30023575
663.18511963,-60.16326904
663.37585449,-63.60248184
663.56658936,-68.25845337
663.75732422,-64.79315186
663.94805908,-57.06829834
664.13879395,-61.32934189
664.32952881,-71.08155823
664.52026367,-65.60584259
664.71099854,-60.21797943
664.90173340,-60.45193100
665.09246826,-52.01274109
665.28320312,-51.90894699
665.47393799,-52.92378998
665.66467285,-60.07139587
665.85540771,-53.39059830
666.04614258,-49.82492065
666.23687744,-51.13938904
666.42761230,-51.33171844
666.61834717,-50.85151672
666.80908203,-57.00996017
666.99981689,-59.47225189
667.19055176,-58.33991623
667.38128662,-62.72535324
667.57202148,-53.66594315
667.76275635,-52.83758545
667.95349121,-55.66379547
668.14422607,-53.24703217
668.33496094,-52.48472214
668.52569580,-59.69971085
668.71643066,-61.52344131
668.90716553,-65.51499176
669.09790039,-64.15150452
669.28863525,-66.03619385
669.47937012,-61.90494919
669.67010498,-61.65019226
669.86083984,-53.18942261
670.05157471,-51.43533325
670.24230957,-58.35915375
670.43304443,-56.75760651
670.62377930,-50.08914948
670.81451416,-51.35148621
671.00524902,-55.58182144
671.19598389,-53.21729660
671.38671875,-53.06124878
671.57745361,-53.73779678
671.76818848,-54.37590027
671.95892334,-56.34994125
672.14965820,-60.84270096
672.34039307,-69.18852997
672.53112793,-65.72378540
672.72186279,-68.27996063
672.91259766,-75.08209991
673.10333252,-65.64850616
673.29406738,-66.70570374
673.48480225,-57.59028625
673.67553711,-59.04593658
673.86627197,-77.40538025
674.05700684,-60.50303650
674.24774170,-64.12046814
674.43847656,-56.36837769
674.62921143,-54.90701675
674.81994629,-55.66734314
675.01068115,-53.29053497
675.20141602,-57.63248444
675.39215088,-60.29779816
675.58288574,-56.07759857
675.77362061,-54.75750732
675.96435547,-55.08342743
676.15509033,-55.89400482
676.34582520,-55.86055374
676.53656006,-52.66936874
676.72729492,-53.55852127
676.91802979,-51.81498718
677.10876465,-50.79665375
677.29949951,-54.70841980
677.49023438,-57.54823303
677.68096924,-55.89618301
677.87170410,-52.45490646
678.06243896,-51.56408310
678.25317383,-53.45023727
678.44390869,-52.70807266
678.63464355,-50.06966019
678.82537842,-50.31608963
679.01611328,-56.56262970
679.20684814,-65.59333038
679.39758301,-58.55064011
679.58831787,-59.80518723
679.77905273,-67.76808929
679.96978760,-54.68074799
680.16052246,-51.36762619
680.35125732,-54.51091003
680.54199219,-59.49836731
680.73272705,-60.06849670
680.92346191,-54.47786713
681.11419678,-52.66269684
681.30493164,-57.35478210
681.49566650,-68.36849976
681.68640137,-60.24261475
681.87713623,-57.73375702
682.06787109,-60.40449142
682.25860596,-66.07678986
682.44934082,-61.45011902
682.64007568,-56.23707581
682.83081055,-57.57211304
683.02154541,-71.32782745
683.21228027,-63.03813553
683.40301514,-76.31891632
683.59375000,-69.09494019
683.78448486,-77.05419922
683.97521973,-65.76335144
684.16595459,-56.83123779
684.35668945,-61.41990662
684.54742432,-56.28536606
684.73815918,-56.72559738
684.92889404,-54.27548218
685.11962891,-51.79473877
685.31036377,-58.46060181
685.50109863,-62.78527069
685.69183350,-61.56735229
685.88256836,-69.01847076
686.07330322,-67.82002258
686.26403809,-62.14019012
686.45477295,-59.52677155
686.64550781,-59.46146393
686.83624268,-53.49698639
687.02697754,-56.38626099
687.21771240,-64.19227600
687.40844727,-56.93926239
687.59918213,-58.55739975
687.78991699,-60.03290558
687.98065186,-64.11980438
688.17138672,-60.44116211
688.36212158,-61.51121521
688.55285645,-63.09129333
688.74359131,-75.44126892
688.93432617,-60.35941315
689.12506104,-58.35172653
689.31579590,-54.30289459
689.50653076,-48.35011292
689.69726562,-47.31472778
689.88800049,-49.39924622
690.07873535,-52.19396973
690.26947021,-55.88163757
690.46020508,-58.62192154
690.65093994,-62.94228363
690.84167480,-58.06728745
691.03240967,-50.29808807
691.22314453,-51.12387085
691.41387939,-54.50979233
691.60461426,-57.00489044
691.79534912,-65.06637573
691.98608398,-59.40317154
692.17681885,-52.45704269
692.36755371,-50.86478424
692.55828857,-50.36830902
692.74902344,-51.75952530
692.93975830,-55.79434967
693.13049316,-54.97167969
693.32122803,-57.18370819
693.51196289,-67.21320343
693.70269775,-66.25992584
693.89343262,-59.38916016
694.08416748,-58.64038467
694.27490234,-57.58094025
694.46563721,-55.61934662
694.65637207,-59.72532654
694.84710693,-66.35910797
695.03784180,-59.14552689
695.22857666,-57.21568298
695.41931152,-61.58009338
695.61004639,-67.11432648
695.80078125,-60.43428421
695.99151611,-59.14510727
696.18225098,-55.59799957
696.37298584,-56.06912994
696.56372070,-57.77772903
696.75445557,-59.33753204
696.94519043,-67.24907684
697.13592529,-58.87191772
697.32666016,-56.71965027
697.51739502,-52.62066650
697.70812988,-54.76977921
697.89886475,-57.13135529
698.08959961,-63.25210190
698.28033447,-60.62294388
698.47106934,-56.87755585
698.66180420,-64.42154694
698.85253906,-71.06709290
699.04327393,-66.99591827
699.23400879,-61.43599701
699.42474365,-60.68447876
699.61547852,-70.96741486
699.80621338,-65.70403290
699.99694824,-58.80130386
700.18768311,-56.05145264
700.37841797,-54.63928223
700.56915283,-59.32217026
700.75988770,-65.99990845
700.95062256,-61.04393387
701.14135742,-64.01951599
701.33209229,-61.13097382
701.52282715,-58.45568085
701.71356201,-58.98180008
701.90429688,-65.32611084
702.09503174,-60.80405807
702.28576660,-56.91299438
702.47650146,-54.35229874
702.66723633,-56.83529282
702.85797119,-67.52993774
703.04870605,-56.68945312
703.23944092,-55.15121078
703.43017578,-55.64685440
703.62091064,-58.79943466
703.81164551,-60.59978485
704.00238037,-63.80677032
704.19311523,-64.64220428
704.38385010,-57.60539627
704.57458496,-61.91616440
704.76531982,-68.94226837
704.95605469,-58.23316574
705.14678955,-52.98351669
705.33752441,-50.20567322
705.52825928,-49.74381256
705.71899414,-53.92431259
705.90972900,-55.42601776
706.10046387,-57.76124954
706.29119873,-53.95490265
706.48193359,-51.86245346
706.67266846,-52.54921722
706.86340332,-50.76278687
707.05413818,-49.55456161
707.24487305,-55.70158005
707.43560791,-60.59893036
707.62634277,-58.17509079
707.81707764,-59.34156799
708.00781250,-64.09932709
708.19854736,-61.32807159
708.38928223,-57.89380646
708.58001709,-62.29950714
708.77075195,-59.57203293
708.96148682,-56.10563278
709.15222168,-54.90129089
709.34295654,-55.30583191
709.53369141,-60.04321289
709.72442627,-60.27637100
709.91516113,-54.10293961
710.10589600,-53.96474838
710.29663086,-58.73498917
710.48736572,-57.64633179
710.67810059,-54.76051712
710.86883545,-54.84120178
711.05957031,-56.94572449
711.25030518,-53.25251007
711.44104004,-52.45757675
711.63177490,-55.09365845
711.82250977,-62.09285736
712.01324463,-70.18899536
712.20397949,-56.64474869
712.39471436,-56.02452087
712.58544922,-60.82847595
712.77618408,-73.77343750
712.96691895,-59.74082947
713.15765381,-56.10861206
713.34838867,-61.85276031
713.53912354,-62.69644928
713.72985840,-57.04571533
713.92059326,-56.60350037
714.11132812,-55.04602432
714.30206299,-55.20889664
714.49279785,-53.06459427
714.68353271,-52.28033066
714.87426758,-57.03817749
715.06500244,-62.44951630
715.25573730,-67.14145660
715.44647217,-61.66181564
715.63720703,-55.06858063
715.82794189,-54.58760834
716.01867676,-63.28777313
716.20941162,-68.60655212
716.40014648,-57.12018585
716.59088135,-53.56391144
716.78161621,-53.32926941
716.97235107,-53.94371414
717.16308594,-63.11854935
717.35382080,-56.38082123
717.54455566,-59.51507187
717.73529053,-59.52581406
717.92602539,-55.90789032
718.11676025,-53.67756653
718.30749512,-53.45341492
718.49822998,-57.93413544
718.68896484,-63.48902893
718.87969971,-67.93040466
719.07043457,-62.10616302
719.26116943,-56.10919952
719.45190430,-59.31755447
719.64263916,-62.26287842
719.83337402,-62.29204559
720.02410889,-60.05383301
720.21484375,-57.38277435
720.40557861,-57.66847610
720.59631348,-57.24861526
720.78704834,-63.01235580
720.97778320,-67.30684662
721.16851807,-63.87954712
721.35925293,-62.58518600
721.54998779,-59.37245178
721.74072266,-57.62824249
721.93145752,-55.28466034
722.12219238,-55.64796829
722.31292725,-56.89875793
722.50366211,-55.95214844
722.69439697,-57.93219757
722.88513184,-60.72126007
723.07586670,-55.84339142
723.26660156,-52.79617310
723.45733643,-53.20792770
723.64807129,-51.81782150
723.83880615,-50.13077545
724.02954102,-52.74206543
724.22027588,-56.51252365
724.41101074,-57.43995285
724.60174561,-56.15094757
724.79248047,-52.54337692
724.98321533,-52.97983170
725.17395020,-57.26132202
725.36468506,-58.30383301
725.55541992,-73.52852631
725.74615479,-53.43856049
725.93688965,-52.90627289
726.12762451,-60.41426086
726.31835938,-68.55156708
726.50909424,-66.29069519
726.69982910,-59.01630020
726.89056396,-56.65731430
727.08129883,-60.43902969
727.27203369,-57.77894592
727.46276855,-49.82355118
727.65350342,-49.01049805
727.84423828,-52.43117523
728.03497314,-55.99712753
728.22570801,-60.63458252
728.41644287,-67.77458954
728.60717773,-64.11891937
728.79791260,-70.95115662
728.98864746,-61.22296906
729.17938232,-55.73831940
729.37011719,-55.41095352
729.56085205,-62.51714706
729.75158691,-61.32835770
729.94232178,-54.13313293
730.13305664,-51.55860519
730.32379150,-50.80753326
730.51452637,-50.31173706
730.70526123,-52.07835388
730.89599609,-55.66493225
731.08673096,-55.64922714
731.27746582,-56.99115372
731.46820068,-56.27664566
731.65893555,-56.20762253
731.84967041,-63.62050629
732.04040527,-58.05987930
732.23114014,-52.48206329
732.42187500,-55.20557785
732.61260986,-59.20961761
732.80334473,-52.71952057
732.99407959,-54.03014755
733.18481445,-60.81137848
733.37554932,-72.17602539
733.56628418,-60.16733170
733.75701904,-52.90881348
733.94775391,-53.21397400
734.13848877,-71.43354797
734.32922363,-55.38109207
734.51995850,-57.08755493
734.71069336,-57.29500580
734.90142822,-54.06296539
735.09216309,-58.98308563
735.28289795,-68.43856049
735.47363281,-83.00415039
735.66436768,-66.78373718
735.85510254,-63.85410309
736.04583740,-64.32333374
736.23657227,-61.27465057
736.42730713,-69.81525421
736.61804199,-62.22068787
736.80877686,-57.45393753
736.99951172,-55.20453644
737.19024658,-55.90608597
737.38098145,-57.92824554
737.57171631,-62.76696014
737.76245117,-61.81575012
737.95318604,-56.23136139
738.14392090,-56.65733337
738.33465576,-71.39907837
738.52539062,-78.93248749
738.71612549,-58.54449463
738.90686035,-54.00729370
739.09759521,-54.62927246
739.28833008,-53.76221466
739.47906494,-54.32358170
739.66979980,-56.38162231
739.86053467,-56.29254913
740.05126953,-59.26295471
740.24200439,-63.47515488
740.43273926,-61.11504364
740.62347412,-60.45978165
740.81420898,-64.81558990
741.00494385,-69.04517365
741.19567871,-60.12611008
741.38641357,-57.75466156
741.57714844,-53.85343552
741.76788330,-53.60162354
741.95861816,-58.29319000
742.14935303,-60.22550201
742.34008789,-57.22982407
742.53082275,-55.71258926
742.72155762,-57.07362366
742.91229248,-55.16806793
743.10302734,-53.60808563
743.29376221,-68.55211639
743.48449707,-58.27267075
743.67523193,-62.61680222
743.86596680,-65.68144226
744.05670166,-66.91414642
744.24743652,-64.80149078
744.43817139,-55.74203110
744.62890625,-52.55906677
744.81964111,-52.97924042
745.01037598,-57.62387085
745.20111084,-55.09805298
745.39184570,-53.65274048
745.58258057,-60.32685852
745.77331543,-55.72618103
745.96405029,-58.02532196
746.15478516,-63.31851578
746.34552002,-61.51523209
746.53625488,-66.61544037
746.72698975,-55.01222229
746.91772461,-53.67577362
747.10845947,-56.73334503
747.29919434,-69.92309570
747.48992920,-59.79848480
747.68066406,-55.36895370
747.87139893,-57.65282440
748.06213379,-61.55579376
748.25286865,-58.78702545
748.44360352,-67.36689758
748.63433838,-61.04205322
748.82507324,-58.95569229
749.01580811,-58.45165253
749.20654297,-55.66234207
749.39727783,-55.43262100
749.58801270,-58.03731537
749.77874756,-61.41676331
749.96948242,-61.04285431
750.16021729,-65.54216003
750.35095215,-68.66404724
750.54168701,-64.59717560
750.73242188,-69.87409973
750.92315674,-57.28049850
751.11389160,-55.72347641
751.30462646,-53.65135956
751.49536133,-51.40581131
751.68609619,-51.92519760
751.87683105,-53.36833572
752.06756592,-55.40499115
752.25830078,-58.51574707
752.44903564,-58.42990112
752.63977051,-59.03254700
752.83050537,-62.62017059
753.02124023,-60.95830536
753.21197510,-55.56262589
753.40270996,-53.71715546
753.59344482,-53.26828003
753.78417969,-52.04695129
753.97491455,-52.79887772
754.16564941,-56.76676178
754.35638428,-61.15945435
754.54711914,-58.47045517
754.73785400,-52.29566193
754.92858887,-51.33414459
755.11932373,-59.85076523
755.31005859,-58.56682587
755.50079346,-60.40843201
755.69152832,-63.29615021
755.88226318,-56.66875839
756.07299805,-54.71577454
756.26373291,-57.83957672
756.45446777,-56.45584106
756.64520264,-51.28956223
756.83593750,-52.68120575
757.02667236,-55.86791611
757.21740723,-55.94844818
757.40814209,-57.90772247
757.59887695,-55.79647446
757.78961182,-52.12473297
757.98034668,-55.56746674
758.17108154,-66.52601624
758.36181641,-58.62187195
758.55255127,-58.64902878
758.74328613,-59.36046219
758.93402100,-60.50531387
759.12475586,-60.68411255
759.31549072,-55.07830811
759.50622559,-53.22701263
759.69696045,-56.83028793
759.88769531,-58.10150528
760.07843018,-57.92373276
760.26916504,-64.49090576
760.45989990,-56.48300934
760.65063477,-54.67973328
760.84136963,-55.19604111
761.03210449,-67.91640472
761.22283936,-59.66300201
761.41357422,-63.52397919
761.60430908,-61.06144333
761.79504395,-60.16267776
761.98577881,-51.52787018
762.17651367,-52.44703674
762.36724854,-54.64854813
762.55798340,-59.26951981
762.74871826,-60.94124603
762.93945312,-54.17458344
763.13018799,-56.91270447
763.32092285,-60.04195786
763.51165771,-52.26409531
763.70239258,-52.06073761
763.89312744,-56.68830109
764.08386230,-63.57628250
764.27459717,-62.42620850
764.46533203,-59.73015213
764.65606689,-61.79848099
764.84680176,-59.82761765
765.03753662,-58.53348541
765.22827148,-66.57971191
765.41900635,-58.01177597
765.60974121,-52.50308609
765.80047607,-50.49990845
765.99121094,-52.73237228
766.18194580,-54.54272461
766.37268066,-56.34296417
766.56341553,-57.08905029
766.75415039,-51.43261337
766.94488525,-54.52335358
767.13562012,-57.41075897
767.32635498,-53.40900803
767.51708984,-53.46722412
767.70782471,-61.53108978
767.89855957,-60.73184586
768.08929443,-54.31558228
768.28002930,-52.67368317
768.47076416,-53.60393906
768.66149902,-60.85970306
768.85223389,-58.46355438
769.04296875,-54.81670761
769.23370361,-62.88719940
769.42443848,-65.64680481
769.61517334,-56.29455566
769.80590820,-54.10443878
769.99664307,-58.96797562
770.18737793,-57.94495392
770.37811279,-51.61514664
770.56884766,-52.17830276
770.75958252,-57.74177933
770.95031738,-70.42220306
771.14105225,-61.93361282
771.33178711,-56.24492645
771.52252197,-53.89658356
771.71325684,-51.99176788
771.90399170,-53.04766083
772.09472656,-58.66127777
772.28546143,-61.79805756
772.47619629,-69.51293182
772.66693115,-60.86994553
772.85766602,-52.27803040
773.04840088,-51.16089630
773.23913574,-57.89941788
773.42987061,-70.30867004
773.62060547,-66.67018890
773.81134033,-55.03959656
774.00207520,-50.89209747
774.19281006,-50.92549896
774.38354492,-55.15296555
774.57427979,-58.00601578
774.76501465,-56.44189835
774.95574951,-53.52684402
775.14648438,-53.38508606
775.33721924,-56.59652710
775.52795410,-61.82644653
775.71868896,-74.72320557
775.90942383,-62.44899368
776.10015869,-53.85408783
776.29089355,-52.08238602
776.48162842,-58.68608856
776.67236328,-61.40237808
776.86309814,-55.80234528
777.05383301,-56.16941071
777.24456787,-54.47318268
777.43530273,-55.12493896
777.62603760,-55.17239380
777.81677246,-56.48672104
778.00750732,-54.48317719
778.19824219,-56.41149902
778.38897705,-77.29356384
778.57971191,-58.09694672
778.77044678,-56.18961334
778.96118164,-51.41722107
779.15191650,-50.70232773
779.34265137,-54.05681229
779.53338623,-57.34032059
779.72412109,-58.71322250
779.91485596,-63.19272995
780.10559082,-58.29972076
780.29632568,-53.08046722
780.48706055,-53.45271683
780.67779541,-55.90617371
780.86853027,-58.56885910
781.05926514,-57.50653076
