(us);(V)

-25.02954521;5.12955093
-25.01954521;5.04104757
-25.00954521;5.04104757
-24.99954521;5.21805477
-24.98954521;5.12955093
-24.97954521;5.12955093
-24.96954521;5.12955093
-24.95954521;5.04104757
-24.94954521;5.04104757
-24.93954521;5.21805477
-24.92954521;5.21805477
-24.91954521;5.12955093
-24.90954521;5.12955093
-24.89954521;5.12955093
-24.88954521;5.04104757
-24.87954521;5.12955093
-24.86954521;5.21805477
-24.85954521;5.12955093
-24.84954521;5.12955093
-24.83954521;5.12955093
-24.82954521;5.04104757
-24.81954521;5.12955093
-24.80954521;5.21805477
-24.79954521;5.12955093
-24.78954521;5.12955093
-24.77954521;5.12955093
-24.76954521;5.12955093
-24.75954521;5.04104757
-24.74954522;5.21805477
-24.73954522;5.12955093
-24.72954522;5.12955093
-24.71954522;5.12955093
-24.70954522;5.12955093
-24.69954522;5.04104757
-24.68954522;5.12955093
-24.67954522;5.12955093
-24.66954522;5.12955093
-24.65954522;5.21805477
-24.64954522;5.12955093
-24.63954522;5.04104757
-24.62954522;5.12955093
-24.61954522;5.21805477
-24.60954522;5.12955093
-24.59954522;5.21805477
-24.58954522;5.12955093
-24.57954522;5.04104757
-24.56954522;5.12955093
-24.55954522;5.21805477
-24.54954522;5.21805477
-24.53954522;5.21805477
-24.52954522;5.12955093
-24.51954522;5.04104757
-24.50954522;5.12955093
-24.49954522;5.21805477
-24.48954522;5.12955093
-24.47954522;5.12955093
-24.46954522;5.12955093
-24.45954522;5.12955093
-24.44954522;5.04104757
-24.43954522;5.21805477
-24.42954522;5.12955093
-24.41954522;5.12955093
-24.40954522;5.21805477
-24.39954522;5.12955093
-24.38954522;5.04104757
-24.37954522;5.12955093
-24.36954522;5.12955093
-24.35954522;5.12955093
-24.34954522;5.12955093
-24.33954522;5.12955093
-24.32954522;5.04104757
-24.31954522;5.12955093
-24.30954522;5.12955093
-24.29954522;5.12955093
-24.28954522;5.12955093
-24.27954522;5.12955093
-24.26954522;5.04104757
-24.25954522;5.04104757
-24.24954522;5.21805477
-24.23954522;5.12955093
-24.22954522;5.12955093
-24.21954522;5.12955093
-24.20954522;5.04104757
-24.19954522;5.04104757
-24.18954522;5.21805477
-24.17954522;5.12955093
-24.16954522;5.12955093
-24.15954522;5.12955093
-24.14954522;5.12955093
-24.13954522;5.04104757
-24.12954522;5.12955093
-24.11954522;5.12955093
-24.10954522;5.21805477
-24.09954522;5.21805477
-24.08954522;5.04104757
-24.07954522;5.04104757
-24.06954522;5.12955093
-24.05954522;5.21805477
-24.04954522;5.12955093
-24.03954522;5.12955093
-24.02954522;5.12955093
-24.01954522;5.12955093
-24.00954522;5.04104757
-23.99954522;5.21805477
-23.98954522;5.12955093
-23.97954522;5.12955093
-23.96954522;5.12955093
-23.95954522;5.12955093
-23.94954522;5.04104757
-23.93954522;5.21805477
-23.92954522;5.12955093
-23.91954522;5.04104757
-23.90954522;5.21805477
-23.89954522;5.12955093
-23.88954522;5.04104757
-23.87954522;5.12955093
-23.86954522;5.21805477
-23.85954522;5.12955093
-23.84954522;5.12955093
-23.83954522;5.12955093
-23.82954522;5.04104757
-23.81954522;5.12955093
-23.80954522;5.21805477
-23.79954522;5.12955093
-23.78954522;5.12955093
-23.77954522;5.12955093
-23.76954522;5.12955093
-23.75954522;5.12955093
-23.74954522;5.21805477
-23.73954522;5.12955093
-23.72954522;5.12955093
-23.71954522;5.12955093
-23.70954522;5.12955093
-23.69954522;5.04104757
-23.68954522;5.21805477
-23.67954522;5.12955093
-23.66954522;5.12955093
-23.65954522;5.12955093
-23.64954522;5.12955093
-23.63954522;5.12955093
-23.62954522;5.21805477
-23.61954522;5.21805477
-23.60954522;5.12955093
-23.59954522;5.12955093
-23.58954522;5.12955093
-23.57954522;5.12955093
-23.56954522;5.12955093
-23.55954522;5.21805477
-23.54954522;5.12955093
-23.53954522;5.12955093
-23.52954522;5.12955093
-23.51954522;5.12955093
-23.50954522;5.04104757
-23.49954522;5.21805477
-23.48954522;5.12955093
-23.47954522;5.12955093
-23.46954522;5.12955093
-23.45954522;5.04104757
-23.44954522;5.04104757
-23.43954522;5.21805477
-23.42954522;5.12955093
-23.41954522;5.12955093
-23.40954522;5.12955093
-23.39954522;5.12955093
-23.38954522;5.04104757
-23.37954522;5.12955093
-23.36954522;5.21805477
-23.35954522;5.12955093
-23.34954522;5.21805477
-23.33954522;5.12955093
-23.32954522;5.04104757
-23.31954522;5.12955093
-23.30954522;5.21805477
-23.29954522;5.12955093
-23.28954522;5.12955093
-23.27954522;5.12955093
-23.26954522;5.04104757
-23.25954522;5.04104757
-23.24954522;5.21805477
-23.23954522;5.21805477
-23.22954522;5.12955093
-23.21954522;5.12955093
-23.20954522;5.12955093
-23.19954522;5.04104757
-23.18954522;5.21805477
-23.17954522;5.21805477
-23.16954522;5.12955093
-23.15954522;5.12955093
-23.14954522;5.12955093
-23.13954522;5.04104757
-23.12954522;5.12955093
-23.11954522;5.21805477
-23.10954522;5.12955093
-23.09954523;5.12955093
-23.08954523;5.12955093
-23.07954523;5.12955093
-23.06954523;5.21805477
-23.05954523;5.21805477
-23.04954523;5.12955093
-23.03954523;5.12955093
-23.02954523;5.12955093
-23.01954523;5.12955093
-23.00954523;5.12955093
-22.99954523;5.21805477
-22.98954523;5.12955093
-22.97954523;5.12955093
-22.96954523;5.21805477
-22.95954523;5.12955093
-22.94954523;5.12955093
-22.93954523;5.21805477
-22.92954523;5.12955093
-22.91954523;5.12955093
-22.90954523;5.21805477
-22.89954523;5.12955093
-22.88954523;5.04104757
-22.87954523;5.12955093
-22.86954523;5.21805477
-22.85954523;5.12955093
-22.84954523;5.21805477
-22.83954523;5.12955093
-22.82954523;5.04104757
-22.81954523;5.12955093
-22.80954523;5.21805477
-22.79954523;5.12955093
-22.78954523;5.12955093
-22.77954523;5.12955093
-22.76954523;5.12955093
-22.75954523;5.04104757
-22.74954523;5.21805477
-22.73954523;5.21805477
-22.72954523;5.12955093
-22.71954523;5.21805477
-22.70954523;5.04104757
-22.69954523;5.04104757
-22.68954523;5.21805477
-22.67954523;5.12955093
-22.66954523;5.12955093
-22.65954523;5.12955093
-22.64954523;5.12955093
-22.63954523;5.04104757
-22.62954523;5.12955093
-22.61954523;5.21805477
-22.60954523;5.12955093
-22.59954523;5.21805477
-22.58954523;5.12955093
-22.57954523;5.04104757
-22.56954523;5.12955093
-22.55954523;5.21805477
-22.54954523;5.21805477
-22.53954523;5.12955093
-22.52954523;5.12955093
-22.51954523;5.12955093
-22.50954523;5.04104757
-22.49954523;5.21805477
-22.48954523;5.12955093
-22.47954523;5.12955093
-22.46954523;5.21805477
-22.45954523;5.04104757
-22.44954523;5.12955093
-22.43954523;5.21805477
-22.42954523;5.21805477
-22.41954523;5.12955093
-22.40954523;5.12955093
-22.39954523;5.12955093
-22.38954523;5.04104757
-22.37954523;5.12955093
-22.36954523;5.21805477
-22.35954523;5.12955093
-22.34954523;5.21805477
-22.33954523;5.12955093
-22.32954523;5.04104757
-22.31954523;5.12955093
-22.30954523;5.21805477
-22.29954523;5.12955093
-22.28954523;5.12955093
-22.27954523;5.12955093
-22.26954523;5.12955093
-22.25954523;5.04104757
-22.24954523;5.21805477
-22.23954523;5.21805477
-22.22954523;5.12955093
-22.21954523;5.12955093
-22.20954523;5.12955093
-22.19954523;5.04104757
-22.18954523;5.12955093
-22.17954523;5.21805477
-22.16954523;5.12955093
-22.15954523;5.12955093
-22.14954523;5.12955093
-22.13954523;5.04104757
-22.12954523;5.21805477
-22.11954523;5.21805477
-22.10954523;5.12955093
-22.09954523;5.12955093
-22.08954523;5.12955093
-22.07954523;5.12955093
-22.06954523;5.12955093
-22.05954523;5.21805477
-22.04954523;5.12955093
-22.03954523;5.12955093
-22.02954523;5.12955093
-22.01954523;5.12955093
-22.00954523;5.04104757
-21.99954523;5.21805477
-21.98954523;5.21805477
-21.97954523;5.12955093
-21.96954523;5.12955093
-21.95954523;5.12955093
-21.94954523;5.04104757
-21.93954523;5.21805477
-21.92954523;5.21805477
-21.91954523;5.12955093
-21.90954523;5.21805477
-21.89954523;5.04104757
-21.88954523;5.04104757
-21.87954523;5.12955093
-21.86954523;5.21805477
-21.85954523;5.12955093
-21.84954523;5.12955093
-21.83954523;5.12955093
-21.82954523;5.04104757
-21.81954523;5.12955093
-21.80954523;5.21805477
-21.79954523;5.21805477
-21.78954523;5.12955093
-21.77954523;5.12955093
-21.76954523;5.12955093
-21.75954523;5.04104757
-21.74954523;5.12955093
-21.73954523;5.12955093
-21.72954523;5.12955093
-21.71954523;5.12955093
-21.70954523;5.12955093
-21.69954523;5.04104757
-21.68954523;5.21805477
-21.67954523;5.21805477
-21.66954523;5.12955093
-21.65954523;5.21805477
-21.64954523;5.04104757
-21.63954523;5.04104757
-21.62954523;5.21805477
-21.61954523;5.21805477
-21.60954523;5.12955093
-21.59954523;5.12955093
-21.58954523;5.04104757
-21.57954523;5.12955093
-21.56954523;5.12955093
-21.55954523;5.21805477
-21.54954523;5.12955093
-21.53954523;5.12955093
-21.52954523;5.12955093
-21.51954523;5.12955093
-21.50954523;5.12955093
-21.49954523;5.21805477
-21.48954523;5.12955093
-21.47954523;5.12955093
-21.46954523;5.12955093
-21.45954524;5.12955093
-21.44954524;5.04104757
-21.43954524;5.12955093
-21.42954524;5.21805477
-21.41954524;5.12955093
-21.40954524;5.21805477
-21.39954524;5.12955093
-21.38954524;5.04104757
-21.37954524;5.12955093
-21.36954524;5.21805477
-21.35954524;5.12955093
-21.34954524;5.12955093
-21.33954524;5.12955093
-21.32954524;5.04104757
-21.31954524;5.12955093
-21.30954524;5.21805477
-21.29954524;5.12955093
-21.28954524;5.12955093
-21.27954524;5.12955093
-21.26954524;5.12955093
-21.25954524;5.04104757
-21.24954524;5.21805477
-21.23954524;5.21805477
-21.22954524;5.12955093
-21.21954524;5.12955093
-21.20954524;5.12955093
-21.19954524;5.04104757
-21.18954524;5.21805477
-21.17954524;5.21805477
-21.16954524;5.12955093
-21.15954524;5.21805477
-21.14954524;5.12955093
-21.13954524;5.04104757
-21.12954524;5.12955093
-21.11954524;5.12955093
-21.10954524;5.12955093
-21.09954524;5.12955093
-21.08954524;5.12955093
-21.07954524;5.12955093
-21.06954524;5.04104757
-21.05954524;5.21805477
-21.04954524;5.12955093
-21.03954524;5.21805477
-21.02954524;5.12955093
-21.01954524;5.04104757
-21.00954524;5.04104757
-20.99954524;5.21805477
-20.98954524;5.21805477
-20.97954524;5.12955093
-20.96954524;5.21805477
-20.95954524;5.12955093
-20.94954524;5.04104757
-20.93954524;5.21805477
-20.92954524;5.12955093
-20.91954524;5.12955093
-20.90954524;5.12955093
-20.89954524;5.12955093
-20.88954524;5.04104757
-20.87954524;5.12955093
-20.86954524;5.21805477
-20.85954524;5.12955093
-20.84954524;5.21805477
-20.83954524;5.12955093
-20.82954524;5.04104757
-20.81954524;5.12955093
-20.80954524;5.21805477
-20.79954524;5.12955093
-20.78954524;5.12955093
-20.77954524;5.12955093
-20.76954524;5.12955093
-20.75954524;5.04104757
-20.74954524;5.21805477
-20.73954524;5.12955093
-20.72954524;5.12955093
-20.71954524;5.12955093
-20.70954524;5.12955093
-20.69954524;5.04104757
-20.68954524;5.21805477
-20.67954524;5.21805477
-20.66954524;5.12955093
-20.65954524;5.21805477
-20.64954524;5.12955093
-20.63954524;5.04104757
-20.62954524;5.21805477
-20.61954524;5.21805477
-20.60954524;5.12955093
-20.59954524;5.12955093
-20.58954524;5.12955093
-20.57954524;5.12955093
-20.56954524;5.12955093
-20.55954524;5.21805477
-20.54954524;5.12955093
-20.53954524;5.12955093
-20.52954524;5.12955093
-20.51954524;5.04104757
-20.50954524;5.04104757
-20.49954524;5.21805477
-20.48954524;5.12955093
-20.47954524;5.12955093
-20.46954524;5.12955093
-20.45954524;5.12955093
-20.44954524;5.04104757
-20.43954524;5.12955093
-20.42954524;5.21805477
-20.41954524;5.12955093
-20.40954524;5.12955093
-20.39954524;5.04104757
-20.38954524;5.04104757
-20.37954524;5.21805477
-20.36954524;5.21805477
-20.35954524;5.12955093
-20.34954524;5.12955093
-20.33954524;5.12955093
-20.32954524;5.12955093
-20.31954524;5.12955093
-20.30954524;5.21805477
-20.29954524;5.21805477
-20.28954524;5.12955093
-20.27954524;5.12955093
-20.26954524;5.04104757
-20.25954524;5.12955093
-20.24954524;5.21805477
-20.23954524;5.12955093
-20.22954524;5.12955093
-20.21954524;5.12955093
-20.20954524;5.12955093
-20.19954524;5.04104757
-20.18954524;5.21805477
-20.17954524;5.12955093
-20.16954524;5.12955093
-20.15954524;5.12955093
-20.14954524;5.04104757
-20.13954524;5.04104757
-20.12954524;5.12955093
-20.11954524;5.21805477
-20.10954524;5.12955093
-20.09954524;5.12955093
-20.08954524;5.12955093
-20.07954524;5.12955093
-20.06954524;5.12955093
-20.05954524;5.21805477
-20.04954524;5.12955093
-20.03954524;5.12955093
-20.02954524;5.12955093
-20.01954524;5.12955093
-20.00954524;5.12955093
-19.99954524;5.21805477
-19.98954524;5.12955093
-19.97954524;5.12955093
-19.96954524;5.21805477
-19.95954524;5.12955093
-19.94954524;5.04104757
-19.93954524;5.12955093
-19.92954524;5.21805477
-19.91954524;5.12955093
-19.90954524;5.12955093
-19.89954524;5.12955093
-19.88954524;5.04104757
-19.87954524;5.12955093
-19.86954524;5.21805477
-19.85954524;5.12955093
-19.84954524;5.12955093
-19.83954524;5.04104757
-19.82954524;5.04104757
-19.81954524;5.12955093
-19.80954525;5.21805477
-19.79954525;5.12955093
-19.78954525;5.12955093
-19.77954525;5.12955093
-19.76954525;5.04104757
-19.75954525;5.04104757
-19.74954525;5.21805477
-19.73954525;5.12955093
-19.72954525;5.12955093
-19.71954525;5.12955093
-19.70954525;5.12955093
-19.69954525;5.04104757
-19.68954525;5.21805477
-19.67954525;5.12955093
-19.66954525;5.12955093
-19.65954525;5.21805477
-19.64954525;5.12955093
-19.63954525;5.04104757
-19.62954525;5.12955093
-19.61954525;5.21805477
-19.60954525;5.12955093
-19.59954525;5.12955093
-19.58954525;5.12955093
-19.57954525;5.12955093
-19.56954525;5.12955093
-19.55954525;5.21805477
-19.54954525;5.12955093
-19.53954525;5.12955093
-19.52954525;5.12955093
-19.51954525;5.12955093
-19.50954525;5.12955093
-19.49954525;5.21805477
-19.48954525;5.12955093
-19.47954525;5.12955093
-19.46954525;5.12955093
-19.45954525;5.12955093
-19.44954525;5.04104757
-19.43954525;5.12955093
-19.42954525;5.12955093
-19.41954525;5.12955093
-19.40954525;5.12955093
-19.39954525;5.12955093
-19.38954525;5.04104757
-19.37954525;5.21805477
-19.36954525;5.21805477
-19.35954525;5.12955093
-19.34954525;5.21805477
-19.33954525;5.12955093
-19.32954525;5.12955093
-19.31954525;5.04104757
-19.30954525;5.21805477
-19.29954525;5.12955093
-19.28954525;5.12955093
-19.27954525;5.12955093
-19.26954525;5.04104757
-19.25954525;5.12955093
-19.24954525;5.21805477
-19.23954525;5.12955093
-19.22954525;5.12955093
-19.21954525;5.12955093
-19.20954525;5.12955093
-19.19954525;5.04104757
-19.18954525;5.21805477
-19.17954525;5.12955093
-19.16954525;5.12955093
-19.15954525;5.21805477
-19.14954525;5.12955093
-19.13954525;5.04104757
-19.12954525;5.21805477
-19.11954525;5.21805477
-19.10954525;5.12955093
-19.09954525;5.12955093
-19.08954525;5.12955093
-19.07954525;5.12955093
-19.06954525;5.04104757
-19.05954525;5.21805477
-19.04954525;5.12955093
-19.03954525;5.21805477
-19.02954525;5.12955093
-19.01954525;5.04104757
-19.00954525;5.04104757
-18.99954525;5.21805477
-18.98954525;5.12955093
-18.97954525;5.12955093
-18.96954525;5.12955093
-18.95954525;5.04104757
-18.94954525;5.12955093
-18.93954525;5.21805477
-18.92954525;5.21805477
-18.91954525;5.12955093
-18.90954525;5.12955093
-18.89954525;5.12955093
-18.88954525;5.04104757
-18.87954525;5.12955093
-18.86954525;5.21805477
-18.85954525;5.12955093
-18.84954525;5.12955093
-18.83954525;5.12955093
-18.82954525;5.12955093
-18.81954525;5.04104757
-18.80954525;5.21805477
-18.79954525;5.12955093
-18.78954525;5.12955093
-18.77954525;5.12955093
-18.76954525;5.12955093
-18.75954525;5.12955093
-18.74954525;5.21805477
-18.73954525;5.21805477
-18.72954525;5.12955093
-18.71954525;5.12955093
-18.70954525;5.12955093
-18.69954525;5.04104757
-18.68954525;5.21805477
-18.67954525;5.21805477
-18.66954525;5.12955093
-18.65954525;5.21805477
-18.64954525;5.12955093
-18.63954525;5.04104757
-18.62954525;5.12955093
-18.61954525;5.21805477
-18.60954525;5.12955093
-18.59954525;5.12955093
-18.58954525;5.12955093
-18.57954525;5.12955093
-18.56954525;5.12955093
-18.55954525;5.21805477
-18.54954525;5.12955093
-18.53954525;5.12955093
-18.52954525;5.12955093
-18.51954525;5.12955093
-18.50954525;5.12955093
-18.49954525;5.21805477
-18.48954525;5.12955093
-18.47954525;5.12955093
-18.46954525;5.12955093
-18.45954525;5.12955093
-18.44954525;5.04104757
-18.43954525;5.12955093
-18.42954525;5.21805477
-18.41954525;5.12955093
-18.40954525;5.21805477
-18.39954525;5.12955093
-18.38954525;5.04104757
-18.37954525;5.12955093
-18.36954525;5.21805477
-18.35954525;5.12955093
-18.34954525;5.12955093
-18.33954525;5.12955093
-18.32954525;5.04104757
-18.31954525;5.12955093
-18.30954525;5.21805477
-18.29954525;5.12955093
-18.28954525;5.12955093
-18.27954525;5.12955093
-18.26954525;5.04104757
-18.25954525;5.12955093
-18.24954525;5.21805477
-18.23954525;5.12955093
-18.22954525;5.12955093
-18.21954525;5.12955093
-18.20954525;5.12955093
-18.19954525;5.12955093
-18.18954525;5.12955093
-18.17954525;5.12955093
-18.16954526;5.12955093
-18.15954526;5.21805477
-18.14954526;5.12955093
-18.13954526;5.04104757
-18.12954526;5.12955093
-18.11954526;5.21805477
-18.10954526;5.21805477
-18.09954526;5.21805477
-18.08954526;5.04104757
-18.07954526;5.04104757
-18.06954526;5.12955093
-18.05954526;5.21805477
-18.04954526;5.12955093
-18.03954526;5.12955093
-18.02954526;5.12955093
-18.01954526;5.12955093
-18.00954526;5.12955093
-17.99954526;5.21805477
-17.98954526;5.12955093
-17.97954526;5.12955093
-17.96954526;5.12955093
-17.95954526;5.12955093
-17.94954526;5.04104757
-17.93954526;5.21805477
-17.92954526;5.21805477
-17.91954526;5.12955093
-17.90954526;5.21805477
-17.89954526;5.12955093
-17.88954526;5.04104757
-17.87954526;5.12955093
-17.86954526;5.21805477
-17.85954526;5.12955093
-17.84954526;5.21805477
-17.83954526;5.04104757
-17.82954526;5.04104757
-17.81954526;5.12955093
-17.80954526;5.21805477
-17.79954526;5.12955093
-17.78954526;5.12955093
-17.77954526;5.12955093
-17.76954526;5.04104757
-17.75954526;5.04104757
-17.74954526;5.21805477
-17.73954526;5.12955093
-17.72954526;5.12955093
-17.71954526;5.12955093
-17.70954526;5.12955093
-17.69954526;5.04104757
-17.68954526;5.21805477
-17.67954526;5.21805477
-17.66954526;5.12955093
-17.65954526;5.21805477
-17.64954526;5.12955093
-17.63954526;5.04104757
-17.62954526;5.12955093
-17.61954526;5.21805477
-17.60954526;5.12955093
-17.59954526;5.12955093
-17.58954526;5.12955093
-17.57954526;5.04104757
-17.56954526;5.12955093
-17.55954526;5.21805477
-17.54954526;5.12955093
-17.53954526;5.12955093
-17.52954526;5.12955093
-17.51954526;5.12955093
-17.50954526;5.04104757
-17.49954526;5.21805477
-17.48954526;5.12955093
-17.47954526;5.12955093
-17.46954526;5.12955093
-17.45954526;5.04104757
-17.44954526;5.04104757
-17.43954526;5.21805477
-17.42954526;5.21805477
-17.41954526;5.12955093
-17.40954526;5.12955093
-17.39954526;5.04104757
-17.38954526;5.04104757
-17.37954526;5.12955093
-17.36954526;5.21805477
-17.35954526;5.12955093
-17.34954526;5.12955093
-17.33954526;5.12955093
-17.32954526;5.12955093
-17.31954526;5.12955093
-17.30954526;5.21805477
-17.29954526;5.12955093
-17.28954526;5.12955093
-17.27954526;5.12955093
-17.26954526;5.12955093
-17.25954526;5.04104757
-17.24954526;5.21805477
-17.23954526;5.12955093
-17.22954526;5.04104757
-17.21954526;5.12955093
-17.20954526;5.12955093
-17.19954526;5.04104757
-17.18954526;5.12955093
-17.17954526;5.12955093
-17.16954526;5.12955093
-17.15954526;5.12955093
-17.14954526;5.12955093
-17.13954526;5.04104757
-17.12954526;5.12955093
-17.11954526;5.21805477
-17.10954526;5.12955093
-17.09954526;5.12955093
-17.08954526;5.12955093
-17.07954526;5.04104757
-17.06954526;5.12955093
-17.05954526;5.21805477
-17.04954526;5.12955093
-17.03954526;5.04104757
-17.02954526;5.12955093
-17.01954526;5.12955093
-17.00954526;5.04104757
-16.99954526;5.21805477
-16.98954526;5.12955093
-16.97954526;5.12955093
-16.96954526;5.12955093
-16.95954526;5.04104757
-16.94954526;5.04104757
-16.93954526;5.21805477
-16.92954526;5.12955093
-16.91954526;5.12955093
-16.90954526;5.12955093
-16.89954526;5.12955093
-16.88954526;5.04104757
-16.87954526;5.12955093
-16.86954526;5.21805477
-16.85954526;5.12955093
-16.84954526;5.12955093
-16.83954526;5.12955093
-16.82954526;5.12955093
-16.81954526;5.12955093
-16.80954526;5.21805477
-16.79954526;5.12955093
-16.78954526;5.12955093
-16.77954526;5.12955093
-16.76954526;5.12955093
-16.75954526;5.04104757
-16.74954526;5.21805477
-16.73954526;5.12955093
-16.72954526;5.12955093
-16.71954526;5.12955093
-16.70954526;5.04104757
-16.69954526;5.04104757
-16.68954526;5.21805477
-16.67954526;5.21805477
-16.66954526;5.12955093
-16.65954526;5.12955093
-16.64954526;5.04104757
-16.63954526;5.04104757
-16.62954526;5.12955093
-16.61954526;5.21805477
-16.60954526;5.12955093
-16.59954526;5.12955093
-16.58954526;5.12955093
-16.57954526;5.04104757
-16.56954526;5.12955093
-16.55954526;5.21805477
-16.54954526;5.12955093
-16.53954526;5.12955093
-16.52954526;5.12955093
-16.51954527;5.12955093
-16.50954527;5.04104757
-16.49954527;5.21805477
-16.48954527;5.12955093
-16.47954527;5.04104757
-16.46954527;5.12955093
-16.45954527;5.12955093
-16.44954527;5.04104757
-16.43954527;5.21805477
-16.42954527;5.21805477
-16.41954527;5.12955093
-16.40954527;5.21805477
-16.39954527;5.12955093
-16.38954527;5.04104757
-16.37954527;5.12955093
-16.36954527;5.21805477
-16.35954527;5.12955093
-16.34954527;5.12955093
-16.33954527;5.12955093
-16.32954527;5.04104757
-16.31954527;5.12955093
-16.30954527;5.21805477
-16.29954527;5.12955093
-16.28954527;5.12955093
-16.27954527;5.12955093
-16.26954527;5.04104757
-16.25954527;5.04104757
-16.24954527;5.21805477
-16.23954527;5.21805477
-16.22954527;5.12955093
-16.21954527;5.21805477
-16.20954527;5.04104757
-16.19954527;5.04104757
-16.18954527;5.21805477
-16.17954527;5.12955093
-16.16954527;5.12955093
-16.15954527;5.12955093
-16.14954527;5.12955093
-16.13954527;5.04104757
-16.12954527;5.12955093
-16.11954527;5.12955093
-16.10954527;5.12955093
-16.09954527;5.21805477
-16.08954527;5.12955093
-16.07954527;5.04104757
-16.06954527;5.12955093
-16.05954527;5.21805477
-16.04954527;5.12955093
-16.03954527;5.12955093
-16.02954527;5.12955093
-16.01954527;5.04104757
-16.00954527;5.04104757
-15.99954527;5.21805477
-15.98954527;5.21805477
-15.97954527;5.12955093
-15.96954527;5.12955093
-15.95954527;5.04104757
-15.94954527;5.12955093
-15.93954527;5.12955093
-15.92954527;5.12955093
-15.91954527;5.12955093
-15.90954527;5.12955093
-15.89954527;5.12955093
-15.88954527;5.04104757
-15.87954527;5.21805477
-15.86954527;5.12955093
-15.85954527;5.12955093
-15.84954527;5.12955093
-15.83954527;5.12955093
-15.82954527;5.12955093
-15.81954527;5.04104757
-15.80954527;5.21805477
-15.79954527;5.12955093
-15.78954527;5.12955093
-15.77954527;5.12955093
-15.76954527;5.12955093
-15.75954527;5.04104757
-15.74954527;5.21805477
-15.73954527;5.12955093
-15.72954527;5.12955093
-15.71954527;5.12955093
-15.70954527;5.04104757
-15.69954527;5.04104757
-15.68954527;5.12955093
-15.67954527;5.21805477
-15.66954527;5.12955093
-15.65954527;5.12955093
-15.64954527;5.04104757
-15.63954527;5.04104757
-15.62954527;5.12955093
-15.61954527;5.21805477
-15.60954527;5.12955093
-15.59954527;5.12955093
-15.58954527;5.12955093
-15.57954527;5.12955093
-15.56954527;5.12955093
-15.55954527;5.21805477
-15.54954527;5.12955093
-15.53954527;5.12955093
-15.52954527;5.12955093
-15.51954527;5.04104757
-15.50954527;5.04104757
-15.49954527;5.21805477
-15.48954527;5.12955093
-15.47954527;5.12955093
-15.46954527;5.12955093
-15.45954527;5.04104757
-15.44954527;4.95254374
-15.43954527;5.12955093
-15.42954527;5.21805477
-15.41954527;5.12955093
-15.40954527;5.12955093
-15.39954527;5.04104757
-15.38954527;5.12955093
-15.37954527;5.12955093
-15.36954527;5.21805477
-15.35954527;5.12955093
-15.34954527;5.12955093
-15.33954527;5.04104757
-15.32954527;5.12955093
-15.31954527;5.04104757
-15.30954527;5.21805477
-15.29954527;5.12955093
-15.28954527;5.12955093
-15.27954527;5.12955093
-15.26954527;5.04104757
-15.25954527;5.04104757
-15.24954527;5.12955093
-15.23954527;5.12955093
-15.22954527;5.12955093
-15.21954527;5.12955093
-15.20954527;5.04104757
-15.19954527;5.04104757
-15.18954527;5.12955093
-15.17954527;5.21805477
-15.16954527;5.12955093
-15.15954527;5.12955093
-15.14954527;5.12955093
-15.13954527;5.04104757
-15.12954527;5.12955093
-15.11954527;5.21805477
-15.10954527;5.12955093
-15.09954527;5.12955093
-15.08954527;5.12955093
-15.07954527;5.04104757
-15.06954527;5.04104757
-15.05954527;5.21805477
-15.04954527;5.21805477
-15.03954527;5.04104757
-15.02954527;5.12955093
-15.01954527;5.04104757
-15.00954527;5.12955093
-14.99954527;5.21805477
-14.98954527;5.12955093
-14.97954527;5.12955093
-14.96954527;5.12955093
-14.95954527;5.12955093
-14.94954527;5.04104757
-14.93954527;5.12955093
-14.92954527;5.21805477
-14.91954527;5.12955093
-14.90954527;5.21805477
-14.89954527;5.12955093
-14.88954527;5.04104757
-14.87954528;5.12955093
-14.86954528;5.21805477
-14.85954528;5.12955093
-14.84954528;5.21805477
-14.83954528;5.12955093
-14.82954528;5.04104757
-14.81954528;5.12955093
-14.80954528;5.21805477
-14.79954528;5.12955093
-14.78954528;5.12955093
-14.77954528;5.12955093
-14.76954528;5.04104757
-14.75954528;5.04104757
-14.74954528;5.21805477
-14.73954528;5.21805477
-14.72954528;5.12955093
-14.71954528;5.12955093
-14.70954528;5.04104757
-14.69954528;5.04104757
-14.68954528;5.21805477
-14.67954528;5.12955093
-14.66954528;5.12955093
-14.65954528;5.12955093
-14.64954528;5.12955093
-14.63954528;5.04104757
-14.62954528;5.12955093
-14.61954528;5.21805477
-14.60954528;5.12955093
-14.59954528;5.21805477
-14.58954528;5.12955093
-14.57954528;5.04104757
-14.56954528;5.04104757
-14.55954528;5.21805477
-14.54954528;5.12955093
-14.53954528;5.21805477
-14.52954528;5.12955093
-14.51954528;5.04104757
-14.50954528;5.12955093
-14.49954528;5.21805477
-14.48954528;5.21805477
-14.47954528;5.04104757
-14.46954528;5.12955093
-14.45954528;5.12955093
-14.44954528;5.12955093
-14.43954528;5.21805477
-14.42954528;5.21805477
-14.41954528;5.12955093
-14.40954528;5.12955093
-14.39954528;5.12955093
-14.38954528;5.12955093
-14.37954528;5.12955093
-14.36954528;5.21805477
-14.35954528;5.12955093
-14.34954528;5.12955093
-14.33954528;5.12955093
-14.32954528;5.04104757
-14.31954528;5.04104757
-14.30954528;5.21805477
-14.29954528;5.12955093
-14.28954528;5.12955093
-14.27954528;5.12955093
-14.26954528;5.04104757
-14.25954528;5.04104757
-14.24954528;5.12955093
-14.23954528;5.21805477
-14.22954528;5.12955093
-14.21954528;5.12955093
-14.20954528;5.12955093
-14.19954528;5.04104757
-14.18954528;5.21805477
-14.17954528;5.12955093
-14.16954528;5.12955093
-14.15954528;5.12955093
-14.14954528;5.12955093
-14.13954528;5.04104757
-14.12954528;5.12955093
-14.11954528;5.21805477
-14.10954528;5.12955093
-14.09954528;5.12955093
-14.08954528;5.12955093
-14.07954528;5.04104757
-14.06954528;5.04104757
-14.05954528;5.21805477
-14.04954528;5.12955093
-14.03954528;5.12955093
-14.02954528;5.12955093
-14.01954528;5.12955093
-14.00954528;5.04104757
-13.99954528;5.12955093
-13.98954528;5.12955093
-13.97954528;5.12955093
-13.96954528;5.12955093
-13.95954528;5.12955093
-13.94954528;5.04104757
-13.93954528;5.12955093
-13.92954528;5.21805477
-13.91954528;5.12955093
-13.90954528;5.21805477
-13.89954528;5.12955093
-13.88954528;5.04104757
-13.87954528;5.12955093
-13.86954528;5.21805477
-13.85954528;5.12955093
-13.84954528;5.12955093
-13.83954528;5.12955093
-13.82954528;5.04104757
-13.81954528;5.12955093
-13.80954528;5.21805477
-13.79954528;5.12955093
-13.78954528;5.12955093
-13.77954528;5.12955093
-13.76954528;5.12955093
-13.75954528;5.04104757
-13.74954528;5.21805477
-13.73954528;5.12955093
-13.72954528;5.12955093
-13.71954528;5.12955093
-13.70954528;5.04104757
-13.69954528;5.04104757
-13.68954528;5.21805477
-13.67954528;5.12955093
-13.66954528;5.12955093
-13.65954528;5.12955093
-13.64954528;5.04104757
-13.63954528;5.04104757
-13.62954528;5.12955093
-13.61954528;5.12955093
-13.60954528;5.12955093
-13.59954528;5.12955093
-13.58954528;5.12955093
-13.57954528;5.04104757
-13.56954528;5.04104757
-13.55954528;5.21805477
-13.54954528;5.12955093
-13.53954528;5.21805477
-13.52954528;5.12955093
-13.51954528;5.04104757
-13.50954528;5.12955093
-13.49954528;5.21805477
-13.48954528;5.12955093
-13.47954528;5.04104757
-13.46954528;5.12955093
-13.45954528;5.12955093
-13.44954528;5.12955093
-13.43954528;5.12955093
-13.42954528;5.12955093
-13.41954528;5.12955093
-13.40954528;5.12955093
-13.39954528;5.04104757
-13.38954528;5.04104757
-13.37954528;5.12955093
-13.36954528;5.21805477
-13.35954528;5.12955093
-13.34954528;5.12955093
-13.33954528;5.12955093
-13.32954528;5.04104757
-13.31954528;5.04104757
-13.30954528;5.21805477
-13.29954528;5.12955093
-13.28954528;5.12955093
-13.27954528;5.12955093
-13.26954528;5.04104757
-13.25954528;5.04104757
-13.24954528;5.21805477
-13.23954528;5.12955093
-13.22954529;5.12955093
-13.21954529;5.12955093
-13.20954529;5.12955093
-13.19954529;5.04104757
-13.18954529;5.12955093
-13.17954529;5.21805477
-13.16954529;5.12955093
-13.15954529;5.21805477
-13.14954529;5.12955093
-13.13954529;5.04104757
-13.12954529;5.12955093
-13.11954529;5.12955093
-13.10954529;5.21805477
-13.09954529;5.12955093
-13.08954529;5.12955093
-13.07954529;5.04104757
-13.06954529;5.12955093
-13.05954529;5.21805477
-13.04954529;5.12955093
-13.03954529;5.12955093
-13.02954529;5.12955093
-13.01954529;5.12955093
-13.00954529;5.04104757
-12.99954529;5.21805477
-12.98954529;5.12955093
-12.97954529;5.12955093
-12.96954529;5.12955093
-12.95954529;5.12955093
-12.94954529;5.04104757
-12.93954529;5.12955093
-12.92954529;5.12955093
-12.91954529;5.04104757
-12.90954529;5.12955093
-12.89954529;5.12955093
-12.88954529;5.04104757
-12.87954529;5.12955093
-12.86954529;5.12955093
-12.85954529;5.12955093
-12.84954529;5.12955093
-12.83954529;5.12955093
-12.82954529;5.04104757
-12.81954529;5.04104757
-12.80954529;5.21805477
-12.79954529;5.21805477
-12.78954529;5.12955093
-12.77954529;5.12955093
-12.76954529;5.12955093
-12.75954529;5.04104757
-12.74954529;5.21805477
-12.73954529;5.12955093
-12.72954529;5.12955093
-12.71954529;5.12955093
-12.70954529;5.12955093
-12.69954529;5.04104757
-12.68954529;5.12955093
-12.67954529;5.12955093
-12.66954529;5.12955093
-12.65954529;5.12955093
-12.64954529;5.04104757
-12.63954529;5.04104757
-12.62954529;5.12955093
-12.61954529;5.12955093
-12.60954529;5.12955093
-12.59954529;5.12955093
-12.58954529;5.12955093
-12.57954529;5.12955093
-12.56954529;5.04104757
-12.55954529;5.21805477
-12.54954529;5.12955093
-12.53954529;5.12955093
-12.52954529;5.12955093
-12.51954529;5.04104757
-12.50954529;5.04104757
-12.49954529;5.12955093
-12.48954529;5.12955093
-12.47954529;5.12955093
-12.46954529;5.12955093
-12.45954529;5.04104757
-12.44954529;5.04104757
-12.43954529;5.21805477
-12.42954529;5.12955093
-12.41954529;5.12955093
-12.40954529;5.12955093
-12.39954529;5.04104757
-12.38954529;5.04104757
-12.37954529;5.12955093
-12.36954529;5.12955093
-12.35954529;5.12955093
-12.34954529;5.12955093
-12.33954529;5.12955093
-12.32954529;5.04104757
-12.31954529;5.12955093
-12.30954529;5.12955093
-12.29954529;5.12955093
-12.28954529;5.04104757
-12.27954529;5.12955093
-12.26954529;5.04104757
-12.25954529;5.04104757
-12.24954529;5.21805477
-12.23954529;5.12955093
-12.22954529;5.12955093
-12.21954529;5.12955093
-12.20954529;5.04104757
-12.19954529;5.04104757
-12.18954529;5.12955093
-12.17954529;5.12955093
-12.16954529;5.12955093
-12.15954529;5.12955093
-12.14954529;5.12955093
-12.13954529;5.04104757
-12.12954529;5.12955093
-12.11954529;5.12955093
-12.10954529;5.12955093
-12.09954529;5.12955093
-12.08954529;5.12955093
-12.07954529;5.04104757
-12.06954529;5.04104757
-12.05954529;5.21805477
-12.04954529;5.12955093
-12.03954529;5.12955093
-12.02954529;5.12955093
-12.01954529;5.04104757
-12.00954529;5.04104757
-11.99954529;5.21805477
-11.98954529;5.12955093
-11.97954529;5.04104757
-11.96954529;5.12955093
-11.95954529;5.04104757
-11.94954529;4.95254374
-11.93954529;5.12955093
-11.92954529;5.21805477
-11.91954529;5.12955093
-11.90954529;5.12955093
-11.89954529;5.04104757
-11.88954529;5.04104757
-11.87954529;5.04104757
-11.86954529;5.21805477
-11.85954529;5.12955093
-11.84954529;5.12955093
-11.83954529;5.04104757
-11.82954529;5.04104757
-11.81954529;5.04104757
-11.80954529;5.12955093
-11.79954529;5.12955093
-11.78954529;5.12955093
-11.77954529;5.12955093
-11.76954529;5.12955093
-11.75954529;5.04104757
-11.74954529;5.12955093
-11.73954529;5.12955093
-11.72954529;5.12955093
-11.71954529;5.21805477
-11.70954529;5.12955093
-11.69954529;5.04104757
-11.68954529;5.12955093
-11.67954529;5.21805477
-11.66954529;5.12955093
-11.65954529;5.12955093
-11.64954529;5.04104757
-11.63954529;5.04104757
-11.62954529;5.12955093
-11.61954529;5.21805477
-11.60954529;5.12955093
-11.59954529;5.12955093
-11.58954530;5.12955093
-11.57954530;5.04104757
-11.56954530;5.04104757
-11.55954530;5.21805477
-11.54954530;5.12955093
-11.53954530;5.12955093
-11.52954530;5.12955093
-11.51954530;5.12955093
-11.50954530;5.04104757
-11.49954530;5.21805477
-11.48954530;5.21805477
-11.47954530;5.12955093
-11.46954530;5.12955093
-11.45954530;5.04104757
-11.44954530;5.04104757
-11.43954530;5.21805477
-11.42954530;5.12955093
-11.41954530;5.12955093
-11.40954530;5.12955093
-11.39954530;5.12955093
-11.38954530;5.04104757
-11.37954530;5.12955093
-11.36954530;5.21805477
-11.35954530;5.12955093
-11.34954530;5.12955093
-11.33954530;5.12955093
-11.32954530;5.04104757
-11.31954530;5.04104757
-11.30954530;5.21805477
-11.29954530;5.12955093
-11.28954530;5.12955093
-11.27954530;5.12955093
-11.26954530;5.04104757
-11.25954530;5.04104757
-11.24954530;5.21805477
-11.23954530;5.21805477
-11.22954530;5.12955093
-11.21954530;5.12955093
-11.20954530;5.04104757
-11.19954530;5.04104757
-11.18954530;5.12955093
-11.17954530;5.21805477
-11.16954530;5.12955093
-11.15954530;5.12955093
-11.14954530;5.04104757
-11.13954530;5.04104757
-11.12954530;5.21805477
-11.11954530;5.21805477
-11.10954530;5.12955093
-11.09954530;5.12955093
-11.08954530;5.12955093
-11.07954530;5.04104757
-11.06954530;5.12955093
-11.05954530;5.21805477
-11.04954530;5.12955093
-11.03954530;5.12955093
-11.02954530;5.21805477
-11.01954530;5.04104757
-11.00954530;4.95254374
-10.99954530;5.12955093
-10.98954530;5.21805477
-10.97954530;5.12955093
-10.96954530;5.12955093
-10.95954530;5.04104757
-10.94954530;5.04104757
-10.93954530;5.12955093
-10.92954530;5.21805477
-10.91954530;5.12955093
-10.90954530;5.12955093
-10.89954530;5.04104757
-10.88954530;5.04104757
-10.87954530;5.12955093
-10.86954530;5.21805477
-10.85954530;5.12955093
-10.84954530;5.12955093
-10.83954530;5.12955093
-10.82954530;5.04104757
-10.81954530;5.04104757
-10.80954530;5.21805477
-10.79954530;5.21805477
-10.78954530;5.12955093
-10.77954530;5.12955093
-10.76954530;5.04104757
-10.75954530;5.04104757
-10.74954530;5.21805477
-10.73954530;5.21805477
-10.72954530;5.12955093
-10.71954530;5.21805477
-10.70954530;5.04104757
-10.69954530;5.04104757
-10.68954530;5.12955093
-10.67954530;5.21805477
-10.66954530;5.12955093
-10.65954530;5.12955093
-10.64954530;5.04104757
-10.63954530;5.04104757
-10.62954530;5.12955093
-10.61954530;5.21805477
-10.60954530;5.12955093
-10.59954530;5.12955093
-10.58954530;5.12955093
-10.57954530;5.04104757
-10.56954530;5.12955093
-10.55954530;5.21805477
-10.54954530;5.12955093
-10.53954530;5.12955093
-10.52954530;5.12955093
-10.51954530;5.04104757
-10.50954530;5.04104757
-10.49954530;5.21805477
-10.48954530;5.12955093
-10.47954530;5.12955093
-10.46954530;5.12955093
-10.45954530;5.12955093
-10.44954530;5.04104757
-10.43954530;5.12955093
-10.42954530;5.12955093
-10.41954530;5.12955093
-10.40954530;5.12955093
-10.39954530;5.12955093
-10.38954530;5.12955093
-10.37954530;5.12955093
-10.36954530;5.21805477
-10.35954530;5.12955093
-10.34954530;5.12955093
-10.33954530;5.12955093
-10.32954530;5.12955093
-10.31954530;5.04104757
-10.30954530;5.21805477
-10.29954530;5.12955093
-10.28954530;5.12955093
-10.27954530;5.12955093
-10.26954530;5.04104757
-10.25954530;5.12955093
-10.24954530;5.21805477
-10.23954530;5.12955093
-10.22954530;5.12955093
-10.21954530;5.12955093
-10.20954530;5.04104757
-10.19954530;5.04104757
-10.18954530;5.12955093
-10.17954530;5.21805477
-10.16954530;5.12955093
-10.15954530;5.12955093
-10.14954530;5.12955093
-10.13954530;5.04104757
-10.12954530;5.12955093
-10.11954530;5.12955093
-10.10954530;5.12955093
-10.09954530;5.12955093
-10.08954530;5.12955093
-10.07954530;5.12955093
-10.06954530;5.04104757
-10.05954530;5.21805477
-10.04954530;5.12955093
-10.03954530;5.12955093
-10.02954530;5.12955093
-10.01954530;5.12955093
-10.00954530;5.04104757
-9.99954530;5.21805477
-9.98954530;5.21805477
-9.97954530;5.12955093
-9.96954530;5.21805477
-9.95954530;5.04104757
-9.94954530;5.04104757
-9.93954531;5.21805477
-9.92954531;5.12955093
-9.91954531;5.04104757
-9.90954531;5.12955093
-9.89954531;5.12955093
-9.88954531;5.04104757
-9.87954531;5.12955093
-9.86954531;5.21805477
-9.85954531;5.12955093
-9.84954531;5.12955093
-9.83954531;5.12955093
-9.82954531;5.04104757
-9.81954531;5.12955093
-9.80954531;5.21805477
-9.79954531;5.12955093
-9.78954531;5.12955093
-9.77954531;5.12955093
-9.76954531;5.12955093
-9.75954531;5.04104757
-9.74954531;5.12955093
-9.73954531;5.21805477
-9.72954531;5.12955093
-9.71954531;5.12955093
-9.70954531;5.12955093
-9.69954531;5.04104757
-9.68954531;5.12955093
-9.67954531;5.21805477
-9.66954531;5.12955093
-9.65954531;5.12955093
-9.64954531;5.12955093
-9.63954531;5.04104757
-9.62954531;5.12955093
-9.61954531;5.21805477
-9.60954531;5.12955093
-9.59954531;5.12955093
-9.58954531;5.12955093
-9.57954531;5.04104757
-9.56954531;5.04104757
-9.55954531;5.21805477
-9.54954531;5.12955093
-9.53954531;5.12955093
-9.52954531;5.12955093
-9.51954531;5.04104757
-9.50954531;5.04104757
-9.49954531;5.21805477
-9.48954531;5.12955093
-9.47954531;5.12955093
-9.46954531;5.21805477
-9.45954531;5.04104757
-9.44954531;5.04104757
-9.43954531;5.21805477
-9.42954531;5.21805477
-9.41954531;5.12955093
-9.40954531;5.12955093
-9.39954531;5.12955093
-9.38954531;5.12955093
-9.37954531;5.12955093
-9.36954531;5.21805477
-9.35954531;5.12955093
-9.34954531;5.12955093
-9.33954531;5.12955093
-9.32954531;5.12955093
-9.31954531;5.04104757
-9.30954531;5.12955093
-9.29954531;5.12955093
-9.28954531;5.12955093
-9.27954531;5.21805477
-9.26954531;5.12955093
-9.25954531;5.04104757
-9.24954531;5.21805477
-9.23954531;5.21805477
-9.22954531;5.12955093
-9.21954531;5.12955093
-9.20954531;5.12955093
-9.19954531;5.04104757
-9.18954531;5.12955093
-9.17954531;5.21805477
-9.16954531;5.12955093
-9.15954531;5.12955093
-9.14954531;5.12955093
-9.13954531;5.12955093
-9.12954531;5.12955093
-9.11954531;5.21805477
-9.10954531;5.12955093
-9.09954531;5.21805477
-9.08954531;5.12955093
-9.07954531;5.04104757
-9.06954531;5.12955093
-9.05954531;5.21805477
-9.04954531;5.12955093
-9.03954531;5.12955093
-9.02954531;5.12955093
-9.01954531;5.12955093
-9.00954531;5.04104757
-8.99954531;5.21805477
-8.98954531;5.12955093
-8.97954531;5.12955093
-8.96954531;5.21805477
-8.95954531;5.12955093
-8.94954531;5.04104757
-8.93954531;5.21805477
-8.92954531;5.21805477
-8.91954531;5.12955093
-8.90954531;5.12955093
-8.89954531;5.12955093
-8.88954531;5.04104757
-8.87954531;5.12955093
-8.86954531;5.21805477
-8.85954531;5.21805477
-8.84954531;5.12955093
-8.83954531;5.12955093
-8.82954531;5.12955093
-8.81954531;5.12955093
-8.80954531;5.21805477
-8.79954531;5.12955093
-8.78954531;5.12955093
-8.77954531;5.12955093
-8.76954531;5.12955093
-8.75954531;5.04104757
-8.74954531;5.21805477
-8.73954531;5.12955093
-8.72954531;5.12955093
-8.71954531;5.21805477
-8.70954531;5.12955093
-8.69954531;5.04104757
-8.68954531;5.12955093
-8.67954531;5.21805477
-8.66954531;5.12955093
-8.65954531;5.12955093
-8.64954531;5.12955093
-8.63954531;5.12955093
-8.62954531;5.12955093
-8.61954531;5.21805477
-8.60954531;5.12955093
-8.59954531;5.12955093
-8.58954531;5.12955093
-8.57954531;5.12955093
-8.56954531;5.04104757
-8.55954531;5.21805477
-8.54954531;5.21805477
-8.53954531;5.12955093
-8.52954531;5.12955093
-8.51954531;5.12955093
-8.50954531;5.04104757
-8.49954531;5.21805477
-8.48954531;5.21805477
-8.47954531;5.12955093
-8.46954531;5.21805477
-8.45954531;5.12955093
-8.44954531;5.04104757
-8.43954531;5.21805477
-8.42954531;5.21805477
-8.41954531;5.12955093
-8.40954531;5.12955093
-8.39954531;5.12955093
-8.38954531;5.04104757
-8.37954531;5.12955093
-8.36954531;5.21805477
-8.35954531;5.12955093
-8.34954531;5.21805477
-8.33954531;5.12955093
-8.32954531;5.04104757
-8.31954531;5.04104757
-8.30954531;5.21805477
-8.29954532;5.12955093
-8.28954532;5.21805477
-8.27954532;5.12955093
-8.26954532;5.12955093
-8.25954532;5.04104757
-8.24954532;5.21805477
-8.23954532;5.21805477
-8.22954532;5.12955093
-8.21954532;5.12955093
-8.20954532;5.12955093
-8.19954532;5.04104757
-8.18954532;5.21805477
-8.17954532;5.21805477
-8.16954532;5.12955093
-8.15954532;5.21805477
-8.14954532;5.12955093
-8.13954532;5.04104757
-8.12954532;5.12955093
-8.11954532;5.21805477
-8.10954532;5.12955093
-8.09954532;5.12955093
-8.08954532;5.12955093
-8.07954532;5.04104757
-8.06954532;5.04104757
-8.05954532;5.21805477
-8.04954532;5.12955093
-8.03954532;5.12955093
-8.02954532;5.21805477
-8.01954532;5.12955093
-8.00954532;5.04104757
-7.99954532;5.21805477
-7.98954532;5.12955093
-7.97954532;5.12955093
-7.96954532;5.21805477
-7.95954532;5.04104757
-7.94954532;5.04104757
-7.93954532;5.12955093
-7.92954532;5.12955093
-7.91954532;5.12955093
-7.90954532;5.12955093
-7.89954532;5.12955093
-7.88954532;5.04104757
-7.87954532;5.12955093
-7.86954532;5.21805477
-7.85954532;5.12955093
-7.84954532;5.12955093
-7.83954532;5.12955093
-7.82954532;5.12955093
-7.81954532;5.04104757
-7.80954532;5.21805477
-7.79954532;5.12955093
-7.78954532;5.12955093
-7.77954532;5.21805477
-7.76954532;5.12955093
-7.75954532;5.04104757
-7.74954532;5.21805477
-7.73954532;5.12955093
-7.72954532;5.12955093
-7.71954532;5.21805477
-7.70954532;5.04104757
-7.69954532;5.04104757
-7.68954532;5.12955093
-7.67954532;5.21805477
-7.66954532;5.12955093
-7.65954532;5.12955093
-7.64954532;5.12955093
-7.63954532;5.04104757
-7.62954532;5.12955093
-7.61954532;5.21805477
-7.60954532;5.12955093
-7.59954532;5.12955093
-7.58954532;5.12955093
-7.57954532;5.04104757
-7.56954532;5.12955093
-7.55954532;5.21805477
-7.54954532;5.12955093
-7.53954532;5.12955093
-7.52954532;5.12955093
-7.51954532;5.12955093
-7.50954532;5.12955093
-7.49954532;5.21805477
-7.48954532;5.21805477
-7.47954532;5.12955093
-7.46954532;5.21805477
-7.45954532;5.04104757
-7.44954532;5.04104757
-7.43954532;5.12955093
-7.42954532;5.21805477
-7.41954532;5.21805477
-7.40954532;5.21805477
-7.39954532;5.04104757
-7.38954532;5.04104757
-7.37954532;5.21805477
-7.36954532;5.21805477
-7.35954532;5.12955093
-7.34954532;5.12955093
-7.33954532;5.12955093
-7.32954532;5.12955093
-7.31954532;5.12955093
-7.30954532;5.21805477
-7.29954532;5.12955093
-7.28954532;5.12955093
-7.27954532;5.12955093
-7.26954532;5.12955093
-7.25954532;5.12955093
-7.24954532;5.21805477
-7.23954532;5.12955093
-7.22954532;5.04104757
-7.21954532;5.21805477
-7.20954532;5.12955093
-7.19954532;5.04104757
-7.18954532;5.12955093
-7.17954532;5.21805477
-7.16954532;5.12955093
-7.15954532;5.21805477
-7.14954532;5.12955093
-7.13954532;5.04104757
-7.12954532;5.12955093
-7.11954532;5.21805477
-7.10954532;5.12955093
-7.09954532;5.12955093
-7.08954532;5.04104757
-7.07954532;5.04104757
-7.06954532;5.04104757
-7.05954532;5.21805477
-7.04954532;5.12955093
-7.03954532;5.12955093
-7.02954532;5.12955093
-7.01954532;5.04104757
-7.00954532;5.12955093
-6.99954532;5.21805477
-6.98954532;5.21805477
-6.97954532;5.12955093
-6.96954532;5.12955093
-6.95954532;5.12955093
-6.94954532;5.04104757
-6.93954532;5.21805477
-6.92954532;5.21805477
-6.91954532;5.12955093
-6.90954532;5.21805477
-6.89954532;5.12955093
-6.88954532;5.12955093
-6.87954532;5.12955093
-6.86954532;5.12955093
-6.85954532;5.12955093
-6.84954532;5.12955093
-6.83954532;5.12955093
-6.82954532;5.12955093
-6.81954532;5.04104757
-6.80954532;5.21805477
-6.79954532;5.12955093
-6.78954532;5.12955093
-6.77954532;5.12955093
-6.76954532;5.04104757
-6.75954532;4.95254374
-6.74954532;5.21805477
-6.73954532;5.21805477
-6.72954532;5.12955093
-6.71954532;5.12955093
-6.70954532;5.12955093
-6.69954532;5.04104757
-6.68954532;5.21805477
-6.67954532;5.21805477
-6.66954532;5.12955093
-6.65954532;5.12955093
-6.64954533;5.12955093
-6.63954533;5.04104757
-6.62954533;5.12955093
-6.61954533;5.21805477
-6.60954533;5.12955093
-6.59954533;5.12955093
-6.58954533;5.12955093
-6.57954533;5.12955093
-6.56954533;5.12955093
-6.55954533;5.12955093
-6.54954533;5.21805477
-6.53954533;5.12955093
-6.52954533;5.12955093
-6.51954533;5.12955093
-6.50954533;5.04104757
-6.49954533;5.21805477
-6.48954533;5.21805477
-6.47954533;5.12955093
-6.46954533;5.21805477
-6.45954533;5.12955093
-6.44954533;5.04104757
-6.43954533;5.12955093
-6.42954533;5.21805477
-6.41954533;5.12955093
-6.40954533;5.12955093
-6.39954533;5.04104757
-6.38954533;5.12955093
-6.37954533;5.12955093
-6.36954533;5.12955093
-6.35954533;5.12955093
-6.34954533;5.12955093
-6.33954533;5.12955093
-6.32954533;5.12955093
-6.31954533;5.04104757
-6.30954533;5.21805477
-6.29954533;5.12955093
-6.28954533;5.12955093
-6.27954533;5.12955093
-6.26954533;5.12955093
-6.25954533;5.04104757
-6.24954533;5.21805477
-6.23954533;5.21805477
-6.22954533;5.04104757
-6.21954533;5.12955093
-6.20954533;5.12955093
-6.19954533;5.04104757
-6.18954533;5.21805477
-6.17954533;5.12955093
-6.16954533;5.04104757
-6.15954533;5.12955093
-6.14954533;5.04104757
-6.13954533;5.04104757
-6.12954533;5.12955093
-6.11954533;5.21805477
-6.10954533;5.12955093
-6.09954533;5.12955093
-6.08954533;5.12955093
-6.07954533;5.12955093
-6.06954533;5.04104757
-6.05954533;5.21805477
-6.04954533;5.12955093
-6.03954533;5.12955093
-6.02954533;5.12955093
-6.01954533;5.04104757
-6.00954533;5.04104757
-5.99954533;5.12955093
-5.98954533;5.21805477
-5.97954533;5.12955093
-5.96954533;5.12955093
-5.95954533;5.04104757
-5.94954533;5.04104757
-5.93954533;5.21805477
-5.92954533;5.21805477
-5.91954533;5.12955093
-5.90954533;5.12955093
-5.89954533;5.12955093
-5.88954533;5.04104757
-5.87954533;5.12955093
-5.86954533;5.21805477
-5.85954533;5.12955093
-5.84954533;5.12955093
-5.83954533;5.12955093
-5.82954533;5.04104757
-5.81954533;5.12955093
-5.80954533;5.21805477
-5.79954533;5.12955093
-5.78954533;5.12955093
-5.77954533;5.12955093
-5.76954533;5.12955093
-5.75954533;5.04104757
-5.74954533;5.21805477
-5.73954533;5.12955093
-5.72954533;5.12955093
-5.71954533;5.21805477
-5.70954533;5.12955093
-5.69954533;5.04104757
-5.68954533;5.12955093
-5.67954533;5.12955093
-5.66954533;5.12955093
-5.65954533;5.12955093
-5.64954533;5.12955093
-5.63954533;5.04104757
-5.62954533;5.12955093
-5.61954533;5.12955093
-5.60954533;5.12955093
-5.59954533;5.12955093
-5.58954533;5.12955093
-5.57954533;5.12955093
-5.56954533;5.04104757
-5.55954533;5.21805477
-5.54954533;5.12955093
-5.53954533;5.12955093
-5.52954533;5.12955093
-5.51954533;5.04104757
-5.50954533;5.04104757
-5.49954533;5.21805477
-5.48954533;5.21805477
-5.47954533;5.12955093
-5.46954533;5.12955093
-5.45954533;5.12955093
-5.44954533;5.04104757
-5.43954533;5.12955093
-5.42954533;5.21805477
-5.41954533;5.12955093
-5.40954533;5.21805477
-5.39954533;5.12955093
-5.38954533;5.04104757
-5.37954533;5.12955093
-5.36954533;5.21805477
-5.35954533;5.12955093
-5.34954533;5.12955093
-5.33954533;5.04104757
-5.32954533;5.04104757
-5.31954533;5.12955093
-5.30954533;5.12955093
-5.29954533;5.21805477
-5.28954533;5.12955093
-5.27954533;5.12955093
-5.26954533;5.04104757
-5.25954533;5.12955093
-5.24954533;5.21805477
-5.23954533;5.12955093
-5.22954533;5.12955093
-5.21954533;5.12955093
-5.20954533;5.12955093
-5.19954533;5.04104757
-5.18954533;5.12955093
-5.17954533;5.12955093
-5.16954533;5.12955093
-5.15954533;5.21805477
-5.14954533;5.12955093
-5.13954533;5.04104757
-5.12954533;5.12955093
-5.11954533;5.21805477
-5.10954533;5.12955093
-5.09954533;5.12955093
-5.08954533;5.12955093
-5.07954533;5.04104757
-5.06954533;5.04104757
-5.05954533;5.21805477
-5.04954533;5.21805477
-5.03954533;5.12955093
-5.02954533;5.12955093
-5.01954533;5.04104757
-5.00954533;5.04104757
-4.99954534;5.21805477
-4.98954534;5.21805477
-4.97954534;5.12955093
-4.96954534;5.12955093
-4.95954534;5.04104757
-4.94954534;5.12955093
-4.93954534;5.12955093
-4.92954534;5.12955093
-4.91954534;5.12955093
-4.90954534;5.12955093
-4.89954534;5.12955093
-4.88954534;5.12955093
-4.87954534;5.12955093
-4.86954534;5.12955093
-4.85954534;5.12955093
-4.84954534;5.12955093
-4.83954534;5.12955093
-4.82954534;5.04104757
-4.81954534;5.04104757
-4.80954534;5.21805477
-4.79954534;5.12955093
-4.78954534;5.21805477
-4.77954534;5.12955093
-4.76954534;5.04104757
-4.75954534;5.04104757
-4.74954534;5.21805477
-4.73954534;5.21805477
-4.72954534;5.12955093
-4.71954534;5.12955093
-4.70954534;5.12955093
-4.69954534;5.04104757
-4.68954534;5.12955093
-4.67954534;5.21805477
-4.66954534;5.12955093
-4.65954534;5.12955093
-4.64954534;5.12955093
-4.63954534;5.04104757
-4.62954534;5.12955093
-4.61954534;5.21805477
-4.60954534;5.12955093
-4.59954534;5.21805477
-4.58954534;5.12955093
-4.57954534;5.04104757
-4.56954534;5.04104757
-4.55954534;5.21805477
-4.54954534;5.12955093
-4.53954534;5.12955093
-4.52954534;5.12955093
-4.51954534;5.12955093
-4.50954534;5.12955093
-4.49954534;5.21805477
-4.48954534;5.12955093
-4.47954534;5.12955093
-4.46954534;5.12955093
-4.45954534;5.12955093
-4.44954534;5.04104757
-4.43954534;5.21805477
-4.42954534;5.12955093
-4.41954534;5.12955093
-4.40954534;5.12955093
-4.39954534;5.12955093
-4.38954534;5.04104757
-4.37954534;5.12955093
-4.36954534;5.21805477
-4.35954534;5.12955093
-4.34954534;5.12955093
-4.33954534;5.12955093
-4.32954534;5.12955093
-4.31954534;5.12955093
-4.30954534;5.21805477
-4.29954534;5.12955093
-4.28954534;5.12955093
-4.27954534;5.12955093
-4.26954534;5.12955093
-4.25954534;5.12955093
-4.24954534;5.21805477
-4.23954534;5.12955093
-4.22954534;5.04104757
-4.21954534;5.12955093
-4.20954534;5.12955093
-4.19954534;5.04104757
-4.18954534;5.12955093
-4.17954534;5.12955093
-4.16954534;5.12955093
-4.15954534;5.12955093
-4.14954534;5.12955093
-4.13954534;5.04104757
-4.12954534;5.04104757
-4.11954534;5.21805477
-4.10954534;5.12955093
-4.09954534;5.12955093
-4.08954534;5.12955093
-4.07954534;5.04104757
-4.06954534;5.04104757
-4.05954534;5.21805477
-4.04954534;5.12955093
-4.03954534;5.12955093
-4.02954534;5.12955093
-4.01954534;5.12955093
-4.00954534;5.04104757
-3.99954534;5.12955093
-3.98954534;5.21805477
-3.97954534;5.12955093
-3.96954534;5.12955093
-3.95954534;5.04104757
-3.94954534;5.12955093
-3.93954534;5.12955093
-3.92954534;5.21805477
-3.91954534;5.12955093
-3.90954534;5.12955093
-3.89954534;5.04104757
-3.88954534;5.12955093
-3.87954534;5.12955093
-3.86954534;5.21805477
-3.85954534;5.12955093
-3.84954534;5.12955093
-3.83954534;5.12955093
-3.82954534;5.04104757
-3.81954534;5.04104757
-3.80954534;5.21805477
-3.79954534;5.12955093
-3.78954534;5.12955093
-3.77954534;5.12955093
-3.76954534;5.12955093
-3.75954534;5.04104757
-3.74954534;5.21805477
-3.73954534;5.21805477
-3.72954534;5.12955093
-3.71954534;5.12955093
-3.70954534;5.12955093
-3.69954534;5.04104757
-3.68954534;5.12955093
-3.67954534;5.21805477
-3.66954534;5.12955093
-3.65954534;5.12955093
-3.64954534;5.12955093
-3.63954534;5.04104757
-3.62954534;5.12955093
-3.61954534;5.21805477
-3.60954534;5.12955093
-3.59954534;5.12955093
-3.58954534;5.12955093
-3.57954534;5.04104757
-3.56954534;5.12955093
-3.55954534;5.21805477
-3.54954534;5.21805477
-3.53954534;5.04104757
-3.52954534;5.12955093
-3.51954534;5.12955093
-3.50954534;5.04104757
-3.49954534;5.21805477
-3.48954534;5.12955093
-3.47954534;5.21805477
-3.46954534;5.21805477
-3.45954534;5.04104757
-3.44954534;5.04104757
-3.43954534;5.12955093
-3.42954534;5.21805477
-3.41954534;5.12955093
-3.40954534;5.12955093
-3.39954534;5.04104757
-3.38954534;5.04104757
-3.37954534;5.12955093
-3.36954534;5.21805477
-3.35954535;5.12955093
-3.34954535;5.12955093
-3.33954535;5.12955093
-3.32954535;5.04104757
-3.31954535;5.04104757
-3.30954535;5.21805477
-3.29954535;5.12955093
-3.28954535;5.12955093
-3.27954535;5.12955093
-3.26954535;5.12955093
-3.25954535;5.04104757
-3.24954535;5.21805477
-3.23954535;5.21805477
-3.22954535;5.12955093
-3.21954535;5.12955093
-3.20954535;5.12955093
-3.19954535;5.04104757
-3.18954535;5.12955093
-3.17954535;5.21805477
-3.16954535;5.12955093
-3.15954535;5.12955093
-3.14954535;5.12955093
-3.13954535;5.04104757
-3.12954535;5.12955093
-3.11954535;5.21805477
-3.10954535;5.12955093
-3.09954535;5.12955093
-3.08954535;5.12955093
-3.07954535;5.04104757
-3.06954535;5.12955093
-3.05954535;5.21805477
-3.04954535;5.21805477
-3.03954535;5.12955093
-3.02954535;5.12955093
-3.01954535;5.04104757
-3.00954535;5.12955093
-2.99954535;5.21805477
-2.98954535;5.12955093
-2.97954535;5.04104757
-2.96954535;5.12955093
-2.95954535;5.12955093
-2.94954535;5.04104757
-2.93954535;5.12955093
-2.92954535;5.12955093
-2.91954535;5.12955093
-2.90954535;5.12955093
-2.89954535;5.12955093
-2.88954535;5.04104757
-2.87954535;5.12955093
-2.86954535;5.21805477
-2.85954535;5.12955093
-2.84954535;5.12955093
-2.83954535;5.12955093
-2.82954535;5.04104757
-2.81954535;5.04104757
-2.80954535;5.21805477
-2.79954535;5.12955093
-2.78954535;5.12955093
-2.77954535;5.12955093
-2.76954535;5.12955093
-2.75954535;5.04104757
-2.74954535;5.21805477
-2.73954535;5.12955093
-2.72954535;5.12955093
-2.71954535;5.12955093
-2.70954535;5.12955093
-2.69954535;5.04104757
-2.68954535;5.12955093
-2.67954535;5.12955093
-2.66954535;5.12955093
-2.65954535;5.12955093
-2.64954535;5.12955093
-2.63954535;5.04104757
-2.62954535;5.12955093
-2.61954535;5.21805477
-2.60954535;5.12955093
-2.59954535;5.12955093
-2.58954535;5.12955093
-2.57954535;5.12955093
-2.56954535;5.04104757
-2.55954535;5.12955093
-2.54954535;5.12955093
-2.53954535;5.12955093
-2.52954535;5.12955093
-2.51954535;5.04104757
-2.50954535;5.04104757
-2.49954535;5.21805477
-2.48954535;5.12955093
-2.47954535;5.12955093
-2.46954535;5.12955093
-2.45954535;5.12955093
-2.44954535;5.04104757
-2.43954535;5.12955093
-2.42954535;5.21805477
-2.41954535;5.12955093
-2.40954535;5.21805477
-2.39954535;5.12955093
-2.38954535;5.04104757
-2.37954535;5.12955093
-2.36954535;5.21805477
-2.35954535;5.12955093
-2.34954535;5.12955093
-2.33954535;5.04104757
-2.32954535;5.12955093
-2.31954535;5.12955093
-2.30954535;5.12955093
-2.29954535;5.12955093
-2.28954535;5.12955093
-2.27954535;5.12955093
-2.26954535;5.12955093
-2.25954535;5.04104757
-2.24954535;5.21805477
-2.23954535;5.12955093
-2.22954535;5.12955093
-2.21954535;5.12955093
-2.20954535;5.12955093
-2.19954535;5.04104757
-2.18954535;5.12955093
-2.17954535;5.12955093
-2.16954535;5.12955093
-2.15954535;5.12955093
-2.14954535;5.12955093
-2.13954535;5.12955093
-2.12954535;5.12955093
-2.11954535;5.21805477
-2.10954535;5.12955093
-2.09954535;5.12955093
-2.08954535;5.12955093
-2.07954535;5.04104757
-2.06954535;5.12955093
-2.05954535;5.21805477
-2.04954535;5.12955093
-2.03954535;5.12955093
-2.02954535;5.12955093
-2.01954535;5.12955093
-2.00954535;5.04104757
-1.99954535;5.12955093
-1.98954535;5.12955093
-1.97954535;5.12955093
-1.96954535;5.12955093
-1.95954535;5.12955093
-1.94954535;5.04104757
-1.93954535;5.12955093
-1.92954535;5.12955093
-1.91954535;5.12955093
-1.90954535;5.12955093
-1.89954535;5.12955093
-1.88954535;5.04104757
-1.87954535;5.12955093
-1.86954535;5.12955093
-1.85954535;5.12955093
-1.84954535;5.12955093
-1.83954535;5.12955093
-1.82954535;5.12955093
-1.81954535;5.04104757
-1.80954535;5.12955093
-1.79954535;5.21805477
-1.78954535;5.12955093
-1.77954535;5.12955093
-1.76954535;5.12955093
-1.75954535;5.12955093
-1.74954535;5.12955093
-1.73954535;5.12955093
-1.72954535;5.04104757
-1.71954535;5.12955093
-1.70954536;5.12955093
-1.69954536;5.12955093
-1.68954536;5.12955093
-1.67954536;5.12955093
-1.66954536;5.12955093
-1.65954536;5.12955093
-1.64954536;5.12955093
-1.63954536;5.04104757
-1.62954536;5.12955093
-1.61954536;5.21805477
-1.60954536;5.12955093
-1.59954536;5.12955093
-1.58954536;5.12955093
-1.57954536;5.12955093
-1.56954536;5.12955093
-1.55954536;5.12955093
-1.54954536;5.21805477
-1.53954536;5.12955093
-1.52954536;5.12955093
-1.51954536;5.04104757
-1.50954536;5.04104757
-1.49954536;5.21805477
-1.48954536;5.12955093
-1.47954536;5.12955093
-1.46954536;5.12955093
-1.45954536;5.12955093
-1.44954536;5.04104757
-1.43954536;5.12955093
-1.42954536;5.21805477
-1.41954536;5.12955093
-1.40954536;5.12955093
-1.39954536;5.04104757
-1.38954536;5.04104757
-1.37954536;5.12955093
-1.36954536;5.21805477
-1.35954536;5.12955093
-1.34954536;5.12955093
-1.33954536;5.12955093
-1.32954536;5.12955093
-1.31954536;5.04104757
-1.30954536;5.21805477
-1.29954536;5.12955093
-1.28954536;5.12955093
-1.27954536;5.21805477
-1.26954536;5.12955093
-1.25954536;5.04104757
-1.24954536;5.21805477
-1.23954536;5.21805477
-1.22954536;5.12955093
-1.21954536;5.12955093
-1.20954536;5.04104757
-1.19954536;5.04104757
-1.18954536;5.21805477
-1.17954536;5.21805477
-1.16954536;5.12955093
-1.15954536;5.12955093
-1.14954536;5.12955093
-1.13954536;5.04104757
-1.12954536;5.12955093
-1.11954536;5.21805477
-1.10954536;5.12955093
-1.09954536;5.21805477
-1.08954536;5.12955093
-1.07954536;5.04104757
-1.06954536;5.04104757
-1.05954536;5.12955093
-1.04954536;5.12955093
-1.03954536;5.12955093
-1.02954536;5.12955093
-1.01954536;5.12955093
-1.00954536;5.04104757
-0.99954536;5.12955093
-0.98954536;5.21805477
-0.97954536;5.12955093
-0.96954536;5.21805477
-0.95954536;5.04104757
-0.94954536;5.04104757
-0.93954536;5.12955093
-0.92954536;5.12955093
-0.91954536;5.12955093
-0.90954536;5.12955093
-0.89954536;5.12955093
-0.88954536;5.12955093
-0.87954536;5.12955093
-0.86954536;5.21805477
-0.85954536;5.12955093
-0.84954536;5.12955093
-0.83954536;5.12955093
-0.82954536;5.12955093
-0.81954536;5.04104757
-0.80954536;5.21805477
-0.79954536;5.12955093
-0.78954536;5.12955093
-0.77954536;5.12955093
-0.76954536;5.12955093
-0.75954536;5.04104757
-0.74954536;5.12955093
-0.73954536;5.12955093
-0.72954536;5.12955093
-0.71954536;5.12955093
-0.70954536;5.12955093
-0.69954536;5.04104757
-0.68954536;5.12955093
-0.67954536;5.21805477
-0.66954536;5.12955093
-0.65954536;5.12955093
-0.64954536;5.12955093
-0.63954536;5.04104757
-0.62954536;5.04104757
-0.61954536;5.21805477
-0.60954536;5.12955093
-0.59954536;5.12955093
-0.58954536;5.12955093
-0.57954536;5.04104757
-0.56954536;5.04104757
-0.55954536;5.21805477
-0.54954536;5.12955093
-0.53954536;5.12955093
-0.52954536;5.12955093
-0.51954536;5.04104757
-0.50954536;5.04104757
-0.49954536;5.21805477
-0.48954536;5.21805477
-0.47954536;5.12955093
-0.46954536;5.12955093
-0.45954536;5.12955093
-0.44954536;5.12955093
-0.43954536;5.12955093
-0.42954536;5.21805477
-0.41954536;5.12955093
-0.40954536;5.12955093
-0.39954536;5.12955093
-0.38954536;5.04104757
-0.37954536;5.04104757
-0.36954536;5.12955093
-0.35954536;5.12955093
-0.34954536;5.12955093
-0.33954536;5.12955093
-0.32954536;5.04104757
-0.31954536;5.04104757
-0.30954536;5.21805477
-0.29954536;5.12955093
-0.28954536;5.12955093
-0.27954536;5.12955093
-0.26954536;5.04104757
-0.25954536;5.04104757
-0.24954536;5.21805477
-0.23954536;5.12955093
-0.22954536;5.12955093
-0.21954536;5.12955093
-0.20954536;5.12955093
-0.19954536;5.04104757
-0.18954536;5.12955093
-0.17954536;5.12955093
-0.16954536;5.12955093
-0.15954536;5.12955093
-0.14954536;5.12955093
-0.13954536;5.04104757
-0.12954536;5.12955093
-0.11954536;5.21805477
-0.10954536;5.12955093
-0.09954536;5.12955093
-0.08954536;5.12955093
-0.07954536;5.04104757
-0.06954537;5.04104757
-0.05954537;5.21805477
-0.04954537;5.12955093
-0.03954537;5.12955093
-0.02954537;5.12955093
-0.01954537;5.04104757
-0.00954537;4.86403990
0.00045463;-0.18127994
0.01045463;-0.35828730
0.02045463;-1.50883508
0.03045463;0.34974211
0.04045463;1.50028992
0.05045463;-0.09277627
0.06045463;-0.44679099
0.07045463;-0.26978362
0.08045463;0.52674949
0.09045463;0.34974211
0.10045463;-0.18127994
0.11045463;-0.18127994
0.12045463;0.08423109
0.13045463;0.26123846
0.14045463;0.08423109
0.15045463;-0.09277627
0.16045463;-0.00427259
0.17045463;0.17273477
0.18045463;0.08423109
0.19045463;-0.00427259
0.20045463;-0.00427259
0.21045463;0.08423109
0.22045463;0.08423109
0.23045463;0.08423109
0.24045463;0.08423109
0.25045463;0.08423109
0.26045463;0.08423109
0.27045463;0.08423109
0.28045463;0.08423109
0.29045463;0.08423109
0.30045463;0.08423109
0.31045463;0.08423109
0.32045463;0.08423109
0.33045463;0.08423109
0.34045463;0.08423109
0.35045463;0.08423109
0.36045463;0.08423109
0.37045463;0.08423109
0.38045463;0.08423109
0.39045463;0.08423109
0.40045463;0.08423109
0.41045463;0.08423109
0.42045463;0.08423109
0.43045463;0.08423109
0.44045463;0.08423109
0.45045463;-0.00427259
0.46045463;0.08423109
0.47045463;0.08423109
0.48045463;0.08423109
0.49045463;0.08423109
0.50045463;0.08423109
0.51045463;-0.00427259
0.52045463;0.08423109
0.53045463;0.08423109
0.54045463;0.08423109
0.55045463;0.08423109
0.56045463;0.08423109
0.57045463;0.08423109
0.58045463;0.08423109
0.59045463;0.08423109
0.60045463;0.08423109
0.61045463;0.08423109
0.62045463;0.08423109
0.63045463;0.08423109
0.64045463;0.08423109
0.65045463;0.08423109
0.66045463;0.08423109
0.67045463;0.08423109
0.68045463;0.08423109
0.69045463;0.08423109
0.70045463;0.08423109
0.71045463;0.08423109
0.72045463;0.08423109
0.73045463;0.08423109
0.74045463;0.08423109
0.75045463;0.08423109
0.76045463;-0.00427259
0.77045463;0.08423109
0.78045463;0.08423109
0.79045463;0.08423109
0.80045463;0.08423109
0.81045463;0.08423109
0.82045463;0.08423109
0.83045463;-0.00427259
0.84045463;0.08423109
0.85045463;0.08423109
0.86045463;0.08423109
0.87045463;0.08423109
0.88045463;0.08423109
0.89045463;-0.00427259
0.90045463;0.08423109
0.91045463;0.08423109
0.92045463;0.08423109
0.93045463;0.08423109
0.94045463;0.08423109
0.95045463;0.08423109
0.96045463;0.08423109
0.97045463;0.08423109
0.98045463;0.08423109
0.99045463;0.08423109
1.00045463;0.08423109
1.01045463;0.08423109
1.02045463;0.08423109
1.03045463;0.08423109
1.04045463;0.08423109
1.05045463;0.08423109
1.06045463;0.08423109
1.07045463;0.08423109
1.08045463;-0.00427259
1.09045463;0.08423109
1.10045463;0.08423109
1.11045463;0.08423109
1.12045463;0.08423109
1.13045463;-0.00427259
1.14045463;0.08423109
1.15045463;0.08423109
1.16045463;0.08423109
1.17045463;0.08423109
1.18045463;0.08423109
1.19045463;0.08423109
1.20045463;-0.00427259
1.21045463;0.08423109
1.22045463;0.08423109
1.23045463;0.08423109
1.24045463;0.08423109
1.25045463;0.08423109
1.26045463;-0.00427259
1.27045463;0.08423109
1.28045463;0.08423109
1.29045463;0.08423109
1.30045463;0.08423109
1.31045463;0.08423109
1.32045463;0.08423109
1.33045463;-0.00427259
1.34045463;0.08423109
1.35045463;0.08423109
1.36045463;0.08423109
1.37045463;0.08423109
1.38045463;-0.00427259
1.39045463;-0.00427259
1.40045463;0.08423109
1.41045463;0.08423109
1.42045463;-0.00427259
1.43045463;0.08423109
1.44045463;0.08423109
1.45045463;0.08423109
1.46045463;-0.00427259
1.47045463;0.08423109
1.48045463;0.08423109
1.49045463;0.08423109
1.50045463;0.08423109
1.51045463;-0.00427259
1.52045463;0.08423109
1.53045463;0.08423109
1.54045463;0.08423109
1.55045463;0.08423109
1.56045463;0.08423109
1.57045463;0.08423109
1.58045462;-0.00427259
1.59045462;0.08423109
1.60045462;0.08423109
1.61045462;0.08423109
1.62045462;-0.00427259
1.63045462;0.08423109
1.64045462;-0.00427259
1.65045462;0.08423109
1.66045462;0.08423109
1.67045462;0.08423109
1.68045462;0.08423109
1.69045462;-0.00427259
1.70045462;0.08423109
1.71045462;-0.00427259
1.72045462;-0.00427259
1.73045462;0.08423109
1.74045462;0.08423109
1.75045462;-0.00427259
1.76045462;0.08423109
1.77045462;0.08423109
1.78045462;0.08423109
1.79045462;0.08423109
1.80045462;0.08423109
1.81045462;-0.00427259
1.82045462;0.08423109
1.83045462;0.08423109
1.84045462;-0.00427259
1.85045462;0.08423109
1.86045462;0.08423109
1.87045462;0.08423109
1.88045462;-0.00427259
1.89045462;0.08423109
1.90045462;0.08423109
1.91045462;0.08423109
1.92045462;0.08423109
1.93045462;-0.00427259
1.94045462;-0.00427259
1.95045462;-0.00427259
1.96045462;0.08423109
1.97045462;-0.00427259
1.98045462;-0.00427259
1.99045462;0.08423109
2.00045462;0.08423109
2.01045462;0.08423109
2.02045462;-0.00427259
2.03045462;-0.00427259
2.04045462;-0.00427259
2.05045462;0.08423109
2.06045462;0.08423109
2.07045462;-0.00427259
2.08045462;0.08423109
2.09045462;0.08423109
2.10045462;-0.00427259
2.11045462;0.08423109
2.12045462;0.08423109
2.13045462;0.08423109
2.14045462;0.08423109
2.15045462;0.08423109
2.16045462;0.08423109
2.17045462;0.08423109
2.18045462;0.08423109
2.19045462;-0.00427259
2.20045462;-0.00427259
2.21045462;-0.00427259
2.22045462;0.08423109
2.23045462;0.08423109
2.24045462;0.08423109
2.25045462;0.08423109
2.26045462;-0.00427259
2.27045462;-0.00427259
2.28045462;-0.00427259
2.29045462;0.08423109
2.30045462;0.08423109
2.31045462;0.08423109
2.32045462;-0.00427259
2.33045462;0.08423109
2.34045462;0.08423109
2.35045462;0.08423109
2.36045462;0.08423109
2.37045462;0.08423109
2.38045462;-0.00427259
2.39045462;-0.00427259
2.40045462;0.08423109
2.41045462;-0.00427259
2.42045462;-0.00427259
2.43045462;0.08423109
2.44045462;0.08423109
2.45045462;-0.00427259
2.46045462;-0.00427259
2.47045462;-0.00427259
2.48045462;0.08423109
2.49045462;0.08423109
2.50045462;-0.00427259
2.51045462;-0.00427259
2.52045462;-0.00427259
2.53045462;-0.00427259
2.54045462;-0.00427259
2.55045462;0.08423109
2.56045462;0.08423109
2.57045462;0.08423109
2.58045462;-0.00427259
2.59045462;-0.00427259
2.60045462;0.08423109
2.61045462;0.08423109
2.62045462;0.08423109
2.63045462;-0.00427259
2.64045462;0.08423109
2.65045462;-0.00427259
2.66045462;-0.00427259
2.67045462;-0.00427259
2.68045462;0.08423109
2.69045462;-0.00427259
2.70045462;0.08423109
2.71045462;0.08423109
2.72045462;-0.00427259
2.73045462;0.08423109
2.74045462;0.08423109
2.75045462;-0.00427259
2.76045462;-0.00427259
2.77045462;-0.00427259
2.78045462;-0.00427259
2.79045462;-0.00427259
2.80045462;-0.00427259
2.81045462;0.08423109
2.82045462;-0.00427259
2.83045462;-0.00427259
2.84045462;-0.00427259
2.85045462;0.08423109
2.86045462;-0.00427259
2.87045462;-0.00427259
2.88045462;0.08423109
2.89045462;-0.00427259
2.90045462;0.08423109
2.91045462;-0.00427259
2.92045462;-0.00427259
2.93045462;0.08423109
2.94045462;-0.00427259
2.95045462;-0.00427259
2.96045462;-0.00427259
2.97045462;-0.00427259
2.98045462;-0.00427259
2.99045462;-0.00427259
3.00045462;0.08423109
3.01045462;-0.00427259
3.02045462;-0.00427259
3.03045462;-0.00427259
3.04045462;0.08423109
3.05045462;0.08423109
3.06045462;-0.00427259
3.07045462;-0.00427259
3.08045462;-0.00427259
3.09045462;0.08423109
3.10045462;-0.00427259
3.11045462;0.08423109
3.12045462;-0.00427259
3.13045462;-0.00427259
3.14045462;-0.00427259
3.15045462;0.08423109
3.16045462;-0.00427259
3.17045462;-0.00427259
3.18045462;0.08423109
3.19045462;-0.00427259
3.20045462;-0.00427259
3.21045462;-0.00427259
3.22045461;-0.00427259
3.23045461;0.08423109
3.24045461;-0.00427259
3.25045461;-0.00427259
3.26045461;-0.00427259
3.27045461;-0.00427259
3.28045461;-0.00427259
3.29045461;0.08423109
3.30045461;-0.00427259
3.31045461;0.08423109
3.32045461;-0.00427259
3.33045461;-0.00427259
3.34045461;-0.00427259
3.35045461;-0.00427259
3.36045461;0.08423109
3.37045461;0.08423109
3.38045461;0.08423109
3.39045461;-0.00427259
3.40045461;-0.00427259
3.41045461;-0.00427259
3.42045461;0.08423109
3.43045461;-0.00427259
3.44045461;-0.00427259
3.45045461;-0.00427259
3.46045461;-0.00427259
3.47045461;-0.00427259
3.48045461;-0.00427259
3.49045461;0.08423109
3.50045461;-0.00427259
3.51045461;-0.00427259
3.52045461;-0.00427259
3.53045461;0.08423109
3.54045461;-0.00427259
3.55045461;-0.00427259
3.56045461;0.08423109
3.57045461;-0.00427259
3.58045461;-0.00427259
3.59045461;-0.00427259
3.60045461;0.08423109
3.61045461;0.08423109
3.62045461;-0.00427259
3.63045461;-0.00427259
3.64045461;-0.00427259
3.65045461;-0.00427259
3.66045461;-0.00427259
3.67045461;0.08423109
3.68045461;0.08423109
3.69045461;-0.00427259
3.70045461;-0.00427259
3.71045461;-0.00427259
3.72045461;-0.00427259
3.73045461;-0.00427259
3.74045461;-0.00427259
3.75045461;-0.00427259
3.76045461;-0.00427259
3.77045461;-0.00427259
3.78045461;-0.00427259
3.79045461;-0.00427259
3.80045461;0.08423109
3.81045461;-0.00427259
3.82045461;-0.00427259
3.83045461;-0.00427259
3.84045461;-0.00427259
3.85045461;0.08423109
3.86045461;-0.00427259
3.87045461;0.08423109
3.88045461;-0.00427259
3.89045461;-0.00427259
3.90045461;-0.00427259
3.91045461;-0.00427259
3.92045461;-0.00427259
3.93045461;-0.00427259
3.94045461;-0.00427259
3.95045461;-0.00427259
3.96045461;-0.00427259
3.97045461;-0.00427259
3.98045461;-0.00427259
3.99045461;0.08423109
4.00045461;0.08423109
4.01045461;-0.00427259
4.02045461;-0.00427259
4.03045461;-0.00427259
4.04045461;-0.00427259
4.05045461;-0.00427259
4.06045461;-0.00427259
4.07045461;-0.00427259
4.08045461;-0.00427259
4.09045461;-0.00427259
4.10045461;-0.00427259
4.11045461;-0.00427259
4.12045461;0.08423109
4.13045461;-0.00427259
4.14045461;-0.00427259
4.15045461;-0.00427259
4.16045461;-0.00427259
4.17045461;-0.00427259
4.18045461;0.08423109
4.19045461;-0.00427259
4.20045461;-0.00427259
4.21045461;-0.00427259
4.22045461;0.08423109
4.23045461;0.08423109
4.24045461;0.08423109
4.25045461;0.08423109
4.26045461;-0.00427259
4.27045461;-0.00427259
4.28045461;-0.00427259
4.29045461;0.08423109
4.30045461;-0.00427259
4.31045461;-0.00427259
4.32045461;-0.00427259
4.33045461;-0.00427259
4.34045461;-0.00427259
4.35045461;-0.00427259
4.36045461;0.08423109
4.37045461;-0.00427259
4.38045461;-0.00427259
4.39045461;-0.00427259
4.40045461;-0.00427259
4.41045461;-0.00427259
4.42045461;-0.00427259
4.43045461;-0.00427259
4.44045461;0.08423109
4.45045461;-0.00427259
4.46045461;-0.00427259
4.47045461;-0.00427259
4.48045461;0.08423109
4.49045461;0.08423109
4.50045461;0.08423109
4.51045461;-0.00427259
4.52045461;-0.00427259
4.53045461;-0.00427259
4.54045461;0.08423109
4.55045461;-0.00427259
4.56045461;0.08423109
4.57045461;-0.00427259
4.58045461;-0.00427259
4.59045461;-0.00427259
4.60045461;0.08423109
4.61045461;-0.00427259
4.62045461;-0.00427259
4.63045461;-0.00427259
4.64045461;-0.00427259
4.65045461;-0.00427259
4.66045461;0.08423109
4.67045461;-0.00427259
4.68045461;-0.00427259
4.69045461;-0.00427259
4.70045461;-0.00427259
4.71045461;-0.00427259
4.72045461;-0.00427259
4.73045461;0.08423109
4.74045461;0.08423109
4.75045461;-0.00427259
4.76045461;-0.00427259
4.77045461;-0.00427259
4.78045461;-0.00427259
4.79045461;0.08423109
4.80045461;-0.00427259
4.81045461;-0.00427259
4.82045461;-0.00427259
4.83045461;-0.00427259
4.84045461;-0.00427259
4.85045461;-0.00427259
4.86045461;0.08423109
4.87045460;-0.00427259
4.88045460;-0.00427259
4.89045460;-0.00427259
4.90045460;-0.00427259
4.91045460;-0.00427259
4.92045460;-0.00427259
4.93045460;-0.00427259
4.94045460;0.08423109
4.95045460;-0.00427259
4.96045460;0.08423109
4.97045460;-0.00427259
4.98045460;-0.00427259
4.99045460;0.08423109
5.00045460;0.08423109
5.01045460;-0.00427259
5.02045460;-0.00427259
5.03045460;-0.00427259
5.04045460;0.08423109
5.05045460;-0.00427259
5.06045460;-0.00427259
5.07045460;-0.00427259
5.08045460;-0.00427259
5.09045460;-0.00427259
5.10045460;-0.00427259
5.11045460;-0.00427259
5.12045460;-0.00427259
5.13045460;-0.00427259
5.14045460;0.08423109
5.15045460;-0.00427259
5.16045460;0.08423109
5.17045460;-0.00427259
5.18045460;-0.00427259
5.19045460;-0.00427259
5.20045460;-0.00427259
5.21045460;-0.00427259
5.22045460;-0.00427259
5.23045460;-0.00427259
5.24045460;0.08423109
5.25045460;0.08423109
5.26045460;-0.00427259
5.27045460;-0.00427259
5.28045460;-0.00427259
5.29045460;0.08423109
5.30045460;-0.00427259
5.31045460;0.08423109
5.32045460;-0.00427259
5.33045460;-0.00427259
5.34045460;-0.00427259
5.35045460;0.08423109
5.36045460;-0.00427259
5.37045460;-0.00427259
5.38045460;-0.00427259
5.39045460;-0.00427259
5.40045460;-0.00427259
5.41045460;0.08423109
5.42045460;-0.00427259
5.43045460;0.08423109
5.44045460;-0.00427259
5.45045460;-0.00427259
5.46045460;-0.00427259
5.47045460;-0.00427259
5.48045460;0.08423109
5.49045460;-0.00427259
5.50045460;-0.00427259
5.51045460;-0.00427259
5.52045460;-0.00427259
5.53045460;-0.00427259
5.54045460;0.08423109
5.55045460;-0.00427259
5.56045460;0.08423109
5.57045460;-0.00427259
5.58045460;-0.00427259
5.59045460;0.08423109
5.60045460;0.08423109
5.61045460;-0.00427259
5.62045460;0.08423109
5.63045460;-0.00427259
5.64045460;-0.00427259
5.65045460;-0.00427259
5.66045460;-0.00427259
5.67045460;0.08423109
5.68045460;-0.00427259
5.69045460;0.08423109
5.70045460;-0.00427259
5.71045460;-0.00427259
5.72045460;-0.00427259
5.73045460;-0.00427259
5.74045460;0.08423109
5.75045460;-0.00427259
5.76045460;-0.00427259
5.77045460;-0.00427259
5.78045460;-0.00427259
5.79045460;-0.00427259
5.80045460;0.08423109
5.81045460;-0.00427259
5.82045460;-0.00427259
5.83045460;-0.00427259
5.84045460;-0.00427259
5.85045460;0.08423109
5.86045460;0.08423109
5.87045460;-0.00427259
5.88045460;-0.00427259
5.89045460;-0.00427259
5.90045460;-0.00427259
5.91045460;-0.00427259
5.92045460;0.08423109
5.93045460;-0.00427259
5.94045460;-0.00427259
5.95045460;-0.00427259
5.96045460;-0.00427259
5.97045460;-0.00427259
5.98045460;-0.00427259
5.99045460;0.08423109
6.00045460;-0.00427259
6.01045460;-0.00427259
6.02045460;-0.00427259
6.03045460;-0.00427259
6.04045460;-0.00427259
6.05045460;-0.00427259
6.06045460;0.08423109
6.07045460;-0.00427259
6.08045460;-0.00427259
6.09045460;-0.00427259
6.10045460;-0.00427259
6.11045460;-0.00427259
6.12045460;-0.00427259
6.13045460;-0.00427259
6.14045460;-0.00427259
6.15045460;-0.00427259
6.16045460;-0.00427259
6.17045460;-0.00427259
6.18045460;0.08423109
6.19045460;-0.00427259
6.20045460;-0.00427259
6.21045460;-0.00427259
6.22045460;0.08423109
6.23045460;0.08423109
6.24045460;-0.00427259
6.25045460;-0.00427259
6.26045460;-0.00427259
6.27045460;-0.00427259
6.28045460;-0.00427259
6.29045460;0.08423109
6.30045460;-0.00427259
6.31045460;-0.00427259
6.32045460;-0.00427259
6.33045460;-0.00427259
6.34045460;-0.00427259
6.35045460;-0.00427259
6.36045460;-0.00427259
6.37045460;-0.00427259
6.38045460;-0.00427259
6.39045460;-0.00427259
6.40045460;-0.00427259
6.41045460;-0.00427259
6.42045460;0.08423109
6.43045460;0.08423109
6.44045460;-0.00427259
6.45045460;-0.00427259
6.46045460;-0.00427259
6.47045460;0.08423109
6.48045460;0.08423109
6.49045460;0.08423109
6.50045460;-0.00427259
6.51045459;-0.00427259
6.52045459;-0.00427259
6.53045459;-0.00427259
6.54045459;0.08423109
6.55045459;-0.00427259
6.56045459;-0.00427259
6.57045459;-0.00427259
6.58045459;-0.00427259
6.59045459;-0.00427259
6.60045459;-0.00427259
6.61045459;-0.00427259
6.62045459;-0.00427259
6.63045459;-0.00427259
6.64045459;-0.00427259
6.65045459;-0.00427259
6.66045459;0.08423109
6.67045459;-0.00427259
6.68045459;-0.00427259
6.69045459;-0.00427259
6.70045459;-0.00427259
6.71045459;-0.00427259
6.72045459;-0.00427259
6.73045459;-0.00427259
6.74045459;-0.00427259
6.75045459;-0.00427259
6.76045459;-0.00427259
6.77045459;0.08423109
6.78045459;-0.00427259
6.79045459;0.08423109
6.80045459;0.08423109
6.81045459;0.08423109
6.82045459;-0.00427259
6.83045459;-0.00427259
6.84045459;-0.00427259
6.85045459;-0.00427259
6.86045459;0.08423109
6.87045459;0.08423109
6.88045459;-0.00427259
6.89045459;-0.00427259
6.90045459;-0.00427259
6.91045459;-0.00427259
6.92045459;0.08423109
6.93045459;-0.00427259
6.94045459;-0.00427259
6.95045459;-0.00427259
6.96045459;0.08423109
6.97045459;-0.00427259
6.98045459;0.08423109
6.99045459;-0.00427259
7.00045459;-0.00427259
7.01045459;-0.00427259
7.02045459;-0.00427259
7.03045459;-0.00427259
7.04045459;-0.00427259
7.05045459;0.08423109
7.06045459;-0.00427259
7.07045459;-0.00427259
7.08045459;-0.00427259
7.09045459;-0.00427259
7.10045459;-0.00427259
7.11045459;0.08423109
7.12045459;0.08423109
7.13045459;-0.00427259
7.14045459;-0.00427259
7.15045459;-0.00427259
7.16045459;0.08423109
7.17045459;-0.00427259
7.18045459;0.08423109
7.19045459;-0.00427259
7.20045459;-0.00427259
7.21045459;-0.00427259
7.22045459;-0.00427259
7.23045459;0.08423109
7.24045459;-0.00427259
7.25045459;-0.00427259
7.26045459;-0.00427259
7.27045459;-0.00427259
7.28045459;-0.00427259
7.29045459;-0.00427259
7.30045459;-0.00427259
7.31045459;-0.00427259
7.32045459;-0.00427259
7.33045459;-0.00427259
7.34045459;-0.00427259
7.35045459;-0.00427259
7.36045459;0.08423109
7.37045459;-0.00427259
7.38045459;-0.00427259
7.39045459;-0.00427259
7.40045459;-0.00427259
7.41045459;0.08423109
7.42045459;-0.00427259
7.43045459;-0.00427259
7.44045459;-0.00427259
7.45045459;-0.00427259
7.46045459;-0.00427259
7.47045459;-0.00427259
7.48045459;-0.00427259
7.49045459;-0.00427259
7.50045459;-0.00427259
7.51045459;-0.00427259
7.52045459;-0.00427259
7.53045459;-0.00427259
7.54045459;-0.00427259
7.55045459;-0.00427259
7.56045459;-0.00427259
7.57045459;-0.00427259
7.58045459;-0.00427259
7.59045459;-0.00427259
7.60045459;-0.00427259
7.61045459;0.08423109
7.62045459;-0.00427259
7.63045459;-0.00427259
7.64045459;-0.00427259
7.65045459;-0.00427259
7.66045459;0.08423109
7.67045459;0.08423109
7.68045459;-0.00427259
7.69045459;-0.00427259
7.70045459;-0.00427259
7.71045459;-0.00427259
7.72045459;-0.00427259
7.73045459;-0.00427259
7.74045459;0.08423109
7.75045459;-0.00427259
7.76045459;-0.00427259
7.77045459;-0.00427259
7.78045459;0.08423109
7.79045459;-0.00427259
7.80045459;0.08423109
7.81045459;-0.00427259
7.82045459;-0.00427259
7.83045459;-0.00427259
7.84045459;-0.00427259
7.85045459;-0.00427259
7.86045459;-0.00427259
7.87045459;0.08423109
7.88045459;-0.00427259
7.89045459;-0.00427259
7.90045459;-0.00427259
7.91045459;-0.00427259
7.92045459;-0.00427259
7.93045459;-0.00427259
7.94045459;-0.00427259
7.95045459;-0.00427259
7.96045459;-0.00427259
7.97045459;0.08423109
7.98045459;-0.00427259
7.99045459;-0.00427259
8.00045459;-0.00427259
8.01045459;-0.00427259
8.02045459;-0.00427259
8.03045459;0.08423109
8.04045459;-0.00427259
8.05045459;0.08423109
8.06045459;-0.00427259
8.07045459;-0.00427259
8.08045459;-0.00427259
8.09045459;-0.00427259
8.10045459;-0.00427259
8.11045459;-0.00427259
8.12045459;-0.00427259
8.13045459;-0.00427259
8.14045459;-0.00427259
8.15045459;-0.00427259
8.16045458;-0.00427259
8.17045458;-0.00427259
8.18045458;-0.00427259
8.19045458;0.08423109
8.20045458;-0.00427259
8.21045458;-0.00427259
8.22045458;-0.00427259
8.23045458;0.08423109
8.24045458;-0.00427259
8.25045458;-0.00427259
8.26045458;-0.00427259
8.27045458;-0.00427259
8.28045458;-0.00427259
8.29045458;0.08423109
8.30045458;-0.00427259
8.31045458;-0.00427259
8.32045458;-0.00427259
8.33045458;-0.00427259
8.34045458;-0.00427259
8.35045458;0.08423109
8.36045458;-0.00427259
8.37045458;-0.00427259
8.38045458;-0.00427259
8.39045458;-0.00427259
8.40045458;-0.00427259
8.41045458;-0.00427259
8.42045458;-0.00427259
8.43045458;-0.00427259
8.44045458;-0.00427259
8.45045458;-0.00427259
8.46045458;-0.00427259
8.47045458;-0.00427259
8.48045458;-0.00427259
8.49045458;-0.00427259
8.50045458;-0.00427259
8.51045458;-0.00427259
8.52045458;-0.00427259
8.53045458;0.08423109
8.54045458;-0.00427259
8.55045458;0.08423109
8.56045458;0.08423109
8.57045458;-0.00427259
8.58045458;-0.00427259
8.59045458;-0.00427259
8.60045458;0.08423109
8.61045458;0.08423109
8.62045458;0.08423109
8.63045458;-0.00427259
8.64045458;-0.00427259
8.65045458;-0.00427259
8.66045458;0.08423109
8.67045458;-0.00427259
8.68045458;-0.00427259
8.69045458;-0.00427259
8.70045458;-0.00427259
8.71045458;-0.00427259
8.72045458;-0.00427259
8.73045458;0.08423109
8.74045458;-0.00427259
8.75045458;-0.00427259
8.76045458;-0.00427259
8.77045458;-0.00427259
8.78045458;-0.00427259
8.79045458;0.08423109
8.80045458;-0.00427259
8.81045458;-0.00427259
8.82045458;-0.00427259
8.83045458;-0.00427259
8.84045458;-0.00427259
8.85045458;-0.00427259
8.86045458;-0.00427259
8.87045458;0.08423109
8.88045458;-0.00427259
8.89045458;-0.00427259
8.90045458;0.08423109
8.91045458;0.08423109
8.92045458;-0.00427259
8.93045458;-0.00427259
8.94045458;-0.00427259
8.95045458;-0.00427259
8.96045458;-0.00427259
8.97045458;-0.00427259
8.98045458;0.08423109
8.99045458;-0.00427259
9.00045458;0.08423109
9.01045458;-0.00427259
9.02045458;-0.00427259
9.03045458;0.08423109
9.04045458;-0.00427259
9.05045458;-0.00427259
9.06045458;-0.00427259
9.07045458;-0.00427259
9.08045458;-0.00427259
9.09045458;-0.00427259
9.10045458;-0.00427259
9.11045458;-0.00427259
9.12045458;0.08423109
9.13045458;-0.00427259
9.14045458;-0.00427259
9.15045458;-0.00427259
9.16045458;0.08423109
9.17045458;-0.00427259
9.18045458;0.08423109
9.19045458;-0.00427259
9.20045458;-0.00427259
9.21045458;-0.00427259
9.22045458;-0.00427259
9.23045458;0.08423109
9.24045458;0.08423109
9.25045458;-0.00427259
9.26045458;-0.00427259
9.27045458;-0.00427259
9.28045458;-0.00427259
9.29045458;0.08423109
9.30045458;-0.00427259
9.31045458;-0.00427259
9.32045458;-0.00427259
9.33045458;0.08423109
9.34045458;-0.00427259
9.35045458;0.08423109
9.36045458;-0.00427259
9.37045458;-0.00427259
9.38045458;0.08423109
9.39045458;-0.00427259
9.40045458;-0.00427259
9.41045458;0.08423109
9.42045458;-0.00427259
9.43045458;0.08423109
9.44045458;-0.00427259
9.45045458;-0.00427259
9.46045458;-0.00427259
9.47045458;-0.00427259
9.48045458;0.08423109
9.49045458;0.08423109
9.50045458;-0.00427259
9.51045458;-0.00427259
9.52045458;-0.00427259
9.53045458;-0.00427259
9.54045458;0.08423109
9.55045458;0.08423109
9.56045458;0.08423109
9.57045458;-0.00427259
9.58045458;-0.00427259
9.59045458;-0.00427259
9.60045458;0.08423109
9.61045458;0.08423109
9.62045458;-0.00427259
9.63045458;-0.00427259
9.64045458;-0.00427259
9.65045458;0.08423109
9.66045458;0.08423109
9.67045458;-0.00427259
9.68045458;-0.00427259
9.69045458;0.08423109
9.70045458;-0.00427259
9.71045458;-0.00427259
9.72045458;-0.00427259
9.73045458;-0.00427259
9.74045458;0.08423109
9.75045458;0.08423109
9.76045458;-0.00427259
9.77045458;-0.00427259
9.78045458;-0.00427259
9.79045458;-0.00427259
9.80045457;0.08423109
9.81045457;-0.00427259
9.82045457;-0.00427259
9.83045457;-0.00427259
9.84045457;-0.00427259
9.85045457;0.08423109
9.86045457;-0.00427259
9.87045457;-0.00427259
9.88045457;-0.00427259
9.89045457;-0.00427259
9.90045457;-0.00427259
9.91045457;-0.00427259
9.92045457;-0.00427259
9.93045457;0.08423109
9.94045457;-0.00427259
9.95045457;-0.00427259
9.96045457;-0.00427259
9.97045457;-0.00427259
9.98045457;0.08423109
9.99045457;-0.00427259
10.00045457;-0.00427259
10.01045457;-0.00427259
10.02045457;-0.00427259
10.03045457;-0.00427259
10.04045457;0.08423109
10.05045457;0.08423109
10.06045457;-0.00427259
10.07045457;-0.00427259
10.08045457;-0.00427259
10.09045457;-0.00427259
10.10045457;-0.00427259
10.11045457;-0.00427259
10.12045457;0.08423109
10.13045457;-0.00427259
10.14045457;-0.00427259
10.15045457;-0.00427259
10.16045457;0.08423109
10.17045457;-0.00427259
10.18045457;0.08423109
10.19045457;-0.00427259
10.20045457;0.08423109
10.21045457;-0.00427259
10.22045457;-0.00427259
10.23045457;0.08423109
10.24045457;0.08423109
10.25045457;-0.00427259
10.26045457;-0.00427259
10.27045457;-0.00427259
10.28045457;-0.00427259
10.29045457;-0.00427259
10.30045457;-0.00427259
10.31045457;-0.00427259
10.32045457;-0.00427259
10.33045457;-0.00427259
10.34045457;-0.00427259
10.35045457;-0.00427259
10.36045457;-0.00427259
10.37045457;-0.00427259
10.38045457;-0.00427259
10.39045457;0.08423109
10.40045457;-0.00427259
10.41045457;0.08423109
10.42045457;-0.00427259
10.43045457;0.08423109
10.44045457;-0.00427259
10.45045457;-0.00427259
10.46045457;-0.00427259
10.47045457;-0.00427259
10.48045457;-0.00427259
10.49045457;-0.00427259
10.50045457;-0.00427259
10.51045457;-0.00427259
10.52045457;-0.00427259
10.53045457;-0.00427259
10.54045457;-0.00427259
10.55045457;0.08423109
10.56045457;-0.00427259
10.57045457;-0.00427259
10.58045457;-0.00427259
10.59045457;-0.00427259
10.60045457;-0.00427259
10.61045457;-0.00427259
10.62045457;-0.00427259
10.63045457;-0.00427259
10.64045457;-0.00427259
10.65045457;-0.00427259
10.66045457;-0.00427259
10.67045457;0.08423109
10.68045457;-0.00427259
10.69045457;-0.00427259
10.70045457;-0.00427259
10.71045457;0.08423109
10.72045457;-0.00427259
10.73045457;-0.00427259
10.74045457;0.08423109
10.75045457;-0.00427259
10.76045457;-0.00427259
10.77045457;-0.00427259
10.78045457;0.08423109
10.79045457;-0.00427259
10.80045457;0.08423109
10.81045457;0.08423109
10.82045457;-0.00427259
10.83045457;-0.00427259
10.84045457;-0.00427259
10.85045457;0.08423109
10.86045457;-0.00427259
10.87045457;-0.00427259
10.88045457;0.08423109
10.89045457;-0.00427259
10.90045457;-0.00427259
10.91045457;-0.00427259
10.92045457;-0.00427259
10.93045457;-0.00427259
10.94045457;-0.00427259
10.95045457;-0.00427259
10.96045457;0.08423109
10.97045457;0.08423109
10.98045457;-0.00427259
10.99045457;0.08423109
11.00045457;-0.00427259
11.01045457;-0.00427259
11.02045457;-0.00427259
11.03045457;-0.00427259
11.04045457;0.08423109
11.05045457;0.08423109
11.06045457;-0.00427259
11.07045457;-0.00427259
11.08045457;-0.00427259
11.09045457;-0.00427259
11.10045457;0.08423109
11.11045457;-0.00427259
11.12045457;0.08423109
11.13045457;-0.00427259
11.14045457;-0.00427259
11.15045457;-0.00427259
11.16045457;-0.00427259
11.17045457;0.08423109
11.18045457;0.08423109
11.19045457;-0.00427259
11.20045457;-0.00427259
11.21045457;0.08423109
11.22045457;-0.00427259
11.23045457;0.08423109
11.24045457;0.08423109
11.25045457;-0.00427259
11.26045457;-0.00427259
11.27045457;-0.00427259
11.28045457;-0.00427259
11.29045457;-0.00427259
11.30045457;0.08423109
11.31045457;-0.00427259
11.32045457;-0.00427259
11.33045457;-0.00427259
11.34045457;-0.00427259
11.35045457;0.08423109
11.36045457;0.08423109
11.37045457;-0.00427259
11.38045457;-0.00427259
11.39045457;-0.00427259
11.40045457;-0.00427259
11.41045457;-0.00427259
11.42045457;-0.00427259
11.43045457;-0.00427259
11.44045457;0.08423109
11.45045456;-0.00427259
11.46045456;-0.00427259
11.47045456;-0.00427259
11.48045456;-0.00427259
11.49045456;-0.00427259
11.50045456;-0.00427259
11.51045456;-0.00427259
11.52045456;-0.00427259
11.53045456;-0.00427259
11.54045456;-0.00427259
11.55045456;0.08423109
11.56045456;-0.00427259
11.57045456;-0.00427259
11.58045456;-0.00427259
11.59045456;0.08423109
11.60045456;-0.00427259
11.61045456;0.08423109
11.62045456;0.08423109
11.63045456;-0.00427259
11.64045456;-0.00427259
11.65045456;-0.00427259
11.66045456;-0.00427259
11.67045456;0.08423109
11.68045456;-0.00427259
11.69045456;-0.00427259
11.70045456;0.08423109
11.71045456;0.08423109
11.72045456;-0.00427259
11.73045456;-0.00427259
11.74045456;-0.00427259
11.75045456;0.08423109
11.76045456;-0.00427259
11.77045456;-0.00427259
11.78045456;-0.00427259
11.79045456;0.08423109
11.80045456;0.08423109
11.81045456;0.08423109
11.82045456;0.08423109
11.83045456;-0.00427259
11.84045456;-0.00427259
11.85045456;-0.00427259
11.86045456;-0.00427259
11.87045456;0.08423109
11.88045456;-0.00427259
11.89045456;-0.00427259
11.90045456;-0.00427259
11.91045456;0.08423109
11.92045456;-0.00427259
11.93045456;-0.00427259
11.94045456;-0.00427259
11.95045456;-0.00427259
11.96045456;-0.00427259
11.97045456;-0.00427259
11.98045456;-0.00427259
11.99045456;0.08423109
12.00045456;0.08423109
12.01045456;-0.00427259
12.02045456;-0.00427259
12.03045456;-0.00427259
12.04045456;-0.00427259
12.05045456;-0.00427259
12.06045456;-0.00427259
12.07045456;-0.00427259
12.08045456;-0.00427259
12.09045456;-0.00427259
12.10045456;0.08423109
12.11045456;0.08423109
12.12045456;0.08423109
12.13045456;-0.00427259
12.14045456;-0.00427259
12.15045456;-0.00427259
12.16045456;-0.00427259
12.17045456;0.08423109
12.18045456;-0.00427259
12.19045456;-0.00427259
12.20045456;-0.00427259
12.21045456;-0.00427259
12.22045456;-0.00427259
12.23045456;0.08423109
12.24045456;-0.00427259
12.25045456;-0.00427259
12.26045456;-0.00427259
12.27045456;-0.00427259
12.28045456;-0.00427259
12.29045456;0.08423109
12.30045456;-0.00427259
12.31045456;-0.00427259
12.32045456;-0.00427259
12.33045456;0.08423109
12.34045456;-0.00427259
12.35045456;-0.00427259
12.36045456;-0.00427259
12.37045456;0.08423109
12.38045456;-0.00427259
12.39045456;-0.00427259
12.40045456;-0.00427259
12.41045456;0.08423109
12.42045456;0.08423109
12.43045456;0.08423109
12.44045456;-0.00427259
12.45045456;-0.00427259
12.46045456;-0.00427259
12.47045456;-0.00427259
12.48045456;0.08423109
12.49045456;-0.00427259
12.50045456;-0.00427259
12.51045456;-0.00427259
12.52045456;-0.00427259
12.53045456;0.08423109
12.54045456;-0.00427259
12.55045456;-0.00427259
12.56045456;-0.00427259
12.57045456;-0.00427259
12.58045456;-0.00427259
12.59045456;-0.00427259
12.60045456;-0.00427259
12.61045456;-0.00427259
12.62045456;-0.00427259
12.63045456;-0.00427259
12.64045456;-0.00427259
12.65045456;-0.00427259
12.66045456;-0.00427259
12.67045456;0.08423109
12.68045456;-0.00427259
12.69045456;-0.00427259
12.70045456;-0.00427259
12.71045456;-0.00427259
12.72045456;0.08423109
12.73045456;-0.00427259
12.74045456;-0.00427259
12.75045456;-0.00427259
12.76045456;-0.00427259
12.77045456;-0.00427259
12.78045456;-0.00427259
12.79045456;-0.00427259
12.80045456;-0.00427259
12.81045456;-0.00427259
12.82045456;-0.00427259
12.83045456;-0.00427259
12.84045456;0.08423109
12.85045456;-0.00427259
12.86045456;0.08423109
12.87045456;0.08423109
12.88045456;-0.00427259
12.89045456;-0.00427259
12.90045456;-0.00427259
12.91045456;-0.00427259
12.92045456;-0.00427259
12.93045456;-0.00427259
12.94045456;-0.00427259
12.95045456;-0.00427259
12.96045456;-0.00427259
12.97045456;0.08423109
12.98045456;-0.00427259
12.99045456;0.08423109
13.00045456;-0.00427259
13.01045456;-0.00427259
13.02045456;-0.00427259
13.03045456;-0.00427259
13.04045456;0.08423109
13.05045456;-0.00427259
13.06045456;0.08423109
13.07045456;-0.00427259
13.08045456;-0.00427259
13.09045455;-0.00427259
13.10045455;-0.00427259
13.11045455;-0.00427259
13.12045455;0.08423109
13.13045455;-0.00427259
13.14045455;-0.00427259
13.15045455;-0.00427259
13.16045455;-0.00427259
13.17045455;-0.00427259
13.18045455;-0.00427259
13.19045455;-0.00427259
13.20045455;-0.00427259
13.21045455;-0.00427259
13.22045455;0.08423109
13.23045455;-0.00427259
13.24045455;-0.00427259
13.25045455;-0.00427259
13.26045455;-0.00427259
13.27045455;-0.00427259
13.28045455;-0.00427259
13.29045455;0.08423109
13.30045455;-0.00427259
13.31045455;0.08423109
13.32045455;-0.00427259
13.33045455;-0.00427259
13.34045455;-0.00427259
13.35045455;0.08423109
13.36045455;0.08423109
13.37045455;-0.00427259
13.38045455;-0.00427259
13.39045455;-0.00427259
13.40045455;0.08423109
13.41045455;0.08423109
13.42045455;-0.00427259
13.43045455;-0.00427259
13.44045455;-0.00427259
13.45045455;-0.00427259
13.46045455;-0.00427259
13.47045455;-0.00427259
13.48045455;0.08423109
13.49045455;-0.00427259
13.50045455;-0.00427259
13.51045455;-0.00427259
13.52045455;-0.00427259
13.53045455;-0.00427259
13.54045455;0.08423109
13.55045455;-0.00427259
13.56045455;-0.00427259
13.57045455;-0.00427259
13.58045455;-0.00427259
13.59045455;-0.00427259
13.60045455;0.08423109
13.61045455;-0.00427259
13.62045455;-0.00427259
13.63045455;-0.00427259
13.64045455;-0.00427259
13.65045455;-0.00427259
13.66045455;-0.00427259
13.67045455;-0.00427259
13.68045455;-0.00427259
13.69045455;-0.00427259
13.70045455;-0.00427259
13.71045455;-0.00427259
13.72045455;-0.00427259
13.73045455;-0.00427259
13.74045455;0.08423109
13.75045455;-0.00427259
13.76045455;-0.00427259
13.77045455;-0.00427259
13.78045455;-0.00427259
13.79045455;-0.00427259
13.80045455;-0.00427259
13.81045455;-0.00427259
13.82045455;-0.00427259
13.83045455;-0.00427259
13.84045455;0.08423109
13.85045455;0.08423109
13.86045455;0.08423109
13.87045455;-0.00427259
13.88045455;0.08423109
13.89045455;-0.00427259
13.90045455;-0.00427259
13.91045455;0.08423109
13.92045455;0.08423109
13.93045455;0.08423109
13.94045455;-0.00427259
13.95045455;-0.00427259
13.96045455;-0.00427259
13.97045455;-0.00427259
13.98045455;0.08423109
13.99045455;0.08423109
14.00045455;-0.00427259
14.01045455;-0.00427259
14.02045455;0.08423109
14.03045455;0.08423109
14.04045455;-0.00427259
14.05045455;-0.00427259
14.06045455;0.08423109
14.07045455;0.08423109
14.08045455;-0.00427259
14.09045455;-0.00427259
14.10045455;-0.00427259
14.11045455;0.08423109
14.12045455;-0.00427259
14.13045455;-0.00427259
14.14045455;-0.00427259
14.15045455;-0.00427259
14.16045455;-0.00427259
14.17045455;0.08423109
14.18045455;0.08423109
14.19045455;-0.00427259
14.20045455;-0.00427259
14.21045455;0.08423109
14.22045455;0.08423109
14.23045455;0.08423109
14.24045455;-0.00427259
14.25045455;0.08423109
14.26045455;-0.00427259
14.27045455;-0.00427259
14.28045455;-0.00427259
14.29045455;0.08423109
14.30045455;-0.00427259
14.31045455;0.08423109
14.32045455;-0.00427259
14.33045455;-0.00427259
14.34045455;-0.00427259
14.35045455;-0.00427259
14.36045455;0.08423109
14.37045455;-0.00427259
14.38045455;-0.00427259
14.39045455;-0.00427259
14.40045455;0.08423109
14.41045455;0.08423109
14.42045455;0.08423109
14.43045455;0.08423109
14.44045455;-0.00427259
14.45045455;0.08423109
14.46045455;0.08423109
14.47045455;-0.00427259
14.48045455;-0.00427259
14.49045455;-0.00427259
14.50045455;-0.00427259
14.51045455;0.08423109
14.52045455;0.08423109
14.53045455;0.08423109
14.54045455;-0.00427259
14.55045455;0.08423109
14.56045455;-0.00427259
14.57045455;-0.00427259
14.58045455;-0.00427259
14.59045455;-0.00427259
14.60045455;0.08423109
14.61045455;-0.00427259
14.62045455;-0.00427259
14.63045455;-0.00427259
14.64045455;-0.00427259
14.65045455;0.08423109
14.66045455;-0.00427259
14.67045455;-0.00427259
14.68045455;-0.00427259
14.69045455;0.08423109
14.70045455;-0.00427259
14.71045455;-0.00427259
14.72045455;0.08423109
14.73045455;-0.00427259
14.74045454;-0.00427259
14.75045454;0.08423109
14.76045454;-0.00427259
14.77045454;-0.00427259
14.78045454;0.08423109
14.79045454;0.08423109
14.80045454;-0.00427259
14.81045454;0.08423109
14.82045454;-0.00427259
14.83045454;-0.00427259
14.84045454;-0.00427259
14.85045454;0.08423109
14.86045454;-0.00427259
14.87045454;-0.00427259
14.88045454;0.08423109
14.89045454;-0.00427259
14.90045454;-0.00427259
14.91045454;0.08423109
14.92045454;0.08423109
14.93045454;-0.00427259
14.94045454;0.08423109
14.95045454;-0.00427259
14.96045454;-0.00427259
14.97045454;-0.00427259
14.98045454;-0.00427259
14.99045454;0.08423109
15.00045454;-0.00427259
15.01045454;-0.00427259
15.02045454;-0.00427259
15.03045454;-0.00427259
15.04045454;-0.00427259
15.05045454;-0.00427259
15.06045454;-0.00427259
15.07045454;-0.00427259
15.08045454;-0.00427259
15.09045454;-0.00427259
15.10045454;0.08423109
15.11045454;-0.00427259
15.12045454;0.08423109
15.13045454;-0.00427259
15.14045454;-0.00427259
15.15045454;-0.00427259
15.16045454;-0.00427259
15.17045454;0.08423109
15.18045454;0.08423109
15.19045454;-0.00427259
15.20045454;-0.00427259
15.21045454;-0.00427259
15.22045454;-0.00427259
15.23045454;0.08423109
15.24045454;0.08423109
15.25045454;0.08423109
15.26045454;-0.00427259
15.27045454;-0.00427259
15.28045454;-0.00427259
15.29045454;0.08423109
15.30045454;-0.00427259
15.31045454;0.08423109
15.32045454;-0.00427259
15.33045454;-0.00427259
15.34045454;-0.00427259
15.35045454;-0.00427259
15.36045454;-0.00427259
15.37045454;0.08423109
15.38045454;-0.00427259
15.39045454;-0.00427259
15.40045454;-0.00427259
15.41045454;-0.00427259
15.42045454;-0.00427259
15.43045454;-0.00427259
15.44045454;-0.00427259
15.45045454;-0.00427259
15.46045454;-0.00427259
15.47045454;-0.00427259
15.48045454;0.08423109
15.49045454;-0.00427259
15.50045454;-0.00427259
15.51045454;-0.00427259
15.52045454;0.08423109
15.53045454;-0.00427259
15.54045454;-0.00427259
15.55045454;-0.00427259
15.56045454;0.08423109
15.57045454;0.08423109
15.58045454;-0.00427259
15.59045454;-0.00427259
15.60045454;-0.00427259
15.61045454;-0.00427259
15.62045454;-0.00427259
15.63045454;-0.00427259
15.64045454;-0.00427259
15.65045454;-0.00427259
15.66045454;-0.00427259
15.67045454;-0.00427259
15.68045454;-0.00427259
15.69045454;-0.00427259
15.70045454;-0.00427259
15.71045454;-0.00427259
15.72045454;0.08423109
15.73045454;-0.00427259
15.74045454;-0.00427259
15.75045454;-0.00427259
15.76045454;-0.00427259
15.77045454;-0.00427259
15.78045454;-0.00427259
15.79045454;-0.00427259
15.80045454;-0.00427259
15.81045454;-0.00427259
15.82045454;-0.00427259
15.83045454;-0.00427259
15.84045454;0.08423109
15.85045454;-0.00427259
15.86045454;-0.00427259
15.87045454;0.08423109
15.88045454;-0.00427259
15.89045454;-0.00427259
15.90045454;-0.00427259
15.91045454;0.08423109
15.92045454;-0.00427259
15.93045454;-0.00427259
15.94045454;-0.00427259
15.95045454;-0.00427259
15.96045454;-0.00427259
15.97045454;-0.00427259
15.98045454;-0.00427259
15.99045454;-0.00427259
16.00045454;-0.00427259
16.01045454;-0.00427259
16.02045454;-0.00427259
16.03045454;-0.00427259
16.04045454;0.08423109
16.05045454;-0.00427259
16.06045454;-0.00427259
16.07045454;-0.00427259
16.08045454;-0.00427259
16.09045454;-0.00427259
16.10045454;-0.00427259
16.11045454;-0.00427259
16.12045454;-0.00427259
16.13045454;0.08423109
16.14045454;-0.00427259
16.15045454;-0.00427259
16.16045454;-0.00427259
16.17045454;0.08423109
16.18045454;-0.00427259
16.19045454;-0.00427259
16.20045454;-0.00427259
16.21045454;-0.00427259
16.22045454;-0.00427259
16.23045454;-0.00427259
16.24045454;-0.00427259
16.25045454;-0.00427259
16.26045454;-0.00427259
16.27045454;-0.00427259
16.28045454;-0.00427259
16.29045454;0.08423109
16.30045454;-0.00427259
16.31045454;-0.00427259
16.32045454;0.08423109
16.33045454;-0.00427259
16.34045454;-0.00427259
16.35045454;0.08423109
16.36045454;-0.00427259
16.37045454;-0.00427259
16.38045454;-0.00427259
16.39045453;-0.00427259
16.40045453;-0.00427259
16.41045453;-0.00427259
16.42045453;-0.00427259
16.43045453;-0.00427259
16.44045453;-0.00427259
16.45045453;-0.00427259
16.46045453;-0.00427259
16.47045453;-0.00427259
16.48045453;-0.00427259
16.49045453;-0.00427259
16.50045453;-0.00427259
16.51045453;-0.00427259
16.52045453;-0.00427259
16.53045453;-0.00427259
16.54045453;-0.00427259
16.55045453;-0.00427259
16.56045453;0.08423109
16.57045453;-0.00427259
16.58045453;-0.00427259
16.59045453;-0.00427259
16.60045453;-0.00427259
16.61045453;-0.00427259
16.62045453;-0.00427259
16.63045453;-0.00427259
16.64045453;-0.00427259
16.65045453;-0.00427259
16.66045453;-0.00427259
16.67045453;-0.00427259
16.68045453;0.08423109
16.69045453;-0.00427259
16.70045453;-0.00427259
16.71045453;-0.00427259
16.72045453;-0.00427259
16.73045453;-0.00427259
16.74045453;0.08423109
16.75045453;-0.00427259
16.76045453;-0.00427259
16.77045453;-0.00427259
16.78045453;0.08423109
16.79045453;0.08423109
16.80045453;-0.00427259
16.81045453;-0.00427259
16.82045453;-0.00427259
16.83045453;-0.00427259
16.84045453;-0.00427259
16.85045453;-0.00427259
16.86045453;-0.00427259
16.87045453;0.08423109
16.88045453;-0.00427259
16.89045453;-0.00427259
16.90045453;-0.00427259
16.91045453;-0.00427259
16.92045453;-0.00427259
16.93045453;-0.00427259
16.94045453;-0.00427259
16.95045453;-0.00427259
16.96045453;-0.00427259
16.97045453;0.08423109
16.98045453;-0.00427259
16.99045453;-0.00427259
17.00045453;-0.00427259
17.01045453;-0.00427259
17.02045453;-0.00427259
17.03045453;-0.00427259
17.04045453;-0.00427259
17.05045453;-0.00427259
17.06045453;-0.00427259
17.07045453;-0.00427259
17.08045453;-0.00427259
17.09045453;-0.00427259
17.10045453;0.08423109
17.11045453;-0.00427259
17.12045453;0.08423109
17.13045453;-0.00427259
17.14045453;-0.00427259
17.15045453;-0.00427259
17.16045453;-0.00427259
17.17045453;-0.00427259
17.18045453;-0.00427259
17.19045453;-0.00427259
17.20045453;-0.00427259
17.21045453;-0.00427259
17.22045453;-0.00427259
17.23045453;-0.00427259
17.24045453;-0.00427259
17.25045453;0.08423109
17.26045453;-0.00427259
17.27045453;-0.00427259
17.28045453;-0.00427259
17.29045453;-0.00427259
17.30045453;-0.00427259
17.31045453;0.08423109
17.32045453;-0.00427259
17.33045453;-0.00427259
17.34045453;-0.00427259
17.35045453;-0.00427259
17.36045453;-0.00427259
17.37045453;0.08423109
17.38045453;-0.00427259
17.39045453;-0.00427259
17.40045453;-0.00427259
17.41045453;0.08423109
17.42045453;-0.00427259
17.43045453;-0.00427259
17.44045453;-0.00427259
17.45045453;-0.00427259
17.46045453;-0.00427259
17.47045453;-0.00427259
17.48045453;-0.00427259
17.49045453;-0.00427259
17.50045453;-0.00427259
17.51045453;-0.00427259
17.52045453;-0.00427259
17.53045453;-0.00427259
17.54045453;-0.00427259
17.55045453;-0.00427259
17.56045453;-0.00427259
17.57045453;-0.00427259
17.58045453;-0.00427259
17.59045453;-0.00427259
17.60045453;-0.00427259
17.61045453;-0.00427259
17.62045453;-0.00427259
17.63045453;-0.00427259
17.64045453;-0.00427259
17.65045453;-0.00427259
17.66045453;-0.00427259
17.67045453;-0.00427259
17.68045453;-0.00427259
17.69045453;-0.00427259
17.70045453;-0.00427259
17.71045453;-0.00427259
17.72045453;-0.00427259
17.73045453;-0.00427259
17.74045453;-0.00427259
17.75045453;-0.00427259
17.76045453;-0.00427259
17.77045453;-0.00427259
17.78045453;-0.00427259
17.79045453;-0.00427259
17.80045453;-0.00427259
17.81045453;-0.00427259
17.82045453;-0.00427259
17.83045453;-0.00427259
17.84045453;-0.00427259
17.85045453;-0.00427259
17.86045453;-0.00427259
17.87045453;0.08423109
17.88045453;-0.00427259
17.89045453;-0.00427259
17.90045453;-0.00427259
17.91045453;-0.00427259
17.92045453;-0.00427259
17.93045453;-0.00427259
17.94045453;-0.00427259
17.95045453;-0.00427259
17.96045453;-0.00427259
17.97045453;-0.00427259
17.98045453;-0.00427259
17.99045453;-0.00427259
18.00045453;-0.00427259
18.01045453;-0.00427259
18.02045453;-0.00427259
18.03045452;-0.00427259
18.04045452;-0.00427259
18.05045452;-0.00427259
18.06045452;-0.00427259
18.07045452;-0.00427259
18.08045452;-0.00427259
18.09045452;-0.00427259
18.10045452;0.08423109
18.11045452;-0.00427259
18.12045452;-0.00427259
18.13045452;-0.00427259
18.14045452;-0.00427259
18.15045452;-0.00427259
18.16045452;-0.00427259
18.17045452;-0.00427259
18.18045452;-0.00427259
18.19045452;-0.00427259
18.20045452;-0.00427259
18.21045452;-0.00427259
18.22045452;-0.00427259
18.23045452;-0.00427259
18.24045452;-0.00427259
18.25045452;-0.00427259
18.26045452;-0.00427259
18.27045452;-0.00427259
18.28045452;-0.00427259
18.29045452;-0.00427259
18.30045452;0.08423109
18.31045452;-0.00427259
18.32045452;-0.00427259
18.33045452;-0.00427259
18.34045452;-0.00427259
18.35045452;0.08423109
18.36045452;-0.00427259
18.37045452;0.08423109
18.38045452;-0.00427259
18.39045452;-0.00427259
18.40045452;-0.00427259
18.41045452;-0.00427259
18.42045452;-0.00427259
18.43045452;-0.00427259
18.44045452;-0.00427259
18.45045452;-0.00427259
18.46045452;-0.00427259
18.47045452;-0.00427259
18.48045452;-0.00427259
18.49045452;-0.00427259
18.50045452;-0.00427259
18.51045452;-0.00427259
18.52045452;-0.00427259
18.53045452;-0.00427259
18.54045452;-0.00427259
18.55045452;-0.00427259
18.56045452;-0.00427259
18.57045452;-0.00427259
18.58045452;-0.00427259
18.59045452;-0.00427259
18.60045452;-0.00427259
18.61045452;-0.00427259
18.62045452;-0.00427259
18.63045452;-0.00427259
18.64045452;-0.00427259
18.65045452;-0.00427259
18.66045452;-0.00427259
18.67045452;-0.00427259
18.68045452;-0.00427259
18.69045452;-0.00427259
18.70045452;-0.00427259
18.71045452;-0.00427259
18.72045452;-0.00427259
18.73045452;-0.00427259
18.74045452;-0.00427259
18.75045452;-0.00427259
18.76045452;-0.00427259
18.77045452;-0.00427259
18.78045452;-0.00427259
18.79045452;-0.00427259
18.80045452;-0.00427259
18.81045452;-0.00427259
18.82045452;-0.00427259
18.83045452;-0.00427259
18.84045452;-0.00427259
18.85045452;0.08423109
18.86045452;-0.00427259
18.87045452;0.08423109
18.88045452;-0.00427259
18.89045452;-0.00427259
18.90045452;-0.00427259
18.91045452;-0.00427259
18.92045452;-0.00427259
18.93045452;-0.00427259
18.94045452;-0.00427259
18.95045452;-0.00427259
18.96045452;-0.00427259
18.97045452;-0.00427259
18.98045452;-0.00427259
18.99045452;-0.00427259
19.00045452;0.08423109
19.01045452;-0.00427259
19.02045452;-0.00427259
19.03045452;-0.00427259
19.04045452;-0.00427259
19.05045452;0.08423109
19.06045452;-0.00427259
19.07045452;-0.00427259
19.08045452;-0.00427259
19.09045452;-0.00427259
19.10045452;-0.00427259
19.11045452;-0.00427259
19.12045452;0.08423109
19.13045452;-0.00427259
19.14045452;-0.00427259
19.15045452;-0.00427259
19.16045452;-0.00427259
19.17045452;-0.00427259
19.18045452;-0.00427259
19.19045452;-0.00427259
19.20045452;-0.00427259
19.21045452;-0.00427259
19.22045452;-0.00427259
19.23045452;-0.00427259
19.24045452;-0.00427259
19.25045452;-0.00427259
19.26045452;-0.00427259
19.27045452;0.08423109
19.28045452;-0.00427259
19.29045452;-0.00427259
19.30045452;-0.00427259
19.31045452;-0.00427259
19.32045452;-0.00427259
19.33045452;-0.00427259
19.34045452;-0.00427259
19.35045452;-0.00427259
19.36045452;-0.00427259
19.37045452;0.08423109
19.38045452;-0.00427259
19.39045452;-0.00427259
19.40045452;-0.00427259
19.41045452;-0.00427259
19.42045452;-0.00427259
19.43045452;-0.00427259
19.44045452;-0.00427259
19.45045452;-0.00427259
19.46045452;-0.00427259
19.47045452;-0.00427259
19.48045452;-0.00427259
19.49045452;-0.00427259
19.50045452;0.08423109
19.51045452;-0.00427259
19.52045452;-0.00427259
19.53045452;-0.00427259
19.54045452;-0.00427259
19.55045452;0.08423109
19.56045452;-0.00427259
19.57045452;-0.00427259
19.58045452;-0.00427259
19.59045452;-0.00427259
19.60045452;0.08423109
19.61045452;0.08423109
19.62045452;0.08423109
19.63045452;-0.00427259
19.64045452;-0.00427259
19.65045452;-0.00427259
19.66045452;0.08423109
19.67045452;-0.00427259
19.68045451;-0.00427259
19.69045451;-0.00427259
19.70045451;-0.00427259
19.71045451;-0.00427259
19.72045451;-0.00427259
19.73045451;-0.00427259
19.74045451;0.08423109
19.75045451;0.08423109
19.76045451;-0.00427259
19.77045451;-0.00427259
19.78045451;-0.00427259
19.79045451;-0.00427259
19.80045451;0.08423109
19.81045451;-0.00427259
19.82045451;-0.00427259
19.83045451;-0.00427259
19.84045451;-0.00427259
19.85045451;0.08423109
19.86045451;-0.00427259
19.87045451;0.08423109
19.88045451;-0.00427259
19.89045451;-0.00427259
19.90045451;-0.00427259
19.91045451;-0.00427259
19.92045451;-0.00427259
19.93045451;-0.00427259
19.94045451;0.08423109
19.95045451;-0.00427259
19.96045451;-0.00427259
19.97045451;-0.00427259
19.98045451;-0.00427259
19.99045451;-0.00427259
20.00045451;-0.00427259
20.01045451;-0.00427259
20.02045451;-0.00427259
20.03045451;-0.00427259
20.04045451;-0.00427259
20.05045451;-0.00427259
20.06045451;-0.00427259
20.07045451;-0.00427259
20.08045451;-0.00427259
20.09045451;-0.00427259
20.10045451;-0.00427259
20.11045451;-0.00427259
20.12045451;0.08423109
20.13045451;-0.00427259
20.14045451;-0.00427259
20.15045451;-0.00427259
20.16045451;-0.00427259
20.17045451;-0.00427259
20.18045451;-0.00427259
20.19045451;-0.00427259
20.20045451;-0.09277627
20.21045451;-0.00427259
20.22045451;-0.00427259
20.23045451;-0.00427259
20.24045451;-0.00427259
20.25045451;-0.00427259
20.26045451;-0.00427259
20.27045451;-0.00427259
20.28045451;-0.00427259
20.29045451;-0.00427259
20.30045451;-0.00427259
20.31045451;0.08423109
20.32045451;0.08423109
20.33045451;0.08423109
20.34045451;-0.00427259
20.35045451;-0.00427259
20.36045451;-0.00427259
20.37045451;0.08423109
20.38045451;-0.00427259
20.39045451;-0.00427259
20.40045451;-0.00427259
20.41045451;0.08423109
20.42045451;-0.00427259
20.43045451;0.08423109
20.44045451;-0.00427259
20.45045451;-0.00427259
20.46045451;-0.00427259
20.47045451;-0.00427259
20.48045451;-0.00427259
20.49045451;0.08423109
20.50045451;-0.00427259
20.51045451;-0.00427259
20.52045451;-0.00427259
20.53045451;0.08423109
20.54045451;-0.00427259
20.55045451;-0.00427259
20.56045451;-0.00427259
20.57045451;0.08423109
20.58045451;0.08423109
20.59045451;0.08423109
20.60045451;-0.00427259
20.61045451;-0.00427259
20.62045451;-0.00427259
20.63045451;-0.00427259
20.64045451;-0.00427259
20.65045451;-0.00427259
20.66045451;-0.00427259
20.67045451;-0.00427259
20.68045451;-0.00427259
20.69045451;-0.00427259
20.70045451;-0.00427259
20.71045451;-0.00427259
20.72045451;-0.00427259
20.73045451;0.08423109
20.74045451;-0.00427259
20.75045451;-0.00427259
20.76045451;-0.00427259
20.77045451;-0.00427259
20.78045451;-0.00427259
20.79045451;0.08423109
20.80045451;-0.00427259
20.81045451;-0.00427259
20.82045451;-0.00427259
20.83045451;-0.00427259
20.84045451;-0.00427259
20.85045451;-0.00427259
20.86045451;0.08423109
20.87045451;-0.00427259
20.88045451;0.08423109
20.89045451;-0.00427259
20.90045451;-0.00427259
20.91045451;-0.00427259
20.92045451;0.08423109
20.93045451;0.08423109
20.94045451;-0.00427259
20.95045451;-0.00427259
20.96045451;-0.00427259
20.97045451;-0.00427259
20.98045451;-0.00427259
20.99045451;-0.00427259
21.00045451;-0.00427259
21.01045451;-0.00427259
21.02045451;-0.00427259
21.03045451;-0.00427259
21.04045451;-0.00427259
21.05045451;-0.00427259
21.06045451;0.08423109
21.07045451;-0.00427259
21.08045451;-0.00427259
21.09045451;-0.00427259
21.10045451;-0.00427259
21.11045451;-0.00427259
21.12045451;0.08423109
21.13045451;-0.00427259
21.14045451;-0.00427259
21.15045451;-0.00427259
21.16045451;0.08423109
21.17045451;-0.00427259
21.18045451;0.08423109
21.19045451;-0.00427259
21.20045451;-0.00427259
21.21045451;0.08423109
21.22045451;-0.00427259
21.23045451;-0.00427259
21.24045451;-0.00427259
21.25045451;-0.00427259
21.26045451;-0.00427259
21.27045451;-0.00427259
21.28045451;-0.00427259
21.29045451;-0.00427259
21.30045451;-0.00427259
21.31045451;-0.00427259
21.32045450;-0.00427259
21.33045450;0.08423109
21.34045450;0.08423109
21.35045450;-0.00427259
21.36045450;-0.00427259
21.37045450;0.08423109
21.38045450;-0.00427259
21.39045450;-0.00427259
21.40045450;-0.00427259
21.41045450;0.08423109
21.42045450;0.08423109
21.43045450;-0.00427259
21.44045450;-0.00427259
21.45045450;-0.00427259
21.46045450;-0.00427259
21.47045450;-0.00427259
21.48045450;-0.00427259
21.49045450;-0.00427259
21.50045450;0.08423109
21.51045450;-0.00427259
21.52045450;-0.00427259
21.53045450;0.08423109
21.54045450;-0.00427259
21.55045450;-0.00427259
21.56045450;-0.00427259
21.57045450;-0.00427259
21.58045450;-0.00427259
21.59045450;-0.00427259
21.60045450;-0.00427259
21.61045450;-0.00427259
21.62045450;0.08423109
21.63045450;-0.00427259
21.64045450;-0.00427259
21.65045450;-0.00427259
21.66045450;0.08423109
21.67045450;0.08423109
21.68045450;-0.00427259
21.69045450;-0.00427259
21.70045450;0.08423109
21.71045450;-0.00427259
21.72045450;-0.00427259
21.73045450;0.08423109
21.74045450;0.08423109
21.75045450;-0.00427259
21.76045450;-0.00427259
21.77045450;-0.00427259
21.78045450;0.08423109
21.79045450;-0.00427259
21.80045450;-0.00427259
21.81045450;-0.00427259
21.82045450;0.08423109
21.83045450;-0.00427259
21.84045450;0.08423109
21.85045450;-0.00427259
21.86045450;-0.00427259
21.87045450;-0.00427259
21.88045450;-0.00427259
21.89045450;-0.00427259
21.90045450;-0.00427259
21.91045450;-0.00427259
21.92045450;-0.00427259
21.93045450;-0.00427259
21.94045450;-0.00427259
21.95045450;-0.00427259
21.96045450;-0.00427259
21.97045450;-0.00427259
21.98045450;-0.00427259
21.99045450;0.08423109
22.00045450;-0.00427259
22.01045450;-0.00427259
22.02045450;-0.00427259
22.03045450;-0.00427259
22.04045450;0.08423109
22.05045450;0.08423109
22.06045450;-0.00427259
22.07045450;-0.00427259
22.08045450;-0.00427259
22.09045450;-0.00427259
22.10045450;-0.00427259
22.11045450;-0.00427259
22.12045450;-0.00427259
22.13045450;-0.00427259
22.14045450;-0.00427259
22.15045450;-0.00427259
22.16045450;-0.00427259
22.17045450;0.08423109
22.18045450;-0.00427259
22.19045450;-0.00427259
22.20045450;-0.00427259
22.21045450;-0.00427259
22.22045450;-0.00427259
22.23045450;0.08423109
22.24045450;-0.00427259
22.25045450;-0.00427259
22.26045450;-0.00427259
22.27045450;-0.00427259
22.28045450;-0.00427259
22.29045450;-0.00427259
22.30045450;0.08423109
22.31045450;-0.00427259
22.32045450;-0.00427259
22.33045450;0.08423109
22.34045450;-0.00427259
22.35045450;-0.00427259
22.36045450;0.08423109
22.37045450;-0.00427259
22.38045450;-0.00427259
22.39045450;-0.00427259
22.40045450;-0.00427259
22.41045450;0.08423109
22.42045450;-0.00427259
22.43045450;-0.00427259
22.44045450;-0.00427259
22.45045450;-0.00427259
22.46045450;-0.00427259
22.47045450;-0.00427259
22.48045450;0.08423109
22.49045450;-0.00427259
22.50045450;-0.00427259
22.51045450;-0.00427259
22.52045450;0.08423109
22.53045450;-0.00427259
22.54045450;0.08423109
22.55045450;-0.00427259
22.56045450;-0.00427259
22.57045450;-0.00427259
22.58045450;-0.00427259
22.59045450;-0.00427259
22.60045450;-0.00427259
22.61045450;0.08423109
22.62045450;0.08423109
22.63045450;0.08423109
22.64045450;-0.00427259
22.65045450;-0.09277627
22.66045450;-0.00427259
22.67045450;0.08423109
22.68045450;0.08423109
22.69045450;-0.00427259
22.70045450;-0.00427259
22.71045450;-0.00427259
22.72045450;0.08423109
22.73045450;-0.00427259
22.74045450;0.08423109
22.75045450;-0.00427259
22.76045450;-0.00427259
22.77045450;-0.00427259
22.78045450;-0.00427259
22.79045450;-0.00427259
22.80045450;-0.00427259
22.81045450;0.08423109
22.82045450;0.08423109
22.83045450;-0.00427259
22.84045450;-0.00427259
22.85045450;-0.00427259
22.86045450;-0.00427259
22.87045450;0.08423109
22.88045450;0.08423109
22.89045450;-0.00427259
22.90045450;-0.00427259
22.91045450;-0.00427259
22.92045450;-0.00427259
22.93045450;-0.00427259
22.94045450;-0.00427259
22.95045450;-0.00427259
22.96045450;-0.00427259
22.97045449;-0.00427259
22.98045449;0.08423109
22.99045449;-0.00427259
23.00045449;-0.00427259
23.01045449;-0.00427259
23.02045449;-0.00427259
23.03045449;-0.00427259
23.04045449;-0.00427259
23.05045449;0.08423109
23.06045449;0.08423109
23.07045449;-0.00427259
23.08045449;-0.00427259
23.09045449;-0.00427259
23.10045449;-0.00427259
23.11045449;-0.00427259
23.12045449;-0.00427259
23.13045449;-0.00427259
23.14045449;-0.00427259
23.15045449;-0.00427259
23.16045449;-0.00427259
23.17045449;-0.00427259
23.18045449;0.08423109
23.19045449;-0.00427259
23.20045449;-0.00427259
23.21045449;0.08423109
23.22045449;-0.00427259
23.23045449;-0.00427259
23.24045449;-0.00427259
23.25045449;-0.00427259
23.26045449;-0.00427259
23.27045449;-0.00427259
23.28045449;-0.00427259
23.29045449;-0.00427259
23.30045449;0.08423109
23.31045449;-0.00427259
23.32045449;-0.00427259
23.33045449;-0.00427259
23.34045449;-0.00427259
23.35045449;-0.00427259
23.36045449;-0.00427259
23.37045449;0.08423109
23.38045449;-0.00427259
23.39045449;-0.00427259
23.40045449;-0.00427259
23.41045449;0.08423109
23.42045449;-0.00427259
23.43045449;0.08423109
23.44045449;0.08423109
23.45045449;-0.00427259
23.46045449;-0.00427259
23.47045449;-0.00427259
23.48045449;-0.00427259
23.49045449;-0.00427259
23.50045449;-0.00427259
23.51045449;-0.00427259
23.52045449;-0.00427259
23.53045449;0.08423109
23.54045449;0.08423109
23.55045449;-0.00427259
23.56045449;-0.00427259
23.57045449;-0.00427259
23.58045449;-0.00427259
23.59045449;-0.00427259
23.60045449;-0.00427259
23.61045449;-0.00427259
23.62045449;0.08423109
23.63045449;-0.00427259
23.64045449;-0.00427259
23.65045449;-0.00427259
23.66045449;0.08423109
23.67045449;-0.00427259
23.68045449;0.08423109
23.69045449;0.08423109
23.70045449;-0.00427259
23.71045449;-0.00427259
23.72045449;-0.00427259
23.73045449;0.08423109
23.74045449;0.08423109
23.75045449;-0.00427259
23.76045449;-0.00427259
23.77045449;-0.00427259
23.78045449;0.08423109
23.79045449;0.08423109
23.80045449;-0.00427259
23.81045449;-0.00427259
23.82045449;-0.00427259
23.83045449;-0.00427259
23.84045449;-0.00427259
23.85045449;0.08423109
23.86045449;0.08423109
23.87045449;-0.00427259
23.88045449;-0.00427259
23.89045449;-0.00427259
23.90045449;0.08423109
23.91045449;-0.00427259
23.92045449;0.08423109
23.93045449;-0.00427259
23.94045449;-0.00427259
23.95045449;-0.00427259
23.96045449;-0.00427259
23.97045449;-0.00427259
23.98045449;0.08423109
23.99045449;0.08423109
24.00045449;-0.00427259
24.01045449;-0.00427259
24.02045449;-0.00427259
24.03045449;-0.00427259
24.04045449;-0.00427259
24.05045449;0.08423109
24.06045449;-0.00427259
24.07045449;-0.00427259
24.08045449;-0.00427259
24.09045449;-0.00427259
24.10045449;0.08423109
24.11045449;0.08423109
24.12045449;-0.00427259
24.13045449;-0.00427259
24.14045449;-0.00427259
24.15045449;-0.00427259
24.16045449;0.08423109
24.17045449;-0.00427259
24.18045449;-0.00427259
24.19045449;0.08423109
24.20045449;-0.00427259
24.21045449;0.08423109
24.22045449;-0.00427259
24.23045449;-0.00427259
24.24045449;-0.00427259
24.25045449;-0.00427259
24.26045449;-0.00427259
24.27045449;-0.00427259
24.28045449;-0.00427259
24.29045449;0.08423109
24.30045449;-0.00427259
24.31045449;-0.00427259
24.32045449;-0.00427259
24.33045449;-0.00427259
24.34045449;-0.00427259
24.35045449;-0.00427259
24.36045449;-0.00427259
24.37045449;0.08423109
24.38045449;0.08423109
24.39045449;0.08423109
24.40045449;-0.00427259
24.41045449;0.08423109
24.42045449;-0.00427259
24.43045449;0.08423109
24.44045449;-0.00427259
24.45045449;-0.00427259
24.46045449;-0.00427259
24.47045449;-0.00427259
24.48045449;-0.00427259
24.49045449;-0.00427259
24.50045449;-0.00427259
24.51045449;-0.00427259
24.52045449;-0.00427259
24.53045449;-0.00427259
24.54045449;0.08423109
24.55045449;0.08423109
24.56045449;-0.00427259
24.57045449;-0.00427259
24.58045449;-0.00427259
24.59045449;-0.00427259
24.60045449;-0.00427259
24.61045448;-0.00427259
24.62045448;0.08423109
24.63045448;0.08423109
24.64045448;-0.00427259
24.65045448;-0.00427259
24.66045448;-0.00427259
24.67045448;0.08423109
24.68045448;-0.00427259
24.69045448;0.08423109
24.70045448;-0.00427259
24.71045448;-0.00427259
24.72045448;-0.00427259
24.73045448;-0.00427259
24.74045448;0.08423109
24.75045448;-0.00427259
24.76045448;-0.00427259
24.77045448;-0.00427259
24.78045448;-0.00427259
24.79045448;0.08423109
24.80045448;0.08423109
24.81045448;-0.00427259
24.82045448;-0.00427259
24.83045448;-0.00427259
24.84045448;0.08423109
24.85045448;0.08423109
24.86045448;-0.00427259
24.87045448;0.08423109
24.88045448;-0.00427259
24.89045448;-0.00427259
24.90045448;0.08423109
24.91045448;0.08423109
24.92045448;-0.00427259
24.93045448;-0.00427259
24.94045448;-0.00427259
24.95045448;-0.00427259
24.96045448;-0.00427259
24.97045448;-0.00427259
24.98045448;-0.00427259
24.99045448;0.08423109
25.00045448;-0.00427259
