(us);(V)

-25.02736243;5.12955093
-25.01736243;5.04104757
-25.00736243;5.12955093
-24.99736243;5.21805477
-24.98736243;5.12955093
-24.97736243;5.21805477
-24.96736243;5.04104757
-24.95736243;5.04104757
-24.94736243;5.12955093
-24.93736243;5.21805477
-24.92736243;5.12955093
-24.91736243;5.12955093
-24.90736243;5.12955093
-24.89736243;5.12955093
-24.88736243;5.04104757
-24.87736243;5.12955093
-24.86736243;5.12955093
-24.85736243;5.12955093
-24.84736243;5.12955093
-24.83736243;5.04104757
-24.82736243;5.04104757
-24.81736243;5.21805477
-24.80736243;5.21805477
-24.79736243;5.12955093
-24.78736243;5.12955093
-24.77736243;5.04104757
-24.76736243;5.12955093
-24.75736243;5.21805477
-24.74736243;5.21805477
-24.73736243;5.12955093
-24.72736243;5.12955093
-24.71736243;5.12955093
-24.70736243;5.12955093
-24.69736243;5.12955093
-24.68736243;5.12955093
-24.67736243;5.12955093
-24.66736243;5.12955093
-24.65736243;5.12955093
-24.64736243;5.12955093
-24.63736243;5.04104757
-24.62736243;5.21805477
-24.61736243;5.12955093
-24.60736243;5.12955093
-24.59736243;5.21805477
-24.58736243;5.04104757
-24.57736243;5.04104757
-24.56736243;5.21805477
-24.55736243;5.21805477
-24.54736243;5.12955093
-24.53736243;5.12955093
-24.52736243;5.04104757
-24.51736243;5.04104757
-24.50736243;5.21805477
-24.49736243;5.21805477
-24.48736243;5.12955093
-24.47736243;5.12955093
-24.46736243;5.12955093
-24.45736243;5.12955093
-24.44736243;5.12955093
-24.43736243;5.21805477
-24.42736243;5.12955093
-24.41736243;5.12955093
-24.40736243;5.12955093
-24.39736243;5.04104757
-24.38736243;5.04104757
-24.37736243;5.21805477
-24.36736243;5.12955093
-24.35736243;5.12955093
-24.34736243;5.12955093
-24.33736243;5.04104757
-24.32736243;5.04104757
-24.31736243;5.21805477
-24.30736243;5.21805477
-24.29736243;5.12955093
-24.28736243;5.12955093
-24.27736243;5.12955093
-24.26736243;5.04104757
-24.25736243;5.12955093
-24.24736243;5.21805477
-24.23736243;5.12955093
-24.22736243;5.12955093
-24.21736243;5.12955093
-24.20736243;5.04104757
-24.19736243;5.12955093
-24.18736243;5.21805477
-24.17736243;5.12955093
-24.16736243;5.12955093
-24.15736243;5.12955093
-24.14736243;5.12955093
-24.13736243;5.04104757
-24.12736243;5.21805477
-24.11736243;5.12955093
-24.10736243;5.12955093
-24.09736243;5.12955093
-24.08736243;5.04104757
-24.07736243;5.04104757
-24.06736243;5.21805477
-24.05736243;5.12955093
-24.04736243;5.12955093
-24.03736243;5.12955093
-24.02736243;5.12955093
-24.01736243;5.04104757
-24.00736243;5.12955093
-23.99736243;5.21805477
-23.98736243;5.12955093
-23.97736243;5.21805477
-23.96736243;5.12955093
-23.95736243;5.04104757
-23.94736243;5.04104757
-23.93736243;5.21805477
-23.92736243;5.12955093
-23.91736243;5.12955093
-23.90736243;5.12955093
-23.89736243;5.12955093
-23.88736243;5.04104757
-23.87736243;5.21805477
-23.86736243;5.12955093
-23.85736243;5.12955093
-23.84736243;5.12955093
-23.83736243;5.04104757
-23.82736243;4.95254374
-23.81736243;5.12955093
-23.80736243;5.21805477
-23.79736243;5.12955093
-23.78736243;5.12955093
-23.77736243;5.04104757
-23.76736243;5.04104757
-23.75736243;5.12955093
-23.74736243;5.21805477
-23.73736243;5.12955093
-23.72736243;5.12955093
-23.71736243;5.12955093
-23.70736243;5.04104757
-23.69736243;5.12955093
-23.68736243;5.21805477
-23.67736243;5.12955093
-23.66736243;5.12955093
-23.65736243;5.12955093
-23.64736243;5.04104757
-23.63736243;5.12955093
-23.62736243;5.21805477
-23.61736243;5.12955093
-23.60736243;5.04104757
-23.59736243;5.12955093
-23.58736243;5.04104757
-23.57736243;5.04104757
-23.56736243;5.21805477
-23.55736243;5.12955093
-23.54736244;5.12955093
-23.53736244;5.12955093
-23.52736244;5.12955093
-23.51736244;5.04104757
-23.50736244;5.12955093
-23.49736244;5.21805477
-23.48736244;5.12955093
-23.47736244;5.12955093
-23.46736244;5.12955093
-23.45736244;5.04104757
-23.44736244;5.12955093
-23.43736244;5.21805477
-23.42736244;5.12955093
-23.41736244;5.04104757
-23.40736244;5.12955093
-23.39736244;5.04104757
-23.38736244;5.04104757
-23.37736244;5.12955093
-23.36736244;5.12955093
-23.35736244;5.12955093
-23.34736244;5.12955093
-23.33736244;5.04104757
-23.32736244;5.04104757
-23.31736244;5.21805477
-23.30736244;5.12955093
-23.29736244;5.12955093
-23.28736244;5.12955093
-23.27736244;5.12955093
-23.26736244;5.04104757
-23.25736244;5.12955093
-23.24736244;5.21805477
-23.23736244;5.12955093
-23.22736244;5.12955093
-23.21736244;5.12955093
-23.20736244;5.04104757
-23.19736244;5.12955093
-23.18736244;5.21805477
-23.17736244;5.12955093
-23.16736244;5.12955093
-23.15736244;5.12955093
-23.14736244;5.04104757
-23.13736244;5.04104757
-23.12736244;5.21805477
-23.11736244;5.12955093
-23.10736244;5.12955093
-23.09736244;5.12955093
-23.08736244;5.04104757
-23.07736244;5.04104757
-23.06736244;5.12955093
-23.05736244;5.12955093
-23.04736244;5.12955093
-23.03736244;5.12955093
-23.02736244;5.12955093
-23.01736244;5.12955093
-23.00736244;5.12955093
-22.99736244;5.12955093
-22.98736244;5.12955093
-22.97736244;5.12955093
-22.96736244;5.12955093
-22.95736244;5.04104757
-22.94736244;5.12955093
-22.93736244;5.21805477
-22.92736244;5.12955093
-22.91736244;5.12955093
-22.90736244;5.12955093
-22.89736244;5.04104757
-22.88736244;5.04104757
-22.87736244;5.21805477
-22.86736244;5.12955093
-22.85736244;5.12955093
-22.84736244;5.12955093
-22.83736244;5.04104757
-22.82736244;5.04104757
-22.81736244;5.21805477
-22.80736244;5.21805477
-22.79736244;5.12955093
-22.78736244;5.12955093
-22.77736244;5.04104757
-22.76736244;5.04104757
-22.75736244;5.21805477
-22.74736244;5.12955093
-22.73736244;5.12955093
-22.72736244;5.12955093
-22.71736244;5.04104757
-22.70736244;5.04104757
-22.69736244;5.12955093
-22.68736244;5.21805477
-22.67736244;5.12955093
-22.66736244;5.12955093
-22.65736244;5.12955093
-22.64736244;5.04104757
-22.63736244;5.04104757
-22.62736244;5.21805477
-22.61736244;5.12955093
-22.60736244;5.21805477
-22.59736244;5.21805477
-22.58736244;5.12955093
-22.57736244;4.95254374
-22.56736244;5.12955093
-22.55736244;5.21805477
-22.54736244;5.12955093
-22.53736244;5.12955093
-22.52736244;5.04104757
-22.51736244;5.04104757
-22.50736244;5.12955093
-22.49736244;5.21805477
-22.48736244;5.12955093
-22.47736244;5.12955093
-22.46736244;5.12955093
-22.45736244;5.12955093
-22.44736244;5.04104757
-22.43736244;5.21805477
-22.42736244;5.12955093
-22.41736244;5.12955093
-22.40736244;5.21805477
-22.39736244;5.12955093
-22.38736244;5.12955093
-22.37736244;5.21805477
-22.36736244;5.21805477
-22.35736244;5.12955093
-22.34736244;5.12955093
-22.33736244;5.12955093
-22.32736244;5.04104757
-22.31736244;5.12955093
-22.30736244;5.21805477
-22.29736244;5.12955093
-22.28736244;5.12955093
-22.27736244;5.04104757
-22.26736244;5.04104757
-22.25736244;5.12955093
-22.24736244;5.21805477
-22.23736244;5.12955093
-22.22736244;5.12955093
-22.21736244;5.12955093
-22.20736244;5.04104757
-22.19736244;5.04104757
-22.18736244;5.21805477
-22.17736244;5.12955093
-22.16736244;5.12955093
-22.15736244;5.12955093
-22.14736244;5.04104757
-22.13736244;5.04104757
-22.12736244;5.21805477
-22.11736244;5.12955093
-22.10736244;5.12955093
-22.09736244;5.12955093
-22.08736244;5.12955093
-22.07736244;5.04104757
-22.06736244;5.21805477
-22.05736244;5.21805477
-22.04736244;5.12955093
-22.03736244;5.12955093
-22.02736244;5.04104757
-22.01736244;5.04104757
-22.00736244;5.12955093
-21.99736244;5.21805477
-21.98736244;5.21805477
-21.97736244;5.21805477
-21.96736244;5.04104757
-21.95736244;5.04104757
-21.94736244;5.12955093
-21.93736244;5.21805477
-21.92736244;5.21805477
-21.91736244;5.12955093
-21.90736245;5.12955093
-21.89736245;5.12955093
-21.88736245;5.04104757
-21.87736245;5.21805477
-21.86736245;5.21805477
-21.85736245;5.12955093
-21.84736245;5.12955093
-21.83736245;5.04104757
-21.82736245;5.04104757
-21.81736245;5.21805477
-21.80736245;5.21805477
-21.79736245;5.12955093
-21.78736245;5.12955093
-21.77736245;5.12955093
-21.76736245;5.04104757
-21.75736245;5.12955093
-21.74736245;5.12955093
-21.73736245;5.12955093
-21.72736245;5.12955093
-21.71736245;5.12955093
-21.70736245;5.04104757
-21.69736245;5.04104757
-21.68736245;5.21805477
-21.67736245;5.21805477
-21.66736245;5.21805477
-21.65736245;5.12955093
-21.64736245;5.04104757
-21.63736245;5.04104757
-21.62736245;5.21805477
-21.61736245;5.21805477
-21.60736245;5.12955093
-21.59736245;5.12955093
-21.58736245;5.04104757
-21.57736245;5.04104757
-21.56736245;5.21805477
-21.55736245;5.21805477
-21.54736245;5.12955093
-21.53736245;5.12955093
-21.52736245;5.12955093
-21.51736245;5.04104757
-21.50736245;5.12955093
-21.49736245;5.21805477
-21.48736245;5.12955093
-21.47736245;5.12955093
-21.46736245;5.12955093
-21.45736245;5.12955093
-21.44736245;5.04104757
-21.43736245;5.21805477
-21.42736245;5.12955093
-21.41736245;5.21805477
-21.40736245;5.12955093
-21.39736245;5.04104757
-21.38736245;5.04104757
-21.37736245;5.21805477
-21.36736245;5.21805477
-21.35736245;5.12955093
-21.34736245;5.12955093
-21.33736245;5.12955093
-21.32736245;5.04104757
-21.31736245;5.12955093
-21.30736245;5.21805477
-21.29736245;5.12955093
-21.28736245;5.21805477
-21.27736245;5.12955093
-21.26736245;5.04104757
-21.25736245;5.21805477
-21.24736245;5.12955093
-21.23736245;5.12955093
-21.22736245;5.12955093
-21.21736245;5.12955093
-21.20736245;5.12955093
-21.19736245;5.12955093
-21.18736245;5.21805477
-21.17736245;5.12955093
-21.16736245;5.12955093
-21.15736245;5.12955093
-21.14736245;5.12955093
-21.13736245;5.04104757
-21.12736245;5.12955093
-21.11736245;5.12955093
-21.10736245;5.12955093
-21.09736245;5.12955093
-21.08736245;5.12955093
-21.07736245;4.95254374
-21.06736245;5.12955093
-21.05736245;5.21805477
-21.04736245;5.12955093
-21.03736245;5.12955093
-21.02736245;5.04104757
-21.01736245;5.04104757
-21.00736245;5.12955093
-20.99736245;5.21805477
-20.98736245;5.12955093
-20.97736245;5.12955093
-20.96736245;5.04104757
-20.95736245;5.04104757
-20.94736245;5.12955093
-20.93736245;5.21805477
-20.92736245;5.12955093
-20.91736245;5.12955093
-20.90736245;5.12955093
-20.89736245;5.12955093
-20.88736245;5.04104757
-20.87736245;5.12955093
-20.86736245;5.12955093
-20.85736245;5.04104757
-20.84736245;5.12955093
-20.83736245;5.12955093
-20.82736245;5.04104757
-20.81736245;5.12955093
-20.80736245;5.12955093
-20.79736245;5.12955093
-20.78736245;5.12955093
-20.77736245;5.12955093
-20.76736245;5.04104757
-20.75736245;5.12955093
-20.74736245;5.21805477
-20.73736245;5.12955093
-20.72736245;5.21805477
-20.71736245;5.12955093
-20.70736245;5.04104757
-20.69736245;5.04104757
-20.68736245;5.21805477
-20.67736245;5.12955093
-20.66736245;5.12955093
-20.65736245;5.12955093
-20.64736245;5.04104757
-20.63736245;5.04104757
-20.62736245;5.21805477
-20.61736245;5.12955093
-20.60736245;5.04104757
-20.59736245;5.12955093
-20.58736245;5.12955093
-20.57736245;5.04104757
-20.56736245;5.21805477
-20.55736245;5.21805477
-20.54736245;5.12955093
-20.53736245;5.12955093
-20.52736245;5.12955093
-20.51736245;5.04104757
-20.50736245;5.12955093
-20.49736245;5.12955093
-20.48736245;5.12955093
-20.47736245;5.12955093
-20.46736245;5.12955093
-20.45736245;5.04104757
-20.44736245;5.12955093
-20.43736245;5.21805477
-20.42736245;5.12955093
-20.41736245;5.12955093
-20.40736245;5.12955093
-20.39736245;5.04104757
-20.38736245;5.04104757
-20.37736245;5.12955093
-20.36736245;5.12955093
-20.35736245;5.04104757
-20.34736245;5.12955093
-20.33736245;5.04104757
-20.32736245;5.04104757
-20.31736245;5.21805477
-20.30736245;5.12955093
-20.29736245;5.12955093
-20.28736245;5.12955093
-20.27736245;5.12955093
-20.26736245;5.04104757
-20.25736246;5.12955093
-20.24736246;5.21805477
-20.23736246;5.12955093
-20.22736246;5.12955093
-20.21736246;5.12955093
-20.20736246;5.04104757
-20.19736246;5.12955093
-20.18736246;5.21805477
-20.17736246;5.12955093
-20.16736246;5.12955093
-20.15736246;5.12955093
-20.14736246;5.04104757
-20.13736246;5.04104757
-20.12736246;5.21805477
-20.11736246;5.12955093
-20.10736246;5.04104757
-20.09736246;5.12955093
-20.08736246;5.12955093
-20.07736246;5.04104757
-20.06736246;5.21805477
-20.05736246;5.12955093
-20.04736246;5.12955093
-20.03736246;5.12955093
-20.02736246;5.12955093
-20.01736246;5.04104757
-20.00736246;5.12955093
-19.99736246;5.21805477
-19.98736246;5.12955093
-19.97736246;5.21805477
-19.96736246;5.12955093
-19.95736246;5.04104757
-19.94736246;5.04104757
-19.93736246;5.21805477
-19.92736246;5.12955093
-19.91736246;5.12955093
-19.90736246;5.12955093
-19.89736246;5.04104757
-19.88736246;5.04104757
-19.87736246;5.12955093
-19.86736246;5.12955093
-19.85736246;5.12955093
-19.84736246;5.12955093
-19.83736246;5.12955093
-19.82736246;5.04104757
-19.81736246;5.21805477
-19.80736246;5.21805477
-19.79736246;5.12955093
-19.78736246;5.12955093
-19.77736246;5.04104757
-19.76736246;5.04104757
-19.75736246;5.12955093
-19.74736246;5.21805477
-19.73736246;5.12955093
-19.72736246;5.12955093
-19.71736246;5.12955093
-19.70736246;5.04104757
-19.69736246;5.04104757
-19.68736246;5.21805477
-19.67736246;5.12955093
-19.66736246;5.12955093
-19.65736246;5.12955093
-19.64736246;5.04104757
-19.63736246;5.04104757
-19.62736246;5.12955093
-19.61736246;5.21805477
-19.60736246;5.12955093
-19.59736246;5.12955093
-19.58736246;5.12955093
-19.57736246;5.04104757
-19.56736246;5.21805477
-19.55736246;5.21805477
-19.54736246;5.12955093
-19.53736246;5.12955093
-19.52736246;5.04104757
-19.51736246;5.04104757
-19.50736246;5.12955093
-19.49736246;5.21805477
-19.48736246;5.12955093
-19.47736246;5.12955093
-19.46736246;5.12955093
-19.45736246;5.04104757
-19.44736246;5.12955093
-19.43736246;5.21805477
-19.42736246;5.12955093
-19.41736246;5.12955093
-19.40736246;5.12955093
-19.39736246;5.04104757
-19.38736246;5.04104757
-19.37736246;5.12955093
-19.36736246;5.12955093
-19.35736246;5.12955093
-19.34736246;5.12955093
-19.33736246;5.04104757
-19.32736246;5.04104757
-19.31736246;5.21805477
-19.30736246;5.12955093
-19.29736246;5.12955093
-19.28736246;5.12955093
-19.27736246;5.12955093
-19.26736246;5.04104757
-19.25736246;5.12955093
-19.24736246;5.21805477
-19.23736246;5.04104757
-19.22736246;5.12955093
-19.21736246;5.12955093
-19.20736246;5.12955093
-19.19736246;5.12955093
-19.18736246;5.21805477
-19.17736246;5.12955093
-19.16736246;5.12955093
-19.15736246;5.12955093
-19.14736246;5.12955093
-19.13736246;5.04104757
-19.12736246;5.21805477
-19.11736246;5.12955093
-19.10736246;5.04104757
-19.09736246;5.12955093
-19.08736246;5.12955093
-19.07736246;4.95254374
-19.06736246;5.12955093
-19.05736246;5.21805477
-19.04736246;5.12955093
-19.03736246;5.21805477
-19.02736246;5.12955093
-19.01736246;4.95254374
-19.00736246;5.12955093
-18.99736246;5.21805477
-18.98736246;5.12955093
-18.97736246;5.21805477
-18.96736246;5.12955093
-18.95736246;5.04104757
-18.94736246;5.12955093
-18.93736246;5.21805477
-18.92736246;5.12955093
-18.91736246;5.12955093
-18.90736246;5.12955093
-18.89736246;5.12955093
-18.88736246;4.95254374
-18.87736246;5.21805477
-18.86736246;5.21805477
-18.85736246;5.12955093
-18.84736246;5.12955093
-18.83736246;5.04104757
-18.82736246;5.04104757
-18.81736246;5.21805477
-18.80736246;5.21805477
-18.79736246;5.12955093
-18.78736246;5.12955093
-18.77736246;5.12955093
-18.76736246;5.04104757
-18.75736246;5.12955093
-18.74736246;5.21805477
-18.73736246;5.12955093
-18.72736246;5.12955093
-18.71736246;5.12955093
-18.70736246;5.04104757
-18.69736246;5.04104757
-18.68736246;5.21805477
-18.67736246;5.12955093
-18.66736246;5.21805477
-18.65736246;5.12955093
-18.64736246;5.04104757
-18.63736246;5.04104757
-18.62736246;5.21805477
-18.61736247;5.21805477
-18.60736247;5.12955093
-18.59736247;5.12955093
-18.58736247;5.12955093
-18.57736247;5.04104757
-18.56736247;5.21805477
-18.55736247;5.21805477
-18.54736247;5.12955093
-18.53736247;5.12955093
-18.52736247;5.04104757
-18.51736247;5.04104757
-18.50736247;5.12955093
-18.49736247;5.21805477
-18.48736247;5.12955093
-18.47736247;5.12955093
-18.46736247;5.12955093
-18.45736247;5.04104757
-18.44736247;5.04104757
-18.43736247;5.21805477
-18.42736247;5.21805477
-18.41736247;5.12955093
-18.40736247;5.12955093
-18.39736247;5.04104757
-18.38736247;5.04104757
-18.37736247;5.21805477
-18.36736247;5.21805477
-18.35736247;5.12955093
-18.34736247;5.12955093
-18.33736247;5.04104757
-18.32736247;5.04104757
-18.31736247;5.21805477
-18.30736247;5.21805477
-18.29736247;5.12955093
-18.28736247;5.12955093
-18.27736247;5.04104757
-18.26736247;5.04104757
-18.25736247;5.12955093
-18.24736247;5.21805477
-18.23736247;5.12955093
-18.22736247;5.12955093
-18.21736247;5.12955093
-18.20736247;5.12955093
-18.19736247;5.12955093
-18.18736247;5.21805477
-18.17736247;5.12955093
-18.16736247;5.21805477
-18.15736247;5.12955093
-18.14736247;5.12955093
-18.13736247;4.95254374
-18.12736247;5.21805477
-18.11736247;5.21805477
-18.10736247;5.12955093
-18.09736247;5.12955093
-18.08736247;5.04104757
-18.07736247;5.04104757
-18.06736247;5.21805477
-18.05736247;5.21805477
-18.04736247;5.12955093
-18.03736247;5.12955093
-18.02736247;5.12955093
-18.01736247;5.04104757
-18.00736247;5.12955093
-17.99736247;5.21805477
-17.98736247;5.12955093
-17.97736247;5.12955093
-17.96736247;5.12955093
-17.95736247;5.12955093
-17.94736247;5.12955093
-17.93736247;5.21805477
-17.92736247;5.12955093
-17.91736247;5.12955093
-17.90736247;5.12955093
-17.89736247;5.12955093
-17.88736247;5.04104757
-17.87736247;5.21805477
-17.86736247;5.21805477
-17.85736247;5.12955093
-17.84736247;5.21805477
-17.83736247;5.04104757
-17.82736247;5.04104757
-17.81736247;5.21805477
-17.80736247;5.21805477
-17.79736247;5.12955093
-17.78736247;5.12955093
-17.77736247;5.12955093
-17.76736247;5.04104757
-17.75736247;5.12955093
-17.74736247;5.21805477
-17.73736247;5.12955093
-17.72736247;5.12955093
-17.71736247;5.12955093
-17.70736247;5.04104757
-17.69736247;5.12955093
-17.68736247;5.21805477
-17.67736247;5.12955093
-17.66736247;5.12955093
-17.65736247;5.12955093
-17.64736247;5.12955093
-17.63736247;5.04104757
-17.62736247;5.21805477
-17.61736247;5.12955093
-17.60736247;5.12955093
-17.59736247;5.21805477
-17.58736247;5.12955093
-17.57736247;5.04104757
-17.56736247;5.21805477
-17.55736247;5.12955093
-17.54736247;5.12955093
-17.53736247;5.21805477
-17.52736247;5.12955093
-17.51736247;5.12955093
-17.50736247;5.12955093
-17.49736247;5.12955093
-17.48736247;5.12955093
-17.47736247;5.21805477
-17.46736247;5.12955093
-17.45736247;5.04104757
-17.44736247;5.12955093
-17.43736247;5.21805477
-17.42736247;5.12955093
-17.41736247;5.12955093
-17.40736247;5.12955093
-17.39736247;5.04104757
-17.38736247;5.12955093
-17.37736247;5.12955093
-17.36736247;5.21805477
-17.35736247;5.12955093
-17.34736247;5.12955093
-17.33736247;5.12955093
-17.32736247;5.04104757
-17.31736247;5.12955093
-17.30736247;5.12955093
-17.29736247;5.12955093
-17.28736247;5.12955093
-17.27736247;5.12955093
-17.26736247;5.04104757
-17.25736247;5.12955093
-17.24736247;5.12955093
-17.23736247;5.12955093
-17.22736247;5.12955093
-17.21736247;5.12955093
-17.20736247;5.12955093
-17.19736247;5.12955093
-17.18736247;5.21805477
-17.17736247;5.12955093
-17.16736247;5.12955093
-17.15736247;5.12955093
-17.14736247;5.12955093
-17.13736247;5.04104757
-17.12736247;5.21805477
-17.11736247;5.21805477
-17.10736247;5.12955093
-17.09736247;5.12955093
-17.08736247;5.12955093
-17.07736247;5.04104757
-17.06736247;5.21805477
-17.05736247;5.21805477
-17.04736247;5.12955093
-17.03736247;5.12955093
-17.02736247;5.12955093
-17.01736247;5.12955093
-17.00736247;5.12955093
-16.99736247;5.21805477
-16.98736247;5.12955093
-16.97736247;5.12955093
-16.96736248;5.12955093
-16.95736248;5.12955093
-16.94736248;5.04104757
-16.93736248;5.21805477
-16.92736248;5.12955093
-16.91736248;5.12955093
-16.90736248;5.12955093
-16.89736248;5.12955093
-16.88736248;5.04104757
-16.87736248;5.21805477
-16.86736248;5.21805477
-16.85736248;5.12955093
-16.84736248;5.21805477
-16.83736248;5.04104757
-16.82736248;5.04104757
-16.81736248;5.12955093
-16.80736248;5.21805477
-16.79736248;5.12955093
-16.78736248;5.12955093
-16.77736248;5.12955093
-16.76736248;5.12955093
-16.75736248;5.12955093
-16.74736248;5.21805477
-16.73736248;5.12955093
-16.72736248;5.12955093
-16.71736248;5.12955093
-16.70736248;5.12955093
-16.69736248;5.04104757
-16.68736248;5.21805477
-16.67736248;5.12955093
-16.66736248;5.12955093
-16.65736248;5.12955093
-16.64736248;5.12955093
-16.63736248;5.04104757
-16.62736248;5.21805477
-16.61736248;5.21805477
-16.60736248;5.12955093
-16.59736248;5.21805477
-16.58736248;5.12955093
-16.57736248;5.04104757
-16.56736248;5.12955093
-16.55736248;5.12955093
-16.54736248;5.12955093
-16.53736248;5.21805477
-16.52736248;5.12955093
-16.51736248;5.04104757
-16.50736248;5.12955093
-16.49736248;5.21805477
-16.48736248;5.12955093
-16.47736248;5.12955093
-16.46736248;5.12955093
-16.45736248;5.12955093
-16.44736248;5.04104757
-16.43736248;5.12955093
-16.42736248;5.04104757
-16.41736248;5.12955093
-16.40736248;5.21805477
-16.39736248;5.12955093
-16.38736248;5.04104757
-16.37736248;5.12955093
-16.36736248;5.12955093
-16.35736248;5.12955093
-16.34736248;5.21805477
-16.33736248;5.04104757
-16.32736248;5.04104757
-16.31736248;5.21805477
-16.30736248;5.21805477
-16.29736248;5.12955093
-16.28736248;5.21805477
-16.27736248;5.12955093
-16.26736248;5.04104757
-16.25736248;5.12955093
-16.24736248;5.21805477
-16.23736248;5.12955093
-16.22736248;5.21805477
-16.21736248;5.12955093
-16.20736248;5.12955093
-16.19736248;5.12955093
-16.18736248;5.21805477
-16.17736248;5.21805477
-16.16736248;5.12955093
-16.15736248;5.12955093
-16.14736248;5.12955093
-16.13736248;5.04104757
-16.12736248;5.21805477
-16.11736248;5.21805477
-16.10736248;5.12955093
-16.09736248;5.21805477
-16.08736248;5.04104757
-16.07736248;5.04104757
-16.06736248;5.21805477
-16.05736248;5.21805477
-16.04736248;5.12955093
-16.03736248;5.12955093
-16.02736248;5.12955093
-16.01736248;5.04104757
-16.00736248;5.12955093
-15.99736248;5.21805477
-15.98736248;5.12955093
-15.97736248;5.12955093
-15.96736248;5.12955093
-15.95736248;5.04104757
-15.94736248;5.12955093
-15.93736248;5.21805477
-15.92736248;5.12955093
-15.91736248;5.12955093
-15.90736248;5.12955093
-15.89736248;5.12955093
-15.88736248;5.12955093
-15.87736248;5.21805477
-15.86736248;5.12955093
-15.85736248;5.12955093
-15.84736248;5.12955093
-15.83736248;5.12955093
-15.82736248;5.04104757
-15.81736248;5.21805477
-15.80736248;5.21805477
-15.79736248;5.12955093
-15.78736248;5.12955093
-15.77736248;5.12955093
-15.76736248;5.04104757
-15.75736248;5.12955093
-15.74736248;5.21805477
-15.73736248;5.12955093
-15.72736248;5.21805477
-15.71736248;5.12955093
-15.70736248;5.04104757
-15.69736248;5.12955093
-15.68736248;5.21805477
-15.67736248;5.21805477
-15.66736248;5.12955093
-15.65736248;5.12955093
-15.64736248;5.12955093
-15.63736248;5.04104757
-15.62736248;5.21805477
-15.61736248;5.21805477
-15.60736248;5.12955093
-15.59736248;5.21805477
-15.58736248;5.12955093
-15.57736248;5.04104757
-15.56736248;5.21805477
-15.55736248;5.21805477
-15.54736248;5.12955093
-15.53736248;5.21805477
-15.52736248;5.12955093
-15.51736248;5.04104757
-15.50736248;5.12955093
-15.49736248;5.21805477
-15.48736248;5.12955093
-15.47736248;5.21805477
-15.46736248;5.12955093
-15.45736248;5.04104757
-15.44736248;5.04104757
-15.43736248;5.21805477
-15.42736248;5.21805477
-15.41736248;5.12955093
-15.40736248;5.12955093
-15.39736248;5.04104757
-15.38736248;5.12955093
-15.37736248;5.21805477
-15.36736248;5.12955093
-15.35736248;5.12955093
-15.34736248;5.12955093
-15.33736248;5.12955093
-15.32736248;5.04104757
-15.31736249;5.12955093
-15.30736249;5.21805477
-15.29736249;5.12955093
-15.28736249;5.21805477
-15.27736249;5.12955093
-15.26736249;5.04104757
-15.25736249;5.12955093
-15.24736249;5.21805477
-15.23736249;5.12955093
-15.22736249;5.12955093
-15.21736249;5.12955093
-15.20736249;5.12955093
-15.19736249;5.12955093
-15.18736249;5.21805477
-15.17736249;5.21805477
-15.16736249;5.12955093
-15.15736249;5.21805477
-15.14736249;5.12955093
-15.13736249;5.04104757
-15.12736249;5.21805477
-15.11736249;5.21805477
-15.10736249;5.12955093
-15.09736249;5.21805477
-15.08736249;5.12955093
-15.07736249;5.04104757
-15.06736249;5.21805477
-15.05736249;5.21805477
-15.04736249;5.12955093
-15.03736249;5.12955093
-15.02736249;5.12955093
-15.01736249;5.04104757
-15.00736249;5.12955093
-14.99736249;5.21805477
-14.98736249;5.21805477
-14.97736249;5.12955093
-14.96736249;5.12955093
-14.95736249;5.12955093
-14.94736249;5.04104757
-14.93736249;5.21805477
-14.92736249;5.12955093
-14.91736249;5.12955093
-14.90736249;5.12955093
-14.89736249;5.12955093
-14.88736249;5.04104757
-14.87736249;5.21805477
-14.86736249;5.21805477
-14.85736249;5.12955093
-14.84736249;5.21805477
-14.83736249;5.04104757
-14.82736249;4.95254374
-14.81736249;5.21805477
-14.80736249;5.21805477
-14.79736249;5.12955093
-14.78736249;5.12955093
-14.77736249;5.04104757
-14.76736249;5.04104757
-14.75736249;5.12955093
-14.74736249;5.21805477
-14.73736249;5.12955093
-14.72736249;5.21805477
-14.71736249;5.12955093
-14.70736249;5.04104757
-14.69736249;5.12955093
-14.68736249;5.21805477
-14.67736249;5.21805477
-14.66736249;5.12955093
-14.65736249;5.12955093
-14.64736249;5.12955093
-14.63736249;5.04104757
-14.62736249;5.21805477
-14.61736249;5.12955093
-14.60736249;5.12955093
-14.59736249;5.21805477
-14.58736249;5.12955093
-14.57736249;5.04104757
-14.56736249;5.12955093
-14.55736249;5.21805477
-14.54736249;5.12955093
-14.53736249;5.21805477
-14.52736249;5.12955093
-14.51736249;5.04104757
-14.50736249;5.12955093
-14.49736249;5.21805477
-14.48736249;5.12955093
-14.47736249;5.12955093
-14.46736249;5.12955093
-14.45736249;5.12955093
-14.44736249;5.12955093
-14.43736249;5.21805477
-14.42736249;5.21805477
-14.41736249;5.12955093
-14.40736249;5.12955093
-14.39736249;5.12955093
-14.38736249;5.04104757
-14.37736249;5.21805477
-14.36736249;5.12955093
-14.35736249;5.12955093
-14.34736249;5.21805477
-14.33736249;5.12955093
-14.32736249;5.04104757
-14.31736249;5.12955093
-14.30736249;5.21805477
-14.29736249;5.12955093
-14.28736249;5.21805477
-14.27736249;5.12955093
-14.26736249;5.04104757
-14.25736249;5.12955093
-14.24736249;5.21805477
-14.23736249;5.12955093
-14.22736249;5.12955093
-14.21736249;5.12955093
-14.20736249;5.12955093
-14.19736249;5.12955093
-14.18736249;5.21805477
-14.17736249;5.21805477
-14.16736249;5.12955093
-14.15736249;5.12955093
-14.14736249;5.12955093
-14.13736249;5.04104757
-14.12736249;5.21805477
-14.11736249;5.21805477
-14.10736249;5.12955093
-14.09736249;5.21805477
-14.08736249;5.12955093
-14.07736249;5.04104757
-14.06736249;5.21805477
-14.05736249;5.21805477
-14.04736249;5.12955093
-14.03736249;5.12955093
-14.02736249;5.12955093
-14.01736249;5.12955093
-14.00736249;5.12955093
-13.99736249;5.21805477
-13.98736249;5.12955093
-13.97736249;5.12955093
-13.96736249;5.12955093
-13.95736249;5.12955093
-13.94736249;5.04104757
-13.93736249;5.21805477
-13.92736249;5.12955093
-13.91736249;5.21805477
-13.90736249;5.12955093
-13.89736249;5.04104757
-13.88736249;5.04104757
-13.87736249;5.21805477
-13.86736249;5.21805477
-13.85736249;5.12955093
-13.84736249;5.12955093
-13.83736249;5.12955093
-13.82736249;5.04104757
-13.81736249;5.12955093
-13.80736249;5.21805477
-13.79736249;5.12955093
-13.78736249;5.21805477
-13.77736249;5.12955093
-13.76736249;5.04104757
-13.75736249;5.12955093
-13.74736249;5.21805477
-13.73736249;5.12955093
-13.72736249;5.21805477
-13.71736249;5.12955093
-13.70736249;5.12955093
-13.69736249;5.12955093
-13.68736249;5.21805477
-13.67736250;5.12955093
-13.66736250;5.12955093
-13.65736250;5.21805477
-13.64736250;5.12955093
-13.63736250;5.04104757
-13.62736250;5.21805477
-13.61736250;5.12955093
-13.60736250;5.12955093
-13.59736250;5.12955093
-13.58736250;5.12955093
-13.57736250;5.04104757
-13.56736250;5.21805477
-13.55736250;5.21805477
-13.54736250;5.12955093
-13.53736250;5.12955093
-13.52736250;5.12955093
-13.51736250;5.04104757
-13.50736250;5.21805477
-13.49736250;5.21805477
-13.48736250;5.12955093
-13.47736250;5.12955093
-13.46736250;5.12955093
-13.45736250;5.12955093
-13.44736250;5.12955093
-13.43736250;5.21805477
-13.42736250;5.21805477
-13.41736250;5.12955093
-13.40736250;5.12955093
-13.39736250;5.12955093
-13.38736250;5.04104757
-13.37736250;5.21805477
-13.36736250;5.21805477
-13.35736250;5.12955093
-13.34736250;5.12955093
-13.33736250;5.12955093
-13.32736250;5.04104757
-13.31736250;5.21805477
-13.30736250;5.21805477
-13.29736250;5.12955093
-13.28736250;5.21805477
-13.27736250;5.12955093
-13.26736250;5.04104757
-13.25736250;5.12955093
-13.24736250;5.21805477
-13.23736250;5.12955093
-13.22736250;5.12955093
-13.21736250;5.12955093
-13.20736250;5.12955093
-13.19736250;5.12955093
-13.18736250;5.12955093
-13.17736250;5.21805477
-13.16736250;5.12955093
-13.15736250;5.21805477
-13.14736250;5.12955093
-13.13736250;5.04104757
-13.12736250;5.21805477
-13.11736250;5.21805477
-13.10736250;5.12955093
-13.09736250;5.12955093
-13.08736250;5.12955093
-13.07736250;5.04104757
-13.06736250;5.21805477
-13.05736250;5.21805477
-13.04736250;5.12955093
-13.03736250;5.12955093
-13.02736250;5.12955093
-13.01736250;5.12955093
-13.00736250;5.12955093
-12.99736250;5.12955093
-12.98736250;5.12955093
-12.97736250;5.12955093
-12.96736250;5.12955093
-12.95736250;5.12955093
-12.94736250;5.12955093
-12.93736250;5.12955093
-12.92736250;5.12955093
-12.91736250;5.12955093
-12.90736250;5.21805477
-12.89736250;5.12955093
-12.88736250;5.12955093
-12.87736250;5.21805477
-12.86736250;5.12955093
-12.85736250;5.12955093
-12.84736250;5.21805477
-12.83736250;5.12955093
-12.82736250;4.95254374
-12.81736250;5.12955093
-12.80736250;5.21805477
-12.79736250;5.12955093
-12.78736250;5.12955093
-12.77736250;5.12955093
-12.76736250;5.04104757
-12.75736250;5.12955093
-12.74736250;5.21805477
-12.73736250;5.12955093
-12.72736250;5.12955093
-12.71736250;5.12955093
-12.70736250;5.12955093
-12.69736250;5.04104757
-12.68736250;5.21805477
-12.67736250;5.12955093
-12.66736250;5.12955093
-12.65736250;5.12955093
-12.64736250;5.12955093
-12.63736250;5.04104757
-12.62736250;5.21805477
-12.61736250;5.21805477
-12.60736250;5.12955093
-12.59736250;5.12955093
-12.58736250;5.12955093
-12.57736250;5.04104757
-12.56736250;5.12955093
-12.55736250;5.12955093
-12.54736250;5.12955093
-12.53736250;5.12955093
-12.52736250;5.04104757
-12.51736250;5.04104757
-12.50736250;5.12955093
-12.49736250;5.21805477
-12.48736250;5.12955093
-12.47736250;5.12955093
-12.46736250;5.12955093
-12.45736250;5.12955093
-12.44736250;5.12955093
-12.43736250;5.21805477
-12.42736250;5.12955093
-12.41736250;5.12955093
-12.40736250;5.12955093
-12.39736250;5.12955093
-12.38736250;5.04104757
-12.37736250;5.21805477
-12.36736250;5.21805477
-12.35736250;5.12955093
-12.34736250;5.12955093
-12.33736250;5.04104757
-12.32736250;5.04104757
-12.31736250;5.12955093
-12.30736250;5.12955093
-12.29736250;5.12955093
-12.28736250;5.21805477
-12.27736250;5.12955093
-12.26736250;5.04104757
-12.25736250;5.12955093
-12.24736250;5.21805477
-12.23736250;5.12955093
-12.22736250;5.12955093
-12.21736250;5.12955093
-12.20736250;5.12955093
-12.19736250;5.04104757
-12.18736250;5.21805477
-12.17736250;5.12955093
-12.16736250;5.12955093
-12.15736250;5.21805477
-12.14736250;5.04104757
-12.13736250;5.04104757
-12.12736250;5.21805477
-12.11736250;5.21805477
-12.10736250;5.12955093
-12.09736250;5.12955093
-12.08736250;5.12955093
-12.07736250;5.04104757
-12.06736250;5.21805477
-12.05736250;5.21805477
-12.04736250;5.12955093
-12.03736250;5.12955093
-12.02736251;5.12955093
-12.01736251;5.04104757
-12.00736251;5.12955093
-11.99736251;5.21805477
-11.98736251;5.12955093
-11.97736251;5.12955093
-11.96736251;5.12955093
-11.95736251;5.12955093
-11.94736251;5.04104757
-11.93736251;5.21805477
-11.92736251;5.21805477
-11.91736251;5.21805477
-11.90736251;5.12955093
-11.89736251;5.04104757
-11.88736251;5.04104757
-11.87736251;5.21805477
-11.86736251;5.21805477
-11.85736251;5.12955093
-11.84736251;5.12955093
-11.83736251;5.04104757
-11.82736251;5.04104757
-11.81736251;5.21805477
-11.80736251;5.21805477
-11.79736251;5.12955093
-11.78736251;5.12955093
-11.77736251;5.04104757
-11.76736251;5.04104757
-11.75736251;5.04104757
-11.74736251;5.21805477
-11.73736251;5.12955093
-11.72736251;5.12955093
-11.71736251;5.12955093
-11.70736251;5.04104757
-11.69736251;5.12955093
-11.68736251;5.21805477
-11.67736251;5.12955093
-11.66736251;5.12955093
-11.65736251;5.12955093
-11.64736251;5.12955093
-11.63736251;5.12955093
-11.62736251;5.21805477
-11.61736251;5.21805477
-11.60736251;5.04104757
-11.59736251;5.21805477
-11.58736251;5.12955093
-11.57736251;5.04104757
-11.56736251;5.21805477
-11.55736251;5.21805477
-11.54736251;5.12955093
-11.53736251;5.12955093
-11.52736251;5.12955093
-11.51736251;5.04104757
-11.50736251;5.12955093
-11.49736251;5.21805477
-11.48736251;5.12955093
-11.47736251;5.12955093
-11.46736251;5.12955093
-11.45736251;5.04104757
-11.44736251;5.04104757
-11.43736251;5.21805477
-11.42736251;5.12955093
-11.41736251;5.12955093
-11.40736251;5.12955093
-11.39736251;5.04104757
-11.38736251;5.12955093
-11.37736251;5.21805477
-11.36736251;5.21805477
-11.35736251;5.12955093
-11.34736251;5.12955093
-11.33736251;5.12955093
-11.32736251;5.04104757
-11.31736251;5.12955093
-11.30736251;5.21805477
-11.29736251;5.12955093
-11.28736251;5.21805477
-11.27736251;5.12955093
-11.26736251;5.04104757
-11.25736251;5.12955093
-11.24736251;5.21805477
-11.23736251;5.12955093
-11.22736251;5.12955093
-11.21736251;5.12955093
-11.20736251;5.04104757
-11.19736251;5.04104757
-11.18736251;5.21805477
-11.17736251;5.21805477
-11.16736251;5.12955093
-11.15736251;5.12955093
-11.14736251;5.04104757
-11.13736251;5.04104757
-11.12736251;5.21805477
-11.11736251;5.12955093
-11.10736251;5.12955093
-11.09736251;5.12955093
-11.08736251;5.04104757
-11.07736251;5.04104757
-11.06736251;5.12955093
-11.05736251;5.21805477
-11.04736251;5.12955093
-11.03736251;5.12955093
-11.02736251;5.12955093
-11.01736251;5.04104757
-11.00736251;5.04104757
-10.99736251;5.21805477
-10.98736251;5.12955093
-10.97736251;5.21805477
-10.96736251;5.12955093
-10.95736251;5.04104757
-10.94736251;5.04104757
-10.93736251;5.21805477
-10.92736251;5.21805477
-10.91736251;5.12955093
-10.90736251;5.12955093
-10.89736251;5.12955093
-10.88736251;5.12955093
-10.87736251;5.21805477
-10.86736251;5.21805477
-10.85736251;5.12955093
-10.84736251;5.12955093
-10.83736251;5.04104757
-10.82736251;5.04104757
-10.81736251;5.12955093
-10.80736251;5.12955093
-10.79736251;5.12955093
-10.78736251;5.12955093
-10.77736251;5.12955093
-10.76736251;5.12955093
-10.75736251;5.12955093
-10.74736251;5.21805477
-10.73736251;5.12955093
-10.72736251;5.12955093
-10.71736251;5.12955093
-10.70736251;5.04104757
-10.69736251;5.12955093
-10.68736251;5.21805477
-10.67736251;5.21805477
-10.66736251;5.12955093
-10.65736251;5.12955093
-10.64736251;5.12955093
-10.63736251;5.04104757
-10.62736251;5.21805477
-10.61736251;5.21805477
-10.60736251;5.12955093
-10.59736251;5.21805477
-10.58736251;5.12955093
-10.57736251;4.95254374
-10.56736251;5.12955093
-10.55736251;5.12955093
-10.54736251;5.12955093
-10.53736251;5.21805477
-10.52736251;5.12955093
-10.51736251;5.04104757
-10.50736251;5.12955093
-10.49736251;5.12955093
-10.48736251;5.12955093
-10.47736251;5.12955093
-10.46736251;5.12955093
-10.45736251;5.12955093
-10.44736251;5.12955093
-10.43736251;5.12955093
-10.42736251;5.12955093
-10.41736251;5.12955093
-10.40736251;5.21805477
-10.39736251;5.21805477
-10.38736252;5.04104757
-10.37736252;5.12955093
-10.36736252;5.12955093
-10.35736252;5.12955093
-10.34736252;5.21805477
-10.33736252;5.04104757
-10.32736252;4.95254374
-10.31736252;5.12955093
-10.30736252;5.21805477
-10.29736252;5.12955093
-10.28736252;5.12955093
-10.27736252;5.04104757
-10.26736252;5.04104757
-10.25736252;5.21805477
-10.24736252;5.21805477
-10.23736252;5.12955093
-10.22736252;5.12955093
-10.21736252;5.12955093
-10.20736252;5.12955093
-10.19736252;5.04104757
-10.18736252;5.21805477
-10.17736252;5.21805477
-10.16736252;5.12955093
-10.15736252;5.12955093
-10.14736252;5.04104757
-10.13736252;5.04104757
-10.12736252;5.21805477
-10.11736252;5.12955093
-10.10736252;5.12955093
-10.09736252;5.12955093
-10.08736252;5.12955093
-10.07736252;5.04104757
-10.06736252;5.12955093
-10.05736252;5.21805477
-10.04736252;5.12955093
-10.03736252;5.21805477
-10.02736252;5.04104757
-10.01736252;5.04104757
-10.00736252;5.04104757
-9.99736252;5.21805477
-9.98736252;5.12955093
-9.97736252;5.12955093
-9.96736252;5.12955093
-9.95736252;5.12955093
-9.94736252;5.12955093
-9.93736252;5.21805477
-9.92736252;5.12955093
-9.91736252;5.12955093
-9.90736252;5.12955093
-9.89736252;5.12955093
-9.88736252;5.04104757
-9.87736252;5.21805477
-9.86736252;5.21805477
-9.85736252;5.12955093
-9.84736252;5.12955093
-9.83736252;5.12955093
-9.82736252;5.04104757
-9.81736252;5.12955093
-9.80736252;5.21805477
-9.79736252;5.12955093
-9.78736252;5.12955093
-9.77736252;5.12955093
-9.76736252;5.04104757
-9.75736252;5.12955093
-9.74736252;5.21805477
-9.73736252;5.12955093
-9.72736252;5.12955093
-9.71736252;5.12955093
-9.70736252;5.04104757
-9.69736252;5.12955093
-9.68736252;5.21805477
-9.67736252;5.21805477
-9.66736252;5.12955093
-9.65736252;5.12955093
-9.64736252;5.12955093
-9.63736252;5.04104757
-9.62736252;5.12955093
-9.61736252;5.21805477
-9.60736252;5.12955093
-9.59736252;5.21805477
-9.58736252;5.04104757
-9.57736252;5.04104757
-9.56736252;5.12955093
-9.55736252;5.21805477
-9.54736252;5.12955093
-9.53736252;5.12955093
-9.52736252;5.04104757
-9.51736252;5.12955093
-9.50736252;5.12955093
-9.49736252;5.21805477
-9.48736252;5.12955093
-9.47736252;5.12955093
-9.46736252;5.12955093
-9.45736252;5.12955093
-9.44736252;5.12955093
-9.43736252;5.21805477
-9.42736252;5.12955093
-9.41736252;5.12955093
-9.40736252;5.12955093
-9.39736252;5.12955093
-9.38736252;5.04104757
-9.37736252;5.21805477
-9.36736252;5.12955093
-9.35736252;5.04104757
-9.34736252;5.12955093
-9.33736252;5.12955093
-9.32736252;5.04104757
-9.31736252;5.12955093
-9.30736252;5.12955093
-9.29736252;5.12955093
-9.28736252;5.21805477
-9.27736252;5.12955093
-9.26736252;5.04104757
-9.25736252;5.12955093
-9.24736252;5.21805477
-9.23736252;5.12955093
-9.22736252;5.12955093
-9.21736252;5.12955093
-9.20736252;5.04104757
-9.19736252;5.12955093
-9.18736252;5.21805477
-9.17736252;5.12955093
-9.16736252;5.04104757
-9.15736252;5.12955093
-9.14736252;5.12955093
-9.13736252;5.04104757
-9.12736252;5.21805477
-9.11736252;5.21805477
-9.10736252;5.12955093
-9.09736252;5.12955093
-9.08736252;5.12955093
-9.07736252;5.04104757
-9.06736252;5.12955093
-9.05736252;5.21805477
-9.04736252;5.12955093
-9.03736252;5.12955093
-9.02736252;5.12955093
-9.01736252;5.04104757
-9.00736252;5.12955093
-8.99736252;5.21805477
-8.98736252;5.12955093
-8.97736252;5.21805477
-8.96736252;5.12955093
-8.95736252;5.04104757
-8.94736252;5.04104757
-8.93736252;5.21805477
-8.92736252;5.21805477
-8.91736252;5.12955093
-8.90736252;5.12955093
-8.89736252;5.12955093
-8.88736252;5.04104757
-8.87736252;5.21805477
-8.86736252;5.21805477
-8.85736252;5.12955093
-8.84736252;5.12955093
-8.83736252;5.04104757
-8.82736252;5.04104757
-8.81736252;5.21805477
-8.80736252;5.12955093
-8.79736252;5.12955093
-8.78736252;5.12955093
-8.77736252;5.12955093
-8.76736252;5.04104757
-8.75736252;5.12955093
-8.74736252;5.21805477
-8.73736253;5.12955093
-8.72736253;5.12955093
-8.71736253;5.12955093
-8.70736253;5.12955093
-8.69736253;5.04104757
-8.68736253;5.21805477
-8.67736253;5.12955093
-8.66736253;5.12955093
-8.65736253;5.21805477
-8.64736253;5.12955093
-8.63736253;5.04104757
-8.62736253;5.12955093
-8.61736253;5.12955093
-8.60736253;5.12955093
-8.59736253;5.21805477
-8.58736253;5.12955093
-8.57736253;5.04104757
-8.56736253;5.12955093
-8.55736253;5.21805477
-8.54736253;5.12955093
-8.53736253;5.12955093
-8.52736253;5.04104757
-8.51736253;5.04104757
-8.50736253;5.12955093
-8.49736253;5.21805477
-8.48736253;5.12955093
-8.47736253;5.12955093
-8.46736253;5.12955093
-8.45736253;5.12955093
-8.44736253;5.12955093
-8.43736253;5.21805477
-8.42736253;5.12955093
-8.41736253;5.12955093
-8.40736253;5.12955093
-8.39736253;5.12955093
-8.38736253;5.04104757
-8.37736253;5.12955093
-8.36736253;5.12955093
-8.35736253;5.12955093
-8.34736253;5.21805477
-8.33736253;5.04104757
-8.32736253;5.04104757
-8.31736253;5.12955093
-8.30736253;5.21805477
-8.29736253;5.12955093
-8.28736253;5.12955093
-8.27736253;5.04104757
-8.26736253;5.04104757
-8.25736253;5.12955093
-8.24736253;5.21805477
-8.23736253;5.12955093
-8.22736253;5.12955093
-8.21736253;5.12955093
-8.20736253;5.12955093
-8.19736253;5.04104757
-8.18736253;5.21805477
-8.17736253;5.21805477
-8.16736253;5.12955093
-8.15736253;5.12955093
-8.14736253;5.04104757
-8.13736253;5.04104757
-8.12736253;5.12955093
-8.11736253;5.21805477
-8.10736253;5.12955093
-8.09736253;5.12955093
-8.08736253;5.12955093
-8.07736253;5.04104757
-8.06736253;5.12955093
-8.05736253;5.21805477
-8.04736253;5.12955093
-8.03736253;5.12955093
-8.02736253;5.12955093
-8.01736253;5.04104757
-8.00736253;5.12955093
-7.99736253;5.21805477
-7.98736253;5.12955093
-7.97736253;5.12955093
-7.96736253;5.12955093
-7.95736253;5.04104757
-7.94736253;5.04104757
-7.93736253;5.21805477
-7.92736253;5.21805477
-7.91736253;5.12955093
-7.90736253;5.12955093
-7.89736253;5.12955093
-7.88736253;5.04104757
-7.87736253;5.21805477
-7.86736253;5.12955093
-7.85736253;5.12955093
-7.84736253;5.12955093
-7.83736253;5.04104757
-7.82736253;4.95254374
-7.81736253;5.12955093
-7.80736253;5.21805477
-7.79736253;5.12955093
-7.78736253;5.12955093
-7.77736253;5.12955093
-7.76736253;5.04104757
-7.75736253;5.04104757
-7.74736253;5.21805477
-7.73736253;5.12955093
-7.72736253;5.12955093
-7.71736253;5.12955093
-7.70736253;5.04104757
-7.69736253;5.04104757
-7.68736253;5.21805477
-7.67736253;5.12955093
-7.66736253;5.12955093
-7.65736253;5.12955093
-7.64736253;5.04104757
-7.63736253;5.04104757
-7.62736253;5.21805477
-7.61736253;5.21805477
-7.60736253;5.12955093
-7.59736253;5.12955093
-7.58736253;5.04104757
-7.57736253;5.04104757
-7.56736253;5.12955093
-7.55736253;5.21805477
-7.54736253;5.12955093
-7.53736253;5.12955093
-7.52736253;5.12955093
-7.51736253;5.04104757
-7.50736253;5.04104757
-7.49736253;5.21805477
-7.48736253;5.12955093
-7.47736253;5.21805477
-7.46736253;5.12955093
-7.45736253;5.04104757
-7.44736253;5.04104757
-7.43736253;5.21805477
-7.42736253;5.21805477
-7.41736253;5.12955093
-7.40736253;5.12955093
-7.39736253;5.04104757
-7.38736253;5.04104757
-7.37736253;5.21805477
-7.36736253;5.21805477
-7.35736253;5.12955093
-7.34736253;5.12955093
-7.33736253;5.12955093
-7.32736253;5.04104757
-7.31736253;5.12955093
-7.30736253;5.12955093
-7.29736253;5.12955093
-7.28736253;5.12955093
-7.27736253;5.12955093
-7.26736253;5.04104757
-7.25736253;5.12955093
-7.24736253;5.12955093
-7.23736253;5.12955093
-7.22736253;5.12955093
-7.21736253;5.12955093
-7.20736253;5.04104757
-7.19736253;5.04104757
-7.18736253;5.21805477
-7.17736253;5.12955093
-7.16736253;5.12955093
-7.15736253;5.12955093
-7.14736253;5.04104757
-7.13736253;5.04104757
-7.12736253;5.21805477
-7.11736253;5.21805477
-7.10736253;5.04104757
-7.09736254;5.12955093
-7.08736254;5.12955093
-7.07736254;5.04104757
-7.06736254;5.12955093
-7.05736254;5.21805477
-7.04736254;5.12955093
-7.03736254;5.12955093
-7.02736254;5.12955093
-7.01736254;5.04104757
-7.00736254;5.04104757
-6.99736254;5.21805477
-6.98736254;5.12955093
-6.97736254;5.12955093
-6.96736254;5.12955093
-6.95736254;5.12955093
-6.94736254;5.12955093
-6.93736254;5.21805477
-6.92736254;5.12955093
-6.91736254;5.12955093
-6.90736254;5.12955093
-6.89736254;5.12955093
-6.88736254;5.12955093
-6.87736254;5.12955093
-6.86736254;5.12955093
-6.85736254;5.12955093
-6.84736254;5.12955093
-6.83736254;5.12955093
-6.82736254;5.04104757
-6.81736254;5.12955093
-6.80736254;5.21805477
-6.79736254;5.12955093
-6.78736254;5.21805477
-6.77736254;5.12955093
-6.76736254;5.04104757
-6.75736254;5.12955093
-6.74736254;5.21805477
-6.73736254;5.12955093
-6.72736254;5.12955093
-6.71736254;5.12955093
-6.70736254;5.04104757
-6.69736254;5.12955093
-6.68736254;5.21805477
-6.67736254;5.21805477
-6.66736254;5.12955093
-6.65736254;5.12955093
-6.64736254;5.12955093
-6.63736254;5.04104757
-6.62736254;5.21805477
-6.61736254;5.12955093
-6.60736254;5.12955093
-6.59736254;5.12955093
-6.58736254;5.04104757
-6.57736254;5.04104757
-6.56736254;5.12955093
-6.55736254;5.12955093
-6.54736254;5.12955093
-6.53736254;5.12955093
-6.52736254;5.12955093
-6.51736254;5.04104757
-6.50736254;5.12955093
-6.49736254;5.21805477
-6.48736254;5.12955093
-6.47736254;5.12955093
-6.46736254;5.12955093
-6.45736254;5.04104757
-6.44736254;5.04104757
-6.43736254;5.21805477
-6.42736254;5.12955093
-6.41736254;5.12955093
-6.40736254;5.12955093
-6.39736254;5.04104757
-6.38736254;5.04104757
-6.37736254;5.21805477
-6.36736254;5.12955093
-6.35736254;5.12955093
-6.34736254;5.12955093
-6.33736254;5.12955093
-6.32736254;5.04104757
-6.31736254;5.12955093
-6.30736254;5.21805477
-6.29736254;5.12955093
-6.28736254;5.12955093
-6.27736254;5.12955093
-6.26736254;5.04104757
-6.25736254;5.12955093
-6.24736254;5.21805477
-6.23736254;5.12955093
-6.22736254;5.12955093
-6.21736254;5.12955093
-6.20736254;5.12955093
-6.19736254;5.04104757
-6.18736254;5.21805477
-6.17736254;5.12955093
-6.16736254;5.12955093
-6.15736254;5.12955093
-6.14736254;5.12955093
-6.13736254;5.04104757
-6.12736254;5.12955093
-6.11736254;5.21805477
-6.10736254;5.12955093
-6.09736254;5.12955093
-6.08736254;5.12955093
-6.07736254;5.04104757
-6.06736254;5.12955093
-6.05736254;5.21805477
-6.04736254;5.12955093
-6.03736254;5.12955093
-6.02736254;5.04104757
-6.01736254;5.04104757
-6.00736254;5.12955093
-5.99736254;5.21805477
-5.98736254;5.12955093
-5.97736254;5.12955093
-5.96736254;5.12955093
-5.95736254;5.04104757
-5.94736254;5.12955093
-5.93736254;5.21805477
-5.92736254;5.12955093
-5.91736254;5.12955093
-5.90736254;5.12955093
-5.89736254;5.12955093
-5.88736254;5.04104757
-5.87736254;5.21805477
-5.86736254;5.12955093
-5.85736254;5.12955093
-5.84736254;5.12955093
-5.83736254;5.12955093
-5.82736254;5.04104757
-5.81736254;5.12955093
-5.80736254;5.21805477
-5.79736254;5.04104757
-5.78736254;5.12955093
-5.77736254;5.12955093
-5.76736254;5.12955093
-5.75736254;5.04104757
-5.74736254;5.21805477
-5.73736254;5.12955093
-5.72736254;5.12955093
-5.71736254;5.12955093
-5.70736254;5.04104757
-5.69736254;5.04104757
-5.68736254;5.21805477
-5.67736254;5.21805477
-5.66736254;5.12955093
-5.65736254;5.12955093
-5.64736254;5.04104757
-5.63736254;5.04104757
-5.62736254;5.21805477
-5.61736254;5.12955093
-5.60736254;5.12955093
-5.59736254;5.12955093
-5.58736254;5.12955093
-5.57736254;5.04104757
-5.56736254;5.12955093
-5.55736254;5.21805477
-5.54736254;5.12955093
-5.53736254;5.21805477
-5.52736254;5.12955093
-5.51736254;5.04104757
-5.50736254;5.12955093
-5.49736254;5.12955093
-5.48736254;5.12955093
-5.47736254;5.12955093
-5.46736254;5.12955093
-5.45736254;5.04104757
-5.44736255;5.04104757
-5.43736255;5.21805477
-5.42736255;5.12955093
-5.41736255;5.12955093
-5.40736255;5.12955093
-5.39736255;5.04104757
-5.38736255;5.04104757
-5.37736255;5.21805477
-5.36736255;5.21805477
-5.35736255;5.12955093
-5.34736255;5.12955093
-5.33736255;5.12955093
-5.32736255;5.04104757
-5.31736255;5.12955093
-5.30736255;5.12955093
-5.29736255;5.12955093
-5.28736255;5.12955093
-5.27736255;5.12955093
-5.26736255;5.04104757
-5.25736255;5.12955093
-5.24736255;5.12955093
-5.23736255;5.12955093
-5.22736255;5.12955093
-5.21736255;5.12955093
-5.20736255;5.12955093
-5.19736255;5.04104757
-5.18736255;5.12955093
-5.17736255;5.12955093
-5.16736255;5.12955093
-5.15736255;5.12955093
-5.14736255;5.04104757
-5.13736255;5.04104757
-5.12736255;5.21805477
-5.11736255;5.21805477
-5.10736255;5.04104757
-5.09736255;5.12955093
-5.08736255;5.04104757
-5.07736255;4.95254374
-5.06736255;5.12955093
-5.05736255;5.21805477
-5.04736255;5.12955093
-5.03736255;5.12955093
-5.02736255;5.12955093
-5.01736255;5.04104757
-5.00736255;5.12955093
-4.99736255;5.12955093
-4.98736255;5.12955093
-4.97736255;5.12955093
-4.96736255;5.12955093
-4.95736255;5.12955093
-4.94736255;5.12955093
-4.93736255;5.21805477
-4.92736255;5.12955093
-4.91736255;5.12955093
-4.90736255;5.12955093
-4.89736255;5.12955093
-4.88736255;5.04104757
-4.87736255;5.21805477
-4.86736255;5.12955093
-4.85736255;5.12955093
-4.84736255;5.12955093
-4.83736255;5.12955093
-4.82736255;5.04104757
-4.81736255;5.12955093
-4.80736255;5.21805477
-4.79736255;5.12955093
-4.78736255;5.21805477
-4.77736255;5.04104757
-4.76736255;5.04104757
-4.75736255;5.12955093
-4.74736255;5.21805477
-4.73736255;5.21805477
-4.72736255;5.12955093
-4.71736255;5.12955093
-4.70736255;5.12955093
-4.69736255;5.04104757
-4.68736255;5.21805477
-4.67736255;5.12955093
-4.66736255;5.12955093
-4.65736255;5.12955093
-4.64736255;5.12955093
-4.63736255;5.04104757
-4.62736255;5.12955093
-4.61736255;5.21805477
-4.60736255;5.12955093
-4.59736255;5.21805477
-4.58736255;5.12955093
-4.57736255;4.95254374
-4.56736255;5.12955093
-4.55736255;5.21805477
-4.54736255;5.21805477
-4.53736255;5.12955093
-4.52736255;5.04104757
-4.51736255;5.04104757
-4.50736255;5.12955093
-4.49736255;5.21805477
-4.48736255;5.12955093
-4.47736255;5.12955093
-4.46736255;5.12955093
-4.45736255;5.04104757
-4.44736255;5.04104757
-4.43736255;5.21805477
-4.42736255;5.12955093
-4.41736255;5.12955093
-4.40736255;5.21805477
-4.39736255;5.12955093
-4.38736255;5.04104757
-4.37736255;5.21805477
-4.36736255;5.12955093
-4.35736255;5.12955093
-4.34736255;5.21805477
-4.33736255;5.12955093
-4.32736255;5.04104757
-4.31736255;5.21805477
-4.30736255;5.21805477
-4.29736255;5.12955093
-4.28736255;5.12955093
-4.27736255;5.12955093
-4.26736255;5.12955093
-4.25736255;5.12955093
-4.24736255;5.21805477
-4.23736255;5.12955093
-4.22736255;5.21805477
-4.21736255;5.21805477
-4.20736255;5.12955093
-4.19736255;5.04104757
-4.18736255;5.21805477
-4.17736255;5.12955093
-4.16736255;5.12955093
-4.15736255;5.12955093
-4.14736255;5.12955093
-4.13736255;5.04104757
-4.12736255;5.21805477
-4.11736255;5.21805477
-4.10736255;5.12955093
-4.09736255;5.21805477
-4.08736255;5.12955093
-4.07736255;5.04104757
-4.06736255;5.21805477
-4.05736255;5.21805477
-4.04736255;5.12955093
-4.03736255;5.12955093
-4.02736255;5.04104757
-4.01736255;5.04104757
-4.00736255;5.12955093
-3.99736255;5.21805477
-3.98736255;5.12955093
-3.97736255;5.21805477
-3.96736255;5.12955093
-3.95736255;5.12955093
-3.94736255;5.04104757
-3.93736255;5.21805477
-3.92736255;5.21805477
-3.91736255;5.12955093
-3.90736255;5.12955093
-3.89736255;5.04104757
-3.88736255;5.04104757
-3.87736255;5.21805477
-3.86736255;5.21805477
-3.85736255;5.12955093
-3.84736255;5.21805477
-3.83736255;5.12955093
-3.82736255;5.04104757
-3.81736255;5.12955093
-3.80736256;5.21805477
-3.79736256;5.12955093
-3.78736256;5.12955093
-3.77736256;5.12955093
-3.76736256;5.12955093
-3.75736256;5.12955093
-3.74736256;5.21805477
-3.73736256;5.12955093
-3.72736256;5.12955093
-3.71736256;5.12955093
-3.70736256;5.04104757
-3.69736256;5.04104757
-3.68736256;5.21805477
-3.67736256;5.12955093
-3.66736256;5.12955093
-3.65736256;5.12955093
-3.64736256;5.12955093
-3.63736256;5.04104757
-3.62736256;5.21805477
-3.61736256;5.21805477
-3.60736256;5.12955093
-3.59736256;5.21805477
-3.58736256;5.04104757
-3.57736256;5.04104757
-3.56736256;5.12955093
-3.55736256;5.21805477
-3.54736256;5.12955093
-3.53736256;5.21805477
-3.52736256;5.12955093
-3.51736256;5.12955093
-3.50736256;5.04104757
-3.49736256;5.21805477
-3.48736256;5.12955093
-3.47736256;5.12955093
-3.46736256;5.12955093
-3.45736256;5.04104757
-3.44736256;5.04104757
-3.43736256;5.21805477
-3.42736256;5.21805477
-3.41736256;5.12955093
-3.40736256;5.12955093
-3.39736256;5.12955093
-3.38736256;5.04104757
-3.37736256;5.21805477
-3.36736256;5.21805477
-3.35736256;5.12955093
-3.34736256;5.12955093
-3.33736256;5.12955093
-3.32736256;5.04104757
-3.31736256;5.21805477
-3.30736256;5.21805477
-3.29736256;5.12955093
-3.28736256;5.21805477
-3.27736256;5.12955093
-3.26736256;5.12955093
-3.25736256;5.12955093
-3.24736256;5.21805477
-3.23736256;5.12955093
-3.22736256;5.21805477
-3.21736256;5.12955093
-3.20736256;5.12955093
-3.19736256;5.04104757
-3.18736256;5.21805477
-3.17736256;5.21805477
-3.16736256;5.12955093
-3.15736256;5.12955093
-3.14736256;5.12955093
-3.13736256;5.04104757
-3.12736256;5.21805477
-3.11736256;5.21805477
-3.10736256;5.12955093
-3.09736256;5.21805477
-3.08736256;5.12955093
-3.07736256;5.12955093
-3.06736256;5.12955093
-3.05736256;5.21805477
-3.04736256;5.12955093
-3.03736256;5.12955093
-3.02736256;5.12955093
-3.01736256;5.12955093
-3.00736256;5.12955093
-2.99736256;5.21805477
-2.98736256;5.12955093
-2.97736256;5.12955093
-2.96736256;5.21805477
-2.95736256;5.12955093
-2.94736256;5.04104757
-2.93736256;5.21805477
-2.92736256;5.12955093
-2.91736256;5.12955093
-2.90736256;5.21805477
-2.89736256;5.12955093
-2.88736256;5.04104757
-2.87736256;5.21805477
-2.86736256;5.21805477
-2.85736256;5.12955093
-2.84736256;5.21805477
-2.83736256;5.12955093
-2.82736256;5.04104757
-2.81736256;5.12955093
-2.80736256;5.21805477
-2.79736256;5.12955093
-2.78736256;5.21805477
-2.77736256;5.12955093
-2.76736256;5.04104757
-2.75736256;5.12955093
-2.74736256;5.21805477
-2.73736256;5.12955093
-2.72736256;5.12955093
-2.71736256;5.12955093
-2.70736256;5.12955093
-2.69736256;5.12955093
-2.68736256;5.21805477
-2.67736256;5.12955093
-2.66736256;5.12955093
-2.65736256;5.12955093
-2.64736256;5.12955093
-2.63736256;5.04104757
-2.62736256;5.21805477
-2.61736256;5.12955093
-2.60736256;5.12955093
-2.59736256;5.12955093
-2.58736256;5.12955093
-2.57736256;5.04104757
-2.56736256;5.12955093
-2.55736256;5.21805477
-2.54736256;5.12955093
-2.53736256;5.12955093
-2.52736256;5.12955093
-2.51736256;5.04104757
-2.50736256;5.12955093
-2.49736256;5.21805477
-2.48736256;5.12955093
-2.47736256;5.12955093
-2.46736256;5.12955093
-2.45736256;5.12955093
-2.44736256;5.12955093
-2.43736256;5.21805477
-2.42736256;5.12955093
-2.41736256;5.12955093
-2.40736256;5.21805477
-2.39736256;5.12955093
-2.38736256;5.04104757
-2.37736256;5.21805477
-2.36736256;5.21805477
-2.35736256;5.12955093
-2.34736256;5.21805477
-2.33736256;5.12955093
-2.32736256;5.12955093
-2.31736256;5.12955093
-2.30736256;5.12955093
-2.29736256;5.12955093
-2.28736256;5.12955093
-2.27736256;5.12955093
-2.26736256;5.12955093
-2.25736256;5.12955093
-2.24736256;5.21805477
-2.23736256;5.12955093
-2.22736256;5.12955093
-2.21736256;5.12955093
-2.20736256;5.12955093
-2.19736256;5.12955093
-2.18736256;5.21805477
-2.17736256;5.12955093
-2.16736256;5.04104757
-2.15736257;5.12955093
-2.14736257;5.12955093
-2.13736257;5.04104757
-2.12736257;5.21805477
-2.11736257;5.12955093
-2.10736257;5.12955093
-2.09736257;5.21805477
-2.08736257;5.12955093
-2.07736257;5.04104757
-2.06736257;5.21805477
-2.05736257;5.21805477
-2.04736257;5.12955093
-2.03736257;5.12955093
-2.02736257;5.12955093
-2.01736257;5.12955093
-2.00736257;5.12955093
-1.99736257;5.21805477
-1.98736257;5.12955093
-1.97736257;5.12955093
-1.96736257;5.21805477
-1.95736257;5.12955093
-1.94736257;5.04104757
-1.93736257;5.21805477
-1.92736257;5.21805477
-1.91736257;5.12955093
-1.90736257;5.21805477
-1.89736257;5.12955093
-1.88736257;5.04104757
-1.87736257;5.21805477
-1.86736257;5.12955093
-1.85736257;5.12955093
-1.84736257;5.12955093
-1.83736257;5.12955093
-1.82736257;5.04104757
-1.81736257;5.21805477
-1.80736257;5.21805477
-1.79736257;5.12955093
-1.78736257;5.12955093
-1.77736257;5.12955093
-1.76736257;5.12955093
-1.75736257;5.04104757
-1.74736257;5.21805477
-1.73736257;5.12955093
-1.72736257;5.12955093
-1.71736257;5.12955093
-1.70736257;5.12955093
-1.69736257;5.04104757
-1.68736257;5.21805477
-1.67736257;5.12955093
-1.66736257;5.12955093
-1.65736257;5.12955093
-1.64736257;5.12955093
-1.63736257;5.04104757
-1.62736257;5.21805477
-1.61736257;5.21805477
-1.60736257;5.12955093
-1.59736257;5.21805477
-1.58736257;5.12955093
-1.57736257;5.04104757
-1.56736257;5.12955093
-1.55736257;5.21805477
-1.54736257;5.12955093
-1.53736257;5.21805477
-1.52736257;5.12955093
-1.51736257;5.04104757
-1.50736257;5.12955093
-1.49736257;5.21805477
-1.48736257;5.12955093
-1.47736257;5.12955093
-1.46736257;5.12955093
-1.45736257;5.12955093
-1.44736257;5.04104757
-1.43736257;5.21805477
-1.42736257;5.21805477
-1.41736257;5.12955093
-1.40736257;5.12955093
-1.39736257;5.04104757
-1.38736257;5.04104757
-1.37736257;5.21805477
-1.36736257;5.21805477
-1.35736257;5.12955093
-1.34736257;5.12955093
-1.33736257;5.04104757
-1.32736257;5.04104757
-1.31736257;5.12955093
-1.30736257;5.21805477
-1.29736257;5.12955093
-1.28736257;5.12955093
-1.27736257;5.12955093
-1.26736257;5.12955093
-1.25736257;5.04104757
-1.24736257;5.21805477
-1.23736257;5.12955093
-1.22736257;5.21805477
-1.21736257;5.12955093
-1.20736257;5.12955093
-1.19736257;5.12955093
-1.18736257;5.21805477
-1.17736257;5.12955093
-1.16736257;5.12955093
-1.15736257;5.12955093
-1.14736257;5.12955093
-1.13736257;5.12955093
-1.12736257;5.21805477
-1.11736257;5.12955093
-1.10736257;5.12955093
-1.09736257;5.21805477
-1.08736257;5.12955093
-1.07736257;5.04104757
-1.06736257;5.12955093
-1.05736257;5.21805477
-1.04736257;5.12955093
-1.03736257;5.21805477
-1.02736257;5.12955093
-1.01736257;5.04104757
-1.00736257;5.12955093
-0.99736257;5.21805477
-0.98736257;5.12955093
-0.97736257;5.12955093
-0.96736257;5.12955093
-0.95736257;5.04104757
-0.94736257;5.12955093
-0.93736257;5.21805477
-0.92736257;5.21805477
-0.91736257;5.12955093
-0.90736257;5.12955093
-0.89736257;5.12955093
-0.88736257;5.04104757
-0.87736257;5.21805477
-0.86736257;5.21805477
-0.85736257;5.12955093
-0.84736257;5.12955093
-0.83736257;5.12955093
-0.82736257;5.04104757
-0.81736257;5.12955093
-0.80736257;5.21805477
-0.79736257;5.12955093
-0.78736257;5.21805477
-0.77736257;5.12955093
-0.76736257;5.04104757
-0.75736257;5.12955093
-0.74736257;5.21805477
-0.73736257;5.21805477
-0.72736257;5.12955093
-0.71736257;5.12955093
-0.70736257;5.04104757
-0.69736257;5.12955093
-0.68736257;5.21805477
-0.67736257;5.21805477
-0.66736257;5.12955093
-0.65736257;5.12955093
-0.64736257;5.12955093
-0.63736257;5.04104757
-0.62736257;5.21805477
-0.61736257;5.21805477
-0.60736257;5.12955093
-0.59736257;5.21805477
-0.58736257;5.12955093
-0.57736257;4.95254374
-0.56736257;5.12955093
-0.55736257;5.21805477
-0.54736257;5.12955093
-0.53736257;5.12955093
-0.52736257;5.04104757
-0.51736258;5.04104757
-0.50736258;5.12955093
-0.49736258;5.21805477
-0.48736258;5.12955093
-0.47736258;5.12955093
-0.46736258;5.12955093
-0.45736258;5.04104757
-0.44736258;5.12955093
-0.43736258;5.21805477
-0.42736258;5.12955093
-0.41736258;5.12955093
-0.40736258;5.21805477
-0.39736258;5.12955093
-0.38736258;5.04104757
-0.37736258;5.21805477
-0.36736258;5.21805477
-0.35736258;5.12955093
-0.34736258;5.12955093
-0.33736258;5.04104757
-0.32736258;5.04104757
-0.31736258;5.12955093
-0.30736258;5.12955093
-0.29736258;5.12955093
-0.28736258;5.12955093
-0.27736258;5.12955093
-0.26736258;5.12955093
-0.25736258;5.12955093
-0.24736258;5.21805477
-0.23736258;5.12955093
-0.22736258;5.12955093
-0.21736258;5.12955093
-0.20736258;5.12955093
-0.19736258;5.04104757
-0.18736258;5.21805477
-0.17736258;5.21805477
-0.16736258;5.12955093
-0.15736258;5.12955093
-0.14736258;5.04104757
-0.13736258;5.04104757
-0.12736258;5.21805477
-0.11736258;5.21805477
-0.10736258;5.12955093
-0.09736258;5.12955093
-0.08736258;5.12955093
-0.07736258;5.04104757
-0.06736258;5.12955093
-0.05736258;5.21805477
-0.04736258;5.12955093
-0.03736258;5.12955093
-0.02736258;5.12955093
-0.01736258;5.04104757
-0.00736258;3.44767594
0.00263742;-1.15482044
0.01263742;-0.62379831
0.02263742;-1.33182776
0.03263742;1.41178620
0.04263742;0.70375681
0.05263742;-0.18127994
0.06263742;-0.62379831
0.07263742;-0.00427259
0.08263742;0.61525315
0.09263742;0.26123846
0.10263742;-0.09277627
0.11263742;-0.18127994
0.12263742;0.17273477
0.13263742;0.26123846
0.14263742;0.08423109
0.15263742;-0.00427259
0.16263742;-0.00427259
0.17263742;0.17273477
0.18263742;0.17273477
0.19263742;0.08423109
0.20263742;0.08423109
0.21263742;0.08423109
0.22263742;0.08423109
0.23263742;0.08423109
0.24263742;-0.00427259
0.25263742;-0.00427259
0.26263742;0.08423109
0.27263742;0.08423109
0.28263742;0.08423109
0.29263742;0.08423109
0.30263742;0.08423109
0.31263742;0.08423109
0.32263742;0.08423109
0.33263742;0.08423109
0.34263742;0.08423109
0.35263742;0.08423109
0.36263742;0.08423109
0.37263742;0.08423109
0.38263742;0.08423109
0.39263742;0.08423109
0.40263742;0.08423109
0.41263742;0.08423109
0.42263742;0.08423109
0.43263742;0.08423109
0.44263742;0.08423109
0.45263742;0.08423109
0.46263742;0.08423109
0.47263742;0.08423109
0.48263742;0.08423109
0.49263742;0.08423109
0.50263742;0.08423109
0.51263742;0.08423109
0.52263742;0.08423109
0.53263742;0.08423109
0.54263742;0.08423109
0.55263742;0.08423109
0.56263742;0.08423109
0.57263742;-0.00427259
0.58263742;0.08423109
0.59263742;0.08423109
0.60263742;0.08423109
0.61263742;0.08423109
0.62263742;0.08423109
0.63263742;-0.00427259
0.64263742;0.08423109
0.65263742;0.08423109
0.66263742;0.08423109
0.67263742;0.08423109
0.68263742;0.08423109
0.69263742;-0.00427259
0.70263742;0.08423109
0.71263742;0.08423109
0.72263742;0.08423109
0.73263742;0.08423109
0.74263742;0.08423109
0.75263742;-0.00427259
0.76263742;0.08423109
0.77263742;0.08423109
0.78263742;0.08423109
0.79263742;0.08423109
0.80263742;0.08423109
0.81263742;0.08423109
0.82263742;0.08423109
0.83263742;-0.00427259
0.84263742;0.08423109
0.85263742;0.08423109
0.86263742;0.08423109
0.87263742;0.08423109
0.88263742;-0.00427259
0.89263742;0.08423109
0.90263742;0.08423109
0.91263742;0.08423109
0.92263742;0.08423109
0.93263742;0.08423109
0.94263742;0.08423109
0.95263742;0.08423109
0.96263742;0.08423109
0.97263742;0.08423109
0.98263742;0.08423109
0.99263742;0.08423109
1.00263742;0.08423109
1.01263742;0.08423109
1.02263742;0.08423109
1.03263742;0.08423109
1.04263742;0.08423109
1.05263742;0.08423109
1.06263742;0.08423109
1.07263742;0.08423109
1.08263742;0.08423109
1.09263742;0.08423109
1.10263742;0.08423109
1.11263742;0.08423109
1.12263742;0.08423109
1.13263741;-0.00427259
1.14263741;0.08423109
1.15263741;0.08423109
1.16263741;0.08423109
1.17263741;0.08423109
1.18263741;0.08423109
1.19263741;0.08423109
1.20263741;0.08423109
1.21263741;0.08423109
1.22263741;0.08423109
1.23263741;0.08423109
1.24263741;0.08423109
1.25263741;0.08423109
1.26263741;0.08423109
1.27263741;0.08423109
1.28263741;0.08423109
1.29263741;0.08423109
1.30263741;0.08423109
1.31263741;0.08423109
1.32263741;0.08423109
1.33263741;0.08423109
1.34263741;0.08423109
1.35263741;0.17273477
1.36263741;0.08423109
1.37263741;0.08423109
1.38263741;-0.00427259
1.39263741;0.08423109
1.40263741;0.17273477
1.41263741;0.08423109
1.42263741;-0.00427259
1.43263741;-0.00427259
1.44263741;-0.00427259
1.45263741;0.08423109
1.46263741;0.08423109
1.47263741;0.08423109
1.48263741;0.08423109
1.49263741;0.08423109
1.50263741;-0.00427259
1.51263741;-0.00427259
1.52263741;0.08423109
1.53263741;0.08423109
1.54263741;0.08423109
1.55263741;0.08423109
1.56263741;-0.00427259
1.57263741;-0.00427259
1.58263741;-0.00427259
1.59263741;0.08423109
1.60263741;0.08423109
1.61263741;0.08423109
1.62263741;-0.00427259
1.63263741;-0.00427259
1.64263741;0.08423109
1.65263741;0.08423109
1.66263741;0.08423109
1.67263741;0.08423109
1.68263741;0.08423109
1.69263741;0.08423109
1.70263741;0.08423109
1.71263741;0.08423109
1.72263741;-0.00427259
1.73263741;0.08423109
1.74263741;-0.00427259
1.75263741;-0.00427259
1.76263741;0.08423109
1.77263741;0.08423109
1.78263741;0.08423109
1.79263741;0.08423109
1.80263741;0.08423109
1.81263741;0.08423109
1.82263741;-0.00427259
1.83263741;0.08423109
1.84263741;0.08423109
1.85263741;0.08423109
1.86263741;0.08423109
1.87263741;0.08423109
1.88263741;-0.00427259
1.89263741;-0.00427259
1.90263741;0.08423109
1.91263741;0.08423109
1.92263741;0.08423109
1.93263741;0.08423109
1.94263741;0.08423109
1.95263741;0.08423109
1.96263741;0.08423109
1.97263741;-0.00427259
1.98263741;-0.00427259
1.99263741;0.08423109
2.00263741;0.08423109
2.01263741;0.08423109
2.02263741;0.08423109
2.03263741;0.08423109
2.04263741;0.08423109
2.05263741;0.08423109
2.06263741;-0.00427259
2.07263741;-0.00427259
2.08263741;0.08423109
2.09263741;-0.00427259
2.10263741;0.08423109
2.11263741;0.08423109
2.12263741;0.08423109
2.13263741;0.08423109
2.14263741;-0.00427259
2.15263741;0.08423109
2.16263741;0.08423109
2.17263741;0.08423109
2.18263741;0.08423109
2.19263741;0.08423109
2.20263741;-0.00427259
2.21263741;-0.00427259
2.22263741;-0.00427259
2.23263741;-0.00427259
2.24263741;0.08423109
2.25263741;0.08423109
2.26263741;-0.00427259
2.27263741;0.08423109
2.28263741;0.08423109
2.29263741;0.08423109
2.30263741;0.08423109
2.31263741;0.08423109
2.32263741;-0.00427259
2.33263741;0.08423109
2.34263741;0.08423109
2.35263741;0.08423109
2.36263741;-0.00427259
2.37263741;0.08423109
2.38263741;0.08423109
2.39263741;-0.00427259
2.40263741;0.08423109
2.41263741;0.08423109
2.42263741;-0.00427259
2.43263741;0.08423109
2.44263741;-0.00427259
2.45263741;-0.00427259
2.46263741;-0.00427259
2.47263741;0.08423109
2.48263741;0.08423109
2.49263741;0.08423109
2.50263741;-0.00427259
2.51263741;-0.00427259
2.52263741;-0.00427259
2.53263741;0.08423109
2.54263741;0.08423109
2.55263741;0.08423109
2.56263741;0.08423109
2.57263741;-0.00427259
2.58263741;-0.00427259
2.59263741;0.08423109
2.60263741;0.08423109
2.61263741;0.08423109
2.62263741;-0.00427259
2.63263741;-0.00427259
2.64263741;0.08423109
2.65263741;-0.00427259
2.66263741;0.08423109
2.67263741;-0.00427259
2.68263741;0.08423109
2.69263741;-0.00427259
2.70263741;0.08423109
2.71263741;-0.00427259
2.72263741;0.08423109
2.73263741;0.08423109
2.74263741;0.08423109
2.75263741;-0.00427259
2.76263741;0.08423109
2.77263741;-0.00427259
2.78263740;0.08423109
2.79263740;0.08423109
2.80263740;0.08423109
2.81263740;-0.00427259
2.82263740;-0.00427259
2.83263740;-0.00427259
2.84263740;0.08423109
2.85263740;-0.00427259
2.86263740;0.08423109
2.87263740;0.08423109
2.88263740;-0.00427259
2.89263740;-0.00427259
2.90263740;-0.00427259
2.91263740;0.08423109
2.92263740;0.08423109
2.93263740;-0.00427259
2.94263740;-0.00427259
2.95263740;-0.00427259
2.96263740;-0.00427259
2.97263740;0.08423109
2.98263740;0.08423109
2.99263740;0.08423109
3.00263740;-0.00427259
3.01263740;-0.00427259
3.02263740;0.08423109
3.03263740;0.08423109
3.04263740;0.08423109
3.05263740;0.08423109
3.06263740;-0.00427259
3.07263740;-0.00427259
3.08263740;0.08423109
3.09263740;0.08423109
3.10263740;-0.00427259
3.11263740;0.08423109
3.12263740;-0.00427259
3.13263740;-0.00427259
3.14263740;0.08423109
3.15263740;-0.00427259
3.16263740;0.08423109
3.17263740;0.08423109
3.18263740;0.08423109
3.19263740;0.08423109
3.20263740;-0.00427259
3.21263740;0.08423109
3.22263740;-0.00427259
3.23263740;-0.00427259
3.24263740;0.08423109
3.25263740;-0.00427259
3.26263740;0.08423109
3.27263740;0.08423109
3.28263740;-0.00427259
3.29263740;0.08423109
3.30263740;0.08423109
3.31263740;0.08423109
3.32263740;0.08423109
3.33263740;-0.00427259
3.34263740;-0.00427259
3.35263740;0.08423109
3.36263740;0.08423109
3.37263740;-0.00427259
3.38263740;-0.00427259
3.39263740;-0.00427259
3.40263740;-0.00427259
3.41263740;0.08423109
3.42263740;0.08423109
3.43263740;0.08423109
3.44263740;-0.00427259
3.45263740;-0.00427259
3.46263740;-0.00427259
3.47263740;0.08423109
3.48263740;0.08423109
3.49263740;0.08423109
3.50263740;-0.00427259
3.51263740;0.08423109
3.52263740;0.08423109
3.53263740;0.08423109
3.54263740;-0.00427259
3.55263740;0.08423109
3.56263740;-0.00427259
3.57263740;-0.00427259
3.58263740;0.08423109
3.59263740;0.08423109
3.60263740;-0.00427259
3.61263740;0.08423109
3.62263740;-0.00427259
3.63263740;-0.00427259
3.64263740;0.08423109
3.65263740;0.08423109
3.66263740;0.08423109
3.67263740;-0.00427259
3.68263740;0.08423109
3.69263740;-0.00427259
3.70263740;-0.00427259
3.71263740;-0.00427259
3.72263740;0.08423109
3.73263740;-0.00427259
3.74263740;0.08423109
3.75263740;-0.00427259
3.76263740;-0.00427259
3.77263740;-0.00427259
3.78263740;0.08423109
3.79263740;0.08423109
3.80263740;0.08423109
3.81263740;-0.00427259
3.82263740;0.08423109
3.83263740;-0.00427259
3.84263740;0.08423109
3.85263740;-0.00427259
3.86263740;0.08423109
3.87263740;0.08423109
3.88263740;0.08423109
3.89263740;-0.00427259
3.90263740;0.08423109
3.91263740;-0.00427259
3.92263740;-0.00427259
3.93263740;0.08423109
3.94263740;0.08423109
3.95263740;-0.00427259
3.96263740;-0.00427259
3.97263740;-0.00427259
3.98263740;0.08423109
3.99263740;0.08423109
4.00263740;-0.00427259
4.01263740;-0.00427259
4.02263740;-0.00427259
4.03263740;-0.00427259
4.04263740;0.08423109
4.05263740;0.08423109
4.06263740;-0.00427259
4.07263740;-0.00427259
4.08263740;-0.00427259
4.09263740;0.08423109
4.10263740;-0.00427259
4.11263740;0.08423109
4.12263740;0.08423109
4.13263740;-0.00427259
4.14263740;-0.00427259
4.15263740;-0.00427259
4.16263740;0.08423109
4.17263740;0.08423109
4.18263740;0.08423109
4.19263740;-0.00427259
4.20263740;-0.00427259
4.21263740;0.08423109
4.22263740;0.08423109
4.23263740;0.08423109
4.24263740;0.08423109
4.25263740;-0.00427259
4.26263740;0.08423109
4.27263740;-0.00427259
4.28263740;-0.00427259
4.29263740;0.08423109
4.30263740;0.08423109
4.31263740;-0.00427259
4.32263740;-0.09277627
4.33263740;-0.00427259
4.34263740;-0.00427259
4.35263740;-0.00427259
4.36263740;-0.00427259
4.37263740;-0.00427259
4.38263740;-0.00427259
4.39263740;-0.00427259
4.40263740;0.08423109
4.41263740;-0.00427259
4.42263739;0.08423109
4.43263739;-0.00427259
4.44263739;0.08423109
4.45263739;0.08423109
4.46263739;0.08423109
4.47263739;0.08423109
4.48263739;0.08423109
4.49263739;0.08423109
4.50263739;-0.00427259
4.51263739;-0.00427259
4.52263739;-0.00427259
4.53263739;-0.00427259
4.54263739;0.08423109
4.55263739;0.08423109
4.56263739;-0.00427259
4.57263739;-0.00427259
4.58263739;-0.00427259
4.59263739;0.08423109
4.60263739;0.08423109
4.61263739;0.08423109
4.62263739;0.08423109
4.63263739;-0.00427259
4.64263739;-0.00427259
4.65263739;-0.00427259
4.66263739;0.08423109
4.67263739;0.08423109
4.68263739;0.08423109
4.69263739;0.08423109
4.70263739;0.08423109
4.71263739;0.08423109
4.72263739;0.08423109
4.73263739;-0.00427259
4.74263739;0.08423109
4.75263739;-0.00427259
4.76263739;-0.00427259
4.77263739;0.08423109
4.78263739;0.08423109
4.79263739;-0.00427259
4.80263739;-0.00427259
4.81263739;-0.00427259
4.82263739;-0.00427259
4.83263739;-0.00427259
4.84263739;-0.00427259
4.85263739;0.08423109
4.86263739;0.08423109
4.87263739;0.08423109
4.88263739;-0.00427259
4.89263739;0.08423109
4.90263739;0.08423109
4.91263739;0.08423109
4.92263739;0.08423109
4.93263739;0.08423109
4.94263739;-0.00427259
4.95263739;-0.00427259
4.96263739;-0.00427259
4.97263739;-0.00427259
4.98263739;-0.00427259
4.99263739;-0.00427259
5.00263739;0.08423109
5.01263739;-0.00427259
5.02263739;-0.00427259
5.03263739;-0.00427259
5.04263739;-0.00427259
5.05263739;0.08423109
5.06263739;-0.00427259
5.07263739;-0.00427259
5.08263739;-0.00427259
5.09263739;0.08423109
5.10263739;-0.00427259
5.11263739;0.08423109
5.12263739;-0.00427259
5.13263739;-0.00427259
5.14263739;-0.00427259
5.15263739;0.08423109
5.16263739;-0.00427259
5.17263739;0.08423109
5.18263739;0.08423109
5.19263739;-0.00427259
5.20263739;0.08423109
5.21263739;-0.00427259
5.22263739;-0.00427259
5.23263739;-0.00427259
5.24263739;0.08423109
5.25263739;-0.00427259
5.26263739;-0.00427259
5.27263739;-0.00427259
5.28263739;-0.00427259
5.29263739;0.08423109
5.30263739;0.08423109
5.31263739;-0.00427259
5.32263739;-0.00427259
5.33263739;-0.00427259
5.34263739;0.08423109
5.35263739;0.08423109
5.36263739;0.08423109
5.37263739;-0.00427259
5.38263739;-0.00427259
5.39263739;-0.00427259
5.40263739;-0.00427259
5.41263739;-0.00427259
5.42263739;-0.00427259
5.43263739;-0.00427259
5.44263739;-0.00427259
5.45263739;-0.00427259
5.46263739;-0.00427259
5.47263739;-0.00427259
5.48263739;-0.00427259
5.49263739;0.08423109
5.50263739;-0.00427259
5.51263739;-0.00427259
5.52263739;-0.00427259
5.53263739;0.08423109
5.54263739;-0.00427259
5.55263739;-0.00427259
5.56263739;-0.00427259
5.57263739;-0.00427259
5.58263739;-0.00427259
5.59263739;0.08423109
5.60263739;-0.00427259
5.61263739;-0.00427259
5.62263739;0.08423109
5.63263739;-0.00427259
5.64263739;-0.00427259
5.65263739;-0.00427259
5.66263739;-0.00427259
5.67263739;-0.00427259
5.68263739;0.08423109
5.69263739;-0.00427259
5.70263739;-0.00427259
5.71263739;0.08423109
5.72263739;0.08423109
5.73263739;0.08423109
5.74263739;-0.00427259
5.75263739;-0.00427259
5.76263739;-0.00427259
5.77263739;0.08423109
5.78263739;-0.00427259
5.79263739;-0.00427259
5.80263739;-0.00427259
5.81263739;-0.00427259
5.82263739;-0.00427259
5.83263739;-0.00427259
5.84263739;0.08423109
5.85263739;0.08423109
5.86263739;0.08423109
5.87263739;-0.00427259
5.88263739;-0.00427259
5.89263739;-0.00427259
5.90263739;-0.00427259
5.91263739;0.08423109
5.92263739;0.08423109
5.93263739;0.08423109
5.94263739;-0.00427259
5.95263739;-0.00427259
5.96263739;-0.00427259
5.97263739;0.08423109
5.98263739;0.08423109
5.99263739;-0.00427259
6.00263739;-0.00427259
6.01263739;-0.00427259
6.02263739;-0.00427259
6.03263739;0.08423109
6.04263739;-0.00427259
6.05263739;0.08423109
6.06263739;-0.00427259
6.07263738;-0.00427259
6.08263738;-0.00427259
6.09263738;0.08423109
6.10263738;0.08423109
6.11263738;-0.00427259
6.12263738;-0.00427259
6.13263738;-0.00427259
6.14263738;-0.00427259
6.15263738;0.08423109
6.16263738;-0.00427259
6.17263738;-0.00427259
6.18263738;0.08423109
6.19263738;0.08423109
6.20263738;-0.00427259
6.21263738;-0.00427259
6.22263738;0.08423109
6.23263738;0.08423109
6.24263738;-0.00427259
6.25263738;-0.00427259
6.26263738;-0.00427259
6.27263738;0.08423109
6.28263738;0.08423109
6.29263738;-0.00427259
6.30263738;0.08423109
6.31263738;-0.00427259
6.32263738;0.08423109
6.33263738;-0.00427259
6.34263738;-0.00427259
6.35263738;0.08423109
6.36263738;0.08423109
6.37263738;-0.00427259
6.38263738;-0.00427259
6.39263738;0.08423109
6.40263738;-0.00427259
6.41263738;-0.00427259
6.42263738;-0.00427259
6.43263738;0.08423109
6.44263738;0.08423109
6.45263738;-0.00427259
6.46263738;-0.00427259
6.47263738;0.08423109
6.48263738;0.08423109
6.49263738;0.08423109
6.50263738;-0.00427259
6.51263738;-0.00427259
6.52263738;-0.00427259
6.53263738;-0.00427259
6.54263738;-0.00427259
6.55263738;0.08423109
6.56263738;-0.00427259
6.57263738;-0.00427259
6.58263738;-0.00427259
6.59263738;-0.00427259
6.60263738;-0.00427259
6.61263738;-0.00427259
6.62263738;-0.00427259
6.63263738;-0.00427259
6.64263738;0.08423109
6.65263738;-0.00427259
6.66263738;-0.00427259
6.67263738;-0.00427259
6.68263738;-0.00427259
6.69263738;-0.00427259
6.70263738;-0.00427259
6.71263738;-0.00427259
6.72263738;-0.00427259
6.73263738;-0.00427259
6.74263738;0.08423109
6.75263738;0.08423109
6.76263738;0.08423109
6.77263738;-0.00427259
6.78263738;-0.00427259
6.79263738;-0.00427259
6.80263738;0.08423109
6.81263738;-0.00427259
6.82263738;-0.00427259
6.83263738;-0.00427259
6.84263738;-0.00427259
6.85263738;0.08423109
6.86263738;0.08423109
6.87263738;-0.00427259
6.88263738;-0.00427259
6.89263738;-0.00427259
6.90263738;0.08423109
6.91263738;0.08423109
6.92263738;-0.00427259
6.93263738;-0.00427259
6.94263738;-0.00427259
6.95263738;-0.00427259
6.96263738;-0.00427259
6.97263738;-0.00427259
6.98263738;-0.00427259
6.99263738;-0.00427259
7.00263738;-0.00427259
7.01263738;0.08423109
7.02263738;-0.00427259
7.03263738;-0.00427259
7.04263738;-0.00427259
7.05263738;-0.00427259
7.06263738;-0.00427259
7.07263738;-0.00427259
7.08263738;-0.00427259
7.09263738;-0.00427259
7.10263738;-0.00427259
7.11263738;-0.00427259
7.12263738;-0.00427259
7.13263738;-0.00427259
7.14263738;-0.00427259
7.15263738;-0.00427259
7.16263738;-0.00427259
7.17263738;0.08423109
7.18263738;-0.00427259
7.19263738;-0.00427259
7.20263738;-0.00427259
7.21263738;-0.00427259
7.22263738;-0.00427259
7.23263738;-0.00427259
7.24263738;-0.00427259
7.25263738;-0.00427259
7.26263738;-0.00427259
7.27263738;-0.00427259
7.28263738;-0.00427259
7.29263738;0.08423109
7.30263738;0.08423109
7.31263738;0.08423109
7.32263738;-0.00427259
7.33263738;-0.00427259
7.34263738;-0.00427259
7.35263738;0.08423109
7.36263738;0.08423109
7.37263738;-0.00427259
7.38263738;-0.00427259
7.39263738;-0.00427259
7.40263738;-0.00427259
7.41263738;-0.00427259
7.42263738;-0.00427259
7.43263738;0.08423109
7.44263738;-0.00427259
7.45263738;-0.00427259
7.46263738;-0.00427259
7.47263738;0.08423109
7.48263738;0.08423109
7.49263738;0.08423109
7.50263738;-0.00427259
7.51263738;-0.09277627
7.52263738;-0.00427259
7.53263738;-0.00427259
7.54263738;0.08423109
7.55263738;-0.00427259
7.56263738;-0.00427259
7.57263738;-0.00427259
7.58263738;-0.00427259
7.59263738;-0.00427259
7.60263738;-0.00427259
7.61263738;-0.00427259
7.62263738;-0.00427259
7.63263738;-0.00427259
7.64263738;-0.00427259
7.65263738;-0.09277627
7.66263738;-0.00427259
7.67263738;0.08423109
7.68263738;0.08423109
7.69263738;0.08423109
7.70263738;-0.00427259
7.71263737;-0.00427259
7.72263737;-0.00427259
7.73263737;-0.00427259
7.74263737;0.08423109
7.75263737;-0.00427259
7.76263737;-0.00427259
7.77263737;0.08423109
7.78263737;0.08423109
7.79263737;-0.00427259
7.80263737;-0.00427259
7.81263737;-0.00427259
7.82263737;-0.00427259
7.83263737;-0.00427259
7.84263737;-0.00427259
7.85263737;-0.00427259
7.86263737;-0.00427259
7.87263737;-0.00427259
7.88263737;-0.00427259
7.89263737;-0.00427259
7.90263737;-0.00427259
7.91263737;-0.00427259
7.92263737;-0.00427259
7.93263737;0.08423109
7.94263737;-0.00427259
7.95263737;-0.00427259
7.96263737;-0.00427259
7.97263737;-0.00427259
7.98263737;-0.00427259
7.99263737;0.08423109
8.00263737;-0.00427259
8.01263737;-0.00427259
8.02263737;-0.00427259
8.03263737;-0.00427259
8.04263737;-0.00427259
8.05263737;-0.00427259
8.06263737;-0.00427259
8.07263737;-0.00427259
8.08263737;-0.00427259
8.09263737;-0.00427259
8.10263737;-0.00427259
8.11263737;-0.00427259
8.12263737;-0.00427259
8.13263737;-0.00427259
8.14263737;-0.00427259
8.15263737;0.08423109
8.16263737;-0.00427259
8.17263737;-0.00427259
8.18263737;-0.00427259
8.19263737;-0.00427259
8.20263737;-0.00427259
8.21263737;-0.00427259
8.22263737;-0.00427259
8.23263737;-0.00427259
8.24263737;0.08423109
8.25263737;-0.00427259
8.26263737;-0.00427259
8.27263737;0.08423109
8.28263737;0.08423109
8.29263737;-0.00427259
8.30263737;-0.00427259
8.31263737;-0.00427259
8.32263737;-0.00427259
8.33263737;-0.00427259
8.34263737;-0.00427259
8.35263737;-0.00427259
8.36263737;-0.00427259
8.37263737;-0.00427259
8.38263737;-0.00427259
8.39263737;-0.00427259
8.40263737;-0.00427259
8.41263737;-0.00427259
8.42263737;-0.00427259
8.43263737;-0.00427259
8.44263737;-0.00427259
8.45263737;-0.00427259
8.46263737;-0.00427259
8.47263737;-0.00427259
8.48263737;-0.00427259
8.49263737;0.08423109
8.50263737;0.08423109
8.51263737;-0.00427259
8.52263737;-0.00427259
8.53263737;-0.00427259
8.54263737;-0.00427259
8.55263737;-0.00427259
8.56263737;-0.00427259
8.57263737;-0.00427259
8.58263737;-0.00427259
8.59263737;-0.00427259
8.60263737;-0.00427259
8.61263737;-0.00427259
8.62263737;-0.00427259
8.63263737;-0.00427259
8.64263737;-0.00427259
8.65263737;-0.00427259
8.66263737;-0.00427259
8.67263737;-0.00427259
8.68263737;-0.00427259
8.69263737;-0.00427259
8.70263737;-0.00427259
8.71263737;-0.00427259
8.72263737;0.08423109
8.73263737;-0.00427259
8.74263737;-0.00427259
8.75263737;-0.00427259
8.76263737;-0.00427259
8.77263737;0.08423109
8.78263737;-0.00427259
8.79263737;-0.00427259
8.80263737;0.08423109
8.81263737;-0.00427259
8.82263737;-0.00427259
8.83263737;-0.00427259
8.84263737;-0.00427259
8.85263737;-0.00427259
8.86263737;0.08423109
8.87263737;-0.00427259
8.88263737;-0.00427259
8.89263737;-0.00427259
8.90263737;-0.00427259
8.91263737;-0.00427259
8.92263737;-0.00427259
8.93263737;0.08423109
8.94263737;-0.00427259
8.95263737;-0.00427259
8.96263737;-0.00427259
8.97263737;0.08423109
8.98263737;-0.00427259
8.99263737;-0.00427259
9.00263737;-0.00427259
9.01263737;-0.00427259
9.02263737;-0.00427259
9.03263737;-0.00427259
9.04263737;-0.00427259
9.05263737;0.08423109
9.06263737;-0.00427259
9.07263737;-0.00427259
9.08263737;-0.00427259
9.09263737;0.08423109
9.10263737;0.08423109
9.11263737;-0.00427259
9.12263737;-0.00427259
9.13263737;-0.00427259
9.14263737;-0.00427259
9.15263737;-0.00427259
9.16263737;-0.00427259
9.17263737;-0.00427259
9.18263737;0.08423109
9.19263737;-0.00427259
9.20263737;-0.00427259
9.21263737;-0.00427259
9.22263737;0.08423109
9.23263737;-0.00427259
9.24263737;-0.00427259
9.25263737;-0.00427259
9.26263737;-0.00427259
9.27263737;-0.00427259
9.28263737;0.08423109
9.29263737;-0.00427259
9.30263737;-0.00427259
9.31263737;-0.00427259
9.32263737;-0.00427259
9.33263737;-0.00427259
9.34263737;-0.00427259
9.35263737;0.08423109
9.36263736;-0.00427259
9.37263736;-0.00427259
9.38263736;-0.00427259
9.39263736;-0.00427259
9.40263736;-0.00427259
9.41263736;-0.00427259
9.42263736;-0.00427259
9.43263736;-0.00427259
9.44263736;-0.00427259
9.45263736;-0.00427259
9.46263736;-0.00427259
9.47263736;-0.00427259
9.48263736;0.08423109
9.49263736;-0.00427259
9.50263736;-0.00427259
9.51263736;-0.00427259
9.52263736;-0.00427259
9.53263736;-0.00427259
9.54263736;0.08423109
9.55263736;-0.00427259
9.56263736;-0.00427259
9.57263736;-0.00427259
9.58263736;0.08423109
9.59263736;-0.00427259
9.60263736;-0.00427259
9.61263736;-0.00427259
9.62263736;-0.00427259
9.63263736;-0.00427259
9.64263736;0.08423109
9.65263736;0.08423109
9.66263736;-0.00427259
9.67263736;-0.00427259
9.68263736;-0.00427259
9.69263736;-0.00427259
9.70263736;-0.00427259
9.71263736;-0.00427259
9.72263736;-0.00427259
9.73263736;-0.00427259
9.74263736;0.08423109
9.75263736;-0.00427259
9.76263736;-0.00427259
9.77263736;-0.00427259
9.78263736;-0.00427259
9.79263736;-0.00427259
9.80263736;-0.00427259
9.81263736;-0.00427259
9.82263736;-0.00427259
9.83263736;-0.00427259
9.84263736;0.08423109
9.85263736;-0.00427259
9.86263736;-0.00427259
9.87263736;-0.00427259
9.88263736;-0.00427259
9.89263736;-0.00427259
9.90263736;-0.00427259
9.91263736;-0.00427259
9.92263736;-0.00427259
9.93263736;-0.00427259
9.94263736;-0.00427259
9.95263736;-0.00427259
9.96263736;-0.00427259
9.97263736;-0.00427259
9.98263736;-0.00427259
9.99263736;0.08423109
10.00263736;-0.00427259
10.01263736;-0.00427259
10.02263736;-0.00427259
10.03263736;-0.00427259
10.04263736;-0.00427259
10.05263736;0.08423109
10.06263736;-0.00427259
10.07263736;-0.00427259
10.08263736;-0.00427259
10.09263736;-0.00427259
10.10263736;0.08423109
10.11263736;0.08423109
10.12263736;-0.00427259
10.13263736;-0.00427259
10.14263736;-0.00427259
10.15263736;-0.00427259
10.16263736;-0.00427259
10.17263736;-0.00427259
10.18263736;-0.00427259
10.19263736;-0.00427259
10.20263736;-0.00427259
10.21263736;-0.00427259
10.22263736;0.08423109
10.23263736;-0.00427259
10.24263736;-0.00427259
10.25263736;-0.00427259
10.26263736;-0.00427259
10.27263736;0.08423109
10.28263736;-0.00427259
10.29263736;0.08423109
10.30263736;-0.00427259
10.31263736;0.08423109
10.32263736;0.08423109
10.33263736;-0.00427259
10.34263736;-0.00427259
10.35263736;0.08423109
10.36263736;-0.00427259
10.37263736;-0.00427259
10.38263736;0.08423109
10.39263736;-0.00427259
10.40263736;-0.00427259
10.41263736;0.08423109
10.42263736;0.08423109
10.43263736;-0.00427259
10.44263736;-0.00427259
10.45263736;-0.00427259
10.46263736;-0.00427259
10.47263736;0.08423109
10.48263736;-0.00427259
10.49263736;-0.00427259
10.50263736;-0.00427259
10.51263736;-0.00427259
10.52263736;-0.00427259
10.53263736;-0.00427259
10.54263736;-0.00427259
10.55263736;0.08423109
10.56263736;-0.00427259
10.57263736;-0.00427259
10.58263736;-0.00427259
10.59263736;-0.00427259
10.60263736;-0.00427259
10.61263736;-0.00427259
10.62263736;-0.00427259
10.63263736;-0.00427259
10.64263736;-0.00427259
10.65263736;-0.00427259
10.66263736;-0.00427259
10.67263736;-0.00427259
10.68263736;-0.00427259
10.69263736;-0.00427259
10.70263736;-0.00427259
10.71263736;-0.00427259
10.72263736;-0.00427259
10.73263736;0.08423109
10.74263736;-0.00427259
10.75263736;0.08423109
10.76263736;-0.00427259
10.77263736;-0.00427259
10.78263736;-0.00427259
10.79263736;-0.00427259
10.80263736;-0.00427259
10.81263736;-0.00427259
10.82263736;-0.00427259
10.83263736;-0.00427259
10.84263736;-0.00427259
10.85263736;-0.00427259
10.86263736;-0.00427259
10.87263736;-0.00427259
10.88263736;-0.00427259
10.89263736;-0.00427259
10.90263736;-0.00427259
10.91263736;-0.00427259
10.92263736;0.08423109
10.93263736;0.08423109
10.94263736;-0.00427259
10.95263736;-0.00427259
10.96263736;-0.00427259
10.97263736;-0.00427259
10.98263736;-0.00427259
10.99263736;-0.00427259
11.00263735;-0.00427259
11.01263735;-0.00427259
11.02263735;-0.00427259
11.03263735;-0.00427259
11.04263735;-0.00427259
11.05263735;0.08423109
11.06263735;0.08423109
11.07263735;-0.00427259
11.08263735;-0.00427259
11.09263735;-0.00427259
11.10263735;-0.00427259
11.11263735;0.08423109
11.12263735;0.08423109
11.13263735;-0.00427259
11.14263735;-0.00427259
11.15263735;-0.00427259
11.16263735;-0.00427259
11.17263735;-0.00427259
11.18263735;0.08423109
11.19263735;-0.00427259
11.20263735;-0.00427259
11.21263735;-0.00427259
11.22263735;-0.00427259
11.23263735;-0.00427259
11.24263735;-0.00427259
11.25263735;-0.00427259
11.26263735;-0.00427259
11.27263735;-0.00427259
11.28263735;-0.00427259
11.29263735;-0.00427259
11.30263735;0.08423109
11.31263735;-0.00427259
11.32263735;-0.00427259
11.33263735;-0.00427259
11.34263735;-0.00427259
11.35263735;-0.00427259
11.36263735;-0.00427259
11.37263735;-0.00427259
11.38263735;-0.00427259
11.39263735;-0.00427259
11.40263735;-0.00427259
11.41263735;-0.00427259
11.42263735;-0.00427259
11.43263735;-0.00427259
11.44263735;-0.00427259
11.45263735;-0.00427259
11.46263735;-0.00427259
11.47263735;-0.00427259
11.48263735;-0.00427259
11.49263735;0.08423109
11.50263735;-0.00427259
11.51263735;-0.00427259
11.52263735;-0.00427259
11.53263735;-0.00427259
11.54263735;-0.00427259
11.55263735;-0.00427259
11.56263735;-0.00427259
11.57263735;-0.00427259
11.58263735;-0.00427259
11.59263735;-0.00427259
11.60263735;-0.00427259
11.61263735;-0.00427259
11.62263735;-0.00427259
11.63263735;-0.00427259
11.64263735;-0.00427259
11.65263735;0.08423109
11.66263735;-0.00427259
11.67263735;-0.00427259
11.68263735;-0.00427259
11.69263735;-0.00427259
11.70263735;-0.00427259
11.71263735;-0.00427259
11.72263735;0.08423109
11.73263735;-0.00427259
11.74263735;-0.00427259
11.75263735;-0.00427259
11.76263735;-0.00427259
11.77263735;-0.00427259
11.78263735;0.08423109
11.79263735;-0.00427259
11.80263735;-0.00427259
11.81263735;-0.00427259
11.82263735;-0.00427259
11.83263735;-0.00427259
11.84263735;-0.00427259
11.85263735;-0.00427259
11.86263735;-0.00427259
11.87263735;0.08423109
11.88263735;-0.00427259
11.89263735;-0.00427259
11.90263735;-0.00427259
11.91263735;0.08423109
11.92263735;0.08423109
11.93263735;0.08423109
11.94263735;-0.00427259
11.95263735;-0.00427259
11.96263735;-0.00427259
11.97263735;-0.00427259
11.98263735;-0.00427259
11.99263735;0.08423109
12.00263735;0.08423109
12.01263735;-0.00427259
12.02263735;-0.00427259
12.03263735;-0.00427259
12.04263735;-0.00427259
12.05263735;-0.00427259
12.06263735;-0.00427259
12.07263735;-0.00427259
12.08263735;-0.00427259
12.09263735;-0.00427259
12.10263735;-0.00427259
12.11263735;-0.00427259
12.12263735;-0.00427259
12.13263735;-0.00427259
12.14263735;0.08423109
12.15263735;-0.00427259
12.16263735;-0.00427259
12.17263735;-0.00427259
12.18263735;-0.00427259
12.19263735;-0.00427259
12.20263735;-0.00427259
12.21263735;-0.00427259
12.22263735;-0.00427259
12.23263735;0.08423109
12.24263735;-0.00427259
12.25263735;-0.00427259
12.26263735;-0.00427259
12.27263735;-0.00427259
12.28263735;-0.00427259
12.29263735;-0.00427259
12.30263735;-0.00427259
12.31263735;-0.00427259
12.32263735;-0.00427259
12.33263735;-0.00427259
12.34263735;-0.00427259
12.35263735;-0.00427259
12.36263735;-0.00427259
12.37263735;-0.00427259
12.38263735;-0.00427259
12.39263735;-0.00427259
12.40263735;-0.00427259
12.41263735;0.08423109
12.42263735;-0.00427259
12.43263735;-0.00427259
12.44263735;-0.00427259
12.45263735;-0.00427259
12.46263735;-0.00427259
12.47263735;0.08423109
12.48263735;0.08423109
12.49263735;-0.00427259
12.50263735;-0.00427259
12.51263735;-0.00427259
12.52263735;-0.00427259
12.53263735;0.08423109
12.54263735;0.08423109
12.55263735;0.08423109
12.56263735;0.08423109
12.57263735;-0.00427259
12.58263735;-0.00427259
12.59263735;-0.00427259
12.60263735;-0.00427259
12.61263735;-0.00427259
12.62263735;-0.00427259
12.63263735;-0.00427259
12.64263735;-0.00427259
12.65263734;-0.00427259
12.66263734;-0.00427259
12.67263734;-0.00427259
12.68263734;0.08423109
12.69263734;-0.00427259
12.70263734;-0.00427259
12.71263734;-0.00427259
12.72263734;-0.00427259
12.73263734;-0.00427259
12.74263734;0.08423109
12.75263734;-0.00427259
12.76263734;-0.00427259
12.77263734;-0.00427259
12.78263734;-0.00427259
12.79263734;-0.00427259
12.80263734;0.08423109
12.81263734;0.08423109
12.82263734;-0.00427259
12.83263734;-0.00427259
12.84263734;-0.00427259
12.85263734;0.08423109
12.86263734;0.08423109
12.87263734;-0.00427259
12.88263734;-0.00427259
12.89263734;-0.00427259
12.90263734;-0.00427259
12.91263734;-0.00427259
12.92263734;-0.00427259
12.93263734;-0.00427259
12.94263734;-0.00427259
12.95263734;0.08423109
12.96263734;0.08423109
12.97263734;-0.00427259
12.98263734;-0.00427259
12.99263734;-0.00427259
13.00263734;-0.00427259
13.01263734;-0.00427259
13.02263734;-0.00427259
13.03263734;-0.00427259
13.04263734;-0.00427259
13.05263734;0.08423109
13.06263734;-0.00427259
13.07263734;-0.00427259
13.08263734;-0.00427259
13.09263734;0.08423109
13.10263734;-0.00427259
13.11263734;0.08423109
13.12263734;0.08423109
13.13263734;-0.00427259
13.14263734;-0.00427259
13.15263734;-0.00427259
13.16263734;-0.00427259
13.17263734;0.08423109
13.18263734;-0.00427259
13.19263734;-0.00427259
13.20263734;-0.00427259
13.21263734;-0.00427259
13.22263734;0.08423109
13.23263734;-0.00427259
13.24263734;0.08423109
13.25263734;-0.00427259
13.26263734;-0.00427259
13.27263734;-0.00427259
13.28263734;-0.00427259
13.29263734;0.08423109
13.30263734;-0.00427259
13.31263734;0.08423109
13.32263734;-0.00427259
13.33263734;-0.00427259
13.34263734;-0.00427259
13.35263734;0.08423109
13.36263734;-0.00427259
13.37263734;-0.00427259
13.38263734;-0.00427259
13.39263734;-0.00427259
13.40263734;0.08423109
13.41263734;0.08423109
13.42263734;-0.00427259
13.43263734;0.08423109
13.44263734;-0.00427259
13.45263734;-0.00427259
13.46263734;-0.00427259
13.47263734;-0.00427259
13.48263734;0.08423109
13.49263734;0.08423109
13.50263734;-0.00427259
13.51263734;-0.00427259
13.52263734;-0.00427259
13.53263734;0.08423109
13.54263734;-0.00427259
13.55263734;-0.00427259
13.56263734;0.08423109
13.57263734;-0.00427259
13.58263734;-0.00427259
13.59263734;-0.00427259
13.60263734;-0.00427259
13.61263734;0.08423109
13.62263734;-0.00427259
13.63263734;-0.00427259
13.64263734;-0.00427259
13.65263734;-0.00427259
13.66263734;-0.00427259
13.67263734;0.08423109
13.68263734;0.08423109
13.69263734;0.08423109
13.70263734;-0.00427259
13.71263734;-0.00427259
13.72263734;0.08423109
13.73263734;-0.00427259
13.74263734;0.08423109
13.75263734;-0.00427259
13.76263734;-0.00427259
13.77263734;0.08423109
13.78263734;-0.00427259
13.79263734;-0.00427259
13.80263734;-0.00427259
13.81263734;-0.00427259
13.82263734;-0.00427259
13.83263734;-0.00427259
13.84263734;-0.00427259
13.85263734;-0.00427259
13.86263734;-0.00427259
13.87263734;-0.00427259
13.88263734;-0.00427259
13.89263734;-0.00427259
13.90263734;-0.00427259
13.91263734;-0.00427259
13.92263734;-0.00427259
13.93263734;-0.00427259
13.94263734;-0.00427259
13.95263734;-0.00427259
13.96263734;-0.00427259
13.97263734;-0.00427259
13.98263734;-0.00427259
13.99263734;0.08423109
14.00263734;-0.00427259
14.01263734;-0.00427259
14.02263734;-0.00427259
14.03263734;-0.00427259
14.04263734;-0.00427259
14.05263734;-0.00427259
14.06263734;-0.00427259
14.07263734;-0.00427259
14.08263734;-0.00427259
14.09263734;-0.00427259
14.10263734;-0.00427259
14.11263734;-0.00427259
14.12263734;-0.00427259
14.13263734;-0.00427259
14.14263734;-0.00427259
14.15263734;-0.00427259
14.16263734;-0.00427259
14.17263734;-0.00427259
14.18263734;-0.00427259
14.19263734;-0.00427259
14.20263734;-0.00427259
14.21263734;-0.00427259
14.22263734;-0.00427259
14.23263734;-0.00427259
14.24263734;-0.00427259
14.25263734;-0.00427259
14.26263734;-0.00427259
14.27263734;-0.00427259
14.28263734;-0.00427259
14.29263733;-0.00427259
14.30263733;0.08423109
14.31263733;0.08423109
14.32263733;-0.00427259
14.33263733;-0.00427259
14.34263733;-0.00427259
14.35263733;-0.00427259
14.36263733;-0.00427259
14.37263733;-0.00427259
14.38263733;-0.00427259
14.39263733;-0.00427259
14.40263733;-0.00427259
14.41263733;-0.00427259
14.42263733;0.08423109
14.43263733;-0.00427259
14.44263733;-0.00427259
14.45263733;-0.00427259
14.46263733;-0.00427259
14.47263733;-0.00427259
14.48263733;0.08423109
14.49263733;-0.00427259
14.50263733;-0.00427259
14.51263733;-0.00427259
14.52263733;-0.00427259
14.53263733;-0.00427259
14.54263733;-0.00427259
14.55263733;0.08423109
14.56263733;-0.00427259
14.57263733;-0.00427259
14.58263733;-0.00427259
14.59263733;-0.00427259
14.60263733;-0.00427259
14.61263733;-0.00427259
14.62263733;-0.00427259
14.63263733;-0.00427259
14.64263733;-0.00427259
14.65263733;-0.00427259
14.66263733;-0.00427259
14.67263733;-0.00427259
14.68263733;0.08423109
14.69263733;-0.00427259
14.70263733;-0.00427259
14.71263733;-0.00427259
14.72263733;-0.00427259
14.73263733;0.08423109
14.74263733;0.08423109
14.75263733;-0.00427259
14.76263733;-0.00427259
14.77263733;-0.00427259
14.78263733;-0.00427259
14.79263733;-0.00427259
14.80263733;0.08423109
14.81263733;-0.00427259
14.82263733;-0.00427259
14.83263733;-0.00427259
14.84263733;-0.00427259
14.85263733;0.08423109
14.86263733;-0.00427259
14.87263733;-0.00427259
14.88263733;-0.00427259
14.89263733;-0.00427259
14.90263733;-0.00427259
14.91263733;-0.00427259
14.92263733;-0.00427259
14.93263733;-0.00427259
14.94263733;-0.00427259
14.95263733;-0.00427259
14.96263733;-0.00427259
14.97263733;-0.00427259
14.98263733;-0.00427259
14.99263733;0.08423109
15.00263733;-0.00427259
15.01263733;-0.00427259
15.02263733;-0.00427259
15.03263733;-0.00427259
15.04263733;-0.00427259
15.05263733;-0.00427259
15.06263733;-0.00427259
15.07263733;-0.00427259
15.08263733;-0.00427259
15.09263733;-0.00427259
15.10263733;0.08423109
15.11263733;-0.00427259
15.12263733;-0.00427259
15.13263733;-0.00427259
15.14263733;-0.00427259
15.15263733;0.08423109
15.16263733;-0.00427259
15.17263733;0.08423109
15.18263733;-0.00427259
15.19263733;-0.00427259
15.20263733;-0.00427259
15.21263733;-0.00427259
15.22263733;-0.00427259
15.23263733;-0.00427259
15.24263733;-0.00427259
15.25263733;-0.00427259
15.26263733;-0.00427259
15.27263733;-0.00427259
15.28263733;-0.00427259
15.29263733;-0.00427259
15.30263733;-0.00427259
15.31263733;0.08423109
15.32263733;-0.00427259
15.33263733;-0.00427259
15.34263733;-0.00427259
15.35263733;-0.00427259
15.36263733;-0.00427259
15.37263733;0.08423109
15.38263733;-0.00427259
15.39263733;-0.00427259
15.40263733;-0.00427259
15.41263733;0.08423109
15.42263733;-0.00427259
15.43263733;-0.00427259
15.44263733;-0.00427259
15.45263733;-0.00427259
15.46263733;-0.00427259
15.47263733;-0.00427259
15.48263733;0.08423109
15.49263733;-0.00427259
15.50263733;-0.00427259
15.51263733;-0.00427259
15.52263733;-0.00427259
15.53263733;-0.00427259
15.54263733;-0.00427259
15.55263733;0.08423109
15.56263733;-0.00427259
15.57263733;-0.00427259
15.58263733;-0.00427259
15.59263733;-0.00427259
15.60263733;-0.00427259
15.61263733;-0.00427259
15.62263733;-0.00427259
15.63263733;-0.00427259
15.64263733;-0.00427259
15.65263733;-0.00427259
15.66263733;-0.00427259
15.67263733;-0.00427259
15.68263733;0.08423109
15.69263733;-0.00427259
15.70263733;0.08423109
15.71263733;-0.00427259
15.72263733;-0.00427259
15.73263733;0.08423109
15.74263733;-0.00427259
15.75263733;0.08423109
15.76263733;-0.00427259
15.77263733;-0.00427259
15.78263733;-0.00427259
15.79263733;-0.00427259
15.80263733;-0.00427259
15.81263733;0.08423109
15.82263733;-0.00427259
15.83263733;-0.00427259
15.84263733;-0.00427259
15.85263733;-0.00427259
15.86263733;-0.00427259
15.87263733;-0.00427259
15.88263733;-0.00427259
15.89263733;-0.00427259
15.90263733;0.08423109
15.91263733;-0.00427259
15.92263733;-0.00427259
15.93263733;-0.00427259
15.94263732;0.08423109
15.95263732;-0.00427259
15.96263732;-0.00427259
15.97263732;-0.00427259
15.98263732;0.08423109
15.99263732;0.08423109
16.00263732;-0.00427259
16.01263732;-0.00427259
16.02263732;-0.00427259
16.03263732;0.08423109
16.04263732;0.08423109
16.05263732;-0.00427259
16.06263732;-0.00427259
16.07263732;-0.00427259
16.08263732;-0.00427259
16.09263732;-0.00427259
16.10263732;-0.00427259
16.11263732;-0.00427259
16.12263732;-0.00427259
16.13263732;-0.00427259
16.14263732;-0.00427259
16.15263732;-0.00427259
16.16263732;-0.00427259
16.17263732;0.08423109
16.18263732;0.08423109
16.19263732;-0.00427259
16.20263732;-0.00427259
16.21263732;-0.00427259
16.22263732;0.08423109
16.23263732;-0.00427259
16.24263732;-0.00427259
16.25263732;-0.00427259
16.26263732;-0.00427259
16.27263732;0.08423109
16.28263732;-0.00427259
16.29263732;-0.00427259
16.30263732;0.08423109
16.31263732;0.08423109
16.32263732;-0.00427259
16.33263732;-0.00427259
16.34263732;-0.00427259
16.35263732;0.08423109
16.36263732;-0.00427259
16.37263732;-0.00427259
16.38263732;-0.00427259
16.39263732;-0.00427259
16.40263732;-0.00427259
16.41263732;-0.00427259
16.42263732;-0.00427259
16.43263732;-0.00427259
16.44263732;-0.00427259
16.45263732;-0.00427259
16.46263732;-0.00427259
16.47263732;-0.00427259
16.48263732;-0.00427259
16.49263732;-0.00427259
16.50263732;-0.00427259
16.51263732;-0.00427259
16.52263732;-0.00427259
16.53263732;-0.00427259
16.54263732;-0.00427259
16.55263732;-0.00427259
16.56263732;-0.00427259
16.57263732;-0.00427259
16.58263732;-0.00427259
16.59263732;-0.00427259
16.60263732;0.08423109
16.61263732;0.08423109
16.62263732;-0.00427259
16.63263732;-0.00427259
16.64263732;-0.00427259
16.65263732;-0.00427259
16.66263732;-0.00427259
16.67263732;-0.00427259
16.68263732;0.08423109
16.69263732;-0.00427259
16.70263732;-0.00427259
16.71263732;-0.00427259
16.72263732;-0.00427259
16.73263732;-0.00427259
16.74263732;-0.00427259
16.75263732;-0.00427259
16.76263732;-0.00427259
16.77263732;-0.00427259
16.78263732;-0.00427259
16.79263732;-0.00427259
16.80263732;0.08423109
16.81263732;-0.00427259
16.82263732;0.08423109
16.83263732;-0.00427259
16.84263732;-0.00427259
16.85263732;-0.00427259
16.86263732;0.08423109
16.87263732;-0.00427259
16.88263732;-0.00427259
16.89263732;-0.00427259
16.90263732;-0.00427259
16.91263732;0.08423109
16.92263732;0.08423109
16.93263732;-0.00427259
16.94263732;-0.00427259
16.95263732;-0.00427259
16.96263732;0.08423109
16.97263732;0.08423109
16.98263732;-0.00427259
16.99263732;-0.00427259
17.00263732;-0.00427259
17.01263732;-0.00427259
17.02263732;0.08423109
17.03263732;0.08423109
17.04263732;-0.00427259
17.05263732;-0.00427259
17.06263732;-0.00427259
17.07263732;-0.00427259
17.08263732;-0.00427259
17.09263732;0.08423109
17.10263732;0.08423109
17.11263732;-0.00427259
17.12263732;-0.00427259
17.13263732;-0.00427259
17.14263732;-0.00427259
17.15263732;-0.00427259
17.16263732;-0.00427259
17.17263732;0.08423109
17.18263732;-0.00427259
17.19263732;-0.00427259
17.20263732;-0.00427259
17.21263732;-0.00427259
17.22263732;-0.00427259
17.23263732;-0.00427259
17.24263732;-0.00427259
17.25263732;-0.00427259
17.26263732;-0.00427259
17.27263732;-0.00427259
17.28263732;0.08423109
17.29263732;-0.00427259
17.30263732;0.08423109
17.31263732;-0.00427259
17.32263732;-0.00427259
17.33263732;-0.00427259
17.34263732;0.08423109
17.35263732;0.08423109
17.36263732;-0.00427259
17.37263732;-0.00427259
17.38263732;-0.00427259
17.39263732;-0.00427259
17.40263732;-0.00427259
17.41263732;-0.00427259
17.42263732;-0.00427259
17.43263732;0.08423109
17.44263732;-0.00427259
17.45263732;-0.00427259
17.46263732;-0.00427259
17.47263732;-0.00427259
17.48263732;-0.00427259
17.49263732;0.08423109
17.50263732;-0.00427259
17.51263732;-0.00427259
17.52263732;-0.00427259
17.53263732;-0.00427259
17.54263732;-0.00427259
17.55263732;-0.00427259
17.56263732;-0.00427259
17.57263732;-0.00427259
17.58263731;-0.00427259
17.59263731;-0.00427259
17.60263731;0.08423109
17.61263731;0.08423109
17.62263731;-0.00427259
17.63263731;-0.00427259
17.64263731;-0.00427259
17.65263731;-0.00427259
17.66263731;-0.00427259
17.67263731;-0.00427259
17.68263731;0.08423109
17.69263731;0.08423109
17.70263731;-0.00427259
17.71263731;-0.00427259
17.72263731;0.08423109
17.73263731;0.08423109
17.74263731;-0.00427259
17.75263731;-0.00427259
17.76263731;-0.00427259
17.77263731;-0.00427259
17.78263731;-0.00427259
17.79263731;-0.00427259
17.80263731;0.08423109
17.81263731;-0.00427259
17.82263731;-0.00427259
17.83263731;-0.00427259
17.84263731;-0.00427259
17.85263731;-0.00427259
17.86263731;0.08423109
17.87263731;-0.00427259
17.88263731;-0.00427259
17.89263731;-0.00427259
17.90263731;-0.00427259
17.91263731;-0.00427259
17.92263731;-0.00427259
17.93263731;-0.00427259
17.94263731;-0.00427259
17.95263731;-0.00427259
17.96263731;0.08423109
17.97263731;-0.00427259
17.98263731;-0.00427259
17.99263731;0.08423109
18.00263731;-0.00427259
18.01263731;-0.00427259
18.02263731;-0.00427259
18.03263731;-0.00427259
18.04263731;-0.00427259
18.05263731;0.08423109
18.06263731;-0.00427259
18.07263731;-0.00427259
18.08263731;-0.00427259
18.09263731;0.08423109
18.10263731;0.08423109
18.11263731;-0.00427259
18.12263731;-0.00427259
18.13263731;-0.00427259
18.14263731;0.08423109
18.15263731;-0.00427259
18.16263731;0.08423109
18.17263731;-0.00427259
18.18263731;0.08423109
18.19263731;-0.00427259
18.20263731;-0.00427259
18.21263731;-0.00427259
18.22263731;-0.00427259
18.23263731;-0.00427259
18.24263731;-0.00427259
18.25263731;-0.00427259
18.26263731;-0.00427259
18.27263731;-0.00427259
18.28263731;0.08423109
18.29263731;0.08423109
18.30263731;0.08423109
18.31263731;-0.00427259
18.32263731;-0.00427259
18.33263731;-0.00427259
18.34263731;0.08423109
18.35263731;0.08423109
18.36263731;0.08423109
18.37263731;-0.00427259
18.38263731;-0.00427259
18.39263731;0.08423109
18.40263731;-0.00427259
18.41263731;-0.00427259
18.42263731;-0.00427259
18.43263731;-0.00427259
18.44263731;-0.00427259
18.45263731;-0.00427259
18.46263731;-0.00427259
18.47263731;-0.00427259
18.48263731;-0.00427259
18.49263731;-0.00427259
18.50263731;-0.00427259
18.51263731;-0.00427259
18.52263731;0.08423109
18.53263731;-0.00427259
18.54263731;-0.00427259
18.55263731;-0.00427259
18.56263731;-0.00427259
18.57263731;-0.00427259
18.58263731;-0.00427259
18.59263731;-0.00427259
18.60263731;0.08423109
18.61263731;0.08423109
18.62263731;-0.00427259
18.63263731;-0.00427259
18.64263731;-0.00427259
18.65263731;0.08423109
18.66263731;-0.00427259
18.67263731;0.08423109
18.68263731;-0.00427259
18.69263731;-0.00427259
18.70263731;-0.00427259
18.71263731;-0.00427259
18.72263731;-0.00427259
18.73263731;-0.00427259
18.74263731;0.08423109
18.75263731;-0.00427259
18.76263731;-0.00427259
18.77263731;0.08423109
18.78263731;-0.00427259
18.79263731;0.08423109
18.80263731;0.08423109
18.81263731;-0.00427259
18.82263731;-0.00427259
18.83263731;0.08423109
18.84263731;-0.00427259
18.85263731;0.08423109
18.86263731;0.08423109
18.87263731;-0.00427259
18.88263731;-0.00427259
18.89263731;-0.00427259
18.90263731;-0.00427259
18.91263731;0.08423109
18.92263731;0.08423109
18.93263731;0.08423109
18.94263731;-0.00427259
18.95263731;-0.00427259
18.96263731;-0.00427259
18.97263731;0.08423109
18.98263731;-0.00427259
18.99263731;-0.00427259
19.00263731;-0.00427259
19.01263731;-0.00427259
19.02263731;-0.00427259
19.03263731;-0.00427259
19.04263731;0.08423109
19.05263731;0.08423109
19.06263731;-0.00427259
19.07263731;0.08423109
19.08263731;0.08423109
19.09263731;-0.00427259
19.10263731;-0.00427259
19.11263731;0.08423109
19.12263731;0.08423109
19.13263731;-0.00427259
19.14263731;-0.00427259
19.15263731;-0.00427259
19.16263731;-0.00427259
19.17263731;-0.00427259
19.18263731;-0.00427259
19.19263731;-0.00427259
19.20263731;-0.00427259
19.21263731;0.08423109
19.22263731;0.08423109
19.23263730;-0.00427259
19.24263730;0.08423109
19.25263730;-0.00427259
19.26263730;-0.00427259
19.27263730;0.08423109
19.28263730;0.08423109
19.29263730;0.08423109
19.30263730;0.08423109
19.31263730;-0.00427259
19.32263730;-0.00427259
19.33263730;-0.00427259
19.34263730;-0.00427259
19.35263730;-0.00427259
19.36263730;0.08423109
19.37263730;-0.00427259
19.38263730;-0.00427259
19.39263730;-0.00427259
19.40263730;0.08423109
19.41263730;-0.00427259
19.42263730;-0.00427259
19.43263730;-0.00427259
19.44263730;-0.00427259
19.45263730;-0.00427259
19.46263730;-0.00427259
19.47263730;-0.00427259
19.48263730;0.08423109
19.49263730;0.08423109
19.50263730;-0.00427259
19.51263730;-0.00427259
19.52263730;-0.00427259
19.53263730;-0.00427259
19.54263730;0.08423109
19.55263730;-0.00427259
19.56263730;0.08423109
19.57263730;-0.00427259
19.58263730;-0.00427259
19.59263730;-0.00427259
19.60263730;-0.00427259
19.61263730;0.08423109
19.62263730;-0.00427259
19.63263730;-0.00427259
19.64263730;-0.00427259
19.65263730;-0.00427259
19.66263730;-0.00427259
19.67263730;0.08423109
19.68263730;0.08423109
19.69263730;0.08423109
19.70263730;-0.00427259
19.71263730;-0.00427259
19.72263730;-0.00427259
19.73263730;0.08423109
19.74263730;0.08423109
19.75263730;-0.00427259
19.76263730;-0.00427259
19.77263730;-0.00427259
19.78263730;0.08423109
19.79263730;0.08423109
19.80263730;-0.00427259
19.81263730;-0.00427259
19.82263730;0.08423109
19.83263730;-0.00427259
19.84263730;-0.00427259
19.85263730;-0.00427259
19.86263730;-0.00427259
19.87263730;-0.00427259
19.88263730;-0.00427259
19.89263730;-0.00427259
19.90263730;-0.00427259
19.91263730;0.08423109
19.92263730;0.08423109
19.93263730;0.08423109
19.94263730;-0.00427259
19.95263730;-0.00427259
19.96263730;-0.00427259
19.97263730;-0.00427259
19.98263730;-0.00427259
19.99263730;0.08423109
20.00263730;-0.00427259
20.01263730;-0.00427259
20.02263730;-0.00427259
20.03263730;0.08423109
20.04263730;0.08423109
20.05263730;-0.00427259
20.06263730;0.08423109
20.07263730;-0.00427259
20.08263730;-0.00427259
20.09263730;-0.00427259
20.10263730;0.08423109
20.11263730;-0.00427259
20.12263730;-0.00427259
20.13263730;-0.00427259
20.14263730;-0.00427259
20.15263730;-0.00427259
20.16263730;0.08423109
20.17263730;0.08423109
20.18263730;-0.00427259
20.19263730;-0.00427259
20.20263730;-0.00427259
20.21263730;-0.00427259
20.22263730;0.08423109
20.23263730;-0.00427259
20.24263730;-0.00427259
20.25263730;-0.00427259
20.26263730;-0.00427259
20.27263730;0.08423109
20.28263730;-0.00427259
20.29263730;0.08423109
20.30263730;-0.00427259
20.31263730;-0.00427259
20.32263730;-0.00427259
20.33263730;-0.00427259
20.34263730;-0.00427259
20.35263730;-0.00427259
20.36263730;-0.00427259
20.37263730;-0.00427259
20.38263730;-0.00427259
20.39263730;-0.00427259
20.40263730;-0.00427259
20.41263730;-0.00427259
20.42263730;-0.00427259
20.43263730;0.08423109
20.44263730;-0.00427259
20.45263730;-0.00427259
20.46263730;-0.00427259
20.47263730;-0.00427259
20.48263730;-0.00427259
20.49263730;-0.00427259
20.50263730;-0.00427259
20.51263730;-0.00427259
20.52263730;-0.00427259
20.53263730;-0.00427259
20.54263730;-0.00427259
20.55263730;0.08423109
20.56263730;-0.00427259
20.57263730;-0.00427259
20.58263730;0.08423109
20.59263730;-0.00427259
20.60263730;-0.00427259
20.61263730;0.08423109
20.62263730;-0.00427259
20.63263730;-0.00427259
20.64263730;-0.00427259
20.65263730;-0.00427259
20.66263730;-0.00427259
20.67263730;-0.00427259
20.68263730;0.08423109
20.69263730;-0.00427259
20.70263730;0.08423109
20.71263730;-0.00427259
20.72263730;0.08423109
20.73263730;-0.00427259
20.74263730;0.08423109
20.75263730;-0.00427259
20.76263730;-0.00427259
20.77263730;0.08423109
20.78263730;0.08423109
20.79263730;-0.00427259
20.80263730;-0.00427259
20.81263730;-0.00427259
20.82263730;-0.00427259
20.83263730;-0.00427259
20.84263730;-0.00427259
20.85263730;0.08423109
20.86263730;-0.00427259
20.87263729;-0.00427259
20.88263729;-0.00427259
20.89263729;-0.00427259
20.90263729;-0.00427259
20.91263729;-0.00427259
20.92263729;0.08423109
20.93263729;-0.00427259
20.94263729;-0.00427259
20.95263729;-0.00427259
20.96263729;-0.00427259
20.97263729;0.08423109
20.98263729;-0.00427259
20.99263729;-0.00427259
21.00263729;-0.00427259
21.01263729;-0.00427259
21.02263729;-0.00427259
21.03263729;0.08423109
21.04263729;0.08423109
21.05263729;0.08423109
21.06263729;-0.00427259
21.07263729;-0.00427259
21.08263729;-0.00427259
21.09263729;-0.00427259
21.10263729;0.08423109
21.11263729;0.08423109
21.12263729;-0.00427259
21.13263729;-0.00427259
21.14263729;-0.00427259
21.15263729;-0.00427259
21.16263729;0.08423109
21.17263729;0.08423109
21.18263729;-0.00427259
21.19263729;0.08423109
21.20263729;0.08423109
21.21263729;-0.00427259
21.22263729;-0.00427259
21.23263729;-0.00427259
21.24263729;-0.00427259
21.25263729;-0.00427259
21.26263729;-0.00427259
21.27263729;-0.00427259
21.28263729;0.08423109
21.29263729;-0.00427259
21.30263729;0.08423109
21.31263729;-0.00427259
21.32263729;-0.00427259
21.33263729;0.08423109
21.34263729;0.08423109
21.35263729;0.08423109
21.36263729;-0.00427259
21.37263729;0.08423109
21.38263729;-0.00427259
21.39263729;-0.00427259
21.40263729;-0.00427259
21.41263729;-0.00427259
21.42263729;0.08423109
21.43263729;0.08423109
21.44263729;-0.00427259
21.45263729;-0.00427259
21.46263729;-0.00427259
21.47263729;0.08423109
21.48263729;-0.00427259
21.49263729;-0.00427259
21.50263729;-0.00427259
21.51263729;-0.00427259
21.52263729;0.08423109
21.53263729;-0.00427259
21.54263729;-0.00427259
21.55263729;-0.00427259
21.56263729;-0.00427259
21.57263729;-0.00427259
21.58263729;-0.00427259
21.59263729;-0.00427259
21.60263729;0.08423109
21.61263729;0.08423109
21.62263729;-0.00427259
21.63263729;-0.00427259
21.64263729;-0.00427259
21.65263729;-0.00427259
21.66263729;-0.00427259
21.67263729;-0.00427259
21.68263729;-0.00427259
21.69263729;-0.00427259
21.70263729;-0.00427259
21.71263729;-0.00427259
21.72263729;-0.00427259
21.73263729;-0.00427259
21.74263729;-0.00427259
21.75263729;0.08423109
21.76263729;-0.00427259
21.77263729;-0.00427259
21.78263729;-0.00427259
21.79263729;-0.00427259
21.80263729;0.08423109
21.81263729;0.08423109
21.82263729;-0.00427259
21.83263729;0.08423109
21.84263729;0.08423109
21.85263729;0.08423109
21.86263729;-0.00427259
21.87263729;-0.00427259
21.88263729;-0.00427259
21.89263729;-0.00427259
21.90263729;-0.00427259
21.91263729;0.08423109
21.92263729;0.08423109
21.93263729;-0.00427259
21.94263729;-0.00427259
21.95263729;-0.00427259
21.96263729;-0.00427259
21.97263729;0.08423109
21.98263729;-0.00427259
21.99263729;-0.00427259
22.00263729;-0.00427259
22.01263729;-0.00427259
22.02263729;-0.00427259
22.03263729;-0.00427259
22.04263729;-0.00427259
22.05263729;-0.00427259
22.06263729;-0.00427259
22.07263729;-0.00427259
22.08263729;-0.00427259
22.09263729;-0.00427259
22.10263729;-0.00427259
22.11263729;-0.00427259
22.12263729;-0.00427259
22.13263729;0.08423109
22.14263729;-0.00427259
22.15263729;-0.00427259
22.16263729;-0.00427259
22.17263729;-0.00427259
22.18263729;0.08423109
22.19263729;-0.00427259
22.20263729;-0.00427259
22.21263729;-0.00427259
22.22263729;-0.00427259
22.23263729;0.08423109
22.24263729;0.08423109
22.25263729;-0.00427259
22.26263729;-0.00427259
22.27263729;-0.00427259
22.28263729;-0.00427259
22.29263729;-0.00427259
22.30263729;0.08423109
22.31263729;-0.00427259
22.32263729;-0.00427259
22.33263729;-0.00427259
22.34263729;0.08423109
22.35263729;0.08423109
22.36263729;0.08423109
22.37263729;-0.00427259
22.38263729;-0.00427259
22.39263729;-0.00427259
22.40263729;-0.00427259
22.41263729;-0.00427259
22.42263729;0.08423109
22.43263729;-0.00427259
22.44263729;-0.00427259
22.45263729;-0.00427259
22.46263729;-0.00427259
22.47263729;-0.00427259
22.48263729;-0.00427259
22.49263729;-0.00427259
22.50263729;-0.00427259
22.51263729;-0.00427259
22.52263728;0.08423109
22.53263728;0.08423109
22.54263728;-0.00427259
22.55263728;0.08423109
22.56263728;-0.00427259
22.57263728;-0.00427259
22.58263728;-0.00427259
22.59263728;-0.00427259
22.60263728;-0.00427259
22.61263728;-0.00427259
22.62263728;-0.00427259
22.63263728;-0.00427259
22.64263728;-0.00427259
22.65263728;-0.00427259
22.66263728;-0.00427259
22.67263728;-0.00427259
22.68263728;0.08423109
22.69263728;-0.00427259
22.70263728;-0.00427259
22.71263728;0.08423109
22.72263728;-0.00427259
22.73263728;-0.00427259
22.74263728;-0.00427259
22.75263728;-0.00427259
22.76263728;-0.00427259
22.77263728;-0.00427259
22.78263728;-0.00427259
22.79263728;0.08423109
22.80263728;0.08423109
22.81263728;-0.00427259
22.82263728;-0.00427259
22.83263728;-0.00427259
22.84263728;0.08423109
22.85263728;0.08423109
22.86263728;0.08423109
22.87263728;0.08423109
22.88263728;-0.00427259
22.89263728;-0.00427259
22.90263728;-0.00427259
22.91263728;-0.00427259
22.92263728;-0.00427259
22.93263728;0.08423109
22.94263728;-0.00427259
22.95263728;-0.00427259
22.96263728;0.08423109
22.97263728;-0.00427259
22.98263728;-0.00427259
22.99263728;-0.00427259
23.00263728;-0.00427259
23.01263728;-0.00427259
23.02263728;-0.00427259
23.03263728;-0.00427259
23.04263728;0.08423109
23.05263728;-0.00427259
23.06263728;-0.00427259
23.07263728;-0.00427259
23.08263728;0.08423109
23.09263728;-0.00427259
23.10263728;0.08423109
23.11263728;0.08423109
23.12263728;-0.00427259
23.13263728;-0.00427259
23.14263728;-0.00427259
23.15263728;-0.00427259
23.16263728;0.08423109
23.17263728;-0.00427259
23.18263728;-0.00427259
23.19263728;-0.00427259
23.20263728;-0.00427259
23.21263728;0.08423109
23.22263728;0.08423109
23.23263728;-0.00427259
23.24263728;0.08423109
23.25263728;-0.00427259
23.26263728;-0.00427259
23.27263728;-0.00427259
23.28263728;-0.00427259
23.29263728;0.08423109
23.30263728;-0.00427259
23.31263728;-0.00427259
23.32263728;-0.00427259
23.33263728;-0.00427259
23.34263728;-0.00427259
23.35263728;-0.00427259
23.36263728;-0.00427259
23.37263728;0.08423109
23.38263728;-0.00427259
23.39263728;-0.00427259
23.40263728;-0.00427259
23.41263728;-0.00427259
23.42263728;-0.00427259
23.43263728;-0.00427259
23.44263728;-0.00427259
23.45263728;-0.00427259
23.46263728;-0.00427259
23.47263728;-0.00427259
23.48263728;0.08423109
23.49263728;0.08423109
23.50263728;-0.00427259
23.51263728;-0.00427259
23.52263728;-0.00427259
23.53263728;-0.00427259
23.54263728;-0.00427259
23.55263728;-0.00427259
23.56263728;-0.00427259
23.57263728;-0.00427259
23.58263728;0.08423109
23.59263728;0.08423109
23.60263728;-0.00427259
23.61263728;0.08423109
23.62263728;-0.00427259
23.63263728;-0.00427259
23.64263728;-0.00427259
23.65263728;-0.00427259
23.66263728;-0.00427259
23.67263728;-0.00427259
23.68263728;0.08423109
23.69263728;-0.00427259
23.70263728;-0.00427259
23.71263728;-0.00427259
23.72263728;-0.00427259
23.73263728;0.08423109
23.74263728;-0.00427259
23.75263728;-0.00427259
23.76263728;-0.00427259
23.77263728;-0.00427259
23.78263728;-0.00427259
23.79263728;-0.00427259
23.80263728;-0.00427259
23.81263728;-0.00427259
23.82263728;-0.00427259
23.83263728;-0.00427259
23.84263728;-0.00427259
23.85263728;0.08423109
23.86263728;-0.00427259
23.87263728;-0.00427259
23.88263728;-0.00427259
23.89263728;-0.00427259
23.90263728;-0.00427259
23.91263728;0.08423109
23.92263728;-0.00427259
23.93263728;-0.00427259
23.94263728;-0.00427259
23.95263728;-0.00427259
23.96263728;-0.00427259
23.97263728;-0.00427259
23.98263728;-0.00427259
23.99263728;0.08423109
24.00263728;-0.00427259
24.01263728;-0.00427259
24.02263728;-0.00427259
24.03263728;0.08423109
24.04263728;-0.00427259
24.05263728;0.08423109
24.06263728;-0.00427259
24.07263728;-0.00427259
24.08263728;-0.00427259
24.09263728;-0.00427259
24.10263728;0.08423109
24.11263728;-0.00427259
24.12263728;-0.00427259
24.13263728;-0.00427259
24.14263728;-0.00427259
24.15263728;-0.00427259
24.16263728;0.08423109
24.17263727;-0.00427259
24.18263727;0.08423109
24.19263727;-0.00427259
24.20263727;-0.00427259
24.21263727;-0.00427259
24.22263727;0.08423109
24.23263727;-0.00427259
24.24263727;0.08423109
24.25263727;-0.00427259
24.26263727;-0.00427259
24.27263727;0.08423109
24.28263727;-0.00427259
24.29263727;-0.00427259
24.30263727;0.08423109
24.31263727;-0.00427259
24.32263727;-0.00427259
24.33263727;-0.00427259
24.34263727;-0.00427259
24.35263727;0.08423109
24.36263727;-0.00427259
24.37263727;-0.00427259
24.38263727;-0.00427259
24.39263727;-0.00427259
24.40263727;-0.00427259
24.41263727;-0.00427259
24.42263727;-0.00427259
24.43263727;-0.00427259
24.44263727;-0.00427259
24.45263727;-0.00427259
24.46263727;-0.00427259
24.47263727;-0.00427259
24.48263727;-0.00427259
24.49263727;-0.00427259
24.50263727;-0.00427259
24.51263727;-0.00427259
24.52263727;-0.00427259
24.53263727;0.08423109
24.54263727;-0.00427259
24.55263727;0.08423109
24.56263727;-0.00427259
24.57263727;-0.00427259
24.58263727;-0.00427259
24.59263727;-0.00427259
24.60263727;-0.00427259
24.61263727;0.08423109
24.62263727;0.08423109
24.63263727;-0.00427259
24.64263727;-0.00427259
24.65263727;-0.00427259
24.66263727;-0.00427259
24.67263727;-0.00427259
24.68263727;0.08423109
24.69263727;-0.00427259
24.70263727;-0.00427259
24.71263727;-0.00427259
24.72263727;-0.00427259
24.73263727;-0.00427259
24.74263727;-0.00427259
24.75263727;-0.00427259
24.76263727;-0.00427259
24.77263727;-0.00427259
24.78263727;-0.00427259
24.79263727;-0.00427259
24.80263727;0.08423109
24.81263727;0.08423109
24.82263727;-0.00427259
24.83263727;-0.00427259
24.84263727;-0.00427259
24.85263727;-0.00427259
24.86263727;0.08423109
24.87263727;-0.00427259
24.88263727;-0.00427259
24.89263727;-0.00427259
24.90263727;-0.00427259
24.91263727;0.08423109
24.92263727;-0.00427259
24.93263727;-0.00427259
24.94263727;-0.00427259
24.95263727;-0.00427259
24.96263727;-0.00427259
24.97263727;-0.00427259
24.98263727;-0.00427259
24.99263727;0.08423109
25.00263727;-0.00427259
