(us);(V)

-25.02770076;5.12955093
-25.01770076;5.04104757
-25.00770076;5.12955093
-24.99770076;5.12955093
-24.98770076;5.12955093
-24.97770076;5.21805477
-24.96770076;5.04104757
-24.95770076;5.04104757
-24.94770076;5.12955093
-24.93770076;5.21805477
-24.92770076;5.12955093
-24.91770076;5.12955093
-24.90770076;5.12955093
-24.89770076;5.04104757
-24.88770076;5.04104757
-24.87770076;5.21805477
-24.86770076;5.12955093
-24.85770076;5.12955093
-24.84770076;5.12955093
-24.83770076;5.04104757
-24.82770076;5.04104757
-24.81770076;5.21805477
-24.80770076;5.12955093
-24.79770076;5.12955093
-24.78770076;5.12955093
-24.77770076;5.04104757
-24.76770076;5.04104757
-24.75770076;5.12955093
-24.74770076;5.12955093
-24.73770076;5.12955093
-24.72770076;5.12955093
-24.71770076;5.04104757
-24.70770076;5.12955093
-24.69770076;5.12955093
-24.68770076;5.12955093
-24.67770076;5.12955093
-24.66770076;5.12955093
-24.65770076;5.12955093
-24.64770076;5.12955093
-24.63770076;5.04104757
-24.62770076;5.12955093
-24.61770076;5.12955093
-24.60770076;5.12955093
-24.59770076;5.12955093
-24.58770076;5.12955093
-24.57770076;5.04104757
-24.56770076;5.12955093
-24.55770076;5.21805477
-24.54770076;5.12955093
-24.53770076;5.12955093
-24.52770076;5.04104757
-24.51770076;5.12955093
-24.50770076;5.12955093
-24.49770076;5.12955093
-24.48770076;5.12955093
-24.47770076;5.12955093
-24.46770076;5.12955093
-24.45770076;5.12955093
-24.44770076;5.12955093
-24.43770076;5.21805477
-24.42770076;5.12955093
-24.41770076;5.12955093
-24.40770076;5.04104757
-24.39770076;5.12955093
-24.38770076;5.04104757
-24.37770076;5.12955093
-24.36770076;5.12955093
-24.35770076;5.12955093
-24.34770076;5.12955093
-24.33770076;5.12955093
-24.32770076;5.04104757
-24.31770076;5.12955093
-24.30770076;5.12955093
-24.29770076;5.12955093
-24.28770076;5.12955093
-24.27770076;5.04104757
-24.26770076;5.04104757
-24.25770076;5.12955093
-24.24770076;5.12955093
-24.23770076;5.12955093
-24.22770076;5.12955093
-24.21770076;5.04104757
-24.20770076;5.04104757
-24.19770076;5.12955093
-24.18770076;5.21805477
-24.17770076;5.12955093
-24.16770076;5.12955093
-24.15770076;5.12955093
-24.14770076;5.12955093
-24.13770076;5.04104757
-24.12770076;5.12955093
-24.11770076;5.12955093
-24.10770076;5.12955093
-24.09770076;5.12955093
-24.08770076;5.04104757
-24.07770076;5.12955093
-24.06770076;5.12955093
-24.05770076;5.12955093
-24.04770076;5.12955093
-24.03770076;5.12955093
-24.02770076;5.12955093
-24.01770076;5.12955093
-24.00770076;5.12955093
-23.99770076;5.12955093
-23.98770076;5.12955093
-23.97770076;5.12955093
-23.96770076;5.04104757
-23.95770076;5.12955093
-23.94770076;5.12955093
-23.93770076;5.21805477
-23.92770076;5.12955093
-23.91770076;5.12955093
-23.90770076;5.12955093
-23.89770076;5.04104757
-23.88770077;5.04104757
-23.87770077;5.12955093
-23.86770077;5.21805477
-23.85770077;5.12955093
-23.84770077;5.12955093
-23.83770077;5.04104757
-23.82770077;5.04104757
-23.81770077;5.21805477
-23.80770077;5.12955093
-23.79770077;5.12955093
-23.78770077;5.12955093
-23.77770077;5.04104757
-23.76770077;5.12955093
-23.75770077;5.12955093
-23.74770077;5.12955093
-23.73770077;5.12955093
-23.72770077;5.12955093
-23.71770077;5.04104757
-23.70770077;5.12955093
-23.69770077;5.12955093
-23.68770077;5.21805477
-23.67770077;5.12955093
-23.66770077;5.12955093
-23.65770077;5.12955093
-23.64770077;5.12955093
-23.63770077;5.12955093
-23.62770077;5.21805477
-23.61770077;5.12955093
-23.60770077;5.04104757
-23.59770077;5.12955093
-23.58770077;5.12955093
-23.57770077;5.04104757
-23.56770077;5.12955093
-23.55770077;5.12955093
-23.54770077;5.12955093
-23.53770077;5.21805477
-23.52770077;5.12955093
-23.51770077;5.04104757
-23.50770077;5.12955093
-23.49770077;5.12955093
-23.48770077;5.12955093
-23.47770077;5.12955093
-23.46770077;5.04104757
-23.45770077;5.04104757
-23.44770077;5.12955093
-23.43770077;5.12955093
-23.42770077;5.12955093
-23.41770077;5.12955093
-23.40770077;5.12955093
-23.39770077;5.12955093
-23.38770077;5.12955093
-23.37770077;5.21805477
-23.36770077;5.12955093
-23.35770077;5.12955093
-23.34770077;5.12955093
-23.33770077;5.12955093
-23.32770077;5.04104757
-23.31770077;5.21805477
-23.30770077;5.12955093
-23.29770077;5.12955093
-23.28770077;5.12955093
-23.27770077;5.12955093
-23.26770077;5.04104757
-23.25770077;5.12955093
-23.24770077;5.12955093
-23.23770077;5.12955093
-23.22770077;5.12955093
-23.21770077;5.12955093
-23.20770077;5.04104757
-23.19770077;5.12955093
-23.18770077;5.21805477
-23.17770077;5.12955093
-23.16770077;5.12955093
-23.15770077;5.12955093
-23.14770077;5.04104757
-23.13770077;5.04104757
-23.12770077;5.21805477
-23.11770077;5.12955093
-23.10770077;5.12955093
-23.09770077;5.12955093
-23.08770077;5.12955093
-23.07770077;5.12955093
-23.06770077;5.12955093
-23.05770077;5.21805477
-23.04770077;5.04104757
-23.03770077;5.12955093
-23.02770077;5.12955093
-23.01770077;5.04104757
-23.00770077;5.12955093
-22.99770077;5.12955093
-22.98770077;5.21805477
-22.97770077;5.12955093
-22.96770077;5.12955093
-22.95770077;5.04104757
-22.94770077;5.12955093
-22.93770077;5.12955093
-22.92770077;5.12955093
-22.91770077;5.12955093
-22.90770077;5.12955093
-22.89770077;5.12955093
-22.88770077;5.12955093
-22.87770077;5.21805477
-22.86770077;5.12955093
-22.85770077;5.12955093
-22.84770077;5.12955093
-22.83770077;5.12955093
-22.82770077;5.04104757
-22.81770077;5.12955093
-22.80770077;5.12955093
-22.79770077;5.12955093
-22.78770077;5.12955093
-22.77770077;5.12955093
-22.76770077;5.04104757
-22.75770077;5.21805477
-22.74770077;5.12955093
-22.73770077;5.12955093
-22.72770077;5.12955093
-22.71770077;5.12955093
-22.70770077;5.12955093
-22.69770077;5.12955093
-22.68770077;5.12955093
-22.67770077;5.12955093
-22.66770077;5.12955093
-22.65770077;5.12955093
-22.64770077;5.12955093
-22.63770077;5.04104757
-22.62770077;5.21805477
-22.61770077;5.12955093
-22.60770077;5.12955093
-22.59770077;5.12955093
-22.58770077;5.04104757
-22.57770077;4.95254374
-22.56770077;5.12955093
-22.55770077;5.12955093
-22.54770077;5.12955093
-22.53770077;5.12955093
-22.52770077;5.04104757
-22.51770077;5.04104757
-22.50770077;5.12955093
-22.49770077;5.21805477
-22.48770077;5.12955093
-22.47770077;5.12955093
-22.46770077;5.12955093
-22.45770077;5.04104757
-22.44770077;5.12955093
-22.43770077;5.12955093
-22.42770077;5.21805477
-22.41770077;5.12955093
-22.40770077;5.12955093
-22.39770077;5.12955093
-22.38770077;5.04104757
-22.37770077;5.12955093
-22.36770077;5.12955093
-22.35770077;5.12955093
-22.34770077;5.12955093
-22.33770077;5.04104757
-22.32770077;5.04104757
-22.31770077;5.12955093
-22.30770077;5.12955093
-22.29770077;5.12955093
-22.28770077;5.12955093
-22.27770077;5.04104757
-22.26770077;5.04104757
-22.25770077;5.12955093
-22.24770077;5.12955093
-22.23770078;5.12955093
-22.22770078;5.12955093
-22.21770078;5.04104757
-22.20770078;5.04104757
-22.19770078;5.12955093
-22.18770078;5.12955093
-22.17770078;5.12955093
-22.16770078;5.12955093
-22.15770078;5.04104757
-22.14770078;5.04104757
-22.13770078;5.04104757
-22.12770078;5.21805477
-22.11770078;5.12955093
-22.10770078;5.12955093
-22.09770078;5.12955093
-22.08770078;5.04104757
-22.07770078;5.04104757
-22.06770078;5.12955093
-22.05770078;5.12955093
-22.04770078;5.12955093
-22.03770078;5.12955093
-22.02770078;5.04104757
-22.01770078;5.04104757
-22.00770078;5.12955093
-21.99770078;5.12955093
-21.98770078;5.12955093
-21.97770078;5.12955093
-21.96770078;5.04104757
-21.95770078;5.04104757
-21.94770078;5.04104757
-21.93770078;5.21805477
-21.92770078;5.12955093
-21.91770078;5.12955093
-21.90770078;5.04104757
-21.89770078;5.04104757
-21.88770078;5.04104757
-21.87770078;5.21805477
-21.86770078;5.12955093
-21.85770078;5.12955093
-21.84770078;5.12955093
-21.83770078;5.04104757
-21.82770078;5.04104757
-21.81770078;5.21805477
-21.80770078;5.12955093
-21.79770078;5.12955093
-21.78770078;5.12955093
-21.77770078;5.04104757
-21.76770078;5.04104757
-21.75770078;5.12955093
-21.74770078;5.12955093
-21.73770078;5.12955093
-21.72770078;5.12955093
-21.71770078;5.12955093
-21.70770078;5.04104757
-21.69770078;5.04104757
-21.68770078;5.21805477
-21.67770078;5.12955093
-21.66770078;5.21805477
-21.65770078;5.04104757
-21.64770078;5.04104757
-21.63770078;5.04104757
-21.62770078;5.21805477
-21.61770078;5.21805477
-21.60770078;5.04104757
-21.59770078;5.04104757
-21.58770078;5.04104757
-21.57770078;5.12955093
-21.56770078;5.21805477
-21.55770078;5.12955093
-21.54770078;5.04104757
-21.53770078;5.12955093
-21.52770078;5.04104757
-21.51770078;5.04104757
-21.50770078;5.12955093
-21.49770078;5.12955093
-21.48770078;5.12955093
-21.47770078;5.12955093
-21.46770078;5.04104757
-21.45770078;4.95254374
-21.44770078;5.04104757
-21.43770078;5.21805477
-21.42770078;5.21805477
-21.41770078;5.12955093
-21.40770078;5.04104757
-21.39770078;4.95254374
-21.38770078;5.12955093
-21.37770078;5.21805477
-21.36770078;5.21805477
-21.35770078;5.12955093
-21.34770078;5.12955093
-21.33770078;5.12955093
-21.32770078;5.04104757
-21.31770078;5.12955093
-21.30770078;5.12955093
-21.29770078;5.12955093
-21.28770078;5.12955093
-21.27770078;5.04104757
-21.26770078;5.04104757
-21.25770078;5.12955093
-21.24770078;5.21805477
-21.23770078;5.12955093
-21.22770078;5.12955093
-21.21770078;5.12955093
-21.20770078;5.12955093
-21.19770078;5.12955093
-21.18770078;5.21805477
-21.17770078;5.12955093
-21.16770078;5.12955093
-21.15770078;5.12955093
-21.14770078;5.04104757
-21.13770078;5.04104757
-21.12770078;5.12955093
-21.11770078;5.12955093
-21.10770078;5.12955093
-21.09770078;5.12955093
-21.08770078;5.12955093
-21.07770078;5.04104757
-21.06770078;5.12955093
-21.05770078;5.12955093
-21.04770078;5.12955093
-21.03770078;5.12955093
-21.02770078;5.04104757
-21.01770078;5.04104757
-21.00770078;5.12955093
-20.99770078;5.21805477
-20.98770078;5.12955093
-20.97770078;5.12955093
-20.96770078;5.12955093
-20.95770078;5.04104757
-20.94770078;5.12955093
-20.93770078;5.12955093
-20.92770078;5.12955093
-20.91770078;5.12955093
-20.90770078;5.12955093
-20.89770078;5.12955093
-20.88770078;5.04104757
-20.87770078;5.21805477
-20.86770078;5.12955093
-20.85770078;5.12955093
-20.84770078;5.12955093
-20.83770078;5.12955093
-20.82770078;5.04104757
-20.81770078;5.12955093
-20.80770078;5.12955093
-20.79770078;5.12955093
-20.78770078;5.12955093
-20.77770078;5.12955093
-20.76770078;5.04104757
-20.75770078;5.12955093
-20.74770078;5.21805477
-20.73770078;5.12955093
-20.72770078;5.12955093
-20.71770078;5.12955093
-20.70770078;5.04104757
-20.69770078;5.04104757
-20.68770078;5.21805477
-20.67770078;5.12955093
-20.66770078;5.12955093
-20.65770078;5.12955093
-20.64770078;5.12955093
-20.63770078;5.12955093
-20.62770078;5.21805477
-20.61770078;5.12955093
-20.60770078;5.12955093
-20.59770078;5.12955093
-20.58770079;5.12955093
-20.57770079;5.04104757
-20.56770079;5.12955093
-20.55770079;5.21805477
-20.54770079;5.12955093
-20.53770079;5.12955093
-20.52770079;5.12955093
-20.51770079;5.04104757
-20.50770079;5.21805477
-20.49770079;5.12955093
-20.48770079;5.12955093
-20.47770079;5.12955093
-20.46770079;5.04104757
-20.45770079;5.04104757
-20.44770079;5.12955093
-20.43770079;5.12955093
-20.42770079;5.12955093
-20.41770079;5.12955093
-20.40770079;5.12955093
-20.39770079;5.04104757
-20.38770079;5.12955093
-20.37770079;5.21805477
-20.36770079;5.12955093
-20.35770079;5.12955093
-20.34770079;5.12955093
-20.33770079;5.12955093
-20.32770079;5.04104757
-20.31770079;5.12955093
-20.30770079;5.12955093
-20.29770079;5.12955093
-20.28770079;5.12955093
-20.27770079;5.04104757
-20.26770079;5.04104757
-20.25770079;5.12955093
-20.24770079;5.21805477
-20.23770079;5.21805477
-20.22770079;5.12955093
-20.21770079;5.04104757
-20.20770079;5.04104757
-20.19770079;5.12955093
-20.18770079;5.12955093
-20.17770079;5.12955093
-20.16770079;5.12955093
-20.15770079;5.12955093
-20.14770079;5.12955093
-20.13770079;5.04104757
-20.12770079;5.21805477
-20.11770079;5.12955093
-20.10770079;5.04104757
-20.09770079;5.12955093
-20.08770079;5.04104757
-20.07770079;5.04104757
-20.06770079;5.21805477
-20.05770079;5.12955093
-20.04770079;5.12955093
-20.03770079;5.12955093
-20.02770079;5.12955093
-20.01770079;5.04104757
-20.00770079;5.12955093
-19.99770079;5.12955093
-19.98770079;5.12955093
-19.97770079;5.12955093
-19.96770079;5.12955093
-19.95770079;5.04104757
-19.94770079;5.04104757
-19.93770079;5.12955093
-19.92770079;5.12955093
-19.91770079;5.21805477
-19.90770079;5.12955093
-19.89770079;5.04104757
-19.88770079;5.04104757
-19.87770079;5.21805477
-19.86770079;5.12955093
-19.85770079;5.12955093
-19.84770079;5.12955093
-19.83770079;5.12955093
-19.82770079;5.04104757
-19.81770079;5.12955093
-19.80770079;5.12955093
-19.79770079;5.12955093
-19.78770079;5.12955093
-19.77770079;5.12955093
-19.76770079;5.04104757
-19.75770079;5.12955093
-19.74770079;5.12955093
-19.73770079;5.12955093
-19.72770079;5.12955093
-19.71770079;5.04104757
-19.70770079;5.12955093
-19.69770079;5.04104757
-19.68770079;5.12955093
-19.67770079;5.12955093
-19.66770079;5.12955093
-19.65770079;5.12955093
-19.64770079;5.04104757
-19.63770079;5.04104757
-19.62770079;5.12955093
-19.61770079;5.12955093
-19.60770079;5.12955093
-19.59770079;5.12955093
-19.58770079;5.04104757
-19.57770079;5.04104757
-19.56770079;5.21805477
-19.55770079;5.12955093
-19.54770079;5.12955093
-19.53770079;5.12955093
-19.52770079;5.04104757
-19.51770079;5.04104757
-19.50770079;5.12955093
-19.49770079;5.12955093
-19.48770079;5.12955093
-19.47770079;5.12955093
-19.46770079;5.12955093
-19.45770079;5.04104757
-19.44770079;5.12955093
-19.43770079;5.12955093
-19.42770079;5.12955093
-19.41770079;5.12955093
-19.40770079;5.12955093
-19.39770079;5.12955093
-19.38770079;5.12955093
-19.37770079;5.12955093
-19.36770079;5.12955093
-19.35770079;5.12955093
-19.34770079;5.12955093
-19.33770079;5.12955093
-19.32770079;5.04104757
-19.31770079;5.21805477
-19.30770079;5.12955093
-19.29770079;5.12955093
-19.28770079;5.12955093
-19.27770079;5.04104757
-19.26770079;5.04104757
-19.25770079;5.12955093
-19.24770079;5.12955093
-19.23770079;5.12955093
-19.22770079;5.12955093
-19.21770079;5.12955093
-19.20770079;5.12955093
-19.19770079;5.12955093
-19.18770079;5.12955093
-19.17770079;5.12955093
-19.16770079;5.12955093
-19.15770079;5.12955093
-19.14770079;5.04104757
-19.13770079;5.04104757
-19.12770079;5.21805477
-19.11770079;5.12955093
-19.10770079;5.12955093
-19.09770079;5.04104757
-19.08770079;5.12955093
-19.07770079;4.95254374
-19.06770079;5.21805477
-19.05770079;5.12955093
-19.04770079;5.12955093
-19.03770079;5.12955093
-19.02770079;5.04104757
-19.01770079;4.95254374
-19.00770079;5.12955093
-18.99770079;5.21805477
-18.98770079;5.12955093
-18.97770079;5.12955093
-18.96770079;5.04104757
-18.95770079;5.12955093
-18.94770080;5.12955093
-18.93770080;5.12955093
-18.92770080;5.12955093
-18.91770080;5.12955093
-18.90770080;5.04104757
-18.89770080;5.12955093
-18.88770080;5.04104757
-18.87770080;5.21805477
-18.86770080;5.21805477
-18.85770080;5.12955093
-18.84770080;5.12955093
-18.83770080;5.04104757
-18.82770080;5.04104757
-18.81770080;5.21805477
-18.80770080;5.12955093
-18.79770080;5.12955093
-18.78770080;5.21805477
-18.77770080;5.04104757
-18.76770080;5.04104757
-18.75770080;5.12955093
-18.74770080;5.12955093
-18.73770080;5.12955093
-18.72770080;5.12955093
-18.71770080;5.04104757
-18.70770080;5.04104757
-18.69770080;5.12955093
-18.68770080;5.12955093
-18.67770080;5.12955093
-18.66770080;5.12955093
-18.65770080;5.12955093
-18.64770080;5.04104757
-18.63770080;5.04104757
-18.62770080;5.21805477
-18.61770080;5.12955093
-18.60770080;5.12955093
-18.59770080;5.12955093
-18.58770080;5.04104757
-18.57770080;5.04104757
-18.56770080;5.21805477
-18.55770080;5.12955093
-18.54770080;5.12955093
-18.53770080;5.12955093
-18.52770080;5.12955093
-18.51770080;5.04104757
-18.50770080;5.12955093
-18.49770080;5.12955093
-18.48770080;5.12955093
-18.47770080;5.12955093
-18.46770080;5.12955093
-18.45770080;5.04104757
-18.44770080;5.04104757
-18.43770080;5.21805477
-18.42770080;5.12955093
-18.41770080;5.12955093
-18.40770080;5.12955093
-18.39770080;5.04104757
-18.38770080;5.04104757
-18.37770080;5.21805477
-18.36770080;5.21805477
-18.35770080;5.12955093
-18.34770080;5.12955093
-18.33770080;5.04104757
-18.32770080;5.04104757
-18.31770080;5.12955093
-18.30770080;5.21805477
-18.29770080;5.12955093
-18.28770080;5.12955093
-18.27770080;5.04104757
-18.26770080;5.04104757
-18.25770080;5.21805477
-18.24770080;5.12955093
-18.23770080;5.12955093
-18.22770080;5.12955093
-18.21770080;5.04104757
-18.20770080;5.12955093
-18.19770080;5.04104757
-18.18770080;5.12955093
-18.17770080;5.12955093
-18.16770080;5.12955093
-18.15770080;5.12955093
-18.14770080;5.04104757
-18.13770080;5.04104757
-18.12770080;5.12955093
-18.11770080;5.21805477
-18.10770080;5.21805477
-18.09770080;5.12955093
-18.08770080;5.04104757
-18.07770080;5.04104757
-18.06770080;5.21805477
-18.05770080;5.21805477
-18.04770080;5.12955093
-18.03770080;5.12955093
-18.02770080;5.04104757
-18.01770080;5.12955093
-18.00770080;5.12955093
-17.99770080;5.12955093
-17.98770080;5.12955093
-17.97770080;5.12955093
-17.96770080;5.12955093
-17.95770080;5.04104757
-17.94770080;5.12955093
-17.93770080;5.21805477
-17.92770080;5.12955093
-17.91770080;5.12955093
-17.90770080;5.12955093
-17.89770080;5.04104757
-17.88770080;5.04104757
-17.87770080;5.21805477
-17.86770080;5.12955093
-17.85770080;5.21805477
-17.84770080;5.12955093
-17.83770080;5.04104757
-17.82770080;5.04104757
-17.81770080;5.21805477
-17.80770080;5.12955093
-17.79770080;5.12955093
-17.78770080;5.12955093
-17.77770080;5.04104757
-17.76770080;5.04104757
-17.75770080;5.12955093
-17.74770080;5.12955093
-17.73770080;5.12955093
-17.72770080;5.12955093
-17.71770080;5.12955093
-17.70770080;5.04104757
-17.69770080;5.12955093
-17.68770080;5.12955093
-17.67770080;5.12955093
-17.66770080;5.12955093
-17.65770080;5.12955093
-17.64770080;5.12955093
-17.63770080;5.04104757
-17.62770080;5.21805477
-17.61770080;5.12955093
-17.60770080;5.12955093
-17.59770080;5.12955093
-17.58770080;5.12955093
-17.57770080;5.04104757
-17.56770080;5.12955093
-17.55770080;5.12955093
-17.54770080;5.12955093
-17.53770080;5.12955093
-17.52770080;5.12955093
-17.51770080;5.04104757
-17.50770080;5.12955093
-17.49770080;5.12955093
-17.48770080;5.12955093
-17.47770080;5.12955093
-17.46770080;5.12955093
-17.45770080;5.04104757
-17.44770080;5.12955093
-17.43770080;5.21805477
-17.42770080;5.12955093
-17.41770080;5.12955093
-17.40770080;5.12955093
-17.39770080;5.12955093
-17.38770080;5.12955093
-17.37770080;5.21805477
-17.36770080;5.12955093
-17.35770080;5.12955093
-17.34770080;5.12955093
-17.33770080;5.12955093
-17.32770080;5.04104757
-17.31770080;5.12955093
-17.30770080;5.12955093
-17.29770081;5.12955093
-17.28770081;5.21805477
-17.27770081;5.12955093
-17.26770081;5.04104757
-17.25770081;5.12955093
-17.24770081;5.12955093
-17.23770081;5.12955093
-17.22770081;5.12955093
-17.21770081;5.12955093
-17.20770081;5.12955093
-17.19770081;5.12955093
-17.18770081;5.21805477
-17.17770081;5.12955093
-17.16770081;5.12955093
-17.15770081;5.12955093
-17.14770081;5.12955093
-17.13770081;5.04104757
-17.12770081;5.21805477
-17.11770081;5.12955093
-17.10770081;5.21805477
-17.09770081;5.04104757
-17.08770081;5.04104757
-17.07770081;5.04104757
-17.06770081;5.12955093
-17.05770081;5.12955093
-17.04770081;5.12955093
-17.03770081;5.12955093
-17.02770081;5.04104757
-17.01770081;5.12955093
-17.00770081;5.12955093
-16.99770081;5.12955093
-16.98770081;5.12955093
-16.97770081;5.12955093
-16.96770081;5.12955093
-16.95770081;5.04104757
-16.94770081;5.04104757
-16.93770081;5.21805477
-16.92770081;5.21805477
-16.91770081;5.12955093
-16.90770081;5.12955093
-16.89770081;5.12955093
-16.88770081;5.04104757
-16.87770081;5.21805477
-16.86770081;5.21805477
-16.85770081;5.12955093
-16.84770081;5.12955093
-16.83770081;5.04104757
-16.82770081;5.04104757
-16.81770081;5.21805477
-16.80770081;5.21805477
-16.79770081;5.12955093
-16.78770081;5.12955093
-16.77770081;5.12955093
-16.76770081;5.12955093
-16.75770081;5.12955093
-16.74770081;5.12955093
-16.73770081;5.12955093
-16.72770081;5.21805477
-16.71770081;5.12955093
-16.70770081;5.04104757
-16.69770081;5.04104757
-16.68770081;5.21805477
-16.67770081;5.12955093
-16.66770081;5.12955093
-16.65770081;5.12955093
-16.64770081;5.04104757
-16.63770081;5.12955093
-16.62770081;5.21805477
-16.61770081;5.12955093
-16.60770081;5.21805477
-16.59770081;5.12955093
-16.58770081;5.12955093
-16.57770081;5.04104757
-16.56770081;5.21805477
-16.55770081;5.21805477
-16.54770081;5.12955093
-16.53770081;5.12955093
-16.52770081;5.04104757
-16.51770081;5.04104757
-16.50770081;5.12955093
-16.49770081;5.12955093
-16.48770081;5.12955093
-16.47770081;5.04104757
-16.46770081;5.12955093
-16.45770081;5.12955093
-16.44770081;5.12955093
-16.43770081;5.21805477
-16.42770081;5.12955093
-16.41770081;5.12955093
-16.40770081;5.12955093
-16.39770081;5.04104757
-16.38770081;5.04104757
-16.37770081;5.21805477
-16.36770081;5.21805477
-16.35770081;5.12955093
-16.34770081;5.12955093
-16.33770081;5.12955093
-16.32770081;5.04104757
-16.31770081;5.12955093
-16.30770081;5.12955093
-16.29770081;5.12955093
-16.28770081;5.12955093
-16.27770081;5.04104757
-16.26770081;5.04104757
-16.25770081;5.12955093
-16.24770081;5.21805477
-16.23770081;5.12955093
-16.22770081;5.12955093
-16.21770081;5.12955093
-16.20770081;5.04104757
-16.19770081;5.12955093
-16.18770081;5.12955093
-16.17770081;5.12955093
-16.16770081;5.12955093
-16.15770081;5.12955093
-16.14770081;5.12955093
-16.13770081;5.04104757
-16.12770081;5.21805477
-16.11770081;5.12955093
-16.10770081;5.12955093
-16.09770081;5.12955093
-16.08770081;5.04104757
-16.07770081;5.04104757
-16.06770081;5.12955093
-16.05770081;5.12955093
-16.04770081;5.12955093
-16.03770081;5.12955093
-16.02770081;5.12955093
-16.01770081;5.04104757
-16.00770081;5.12955093
-15.99770081;5.12955093
-15.98770081;5.12955093
-15.97770081;5.12955093
-15.96770081;5.04104757
-15.95770081;5.04104757
-15.94770081;5.12955093
-15.93770081;5.12955093
-15.92770081;5.12955093
-15.91770081;5.12955093
-15.90770081;5.12955093
-15.89770081;5.12955093
-15.88770081;5.04104757
-15.87770081;5.12955093
-15.86770081;5.12955093
-15.85770081;5.12955093
-15.84770081;5.21805477
-15.83770081;5.12955093
-15.82770081;5.12955093
-15.81770081;5.12955093
-15.80770081;5.12955093
-15.79770081;5.12955093
-15.78770081;5.12955093
-15.77770081;5.12955093
-15.76770081;5.04104757
-15.75770081;5.12955093
-15.74770081;5.12955093
-15.73770081;5.12955093
-15.72770081;5.21805477
-15.71770081;5.12955093
-15.70770081;5.04104757
-15.69770081;5.12955093
-15.68770081;5.21805477
-15.67770081;5.12955093
-15.66770081;5.12955093
-15.65770082;5.12955093
-15.64770082;5.12955093
-15.63770082;5.04104757
-15.62770082;5.21805477
-15.61770082;5.21805477
-15.60770082;5.04104757
-15.59770082;5.04104757
-15.58770082;5.04104757
-15.57770082;5.12955093
-15.56770082;5.21805477
-15.55770082;5.12955093
-15.54770082;5.12955093
-15.53770082;5.12955093
-15.52770082;5.04104757
-15.51770082;5.04104757
-15.50770082;5.04104757
-15.49770082;5.12955093
-15.48770082;5.21805477
-15.47770082;5.21805477
-15.46770082;5.04104757
-15.45770082;4.95254374
-15.44770082;5.04104757
-15.43770082;5.21805477
-15.42770082;5.21805477
-15.41770082;5.12955093
-15.40770082;5.04104757
-15.39770082;5.04104757
-15.38770082;5.12955093
-15.37770082;5.21805477
-15.36770082;5.21805477
-15.35770082;5.12955093
-15.34770082;5.12955093
-15.33770082;5.12955093
-15.32770082;5.12955093
-15.31770082;5.12955093
-15.30770082;5.21805477
-15.29770082;5.12955093
-15.28770082;5.12955093
-15.27770082;5.12955093
-15.26770082;5.12955093
-15.25770082;5.12955093
-15.24770082;5.21805477
-15.23770082;5.12955093
-15.22770082;5.21805477
-15.21770082;5.12955093
-15.20770082;5.12955093
-15.19770082;5.04104757
-15.18770082;5.12955093
-15.17770082;5.21805477
-15.16770082;5.12955093
-15.15770082;5.12955093
-15.14770082;5.12955093
-15.13770082;5.04104757
-15.12770082;5.21805477
-15.11770082;5.12955093
-15.10770082;5.12955093
-15.09770082;5.21805477
-15.08770082;5.12955093
-15.07770082;5.04104757
-15.06770082;5.21805477
-15.05770082;5.21805477
-15.04770082;5.12955093
-15.03770082;5.12955093
-15.02770082;5.12955093
-15.01770082;5.04104757
-15.00770082;5.12955093
-14.99770082;5.21805477
-14.98770082;5.12955093
-14.97770082;5.12955093
-14.96770082;5.12955093
-14.95770082;5.12955093
-14.94770082;5.04104757
-14.93770082;5.21805477
-14.92770082;5.21805477
-14.91770082;5.12955093
-14.90770082;5.12955093
-14.89770082;5.12955093
-14.88770082;5.04104757
-14.87770082;5.12955093
-14.86770082;5.21805477
-14.85770082;5.12955093
-14.84770082;5.12955093
-14.83770082;5.04104757
-14.82770082;5.04104757
-14.81770082;5.21805477
-14.80770082;5.21805477
-14.79770082;5.12955093
-14.78770082;5.12955093
-14.77770082;5.04104757
-14.76770082;5.04104757
-14.75770082;5.12955093
-14.74770082;5.21805477
-14.73770082;5.12955093
-14.72770082;5.21805477
-14.71770082;5.12955093
-14.70770082;5.04104757
-14.69770082;5.12955093
-14.68770082;5.21805477
-14.67770082;5.12955093
-14.66770082;5.12955093
-14.65770082;5.12955093
-14.64770082;5.04104757
-14.63770082;5.04104757
-14.62770082;5.12955093
-14.61770082;5.12955093
-14.60770082;5.12955093
-14.59770082;5.21805477
-14.58770082;5.12955093
-14.57770082;5.04104757
-14.56770082;5.12955093
-14.55770082;5.21805477
-14.54770082;5.12955093
-14.53770082;5.12955093
-14.52770082;5.12955093
-14.51770082;5.04104757
-14.50770082;5.21805477
-14.49770082;5.21805477
-14.48770082;5.12955093
-14.47770082;5.12955093
-14.46770082;5.12955093
-14.45770082;5.12955093
-14.44770082;5.04104757
-14.43770082;5.21805477
-14.42770082;5.12955093
-14.41770082;5.12955093
-14.40770082;5.21805477
-14.39770082;5.12955093
-14.38770082;5.04104757
-14.37770082;5.21805477
-14.36770082;5.21805477
-14.35770082;5.12955093
-14.34770082;5.21805477
-14.33770082;5.12955093
-14.32770082;5.04104757
-14.31770082;5.21805477
-14.30770082;5.12955093
-14.29770082;5.12955093
-14.28770082;5.21805477
-14.27770082;5.04104757
-14.26770082;5.04104757
-14.25770082;5.12955093
-14.24770082;5.21805477
-14.23770082;5.12955093
-14.22770082;5.04104757
-14.21770082;5.04104757
-14.20770082;5.12955093
-14.19770082;5.12955093
-14.18770082;5.21805477
-14.17770082;5.12955093
-14.16770082;5.12955093
-14.15770082;5.12955093
-14.14770082;5.12955093
-14.13770082;5.04104757
-14.12770082;5.21805477
-14.11770082;5.12955093
-14.10770082;5.12955093
-14.09770082;5.12955093
-14.08770082;5.12955093
-14.07770082;5.12955093
-14.06770082;5.12955093
-14.05770082;5.12955093
-14.04770082;5.12955093
-14.03770082;5.12955093
-14.02770082;5.12955093
-14.01770082;5.12955093
-14.00770083;5.12955093
-13.99770083;5.21805477
-13.98770083;5.12955093
-13.97770083;5.12955093
-13.96770083;5.12955093
-13.95770083;5.12955093
-13.94770083;5.04104757
-13.93770083;5.21805477
-13.92770083;5.12955093
-13.91770083;5.21805477
-13.90770083;5.12955093
-13.89770083;5.12955093
-13.88770083;5.04104757
-13.87770083;5.21805477
-13.86770083;5.21805477
-13.85770083;5.12955093
-13.84770083;5.12955093
-13.83770083;5.04104757
-13.82770083;5.04104757
-13.81770083;5.21805477
-13.80770083;5.12955093
-13.79770083;5.12955093
-13.78770083;5.12955093
-13.77770083;5.04104757
-13.76770083;5.04104757
-13.75770083;5.12955093
-13.74770083;5.21805477
-13.73770083;5.12955093
-13.72770083;5.21805477
-13.71770083;5.12955093
-13.70770083;5.04104757
-13.69770083;5.12955093
-13.68770083;5.21805477
-13.67770083;5.12955093
-13.66770083;5.12955093
-13.65770083;5.12955093
-13.64770083;5.12955093
-13.63770083;5.04104757
-13.62770083;5.21805477
-13.61770083;5.12955093
-13.60770083;5.21805477
-13.59770083;5.12955093
-13.58770083;5.04104757
-13.57770083;5.04104757
-13.56770083;5.21805477
-13.55770083;5.12955093
-13.54770083;5.12955093
-13.53770083;5.12955093
-13.52770083;5.04104757
-13.51770083;5.04104757
-13.50770083;5.12955093
-13.49770083;5.12955093
-13.48770083;5.12955093
-13.47770083;5.12955093
-13.46770083;5.12955093
-13.45770083;5.12955093
-13.44770083;5.04104757
-13.43770083;5.21805477
-13.42770083;5.12955093
-13.41770083;5.12955093
-13.40770083;5.12955093
-13.39770083;5.12955093
-13.38770083;5.04104757
-13.37770083;5.21805477
-13.36770083;5.21805477
-13.35770083;5.12955093
-13.34770083;5.12955093
-13.33770083;5.12955093
-13.32770083;5.04104757
-13.31770083;5.21805477
-13.30770083;5.21805477
-13.29770083;5.12955093
-13.28770083;5.12955093
-13.27770083;5.04104757
-13.26770083;5.04104757
-13.25770083;5.12955093
-13.24770083;5.12955093
-13.23770083;5.12955093
-13.22770083;5.12955093
-13.21770083;5.12955093
-13.20770083;5.12955093
-13.19770083;5.04104757
-13.18770083;5.21805477
-13.17770083;5.21805477
-13.16770083;5.12955093
-13.15770083;5.12955093
-13.14770083;5.04104757
-13.13770083;5.04104757
-13.12770083;5.21805477
-13.11770083;5.21805477
-13.10770083;5.12955093
-13.09770083;5.12955093
-13.08770083;5.04104757
-13.07770083;5.12955093
-13.06770083;5.12955093
-13.05770083;5.12955093
-13.04770083;5.12955093
-13.03770083;5.21805477
-13.02770083;5.12955093
-13.01770083;5.12955093
-13.00770083;5.12955093
-12.99770083;5.12955093
-12.98770083;5.12955093
-12.97770083;5.12955093
-12.96770083;5.12955093
-12.95770083;5.12955093
-12.94770083;5.12955093
-12.93770083;5.21805477
-12.92770083;5.12955093
-12.91770083;5.12955093
-12.90770083;5.12955093
-12.89770083;5.12955093
-12.88770083;5.04104757
-12.87770083;5.12955093
-12.86770083;5.12955093
-12.85770083;5.12955093
-12.84770083;5.12955093
-12.83770083;5.04104757
-12.82770083;5.04104757
-12.81770083;5.12955093
-12.80770083;5.21805477
-12.79770083;5.12955093
-12.78770083;5.12955093
-12.77770083;5.12955093
-12.76770083;5.12955093
-12.75770083;5.21805477
-12.74770083;5.21805477
-12.73770083;5.21805477
-12.72770083;5.12955093
-12.71770083;5.12955093
-12.70770083;5.04104757
-12.69770083;5.12955093
-12.68770083;5.21805477
-12.67770083;5.12955093
-12.66770083;5.12955093
-12.65770083;5.12955093
-12.64770083;5.04104757
-12.63770083;5.04104757
-12.62770083;5.21805477
-12.61770083;5.12955093
-12.60770083;5.12955093
-12.59770083;5.12955093
-12.58770083;5.12955093
-12.57770083;5.04104757
-12.56770083;5.12955093
-12.55770083;5.12955093
-12.54770083;5.12955093
-12.53770083;5.12955093
-12.52770083;5.04104757
-12.51770083;5.04104757
-12.50770083;5.12955093
-12.49770083;5.21805477
-12.48770083;5.12955093
-12.47770083;5.12955093
-12.46770083;5.04104757
-12.45770083;5.12955093
-12.44770083;5.12955093
-12.43770083;5.21805477
-12.42770083;5.12955093
-12.41770083;5.12955093
-12.40770083;5.12955093
-12.39770083;5.04104757
-12.38770083;5.12955093
-12.37770083;5.21805477
-12.36770084;5.12955093
-12.35770084;5.12955093
-12.34770084;5.12955093
-12.33770084;5.12955093
-12.32770084;5.04104757
-12.31770084;5.12955093
-12.30770084;5.12955093
-12.29770084;5.12955093
-12.28770084;5.21805477
-12.27770084;5.12955093
-12.26770084;5.04104757
-12.25770084;5.12955093
-12.24770084;5.12955093
-12.23770084;5.12955093
-12.22770084;5.12955093
-12.21770084;5.12955093
-12.20770084;5.12955093
-12.19770084;5.12955093
-12.18770084;5.12955093
-12.17770084;5.21805477
-12.16770084;5.12955093
-12.15770084;5.12955093
-12.14770084;5.04104757
-12.13770084;5.04104757
-12.12770084;5.21805477
-12.11770084;5.12955093
-12.10770084;5.12955093
-12.09770084;5.12955093
-12.08770084;5.04104757
-12.07770084;5.04104757
-12.06770084;5.21805477
-12.05770084;5.12955093
-12.04770084;5.12955093
-12.03770084;5.12955093
-12.02770084;5.12955093
-12.01770084;5.04104757
-12.00770084;5.12955093
-11.99770084;5.21805477
-11.98770084;5.12955093
-11.97770084;5.12955093
-11.96770084;5.12955093
-11.95770084;5.12955093
-11.94770084;5.04104757
-11.93770084;5.21805477
-11.92770084;5.12955093
-11.91770084;5.21805477
-11.90770084;5.12955093
-11.89770084;5.04104757
-11.88770084;4.95254374
-11.87770084;5.21805477
-11.86770084;5.21805477
-11.85770084;5.12955093
-11.84770084;5.04104757
-11.83770084;5.04104757
-11.82770084;5.04104757
-11.81770084;5.21805477
-11.80770084;5.12955093
-11.79770084;5.12955093
-11.78770084;5.12955093
-11.77770084;5.12955093
-11.76770084;5.04104757
-11.75770084;5.12955093
-11.74770084;5.12955093
-11.73770084;5.12955093
-11.72770084;5.12955093
-11.71770084;5.12955093
-11.70770084;5.12955093
-11.69770084;5.12955093
-11.68770084;5.21805477
-11.67770084;5.21805477
-11.66770084;5.12955093
-11.65770084;5.12955093
-11.64770084;5.12955093
-11.63770084;5.04104757
-11.62770084;5.12955093
-11.61770084;5.12955093
-11.60770084;5.12955093
-11.59770084;5.12955093
-11.58770084;5.04104757
-11.57770084;5.04104757
-11.56770084;5.21805477
-11.55770084;5.21805477
-11.54770084;5.21805477
-11.53770084;5.12955093
-11.52770084;5.12955093
-11.51770084;5.04104757
-11.50770084;5.04104757
-11.49770084;5.21805477
-11.48770084;5.12955093
-11.47770084;5.12955093
-11.46770084;5.04104757
-11.45770084;5.04104757
-11.44770084;5.12955093
-11.43770084;5.21805477
-11.42770084;5.12955093
-11.41770084;5.12955093
-11.40770084;5.04104757
-11.39770084;5.12955093
-11.38770084;4.95254374
-11.37770084;5.21805477
-11.36770084;5.12955093
-11.35770084;5.12955093
-11.34770084;5.21805477
-11.33770084;5.12955093
-11.32770084;5.04104757
-11.31770084;5.12955093
-11.30770084;5.21805477
-11.29770084;5.21805477
-11.28770084;5.21805477
-11.27770084;5.04104757
-11.26770084;5.04104757
-11.25770084;5.12955093
-11.24770084;5.21805477
-11.23770084;5.21805477
-11.22770084;5.12955093
-11.21770084;5.04104757
-11.20770084;5.12955093
-11.19770084;5.04104757
-11.18770084;5.21805477
-11.17770084;5.21805477
-11.16770084;5.12955093
-11.15770084;5.12955093
-11.14770084;5.04104757
-11.13770084;5.12955093
-11.12770084;5.12955093
-11.11770084;5.12955093
-11.10770084;5.12955093
-11.09770084;5.12955093
-11.08770084;5.12955093
-11.07770084;5.04104757
-11.06770084;5.12955093
-11.05770084;5.12955093
-11.04770084;5.12955093
-11.03770084;5.12955093
-11.02770084;5.12955093
-11.01770084;4.95254374
-11.00770084;5.04104757
-10.99770084;5.21805477
-10.98770084;5.21805477
-10.97770084;5.21805477
-10.96770084;5.12955093
-10.95770084;5.04104757
-10.94770084;5.04104757
-10.93770084;5.21805477
-10.92770084;5.21805477
-10.91770084;5.12955093
-10.90770084;5.04104757
-10.89770084;5.12955093
-10.88770084;5.04104757
-10.87770084;5.21805477
-10.86770084;5.12955093
-10.85770084;5.04104757
-10.84770084;5.12955093
-10.83770084;5.12955093
-10.82770084;5.04104757
-10.81770084;5.12955093
-10.80770084;5.12955093
-10.79770084;5.12955093
-10.78770084;5.12955093
-10.77770084;5.12955093
-10.76770084;5.04104757
-10.75770084;5.12955093
-10.74770084;5.12955093
-10.73770084;5.12955093
-10.72770084;5.21805477
-10.71770085;5.12955093
-10.70770085;5.04104757
-10.69770085;5.04104757
-10.68770085;5.21805477
-10.67770085;5.12955093
-10.66770085;5.12955093
-10.65770085;5.12955093
-10.64770085;5.04104757
-10.63770085;5.12955093
-10.62770085;5.21805477
-10.61770085;5.12955093
-10.60770085;5.12955093
-10.59770085;5.12955093
-10.58770085;5.12955093
-10.57770085;5.04104757
-10.56770085;5.12955093
-10.55770085;5.21805477
-10.54770085;5.12955093
-10.53770085;5.12955093
-10.52770085;5.04104757
-10.51770085;5.04104757
-10.50770085;5.12955093
-10.49770085;5.12955093
-10.48770085;5.12955093
-10.47770085;5.12955093
-10.46770085;5.12955093
-10.45770085;5.12955093
-10.44770085;5.12955093
-10.43770085;5.12955093
-10.42770085;5.12955093
-10.41770085;5.12955093
-10.40770085;5.12955093
-10.39770085;5.12955093
-10.38770085;5.04104757
-10.37770085;5.12955093
-10.36770085;5.12955093
-10.35770085;5.12955093
-10.34770085;5.21805477
-10.33770085;5.04104757
-10.32770085;5.04104757
-10.31770085;5.12955093
-10.30770085;5.21805477
-10.29770085;5.12955093
-10.28770085;5.12955093
-10.27770085;5.04104757
-10.26770085;5.04104757
-10.25770085;5.12955093
-10.24770085;5.12955093
-10.23770085;5.12955093
-10.22770085;5.12955093
-10.21770085;5.12955093
-10.20770085;5.12955093
-10.19770085;5.04104757
-10.18770085;5.12955093
-10.17770085;5.12955093
-10.16770085;5.12955093
-10.15770085;5.12955093
-10.14770085;5.04104757
-10.13770085;5.04104757
-10.12770085;5.21805477
-10.11770085;5.12955093
-10.10770085;5.12955093
-10.09770085;5.12955093
-10.08770085;5.12955093
-10.07770085;5.04104757
-10.06770085;5.12955093
-10.05770085;5.21805477
-10.04770085;5.12955093
-10.03770085;5.12955093
-10.02770085;5.04104757
-10.01770085;5.04104757
-10.00770085;5.12955093
-9.99770085;5.12955093
-9.98770085;5.21805477
-9.97770085;5.12955093
-9.96770085;5.12955093
-9.95770085;5.04104757
-9.94770085;5.12955093
-9.93770085;5.21805477
-9.92770085;5.12955093
-9.91770085;5.04104757
-9.90770085;5.12955093
-9.89770085;5.12955093
-9.88770085;5.04104757
-9.87770085;5.12955093
-9.86770085;5.12955093
-9.85770085;5.12955093
-9.84770085;5.12955093
-9.83770085;5.04104757
-9.82770085;5.04104757
-9.81770085;5.12955093
-9.80770085;5.12955093
-9.79770085;5.12955093
-9.78770085;5.12955093
-9.77770085;5.12955093
-9.76770085;5.04104757
-9.75770085;5.12955093
-9.74770085;5.21805477
-9.73770085;5.12955093
-9.72770085;5.12955093
-9.71770085;5.12955093
-9.70770085;5.04104757
-9.69770085;5.04104757
-9.68770085;5.21805477
-9.67770085;5.21805477
-9.66770085;5.12955093
-9.65770085;5.12955093
-9.64770085;5.12955093
-9.63770085;5.04104757
-9.62770085;5.21805477
-9.61770085;5.12955093
-9.60770085;5.12955093
-9.59770085;5.12955093
-9.58770085;5.12955093
-9.57770085;5.04104757
-9.56770085;5.12955093
-9.55770085;5.04104757
-9.54770085;5.12955093
-9.53770085;5.12955093
-9.52770085;5.12955093
-9.51770085;5.04104757
-9.50770085;5.12955093
-9.49770085;5.12955093
-9.48770085;5.12955093
-9.47770085;5.12955093
-9.46770085;5.12955093
-9.45770085;5.12955093
-9.44770085;5.12955093
-9.43770085;5.21805477
-9.42770085;5.12955093
-9.41770085;5.04104757
-9.40770085;5.04104757
-9.39770085;5.12955093
-9.38770085;5.21805477
-9.37770085;5.21805477
-9.36770085;5.04104757
-9.35770085;5.04104757
-9.34770085;5.12955093
-9.33770085;5.12955093
-9.32770085;5.12955093
-9.31770085;5.12955093
-9.30770085;5.12955093
-9.29770085;5.12955093
-9.28770085;5.12955093
-9.27770085;5.12955093
-9.26770085;5.04104757
-9.25770085;5.12955093
-9.24770085;5.12955093
-9.23770085;5.12955093
-9.22770085;5.12955093
-9.21770085;5.12955093
-9.20770085;5.04104757
-9.19770085;5.12955093
-9.18770085;5.12955093
-9.17770085;5.12955093
-9.16770085;5.12955093
-9.15770085;5.12955093
-9.14770085;5.04104757
-9.13770085;5.04104757
-9.12770085;5.21805477
-9.11770085;5.12955093
-9.10770085;5.12955093
-9.09770085;5.12955093
-9.08770085;5.04104757
-9.07770086;5.04104757
-9.06770086;5.21805477
-9.05770086;5.12955093
-9.04770086;5.04104757
-9.03770086;5.12955093
-9.02770086;5.12955093
-9.01770086;5.04104757
-9.00770086;5.12955093
-8.99770086;5.12955093
-8.98770086;5.12955093
-8.97770086;5.12955093
-8.96770086;5.12955093
-8.95770086;5.04104757
-8.94770086;5.04104757
-8.93770086;5.21805477
-8.92770086;5.21805477
-8.91770086;5.12955093
-8.90770086;5.12955093
-8.89770086;5.12955093
-8.88770086;5.04104757
-8.87770086;5.21805477
-8.86770086;5.12955093
-8.85770086;5.12955093
-8.84770086;5.12955093
-8.83770086;5.04104757
-8.82770086;5.04104757
-8.81770086;5.21805477
-8.80770086;5.12955093
-8.79770086;5.12955093
-8.78770086;5.12955093
-8.77770086;5.12955093
-8.76770086;5.04104757
-8.75770086;5.12955093
-8.74770086;5.12955093
-8.73770086;5.12955093
-8.72770086;5.12955093
-8.71770086;5.12955093
-8.70770086;5.12955093
-8.69770086;5.12955093
-8.68770086;5.12955093
-8.67770086;5.21805477
-8.66770086;5.12955093
-8.65770086;5.12955093
-8.64770086;5.12955093
-8.63770086;5.04104757
-8.62770086;5.21805477
-8.61770086;5.12955093
-8.60770086;5.12955093
-8.59770086;5.12955093
-8.58770086;5.04104757
-8.57770086;5.04104757
-8.56770086;5.12955093
-8.55770086;5.12955093
-8.54770086;5.12955093
-8.53770086;5.12955093
-8.52770086;5.12955093
-8.51770086;5.04104757
-8.50770086;5.12955093
-8.49770086;5.12955093
-8.48770086;5.21805477
-8.47770086;5.12955093
-8.46770086;5.04104757
-8.45770086;5.12955093
-8.44770086;5.12955093
-8.43770086;5.21805477
-8.42770086;5.12955093
-8.41770086;5.04104757
-8.40770086;5.12955093
-8.39770086;5.12955093
-8.38770086;4.95254374
-8.37770086;5.12955093
-8.36770086;5.12955093
-8.35770086;5.12955093
-8.34770086;5.21805477
-8.33770086;5.04104757
-8.32770086;5.04104757
-8.31770086;5.21805477
-8.30770086;5.21805477
-8.29770086;5.12955093
-8.28770086;5.12955093
-8.27770086;5.04104757
-8.26770086;5.04104757
-8.25770086;5.12955093
-8.24770086;5.12955093
-8.23770086;5.12955093
-8.22770086;5.12955093
-8.21770086;5.04104757
-8.20770086;5.04104757
-8.19770086;5.04104757
-8.18770086;5.12955093
-8.17770086;5.12955093
-8.16770086;5.12955093
-8.15770086;5.12955093
-8.14770086;5.04104757
-8.13770086;5.04104757
-8.12770086;5.12955093
-8.11770086;5.21805477
-8.10770086;5.12955093
-8.09770086;5.12955093
-8.08770086;5.04104757
-8.07770086;5.04104757
-8.06770086;5.12955093
-8.05770086;5.12955093
-8.04770086;5.12955093
-8.03770086;5.12955093
-8.02770086;5.12955093
-8.01770086;5.04104757
-8.00770086;5.04104757
-7.99770086;5.12955093
-7.98770086;5.12955093
-7.97770086;5.21805477
-7.96770086;5.04104757
-7.95770086;5.04104757
-7.94770086;5.04104757
-7.93770086;5.21805477
-7.92770086;5.12955093
-7.91770086;5.12955093
-7.90770086;5.12955093
-7.89770086;5.04104757
-7.88770086;5.04104757
-7.87770086;5.21805477
-7.86770086;5.12955093
-7.85770086;5.12955093
-7.84770086;5.12955093
-7.83770086;5.04104757
-7.82770086;5.04104757
-7.81770086;5.12955093
-7.80770086;5.12955093
-7.79770086;5.12955093
-7.78770086;5.12955093
-7.77770086;5.04104757
-7.76770086;5.04104757
-7.75770086;5.04104757
-7.74770086;5.12955093
-7.73770086;5.21805477
-7.72770086;5.12955093
-7.71770086;5.12955093
-7.70770086;5.04104757
-7.69770086;5.04104757
-7.68770086;5.21805477
-7.67770086;5.12955093
-7.66770086;5.12955093
-7.65770086;5.12955093
-7.64770086;5.04104757
-7.63770086;5.04104757
-7.62770086;5.12955093
-7.61770086;5.21805477
-7.60770086;5.12955093
-7.59770086;5.12955093
-7.58770086;5.04104757
-7.57770086;5.04104757
-7.56770086;5.12955093
-7.55770086;5.12955093
-7.54770086;5.12955093
-7.53770086;5.12955093
-7.52770086;5.12955093
-7.51770086;5.04104757
-7.50770086;5.12955093
-7.49770086;5.12955093
-7.48770086;5.12955093
-7.47770086;5.12955093
-7.46770086;5.12955093
-7.45770086;5.04104757
-7.44770086;4.95254374
-7.43770086;5.21805477
-7.42770087;5.12955093
-7.41770087;5.12955093
-7.40770087;5.04104757
-7.39770087;5.04104757
-7.38770087;5.04104757
-7.37770087;5.21805477
-7.36770087;5.21805477
-7.35770087;5.04104757
-7.34770087;5.12955093
-7.33770087;5.04104757
-7.32770087;5.12955093
-7.31770087;5.12955093
-7.30770087;5.12955093
-7.29770087;5.04104757
-7.28770087;5.12955093
-7.27770087;5.12955093
-7.26770087;5.12955093
-7.25770087;5.12955093
-7.24770087;5.12955093
-7.23770087;5.12955093
-7.22770087;5.12955093
-7.21770087;5.04104757
-7.20770087;5.12955093
-7.19770087;5.04104757
-7.18770087;5.12955093
-7.17770087;5.12955093
-7.16770087;5.12955093
-7.15770087;5.04104757
-7.14770087;5.04104757
-7.13770087;4.95254374
-7.12770087;5.21805477
-7.11770087;5.21805477
-7.10770087;5.12955093
-7.09770087;5.12955093
-7.08770087;5.04104757
-7.07770087;5.04104757
-7.06770087;5.12955093
-7.05770087;5.12955093
-7.04770087;5.12955093
-7.03770087;5.12955093
-7.02770087;5.04104757
-7.01770087;5.04104757
-7.00770087;5.12955093
-6.99770087;5.12955093
-6.98770087;5.12955093
-6.97770087;5.12955093
-6.96770087;5.12955093
-6.95770087;5.12955093
-6.94770087;5.04104757
-6.93770087;5.12955093
-6.92770087;5.12955093
-6.91770087;5.12955093
-6.90770087;5.12955093
-6.89770087;5.04104757
-6.88770087;5.04104757
-6.87770087;5.12955093
-6.86770087;5.12955093
-6.85770087;5.12955093
-6.84770087;5.12955093
-6.83770087;5.12955093
-6.82770087;5.04104757
-6.81770087;5.12955093
-6.80770087;5.12955093
-6.79770087;5.12955093
-6.78770087;5.12955093
-6.77770087;5.04104757
-6.76770087;5.04104757
-6.75770087;5.12955093
-6.74770087;5.12955093
-6.73770087;5.12955093
-6.72770087;5.12955093
-6.71770087;5.04104757
-6.70770087;5.04104757
-6.69770087;5.12955093
-6.68770087;5.12955093
-6.67770087;5.12955093
-6.66770087;5.12955093
-6.65770087;5.12955093
-6.64770087;5.12955093
-6.63770087;5.04104757
-6.62770087;5.21805477
-6.61770087;5.12955093
-6.60770087;5.12955093
-6.59770087;5.12955093
-6.58770087;5.04104757
-6.57770087;5.04104757
-6.56770087;5.21805477
-6.55770087;5.12955093
-6.54770087;5.12955093
-6.53770087;5.12955093
-6.52770087;5.04104757
-6.51770087;5.12955093
-6.50770087;5.04104757
-6.49770087;5.12955093
-6.48770087;5.12955093
-6.47770087;5.12955093
-6.46770087;5.12955093
-6.45770087;5.04104757
-6.44770087;5.04104757
-6.43770087;5.21805477
-6.42770087;5.21805477
-6.41770087;5.12955093
-6.40770087;5.12955093
-6.39770087;5.04104757
-6.38770087;5.12955093
-6.37770087;5.21805477
-6.36770087;5.12955093
-6.35770087;5.12955093
-6.34770087;5.04104757
-6.33770087;5.04104757
-6.32770087;5.12955093
-6.31770087;5.12955093
-6.30770087;5.12955093
-6.29770087;5.12955093
-6.28770087;5.12955093
-6.27770087;5.04104757
-6.26770087;5.04104757
-6.25770087;5.12955093
-6.24770087;5.12955093
-6.23770087;5.12955093
-6.22770087;5.12955093
-6.21770087;5.12955093
-6.20770087;5.12955093
-6.19770087;5.04104757
-6.18770087;5.21805477
-6.17770087;5.12955093
-6.16770087;5.12955093
-6.15770087;5.12955093
-6.14770087;5.12955093
-6.13770087;5.04104757
-6.12770087;5.21805477
-6.11770087;5.12955093
-6.10770087;5.12955093
-6.09770087;5.12955093
-6.08770087;5.12955093
-6.07770087;5.04104757
-6.06770087;5.12955093
-6.05770087;5.21805477
-6.04770087;5.12955093
-6.03770087;5.12955093
-6.02770087;5.04104757
-6.01770087;5.12955093
-6.00770087;5.12955093
-5.99770087;5.21805477
-5.98770087;5.12955093
-5.97770087;5.12955093
-5.96770087;5.04104757
-5.95770087;5.12955093
-5.94770087;5.04104757
-5.93770087;5.21805477
-5.92770087;5.12955093
-5.91770087;5.12955093
-5.90770087;5.12955093
-5.89770087;5.12955093
-5.88770087;5.04104757
-5.87770087;5.12955093
-5.86770087;5.12955093
-5.85770087;5.12955093
-5.84770087;5.12955093
-5.83770087;5.04104757
-5.82770087;5.12955093
-5.81770087;5.12955093
-5.80770087;5.12955093
-5.79770087;5.12955093
-5.78770088;5.12955093
-5.77770088;5.12955093
-5.76770088;5.04104757
-5.75770088;5.12955093
-5.74770088;5.12955093
-5.73770088;5.12955093
-5.72770088;5.21805477
-5.71770088;5.12955093
-5.70770088;5.12955093
-5.69770088;5.04104757
-5.68770088;5.12955093
-5.67770088;5.12955093
-5.66770088;5.12955093
-5.65770088;5.12955093
-5.64770088;5.04104757
-5.63770088;5.12955093
-5.62770088;5.12955093
-5.61770088;5.12955093
-5.60770088;5.12955093
-5.59770088;5.12955093
-5.58770088;5.12955093
-5.57770088;5.04104757
-5.56770088;5.12955093
-5.55770088;5.21805477
-5.54770088;5.12955093
-5.53770088;5.21805477
-5.52770088;5.12955093
-5.51770088;5.04104757
-5.50770088;5.12955093
-5.49770088;5.12955093
-5.48770088;5.12955093
-5.47770088;5.12955093
-5.46770088;5.12955093
-5.45770088;5.12955093
-5.44770088;5.04104757
-5.43770088;5.12955093
-5.42770088;5.12955093
-5.41770088;5.12955093
-5.40770088;5.12955093
-5.39770088;5.04104757
-5.38770088;5.04104757
-5.37770088;5.21805477
-5.36770088;5.12955093
-5.35770088;5.12955093
-5.34770088;5.12955093
-5.33770088;5.04104757
-5.32770088;5.04104757
-5.31770088;5.12955093
-5.30770088;5.12955093
-5.29770088;5.12955093
-5.28770088;5.12955093
-5.27770088;5.12955093
-5.26770088;5.12955093
-5.25770088;5.12955093
-5.24770088;5.21805477
-5.23770088;5.12955093
-5.22770088;5.12955093
-5.21770088;5.12955093
-5.20770088;5.12955093
-5.19770088;5.04104757
-5.18770088;5.21805477
-5.17770088;5.12955093
-5.16770088;5.12955093
-5.15770088;5.21805477
-5.14770088;5.12955093
-5.13770088;5.04104757
-5.12770088;5.12955093
-5.11770088;5.12955093
-5.10770088;5.12955093
-5.09770088;5.12955093
-5.08770088;5.04104757
-5.07770088;5.04104757
-5.06770088;5.12955093
-5.05770088;5.21805477
-5.04770088;5.21805477
-5.03770088;5.21805477
-5.02770088;5.12955093
-5.01770088;5.04104757
-5.00770088;5.12955093
-4.99770088;5.12955093
-4.98770088;5.21805477
-4.97770088;5.12955093
-4.96770088;5.12955093
-4.95770088;5.04104757
-4.94770088;5.12955093
-4.93770088;5.21805477
-4.92770088;5.12955093
-4.91770088;5.12955093
-4.90770088;5.12955093
-4.89770088;5.12955093
-4.88770088;5.12955093
-4.87770088;5.21805477
-4.86770088;5.12955093
-4.85770088;5.12955093
-4.84770088;5.21805477
-4.83770088;5.12955093
-4.82770088;5.04104757
-4.81770088;5.12955093
-4.80770088;5.12955093
-4.79770088;5.21805477
-4.78770088;5.12955093
-4.77770088;5.04104757
-4.76770088;5.04104757
-4.75770088;5.04104757
-4.74770088;5.21805477
-4.73770088;5.21805477
-4.72770088;5.21805477
-4.71770088;5.04104757
-4.70770088;5.04104757
-4.69770088;5.04104757
-4.68770088;5.21805477
-4.67770088;5.12955093
-4.66770088;5.21805477
-4.65770088;5.12955093
-4.64770088;5.04104757
-4.63770088;5.04104757
-4.62770088;5.21805477
-4.61770088;5.21805477
-4.60770088;5.12955093
-4.59770088;5.12955093
-4.58770088;5.04104757
-4.57770088;4.95254374
-4.56770088;5.12955093
-4.55770088;5.12955093
-4.54770088;5.12955093
-4.53770088;5.12955093
-4.52770088;5.12955093
-4.51770088;5.04104757
-4.50770088;5.12955093
-4.49770088;5.12955093
-4.48770088;5.04104757
-4.47770088;5.12955093
-4.46770088;5.12955093
-4.45770088;5.12955093
-4.44770088;5.04104757
-4.43770088;5.21805477
-4.42770088;5.12955093
-4.41770088;5.12955093
-4.40770088;5.12955093
-4.39770088;5.04104757
-4.38770088;5.12955093
-4.37770088;5.21805477
-4.36770088;5.12955093
-4.35770088;5.12955093
-4.34770088;5.12955093
-4.33770088;5.12955093
-4.32770088;5.12955093
-4.31770088;5.12955093
-4.30770088;5.12955093
-4.29770088;5.12955093
-4.28770088;5.12955093
-4.27770088;5.12955093
-4.26770088;5.12955093
-4.25770088;5.12955093
-4.24770088;5.12955093
-4.23770088;5.12955093
-4.22770088;5.04104757
-4.21770088;5.12955093
-4.20770088;5.12955093
-4.19770088;5.12955093
-4.18770088;5.12955093
-4.17770088;5.12955093
-4.16770088;5.12955093
-4.15770088;5.12955093
-4.14770088;5.12955093
-4.13770089;4.95254374
-4.12770089;5.12955093
-4.11770089;5.12955093
-4.10770089;5.12955093
-4.09770089;5.12955093
-4.08770089;5.04104757
-4.07770089;5.04104757
-4.06770089;5.12955093
-4.05770089;5.21805477
-4.04770089;5.12955093
-4.03770089;5.12955093
-4.02770089;5.12955093
-4.01770089;5.12955093
-4.00770089;5.12955093
-3.99770089;5.21805477
-3.98770089;5.12955093
-3.97770089;5.12955093
-3.96770089;5.12955093
-3.95770089;5.04104757
-3.94770089;5.04104757
-3.93770089;5.21805477
-3.92770089;5.12955093
-3.91770089;5.12955093
-3.90770089;5.12955093
-3.89770089;5.12955093
-3.88770089;5.04104757
-3.87770089;5.21805477
-3.86770089;5.12955093
-3.85770089;5.12955093
-3.84770089;5.12955093
-3.83770089;5.04104757
-3.82770089;5.12955093
-3.81770089;5.12955093
-3.80770089;5.21805477
-3.79770089;5.12955093
-3.78770089;5.21805477
-3.77770089;5.04104757
-3.76770089;5.12955093
-3.75770089;5.12955093
-3.74770089;5.21805477
-3.73770089;5.12955093
-3.72770089;5.12955093
-3.71770089;5.12955093
-3.70770089;5.12955093
-3.69770089;5.04104757
-3.68770089;5.21805477
-3.67770089;5.21805477
-3.66770089;5.12955093
-3.65770089;5.12955093
-3.64770089;5.04104757
-3.63770089;5.04104757
-3.62770089;5.21805477
-3.61770089;5.12955093
-3.60770089;5.12955093
-3.59770089;5.21805477
-3.58770089;5.12955093
-3.57770089;5.04104757
-3.56770089;5.12955093
-3.55770089;5.12955093
-3.54770089;5.12955093
-3.53770089;5.12955093
-3.52770089;5.12955093
-3.51770089;5.12955093
-3.50770089;5.04104757
-3.49770089;5.21805477
-3.48770089;5.21805477
-3.47770089;5.21805477
-3.46770089;5.12955093
-3.45770089;5.04104757
-3.44770089;5.04104757
-3.43770089;5.21805477
-3.42770089;5.12955093
-3.41770089;5.04104757
-3.40770089;5.04104757
-3.39770089;5.12955093
-3.38770089;5.12955093
-3.37770089;5.21805477
-3.36770089;5.12955093
-3.35770089;5.12955093
-3.34770089;5.12955093
-3.33770089;5.12955093
-3.32770089;5.04104757
-3.31770089;5.21805477
-3.30770089;5.21805477
-3.29770089;5.12955093
-3.28770089;5.12955093
-3.27770089;5.12955093
-3.26770089;5.12955093
-3.25770089;5.04104757
-3.24770089;5.12955093
-3.23770089;5.21805477
-3.22770089;5.21805477
-3.21770089;5.12955093
-3.20770089;5.04104757
-3.19770089;5.04104757
-3.18770089;5.21805477
-3.17770089;5.12955093
-3.16770089;5.12955093
-3.15770089;5.04104757
-3.14770089;5.12955093
-3.13770089;5.04104757
-3.12770089;5.21805477
-3.11770089;5.12955093
-3.10770089;5.21805477
-3.09770089;5.12955093
-3.08770089;5.12955093
-3.07770089;4.95254374
-3.06770089;5.21805477
-3.05770089;5.21805477
-3.04770089;5.12955093
-3.03770089;5.12955093
-3.02770089;5.12955093
-3.01770089;5.12955093
-3.00770089;5.12955093
-2.99770089;5.12955093
-2.98770089;5.12955093
-2.97770089;5.12955093
-2.96770089;5.12955093
-2.95770089;5.12955093
-2.94770089;5.04104757
-2.93770089;5.12955093
-2.92770089;5.12955093
-2.91770089;5.12955093
-2.90770089;5.12955093
-2.89770089;5.04104757
-2.88770089;5.04104757
-2.87770089;5.21805477
-2.86770089;5.21805477
-2.85770089;5.12955093
-2.84770089;5.12955093
-2.83770089;5.12955093
-2.82770089;5.04104757
-2.81770089;5.12955093
-2.80770089;5.12955093
-2.79770089;5.12955093
-2.78770089;5.21805477
-2.77770089;5.12955093
-2.76770089;5.12955093
-2.75770089;5.12955093
-2.74770089;5.21805477
-2.73770089;5.12955093
-2.72770089;5.12955093
-2.71770089;5.12955093
-2.70770089;5.12955093
-2.69770089;5.04104757
-2.68770089;5.21805477
-2.67770089;5.21805477
-2.66770089;5.12955093
-2.65770089;5.12955093
-2.64770089;5.04104757
-2.63770089;5.04104757
-2.62770089;5.21805477
-2.61770089;5.21805477
-2.60770089;5.12955093
-2.59770089;5.12955093
-2.58770089;5.12955093
-2.57770089;5.04104757
-2.56770089;5.12955093
-2.55770089;5.21805477
-2.54770089;5.12955093
-2.53770089;5.12955093
-2.52770089;5.04104757
-2.51770089;5.04104757
-2.50770089;5.12955093
-2.49770089;5.21805477
-2.48770090;5.12955093
-2.47770090;5.12955093
-2.46770090;5.12955093
-2.45770090;5.12955093
-2.44770090;5.04104757
-2.43770090;5.21805477
-2.42770090;5.12955093
-2.41770090;5.12955093
-2.40770090;5.21805477
-2.39770090;5.12955093
-2.38770090;5.04104757
-2.37770090;5.21805477
-2.36770090;5.12955093
-2.35770090;5.12955093
-2.34770090;5.12955093
-2.33770090;5.04104757
-2.32770090;5.12955093
-2.31770090;5.21805477
-2.30770090;5.12955093
-2.29770090;5.12955093
-2.28770090;5.12955093
-2.27770090;5.12955093
-2.26770090;5.12955093
-2.25770090;5.04104757
-2.24770090;5.21805477
-2.23770090;5.21805477
-2.22770090;5.12955093
-2.21770090;5.12955093
-2.20770090;5.04104757
-2.19770090;5.04104757
-2.18770090;5.21805477
-2.17770090;5.12955093
-2.16770090;5.12955093
-2.15770090;5.12955093
-2.14770090;5.12955093
-2.13770090;5.04104757
-2.12770090;5.21805477
-2.11770090;5.12955093
-2.10770090;5.12955093
-2.09770090;5.12955093
-2.08770090;5.12955093
-2.07770090;5.04104757
-2.06770090;5.12955093
-2.05770090;5.21805477
-2.04770090;5.12955093
-2.03770090;5.12955093
-2.02770090;5.12955093
-2.01770090;5.04104757
-2.00770090;5.12955093
-1.99770090;5.12955093
-1.98770090;5.12955093
-1.97770090;5.12955093
-1.96770090;5.12955093
-1.95770090;5.12955093
-1.94770090;5.04104757
-1.93770090;5.21805477
-1.92770090;5.21805477
-1.91770090;5.12955093
-1.90770090;5.12955093
-1.89770090;5.12955093
-1.88770090;5.04104757
-1.87770090;5.21805477
-1.86770090;5.12955093
-1.85770090;5.12955093
-1.84770090;5.12955093
-1.83770090;5.04104757
-1.82770090;5.12955093
-1.81770090;5.12955093
-1.80770090;5.12955093
-1.79770090;5.12955093
-1.78770090;5.21805477
-1.77770090;5.12955093
-1.76770090;5.12955093
-1.75770090;5.12955093
-1.74770090;5.12955093
-1.73770090;5.12955093
-1.72770090;5.12955093
-1.71770090;5.12955093
-1.70770090;5.12955093
-1.69770090;5.04104757
-1.68770090;5.12955093
-1.67770090;5.12955093
-1.66770090;5.12955093
-1.65770090;5.12955093
-1.64770090;5.12955093
-1.63770090;5.04104757
-1.62770090;5.21805477
-1.61770090;5.12955093
-1.60770090;5.12955093
-1.59770090;5.12955093
-1.58770090;5.12955093
-1.57770090;5.04104757
-1.56770090;5.12955093
-1.55770090;5.12955093
-1.54770090;5.21805477
-1.53770090;5.12955093
-1.52770090;5.12955093
-1.51770090;5.12955093
-1.50770090;5.12955093
-1.49770090;5.21805477
-1.48770090;5.21805477
-1.47770090;5.12955093
-1.46770090;5.12955093
-1.45770090;5.12955093
-1.44770090;5.04104757
-1.43770090;5.21805477
-1.42770090;5.21805477
-1.41770090;5.12955093
-1.40770090;5.12955093
-1.39770090;5.12955093
-1.38770090;5.04104757
-1.37770090;5.21805477
-1.36770090;5.12955093
-1.35770090;5.12955093
-1.34770090;5.12955093
-1.33770090;5.12955093
-1.32770090;5.12955093
-1.31770090;5.12955093
-1.30770090;5.12955093
-1.29770090;5.12955093
-1.28770090;5.12955093
-1.27770090;5.12955093
-1.26770090;5.04104757
-1.25770090;5.12955093
-1.24770090;5.21805477
-1.23770090;5.12955093
-1.22770090;5.12955093
-1.21770090;5.12955093
-1.20770090;5.04104757
-1.19770090;5.12955093
-1.18770090;5.21805477
-1.17770090;5.12955093
-1.16770090;5.12955093
-1.15770090;5.12955093
-1.14770090;5.12955093
-1.13770090;5.04104757
-1.12770090;5.12955093
-1.11770090;5.12955093
-1.10770090;5.12955093
-1.09770090;5.21805477
-1.08770090;5.04104757
-1.07770090;5.04104757
-1.06770090;5.12955093
-1.05770090;5.21805477
-1.04770090;5.12955093
-1.03770090;5.12955093
-1.02770090;5.12955093
-1.01770090;5.12955093
-1.00770090;5.04104757
-0.99770090;5.21805477
-0.98770090;5.12955093
-0.97770090;5.12955093
-0.96770090;5.12955093
-0.95770090;5.04104757
-0.94770090;5.04104757
-0.93770090;5.21805477
-0.92770090;5.21805477
-0.91770090;5.12955093
-0.90770090;5.12955093
-0.89770090;5.04104757
-0.88770090;5.04104757
-0.87770090;5.12955093
-0.86770090;5.12955093
-0.85770090;5.12955093
-0.84770091;5.12955093
-0.83770091;5.12955093
-0.82770091;5.04104757
-0.81770091;5.21805477
-0.80770091;5.12955093
-0.79770091;5.12955093
-0.78770091;5.12955093
-0.77770091;5.12955093
-0.76770091;5.12955093
-0.75770091;5.12955093
-0.74770091;5.12955093
-0.73770091;5.12955093
-0.72770091;5.12955093
-0.71770091;5.12955093
-0.70770091;5.04104757
-0.69770091;5.04104757
-0.68770091;5.12955093
-0.67770091;5.12955093
-0.66770091;5.12955093
-0.65770091;5.12955093
-0.64770091;5.04104757
-0.63770091;5.04104757
-0.62770091;5.12955093
-0.61770091;5.12955093
-0.60770091;5.21805477
-0.59770091;5.12955093
-0.58770091;5.04104757
-0.57770091;5.04104757
-0.56770091;5.12955093
-0.55770091;5.12955093
-0.54770091;5.21805477
-0.53770091;5.12955093
-0.52770091;5.04104757
-0.51770091;5.12955093
-0.50770091;5.12955093
-0.49770091;5.21805477
-0.48770091;5.12955093
-0.47770091;5.12955093
-0.46770091;5.12955093
-0.45770091;5.12955093
-0.44770091;5.04104757
-0.43770091;5.12955093
-0.42770091;5.12955093
-0.41770091;5.12955093
-0.40770091;5.12955093
-0.39770091;5.04104757
-0.38770091;5.04104757
-0.37770091;5.21805477
-0.36770091;5.12955093
-0.35770091;5.12955093
-0.34770091;5.12955093
-0.33770091;5.12955093
-0.32770091;5.12955093
-0.31770091;5.12955093
-0.30770091;5.12955093
-0.29770091;5.12955093
-0.28770091;5.12955093
-0.27770091;5.12955093
-0.26770091;5.12955093
-0.25770091;5.12955093
-0.24770091;5.12955093
-0.23770091;5.12955093
-0.22770091;5.12955093
-0.21770091;5.12955093
-0.20770091;5.12955093
-0.19770091;5.04104757
-0.18770091;5.21805477
-0.17770091;5.12955093
-0.16770091;5.12955093
-0.15770091;5.12955093
-0.14770091;5.12955093
-0.13770091;5.04104757
-0.12770091;5.12955093
-0.11770091;5.21805477
-0.10770091;5.12955093
-0.09770091;5.12955093
-0.08770091;5.04104757
-0.07770091;5.04104757
-0.06770091;5.12955093
-0.05770091;5.21805477
-0.04770091;5.12955093
-0.03770091;5.12955093
-0.02770091;5.12955093
-0.01770091;5.12955093
-0.00770091;3.27066875
0.00229909;-0.88930935
0.01229909;-1.15482044
0.02229909;-0.88930935
0.03229909;1.67729723
0.04229909;0.43824580
0.05229909;-0.26978362
0.06229909;-0.62379831
0.07229909;0.34974211
0.08229909;0.43824580
0.09229909;0.08423109
0.10229909;-0.26978362
0.11229909;-0.00427259
0.12229909;0.26123846
0.13229909;0.17273477
0.14229909;-0.09277627
0.15229909;-0.00427259
0.16229909;0.08423109
0.17229909;0.17273477
0.18229909;0.08423109
0.19229909;-0.00427259
0.20229909;0.08423109
0.21229909;0.08423109
0.22229909;0.08423109
0.23229909;0.08423109
0.24229909;0.08423109
0.25229909;0.08423109
0.26229909;0.08423109
0.27229909;-0.00427259
0.28229909;0.08423109
0.29229909;0.08423109
0.30229909;0.08423109
0.31229909;0.08423109
0.32229909;-0.00427259
0.33229909;0.08423109
0.34229909;0.08423109
0.35229909;0.08423109
0.36229909;0.08423109
0.37229909;0.08423109
0.38229909;0.08423109
0.39229909;0.08423109
0.40229909;0.08423109
0.41229909;0.08423109
0.42229909;0.08423109
0.43229909;0.08423109
0.44229909;0.08423109
0.45229909;0.08423109
0.46229909;0.08423109
0.47229909;0.08423109
0.48229909;0.08423109
0.49229909;0.08423109
0.50229909;0.08423109
0.51229909;-0.00427259
0.52229909;0.08423109
0.53229909;0.08423109
0.54229909;0.08423109
0.55229909;0.08423109
0.56229909;0.08423109
0.57229909;0.08423109
0.58229909;0.08423109
0.59229909;0.08423109
0.60229909;0.08423109
0.61229909;0.08423109
0.62229909;0.08423109
0.63229909;0.08423109
0.64229909;0.08423109
0.65229909;0.08423109
0.66229909;0.08423109
0.67229909;0.08423109
0.68229909;0.08423109
0.69229909;0.08423109
0.70229909;-0.00427259
0.71229909;0.08423109
0.72229909;0.08423109
0.73229909;0.08423109
0.74229909;0.08423109
0.75229909;0.08423109
0.76229909;0.08423109
0.77229909;0.08423109
0.78229909;0.08423109
0.79229909;0.08423109
0.80229908;0.08423109
0.81229908;0.08423109
0.82229908;0.08423109
0.83229908;-0.00427259
0.84229908;0.08423109
0.85229908;0.08423109
0.86229908;0.08423109
0.87229908;0.08423109
0.88229908;0.08423109
0.89229908;0.08423109
0.90229908;0.08423109
0.91229908;0.08423109
0.92229908;0.08423109
0.93229908;0.08423109
0.94229908;0.08423109
0.95229908;0.08423109
0.96229908;0.08423109
0.97229908;0.08423109
0.98229908;0.08423109
0.99229908;0.08423109
1.00229908;0.08423109
1.01229908;-0.00427259
1.02229908;0.08423109
1.03229908;0.08423109
1.04229908;0.08423109
1.05229908;0.08423109
1.06229908;0.08423109
1.07229908;0.08423109
1.08229908;0.08423109
1.09229908;0.08423109
1.10229908;0.08423109
1.11229908;0.08423109
1.12229908;0.08423109
1.13229908;0.08423109
1.14229908;0.08423109
1.15229908;0.08423109
1.16229908;-0.00427259
1.17229908;0.08423109
1.18229908;0.08423109
1.19229908;-0.00427259
1.20229908;-0.00427259
1.21229908;0.08423109
1.22229908;0.08423109
1.23229908;0.08423109
1.24229908;0.08423109
1.25229908;0.08423109
1.26229908;0.08423109
1.27229908;0.08423109
1.28229908;0.08423109
1.29229908;0.08423109
1.30229908;0.08423109
1.31229908;-0.00427259
1.32229908;-0.00427259
1.33229908;0.08423109
1.34229908;0.08423109
1.35229908;0.08423109
1.36229908;0.08423109
1.37229908;0.08423109
1.38229908;-0.00427259
1.39229908;0.08423109
1.40229908;0.08423109
1.41229908;0.08423109
1.42229908;-0.00427259
1.43229908;0.08423109
1.44229908;0.08423109
1.45229908;0.08423109
1.46229908;0.08423109
1.47229908;0.08423109
1.48229908;0.08423109
1.49229908;0.08423109
1.50229908;0.08423109
1.51229908;-0.00427259
1.52229908;0.08423109
1.53229908;0.08423109
1.54229908;0.08423109
1.55229908;0.08423109
1.56229908;0.08423109
1.57229908;0.08423109
1.58229908;0.08423109
1.59229908;0.08423109
1.60229908;0.08423109
1.61229908;-0.00427259
1.62229908;-0.00427259
1.63229908;0.08423109
1.64229908;0.08423109
1.65229908;0.08423109
1.66229908;0.08423109
1.67229908;0.08423109
1.68229908;0.08423109
1.69229908;-0.00427259
1.70229908;0.08423109
1.71229908;0.08423109
1.72229908;0.08423109
1.73229908;0.08423109
1.74229908;0.08423109
1.75229908;0.08423109
1.76229908;0.08423109
1.77229908;0.08423109
1.78229908;0.08423109
1.79229908;0.08423109
1.80229908;0.08423109
1.81229908;0.08423109
1.82229908;-0.00427259
1.83229908;0.08423109
1.84229908;0.08423109
1.85229908;0.08423109
1.86229908;0.08423109
1.87229908;0.08423109
1.88229908;-0.00427259
1.89229908;-0.00427259
1.90229908;0.08423109
1.91229908;0.08423109
1.92229908;0.08423109
1.93229908;-0.00427259
1.94229908;-0.00427259
1.95229908;0.08423109
1.96229908;0.08423109
1.97229908;0.08423109
1.98229908;0.08423109
1.99229908;0.08423109
2.00229908;-0.00427259
2.01229908;0.08423109
2.02229908;0.08423109
2.03229908;0.08423109
2.04229908;0.08423109
2.05229908;0.08423109
2.06229908;-0.00427259
2.07229908;0.08423109
2.08229908;0.08423109
2.09229908;0.08423109
2.10229908;0.08423109
2.11229908;0.08423109
2.12229908;0.08423109
2.13229908;0.08423109
2.14229908;0.08423109
2.15229908;-0.00427259
2.16229908;-0.00427259
2.17229908;0.08423109
2.18229908;0.08423109
2.19229908;-0.00427259
2.20229908;-0.00427259
2.21229908;-0.00427259
2.22229908;0.08423109
2.23229908;0.08423109
2.24229908;-0.00427259
2.25229908;-0.00427259
2.26229908;0.08423109
2.27229908;0.08423109
2.28229908;0.08423109
2.29229908;0.08423109
2.30229908;0.08423109
2.31229908;-0.00427259
2.32229908;0.08423109
2.33229908;0.08423109
2.34229908;0.08423109
2.35229908;0.08423109
2.36229908;0.08423109
2.37229908;0.08423109
2.38229908;-0.00427259
2.39229908;0.08423109
2.40229908;0.08423109
2.41229908;0.08423109
2.42229908;0.08423109
2.43229908;0.08423109
2.44229907;0.08423109
2.45229907;-0.00427259
2.46229907;-0.00427259
2.47229907;-0.00427259
2.48229907;0.08423109
2.49229907;0.08423109
2.50229907;-0.00427259
2.51229907;-0.00427259
2.52229907;-0.00427259
2.53229907;0.08423109
2.54229907;0.08423109
2.55229907;0.08423109
2.56229907;-0.00427259
2.57229907;-0.00427259
2.58229907;-0.00427259
2.59229907;-0.00427259
2.60229907;-0.00427259
2.61229907;-0.00427259
2.62229907;0.08423109
2.63229907;0.08423109
2.64229907;0.08423109
2.65229907;-0.00427259
2.66229907;-0.00427259
2.67229907;0.08423109
2.68229907;0.08423109
2.69229907;0.08423109
2.70229907;-0.00427259
2.71229907;0.08423109
2.72229907;0.08423109
2.73229907;0.08423109
2.74229907;0.08423109
2.75229907;-0.00427259
2.76229907;0.08423109
2.77229907;0.08423109
2.78229907;0.08423109
2.79229907;0.08423109
2.80229907;0.08423109
2.81229907;-0.00427259
2.82229907;-0.00427259
2.83229907;0.08423109
2.84229907;-0.00427259
2.85229907;0.08423109
2.86229907;-0.00427259
2.87229907;-0.00427259
2.88229907;-0.00427259
2.89229907;0.08423109
2.90229907;0.08423109
2.91229907;-0.00427259
2.92229907;0.08423109
2.93229907;0.08423109
2.94229907;-0.00427259
2.95229907;-0.00427259
2.96229907;-0.00427259
2.97229907;0.08423109
2.98229907;0.08423109
2.99229907;0.08423109
3.00229907;-0.00427259
3.01229907;-0.00427259
3.02229907;-0.00427259
3.03229907;-0.00427259
3.04229907;0.08423109
3.05229907;-0.00427259
3.06229907;0.08423109
3.07229907;-0.00427259
3.08229907;0.08423109
3.09229907;-0.00427259
3.10229907;0.08423109
3.11229907;0.08423109
3.12229907;-0.00427259
3.13229907;0.08423109
3.14229907;-0.00427259
3.15229907;-0.00427259
3.16229907;0.08423109
3.17229907;0.08423109
3.18229907;-0.00427259
3.19229907;-0.00427259
3.20229907;0.08423109
3.21229907;0.08423109
3.22229907;0.08423109
3.23229907;0.08423109
3.24229907;0.08423109
3.25229907;-0.00427259
3.26229907;-0.00427259
3.27229907;0.08423109
3.28229907;-0.00427259
3.29229907;-0.00427259
3.30229907;-0.00427259
3.31229907;-0.00427259
3.32229907;0.08423109
3.33229907;-0.00427259
3.34229907;-0.00427259
3.35229907;-0.00427259
3.36229907;0.08423109
3.37229907;0.08423109
3.38229907;0.08423109
3.39229907;-0.00427259
3.40229907;-0.00427259
3.41229907;0.08423109
3.42229907;0.08423109
3.43229907;-0.00427259
3.44229907;-0.00427259
3.45229907;-0.00427259
3.46229907;0.08423109
3.47229907;0.08423109
3.48229907;0.08423109
3.49229907;0.08423109
3.50229907;-0.00427259
3.51229907;0.08423109
3.52229907;-0.00427259
3.53229907;0.08423109
3.54229907;0.08423109
3.55229907;0.08423109
3.56229907;0.08423109
3.57229907;-0.00427259
3.58229907;0.08423109
3.59229907;0.08423109
3.60229907;0.08423109
3.61229907;0.08423109
3.62229907;-0.00427259
3.63229907;-0.00427259
3.64229907;-0.00427259
3.65229907;0.08423109
3.66229907;-0.00427259
3.67229907;-0.00427259
3.68229907;0.08423109
3.69229907;-0.00427259
3.70229907;-0.00427259
3.71229907;-0.00427259
3.72229907;0.08423109
3.73229907;0.08423109
3.74229907;0.08423109
3.75229907;-0.00427259
3.76229907;-0.00427259
3.77229907;-0.00427259
3.78229907;-0.00427259
3.79229907;0.08423109
3.80229907;-0.00427259
3.81229907;0.08423109
3.82229907;0.08423109
3.83229907;0.08423109
3.84229907;-0.00427259
3.85229907;-0.00427259
3.86229907;0.08423109
3.87229907;0.08423109
3.88229907;-0.00427259
3.89229907;-0.00427259
3.90229907;0.08423109
3.91229907;0.08423109
3.92229907;0.08423109
3.93229907;-0.00427259
3.94229907;0.08423109
3.95229907;-0.00427259
3.96229907;-0.00427259
3.97229907;0.08423109
3.98229907;-0.00427259
3.99229907;0.08423109
4.00229907;0.08423109
4.01229907;-0.00427259
4.02229907;-0.00427259
4.03229907;-0.00427259
4.04229907;-0.00427259
4.05229907;0.08423109
4.06229907;-0.00427259
4.07229907;-0.00427259
4.08229907;-0.00427259
4.09229906;-0.00427259
4.10229906;-0.00427259
4.11229906;0.08423109
4.12229906;0.08423109
4.13229906;-0.00427259
4.14229906;-0.00427259
4.15229906;0.08423109
4.16229906;0.08423109
4.17229906;-0.00427259
4.18229906;-0.00427259
4.19229906;0.08423109
4.20229906;-0.00427259
4.21229906;-0.00427259
4.22229906;-0.00427259
4.23229906;0.08423109
4.24229906;-0.00427259
4.25229906;-0.00427259
4.26229906;-0.00427259
4.27229906;-0.00427259
4.28229906;0.08423109
4.29229906;0.08423109
4.30229906;-0.00427259
4.31229906;-0.00427259
4.32229906;-0.00427259
4.33229906;-0.00427259
4.34229906;-0.00427259
4.35229906;-0.00427259
4.36229906;0.08423109
4.37229906;-0.00427259
4.38229906;-0.00427259
4.39229906;-0.00427259
4.40229906;0.08423109
4.41229906;-0.00427259
4.42229906;-0.00427259
4.43229906;-0.00427259
4.44229906;-0.00427259
4.45229906;-0.00427259
4.46229906;-0.00427259
4.47229906;-0.00427259
4.48229906;-0.00427259
4.49229906;-0.00427259
4.50229906;-0.00427259
4.51229906;-0.00427259
4.52229906;-0.00427259
4.53229906;0.08423109
4.54229906;0.08423109
4.55229906;-0.00427259
4.56229906;-0.00427259
4.57229906;-0.00427259
4.58229906;-0.00427259
4.59229906;-0.00427259
4.60229906;-0.00427259
4.61229906;-0.00427259
4.62229906;0.08423109
4.63229906;-0.00427259
4.64229906;-0.00427259
4.65229906;-0.00427259
4.66229906;0.08423109
4.67229906;-0.00427259
4.68229906;0.08423109
4.69229906;0.08423109
4.70229906;-0.00427259
4.71229906;-0.00427259
4.72229906;0.08423109
4.73229906;-0.00427259
4.74229906;0.08423109
4.75229906;-0.00427259
4.76229906;0.08423109
4.77229906;-0.00427259
4.78229906;-0.00427259
4.79229906;-0.00427259
4.80229906;0.08423109
4.81229906;-0.00427259
4.82229906;-0.00427259
4.83229906;-0.00427259
4.84229906;0.08423109
4.85229906;0.08423109
4.86229906;0.08423109
4.87229906;-0.00427259
4.88229906;-0.00427259
4.89229906;-0.00427259
4.90229906;-0.00427259
4.91229906;-0.00427259
4.92229906;-0.00427259
4.93229906;-0.00427259
4.94229906;-0.00427259
4.95229906;0.08423109
4.96229906;-0.00427259
4.97229906;-0.00427259
4.98229906;0.08423109
4.99229906;0.08423109
5.00229906;0.08423109
5.01229906;-0.00427259
5.02229906;-0.00427259
5.03229906;-0.00427259
5.04229906;-0.00427259
5.05229906;-0.00427259
5.06229906;-0.00427259
5.07229906;-0.00427259
5.08229906;-0.00427259
5.09229906;-0.00427259
5.10229906;-0.00427259
5.11229906;-0.00427259
5.12229906;-0.00427259
5.13229906;-0.00427259
5.14229906;-0.00427259
5.15229906;0.08423109
5.16229906;-0.00427259
5.17229906;-0.00427259
5.18229906;-0.00427259
5.19229906;-0.00427259
5.20229906;-0.00427259
5.21229906;-0.00427259
5.22229906;-0.00427259
5.23229906;-0.00427259
5.24229906;-0.00427259
5.25229906;-0.00427259
5.26229906;-0.00427259
5.27229906;-0.00427259
5.28229906;0.08423109
5.29229906;0.08423109
5.30229906;-0.00427259
5.31229906;-0.00427259
5.32229906;-0.00427259
5.33229906;-0.00427259
5.34229906;0.08423109
5.35229906;-0.00427259
5.36229906;0.08423109
5.37229906;-0.00427259
5.38229906;-0.00427259
5.39229906;-0.00427259
5.40229906;-0.00427259
5.41229906;-0.00427259
5.42229906;-0.00427259
5.43229906;-0.00427259
5.44229906;-0.00427259
5.45229906;-0.00427259
5.46229906;0.08423109
5.47229906;-0.00427259
5.48229906;-0.00427259
5.49229906;-0.00427259
5.50229906;-0.00427259
5.51229906;-0.00427259
5.52229906;-0.00427259
5.53229906;-0.00427259
5.54229906;-0.00427259
5.55229906;0.08423109
5.56229906;-0.00427259
5.57229906;-0.00427259
5.58229906;-0.00427259
5.59229906;0.08423109
5.60229906;-0.00427259
5.61229906;-0.00427259
5.62229906;-0.00427259
5.63229906;0.08423109
5.64229906;-0.00427259
5.65229906;-0.00427259
5.66229906;0.08423109
5.67229906;-0.00427259
5.68229906;0.08423109
5.69229906;-0.00427259
5.70229906;-0.00427259
5.71229906;-0.00427259
5.72229906;-0.00427259
5.73229905;0.08423109
5.74229905;0.08423109
5.75229905;-0.00427259
5.76229905;0.08423109
5.77229905;-0.00427259
5.78229905;-0.00427259
5.79229905;-0.00427259
5.80229905;-0.00427259
5.81229905;-0.00427259
5.82229905;-0.00427259
5.83229905;-0.00427259
5.84229905;-0.00427259
5.85229905;-0.00427259
5.86229905;0.08423109
5.87229905;-0.00427259
5.88229905;-0.00427259
5.89229905;-0.00427259
5.90229905;-0.00427259
5.91229905;-0.00427259
5.92229905;0.08423109
5.93229905;-0.00427259
5.94229905;-0.00427259
5.95229905;-0.00427259
5.96229905;-0.00427259
5.97229905;0.08423109
5.98229905;-0.00427259
5.99229905;0.08423109
6.00229905;-0.00427259
6.01229905;-0.00427259
6.02229905;-0.00427259
6.03229905;0.08423109
6.04229905;-0.00427259
6.05229905;-0.00427259
6.06229905;-0.00427259
6.07229905;-0.00427259
6.08229905;-0.00427259
6.09229905;0.08423109
6.10229905;-0.00427259
6.11229905;-0.00427259
6.12229905;-0.00427259
6.13229905;-0.00427259
6.14229905;-0.00427259
6.15229905;-0.00427259
6.16229905;-0.00427259
6.17229905;0.08423109
6.18229905;0.08423109
6.19229905;-0.00427259
6.20229905;-0.00427259
6.21229905;-0.00427259
6.22229905;0.08423109
6.23229905;-0.00427259
6.24229905;-0.00427259
6.25229905;-0.00427259
6.26229905;-0.00427259
6.27229905;-0.00427259
6.28229905;-0.00427259
6.29229905;-0.00427259
6.30229905;-0.00427259
6.31229905;0.08423109
6.32229905;-0.00427259
6.33229905;-0.00427259
6.34229905;-0.00427259
6.35229905;-0.00427259
6.36229905;-0.00427259
6.37229905;-0.00427259
6.38229905;-0.00427259
6.39229905;-0.00427259
6.40229905;-0.00427259
6.41229905;-0.00427259
6.42229905;-0.00427259
6.43229905;-0.00427259
6.44229905;-0.00427259
6.45229905;-0.00427259
6.46229905;-0.00427259
6.47229905;-0.00427259
6.48229905;-0.00427259
6.49229905;-0.00427259
6.50229905;-0.00427259
6.51229905;-0.00427259
6.52229905;-0.00427259
6.53229905;-0.00427259
6.54229905;-0.00427259
6.55229905;-0.00427259
6.56229905;-0.00427259
6.57229905;-0.00427259
6.58229905;-0.00427259
6.59229905;-0.00427259
6.60229905;0.08423109
6.61229905;-0.00427259
6.62229905;-0.00427259
6.63229905;-0.00427259
6.64229905;-0.00427259
6.65229905;0.08423109
6.66229905;-0.00427259
6.67229905;-0.00427259
6.68229905;-0.00427259
6.69229905;-0.00427259
6.70229905;-0.00427259
6.71229905;-0.00427259
6.72229905;0.08423109
6.73229905;-0.00427259
6.74229905;-0.00427259
6.75229905;-0.00427259
6.76229905;-0.00427259
6.77229905;-0.00427259
6.78229905;-0.00427259
6.79229905;-0.00427259
6.80229905;-0.00427259
6.81229905;-0.00427259
6.82229905;-0.00427259
6.83229905;-0.00427259
6.84229905;-0.00427259
6.85229905;-0.00427259
6.86229905;0.08423109
6.87229905;-0.00427259
6.88229905;-0.00427259
6.89229905;-0.00427259
6.90229905;-0.00427259
6.91229905;-0.00427259
6.92229905;-0.00427259
6.93229905;-0.00427259
6.94229905;-0.00427259
6.95229905;-0.00427259
6.96229905;-0.00427259
6.97229905;-0.00427259
6.98229905;-0.00427259
6.99229905;-0.00427259
7.00229905;-0.00427259
7.01229905;0.08423109
7.02229905;-0.00427259
7.03229905;-0.00427259
7.04229905;-0.00427259
7.05229905;-0.00427259
7.06229905;-0.00427259
7.07229905;-0.00427259
7.08229905;-0.00427259
7.09229905;-0.00427259
7.10229905;-0.00427259
7.11229905;-0.00427259
7.12229905;-0.00427259
7.13229905;-0.00427259
7.14229905;-0.00427259
7.15229905;-0.00427259
7.16229905;0.08423109
7.17229905;-0.00427259
7.18229905;-0.00427259
7.19229905;-0.00427259
7.20229905;-0.00427259
7.21229905;-0.00427259
7.22229905;-0.00427259
7.23229905;-0.00427259
7.24229905;-0.00427259
7.25229905;-0.00427259
7.26229905;-0.00427259
7.27229905;-0.00427259
7.28229905;-0.00427259
7.29229905;-0.00427259
7.30229905;-0.00427259
7.31229905;-0.00427259
7.32229905;-0.00427259
7.33229905;-0.00427259
7.34229905;-0.00427259
7.35229905;-0.00427259
7.36229905;0.08423109
7.37229905;-0.00427259
7.38229904;-0.00427259
7.39229904;-0.00427259
7.40229904;-0.00427259
7.41229904;-0.00427259
7.42229904;-0.00427259
7.43229904;-0.00427259
7.44229904;-0.00427259
7.45229904;-0.00427259
7.46229904;-0.00427259
7.47229904;-0.00427259
7.48229904;-0.00427259
7.49229904;-0.00427259
7.50229904;-0.00427259
7.51229904;-0.00427259
7.52229904;-0.00427259
7.53229904;-0.00427259
7.54229904;-0.00427259
7.55229904;-0.00427259
7.56229904;-0.00427259
7.57229904;-0.00427259
7.58229904;-0.00427259
7.59229904;0.08423109
7.60229904;-0.00427259
7.61229904;-0.00427259
7.62229904;-0.00427259
7.63229904;-0.00427259
7.64229904;-0.00427259
7.65229904;-0.00427259
7.66229904;-0.00427259
7.67229904;-0.00427259
7.68229904;-0.00427259
7.69229904;-0.00427259
7.70229904;-0.00427259
7.71229904;0.08423109
7.72229904;-0.00427259
7.73229904;0.08423109
7.74229904;-0.00427259
7.75229904;-0.00427259
7.76229904;-0.00427259
7.77229904;-0.00427259
7.78229904;0.08423109
7.79229904;-0.00427259
7.80229904;0.08423109
7.81229904;-0.00427259
7.82229904;-0.00427259
7.83229904;-0.00427259
7.84229904;-0.00427259
7.85229904;-0.00427259
7.86229904;-0.00427259
7.87229904;-0.00427259
7.88229904;-0.00427259
7.89229904;0.08423109
7.90229904;-0.00427259
7.91229904;-0.00427259
7.92229904;-0.00427259
7.93229904;-0.00427259
7.94229904;-0.00427259
7.95229904;-0.00427259
7.96229904;-0.00427259
7.97229904;-0.00427259
7.98229904;0.08423109
7.99229904;-0.00427259
8.00229904;-0.00427259
8.01229904;-0.00427259
8.02229904;-0.00427259
8.03229904;-0.00427259
8.04229904;-0.00427259
8.05229904;0.08423109
8.06229904;-0.00427259
8.07229904;-0.00427259
8.08229904;-0.00427259
8.09229904;0.08423109
8.10229904;-0.00427259
8.11229904;-0.00427259
8.12229904;-0.00427259
8.13229904;-0.00427259
8.14229904;-0.00427259
8.15229904;-0.00427259
8.16229904;-0.00427259
8.17229904;-0.00427259
8.18229904;-0.00427259
8.19229904;-0.00427259
8.20229904;-0.00427259
8.21229904;-0.00427259
8.22229904;-0.00427259
8.23229904;-0.00427259
8.24229904;0.08423109
8.25229904;-0.00427259
8.26229904;-0.00427259
8.27229904;-0.00427259
8.28229904;-0.00427259
8.29229904;-0.00427259
8.30229904;-0.00427259
8.31229904;-0.00427259
8.32229904;-0.00427259
8.33229904;-0.00427259
8.34229904;-0.00427259
8.35229904;-0.00427259
8.36229904;-0.00427259
8.37229904;0.08423109
8.38229904;-0.00427259
8.39229904;-0.00427259
8.40229904;-0.00427259
8.41229904;0.08423109
8.42229904;0.08423109
8.43229904;-0.00427259
8.44229904;-0.09277627
8.45229904;-0.09277627
8.46229904;-0.00427259
8.47229904;0.08423109
8.48229904;-0.00427259
8.49229904;-0.00427259
8.50229904;-0.00427259
8.51229904;-0.00427259
8.52229904;-0.00427259
8.53229904;-0.00427259
8.54229904;-0.00427259
8.55229904;0.08423109
8.56229904;0.08423109
8.57229904;-0.00427259
8.58229904;-0.09277627
8.59229904;-0.00427259
8.60229904;0.08423109
8.61229904;0.08423109
8.62229904;-0.00427259
8.63229904;-0.00427259
8.64229904;-0.00427259
8.65229904;-0.00427259
8.66229904;0.08423109
8.67229904;-0.00427259
8.68229904;-0.00427259
8.69229904;-0.00427259
8.70229904;-0.00427259
8.71229904;-0.00427259
8.72229904;0.08423109
8.73229904;-0.00427259
8.74229904;-0.00427259
8.75229904;-0.00427259
8.76229904;-0.00427259
8.77229904;-0.00427259
8.78229904;-0.00427259
8.79229904;-0.00427259
8.80229904;-0.00427259
8.81229904;-0.00427259
8.82229904;-0.00427259
8.83229904;-0.00427259
8.84229904;-0.00427259
8.85229904;-0.00427259
8.86229904;-0.00427259
8.87229904;-0.00427259
8.88229904;-0.00427259
8.89229904;-0.00427259
8.90229904;-0.00427259
8.91229904;-0.00427259
8.92229904;-0.00427259
8.93229904;-0.00427259
8.94229904;-0.00427259
8.95229904;-0.00427259
8.96229904;-0.00427259
8.97229904;-0.00427259
8.98229904;-0.00427259
8.99229904;0.08423109
9.00229904;-0.00427259
9.01229904;-0.00427259
9.02229903;-0.00427259
9.03229903;-0.00427259
9.04229903;-0.00427259
9.05229903;-0.00427259
9.06229903;-0.00427259
9.07229903;0.08423109
9.08229903;-0.00427259
9.09229903;-0.00427259
9.10229903;-0.00427259
9.11229903;-0.00427259
9.12229903;-0.00427259
9.13229903;-0.00427259
9.14229903;-0.00427259
9.15229903;-0.00427259
9.16229903;-0.00427259
9.17229903;-0.00427259
9.18229903;-0.00427259
9.19229903;-0.00427259
9.20229903;-0.00427259
9.21229903;0.08423109
9.22229903;0.08423109
9.23229903;-0.00427259
9.24229903;0.08423109
9.25229903;-0.00427259
9.26229903;-0.00427259
9.27229903;-0.00427259
9.28229903;0.08423109
9.29229903;-0.00427259
9.30229903;0.08423109
9.31229903;-0.00427259
9.32229903;-0.00427259
9.33229903;-0.00427259
9.34229903;0.08423109
9.35229903;-0.00427259
9.36229903;-0.00427259
9.37229903;-0.00427259
9.38229903;-0.00427259
9.39229903;-0.00427259
9.40229903;-0.00427259
9.41229903;0.08423109
9.42229903;-0.00427259
9.43229903;0.08423109
9.44229903;-0.00427259
9.45229903;-0.00427259
9.46229903;-0.00427259
9.47229903;-0.00427259
9.48229903;-0.00427259
9.49229903;0.08423109
9.50229903;-0.00427259
9.51229903;-0.00427259
9.52229903;-0.00427259
9.53229903;0.08423109
9.54229903;0.08423109
9.55229903;-0.00427259
9.56229903;-0.00427259
9.57229903;-0.00427259
9.58229903;-0.00427259
9.59229903;-0.00427259
9.60229903;0.08423109
9.61229903;-0.00427259
9.62229903;-0.00427259
9.63229903;-0.00427259
9.64229903;-0.00427259
9.65229903;-0.00427259
9.66229903;-0.00427259
9.67229903;-0.00427259
9.68229903;-0.00427259
9.69229903;-0.00427259
9.70229903;-0.00427259
9.71229903;-0.00427259
9.72229903;-0.00427259
9.73229903;-0.00427259
9.74229903;0.08423109
9.75229903;-0.00427259
9.76229903;-0.00427259
9.77229903;-0.00427259
9.78229903;-0.00427259
9.79229903;-0.00427259
9.80229903;-0.00427259
9.81229903;-0.00427259
9.82229903;-0.00427259
9.83229903;-0.00427259
9.84229903;0.08423109
9.85229903;-0.00427259
9.86229903;-0.00427259
9.87229903;-0.00427259
9.88229903;-0.00427259
9.89229903;-0.00427259
9.90229903;0.08423109
9.91229903;0.08423109
9.92229903;-0.00427259
9.93229903;-0.00427259
9.94229903;-0.00427259
9.95229903;-0.00427259
9.96229903;-0.00427259
9.97229903;-0.00427259
9.98229903;-0.00427259
9.99229903;-0.00427259
10.00229903;-0.00427259
10.01229903;-0.00427259
10.02229903;-0.00427259
10.03229903;-0.00427259
10.04229903;-0.00427259
10.05229903;-0.00427259
10.06229903;-0.00427259
10.07229903;-0.00427259
10.08229903;-0.00427259
10.09229903;-0.00427259
10.10229903;-0.00427259
10.11229903;-0.00427259
10.12229903;-0.00427259
10.13229903;-0.00427259
10.14229903;-0.00427259
10.15229903;-0.00427259
10.16229903;0.08423109
10.17229903;-0.00427259
10.18229903;-0.00427259
10.19229903;-0.00427259
10.20229903;-0.00427259
10.21229903;-0.00427259
10.22229903;-0.00427259
10.23229903;0.08423109
10.24229903;-0.00427259
10.25229903;-0.00427259
10.26229903;-0.00427259
10.27229903;-0.00427259
10.28229903;-0.00427259
10.29229903;-0.00427259
10.30229903;-0.00427259
10.31229903;-0.00427259
10.32229903;-0.00427259
10.33229903;0.08423109
10.34229903;-0.00427259
10.35229903;-0.00427259
10.36229903;0.08423109
10.37229903;-0.00427259
10.38229903;-0.00427259
10.39229903;-0.00427259
10.40229903;-0.00427259
10.41229903;0.08423109
10.42229903;0.08423109
10.43229903;-0.00427259
10.44229903;-0.00427259
10.45229903;-0.00427259
10.46229903;-0.00427259
10.47229903;-0.00427259
10.48229903;-0.00427259
10.49229903;-0.00427259
10.50229903;-0.00427259
10.51229903;-0.00427259
10.52229903;-0.00427259
10.53229903;-0.00427259
10.54229903;-0.00427259
10.55229903;-0.00427259
10.56229903;-0.00427259
10.57229903;0.08423109
10.58229903;-0.00427259
10.59229903;-0.00427259
10.60229903;-0.00427259
10.61229903;0.08423109
10.62229903;-0.00427259
10.63229903;-0.00427259
10.64229903;-0.00427259
10.65229903;-0.00427259
10.66229903;-0.00427259
10.67229902;-0.00427259
10.68229902;0.08423109
10.69229902;-0.00427259
10.70229902;-0.00427259
10.71229902;-0.00427259
10.72229902;-0.00427259
10.73229902;0.08423109
10.74229902;-0.00427259
10.75229902;-0.00427259
10.76229902;-0.00427259
10.77229902;-0.00427259
10.78229902;0.08423109
10.79229902;0.08423109
10.80229902;-0.00427259
10.81229902;-0.00427259
10.82229902;0.08423109
10.83229902;-0.00427259
10.84229902;0.08423109
10.85229902;-0.00427259
10.86229902;0.08423109
10.87229902;-0.00427259
10.88229902;-0.00427259
10.89229902;-0.00427259
10.90229902;0.08423109
10.91229902;-0.00427259
10.92229902;0.08423109
10.93229902;-0.00427259
10.94229902;-0.00427259
10.95229902;-0.00427259
10.96229902;0.08423109
10.97229902;-0.00427259
10.98229902;-0.00427259
10.99229902;-0.00427259
11.00229902;-0.00427259
11.01229902;-0.00427259
11.02229902;-0.00427259
11.03229902;0.08423109
11.04229902;-0.00427259
11.05229902;-0.00427259
11.06229902;0.08423109
11.07229902;-0.00427259
11.08229902;-0.00427259
11.09229902;-0.00427259
11.10229902;-0.00427259
11.11229902;-0.00427259
11.12229902;-0.00427259
11.13229902;-0.00427259
11.14229902;-0.00427259
11.15229902;-0.00427259
11.16229902;0.08423109
11.17229902;-0.00427259
11.18229902;-0.00427259
11.19229902;-0.00427259
11.20229902;-0.00427259
11.21229902;-0.00427259
11.22229902;0.08423109
11.23229902;-0.00427259
11.24229902;-0.00427259
11.25229902;-0.00427259
11.26229902;-0.00427259
11.27229902;-0.00427259
11.28229902;0.08423109
11.29229902;-0.00427259
11.30229902;-0.00427259
11.31229902;-0.00427259
11.32229902;-0.00427259
11.33229902;-0.00427259
11.34229902;-0.00427259
11.35229902;-0.00427259
11.36229902;-0.00427259
11.37229902;-0.00427259
11.38229902;0.08423109
11.39229902;-0.00427259
11.40229902;-0.00427259
11.41229902;-0.00427259
11.42229902;-0.00427259
11.43229902;-0.00427259
11.44229902;0.08423109
11.45229902;-0.00427259
11.46229902;-0.00427259
11.47229902;-0.00427259
11.48229902;-0.00427259
11.49229902;-0.00427259
11.50229902;-0.00427259
11.51229902;-0.00427259
11.52229902;-0.00427259
11.53229902;-0.00427259
11.54229902;-0.00427259
11.55229902;-0.00427259
11.56229902;-0.00427259
11.57229902;0.08423109
11.58229902;-0.00427259
11.59229902;-0.00427259
11.60229902;-0.00427259
11.61229902;0.08423109
11.62229902;-0.00427259
11.63229902;-0.00427259
11.64229902;-0.00427259
11.65229902;-0.00427259
11.66229902;-0.00427259
11.67229902;-0.00427259
11.68229902;-0.00427259
11.69229902;-0.00427259
11.70229902;-0.00427259
11.71229902;0.08423109
11.72229902;0.08423109
11.73229902;-0.00427259
11.74229902;-0.00427259
11.75229902;0.08423109
11.76229902;-0.00427259
11.77229902;-0.00427259
11.78229902;0.08423109
11.79229902;0.08423109
11.80229902;0.08423109
11.81229902;-0.00427259
11.82229902;-0.00427259
11.83229902;-0.00427259
11.84229902;-0.00427259
11.85229902;-0.00427259
11.86229902;0.08423109
11.87229902;-0.00427259
11.88229902;0.08423109
11.89229902;-0.00427259
11.90229902;-0.00427259
11.91229902;-0.00427259
11.92229902;0.08423109
11.93229902;-0.00427259
11.94229902;-0.00427259
11.95229902;-0.00427259
11.96229902;-0.00427259
11.97229902;-0.00427259
11.98229902;-0.00427259
11.99229902;0.08423109
12.00229902;-0.00427259
12.01229902;-0.00427259
12.02229902;-0.00427259
12.03229902;-0.00427259
12.04229902;-0.00427259
12.05229902;-0.00427259
12.06229902;0.08423109
12.07229902;-0.00427259
12.08229902;-0.00427259
12.09229902;-0.00427259
12.10229902;0.08423109
12.11229902;-0.00427259
12.12229902;-0.00427259
12.13229902;-0.00427259
12.14229902;-0.00427259
12.15229902;-0.00427259
12.16229902;0.08423109
12.17229902;0.08423109
12.18229902;-0.00427259
12.19229902;-0.00427259
12.20229902;-0.00427259
12.21229902;-0.00427259
12.22229902;-0.00427259
12.23229902;-0.00427259
12.24229902;-0.00427259
12.25229902;-0.00427259
12.26229902;-0.00427259
12.27229902;-0.00427259
12.28229902;-0.00427259
12.29229902;-0.00427259
12.30229902;-0.00427259
12.31229901;-0.00427259
12.32229901;-0.00427259
12.33229901;-0.00427259
12.34229901;-0.00427259
12.35229901;-0.00427259
12.36229901;-0.00427259
12.37229901;-0.00427259
12.38229901;-0.00427259
12.39229901;-0.00427259
12.40229901;-0.00427259
12.41229901;0.08423109
12.42229901;-0.00427259
12.43229901;-0.00427259
12.44229901;-0.00427259
12.45229901;-0.00427259
12.46229901;-0.00427259
12.47229901;-0.00427259
12.48229901;-0.00427259
12.49229901;-0.00427259
12.50229901;-0.00427259
12.51229901;-0.00427259
12.52229901;0.08423109
12.53229901;-0.00427259
12.54229901;-0.00427259
12.55229901;-0.00427259
12.56229901;0.08423109
12.57229901;-0.00427259
12.58229901;-0.00427259
12.59229901;-0.00427259
12.60229901;-0.00427259
12.61229901;-0.00427259
12.62229901;-0.00427259
12.63229901;-0.00427259
12.64229901;-0.00427259
12.65229901;-0.00427259
12.66229901;-0.00427259
12.67229901;-0.00427259
12.68229901;-0.00427259
12.69229901;-0.00427259
12.70229901;-0.00427259
12.71229901;-0.00427259
12.72229901;-0.00427259
12.73229901;-0.00427259
12.74229901;-0.00427259
12.75229901;-0.00427259
12.76229901;-0.00427259
12.77229901;-0.00427259
12.78229901;-0.00427259
12.79229901;0.08423109
12.80229901;-0.00427259
12.81229901;-0.00427259
12.82229901;-0.00427259
12.83229901;-0.00427259
12.84229901;-0.00427259
12.85229901;-0.00427259
12.86229901;-0.00427259
12.87229901;-0.00427259
12.88229901;-0.00427259
12.89229901;-0.00427259
12.90229901;-0.00427259
12.91229901;0.08423109
12.92229901;-0.00427259
12.93229901;-0.00427259
12.94229901;-0.00427259
12.95229901;-0.00427259
12.96229901;-0.00427259
12.97229901;-0.00427259
12.98229901;-0.00427259
12.99229901;-0.00427259
13.00229901;-0.00427259
13.01229901;-0.00427259
13.02229901;-0.00427259
13.03229901;-0.00427259
13.04229901;0.08423109
13.05229901;0.08423109
13.06229901;-0.00427259
13.07229901;-0.00427259
13.08229901;-0.00427259
13.09229901;-0.00427259
13.10229901;0.08423109
13.11229901;-0.00427259
13.12229901;-0.00427259
13.13229901;-0.00427259
13.14229901;-0.00427259
13.15229901;0.08423109
13.16229901;-0.00427259
13.17229901;-0.00427259
13.18229901;-0.00427259
13.19229901;-0.00427259
13.20229901;-0.00427259
13.21229901;0.08423109
13.22229901;0.08423109
13.23229901;-0.00427259
13.24229901;-0.00427259
13.25229901;0.08423109
13.26229901;-0.00427259
13.27229901;-0.00427259
13.28229901;-0.00427259
13.29229901;-0.00427259
13.30229901;0.08423109
13.31229901;-0.00427259
13.32229901;-0.00427259
13.33229901;-0.00427259
13.34229901;-0.00427259
13.35229901;-0.00427259
13.36229901;0.08423109
13.37229901;-0.00427259
13.38229901;-0.00427259
13.39229901;-0.00427259
13.40229901;0.08423109
13.41229901;-0.00427259
13.42229901;-0.00427259
13.43229901;-0.00427259
13.44229901;-0.00427259
13.45229901;-0.00427259
13.46229901;0.08423109
13.47229901;-0.00427259
13.48229901;-0.00427259
13.49229901;-0.00427259
13.50229901;-0.00427259
13.51229901;-0.00427259
13.52229901;0.08423109
13.53229901;0.08423109
13.54229901;-0.00427259
13.55229901;0.08423109
13.56229901;-0.00427259
13.57229901;-0.00427259
13.58229901;-0.00427259
13.59229901;-0.00427259
13.60229901;-0.00427259
13.61229901;0.08423109
13.62229901;-0.00427259
13.63229901;-0.00427259
13.64229901;-0.00427259
13.65229901;-0.00427259
13.66229901;-0.00427259
13.67229901;-0.00427259
13.68229901;-0.00427259
13.69229901;-0.00427259
13.70229901;-0.00427259
13.71229901;-0.00427259
13.72229901;-0.00427259
13.73229901;0.08423109
13.74229901;-0.00427259
13.75229901;-0.00427259
13.76229901;-0.00427259
13.77229901;0.08423109
13.78229901;0.08423109
13.79229901;0.08423109
13.80229901;-0.00427259
13.81229901;-0.00427259
13.82229901;-0.00427259
13.83229901;-0.00427259
13.84229901;-0.00427259
13.85229901;-0.00427259
13.86229901;0.08423109
13.87229901;-0.00427259
13.88229901;-0.00427259
13.89229901;-0.00427259
13.90229901;-0.00427259
13.91229901;-0.00427259
13.92229901;-0.00427259
13.93229901;-0.00427259
13.94229901;0.08423109
13.95229901;-0.00427259
13.96229900;-0.00427259
13.97229900;0.08423109
13.98229900;0.08423109
13.99229900;-0.00427259
14.00229900;-0.00427259
14.01229900;-0.00427259
14.02229900;-0.00427259
14.03229900;-0.00427259
14.04229900;-0.00427259
14.05229900;-0.00427259
14.06229900;-0.00427259
14.07229900;-0.00427259
14.08229900;-0.00427259
14.09229900;0.08423109
14.10229900;-0.00427259
14.11229900;0.08423109
14.12229900;-0.00427259
14.13229900;-0.00427259
14.14229900;-0.00427259
14.15229900;0.08423109
14.16229900;-0.00427259
14.17229900;-0.00427259
14.18229900;-0.00427259
14.19229900;-0.00427259
14.20229900;-0.00427259
14.21229900;-0.00427259
14.22229900;-0.00427259
14.23229900;-0.00427259
14.24229900;-0.00427259
14.25229900;-0.00427259
14.26229900;-0.00427259
14.27229900;-0.00427259
14.28229900;-0.00427259
14.29229900;-0.00427259
14.30229900;0.08423109
14.31229900;-0.00427259
14.32229900;-0.00427259
14.33229900;-0.00427259
14.34229900;-0.00427259
14.35229900;0.08423109
14.36229900;-0.00427259
14.37229900;-0.00427259
14.38229900;-0.00427259
14.39229900;-0.00427259
14.40229900;0.08423109
14.41229900;0.08423109
14.42229900;0.08423109
14.43229900;-0.00427259
14.44229900;-0.09277627
14.45229900;-0.00427259
14.46229900;0.08423109
14.47229900;-0.00427259
14.48229900;-0.00427259
14.49229900;-0.00427259
14.50229900;-0.00427259
14.51229900;-0.00427259
14.52229900;0.08423109
14.53229900;0.08423109
14.54229900;-0.00427259
14.55229900;0.08423109
14.56229900;-0.00427259
14.57229900;-0.00427259
14.58229900;-0.09277627
14.59229900;-0.00427259
14.60229900;0.08423109
14.61229900;0.08423109
14.62229900;-0.00427259
14.63229900;-0.00427259
14.64229900;-0.00427259
14.65229900;0.08423109
14.66229900;0.08423109
14.67229900;0.08423109
14.68229900;-0.00427259
14.69229900;-0.00427259
14.70229900;-0.00427259
14.71229900;-0.00427259
14.72229900;0.08423109
14.73229900;-0.00427259
14.74229900;-0.00427259
14.75229900;-0.00427259
14.76229900;-0.00427259
14.77229900;-0.00427259
14.78229900;-0.00427259
14.79229900;0.08423109
14.80229900;-0.00427259
14.81229900;-0.00427259
14.82229900;-0.00427259
14.83229900;-0.00427259
14.84229900;-0.00427259
14.85229900;-0.00427259
14.86229900;0.08423109
14.87229900;-0.00427259
14.88229900;-0.00427259
14.89229900;-0.00427259
14.90229900;0.08423109
14.91229900;-0.00427259
14.92229900;0.08423109
14.93229900;-0.00427259
14.94229900;-0.00427259
14.95229900;0.08423109
14.96229900;-0.00427259
14.97229900;-0.00427259
14.98229900;-0.00427259
14.99229900;-0.00427259
15.00229900;-0.00427259
15.01229900;-0.00427259
15.02229900;-0.00427259
15.03229900;-0.00427259
15.04229900;0.08423109
15.05229900;0.08423109
15.06229900;-0.00427259
15.07229900;-0.00427259
15.08229900;-0.00427259
15.09229900;-0.00427259
15.10229900;0.08423109
15.11229900;-0.00427259
15.12229900;-0.00427259
15.13229900;-0.00427259
15.14229900;-0.00427259
15.15229900;-0.00427259
15.16229900;-0.00427259
15.17229900;-0.00427259
15.18229900;-0.00427259
15.19229900;-0.00427259
15.20229900;-0.00427259
15.21229900;-0.00427259
15.22229900;0.08423109
15.23229900;0.08423109
15.24229900;-0.00427259
15.25229900;-0.00427259
15.26229900;-0.00427259
15.27229900;-0.00427259
15.28229900;-0.00427259
15.29229900;-0.00427259
15.30229900;-0.00427259
15.31229900;0.08423109
15.32229900;-0.00427259
15.33229900;-0.00427259
15.34229900;-0.00427259
15.35229900;-0.00427259
15.36229900;-0.00427259
15.37229900;-0.00427259
15.38229900;-0.00427259
15.39229900;-0.00427259
15.40229900;0.08423109
15.41229900;-0.00427259
15.42229900;-0.00427259
15.43229900;-0.00427259
15.44229900;-0.00427259
15.45229900;-0.00427259
15.46229900;-0.00427259
15.47229900;-0.00427259
15.48229900;0.08423109
15.49229900;-0.00427259
15.50229900;-0.00427259
15.51229900;-0.00427259
15.52229900;0.08423109
15.53229900;-0.00427259
15.54229900;-0.00427259
15.55229900;0.08423109
15.56229900;-0.00427259
15.57229900;-0.00427259
15.58229900;-0.00427259
15.59229900;-0.00427259
15.60229899;-0.00427259
15.61229899;-0.00427259
15.62229899;0.08423109
15.63229899;-0.00427259
15.64229899;-0.00427259
15.65229899;-0.00427259
15.66229899;0.08423109
15.67229899;-0.00427259
15.68229899;0.08423109
15.69229899;-0.00427259
15.70229899;-0.00427259
15.71229899;-0.00427259
15.72229899;-0.00427259
15.73229899;-0.00427259
15.74229899;-0.00427259
15.75229899;-0.00427259
15.76229899;-0.00427259
15.77229899;-0.00427259
15.78229899;-0.00427259
15.79229899;-0.00427259
15.80229899;0.08423109
15.81229899;-0.00427259
15.82229899;-0.00427259
15.83229899;-0.00427259
15.84229899;0.08423109
15.85229899;-0.00427259
15.86229899;0.08423109
15.87229899;-0.00427259
15.88229899;-0.00427259
15.89229899;-0.00427259
15.90229899;-0.00427259
15.91229899;-0.00427259
15.92229899;-0.00427259
15.93229899;0.08423109
15.94229899;-0.00427259
15.95229899;-0.00427259
15.96229899;0.08423109
15.97229899;-0.00427259
15.98229899;-0.00427259
15.99229899;-0.00427259
16.00229899;-0.00427259
16.01229899;-0.00427259
16.02229899;-0.00427259
16.03229899;-0.00427259
16.04229899;0.08423109
16.05229899;-0.00427259
16.06229899;-0.00427259
16.07229899;-0.00427259
16.08229899;-0.00427259
16.09229899;-0.00427259
16.10229899;-0.00427259
16.11229899;-0.00427259
16.12229899;-0.00427259
16.13229899;-0.00427259
16.14229899;-0.00427259
16.15229899;-0.00427259
16.16229899;-0.00427259
16.17229899;-0.00427259
16.18229899;0.08423109
16.19229899;-0.00427259
16.20229899;-0.00427259
16.21229899;-0.00427259
16.22229899;-0.00427259
16.23229899;-0.00427259
16.24229899;-0.00427259
16.25229899;-0.00427259
16.26229899;-0.00427259
16.27229899;-0.00427259
16.28229899;-0.00427259
16.29229899;-0.00427259
16.30229899;0.08423109
16.31229899;-0.00427259
16.32229899;-0.00427259
16.33229899;-0.00427259
16.34229899;-0.00427259
16.35229899;-0.00427259
16.36229899;-0.00427259
16.37229899;-0.00427259
16.38229899;-0.00427259
16.39229899;-0.00427259
16.40229899;-0.00427259
16.41229899;0.08423109
16.42229899;-0.00427259
16.43229899;-0.00427259
16.44229899;0.08423109
16.45229899;-0.00427259
16.46229899;-0.00427259
16.47229899;-0.00427259
16.48229899;-0.00427259
16.49229899;-0.00427259
16.50229899;-0.00427259
16.51229899;-0.00427259
16.52229899;-0.00427259
16.53229899;-0.00427259
16.54229899;-0.00427259
16.55229899;0.08423109
16.56229899;-0.00427259
16.57229899;-0.00427259
16.58229899;-0.00427259
16.59229899;-0.00427259
16.60229899;0.08423109
16.61229899;0.08423109
16.62229899;-0.00427259
16.63229899;-0.00427259
16.64229899;-0.00427259
16.65229899;-0.00427259
16.66229899;0.08423109
16.67229899;-0.00427259
16.68229899;-0.00427259
16.69229899;-0.00427259
16.70229899;-0.00427259
16.71229899;-0.00427259
16.72229899;-0.00427259
16.73229899;-0.00427259
16.74229899;-0.00427259
16.75229899;-0.00427259
16.76229899;-0.00427259
16.77229899;-0.00427259
16.78229899;-0.00427259
16.79229899;-0.00427259
16.80229899;0.08423109
16.81229899;-0.00427259
16.82229899;-0.00427259
16.83229899;-0.00427259
16.84229899;-0.00427259
16.85229899;-0.00427259
16.86229899;0.08423109
16.87229899;-0.00427259
16.88229899;-0.00427259
16.89229899;-0.00427259
16.90229899;-0.00427259
16.91229899;0.08423109
16.92229899;0.08423109
16.93229899;-0.00427259
16.94229899;-0.00427259
16.95229899;-0.00427259
16.96229899;-0.00427259
16.97229899;-0.00427259
16.98229899;-0.00427259
16.99229899;-0.00427259
17.00229899;-0.00427259
17.01229899;-0.00427259
17.02229899;-0.00427259
17.03229899;-0.00427259
17.04229899;-0.00427259
17.05229899;0.08423109
17.06229899;-0.00427259
17.07229899;-0.00427259
17.08229899;-0.00427259
17.09229899;0.08423109
17.10229899;-0.00427259
17.11229899;0.08423109
17.12229899;-0.00427259
17.13229899;-0.00427259
17.14229899;-0.00427259
17.15229899;-0.00427259
17.16229899;0.08423109
17.17229899;0.08423109
17.18229899;-0.00427259
17.19229899;-0.00427259
17.20229899;-0.00427259
17.21229899;-0.00427259
17.22229899;0.08423109
17.23229899;0.08423109
17.24229899;-0.00427259
17.25229898;-0.00427259
17.26229898;-0.00427259
17.27229898;-0.00427259
17.28229898;0.08423109
17.29229898;-0.00427259
17.30229898;0.08423109
17.31229898;-0.00427259
17.32229898;-0.00427259
17.33229898;-0.00427259
17.34229898;-0.00427259
17.35229898;-0.00427259
17.36229898;-0.00427259
17.37229898;-0.00427259
17.38229898;0.08423109
17.39229898;-0.00427259
17.40229898;-0.00427259
17.41229898;-0.00427259
17.42229898;0.08423109
17.43229898;-0.00427259
17.44229898;0.08423109
17.45229898;-0.00427259
17.46229898;-0.00427259
17.47229898;0.08423109
17.48229898;-0.00427259
17.49229898;-0.00427259
17.50229898;-0.00427259
17.51229898;-0.00427259
17.52229898;-0.00427259
17.53229898;-0.00427259
17.54229898;-0.00427259
17.55229898;0.08423109
17.56229898;-0.00427259
17.57229898;-0.00427259
17.58229898;-0.00427259
17.59229898;-0.00427259
17.60229898;-0.00427259
17.61229898;0.08423109
17.62229898;-0.00427259
17.63229898;-0.00427259
17.64229898;-0.00427259
17.65229898;-0.00427259
17.66229898;-0.00427259
17.67229898;-0.00427259
17.68229898;-0.00427259
17.69229898;-0.00427259
17.70229898;-0.00427259
17.71229898;-0.00427259
17.72229898;-0.00427259
17.73229898;-0.00427259
17.74229898;0.08423109
17.75229898;-0.00427259
17.76229898;-0.00427259
17.77229898;-0.00427259
17.78229898;-0.00427259
17.79229898;-0.00427259
17.80229898;0.08423109
17.81229898;-0.00427259
17.82229898;0.08423109
17.83229898;-0.00427259
17.84229898;-0.00427259
17.85229898;0.08423109
17.86229898;-0.00427259
17.87229898;-0.00427259
17.88229898;-0.00427259
17.89229898;-0.00427259
17.90229898;-0.00427259
17.91229898;-0.00427259
17.92229898;-0.00427259
17.93229898;0.08423109
17.94229898;-0.00427259
17.95229898;-0.00427259
17.96229898;-0.00427259
17.97229898;-0.00427259
17.98229898;-0.00427259
17.99229898;-0.00427259
18.00229898;-0.00427259
18.01229898;-0.00427259
18.02229898;-0.00427259
18.03229898;-0.00427259
18.04229898;0.08423109
18.05229898;0.08423109
18.06229898;-0.00427259
18.07229898;-0.00427259
18.08229898;-0.00427259
18.09229898;-0.00427259
18.10229898;0.08423109
18.11229898;-0.00427259
18.12229898;-0.00427259
18.13229898;-0.00427259
18.14229898;-0.00427259
18.15229898;-0.00427259
18.16229898;0.08423109
18.17229898;0.08423109
18.18229898;-0.00427259
18.19229898;-0.00427259
18.20229898;-0.00427259
18.21229898;-0.00427259
18.22229898;-0.00427259
18.23229898;-0.00427259
18.24229898;-0.00427259
18.25229898;-0.00427259
18.26229898;-0.00427259
18.27229898;-0.00427259
18.28229898;-0.00427259
18.29229898;-0.00427259
18.30229898;-0.00427259
18.31229898;-0.00427259
18.32229898;-0.00427259
18.33229898;-0.00427259
18.34229898;-0.00427259
18.35229898;-0.00427259
18.36229898;-0.00427259
18.37229898;-0.00427259
18.38229898;-0.00427259
18.39229898;-0.00427259
18.40229898;-0.00427259
18.41229898;-0.00427259
18.42229898;-0.00427259
18.43229898;-0.00427259
18.44229898;-0.00427259
18.45229898;-0.00427259
18.46229898;-0.00427259
18.47229898;-0.00427259
18.48229898;-0.00427259
18.49229898;-0.00427259
18.50229898;-0.00427259
18.51229898;-0.00427259
18.52229898;0.08423109
18.53229898;-0.00427259
18.54229898;-0.00427259
18.55229898;-0.00427259
18.56229898;-0.00427259
18.57229898;-0.00427259
18.58229898;-0.00427259
18.59229898;-0.00427259
18.60229898;-0.00427259
18.61229898;0.08423109
18.62229898;-0.00427259
18.63229898;-0.00427259
18.64229898;-0.00427259
18.65229898;0.08423109
18.66229898;-0.00427259
18.67229898;-0.00427259
18.68229898;-0.00427259
18.69229898;-0.00427259
18.70229898;-0.00427259
18.71229898;-0.00427259
18.72229898;-0.00427259
18.73229898;-0.00427259
18.74229898;-0.00427259
18.75229898;-0.00427259
18.76229898;-0.00427259
18.77229898;-0.00427259
18.78229898;-0.00427259
18.79229898;0.08423109
18.80229898;-0.00427259
18.81229898;-0.00427259
18.82229898;-0.00427259
18.83229898;-0.00427259
18.84229898;-0.00427259
18.85229898;-0.00427259
18.86229898;-0.00427259
18.87229898;-0.00427259
18.88229898;-0.00427259
18.89229898;-0.00427259
18.90229897;-0.00427259
18.91229897;-0.00427259
18.92229897;-0.00427259
18.93229897;-0.00427259
18.94229897;-0.00427259
18.95229897;-0.00427259
18.96229897;-0.00427259
18.97229897;-0.00427259
18.98229897;-0.00427259
18.99229897;-0.00427259
19.00229897;-0.00427259
19.01229897;-0.00427259
19.02229897;-0.00427259
19.03229897;0.08423109
19.04229897;0.08423109
19.05229897;-0.00427259
19.06229897;-0.00427259
19.07229897;-0.00427259
19.08229897;-0.00427259
19.09229897;-0.00427259
19.10229897;-0.00427259
19.11229897;-0.00427259
19.12229897;-0.00427259
19.13229897;-0.00427259
19.14229897;-0.00427259
19.15229897;-0.00427259
19.16229897;-0.00427259
19.17229897;-0.00427259
19.18229897;-0.00427259
19.19229897;-0.00427259
19.20229897;-0.00427259
19.21229897;-0.00427259
19.22229897;-0.00427259
19.23229897;-0.00427259
19.24229897;-0.00427259
19.25229897;-0.00427259
19.26229897;-0.00427259
19.27229897;-0.00427259
19.28229897;-0.00427259
19.29229897;0.08423109
19.30229897;-0.00427259
19.31229897;-0.00427259
19.32229897;-0.00427259
19.33229897;-0.00427259
19.34229897;-0.00427259
19.35229897;-0.00427259
19.36229897;-0.00427259
19.37229897;-0.00427259
19.38229897;-0.00427259
19.39229897;-0.00427259
19.40229897;-0.00427259
19.41229897;-0.00427259
19.42229897;-0.00427259
19.43229897;-0.00427259
19.44229897;-0.00427259
19.45229897;-0.00427259
19.46229897;-0.00427259
19.47229897;-0.00427259
19.48229897;-0.00427259
19.49229897;-0.00427259
19.50229897;-0.00427259
19.51229897;-0.00427259
19.52229897;-0.00427259
19.53229897;-0.00427259
19.54229897;0.08423109
19.55229897;0.08423109
19.56229897;-0.00427259
19.57229897;-0.00427259
19.58229897;-0.00427259
19.59229897;-0.00427259
19.60229897;0.08423109
19.61229897;0.08423109
19.62229897;-0.00427259
19.63229897;-0.00427259
19.64229897;-0.00427259
19.65229897;-0.00427259
19.66229897;0.08423109
19.67229897;-0.00427259
19.68229897;-0.00427259
19.69229897;-0.00427259
19.70229897;-0.00427259
19.71229897;-0.00427259
19.72229897;-0.00427259
19.73229897;-0.00427259
19.74229897;-0.00427259
19.75229897;-0.00427259
19.76229897;-0.00427259
19.77229897;-0.00427259
19.78229897;-0.00427259
19.79229897;-0.00427259
19.80229897;-0.00427259
19.81229897;-0.00427259
19.82229897;-0.00427259
19.83229897;-0.00427259
19.84229897;-0.00427259
19.85229897;-0.00427259
19.86229897;0.08423109
19.87229897;-0.00427259
19.88229897;-0.00427259
19.89229897;-0.00427259
19.90229897;-0.00427259
19.91229897;0.08423109
19.92229897;-0.00427259
19.93229897;-0.00427259
19.94229897;-0.00427259
19.95229897;-0.00427259
19.96229897;-0.00427259
19.97229897;-0.00427259
19.98229897;0.08423109
19.99229897;-0.00427259
20.00229897;-0.00427259
20.01229897;-0.00427259
20.02229897;-0.00427259
20.03229897;-0.00427259
20.04229897;0.08423109
20.05229897;-0.00427259
20.06229897;-0.00427259
20.07229897;-0.00427259
20.08229897;-0.00427259
20.09229897;-0.00427259
20.10229897;-0.00427259
20.11229897;-0.00427259
20.12229897;-0.00427259
20.13229897;-0.00427259
20.14229897;-0.00427259
20.15229897;0.08423109
20.16229897;0.08423109
20.17229897;-0.00427259
20.18229897;-0.00427259
20.19229897;-0.00427259
20.20229897;-0.00427259
20.21229897;-0.00427259
20.22229897;-0.00427259
20.23229897;-0.00427259
20.24229897;-0.00427259
20.25229897;-0.00427259
20.26229897;-0.00427259
20.27229897;-0.00427259
20.28229897;-0.00427259
20.29229897;0.08423109
20.30229897;-0.00427259
20.31229897;-0.00427259
20.32229897;-0.00427259
20.33229897;-0.00427259
20.34229897;-0.00427259
20.35229897;-0.00427259
20.36229897;-0.00427259
20.37229897;-0.00427259
20.38229897;-0.00427259
20.39229897;-0.00427259
20.40229897;-0.00427259
20.41229897;0.08423109
20.42229897;0.08423109
20.43229897;-0.00427259
20.44229897;-0.09277627
20.45229897;-0.00427259
20.46229897;0.08423109
20.47229897;0.08423109
20.48229897;-0.00427259
20.49229897;-0.00427259
20.50229897;-0.00427259
20.51229897;-0.00427259
20.52229897;-0.00427259
20.53229897;-0.00427259
20.54229896;-0.00427259
20.55229896;0.08423109
20.56229896;-0.00427259
20.57229896;-0.00427259
20.58229896;-0.00427259
20.59229896;-0.09277627
20.60229896;-0.00427259
20.61229896;0.08423109
20.62229896;0.08423109
20.63229896;-0.00427259
20.64229896;-0.00427259
20.65229896;-0.00427259
20.66229896;0.08423109
20.67229896;-0.00427259
20.68229896;-0.00427259
20.69229896;-0.00427259
20.70229896;-0.00427259
20.71229896;-0.00427259
20.72229896;-0.00427259
20.73229896;0.08423109
20.74229896;-0.00427259
20.75229896;-0.00427259
20.76229896;-0.00427259
20.77229896;-0.00427259
20.78229896;-0.00427259
20.79229896;-0.00427259
20.80229896;-0.00427259
20.81229896;-0.00427259
20.82229896;-0.00427259
20.83229896;-0.00427259
20.84229896;-0.00427259
20.85229896;-0.00427259
20.86229896;0.08423109
20.87229896;-0.00427259
20.88229896;-0.00427259
20.89229896;-0.00427259
20.90229896;0.08423109
20.91229896;-0.00427259
20.92229896;-0.00427259
20.93229896;0.08423109
20.94229896;0.08423109
20.95229896;-0.00427259
20.96229896;-0.00427259
20.97229896;-0.00427259
20.98229896;0.08423109
20.99229896;0.08423109
21.00229896;-0.00427259
21.01229896;-0.00427259
21.02229896;-0.00427259
21.03229896;-0.00427259
21.04229896;-0.00427259
21.05229896;-0.00427259
21.06229896;0.08423109
21.07229896;-0.00427259
21.08229896;-0.00427259
21.09229896;-0.00427259
21.10229896;-0.00427259
21.11229896;-0.00427259
21.12229896;-0.00427259
21.13229896;-0.00427259
21.14229896;-0.00427259
21.15229896;-0.00427259
21.16229896;-0.00427259
21.17229896;-0.00427259
21.18229896;-0.00427259
21.19229896;0.08423109
21.20229896;-0.00427259
21.21229896;-0.00427259
21.22229896;-0.00427259
21.23229896;-0.00427259
21.24229896;-0.00427259
21.25229896;-0.00427259
21.26229896;-0.00427259
21.27229896;-0.00427259
21.28229896;0.08423109
21.29229896;-0.00427259
21.30229896;-0.00427259
21.31229896;-0.00427259
21.32229896;-0.00427259
21.33229896;-0.00427259
21.34229896;-0.00427259
21.35229896;0.08423109
21.36229896;-0.00427259
21.37229896;-0.00427259
21.38229896;-0.00427259
21.39229896;-0.00427259
21.40229896;-0.00427259
21.41229896;-0.00427259
21.42229896;-0.00427259
21.43229896;-0.00427259
21.44229896;-0.00427259
21.45229896;-0.00427259
21.46229896;0.08423109
21.47229896;-0.00427259
21.48229896;-0.00427259
21.49229896;-0.00427259
21.50229896;-0.00427259
21.51229896;-0.00427259
21.52229896;-0.00427259
21.53229896;-0.00427259
21.54229896;-0.00427259
21.55229896;-0.00427259
21.56229896;-0.00427259
21.57229896;-0.00427259
21.58229896;-0.00427259
21.59229896;-0.00427259
21.60229896;-0.00427259
21.61229896;-0.00427259
21.62229896;-0.00427259
21.63229896;-0.00427259
21.64229896;-0.00427259
21.65229896;0.08423109
21.66229896;-0.00427259
21.67229896;-0.00427259
21.68229896;0.08423109
21.69229896;-0.00427259
21.70229896;-0.00427259
21.71229896;-0.00427259
21.72229896;-0.00427259
21.73229896;-0.00427259
21.74229896;-0.00427259
21.75229896;-0.00427259
21.76229896;-0.00427259
21.77229896;-0.00427259
21.78229896;-0.00427259
21.79229896;0.08423109
21.80229896;-0.00427259
21.81229896;-0.00427259
21.82229896;-0.00427259
21.83229896;-0.00427259
21.84229896;-0.00427259
21.85229896;-0.00427259
21.86229896;0.08423109
21.87229896;-0.00427259
21.88229896;-0.00427259
21.89229896;-0.00427259
21.90229896;-0.00427259
21.91229896;-0.00427259
21.92229896;-0.00427259
21.93229896;0.08423109
21.94229896;-0.00427259
21.95229896;-0.00427259
21.96229896;-0.00427259
21.97229896;0.08423109
21.98229896;-0.00427259
21.99229896;-0.00427259
22.00229896;-0.00427259
22.01229896;-0.00427259
22.02229896;-0.00427259
22.03229896;0.08423109
22.04229896;-0.00427259
22.05229896;-0.00427259
22.06229896;-0.00427259
22.07229896;0.08423109
22.08229896;-0.00427259
22.09229896;-0.00427259
22.10229896;-0.00427259
22.11229896;-0.00427259
22.12229896;-0.00427259
22.13229896;-0.00427259
22.14229896;-0.00427259
22.15229896;-0.00427259
22.16229896;-0.00427259
22.17229896;-0.00427259
22.18229896;-0.00427259
22.19229895;-0.00427259
22.20229895;-0.00427259
22.21229895;-0.00427259
22.22229895;-0.00427259
22.23229895;-0.00427259
22.24229895;-0.00427259
22.25229895;-0.00427259
22.26229895;-0.00427259
22.27229895;0.08423109
22.28229895;-0.00427259
22.29229895;-0.00427259
22.30229895;-0.00427259
22.31229895;-0.00427259
22.32229895;-0.00427259
22.33229895;-0.00427259
22.34229895;-0.00427259
22.35229895;-0.00427259
22.36229895;-0.00427259
22.37229895;-0.00427259
22.38229895;-0.00427259
22.39229895;-0.00427259
22.40229895;-0.00427259
22.41229895;-0.00427259
22.42229895;-0.00427259
22.43229895;-0.00427259
22.44229895;-0.00427259
22.45229895;-0.00427259
22.46229895;-0.00427259
22.47229895;0.08423109
22.48229895;-0.00427259
22.49229895;0.08423109
22.50229895;-0.00427259
22.51229895;-0.00427259
22.52229895;-0.00427259
22.53229895;-0.00427259
22.54229895;-0.00427259
22.55229895;-0.00427259
22.56229895;0.08423109
22.57229895;-0.00427259
22.58229895;-0.00427259
22.59229895;-0.00427259
22.60229895;-0.00427259
22.61229895;-0.00427259
22.62229895;0.08423109
22.63229895;-0.00427259
22.64229895;-0.00427259
22.65229895;-0.00427259
22.66229895;0.08423109
22.67229895;-0.00427259
22.68229895;-0.00427259
22.69229895;-0.00427259
22.70229895;-0.00427259
22.71229895;-0.00427259
22.72229895;-0.00427259
22.73229895;-0.00427259
22.74229895;-0.00427259
22.75229895;-0.00427259
22.76229895;-0.00427259
22.77229895;-0.00427259
22.78229895;-0.00427259
22.79229895;-0.00427259
22.80229895;-0.00427259
22.81229895;-0.00427259
22.82229895;-0.00427259
22.83229895;-0.00427259
22.84229895;-0.00427259
22.85229895;-0.00427259
22.86229895;-0.00427259
22.87229895;-0.00427259
22.88229895;-0.00427259
22.89229895;-0.00427259
22.90229895;-0.00427259
22.91229895;-0.00427259
22.92229895;-0.00427259
22.93229895;-0.00427259
22.94229895;-0.00427259
22.95229895;-0.00427259
22.96229895;0.08423109
22.97229895;0.08423109
22.98229895;0.08423109
22.99229895;-0.00427259
23.00229895;-0.00427259
23.01229895;-0.00427259
23.02229895;-0.00427259
23.03229895;-0.00427259
23.04229895;-0.00427259
23.05229895;-0.00427259
23.06229895;-0.00427259
23.07229895;-0.00427259
23.08229895;-0.00427259
23.09229895;-0.00427259
23.10229895;-0.00427259
23.11229895;0.08423109
23.12229895;-0.00427259
23.13229895;-0.00427259
23.14229895;0.08423109
23.15229895;-0.00427259
23.16229895;0.08423109
23.17229895;-0.00427259
23.18229895;-0.00427259
23.19229895;-0.00427259
23.20229895;0.08423109
23.21229895;-0.00427259
23.22229895;-0.00427259
23.23229895;-0.00427259
23.24229895;-0.00427259
23.25229895;-0.00427259
23.26229895;-0.00427259
23.27229895;-0.00427259
23.28229895;0.08423109
23.29229895;-0.00427259
23.30229895;-0.00427259
23.31229895;0.08423109
23.32229895;-0.00427259
23.33229895;-0.00427259
23.34229895;-0.00427259
23.35229895;-0.00427259
23.36229895;-0.00427259
23.37229895;-0.00427259
23.38229895;-0.00427259
23.39229895;-0.00427259
23.40229895;-0.00427259
23.41229895;-0.00427259
23.42229895;-0.00427259
23.43229895;-0.00427259
23.44229895;-0.00427259
23.45229895;-0.00427259
23.46229895;-0.00427259
23.47229895;0.08423109
23.48229895;-0.00427259
23.49229895;0.08423109
23.50229895;-0.00427259
23.51229895;-0.00427259
23.52229895;-0.00427259
23.53229895;0.08423109
23.54229895;-0.00427259
23.55229895;-0.00427259
23.56229895;-0.00427259
23.57229895;0.08423109
23.58229895;-0.00427259
23.59229895;-0.00427259
23.60229895;-0.00427259
23.61229895;-0.00427259
23.62229895;-0.00427259
23.63229895;-0.00427259
23.64229895;-0.00427259
23.65229895;-0.00427259
23.66229895;0.08423109
23.67229895;-0.00427259
23.68229895;-0.00427259
23.69229895;-0.00427259
23.70229895;-0.00427259
23.71229895;-0.00427259
23.72229895;-0.00427259
23.73229895;-0.00427259
23.74229895;-0.00427259
23.75229895;-0.00427259
23.76229895;-0.00427259
23.77229895;-0.00427259
23.78229895;-0.00427259
23.79229895;-0.00427259
23.80229895;0.08423109
23.81229895;-0.00427259
23.82229895;-0.00427259
23.83229894;-0.00427259
23.84229894;-0.00427259
23.85229894;-0.00427259
23.86229894;0.08423109
23.87229894;-0.00427259
23.88229894;-0.00427259
23.89229894;-0.00427259
23.90229894;-0.00427259
23.91229894;0.08423109
23.92229894;-0.00427259
23.93229894;-0.00427259
23.94229894;0.08423109
23.95229894;-0.00427259
23.96229894;-0.00427259
23.97229894;0.08423109
23.98229894;0.08423109
23.99229894;-0.00427259
24.00229894;-0.00427259
24.01229894;-0.00427259
24.02229894;-0.00427259
24.03229894;-0.00427259
24.04229894;-0.00427259
24.05229894;0.08423109
24.06229894;-0.00427259
24.07229894;-0.00427259
24.08229894;-0.00427259
24.09229894;0.08423109
24.10229894;-0.00427259
24.11229894;-0.00427259
24.12229894;-0.00427259
24.13229894;-0.00427259
24.14229894;-0.00427259
24.15229894;-0.00427259
24.16229894;-0.00427259
24.17229894;-0.00427259
24.18229894;-0.00427259
24.19229894;-0.00427259
24.20229894;-0.00427259
24.21229894;-0.00427259
24.22229894;-0.00427259
24.23229894;-0.00427259
24.24229894;-0.00427259
24.25229894;-0.00427259
24.26229894;-0.00427259
24.27229894;-0.00427259
24.28229894;-0.00427259
24.29229894;0.08423109
24.30229894;-0.00427259
24.31229894;-0.00427259
24.32229894;-0.00427259
24.33229894;-0.00427259
24.34229894;-0.00427259
24.35229894;-0.00427259
24.36229894;-0.00427259
24.37229894;-0.00427259
24.38229894;-0.00427259
24.39229894;-0.00427259
24.40229894;-0.00427259
24.41229894;-0.00427259
24.42229894;0.08423109
24.43229894;-0.00427259
24.44229894;-0.00427259
24.45229894;-0.00427259
24.46229894;0.08423109
24.47229894;-0.00427259
24.48229894;0.08423109
24.49229894;-0.00427259
24.50229894;0.08423109
24.51229894;-0.00427259
24.52229894;-0.00427259
24.53229894;-0.00427259
24.54229894;0.08423109
24.55229894;0.08423109
24.56229894;-0.00427259
24.57229894;-0.00427259
24.58229894;-0.00427259
24.59229894;0.08423109
24.60229894;0.08423109
24.61229894;0.08423109
24.62229894;-0.00427259
24.63229894;-0.00427259
24.64229894;-0.00427259
24.65229894;-0.00427259
24.66229894;-0.00427259
24.67229894;-0.00427259
24.68229894;-0.00427259
24.69229894;-0.00427259
24.70229894;-0.00427259
24.71229894;0.08423109
24.72229894;0.08423109
24.73229894;0.08423109
24.74229894;0.08423109
24.75229894;-0.00427259
24.76229894;-0.00427259
24.77229894;0.08423109
24.78229894;-0.00427259
24.79229894;-0.00427259
24.80229894;-0.00427259
24.81229894;-0.00427259
24.82229894;-0.00427259
24.83229894;-0.00427259
24.84229894;-0.00427259
24.85229894;0.08423109
24.86229894;0.08423109
24.87229894;-0.00427259
24.88229894;-0.00427259
24.89229894;-0.00427259
24.90229894;-0.00427259
24.91229894;-0.00427259
24.92229894;0.08423109
24.93229894;-0.00427259
24.94229894;-0.00427259
24.95229894;-0.00427259
24.96229894;0.08423109
24.97229894;-0.00427259
24.98229894;-0.00427259
24.99229894;0.08423109
25.00229894;-0.00427259
