Time,Channel A

-0.00134100,1.92327642
-0.00070100,1.74687946
-0.00006100,1.39469588
0.00057900,1.04190195
0.00121900,0.86550492
0.00185900,0.51332134
0.00249900,0.33692434
0.00313900,-0.01525925
0.00377900,-0.36744285
0.00441900,-0.54383981
0.00505900,-0.89602345
0.00569900,-1.24881744
0.00633900,-1.60100102
0.00697900,-1.77739799
0.00761900,-1.95379496
0.00825900,-2.30597854
0.00889900,-2.65877247
0.00953900,-3.01095605
0.01017900,-3.18735313
0.01081900,-3.54014707
0.01145900,-3.71593380
0.01209900,-4.06872749
0.01273900,-4.24512482
0.01337900,-4.59730816
0.01401900,-4.77370548
0.01465900,-5.12588882
0.01529900,-5.47868299
0.01593900,-5.65507984
0.01657900,-5.83086634
0.01721900,-6.00726318
0.01785900,-6.18366051
0.01849900,-6.53584385
0.01913900,-6.71224117
0.01977900,-6.88863802
0.02041900,-7.24082136
0.02105900,-7.41721869
0.02169900,-7.41721869
0.02233900,-7.59361553
0.02297900,-7.77001238
0.02361900,-7.94579935
0.02425900,-8.12219620
0.02489900,-8.12219620
0.02553900,-8.29859352
0.02617900,-8.47498989
0.02681900,-8.47498989
0.02745900,-8.65077686
0.02809900,-8.65077686
0.02873900,-8.65077686
0.02937900,-8.82717323
0.03001900,-8.82717323
0.03065900,-8.82717323
0.03129900,-8.82717323
0.03193900,-8.82717323
0.03257900,-8.82717323
0.03321900,-8.82717323
0.03385900,-8.82717323
0.03449900,-8.82717323
0.03513900,-8.82717323
0.03577900,-8.82717323
0.03641900,-8.65077686
0.03705900,-8.65077686
0.03769900,-8.47498989
0.03833900,-8.47498989
0.03897900,-8.29859352
0.03961900,-8.29859352
0.04025900,-8.12219620
0.04089900,-7.94579935
0.04153900,-7.94579935
0.04217900,-7.77001238
0.04281900,-7.59361553
0.04345900,-7.41721869
0.04409900,-7.24082136
0.04473900,-7.24082136
0.04537900,-7.06503487
0.04601900,-6.71224117
0.04665900,-6.53584385
0.04729900,-6.36005735
0.04793900,-6.18366051
0.04857900,-6.00726318
0.04921900,-5.83086634
0.04985900,-5.47868299
0.05049900,-5.30228567
0.05113900,-5.12588882
0.05177900,-4.95010233
0.05241900,-4.77370548
0.05305900,-4.42091131
0.05369900,-4.42091131
0.05433900,-4.06872749
0.05497900,-3.89233065
0.05561900,-3.71593380
0.05625900,-3.36375022
0.05689900,-3.18735313
0.05753900,-3.01095605
0.05817900,-2.83516955
0.05881900,-2.48237562
0.05945900,-2.48237562
0.06009900,-2.13019204
0.06073900,-1.95379496
0.06137900,-1.77739799
0.06201900,-1.60100102
0.06265900,-1.42521441
0.06329900,-1.07242048
0.06393900,-1.07242048
0.06457900,-0.89602345
0.06521900,-0.72023684
0.06585900,-0.54383981
0.06649900,-0.36744285
0.06713900,-0.19104587
0.06777900,0.16052736
0.06841900,0.16052736
0.06905900,0.33692434
0.06969900,0.51332134
0.07033900,0.51332134
0.07097900,0.68971831
0.07161900,0.68971831
0.07225900,0.86550492
0.07289900,1.04190195
0.07353900,1.04190195
0.07417900,1.21829891
0.07481900,1.21829891
0.07545900,1.39469588
0.07609900,1.39469588
0.07673900,1.39469588
0.07737900,1.39469588
0.07801900,1.57048249
0.07865900,1.57048249
0.07929900,1.57048249
0.07993900,1.57048249
0.08057900,1.57048249
0.08121900,1.57048249
0.08185900,1.57048249
0.08249900,1.57048249
0.08313900,1.57048249
0.08377900,1.57048249
0.08441900,1.57048249
0.08505900,1.39469588
0.08569900,1.39469588
0.08633900,1.21829891
0.08697900,1.21829891
0.08761900,1.21829891
0.08825900,1.04190195
0.08889900,1.04190195
0.08953900,1.04190195
0.09017900,0.86550492
0.09081900,0.86550492
0.09145900,0.68971831
0.09209900,0.51332134
0.09273900,0.51332134
0.09337900,0.51332134
0.09401900,0.33692434
0.09465900,0.33692434
0.09529900,0.16052736
0.09593900,0.16052736
0.09657900,-0.01525925
0.09721900,-0.19104587
0.09785900,-0.19104587
0.09849900,-0.36744285
0.09913900,-0.36744285
0.09977900,-0.54383981
0.10041900,-0.54383981
0.10105900,-0.72023684
0.10169900,-0.89602345
0.10233900,-0.89602345
0.10297900,-0.89602345
0.10361900,-1.07242048
0.10425900,-1.07242048
0.10489900,-1.24881744
0.10553900,-1.24881744
0.10617900,-1.24881744
0.10681900,-1.42521441
0.10745900,-1.60100102
0.10809900,-1.60100102
0.10873900,-1.60100102
0.10937900,-1.77739799
0.11001900,-1.60100102
0.11065900,-1.77739799
0.11129900,-1.77739799
0.11193900,-1.77739799
0.11257900,-1.77739799
0.11321900,-1.77739799
0.11385900,-1.77739799
0.11449900,-1.77739799
0.11513900,-1.77739799
0.11577900,-1.77739799
0.11641900,-1.77739799
0.11705900,-1.77739799
0.11769900,-1.60100102
0.11833900,-1.60100102
0.11897900,-1.60100102
0.11961900,-1.42521441
0.12025900,-1.42521441
0.12089900,-1.24881744
0.12153900,-1.24881744
0.12217900,-1.07242048
0.12281900,-0.89602345
0.12345900,-0.89602345
0.12409900,-0.89602345
0.12473900,-0.54383981
0.12537900,-0.36744285
0.12601900,-0.36744285
0.12665900,-0.19104587
0.12729900,-0.19104587
0.12793900,0.16052736
0.12857900,0.33692434
0.12921900,0.33692434
0.12985900,0.51332134
0.13049900,0.68971831
0.13113900,1.04190195
0.13177900,1.04190195
0.13241900,1.21829891
0.13305900,1.57048249
0.13369900,1.74687946
0.13433900,1.92327642
0.13497900,2.09967351
0.13561900,2.27546000
0.13625900,2.45185709
0.13689900,2.62825394
0.13753900,2.80465102
0.13817900,3.15683460
0.13881900,3.15683460
0.13945900,3.50962853
0.14009900,3.68541527
0.14073900,3.86181211
0.14137900,4.03820896
0.14201900,4.39039278
0.14265900,4.56678963
0.14329900,4.74318695
0.14393900,4.91958380
0.14457900,5.09537029
0.14521900,5.27176714
0.14585900,5.44816446
0.14649900,5.62456131
0.14713900,5.97674465
0.14777900,5.97674465
0.14841900,6.15314198
0.14905900,6.32953882
0.14969900,6.50532532
0.15033900,6.68172264
0.15097900,6.85811949
0.15161900,7.03451633
0.15225900,7.21030283
0.15289900,7.21030283
0.15353900,7.38670015
0.15417900,7.38670015
0.15481900,7.56309700
0.15545900,7.73949385
0.15609900,7.73949385
0.15673900,7.73949385
0.15737900,7.91528082
0.15801900,7.91528082
0.15865900,8.09167767
0.15929900,8.09167767
0.15993900,8.09167767
0.16057900,8.09167767
0.16121900,8.26807499
0.16185900,8.09167767
0.16249900,8.26807499
0.16313900,8.09167767
0.16377900,8.09167767
0.16441900,8.09167767
0.16505900,8.09167767
0.16569900,8.09167767
0.16633900,8.09167767
0.16697900,7.91528082
0.16761900,7.73949385
0.16825900,7.73949385
0.16889900,7.73949385
0.16953900,7.56309700
0.17017900,7.38670015
0.17081900,7.38670015
0.17145900,7.21030283
0.17209900,7.21030283
0.17273900,6.85811949
0.17337900,6.85811949
0.17401900,6.68172264
0.17465900,6.50532532
0.17529900,6.32953882
0.17593900,5.97674465
0.17657900,5.97674465
0.17721900,5.80034781
0.17785900,5.44816446
0.17849900,5.44816446
0.17913900,5.09537029
0.17977900,4.91958380
0.18041900,4.74318695
0.18105900,4.56678963
0.18169900,4.21460629
0.18233900,4.03820896
0.18297900,3.86181211
0.18361900,3.68541527
0.18425900,3.33323169
0.18489900,3.15683460
0.18553900,2.98043752
0.18617900,2.62825394
0.18681900,2.45185709
0.18745900,2.09967351
0.18809900,1.92327642
0.18873900,1.57048249
0.18937900,1.57048249
0.19001900,1.21829891
0.19065900,0.86550492
0.19129900,0.51332134
0.19193900,0.33692434
0.19257900,0.16052736
0.19321900,-0.19104587
0.19385900,-0.36744285
0.19449900,-0.54383981
0.19513900,-0.89602345
0.19577900,-1.07242048
0.19641900,-1.24881744
0.19705900,-1.42521441
0.19769900,-1.60100102
0.19833900,-1.77739799
0.19897900,-2.13019204
0.19961900,-2.30597854
0.20025900,-2.48237562
0.20089900,-2.65877247
0.20153900,-2.83516955
0.20217900,-3.01095605
0.20281900,-3.01095605
0.20345900,-3.36375022
0.20409900,-3.36375022
0.20473900,-3.54014707
0.20537900,-3.71593380
0.20601900,-3.89233065
0.20665900,-3.89233065
0.20729900,-4.06872749
0.20793900,-4.06872749
0.20857900,-4.24512482
0.20921900,-4.42091131
0.20985900,-4.42091131
0.21049900,-4.42091131
0.21113900,-4.59730816
0.21177900,-4.59730816
0.21241900,-4.77370548
0.21305900,-4.77370548
0.21369900,-4.77370548
0.21433900,-4.77370548
0.21497900,-4.95010233
0.21561900,-4.95010233
0.21625900,-4.77370548
0.21689900,-4.95010233
0.21753900,-4.77370548
0.21817900,-4.77370548
0.21881900,-4.77370548
0.21945900,-4.77370548
0.22009900,-4.77370548
0.22073900,-4.77370548
0.22137900,-4.59730816
0.22201900,-4.59730816
0.22265900,-4.42091131
0.22329900,-4.42091131
0.22393900,-4.42091131
0.22457900,-4.42091131
0.22521900,-4.24512482
0.22585900,-4.06872749
0.22649900,-4.06872749
0.22713900,-3.89233065
0.22777900,-3.89233065
0.22841900,-3.71593380
0.22905900,-3.71593380
0.22969900,-3.54014707
0.23033900,-3.54014707
0.23097900,-3.36375022
0.23161900,-3.18735313
0.23225900,-3.01095605
0.23289900,-3.18735313
0.23353900,-3.01095605
0.23417900,-2.83516955
0.23481900,-2.83516955
0.23545900,-2.65877247
0.23609900,-2.48237562
0.23673900,-2.48237562
0.23737900,-2.30597854
0.23801900,-2.13019204
0.23865900,-2.13019204
0.23929900,-1.95379496
0.23993900,-1.95379496
0.24057900,-1.77739799
0.24121900,-1.60100102
0.24185900,-1.60100102
0.24249900,-1.60100102
0.24313900,-1.42521441
0.24377900,-1.24881744
0.24441900,-1.24881744
0.24505900,-1.24881744
0.24569900,-1.07242048
0.24633900,-1.07242048
0.24697900,-0.89602345
0.24761900,-0.89602345
0.24825900,-0.89602345
0.24889900,-0.89602345
0.24953900,-0.72023684
0.25017900,-0.72023684
0.25081900,-0.72023684
0.25145900,-0.72023684
0.25209900,-0.72023684
0.25273900,-0.54383981
0.25337900,-0.54383981
0.25401900,-0.72023684
0.25465900,-0.72023684
0.25529900,-0.72023684
0.25593900,-0.72023684
0.25657900,-0.72023684
0.25721900,-0.72023684
0.25785900,-0.89602345
0.25849900,-0.72023684
0.25913900,-0.89602345
0.25977900,-0.89602345
0.26041900,-0.89602345
0.26105900,-0.89602345
0.26169900,-1.07242048
0.26233900,-1.07242048
0.26297900,-1.24881744
0.26361900,-1.42521441
0.26425900,-1.42521441
0.26489900,-1.42521441
0.26553900,-1.60100102
0.26617900,-1.60100102
0.26681900,-1.77739799
0.26745900,-1.77739799
0.26809900,-1.95379496
0.26873900,-1.95379496
0.26937900,-2.13019204
0.27001900,-2.30597854
0.27065900,-2.30597854
0.27129900,-2.48237562
0.27193900,-2.48237562
0.27257900,-2.65877247
0.27321900,-2.83516955
0.27385900,-2.83516955
0.27449900,-3.01095605
0.27513900,-3.18735313
0.27577900,-3.18735313
0.27641900,-3.36375022
0.27705900,-3.36375022
0.27769900,-3.54014707
0.27833900,-3.71593380
0.27897900,-3.71593380
0.27961900,-3.89233065
0.28025900,-3.89233065
0.28089900,-4.06872749
0.28153900,-4.24512482
0.28217900,-4.24512482
0.28281900,-4.42091131
0.28345900,-4.42091131
0.28409900,-4.59730816
0.28473900,-4.59730816
0.28537900,-4.77370548
0.28601900,-4.77370548
0.28665900,-4.77370548
0.28729900,-4.95010233
0.28793900,-4.95010233
0.28857900,-4.95010233
0.28921900,-5.12588882
0.28985900,-5.12588882
0.29049900,-5.12588882
0.29113900,-5.12588882
0.29177900,-5.12588882
0.29241900,-5.12588882
0.29305900,-5.12588882
0.29369900,-5.12588882
0.29433900,-5.12588882
0.29497900,-5.12588882
0.29561900,-5.12588882
0.29625900,-5.12588882
0.29689900,-4.95010233
0.29753900,-4.95010233
0.29817900,-4.77370548
0.29881900,-4.77370548
0.29945900,-4.77370548
0.30009900,-4.59730816
0.30073900,-4.59730816
0.30137900,-4.42091131
0.30201900,-4.42091131
0.30265900,-4.24512482
0.30329900,-4.06872749
0.30393900,-3.89233065
0.30457900,-3.89233065
0.30521900,-3.71593380
0.30585900,-3.54014707
0.30649900,-3.36375022
0.30713900,-3.36375022
0.30777900,-3.18735313
0.30841900,-3.01095605
0.30905900,-2.83516955
0.30969900,-2.48237562
0.31033900,-2.48237562
0.31097900,-2.30597854
0.31161900,-1.95379496
0.31225900,-1.95379496
0.31289900,-1.77739799
0.31353900,-1.42521441
0.31417900,-1.24881744
0.31481900,-1.07242048
0.31545900,-0.72023684
0.31609900,-0.54383981
0.31673900,-0.36744285
0.31737900,-0.19104587
0.31801900,-0.01525925
0.31865900,0.33692434
0.31929900,0.51332134
0.31993900,0.68971831
0.32057900,0.86550492
0.32121900,1.21829891
0.32185900,1.39469588
0.32249900,1.57048249
0.32313900,1.74687946
0.32377900,1.92327642
0.32441900,2.27546000
0.32505900,2.45185709
0.32569900,2.62825394
0.32633900,2.98043752
0.32697900,3.15683460
0.32761900,3.33323169
0.32825900,3.50962853
0.32889900,3.68541527
0.32953900,4.03820896
0.33017900,4.03820896
0.33081900,4.39039278
0.33145900,4.56678963
0.33209900,4.74318695
0.33273900,4.91958380
0.33337900,4.91958380
0.33401900,5.09537029
0.33465900,5.27176714
0.33529900,5.44816446
0.33593900,5.62456131
0.33657900,5.80034781
0.33721900,5.80034781
0.33785900,5.97674465
0.33849900,6.15314198
0.33913900,6.15314198
0.33977900,6.32953882
0.34041900,6.32953882
0.34105900,6.50532532
0.34169900,6.50532532
0.34233900,6.50532532
0.34297900,6.68172264
0.34361900,6.68172264
0.34425900,6.68172264
0.34489900,6.85811949
0.34553900,6.85811949
0.34617900,6.85811949
0.34681900,6.85811949
0.34745900,6.85811949
0.34809900,6.85811949
0.34873900,6.85811949
0.34937900,6.85811949
0.35001900,6.85811949
0.35065900,6.85811949
0.35129900,6.68172264
0.35193900,6.68172264
0.35257900,6.68172264
0.35321900,6.50532532
0.35385900,6.50532532
0.35449900,6.50532532
0.35513900,6.32953882
0.35577900,6.32953882
0.35641900,6.15314198
0.35705900,5.97674465
0.35769900,5.97674465
0.35833900,5.97674465
0.35897900,5.80034781
0.35961900,5.62456131
0.36025900,5.44816446
0.36089900,5.44816446
0.36153900,5.27176714
0.36217900,5.27176714
0.36281900,5.09537029
0.36345900,4.74318695
0.36409900,4.74318695
0.36473900,4.56678963
0.36537900,4.39039278
0.36601900,4.21460629
0.36665900,4.03820896
0.36729900,3.86181211
0.36793900,3.86181211
0.36857900,3.86181211
0.36921900,3.50962853
0.36985900,3.33323169
0.37049900,3.15683460
0.37113900,2.98043752
0.37177900,2.80465102
0.37241900,2.62825394
0.37305900,2.62825394
0.37369900,2.45185709
0.37433900,2.27546000
0.37497900,2.09967351
0.37561900,1.92327642
0.37625900,1.74687946
0.37689900,1.74687946
0.37753900,1.57048249
0.37817900,1.39469588
0.37881900,1.21829891
0.37945900,1.21829891
0.38009900,1.04190195
0.38073900,0.86550492
0.38137900,0.86550492
0.38201900,0.68971831
0.38265900,0.51332134
0.38329900,0.33692434
0.38393900,0.33692434
0.38457900,0.33692434
0.38521900,0.16052736
0.38585900,0.16052736
0.38649900,-0.01525925
0.38713900,-0.01525925
0.38777900,-0.19104587
0.38841900,-0.19104587
0.38905900,-0.36744285
0.38969900,-0.36744285
0.39033900,-0.36744285
0.39097900,-0.36744285
0.39161900,-0.54383981
0.39225900,-0.54383981
0.39289900,-0.54383981
0.39353900,-0.54383981
0.39417900,-0.54383981
0.39481900,-0.54383981
0.39545900,-0.54383981
0.39609900,-0.54383981
0.39673900,-0.54383981
0.39737900,-0.54383981
0.39801900,-0.54383981
0.39865900,-0.54383981
0.39929900,-0.54383981
0.39993900,-0.54383981
0.40057900,-0.36744285
0.40121900,-0.36744285
0.40185900,-0.36744285
0.40249900,-0.36744285
0.40313900,-0.36744285
0.40377900,-0.19104587
0.40441900,-0.19104587
0.40505900,-0.19104587
0.40569900,-0.19104587
0.40633900,-0.19104587
0.40697900,-0.19104587
0.40761900,-0.01525925
0.40825900,-0.01525925
0.40889900,0.16052736
0.40953900,0.16052736
0.41017900,0.16052736
0.41081900,0.33692434
0.41145900,0.33692434
0.41209900,0.33692434
0.41273900,0.51332134
0.41337900,0.51332134
0.41401900,0.68971831
0.41465900,0.68971831
0.41529900,0.68971831
0.41593900,0.86550492
0.41657900,0.86550492
0.41721900,0.86550492
0.41785900,1.04190195
0.41849900,1.04190195
0.41913900,1.04190195
0.41977900,1.04190195
0.42041900,1.21829891
0.42105900,1.21829891
0.42169900,1.21829891
0.42233900,1.21829891
0.42297900,1.21829891
0.42361900,1.21829891
0.42425900,1.39469588
0.42489900,1.39469588
0.42553900,1.39469588
0.42617900,1.39469588
0.42681900,1.21829891
0.42745900,1.39469588
0.42809900,1.39469588
0.42873900,1.21829891
0.42937900,1.39469588
0.43001900,1.21829891
0.43065900,1.21829891
0.43129900,1.21829891
0.43193900,1.21829891
0.43257900,1.21829891
0.43321900,1.21829891
0.43385900,1.04190195
0.43449900,0.86550492
0.43513900,0.86550492
0.43577900,0.86550492
0.43641900,0.68971831
0.43705900,0.51332134
0.43769900,0.51332134
0.43833900,0.51332134
0.43897900,0.33692434
0.43961900,0.33692434
0.44025900,0.16052736
0.44089900,-0.01525925
0.44153900,-0.01525925
0.44217900,-0.19104587
0.44281900,-0.36744285
0.44345900,-0.36744285
0.44409900,-0.54383981
0.44473900,-0.72023684
0.44537900,-0.89602345
0.44601900,-1.07242048
0.44665900,-1.07242048
0.44729900,-1.24881744
0.44793900,-1.42521441
0.44857900,-1.60100102
0.44921900,-1.77739799
0.44985900,-1.77739799
0.45049900,-1.95379496
0.45113900,-2.13019204
0.45177900,-2.30597854
0.45241900,-2.48237562
0.45305900,-2.65877247
0.45369900,-2.83516955
0.45433900,-3.01095605
0.45497900,-3.01095605
0.45561900,-3.18735313
0.45625900,-3.36375022
0.45689900,-3.54014707
0.45753900,-3.71593380
0.45817900,-3.89233065
0.45881900,-3.89233065
0.45945900,-4.06872749
0.46009900,-4.24512482
0.46073900,-4.42091131
0.46137900,-4.59730816
0.46201900,-4.77370548
0.46265900,-4.77370548
0.46329900,-5.12588882
0.46393900,-5.12588882
0.46457900,-5.30228567
0.46521900,-5.47868299
0.46585900,-5.47868299
0.46649900,-5.47868299
0.46713900,-5.83086634
0.46777900,-5.83086634
0.46841900,-5.83086634
0.46905900,-6.00726318
0.46969900,-6.00726318
0.47033900,-6.00726318
0.47097900,-6.18366051
0.47161900,-6.18366051
0.47225900,-6.18366051
0.47289900,-6.36005735
0.47353900,-6.36005735
0.47417900,-6.53584385
0.47481900,-6.53584385
0.47545900,-6.53584385
0.47609900,-6.53584385
0.47673900,-6.53584385
0.47737900,-6.53584385
0.47801900,-6.53584385
0.47865900,-6.53584385
0.47929900,-6.36005735
0.47993900,-6.36005735
0.48057900,-6.36005735
0.48121900,-6.36005735
0.48185900,-6.36005735
0.48249900,-6.18366051
0.48313900,-6.18366051
0.48377900,-6.00726318
0.48441900,-6.00726318
0.48505900,-6.00726318
0.48569900,-5.83086634
0.48633900,-5.83086634
0.48697900,-5.83086634
0.48761900,-5.65507984
0.48825900,-5.30228567
0.48889900,-5.30228567
0.48953900,-5.12588882
0.49017900,-5.12588882
0.49081900,-4.95010233
0.49145900,-4.77370548
0.49209900,-4.59730816
0.49273900,-4.42091131
0.49337900,-4.42091131
0.49401900,-4.06872749
0.49465900,-3.89233065
0.49529900,-3.89233065
0.49593900,-3.71593380
0.49657900,-3.54014707
0.49721900,-3.36375022
0.49785900,-3.01095605
0.49849900,-3.01095605
0.49913900,-2.83516955
0.49977900,-2.65877247
0.50041900,-2.48237562
0.50105900,-2.30597854
0.50169900,-1.95379496
0.50233900,-1.77739799
0.50297900,-1.60100102
0.50361900,-1.60100102
0.50425900,-1.42521441
0.50489900,-1.07242048
0.50553900,-0.89602345
0.50617900,-0.89602345
0.50681900,-0.54383981
0.50745900,-0.36744285
0.50809900,-0.19104587
0.50873900,-0.01525925
0.50937900,-0.01525925
0.51001900,0.33692434
0.51065900,0.51332134
0.51129900,0.51332134
0.51193900,0.86550492
0.51257900,0.86550492
0.51321900,1.21829891
0.51385900,1.21829891
0.51449900,1.39469588
0.51513900,1.57048249
0.51577900,1.74687946
0.51641900,1.74687946
0.51705900,1.92327642
0.51769900,2.09967351
0.51833900,2.09967351
0.51897900,2.27546000
0.51961900,2.45185709
0.52025900,2.45185709
0.52089900,2.62825394
0.52153900,2.80465102
0.52217900,2.80465102
0.52281900,2.98043752
0.52345900,2.98043752
0.52409900,3.15683460
0.52473900,3.15683460
0.52537900,3.15683460
0.52601900,3.33323169
0.52665900,3.33323169
0.52729900,3.33323169
0.52793900,3.33323169
0.52857900,3.33323169
0.52921900,3.50962853
0.52985900,3.50962853
0.53049900,3.50962853
0.53113900,3.50962853
0.53177900,3.50962853
0.53241900,3.50962853
0.53305900,3.50962853
0.53369900,3.50962853
0.53433900,3.50962853
0.53497900,3.50962853
0.53561900,3.50962853
0.53625900,3.50962853
0.53689900,3.33323169
0.53753900,3.33323169
0.53817900,3.15683460
0.53881900,3.33323169
0.53945900,3.33323169
0.54009900,3.15683460
0.54073900,3.15683460
0.54137900,2.98043752
0.54201900,3.15683460
0.54265900,2.98043752
0.54329900,2.80465102
0.54393900,2.80465102
0.54457900,2.80465102
0.54521900,2.62825394
0.54585900,2.62825394
0.54649900,2.62825394
0.54713900,2.45185709
0.54777900,2.45185709
0.54841900,2.45185709
0.54905900,2.27546000
0.54969900,2.09967351
0.55033900,2.09967351
0.55097900,2.09967351
0.55161900,1.92327642
0.55225900,1.92327642
0.55289900,1.74687946
0.55353900,1.74687946
0.55417900,1.74687946
0.55481900,1.74687946
0.55545900,1.57048249
0.55609900,1.57048249
0.55673900,1.57048249
0.55737900,1.39469588
0.55801900,1.39469588
0.55865900,1.39469588
0.55929900,1.39469588
0.55993900,1.21829891
0.56057900,1.21829891
0.56121900,1.21829891
0.56185900,1.21829891
0.56249900,1.04190195
0.56313900,1.04190195
0.56377900,1.04190195
0.56441900,1.04190195
0.56505900,1.04190195
0.56569900,0.86550492
0.56633900,1.04190195
0.56697900,1.04190195
0.56761900,0.86550492
0.56825900,1.04190195
0.56889900,0.86550492
0.56953900,1.04190195
0.57017900,1.04190195
0.57081900,1.04190195
0.57145900,1.04190195
0.57209900,1.04190195
0.57273900,1.04190195
0.57337900,1.04190195
0.57401900,1.21829891
0.57465900,1.21829891
0.57529900,1.21829891
0.57593900,1.21829891
0.57657900,1.21829891
0.57721900,1.39469588
0.57785900,1.39469588
0.57849900,1.57048249
0.57913900,1.57048249
0.57977900,1.74687946
0.58041900,1.74687946
0.58105900,1.74687946
0.58169900,1.74687946
0.58233900,1.92327642
0.58297900,1.92327642
0.58361900,1.92327642
0.58425900,2.27546000
0.58489900,2.27546000
0.58553900,2.27546000
0.58617900,2.45185709
0.58681900,2.45185709
0.58745900,2.45185709
0.58809900,2.62825394
0.58873900,2.62825394
0.58937900,2.80465102
0.59001900,2.98043752
0.59065900,3.15683460
0.59129900,3.15683460
0.59193900,3.15683460
0.59257900,3.15683460
0.59321900,3.33323169
0.59385900,3.33323169
0.59449900,3.50962853
0.59513900,3.50962853
0.59577900,3.68541527
0.59641900,3.68541527
0.59705900,3.86181211
0.59769900,3.86181211
0.59833900,3.86181211
0.59897900,3.86181211
0.59961900,4.03820896
0.60025900,4.03820896
0.60089900,4.03820896
0.60153900,4.03820896
0.60217900,4.03820896
0.60281900,4.03820896
0.60345900,4.21460629
0.60409900,4.03820896
0.60473900,4.03820896
0.60537900,4.21460629
0.60601900,4.21460629
0.60665900,4.21460629
0.60729900,4.21460629
0.60793900,4.03820896
0.60857900,4.21460629
0.60921900,4.21460629
0.60985900,4.21460629
0.61049900,4.03820896
0.61113900,4.03820896
0.61177900,4.03820896
0.61241900,4.03820896
0.61305900,4.03820896
0.61369900,3.86181211
0.61433900,3.86181211
0.61497900,3.86181211
0.61561900,3.68541527
0.61625900,3.50962853
0.61689900,3.50962853
0.61753900,3.50962853
0.61817900,3.33323169
0.61881900,3.33323169
0.61945900,3.15683460
0.62009900,2.98043752
0.62073900,2.98043752
0.62137900,2.80465102
0.62201900,2.62825394
0.62265900,2.62825394
0.62329900,2.45185709
0.62393900,2.27546000
0.62457900,2.09967351
0.62521900,1.92327642
0.62585900,1.74687946
0.62649900,1.74687946
0.62713900,1.57048249
0.62777900,1.39469588
0.62841900,1.21829891
0.62905900,1.04190195
0.62969900,0.86550492
0.63033900,0.68971831
0.63097900,0.51332134
0.63161900,0.33692434
0.63225900,0.33692434
0.63289900,-0.01525925
0.63353900,-0.19104587
0.63417900,-0.36744285
0.63481900,-0.36744285
0.63545900,-0.54383981
0.63609900,-0.89602345
0.63673900,-0.89602345
0.63737900,-1.24881744
0.63801900,-1.42521441
0.63865900,-1.60100102
0.63929900,-1.60100102
0.63993900,-1.77739799
0.64057900,-1.95379496
0.64121900,-2.13019204
0.64185900,-2.48237562
0.64249900,-2.48237562
0.64313900,-2.65877247
0.64377900,-2.65877247
0.64441900,-3.01095605
0.64505900,-3.01095605
0.64569900,-3.18735313
0.64633900,-3.36375022
0.64697900,-3.54014707
0.64761900,-3.54014707
0.64825900,-3.71593380
0.64889900,-3.89233065
0.64953900,-4.06872749
0.65017900,-4.06872749
0.65081900,-4.24512482
0.65145900,-4.24512482
0.65209900,-4.42091131
0.65273900,-4.42091131
0.65337900,-4.59730816
0.65401900,-4.77370548
0.65465900,-4.77370548
0.65529900,-4.95010233
0.65593900,-4.95010233
0.65657900,-5.12588882
0.65721900,-5.12588882
0.65785900,-5.12588882
0.65849900,-5.12588882
0.65913900,-5.12588882
0.65977900,-5.30228567
0.66041900,-5.30228567
0.66105900,-5.30228567
0.66169900,-5.30228567
0.66233900,-5.30228567
0.66297900,-5.30228567
0.66361900,-5.30228567
0.66425900,-5.30228567
0.66489900,-5.30228567
0.66553900,-5.30228567
0.66617900,-5.30228567
0.66681900,-5.30228567
0.66745900,-5.30228567
0.66809900,-5.12588882
0.66873900,-5.12588882
0.66937900,-5.12588882
0.67001900,-4.95010233
0.67065900,-4.95010233
0.67129900,-4.95010233
0.67193900,-4.77370548
0.67257900,-4.77370548
0.67321900,-4.77370548
0.67385900,-4.59730816
0.67449900,-4.42091131
0.67513900,-4.42091131
0.67577900,-4.24512482
0.67641900,-4.24512482
0.67705900,-4.06872749
0.67769900,-3.89233065
0.67833900,-3.89233065
0.67897900,-3.71593380
0.67961900,-3.71593380
0.68025900,-3.54014707
0.68089900,-3.54014707
0.68153900,-3.36375022
0.68217900,-3.18735313
0.68281900,-3.18735313
0.68345900,-3.01095605
0.68409900,-3.01095605
0.68473900,-2.83516955
0.68537900,-2.65877247
0.68601900,-2.48237562
0.68665900,-2.48237562
0.68729900,-2.30597854
0.68793900,-2.30597854
0.68857900,-2.13019204
0.68921900,-1.95379496
0.68985900,-1.95379496
0.69049900,-1.77739799
0.69113900,-1.77739799
0.69177900,-1.60100102
0.69241900,-1.60100102
0.69305900,-1.42521441
0.69369900,-1.24881744
0.69433900,-1.24881744
0.69497900,-1.24881744
0.69561900,-1.07242048
0.69625900,-0.89602345
0.69689900,-0.89602345
0.69753900,-0.89602345
0.69817900,-0.72023684
0.69881900,-0.72023684
0.69945900,-0.54383981
0.70009900,-0.54383981
0.70073900,-0.36744285
0.70137900,-0.36744285
0.70201900,-0.36744285
0.70265900,-0.36744285
0.70329900,-0.19104587
0.70393900,-0.19104587
0.70457900,-0.19104587
0.70521900,-0.19104587
0.70585900,-0.19104587
0.70649900,-0.01525925
0.70713900,-0.01525925
0.70777900,-0.19104587
0.70841900,-0.01525925
0.70905900,-0.01525925
0.70969900,-0.01525925
0.71033900,-0.01525925
0.71097900,-0.01525925
0.71161900,-0.01525925
0.71225900,-0.01525925
0.71289900,-0.01525925
0.71353900,-0.01525925
0.71417900,-0.01525925
0.71481900,-0.01525925
0.71545900,-0.01525925
0.71609900,-0.01525925
0.71673900,-0.19104587
0.71737900,-0.19104587
0.71801900,-0.19104587
0.71865900,-0.19104587
0.71929900,-0.19104587
0.71993900,-0.19104587
0.72057900,-0.19104587
0.72121900,-0.36744285
0.72185900,-0.36744285
0.72249900,-0.36744285
0.72313900,-0.36744285
0.72377900,-0.36744285
0.72441900,-0.36744285
0.72505900,-0.36744285
0.72569900,-0.54383981
0.72633900,-0.54383981
0.72697900,-0.72023684
0.72761900,-0.54383981
0.72825900,-0.54383981
0.72889900,-0.72023684
0.72953900,-0.89602345
0.73017900,-0.72023684
0.73081900,-0.89602345
0.73145900,-0.89602345
0.73209900,-0.89602345
0.73273900,-0.89602345
0.73337900,-0.89602345
0.73401900,-0.89602345
0.73465900,-0.89602345
0.73529900,-0.89602345
0.73593900,-1.07242048
0.73657900,-1.07242048
0.73721900,-1.07242048
0.73785900,-1.07242048
0.73849900,-1.07242048
0.73913900,-1.07242048
0.73977900,-1.07242048
0.74041900,-1.07242048
0.74105900,-1.07242048
0.74169900,-1.07242048
0.74233900,-1.07242048
0.74297900,-0.89602345
0.74361900,-0.89602345
0.74425900,-0.89602345
0.74489900,-0.89602345
0.74553900,-0.89602345
0.74617900,-0.89602345
0.74681900,-0.89602345
0.74745900,-0.72023684
0.74809900,-0.72023684
0.74873900,-0.54383981
0.74937900,-0.54383981
0.75001900,-0.36744285
0.75065900,-0.36744285
0.75129900,-0.36744285
0.75193900,-0.36744285
0.75257900,-0.36744285
0.75321900,-0.19104587
0.75385900,-0.19104587
0.75449900,-0.01525925
0.75513900,0.16052736
0.75577900,0.16052736
0.75641900,0.33692434
0.75705900,0.33692434
0.75769900,0.33692434
0.75833900,0.51332134
0.75897900,0.68971831
0.75961900,0.68971831
0.76025900,0.86550492
0.76089900,1.04190195
0.76153900,1.21829891
0.76217900,1.21829891
0.76281900,1.39469588
0.76345900,1.39469588
0.76409900,1.57048249
0.76473900,1.74687946
0.76537900,1.74687946
0.76601900,1.92327642
0.76665900,2.09967351
0.76729900,2.09967351
0.76793900,2.27546000
0.76857900,2.45185709
0.76921900,2.45185709
0.76985900,2.62825394
0.77049900,2.80465102
0.77113900,2.98043752
0.77177900,3.15683460
0.77241900,3.15683460
0.77305900,3.33323169
0.77369900,3.33323169
0.77433900,3.50962853
0.77497900,3.50962853
0.77561900,3.68541527
0.77625900,3.86181211
0.77689900,3.86181211
0.77753900,4.03820896
0.77817900,4.03820896
0.77881900,4.21460629
0.77945900,4.21460629
0.78009900,4.39039278
0.78073900,4.39039278
0.78137900,4.56678963
0.78201900,4.56678963
0.78265900,4.74318695
0.78329900,4.74318695
0.78393900,4.91958380
0.78457900,4.91958380
0.78521900,4.91958380
0.78585900,5.09537029
0.78649900,5.09537029
0.78713900,5.27176714
0.78777900,5.09537029
0.78841900,5.09537029
0.78905900,5.09537029
0.78969900,5.27176714
0.79033900,5.27176714
0.79097900,5.27176714
0.79161900,5.27176714
0.79225900,5.27176714
0.79289900,5.27176714
0.79353900,5.27176714
0.79417900,5.27176714
0.79481900,5.09537029
0.79545900,5.09537029
0.79609900,5.09537029
0.79673900,5.09537029
0.79737900,5.09537029
0.79801900,5.09537029
0.79865900,4.91958380
0.79929900,4.91958380
0.79993900,4.74318695
0.80057900,4.74318695
0.80121900,4.56678963
0.80185900,4.56678963
0.80249900,4.56678963
0.80313900,4.39039278
0.80377900,4.21460629
0.80441900,4.21460629
0.80505900,4.03820896
0.80569900,4.03820896
0.80633900,3.86181211
0.80697900,3.86181211
0.80761900,3.68541527
0.80825900,3.50962853
0.80889900,3.50962853
0.80953900,3.33323169
0.81017900,3.33323169
0.81081900,3.15683460
0.81145900,2.98043752
0.81209900,2.80465102
0.81273900,2.62825394
0.81337900,2.62825394
0.81401900,2.45185709
0.81465900,2.27546000
0.81529900,2.27546000
0.81593900,1.92327642
0.81657899,1.92327642
0.81721899,1.74687946
0.81785899,1.57048249
0.81849899,1.39469588
0.81913899,1.21829891
0.81977899,1.21829891
0.82041899,1.04190195
0.82105899,0.86550492
0.82169899,0.86550492
0.82233899,0.68971831
0.82297899,0.51332134
0.82361899,0.33692434
0.82425899,0.33692434
0.82489899,0.16052736
0.82553899,-0.01525925
0.82617899,-0.19104587
0.82681899,-0.36744285
0.82745899,-0.36744285
0.82809899,-0.54383981
0.82873899,-0.72023684
0.82937899,-0.72023684
0.83001899,-0.89602345
0.83065899,-0.89602345
0.83129899,-1.07242048
0.83193899,-1.07242048
0.83257899,-1.24881744
0.83321899,-1.42521441
0.83385899,-1.42521441
0.83449899,-1.60100102
0.83513899,-1.60100102
0.83577899,-1.77739799
0.83641899,-1.77739799
0.83705899,-1.77739799
0.83769899,-1.95379496
0.83833899,-1.95379496
0.83897899,-2.13019204
0.83961899,-2.13019204
0.84025899,-2.13019204
0.84089899,-2.13019204
0.84153899,-2.30597854
0.84217899,-2.30597854
0.84281899,-2.30597854
0.84345899,-2.48237562
0.84409899,-2.48237562
0.84473899,-2.48237562
0.84537899,-2.30597854
0.84601899,-2.48237562
0.84665899,-2.48237562
0.84729899,-2.48237562
0.84793899,-2.48237562
0.84857899,-2.48237562
0.84921899,-2.48237562
0.84985899,-2.48237562
0.85049899,-2.48237562
0.85113899,-2.30597854
0.85177899,-2.30597854
0.85241899,-2.48237562
0.85305899,-2.48237562
0.85369899,-2.48237562
0.85433899,-2.30597854
0.85497899,-2.30597854
0.85561899,-2.30597854
0.85625899,-2.30597854
0.85689899,-2.13019204
0.85753899,-2.13019204
0.85817899,-2.13019204
0.85881899,-2.13019204
0.85945899,-1.95379496
0.86009899,-1.95379496
0.86073899,-1.95379496
0.86137899,-1.77739799
0.86201899,-1.95379496
0.86265899,-1.77739799
0.86329899,-1.77739799
0.86393899,-1.77739799
0.86457899,-1.77739799
0.86521899,-1.77739799
0.86585899,-1.60100102
0.86649899,-1.60100102
0.86713899,-1.60100102
0.86777899,-1.42521441
0.86841899,-1.60100102
0.86905899,-1.42521441
0.86969899,-1.42521441
0.87033899,-1.24881744
0.87097899,-1.42521441
0.87161899,-1.24881744
0.87225899,-1.24881744
0.87289899,-1.24881744
0.87353899,-1.24881744
0.87417899,-1.07242048
0.87481899,-1.07242048
0.87545899,-1.07242048
0.87609899,-1.07242048
0.87673899,-1.07242048
0.87737899,-1.07242048
0.87801899,-1.07242048
0.87865899,-1.07242048
0.87929899,-0.89602345
0.87993899,-1.07242048
0.88057899,-0.89602345
0.88121899,-1.07242048
0.88185899,-1.07242048
0.88249899,-1.07242048
0.88313899,-0.89602345
0.88377899,-1.07242048
0.88441899,-1.07242048
0.88505899,-1.07242048
0.88569899,-1.07242048
0.88633899,-1.07242048
0.88697899,-1.07242048
0.88761899,-1.07242048
0.88825899,-1.24881744
0.88889899,-1.24881744
0.88953899,-1.24881744
0.89017899,-1.24881744
0.89081899,-1.24881744
0.89145899,-1.42521441
0.89209899,-1.42521441
0.89273899,-1.60100102
0.89337899,-1.60100102
0.89401899,-1.60100102
0.89465899,-1.60100102
0.89529899,-1.77739799
0.89593899,-1.77739799
0.89657899,-1.77739799
0.89721899,-1.95379496
0.89785899,-1.77739799
0.89849899,-1.95379496
0.89913899,-1.95379496
0.89977899,-2.13019204
0.90041899,-1.95379496
0.90105899,-2.30597854
0.90169899,-2.30597854
0.90233899,-2.30597854
0.90297899,-2.48237562
0.90361899,-2.30597854
0.90425899,-2.48237562
0.90489899,-2.48237562
0.90553899,-2.65877247
0.90617899,-2.65877247
0.90681899,-2.65877247
0.90745899,-2.83516955
0.90809899,-2.83516955
0.90873899,-2.83516955
0.90937899,-3.01095605
0.91001899,-3.01095605
0.91065899,-3.01095605
0.91129899,-3.18735313
0.91193899,-3.01095605
0.91257899,-3.18735313
0.91321899,-3.18735313
0.91385899,-3.18735313
0.91449899,-3.18735313
0.91513899,-3.18735313
0.91577899,-3.18735313
0.91641899,-3.36375022
0.91705899,-3.36375022
0.91769899,-3.36375022
0.91833899,-3.36375022
0.91897899,-3.36375022
0.91961899,-3.54014707
0.92025899,-3.36375022
0.92089899,-3.36375022
0.92153899,-3.36375022
0.92217899,-3.36375022
0.92281899,-3.36375022
0.92345899,-3.36375022
0.92409899,-3.36375022
0.92473899,-3.18735313
0.92537899,-3.36375022
0.92601899,-3.36375022
0.92665899,-3.18735313
0.92729899,-3.18735313
0.92793899,-3.18735313
0.92857899,-3.18735313
0.92921899,-3.01095605
0.92985899,-3.01095605
0.93049899,-3.01095605
0.93113899,-2.83516955
0.93177899,-2.65877247
0.93241899,-2.65877247
0.93305899,-2.65877247
0.93369899,-2.48237562
0.93433899,-2.48237562
0.93497899,-2.48237562
0.93561899,-2.30597854
0.93625899,-2.30597854
0.93689899,-2.13019204
0.93753899,-1.95379496
0.93817899,-1.95379496
0.93881899,-1.77739799
0.93945899,-1.77739799
0.94009899,-1.60100102
0.94073899,-1.60100102
0.94137899,-1.24881744
0.94201899,-1.24881744
0.94265899,-1.07242048
0.94329899,-0.89602345
0.94393899,-0.89602345
0.94457899,-0.72023684
0.94521899,-0.54383981
0.94585899,-0.36744285
0.94649899,-0.36744285
0.94713899,-0.19104587
0.94777899,-0.19104587
0.94841899,-0.01525925
0.94905899,0.16052736
0.94969899,0.33692434
0.95033899,0.33692434
0.95097899,0.51332134
0.95161899,0.68971831
0.95225899,0.86550492
0.95289899,1.04190195
0.95353899,1.04190195
0.95417899,1.21829891
0.95481899,1.39469588
0.95545899,1.57048249
0.95609899,1.57048249
0.95673899,1.74687946
0.95737899,1.92327642
0.95801899,1.92327642
0.95865899,2.09967351
0.95929899,2.27546000
0.95993899,2.45185709
0.96057899,2.45185709
0.96121899,2.45185709
0.96185899,2.62825394
0.96249899,2.62825394
0.96313899,2.98043752
0.96377899,2.98043752
0.96441899,3.15683460
0.96505899,3.15683460
0.96569899,3.15683460
0.96633899,3.33323169
0.96697899,3.33323169
0.96761899,3.50962853
0.96825899,3.68541527
0.96889899,3.68541527
0.96953899,3.68541527
0.97017899,3.86181211
0.97081899,3.86181211
0.97145899,3.86181211
0.97209899,3.86181211
0.97273899,3.86181211
0.97337899,4.03820896
0.97401899,4.03820896
0.97465899,4.03820896
0.97529899,4.03820896
0.97593899,4.03820896
0.97657899,4.03820896
0.97721899,4.03820896
0.97785899,4.03820896
0.97849899,4.03820896
0.97913899,4.03820896
0.97977899,4.03820896
0.98041899,4.03820896
0.98105899,4.03820896
0.98169899,4.03820896
0.98233899,4.03820896
0.98297899,4.03820896
0.98361899,4.03820896
0.98425899,3.86181211
0.98489899,4.03820896
0.98553899,3.86181211
0.98617899,3.86181211
0.98681899,3.86181211
0.98745899,3.86181211
0.98809899,3.68541527
0.98873899,3.50962853
0.98937899,3.68541527
0.99001899,3.50962853
0.99065899,3.50962853
0.99129899,3.33323169
0.99193899,3.33323169
0.99257899,3.33323169
0.99321899,3.15683460
0.99385899,3.15683460
0.99449899,2.98043752
0.99513899,3.15683460
0.99577899,2.80465102
0.99641899,2.80465102
0.99705899,2.80465102
0.99769899,2.62825394
0.99833899,2.62825394
0.99897899,2.45185709
0.99961899,2.45185709
1.00025899,2.45185709
1.00089899,2.27546000
1.00153899,2.27546000
1.00217899,2.09967351
1.00281899,2.09967351
1.00345899,1.92327642
1.00409899,1.92327642
1.00473899,1.74687946
1.00537899,1.74687946
1.00601899,1.74687946
1.00665899,1.57048249
1.00729899,1.57048249
1.00793899,1.57048249
1.00857899,1.39469588
1.00921899,1.39469588
1.00985899,1.21829891
1.01049899,1.21829891
1.01113899,1.21829891
1.01177899,1.04190195
1.01241899,1.04190195
1.01305899,0.86550492
1.01369899,0.86550492
1.01433899,0.86550492
1.01497899,0.86550492
1.01561899,0.86550492
1.01625899,0.68971831
1.01689899,0.68971831
1.01753899,0.51332134
1.01817899,0.68971831
1.01881899,0.51332134
1.01945899,0.51332134
1.02009899,0.51332134
1.02073899,0.51332134
1.02137899,0.51332134
1.02201899,0.51332134
1.02265899,0.51332134
1.02329899,0.33692434
1.02393899,0.51332134
1.02457899,0.33692434
1.02521899,0.33692434
1.02585899,0.33692434
1.02649899,0.33692434
1.02713899,0.33692434
1.02777899,0.33692434
1.02841899,0.33692434
1.02905899,0.33692434
1.02969899,0.33692434
1.03033899,0.33692434
1.03097899,0.51332134
1.03161899,0.33692434
1.03225899,0.33692434
1.03289899,0.33692434
1.03353899,0.51332134
1.03417899,0.51332134
1.03481899,0.51332134
1.03545899,0.51332134
1.03609899,0.51332134
1.03673899,0.51332134
1.03737899,0.51332134
1.03801899,0.51332134
1.03865899,0.51332134
1.03929899,0.68971831
1.03993899,0.68971831
1.04057899,0.68971831
1.04121899,0.68971831
1.04185899,0.68971831
1.04249899,0.86550492
1.04313899,0.86550492
1.04377899,0.68971831
1.04441899,0.68971831
1.04505899,0.86550492
1.04569899,0.86550492
1.04633899,0.86550492
1.04697899,0.86550492
1.04761899,0.86550492
1.04825899,0.86550492
1.04889899,0.86550492
1.04953899,0.86550492
1.05017899,0.86550492
1.05081899,1.04190195
1.05145899,0.86550492
1.05209899,1.04190195
1.05273899,0.86550492
1.05337899,0.86550492
1.05401899,0.86550492
1.05465899,0.86550492
1.05529899,0.86550492
1.05593899,0.86550492
1.05657899,0.86550492
1.05721899,0.86550492
1.05785899,0.68971831
1.05849899,0.86550492
1.05913899,0.86550492
1.05977899,0.68971831
1.06041899,0.68971831
1.06105899,0.68971831
1.06169899,0.51332134
1.06233899,0.51332134
1.06297899,0.51332134
1.06361899,0.51332134
1.06425899,0.51332134
1.06489899,0.33692434
1.06553899,0.33692434
1.06617899,0.33692434
1.06681899,0.33692434
1.06745899,0.16052736
1.06809899,0.16052736
1.06873899,-0.01525925
1.06937899,-0.01525925
1.07001899,-0.19104587
1.07065899,-0.19104587
1.07129899,-0.19104587
1.07193899,-0.36744285
1.07257899,-0.36744285
1.07321899,-0.54383981
1.07385899,-0.54383981
1.07449899,-0.72023684
1.07513899,-0.72023684
1.07577899,-0.89602345
1.07641899,-0.89602345
1.07705899,-1.07242048
1.07769899,-1.07242048
1.07833899,-1.24881744
1.07897899,-1.24881744
1.07961899,-1.42521441
1.08025899,-1.42521441
1.08089899,-1.60100102
1.08153899,-1.77739799
1.08217899,-1.77739799
1.08281899,-1.95379496
1.08345899,-1.95379496
1.08409899,-1.95379496
1.08473899,-2.30597854
1.08537899,-2.30597854
1.08601899,-2.30597854
1.08665899,-2.30597854
1.08729899,-2.48237562
1.08793899,-2.65877247
1.08857899,-2.83516955
1.08921899,-2.83516955
1.08985899,-2.83516955
1.09049899,-3.01095605
1.09113899,-3.01095605
1.09177899,-3.18735313
1.09241899,-3.18735313
1.09305899,-3.18735313
1.09369899,-3.36375022
1.09433899,-3.54014707
1.09497899,-3.54014707
1.09561899,-3.54014707
1.09625899,-3.54014707
1.09689899,-3.71593380
1.09753899,-3.71593380
1.09817899,-3.89233065
1.09881899,-3.89233065
1.09945899,-3.89233065
1.10009899,-3.89233065
1.10073899,-3.89233065
1.10137899,-3.89233065
1.10201899,-4.06872749
1.10265899,-4.06872749
1.10329899,-4.06872749
1.10393899,-4.06872749
1.10457899,-4.06872749
1.10521899,-4.06872749
1.10585899,-4.06872749
1.10649899,-4.06872749
1.10713899,-4.06872749
1.10777899,-4.06872749
1.10841899,-4.06872749
1.10905899,-4.06872749
1.10969899,-4.06872749
1.11033899,-4.06872749
1.11097899,-4.06872749
1.11161899,-3.89233065
1.11225899,-3.89233065
1.11289899,-3.89233065
1.11353899,-3.89233065
1.11417899,-3.71593380
1.11481899,-3.71593380
1.11545899,-3.71593380
1.11609899,-3.71593380
1.11673899,-3.71593380
1.11737899,-3.71593380
1.11801899,-3.54014707
1.11865899,-3.54014707
1.11929899,-3.36375022
1.11993899,-3.36375022
1.12057899,-3.18735313
1.12121899,-3.18735313
1.12185899,-3.18735313
1.12249899,-3.01095605
1.12313899,-3.01095605
1.12377899,-2.83516955
1.12441899,-2.83516955
1.12505899,-2.65877247
1.12569899,-2.48237562
1.12633899,-2.48237562
1.12697899,-2.30597854
1.12761899,-2.30597854
1.12825899,-2.30597854
1.12889899,-2.13019204
1.12953899,-1.95379496
1.13017899,-1.77739799
1.13081899,-1.77739799
1.13145899,-1.60100102
1.13209899,-1.60100102
1.13273899,-1.42521441
1.13337899,-1.24881744
1.13401899,-1.24881744
1.13465899,-1.07242048
1.13529899,-0.89602345
1.13593899,-0.89602345
1.13657899,-0.72023684
1.13721899,-0.72023684
1.13785899,-0.54383981
1.13849899,-0.54383981
1.13913899,-0.36744285
1.13977899,-0.36744285
1.14041899,-0.19104587
1.14105899,-0.19104587
1.14169899,-0.01525925
1.14233899,0.16052736
1.14297899,0.16052736
1.14361899,0.33692434
1.14425899,0.33692434
1.14489899,0.51332134
1.14553899,0.51332134
1.14617899,0.51332134
1.14681899,0.68971831
1.14745899,0.86550492
1.14809899,0.86550492
1.14873899,0.86550492
1.14937899,1.04190195
1.15001899,1.04190195
1.15065899,1.04190195
1.15129899,1.21829891
1.15193899,1.21829891
1.15257899,1.21829891
1.15321899,1.39469588
1.15385899,1.39469588
1.15449899,1.39469588
1.15513899,1.39469588
1.15577899,1.57048249
1.15641899,1.57048249
1.15705899,1.57048249
1.15769899,1.57048249
1.15833899,1.74687946
1.15897899,1.74687946
1.15961899,1.57048249
1.16025899,1.74687946
1.16089899,1.74687946
1.16153899,1.74687946
1.16217899,1.74687946
1.16281899,1.74687946
1.16345899,1.74687946
1.16409899,1.74687946
1.16473899,1.74687946
1.16537899,1.74687946
1.16601899,1.74687946
1.16665899,1.74687946
1.16729899,1.74687946
1.16793899,1.74687946
1.16857899,1.74687946
1.16921899,1.74687946
1.16985899,1.74687946
1.17049899,1.74687946
1.17113899,1.74687946
1.17177899,1.74687946
1.17241899,1.74687946
1.17305899,1.57048249
1.17369899,1.57048249
1.17433899,1.57048249
1.17497899,1.57048249
1.17561899,1.57048249
1.17625899,1.57048249
1.17689899,1.57048249
1.17753899,1.39469588
1.17817899,1.57048249
1.17881899,1.39469588
1.17945899,1.39469588
1.18009899,1.39469588
1.18073899,1.39469588
1.18137899,1.21829891
1.18201899,1.39469588
1.18265899,1.21829891
1.18329899,1.21829891
1.18393899,1.21829891
1.18457899,1.21829891
1.18521899,1.21829891
1.18585899,1.21829891
1.18649899,1.21829891
1.18713899,1.04190195
1.18777899,1.04190195
1.18841899,1.04190195
1.18905899,1.04190195
1.18969899,1.04190195
1.19033899,1.04190195
1.19097899,1.04190195
1.19161899,1.04190195
1.19225899,1.04190195
1.19289899,1.04190195
1.19353899,1.04190195
1.19417899,1.04190195
1.19481899,1.04190195
1.19545899,1.04190195
1.19609899,1.04190195
1.19673899,1.04190195
1.19737899,1.04190195
1.19801899,1.04190195
1.19865899,1.04190195
1.19929899,1.04190195
1.19993899,1.21829891
1.20057899,1.21829891
1.20121899,1.21829891
1.20185899,1.21829891
1.20249899,1.21829891
1.20313899,1.21829891
1.20377899,1.21829891
1.20441899,1.39469588
1.20505899,1.21829891
1.20569899,1.39469588
1.20633899,1.39469588
1.20697899,1.39469588
1.20761899,1.39469588
1.20825899,1.57048249
1.20889899,1.57048249
1.20953899,1.57048249
1.21017899,1.57048249
1.21081899,1.74687946
1.21145899,1.74687946
1.21209899,1.74687946
1.21273899,1.74687946
1.21337899,1.74687946
1.21401899,1.92327642
1.21465899,1.92327642
1.21529899,1.92327642
1.21593899,1.92327642
1.21657899,1.92327642
1.21721899,2.09967351
1.21785899,2.09967351
1.21849899,2.27546000
1.21913899,2.27546000
1.21977899,2.27546000
1.22041899,2.45185709
1.22105899,2.27546000
1.22169899,2.45185709
1.22233899,2.45185709
1.22297899,2.45185709
1.22361899,2.45185709
1.22425899,2.62825394
1.22489899,2.45185709
1.22553899,2.62825394
1.22617899,2.62825394
1.22681899,2.62825394
1.22745899,2.62825394
1.22809899,2.80465102
1.22873899,2.80465102
1.22937899,2.80465102
1.23001899,2.80465102
1.23065899,2.98043752
1.23129899,2.98043752
1.23193899,2.80465102
1.23257899,2.98043752
1.23321899,2.80465102
1.23385899,2.98043752
1.23449899,2.98043752
1.23513899,2.98043752
1.23577899,2.98043752
1.23641899,2.80465102
1.23705899,2.98043752
1.23769899,2.80465102
1.23833899,2.80465102
1.23897899,2.98043752
1.23961899,2.80465102
1.24025899,2.80465102
1.24089899,2.62825394
1.24153899,2.62825394
1.24217899,2.62825394
1.24281899,2.62825394
1.24345899,2.45185709
1.24409899,2.45185709
1.24473899,2.45185709
1.24537899,2.45185709
1.24601899,2.45185709
1.24665899,2.45185709
1.24729899,2.27546000
1.24793899,2.09967351
1.24857899,2.09967351
1.24921899,2.09967351
1.24985899,1.92327642
1.25049899,1.92327642
1.25113899,1.74687946
1.25177899,1.74687946
1.25241899,1.74687946
1.25305899,1.57048249
1.25369899,1.57048249
1.25433899,1.39469588
1.25497899,1.39469588
1.25561899,1.21829891
1.25625899,1.21829891
1.25689899,1.04190195
1.25753899,1.04190195
1.25817899,0.86550492
1.25881899,0.86550492
1.25945899,0.68971831
1.26009899,0.51332134
1.26073899,0.51332134
1.26137899,0.33692434
1.26201899,0.33692434
1.26265899,0.16052736
1.26329899,0.16052736
1.26393899,-0.01525925
1.26457899,-0.19104587
1.26521899,-0.19104587
1.26585899,-0.36744285
1.26649899,-0.54383981
1.26713899,-0.54383981
1.26777899,-0.54383981
1.26841899,-0.72023684
1.26905899,-0.89602345
1.26969899,-0.89602345
1.27033899,-1.07242048
1.27097899,-1.24881744
1.27161899,-1.24881744
1.27225899,-1.42521441
1.27289899,-1.60100102
1.27353899,-1.60100102
1.27417899,-1.77739799
1.27481899,-1.77739799
1.27545899,-1.77739799
1.27609899,-1.77739799
1.27673899,-1.95379496
1.27737899,-2.13019204
1.27801899,-2.13019204
1.27865899,-2.30597854
1.27929899,-2.30597854
1.27993899,-2.30597854
1.28057899,-2.48237562
1.28121899,-2.48237562
1.28185899,-2.48237562
1.28249899,-2.48237562
1.28313899,-2.65877247
1.28377899,-2.65877247
1.28441899,-2.83516955
1.28505899,-2.83516955
1.28569899,-2.83516955
1.28633899,-2.83516955
1.28697899,-3.01095605
1.28761899,-3.01095605
1.28825899,-3.01095605
1.28889899,-3.01095605
1.28953899,-3.01095605
1.29017899,-3.18735313
1.29081899,-3.01095605
1.29145899,-3.18735313
1.29209899,-3.18735313
1.29273899,-3.18735313
1.29337899,-3.18735313
1.29401899,-3.18735313
1.29465899,-3.18735313
1.29529899,-3.18735313
1.29593899,-3.18735313
1.29657899,-3.18735313
1.29721899,-3.18735313
1.29785899,-3.18735313
1.29849899,-3.01095605
1.29913899,-3.01095605
1.29977899,-3.01095605
1.30041899,-3.01095605
1.30105899,-3.01095605
1.30169899,-3.01095605
1.30233899,-2.83516955
1.30297899,-3.01095605
1.30361899,-2.83516955
1.30425899,-2.83516955
1.30489899,-2.83516955
1.30553899,-2.65877247
1.30617899,-2.65877247
1.30681899,-2.65877247
1.30745899,-2.48237562
1.30809899,-2.48237562
1.30873899,-2.48237562
1.30937899,-2.48237562
1.31001899,-2.48237562
1.31065899,-2.30597854
1.31129899,-2.30597854
1.31193899,-2.30597854
1.31257899,-2.30597854
1.31321899,-2.13019204
1.31385899,-2.13019204
1.31449899,-2.13019204
1.31513899,-1.95379496
1.31577899,-1.95379496
1.31641899,-1.77739799
1.31705899,-1.77739799
1.31769899,-1.77739799
1.31833899,-1.77739799
1.31897899,-1.77739799
1.31961899,-1.77739799
1.32025899,-1.60100102
1.32089899,-1.60100102
1.32153899,-1.42521441
1.32217899,-1.42521441
1.32281899,-1.42521441
1.32345899,-1.42521441
1.32409899,-1.24881744
1.32473899,-1.24881744
1.32537899,-1.07242048
1.32601899,-1.07242048
1.32665899,-1.07242048
1.32729899,-1.07242048
1.32793899,-0.89602345
1.32857899,-0.89602345
1.32921899,-0.89602345
1.32985899,-0.89602345
1.33049899,-0.89602345
1.33113899,-0.89602345
1.33177899,-0.72023684
1.33241899,-0.72023684
1.33305899,-0.72023684
1.33369899,-0.72023684
1.33433899,-0.72023684
1.33497899,-0.72023684
1.33561899,-0.54383981
1.33625899,-0.72023684
1.33689899,-0.54383981
1.33753899,-0.54383981
1.33817899,-0.54383981
1.33881899,-0.54383981
1.33945899,-0.54383981
1.34009899,-0.54383981
1.34073899,-0.54383981
1.34137899,-0.54383981
1.34201899,-0.54383981
1.34265899,-0.54383981
1.34329899,-0.54383981
1.34393899,-0.54383981
1.34457899,-0.54383981
1.34521899,-0.54383981
1.34585899,-0.54383981
1.34649899,-0.54383981
1.34713899,-0.54383981
1.34777899,-0.54383981
1.34841899,-0.54383981
1.34905899,-0.54383981
1.34969899,-0.72023684
1.35033899,-0.54383981
1.35097899,-0.54383981
1.35161899,-0.72023684
1.35225899,-0.72023684
1.35289899,-0.72023684
1.35353899,-0.72023684
1.35417899,-0.72023684
1.35481899,-0.72023684
1.35545899,-0.72023684
1.35609899,-0.72023684
1.35673899,-0.72023684
1.35737899,-0.72023684
1.35801899,-0.89602345
1.35865899,-0.89602345
1.35929899,-0.72023684
1.35993899,-0.72023684
1.36057899,-0.72023684
1.36121899,-0.72023684
1.36185899,-0.89602345
1.36249899,-0.72023684
1.36313899,-0.72023684
1.36377899,-0.72023684
1.36441899,-0.72023684
1.36505899,-0.89602345
1.36569899,-0.89602345
1.36633899,-0.72023684
1.36697899,-0.72023684
1.36761899,-0.89602345
1.36825899,-0.89602345
1.36889899,-0.72023684
1.36953899,-0.72023684
1.37017899,-0.72023684
1.37081899,-0.72023684
1.37145899,-0.72023684
1.37209899,-0.54383981
1.37273899,-0.54383981
1.37337899,-0.54383981
1.37401899,-0.54383981
1.37465899,-0.54383981
1.37529899,-0.54383981
1.37593899,-0.54383981
1.37657899,-0.36744285
1.37721899,-0.36744285
1.37785899,-0.36744285
1.37849899,-0.36744285
1.37913899,-0.36744285
1.37977899,-0.36744285
1.38041899,-0.19104587
1.38105899,-0.19104587
1.38169899,-0.19104587
1.38233899,-0.19104587
1.38297899,-0.01525925
1.38361899,0.16052736
1.38425899,0.16052736
1.38489899,0.16052736
1.38553899,0.33692434
1.38617899,0.33692434
1.38681899,0.33692434
1.38745899,0.33692434
1.38809899,0.51332134
1.38873899,0.51332134
1.38937899,0.68971831
1.39001899,0.68971831
1.39065899,0.86550492
1.39129899,0.86550492
1.39193899,0.86550492
1.39257899,1.04190195
1.39321899,1.04190195
1.39385899,1.21829891
1.39449899,1.21829891
1.39513899,1.21829891
1.39577899,1.39469588
1.39641899,1.39469588
1.39705899,1.57048249
1.39769899,1.57048249
1.39833899,1.74687946
1.39897899,1.74687946
1.39961899,1.74687946
1.40025899,1.92327642
1.40089899,1.92327642
1.40153899,1.92327642
1.40217899,2.09967351
1.40281899,2.27546000
1.40345899,2.27546000
1.40409899,2.45185709
1.40473899,2.45185709
1.40537899,2.45185709
1.40601899,2.45185709
1.40665899,2.45185709
1.40729899,2.62825394
1.40793899,2.62825394
1.40857899,2.80465102
1.40921899,2.80465102
1.40985899,2.98043752
1.41049899,2.98043752
1.41113899,2.98043752
1.41177899,2.98043752
1.41241899,3.15683460
1.41305899,3.15683460
1.41369899,3.15683460
1.41433899,3.15683460
1.41497899,3.15683460
1.41561899,3.33323169
1.41625899,3.15683460
1.41689899,3.33323169
1.41753899,3.33323169
1.41817899,3.33323169
1.41881899,3.33323169
1.41945899,3.33323169
1.42009899,3.33323169
1.42073899,3.33323169
1.42137899,3.33323169
1.42201899,3.33323169
1.42265899,3.33323169
1.42329899,3.33323169
1.42393899,3.33323169
1.42457899,3.33323169
1.42521899,3.33323169
1.42585899,3.33323169
1.42649899,3.15683460
1.42713899,3.33323169
1.42777899,3.33323169
1.42841899,3.33323169
1.42905899,3.15683460
1.42969899,3.15683460
1.43033899,3.15683460
1.43097899,3.15683460
1.43161899,3.15683460
1.43225899,2.98043752
1.43289899,2.98043752
1.43353899,2.80465102
1.43417899,2.80465102
1.43481899,2.80465102
1.43545899,2.62825394
1.43609899,2.62825394
1.43673899,2.62825394
1.43737899,2.45185709
1.43801899,2.45185709
1.43865899,2.45185709
1.43929899,2.27546000
1.43993899,2.27546000
1.44057899,2.09967351
1.44121899,2.09967351
1.44185899,1.92327642
1.44249899,1.92327642
1.44313899,1.92327642
1.44377899,1.74687946
1.44441899,1.74687946
1.44505899,1.74687946
1.44569899,1.57048249
1.44633899,1.57048249
1.44697899,1.39469588
1.44761899,1.39469588
1.44825899,1.21829891
1.44889899,1.21829891
1.44953899,1.21829891
1.45017899,1.04190195
1.45081899,1.04190195
1.45145899,0.86550492
1.45209899,0.86550492
1.45273899,0.68971831
1.45337899,0.68971831
1.45401899,0.51332134
1.45465899,0.51332134
1.45529899,0.33692434
1.45593899,0.33692434
1.45657899,0.33692434
1.45721899,0.16052736
1.45785899,0.16052736
1.45849899,-0.01525925
1.45913899,-0.01525925
1.45977899,-0.01525925
1.46041899,-0.19104587
1.46105899,-0.19104587
1.46169899,-0.19104587
1.46233899,-0.36744285
1.46297899,-0.36744285
1.46361899,-0.36744285
1.46425899,-0.54383981
1.46489899,-0.54383981
1.46553899,-0.54383981
1.46617899,-0.72023684
1.46681899,-0.72023684
1.46745899,-0.72023684
1.46809899,-0.72023684
1.46873899,-0.89602345
1.46937899,-0.89602345
1.47001899,-0.89602345
1.47065899,-0.89602345
1.47129899,-0.89602345
1.47193899,-0.89602345
1.47257899,-1.07242048
1.47321899,-1.07242048
1.47385899,-1.07242048
1.47449899,-1.07242048
1.47513899,-1.07242048
1.47577899,-1.07242048
1.47641899,-1.07242048
1.47705899,-1.07242048
1.47769899,-1.24881744
1.47833899,-1.24881744
1.47897899,-1.24881744
1.47961899,-1.24881744
1.48025899,-1.24881744
1.48089899,-1.07242048
1.48153899,-1.24881744
1.48217899,-1.24881744
1.48281899,-1.24881744
1.48345899,-1.24881744
1.48409899,-1.24881744
1.48473899,-1.24881744
1.48537899,-1.07242048
1.48601899,-1.24881744
1.48665899,-1.24881744
1.48729899,-1.07242048
1.48793899,-1.07242048
1.48857899,-1.07242048
1.48921899,-1.07242048
1.48985899,-1.07242048
1.49049899,-1.07242048
1.49113899,-1.07242048
1.49177899,-1.07242048
1.49241899,-0.89602345
1.49305899,-1.07242048
1.49369899,-1.07242048
1.49433899,-1.07242048
1.49497899,-1.07242048
1.49561899,-1.07242048
1.49625899,-0.89602345
1.49689899,-0.89602345
1.49753899,-1.07242048
1.49817899,-0.89602345
1.49881899,-0.89602345
1.49945899,-0.89602345
1.50009899,-0.89602345
1.50073899,-0.89602345
1.50137899,-0.89602345
1.50201899,-0.89602345
1.50265899,-0.89602345
1.50329899,-0.89602345
1.50393899,-0.89602345
1.50457899,-0.89602345
1.50521899,-0.89602345
1.50585899,-0.89602345
1.50649899,-0.89602345
1.50713899,-0.89602345
1.50777899,-0.89602345
1.50841899,-0.89602345
1.50905899,-0.89602345
1.50969899,-0.89602345
1.51033899,-0.89602345
1.51097899,-0.89602345
1.51161899,-0.89602345
1.51225899,-0.89602345
1.51289899,-0.89602345
1.51353899,-0.89602345
1.51417899,-0.89602345
1.51481899,-0.89602345
1.51545899,-1.07242048
1.51609899,-1.07242048
1.51673899,-1.07242048
1.51737899,-1.07242048
1.51801899,-1.07242048
1.51865899,-1.07242048
1.51929899,-1.07242048
1.51993899,-1.24881744
1.52057899,-1.24881744
1.52121899,-1.24881744
1.52185899,-1.24881744
1.52249899,-1.24881744
1.52313899,-1.42521441
1.52377899,-1.24881744
1.52441899,-1.60100102
1.52505899,-1.42521441
1.52569899,-1.42521441
1.52633899,-1.60100102
1.52697899,-1.60100102
1.52761899,-1.60100102
1.52825899,-1.77739799
1.52889899,-1.77739799
1.52953899,-1.60100102
1.53017899,-1.77739799
1.53081899,-1.77739799
1.53145899,-1.77739799
1.53209899,-1.77739799
1.53273899,-1.77739799
1.53337899,-1.95379496
1.53401899,-1.95379496
1.53465899,-1.95379496
1.53529899,-1.95379496
1.53593899,-2.13019204
1.53657899,-1.95379496
1.53721899,-2.13019204
1.53785899,-2.13019204
1.53849899,-2.30597854
1.53913899,-2.13019204
1.53977899,-2.13019204
1.54041899,-2.30597854
1.54105899,-2.30597854
1.54169899,-2.30597854
1.54233899,-2.30597854
1.54297899,-2.30597854
1.54361899,-2.30597854
1.54425899,-2.30597854
1.54489899,-2.30597854
1.54553899,-2.30597854
1.54617899,-2.30597854
1.54681899,-2.30597854
1.54745899,-2.30597854
1.54809899,-2.30597854
1.54873899,-2.30597854
1.54937899,-2.30597854
1.55001899,-2.30597854
1.55065899,-2.30597854
1.55129899,-2.30597854
1.55193899,-2.30597854
1.55257899,-2.30597854
1.55321899,-2.48237562
1.55385899,-2.30597854
1.55449899,-2.30597854
1.55513899,-2.30597854
1.55577899,-2.30597854
1.55641899,-2.30597854
1.55705899,-2.30597854
1.55769899,-2.13019204
1.55833899,-2.13019204
1.55897899,-2.13019204
1.55961899,-2.13019204
1.56025899,-1.95379496
1.56089899,-1.95379496
1.56153899,-1.95379496
1.56217899,-1.77739799
1.56281899,-1.77739799
1.56345899,-1.77739799
1.56409899,-1.77739799
1.56473899,-1.60100102
1.56537899,-1.60100102
1.56601899,-1.42521441
1.56665899,-1.42521441
1.56729899,-1.42521441
1.56793899,-1.42521441
1.56857899,-1.24881744
1.56921899,-1.24881744
1.56985899,-1.07242048
1.57049899,-1.07242048
1.57113899,-1.07242048
1.57177899,-0.89602345
1.57241899,-0.89602345
1.57305899,-0.72023684
1.57369899,-0.54383981
1.57433899,-0.54383981
1.57497899,-0.54383981
1.57561899,-0.36744285
1.57625899,-0.36744285
1.57689899,-0.36744285
1.57753899,-0.19104587
1.57817899,-0.01525925
1.57881899,-0.01525925
1.57945899,-0.01525925
1.58009899,0.16052736
1.58073899,0.33692434
1.58137899,0.33692434
1.58201899,0.33692434
1.58265899,0.51332134
1.58329899,0.51332134
1.58393899,0.51332134
1.58457899,0.68971831
1.58521899,0.86550492
1.58585899,0.86550492
1.58649899,1.04190195
1.58713899,1.04190195
1.58777899,1.21829891
1.58841899,1.21829891
1.58905899,1.21829891
1.58969899,1.21829891
1.59033899,1.39469588
1.59097899,1.39469588
1.59161899,1.57048249
1.59225899,1.57048249
1.59289899,1.74687946
1.59353899,1.74687946
1.59417899,1.74687946
1.59481899,1.74687946
1.59545899,1.74687946
1.59609899,1.92327642
1.59673899,1.92327642
1.59737899,1.92327642
1.59801899,2.09967351
1.59865899,1.92327642
1.59929899,2.09967351
1.59993899,2.09967351
1.60057899,2.27546000
1.60121899,2.27546000
1.60185899,2.27546000
1.60249899,2.45185709
1.60313899,2.27546000
1.60377899,2.45185709
1.60441899,2.45185709
1.60505899,2.45185709
1.60569899,2.45185709
1.60633899,2.45185709
1.60697899,2.45185709
1.60761899,2.45185709
1.60825899,2.45185709
1.60889899,2.45185709
1.60953899,2.45185709
1.61017899,2.45185709
1.61081899,2.45185709
1.61145899,2.45185709
1.61209899,2.45185709
1.61273899,2.45185709
1.61337899,2.45185709
1.61401899,2.45185709
1.61465899,2.45185709
1.61529899,2.45185709
1.61593899,2.45185709
1.61657899,2.45185709
1.61721899,2.27546000
1.61785899,2.27546000
1.61849899,2.45185709
1.61913899,2.27546000
1.61977899,2.27546000
1.62041899,2.27546000
1.62105899,2.27546000
1.62169899,2.09967351
1.62233899,2.09967351
1.62297899,2.09967351
1.62361899,2.09967351
1.62425899,1.92327642
1.62489899,1.92327642
1.62553899,1.92327642
1.62617899,1.92327642
1.62681899,1.92327642
1.62745899,1.74687946
1.62809899,1.92327642
1.62873899,1.74687946
1.62937899,1.74687946
1.63001899,1.74687946
1.63065899,1.74687946
1.63129899,1.74687946
1.63193899,1.74687946
1.63257899,1.57048249
1.63321899,1.57048249
1.63385899,1.57048249
1.63449899,1.57048249
1.63513899,1.39469588
1.63577899,1.39469588
1.63641899,1.39469588
1.63705899,1.21829891
1.63769899,1.21829891
1.63833899,1.21829891
1.63897899,1.21829891
1.63961899,1.21829891
1.64025899,1.21829891
1.64089899,1.04190195
1.64153899,1.04190195
1.64217899,1.04190195
1.64281899,1.04190195
1.64345899,1.04190195
1.64409899,1.04190195
1.64473899,0.86550492
1.64537899,0.86550492
1.64601899,0.86550492
1.64665899,0.86550492
1.64729899,0.86550492
1.64793899,0.86550492
1.64857899,0.86550492
1.64921899,0.86550492
1.64985899,0.86550492
1.65049899,0.86550492
1.65113899,0.86550492
1.65177899,0.86550492
1.65241899,0.86550492
1.65305899,0.86550492
1.65369899,0.68971831
1.65433899,0.68971831
1.65497899,0.68971831
1.65561899,0.68971831
1.65625899,0.68971831
1.65689899,0.68971831
1.65753899,0.68971831
1.65817899,0.68971831
1.65881899,0.68971831
1.65945899,0.68971831
1.66009899,0.68971831
1.66073899,0.86550492
1.66137899,0.68971831
1.66201899,0.68971831
1.66265899,0.86550492
1.66329899,0.68971831
1.66393899,0.68971831
1.66457899,0.68971831
1.66521899,0.86550492
1.66585899,0.68971831
1.66649899,0.86550492
1.66713899,0.68971831
1.66777899,0.68971831
1.66841899,0.68971831
1.66905899,0.68971831
1.66969899,0.68971831
1.67033899,0.68971831
1.67097899,0.86550492
1.67161899,0.86550492
1.67225899,0.86550492
1.67289899,0.68971831
1.67353899,0.86550492
1.67417899,0.86550492
1.67481899,0.68971831
1.67545899,0.68971831
1.67609899,0.86550492
1.67673899,0.86550492
1.67737899,0.68971831
1.67801899,0.68971831
1.67865899,0.86550492
1.67929899,0.86550492
1.67993899,0.68971831
1.68057899,0.68971831
1.68121899,0.68971831
1.68185899,0.68971831
1.68249899,0.68971831
1.68313899,0.68971831
1.68377899,0.68971831
1.68441899,0.68971831
1.68505899,0.68971831
1.68569899,0.68971831
1.68633899,0.51332134
1.68697899,0.51332134
1.68761899,0.51332134
1.68825899,0.51332134
1.68889899,0.51332134
1.68953899,0.51332134
1.69017899,0.51332134
1.69081899,0.33692434
1.69145899,0.33692434
1.69209899,0.33692434
1.69273899,0.33692434
1.69337899,0.33692434
1.69401899,0.33692434
1.69465899,0.16052736
1.69529899,0.16052736
1.69593899,0.16052736
1.69657899,0.16052736
1.69721899,-0.01525925
1.69785899,-0.01525925
1.69849899,-0.01525925
1.69913899,-0.19104587
1.69977899,-0.19104587
1.70041899,-0.19104587
1.70105899,-0.19104587
1.70169899,-0.19104587
1.70233899,-0.36744285
1.70297899,-0.36744285
1.70361899,-0.54383981
1.70425899,-0.54383981
1.70489899,-0.54383981
1.70553899,-0.72023684
1.70617899,-0.72023684
1.70681899,-0.72023684
1.70745899,-0.89602345
1.70809899,-0.89602345
1.70873899,-0.89602345
1.70937899,-0.89602345
1.71001899,-1.07242048
1.71065899,-1.07242048
1.71129899,-1.24881744
1.71193899,-1.24881744
1.71257899,-1.24881744
1.71321899,-1.42521441
1.71385899,-1.42521441
1.71449899,-1.60100102
1.71513899,-1.60100102
1.71577899,-1.60100102
1.71641899,-1.77739799
1.71705899,-1.77739799
1.71769899,-1.77739799
1.71833899,-1.77739799
1.71897899,-1.77739799
1.71961899,-1.77739799
1.72025899,-1.95379496
1.72089899,-1.95379496
1.72153899,-1.95379496
1.72217899,-2.13019204
1.72281899,-2.30597854
1.72345899,-2.13019204
1.72409899,-2.30597854
1.72473899,-2.30597854
1.72537899,-2.30597854
1.72601899,-2.30597854
1.72665899,-2.48237562
1.72729899,-2.48237562
1.72793899,-2.30597854
1.72857899,-2.48237562
1.72921899,-2.48237562
1.72985899,-2.48237562
1.73049899,-2.48237562
1.73113899,-2.48237562
1.73177899,-2.65877247
1.73241899,-2.65877247
1.73305899,-2.65877247
1.73369899,-2.65877247
1.73433899,-2.65877247
1.73497899,-2.65877247
1.73561899,-2.65877247
1.73625899,-2.65877247
1.73689899,-2.65877247
1.73753899,-2.65877247
1.73817899,-2.48237562
1.73881899,-2.65877247
1.73945899,-2.65877247
1.74009899,-2.65877247
1.74073899,-2.65877247
1.74137899,-2.65877247
1.74201899,-2.48237562
1.74265899,-2.65877247
1.74329899,-2.48237562
1.74393899,-2.65877247
1.74457899,-2.48237562
1.74521899,-2.48237562
1.74585899,-2.48237562
1.74649899,-2.48237562
1.74713899,-2.30597854
1.74777899,-2.30597854
1.74841899,-2.30597854
1.74905899,-2.30597854
1.74969899,-2.30597854
1.75033899,-2.13019204
1.75097899,-2.13019204
1.75161899,-1.95379496
1.75225899,-2.13019204
1.75289899,-1.95379496
1.75353899,-1.95379496
1.75417899,-1.95379496
1.75481899,-1.95379496
1.75545899,-1.77739799
1.75609899,-1.77739799
1.75673899,-1.77739799
1.75737899,-1.60100102
1.75801899,-1.60100102
1.75865899,-1.60100102
1.75929899,-1.60100102
1.75993899,-1.42521441
1.76057899,-1.42521441
1.76121899,-1.42521441
1.76185899,-1.24881744
1.76249899,-1.24881744
1.76313899,-1.07242048
1.76377899,-1.07242048
1.76441899,-1.07242048
1.76505899,-0.89602345
1.76569899,-0.89602345
1.76633899,-0.89602345
1.76697899,-0.72023684
1.76761899,-0.72023684
1.76825899,-0.72023684
1.76889899,-0.54383981
1.76953899,-0.54383981
1.77017899,-0.36744285
1.77081899,-0.36744285
1.77145899,-0.36744285
1.77209899,-0.19104587
1.77273899,-0.19104587
1.77337899,-0.19104587
1.77401899,-0.19104587
1.77465899,-0.01525925
1.77529899,-0.01525925
1.77593899,-0.01525925
1.77657899,0.16052736
1.77721899,0.16052736
1.77785899,0.16052736
1.77849899,0.16052736
1.77913899,0.16052736
1.77977899,0.33692434
1.78041899,0.33692434
1.78105899,0.33692434
1.78169899,0.33692434
1.78233899,0.51332134
1.78297899,0.51332134
1.78361899,0.51332134
1.78425899,0.51332134
1.78489899,0.51332134
1.78553899,0.51332134
1.78617899,0.68971831
1.78681899,0.68971831
1.78745899,0.68971831
1.78809899,0.68971831
1.78873899,0.51332134
1.78937899,0.68971831
1.79001899,0.68971831
1.79065899,0.68971831
1.79129899,0.68971831
1.79193899,0.86550492
1.79257899,0.68971831
1.79321899,0.86550492
1.79385899,0.68971831
1.79449899,0.86550492
1.79513899,0.86550492
1.79577899,0.86550492
1.79641899,0.86550492
1.79705899,0.86550492
1.79769899,0.86550492
1.79833899,0.86550492
1.79897899,0.86550492
1.79961899,0.86550492
1.80025899,0.86550492
1.80089899,0.86550492
1.80153899,0.86550492
1.80217899,0.86550492
1.80281899,0.86550492
1.80345899,0.86550492
1.80409899,0.86550492
1.80473899,0.86550492
1.80537899,0.86550492
1.80601899,0.86550492
1.80665899,0.86550492
1.80729899,0.86550492
1.80793899,0.86550492
1.80857899,0.86550492
1.80921899,0.86550492
1.80985899,0.86550492
1.81049899,0.68971831
1.81113899,0.68971831
1.81177899,0.86550492
1.81241899,0.86550492
1.81305899,0.86550492
1.81369899,0.68971831
1.81433899,0.68971831
1.81497899,0.86550492
1.81561899,0.86550492
1.81625899,0.68971831
1.81689899,0.86550492
1.81753899,0.86550492
1.81817899,0.86550492
1.81881899,0.86550492
1.81945899,0.86550492
1.82009899,0.86550492
1.82073899,0.86550492
1.82137899,0.86550492
1.82201899,0.86550492
1.82265899,0.86550492
1.82329899,0.86550492
1.82393899,0.86550492
1.82457899,0.86550492
1.82521899,0.86550492
1.82585899,0.86550492
1.82649899,0.86550492
1.82713899,0.86550492
1.82777899,0.86550492
1.82841899,0.86550492
1.82905899,0.86550492
1.82969899,1.04190195
1.83033899,1.04190195
1.83097899,1.04190195
1.83161899,1.04190195
1.83225899,1.04190195
1.83289899,1.04190195
1.83353899,1.04190195
1.83417899,1.04190195
1.83481899,1.04190195
1.83545899,1.21829891
1.83609899,1.21829891
1.83673899,1.21829891
1.83737899,1.21829891
1.83801899,1.21829891
1.83865899,1.21829891
1.83929899,1.39469588
1.83993899,1.39469588
1.84057899,1.39469588
1.84121899,1.39469588
1.84185899,1.39469588
1.84249899,1.39469588
1.84313899,1.39469588
1.84377899,1.39469588
1.84441899,1.57048249
1.84505899,1.57048249
1.84569899,1.57048249
1.84633899,1.57048249
1.84697899,1.57048249
1.84761899,1.57048249
1.84825899,1.74687946
1.84889899,1.74687946
1.84953899,1.74687946
1.85017899,1.74687946
1.85081899,1.74687946
1.85145899,1.74687946
1.85209899,1.92327642
1.85273899,1.74687946
1.85337899,1.92327642
1.85401899,1.74687946
1.85465899,1.92327642
1.85529899,1.74687946
1.85593899,1.92327642
1.85657899,1.92327642
1.85721899,1.92327642
1.85785899,1.92327642
1.85849899,1.92327642
1.85913899,1.92327642
1.85977899,1.92327642
1.86041899,1.92327642
1.86105899,1.92327642
1.86169899,1.92327642
1.86233899,2.09967351
1.86297899,1.92327642
1.86361899,1.92327642
1.86425899,1.92327642
1.86489899,1.92327642
1.86553899,1.92327642
1.86617899,1.92327642
1.86681899,1.92327642
1.86745899,1.92327642
1.86809899,1.92327642
1.86873899,1.92327642
1.86937899,1.92327642
1.87001899,1.92327642
1.87065899,1.92327642
1.87129899,1.92327642
1.87193899,1.74687946
1.87257899,1.92327642
1.87321899,1.74687946
1.87385899,1.74687946
1.87449899,1.74687946
1.87513899,1.74687946
1.87577899,1.74687946
1.87641899,1.57048249
1.87705899,1.57048249
1.87769899,1.57048249
1.87833899,1.57048249
1.87897899,1.39469588
1.87961899,1.39469588
1.88025899,1.39469588
1.88089899,1.21829891
1.88153899,1.21829891
1.88217899,1.21829891
1.88281899,1.04190195
1.88345899,1.21829891
1.88409899,1.04190195
1.88473899,1.04190195
1.88537899,0.86550492
1.88601899,0.86550492
1.88665899,0.86550492
1.88729899,0.86550492
1.88793899,0.68971831
1.88857899,0.68971831
1.88921899,0.51332134
1.88985899,0.51332134
1.89049899,0.33692434
1.89113899,0.33692434
1.89177899,0.33692434
1.89241899,0.33692434
1.89305899,0.16052736
1.89369899,0.16052736
1.89433899,0.16052736
1.89497899,-0.01525925
1.89561899,-0.01525925
1.89625899,-0.19104587
1.89689899,-0.19104587
1.89753899,-0.19104587
1.89817899,-0.36744285
1.89881899,-0.36744285
1.89945899,-0.36744285
1.90009899,-0.54383981
1.90073899,-0.54383981
1.90137899,-0.54383981
1.90201899,-0.72023684
1.90265899,-0.72023684
1.90329899,-0.89602345
1.90393899,-0.89602345
1.90457899,-0.89602345
1.90521899,-0.89602345
1.90585899,-1.07242048
1.90649899,-1.07242048
1.90713899,-1.07242048
1.90777899,-1.24881744
1.90841899,-1.24881744
1.90905899,-1.24881744
1.90969899,-1.24881744
1.91033899,-1.24881744
1.91097899,-1.42521441
1.91161899,-1.42521441
1.91225899,-1.60100102
1.91289899,-1.42521441
1.91353899,-1.60100102
1.91417899,-1.60100102
1.91481899,-1.60100102
1.91545899,-1.60100102
1.91609899,-1.77739799
1.91673899,-1.77739799
1.91737899,-1.77739799
1.91801899,-1.77739799
1.91865899,-1.77739799
1.91929899,-1.77739799
1.91993899,-1.77739799
1.92057899,-1.95379496
1.92121899,-1.77739799
1.92185899,-1.77739799
1.92249899,-1.77739799
1.92313899,-1.95379496
1.92377899,-1.95379496
1.92441899,-1.77739799
1.92505899,-1.77739799
1.92569899,-1.77739799
1.92633899,-1.95379496
1.92697899,-1.77739799
1.92761899,-1.95379496
1.92825899,-1.95379496
1.92889899,-1.77739799
1.92953899,-1.95379496
1.93017899,-1.95379496
1.93081899,-1.77739799
1.93145899,-1.77739799
1.93209899,-1.77739799
1.93273899,-1.77739799
1.93337899,-1.77739799
1.93401899,-1.77739799
1.93465899,-1.77739799
1.93529899,-1.77739799
1.93593899,-1.77739799
1.93657899,-1.77739799
1.93721899,-1.77739799
1.93785899,-1.60100102
1.93849899,-1.60100102
1.93913899,-1.60100102
1.93977899,-1.60100102
1.94041899,-1.60100102
1.94105899,-1.60100102
1.94169899,-1.60100102
1.94233899,-1.60100102
1.94297899,-1.60100102
1.94361899,-1.60100102
1.94425899,-1.42521441
1.94489899,-1.42521441
1.94553899,-1.42521441
1.94617899,-1.42521441
1.94681899,-1.42521441
1.94745899,-1.42521441
1.94809899,-1.24881744
1.94873899,-1.24881744
1.94937899,-1.24881744
1.95001899,-1.24881744
1.95065899,-1.24881744
1.95129899,-1.24881744
1.95193899,-1.07242048
1.95257899,-1.07242048
1.95321899,-1.07242048
1.95385899,-1.07242048
1.95449899,-1.07242048
1.95513899,-1.07242048
1.95577899,-1.07242048
1.95641899,-1.07242048
1.95705899,-1.07242048
1.95769899,-0.89602345
1.95833899,-1.07242048
1.95897899,-0.89602345
1.95961899,-0.89602345
1.96025899,-0.89602345
1.96089899,-0.89602345
1.96153899,-0.89602345
1.96217899,-0.89602345
1.96281899,-0.89602345
1.96345899,-0.89602345
1.96409899,-0.89602345
1.96473899,-0.89602345
1.96537899,-0.89602345
1.96601899,-0.72023684
1.96665899,-0.72023684
1.96729899,-0.72023684
1.96793899,-0.72023684
1.96857899,-0.89602345
1.96921899,-0.72023684
1.96985899,-0.72023684
1.97049899,-0.72023684
1.97113899,-0.72023684
1.97177899,-0.72023684
1.97241899,-0.72023684
1.97305899,-0.72023684
1.97369899,-0.72023684
1.97433899,-0.72023684
1.97497899,-0.54383981
1.97561899,-0.72023684
1.97625899,-0.72023684
1.97689899,-0.72023684
1.97753899,-0.72023684
1.97817899,-0.72023684
1.97881899,-0.72023684
1.97945899,-0.72023684
1.98009899,-0.72023684
1.98073899,-0.72023684
1.98137899,-0.72023684
1.98201899,-0.72023684
1.98265899,-0.72023684
1.98329899,-0.72023684
1.98393899,-0.72023684
1.98457899,-0.72023684
1.98521899,-0.72023684
1.98585899,-0.72023684
1.98649899,-0.72023684
1.98713899,-0.72023684
1.98777899,-0.72023684
1.98841899,-0.72023684
1.98905899,-0.72023684
1.98969899,-0.72023684
1.99033899,-0.72023684
1.99097899,-0.72023684
1.99161899,-0.54383981
1.99225899,-0.72023684
1.99289899,-0.72023684
1.99353899,-0.72023684
1.99417899,-0.72023684
1.99481899,-0.72023684
1.99545899,-0.54383981
1.99609899,-0.54383981
1.99673899,-0.54383981
1.99737899,-0.54383981
1.99801899,-0.54383981
1.99865899,-0.54383981
1.99929899,-0.54383981
1.99993899,-0.54383981
2.00057899,-0.54383981
2.00121899,-0.54383981
2.00185899,-0.54383981
2.00249899,-0.54383981
2.00313899,-0.36744285
2.00377899,-0.36744285
2.00441899,-0.36744285
2.00505899,-0.36744285
2.00569899,-0.36744285
2.00633899,-0.36744285
2.00697899,-0.36744285
2.00761899,-0.36744285
2.00825899,-0.19104587
2.00889899,-0.19104587
2.00953899,-0.19104587
2.01017899,-0.19104587
2.01081899,-0.19104587
2.01145899,-0.01525925
2.01209899,-0.01525925
2.01273899,-0.01525925
2.01337899,0.16052736
2.01401899,0.16052736
2.01465899,0.16052736
2.01529899,0.16052736
2.01593899,0.33692434
2.01657899,0.33692434
2.01721899,0.33692434
2.01785899,0.33692434
2.01849899,0.33692434
2.01913899,0.33692434
2.01977899,0.51332134
2.02041899,0.51332134
2.02105899,0.51332134
2.02169899,0.68971831
2.02233899,0.68971831
2.02297899,0.68971831
2.02361899,0.86550492
2.02425899,0.86550492
2.02489899,0.86550492
2.02553899,1.04190195
2.02617899,1.04190195
2.02681899,1.04190195
2.02745899,1.04190195
2.02809899,1.04190195
2.02873899,1.21829891
2.02937899,1.21829891
2.03001899,1.21829891
2.03065899,1.21829891
2.03129899,1.39469588
2.03193899,1.39469588
2.03257899,1.39469588
2.03321899,1.57048249
2.03385899,1.57048249
2.03449899,1.57048249
2.03513899,1.57048249
2.03577899,1.74687946
2.03641899,1.74687946
2.03705899,1.74687946
2.03769899,1.74687946
2.03833899,1.74687946
2.03897899,1.92327642
2.03961899,1.92327642
2.04025899,1.74687946
2.04089899,1.92327642
2.04153899,1.92327642
2.04217899,1.92327642
2.04281899,1.92327642
2.04345899,1.92327642
2.04409899,1.92327642
2.04473899,2.09967351
2.04537899,2.09967351
2.04601899,2.09967351
2.04665899,2.09967351
2.04729899,2.09967351
2.04793899,2.09967351
2.04857899,2.09967351
2.04921899,2.27546000
2.04985899,2.09967351
2.05049899,2.27546000
2.05113899,2.27546000
2.05177899,2.27546000
2.05241899,2.09967351
2.05305899,2.27546000
2.05369899,2.09967351
2.05433899,2.09967351
2.05497899,2.09967351
2.05561899,2.09967351
2.05625899,2.09967351
2.05689899,2.09967351
2.05753899,2.09967351
2.05817899,2.09967351
2.05881899,2.09967351
2.05945899,1.92327642
2.06009899,2.09967351
2.06073899,2.09967351
2.06137899,1.92327642
2.06201899,1.92327642
2.06265899,1.92327642
2.06329899,1.92327642
2.06393899,1.92327642
2.06457899,1.92327642
2.06521899,1.92327642
2.06585899,1.74687946
2.06649899,1.74687946
2.06713899,1.74687946
2.06777899,1.74687946
2.06841899,1.74687946
2.06905899,1.74687946
2.06969899,1.57048249
2.07033899,1.57048249
2.07097899,1.57048249
2.07161899,1.39469588
2.07225899,1.39469588
2.07289899,1.39469588
2.07353899,1.39469588
2.07417899,1.39469588
2.07481899,1.21829891
2.07545899,1.21829891
2.07609899,1.21829891
2.07673899,1.04190195
2.07737899,1.04190195
2.07801899,1.04190195
2.07865899,1.04190195
2.07929899,1.04190195
2.07993899,0.86550492
2.08057899,0.86550492
2.08121899,0.86550492
2.08185899,0.68971831
2.08249899,0.68971831
2.08313899,0.68971831
2.08377899,0.68971831
2.08441899,0.51332134
2.08505899,0.51332134
2.08569899,0.51332134
2.08633899,0.51332134
2.08697899,0.33692434
2.08761899,0.33692434
2.08825899,0.33692434
2.08889899,0.33692434
2.08953899,0.33692434
2.09017899,0.16052736
2.09081899,0.16052736
2.09145899,0.16052736
2.09209899,0.16052736
2.09273899,0.16052736
2.09337899,-0.01525925
2.09401899,-0.01525925
2.09465899,-0.01525925
2.09529899,-0.01525925
2.09593899,-0.19104587
2.09657899,-0.19104587
2.09721899,-0.19104587
2.09785899,-0.19104587
2.09849899,-0.19104587
2.09913899,-0.19104587
2.09977899,-0.36744285
2.10041899,-0.19104587
2.10105899,-0.19104587
2.10169899,-0.19104587
2.10233899,-0.36744285
2.10297899,-0.36744285
2.10361899,-0.36744285
2.10425899,-0.36744285
2.10489899,-0.36744285
2.10553899,-0.36744285
2.10617899,-0.36744285
2.10681899,-0.36744285
2.10745899,-0.36744285
2.10809899,-0.54383981
2.10873899,-0.36744285
2.10937899,-0.54383981
2.11001899,-0.54383981
2.11065899,-0.54383981
2.11129899,-0.54383981
2.11193899,-0.36744285
2.11257899,-0.36744285
2.11321899,-0.36744285
2.11385899,-0.54383981
2.11449899,-0.54383981
2.11513899,-0.54383981
2.11577899,-0.54383981
2.11641899,-0.54383981
2.11705899,-0.54383981
2.11769899,-0.54383981
2.11833899,-0.54383981
2.11897899,-0.54383981
2.11961899,-0.54383981
2.12025899,-0.54383981
2.12089899,-0.54383981
2.12153899,-0.54383981
2.12217899,-0.54383981
2.12281899,-0.54383981
2.12345899,-0.54383981
2.12409899,-0.54383981
2.12473899,-0.54383981
2.12537899,-0.54383981
2.12601899,-0.54383981
2.12665899,-0.54383981
2.12729899,-0.54383981
2.12793899,-0.54383981
2.12857899,-0.54383981
2.12921899,-0.54383981
2.12985899,-0.54383981
2.13049899,-0.54383981
2.13113899,-0.54383981
2.13177899,-0.72023684
2.13241899,-0.54383981
2.13305899,-0.54383981
2.13369899,-0.54383981
2.13433899,-0.54383981
2.13497899,-0.54383981
2.13561899,-0.72023684
2.13625899,-0.54383981
2.13689899,-0.72023684
2.13753899,-0.72023684
2.13817899,-0.72023684
2.13881899,-0.72023684
2.13945899,-0.72023684
2.14009899,-0.72023684
2.14073899,-0.72023684
2.14137899,-0.89602345
2.14201899,-0.72023684
2.14265899,-0.72023684
2.14329899,-0.89602345
2.14393899,-0.72023684
2.14457899,-0.89602345
2.14521899,-0.89602345
2.14585899,-0.89602345
2.14649899,-0.89602345
2.14713899,-0.89602345
2.14777899,-0.89602345
2.14841899,-0.89602345
2.14905899,-1.07242048
2.14969899,-0.89602345
2.15033899,-1.07242048
2.15097899,-1.07242048
2.15161899,-1.07242048
2.15225899,-1.07242048
2.15289899,-1.07242048
2.15353899,-1.07242048
2.15417899,-1.07242048
2.15481899,-1.07242048
2.15545899,-1.24881744
2.15609899,-1.07242048
2.15673899,-1.24881744
2.15737899,-1.24881744
2.15801899,-1.24881744
2.15865899,-1.24881744
2.15929899,-1.24881744
2.15993899,-1.24881744
2.16057899,-1.24881744
2.16121899,-1.42521441
2.16185899,-1.42521441
2.16249899,-1.42521441
2.16313899,-1.42521441
2.16377899,-1.60100102
2.16441899,-1.42521441
2.16505899,-1.42521441
2.16569899,-1.60100102
2.16633899,-1.60100102
2.16697899,-1.60100102
2.16761899,-1.60100102
2.16825899,-1.60100102
2.16889899,-1.60100102
2.16953899,-1.60100102
2.17017899,-1.60100102
2.17081899,-1.60100102
2.17145899,-1.60100102
2.17209899,-1.60100102
2.17273899,-1.77739799
2.17337899,-1.60100102
2.17401899,-1.60100102
2.17465899,-1.77739799
2.17529899,-1.60100102
2.17593899,-1.77739799
2.17657899,-1.60100102
2.17721899,-1.77739799
2.17785899,-1.77739799
2.17849899,-1.60100102
2.17913899,-1.60100102
2.17977899,-1.77739799
2.18041899,-1.60100102
2.18105899,-1.60100102
2.18169899,-1.60100102
2.18233899,-1.60100102
2.18297899,-1.60100102
2.18361899,-1.60100102
2.18425899,-1.60100102
2.18489899,-1.60100102
2.18553899,-1.60100102
2.18617899,-1.60100102
2.18681899,-1.60100102
2.18745899,-1.42521441
2.18809899,-1.60100102
2.18873899,-1.42521441
2.18937899,-1.42521441
2.19001899,-1.42521441
2.19065899,-1.42521441
2.19129899,-1.24881744
2.19193899,-1.24881744
2.19257899,-1.24881744
2.19321899,-1.07242048
2.19385899,-1.07242048
2.19449899,-1.07242048
2.19513899,-1.24881744
2.19577899,-1.07242048
2.19641899,-1.07242048
2.19705899,-1.07242048
2.19769899,-1.07242048
2.19833899,-0.89602345
2.19897899,-0.89602345
2.19961899,-0.89602345
2.20025899,-0.72023684
2.20089899,-0.72023684
2.20153899,-0.54383981
2.20217899,-0.72023684
2.20281899,-0.54383981
2.20345899,-0.54383981
2.20409899,-0.54383981
2.20473899,-0.36744285
2.20537899,-0.36744285
2.20601899,-0.36744285
2.20665899,-0.36744285
2.20729899,-0.19104587
2.20793899,-0.19104587
2.20857899,-0.19104587
2.20921899,-0.19104587
2.20985899,-0.19104587
2.21049899,-0.01525925
2.21113899,0.16052736
2.21177899,0.16052736
2.21241899,0.16052736
2.21305899,0.16052736
2.21369899,0.33692434
2.21433899,0.33692434
2.21497899,0.33692434
2.21561899,0.33692434
2.21625899,0.33692434
2.21689899,0.51332134
2.21753899,0.51332134
2.21817899,0.51332134
2.21881899,0.51332134
2.21945899,0.68971831
2.22009899,0.68971831
2.22073899,0.68971831
2.22137899,0.86550492
2.22201899,0.68971831
2.22265899,0.86550492
2.22329899,0.86550492
2.22393899,1.04190195
2.22457899,1.04190195
2.22521899,1.04190195
2.22585899,1.04190195
2.22649899,1.04190195
2.22713899,1.21829891
2.22777899,1.21829891
2.22841899,1.21829891
2.22905899,1.21829891
2.22969899,1.21829891
2.23033899,1.21829891
2.23097899,1.39469588
2.23161899,1.21829891
2.23225899,1.39469588
2.23289899,1.39469588
2.23353899,1.39469588
2.23417899,1.39469588
2.23481899,1.39469588
2.23545899,1.39469588
2.23609899,1.57048249
2.23673899,1.39469588
2.23737899,1.39469588
2.23801899,1.57048249
2.23865899,1.57048249
2.23929899,1.57048249
2.23993899,1.57048249
2.24057899,1.57048249
2.24121899,1.57048249
2.24185899,1.57048249
2.24249899,1.57048249
2.24313899,1.39469588
2.24377899,1.57048249
2.24441899,1.57048249
2.24505899,1.57048249
2.24569899,1.57048249
2.24633899,1.57048249
2.24697899,1.57048249
2.24761899,1.39469588
2.24825899,1.57048249
2.24889899,1.57048249
2.24953899,1.39469588
2.25017899,1.39469588
2.25081899,1.39469588
2.25145899,1.39469588
2.25209899,1.39469588
2.25273899,1.39469588
2.25337899,1.39469588
2.25401899,1.39469588
2.25465899,1.39469588
2.25529899,1.39469588
2.25593899,1.21829891
2.25657899,1.39469588
2.25721899,1.39469588
2.25785899,1.21829891
2.25849899,1.21829891
2.25913899,1.21829891
2.25977899,1.21829891
2.26041899,1.21829891
2.26105899,1.21829891
2.26169899,1.21829891
2.26233899,1.21829891
2.26297899,1.21829891
2.26361899,1.21829891
2.26425899,1.04190195
2.26489899,1.04190195
2.26553899,1.04190195
2.26617899,1.04190195
2.26681899,1.21829891
2.26745899,1.04190195
2.26809899,1.04190195
2.26873899,0.86550492
2.26937899,1.04190195
2.27001899,1.04190195
2.27065899,0.86550492
2.27129899,1.04190195
2.27193899,0.86550492
2.27257899,0.86550492
2.27321899,1.04190195
2.27385899,0.86550492
2.27449899,0.86550492
2.27513899,0.86550492
2.27577899,0.86550492
2.27641899,0.86550492
2.27705899,0.86550492
2.27769899,0.86550492
2.27833899,0.86550492
2.27897899,0.86550492
2.27961899,0.86550492
2.28025899,0.68971831
2.28089899,0.86550492
2.28153899,0.68971831
2.28217899,0.68971831
2.28281899,0.86550492
2.28345899,0.86550492
2.28409899,0.68971831
2.28473899,0.68971831
2.28537899,0.68971831
2.28601899,0.68971831
2.28665899,0.68971831
2.28729899,0.68971831
2.28793899,0.68971831
2.28857899,0.86550492
2.28921899,0.68971831
2.28985899,0.68971831
2.29049899,0.86550492
2.29113899,0.68971831
2.29177899,0.86550492
2.29241899,0.68971831
2.29305899,0.68971831
2.29369899,0.68971831
2.29433899,0.68971831
2.29497899,0.68971831
2.29561899,0.68971831
2.29625899,0.68971831
2.29689899,0.68971831
2.29753899,0.68971831
2.29817899,0.68971831
2.29881899,0.68971831
2.29945899,0.68971831
2.30009899,0.68971831
2.30073899,0.68971831
2.30137899,0.68971831
2.30201899,0.86550492
2.30265899,0.68971831
2.30329899,0.68971831
2.30393899,0.68971831
2.30457899,0.68971831
2.30521899,0.68971831
2.30585899,0.68971831
2.30649899,0.68971831
2.30713899,0.68971831
2.30777899,0.51332134
2.30841899,0.68971831
2.30905899,0.51332134
2.30969899,0.51332134
2.31033899,0.68971831
2.31097899,0.68971831
2.31161899,0.51332134
2.31225899,0.51332134
2.31289899,0.51332134
2.31353899,0.51332134
2.31417899,0.51332134
2.31481899,0.51332134
2.31545899,0.51332134
2.31609899,0.51332134
2.31673899,0.51332134
2.31737899,0.51332134
2.31801899,0.33692434
2.31865899,0.51332134
2.31929899,0.33692434
2.31993899,0.51332134
2.32057899,0.33692434
2.32121899,0.33692434
2.32185899,0.33692434
2.32249899,0.33692434
2.32313899,0.33692434
2.32377899,0.16052736
2.32441899,0.16052736
2.32505899,0.16052736
2.32569899,0.16052736
2.32633899,0.16052736
2.32697899,-0.01525925
2.32761899,-0.01525925
2.32825899,-0.01525925
2.32889899,-0.01525925
2.32953899,-0.01525925
2.33017899,-0.19104587
2.33081899,-0.19104587
2.33145899,-0.19104587
2.33209899,-0.19104587
2.33273899,-0.19104587
2.33337899,-0.36744285
2.33401899,-0.36744285
2.33465899,-0.36744285
2.33529899,-0.36744285
2.33593899,-0.36744285
2.33657899,-0.54383981
2.33721899,-0.54383981
2.33785899,-0.54383981
2.33849899,-0.54383981
2.33913899,-0.54383981
2.33977899,-0.72023684
2.34041899,-0.72023684
2.34105899,-0.72023684
2.34169899,-0.72023684
2.34233899,-0.89602345
2.34297899,-0.89602345
2.34361899,-0.89602345
2.34425899,-0.89602345
2.34489899,-1.07242048
2.34553899,-1.07242048
2.34617899,-1.07242048
2.34681899,-1.07242048
2.34745899,-1.07242048
2.34809899,-1.24881744
2.34873899,-1.24881744
2.34937899,-1.24881744
2.35001899,-1.24881744
2.35065899,-1.42521441
2.35129899,-1.24881744
2.35193899,-1.42521441
2.35257899,-1.24881744
2.35321899,-1.42521441
2.35385899,-1.60100102
2.35449899,-1.42521441
2.35513899,-1.42521441
2.35577899,-1.60100102
2.35641899,-1.60100102
2.35705899,-1.60100102
2.35769899,-1.60100102
2.35833899,-1.60100102
2.35897899,-1.60100102
2.35961899,-1.77739799
2.36025899,-1.60100102
2.36089899,-1.60100102
2.36153899,-1.77739799
2.36217899,-1.60100102
2.36281899,-1.77739799
2.36345899,-1.77739799
2.36409899,-1.77739799
2.36473899,-1.77739799
2.36537899,-1.77739799
2.36601899,-1.77739799
2.36665899,-1.77739799
2.36729899,-1.77739799
2.36793899,-1.77739799
2.36857899,-1.77739799
2.36921899,-1.77739799
2.36985899,-1.77739799
2.37049899,-1.60100102
2.37113899,-1.77739799
2.37177899,-1.60100102
2.37241899,-1.77739799
2.37305899,-1.60100102
2.37369899,-1.77739799
2.37433899,-1.60100102
2.37497899,-1.60100102
2.37561899,-1.77739799
2.37625899,-1.60100102
2.37689899,-1.60100102
2.37753899,-1.60100102
2.37817899,-1.60100102
2.37881899,-1.60100102
2.37945899,-1.60100102
2.38009899,-1.60100102
2.38073899,-1.42521441
2.38137899,-1.42521441
2.38201899,-1.42521441
2.38265899,-1.42521441
2.38329899,-1.24881744
2.38393899,-1.42521441
2.38457899,-1.24881744
2.38521899,-1.24881744
2.38585899,-1.24881744
2.38649899,-1.24881744
2.38713899,-1.24881744
2.38777899,-1.24881744
2.38841899,-1.07242048
2.38905899,-1.07242048
2.38969899,-1.07242048
2.39033899,-1.07242048
2.39097899,-0.89602345
2.39161899,-0.89602345
2.39225899,-0.89602345
2.39289899,-0.89602345
2.39353899,-0.89602345
2.39417899,-0.89602345
2.39481899,-0.72023684
2.39545899,-0.72023684
2.39609899,-0.72023684
2.39673899,-0.54383981
2.39737899,-0.54383981
2.39801899,-0.54383981
2.39865899,-0.54383981
2.39929899,-0.72023684
2.39993899,-0.54383981
2.40057899,-0.36744285
2.40121899,-0.54383981
2.40185899,-0.36744285
2.40249899,-0.36744285
2.40313899,-0.36744285
2.40377899,-0.36744285
2.40441899,-0.36744285
2.40505899,-0.36744285
2.40569899,-0.19104587
2.40633899,-0.19104587
2.40697899,-0.19104587
2.40761899,-0.19104587
2.40825899,-0.19104587
2.40889899,-0.19104587
2.40953899,-0.19104587
2.41017899,-0.01525925
2.41081899,-0.01525925
2.41145899,-0.01525925
2.41209899,-0.01525925
2.41273899,-0.01525925
2.41337899,0.16052736
2.41401899,0.16052736
2.41465899,0.16052736
2.41529899,0.16052736
2.41593899,0.16052736
2.41657899,0.16052736
2.41721899,0.16052736
2.41785899,0.16052736
2.41849899,0.16052736
2.41913899,0.33692434
2.41977899,0.33692434
2.42041899,0.33692434
2.42105899,0.33692434
2.42169899,0.33692434
2.42233899,0.33692434
2.42297899,0.33692434
2.42361899,0.33692434
2.42425899,0.33692434
2.42489899,0.33692434
2.42553899,0.33692434
2.42617899,0.33692434
2.42681899,0.33692434
2.42745899,0.33692434
2.42809899,0.33692434
2.42873899,0.33692434
2.42937899,0.33692434
2.43001899,0.51332134
2.43065899,0.33692434
2.43129899,0.33692434
2.43193899,0.33692434
2.43257899,0.51332134
2.43321899,0.51332134
2.43385899,0.51332134
2.43449899,0.33692434
2.43513899,0.33692434
2.43577899,0.51332134
2.43641899,0.51332134
2.43705899,0.33692434
2.43769899,0.33692434
2.43833899,0.51332134
2.43897899,0.51332134
2.43961899,0.51332134
2.44025899,0.51332134
2.44089899,0.51332134
2.44153899,0.51332134
2.44217899,0.51332134
2.44281899,0.51332134
2.44345899,0.51332134
2.44409899,0.51332134
2.44473899,0.51332134
2.44537899,0.51332134
2.44601899,0.51332134
2.44665899,0.51332134
2.44729899,0.51332134
2.44793899,0.51332134
2.44857899,0.51332134
2.44921899,0.51332134
2.44985899,0.51332134
2.45049899,0.51332134
2.45113899,0.68971831
2.45177899,0.51332134
2.45241899,0.68971831
2.45305899,0.51332134
2.45369899,0.68971831
2.45433899,0.68971831
2.45497899,0.51332134
2.45561899,0.68971831
2.45625899,0.51332134
2.45689899,0.68971831
2.45753899,0.51332134
2.45817899,0.86550492
2.45881899,0.68971831
2.45945899,0.68971831
2.46009899,0.68971831
2.46073899,0.68971831
2.46137899,0.86550492
2.46201898,0.86550492
2.46265898,0.86550492
2.46329898,0.86550492
2.46393898,0.86550492
2.46457898,0.86550492
2.46521898,0.86550492
2.46585898,0.86550492
2.46649898,0.86550492
2.46713898,1.04190195
2.46777898,1.04190195
2.46841898,1.04190195
2.46905898,1.04190195
2.46969898,1.04190195
2.47033898,1.04190195
2.47097898,1.04190195
2.47161898,1.04190195
2.47225898,1.04190195
2.47289898,1.21829891
2.47353898,1.04190195
2.47417898,1.21829891
2.47481898,1.21829891
2.47545898,1.21829891
2.47609898,1.21829891
2.47673898,1.21829891
2.47737898,1.21829891
2.47801898,1.21829891
2.47865898,1.21829891
2.47929898,1.21829891
2.47993898,1.21829891
2.48057898,1.21829891
2.48121898,1.21829891
2.48185898,1.21829891
2.48249898,1.21829891
2.48313898,1.39469588
2.48377898,1.39469588
2.48441898,1.39469588
2.48505898,1.39469588
2.48569898,1.39469588
2.48633898,1.39469588
2.48697898,1.39469588
2.48761898,1.39469588
2.48825898,1.39469588
2.48889898,1.39469588
2.48953898,1.39469588
2.49017898,1.39469588
2.49081898,1.39469588
2.49145898,1.39469588
2.49209898,1.57048249
2.49273898,1.39469588
2.49337898,1.39469588
2.49401898,1.39469588
2.49465898,1.39469588
2.49529898,1.39469588
2.49593898,1.39469588
2.49657898,1.39469588
2.49721898,1.39469588
2.49785898,1.39469588
2.49849898,1.21829891
2.49913898,1.21829891
2.49977898,1.39469588
2.50041898,1.39469588
2.50105898,1.21829891
2.50169898,1.21829891
2.50233898,1.21829891
2.50297898,1.21829891
2.50361898,1.21829891
2.50425898,1.21829891
2.50489898,1.21829891
2.50553898,1.21829891
2.50617898,1.04190195
2.50681898,1.04190195
2.50745898,1.04190195
2.50809898,1.04190195
2.50873898,1.04190195
2.50937898,1.04190195
2.51001898,1.04190195
2.51065898,1.04190195
2.51129898,0.86550492
2.51193898,0.86550492
2.51257898,0.86550492
2.51321898,0.86550492
2.51385898,0.86550492
2.51449898,0.68971831
2.51513898,0.68971831
2.51577898,0.68971831
2.51641898,0.51332134
2.51705898,0.51332134
2.51769898,0.51332134
2.51833898,0.51332134
2.51897898,0.51332134
2.51961898,0.51332134
2.52025898,0.33692434
2.52089898,0.33692434
2.52153898,0.33692434
2.52217898,0.33692434
2.52281898,0.33692434
2.52345898,0.33692434
2.52409898,0.16052736
2.52473898,0.16052736
2.52537898,0.16052736
2.52601898,0.16052736
2.52665898,0.16052736
2.52729898,-0.01525925
2.52793898,-0.01525925
2.52857898,-0.01525925
2.52921898,-0.19104587
2.52985898,-0.19104587
2.53049898,-0.19104587
2.53113898,-0.19104587
2.53177898,-0.19104587
2.53241898,-0.36744285
2.53305898,-0.36744285
2.53369898,-0.36744285
2.53433898,-0.36744285
2.53497898,-0.54383981
2.53561898,-0.54383981
2.53625898,-0.54383981
2.53689898,-0.54383981
2.53753898,-0.54383981
2.53817898,-0.72023684
2.53881898,-0.72023684
2.53945898,-0.72023684
2.54009898,-0.72023684
2.54073898,-0.72023684
2.54137898,-0.72023684
2.54201898,-0.72023684
2.54265898,-0.72023684
2.54329898,-0.89602345
2.54393898,-0.89602345
2.54457898,-0.89602345
2.54521898,-0.89602345
2.54585898,-0.89602345
2.54649898,-0.89602345
2.54713898,-0.89602345
2.54777898,-0.89602345
2.54841898,-0.89602345
2.54905898,-0.89602345
2.54969898,-1.07242048
2.55033898,-1.07242048
2.55097898,-1.07242048
2.55161898,-1.07242048
2.55225898,-1.07242048
2.55289898,-1.07242048
2.55353898,-1.07242048
2.55417898,-1.07242048
2.55481898,-1.07242048
2.55545898,-1.07242048
2.55609898,-1.07242048
2.55673898,-1.24881744
2.55737898,-1.07242048
2.55801898,-1.07242048
2.55865898,-1.07242048
2.55929898,-1.24881744
2.55993898,-1.07242048
2.56057898,-1.24881744
2.56121898,-1.24881744
2.56185898,-1.24881744
2.56249898,-1.24881744
2.56313898,-1.07242048
2.56377898,-1.07242048
2.56441898,-1.07242048
2.56505898,-1.07242048
2.56569898,-1.07242048
2.56633898,-1.07242048
2.56697898,-1.07242048
2.56761898,-1.07242048
2.56825898,-1.07242048
2.56889898,-1.07242048
2.56953898,-1.07242048
2.57017898,-1.07242048
2.57081898,-1.07242048
2.57145898,-1.07242048
2.57209898,-1.07242048
2.57273898,-0.89602345
2.57337898,-1.07242048
2.57401898,-1.07242048
2.57465898,-0.89602345
2.57529898,-1.07242048
2.57593898,-0.89602345
2.57657898,-0.89602345
2.57721898,-0.89602345
2.57785898,-0.89602345
2.57849898,-0.89602345
2.57913898,-0.89602345
2.57977898,-0.89602345
2.58041898,-0.89602345
2.58105898,-0.89602345
2.58169898,-0.89602345
2.58233898,-0.89602345
2.58297898,-0.89602345
2.58361898,-0.89602345
2.58425898,-0.89602345
2.58489898,-0.89602345
2.58553898,-0.89602345
2.58617898,-0.89602345
2.58681898,-0.89602345
2.58745898,-0.89602345
2.58809898,-0.89602345
2.58873898,-0.72023684
2.58937898,-0.89602345
2.59001898,-0.89602345
2.59065898,-0.89602345
2.59129898,-0.89602345
2.59193898,-0.72023684
2.59257898,-0.72023684
2.59321898,-0.72023684
2.59385898,-0.72023684
2.59449898,-0.72023684
2.59513898,-0.72023684
2.59577898,-0.72023684
2.59641898,-0.72023684
2.59705898,-0.72023684
2.59769898,-0.72023684
2.59833898,-0.72023684
2.59897898,-0.72023684
2.59961898,-0.72023684
2.60025898,-0.72023684
2.60089898,-0.72023684
2.60153898,-0.72023684
2.60217898,-0.54383981
2.60281898,-0.54383981
2.60345898,-0.72023684
2.60409898,-0.72023684
2.60473898,-0.72023684
2.60537898,-0.54383981
2.60601898,-0.54383981
2.60665898,-0.72023684
2.60729898,-0.72023684
2.60793898,-0.54383981
2.60857898,-0.54383981
2.60921898,-0.54383981
2.60985898,-0.72023684
2.61049898,-0.54383981
2.61113898,-0.72023684
2.61177898,-0.72023684
2.61241898,-0.54383981
2.61305898,-0.54383981
2.61369898,-0.72023684
2.61433898,-0.72023684
2.61497898,-0.72023684
2.61561898,-0.54383981
2.61625898,-0.54383981
2.61689898,-0.54383981
2.61753898,-0.54383981
2.61817898,-0.54383981
2.61881898,-0.54383981
2.61945898,-0.54383981
2.62009898,-0.54383981
2.62073898,-0.54383981
2.62137898,-0.54383981
2.62201898,-0.54383981
2.62265898,-0.54383981
2.62329898,-0.54383981
2.62393898,-0.54383981
2.62457898,-0.54383981
2.62521898,-0.54383981
2.62585898,-0.36744285
2.62649898,-0.54383981
2.62713898,-0.36744285
2.62777898,-0.36744285
2.62841898,-0.36744285
2.62905898,-0.36744285
2.62969898,-0.36744285
2.63033898,-0.36744285
2.63097898,-0.36744285
2.63161898,-0.36744285
2.63225898,-0.36744285
2.63289898,-0.36744285
2.63353898,-0.36744285
2.63417898,-0.36744285
2.63481898,-0.19104587
2.63545898,-0.36744285
2.63609898,-0.36744285
2.63673898,-0.19104587
2.63737898,-0.19104587
2.63801898,-0.19104587
2.63865898,-0.19104587
2.63929898,-0.19104587
2.63993898,-0.19104587
2.64057898,-0.19104587
2.64121898,-0.01525925
2.64185898,-0.19104587
2.64249898,-0.01525925
2.64313898,-0.01525925
2.64377898,-0.01525925
2.64441898,-0.01525925
2.64505898,0.16052736
2.64569898,0.16052736
2.64633898,0.16052736
2.64697898,0.16052736
2.64761898,0.33692434
2.64825898,0.33692434
2.64889898,0.33692434
2.64953898,0.33692434
2.65017898,0.33692434
2.65081898,0.33692434
2.65145898,0.33692434
2.65209898,0.33692434
2.65273898,0.51332134
2.65337898,0.51332134
2.65401898,0.51332134
2.65465898,0.51332134
2.65529898,0.51332134
2.65593898,0.68971831
2.65657898,0.51332134
2.65721898,0.68971831
2.65785898,0.68971831
2.65849898,0.68971831
2.65913898,0.68971831
2.65977898,0.68971831
2.66041898,0.86550492
2.66105898,0.86550492
2.66169898,0.86550492
2.66233898,0.86550492
2.66297898,0.86550492
2.66361898,1.04190195
2.66425898,1.04190195
2.66489898,1.04190195
2.66553898,1.04190195
2.66617898,1.04190195
2.66681898,1.04190195
2.66745898,1.21829891
2.66809898,1.21829891
2.66873898,1.21829891
2.66937898,1.21829891
2.67001898,1.21829891
2.67065898,1.21829891
2.67129898,1.21829891
2.67193898,1.21829891
2.67257898,1.21829891
2.67321898,1.21829891
2.67385898,1.39469588
2.67449898,1.39469588
2.67513898,1.39469588
2.67577898,1.39469588
2.67641898,1.39469588
2.67705898,1.39469588
2.67769898,1.39469588
2.67833898,1.39469588
2.67897898,1.39469588
2.67961898,1.39469588
2.68025898,1.39469588
2.68089898,1.39469588
2.68153898,1.39469588
2.68217898,1.39469588
2.68281898,1.39469588
2.68345898,1.39469588
2.68409898,1.39469588
2.68473898,1.39469588
2.68537898,1.57048249
2.68601898,1.39469588
2.68665898,1.39469588
2.68729898,1.39469588
2.68793898,1.39469588
2.68857898,1.39469588
2.68921898,1.39469588
2.68985898,1.39469588
2.69049898,1.39469588
2.69113898,1.39469588
2.69177898,1.21829891
2.69241898,1.21829891
2.69305898,1.21829891
2.69369898,1.21829891
2.69433898,1.21829891
2.69497898,1.21829891
2.69561898,1.21829891
2.69625898,1.21829891
2.69689898,1.21829891
2.69753898,1.21829891
2.69817898,1.21829891
2.69881898,1.04190195
2.69945898,1.21829891
2.70009898,1.04190195
2.70073898,1.04190195
2.70137898,1.04190195
2.70201898,1.04190195
2.70265898,1.04190195
2.70329898,0.86550492
2.70393898,1.04190195
2.70457898,0.86550492
2.70521898,0.86550492
2.70585898,0.86550492
2.70649898,0.86550492
2.70713898,0.86550492
2.70777898,0.86550492
2.70841898,0.86550492
2.70905898,0.68971831
2.70969898,0.68971831
2.71033898,0.68971831
2.71097898,0.68971831
2.71161898,0.68971831
2.71225898,0.51332134
2.71289898,0.68971831
2.71353898,0.51332134
2.71417898,0.51332134
2.71481898,0.51332134
2.71545898,0.51332134
2.71609898,0.51332134
2.71673898,0.51332134
2.71737898,0.51332134
2.71801898,0.51332134
2.71865898,0.33692434
2.71929898,0.33692434
2.71993898,0.33692434
2.72057898,0.33692434
2.72121898,0.33692434
2.72185898,0.33692434
2.72249898,0.33692434
2.72313898,0.33692434
2.72377898,0.16052736
2.72441898,0.33692434
2.72505898,0.16052736
2.72569898,0.16052736
2.72633898,0.16052736
2.72697898,0.16052736
2.72761898,0.16052736
2.72825898,0.16052736
2.72889898,0.16052736
2.72953898,-0.01525925
2.73017898,-0.01525925
2.73081898,-0.01525925
2.73145898,-0.01525925
2.73209898,-0.01525925
2.73273898,-0.01525925
2.73337898,-0.01525925
2.73401898,-0.01525925
2.73465898,-0.01525925
2.73529898,-0.19104587
2.73593898,-0.01525925
2.73657898,-0.19104587
2.73721898,-0.19104587
2.73785898,-0.19104587
2.73849898,-0.19104587
2.73913898,-0.01525925
2.73977898,-0.19104587
2.74041898,-0.19104587
2.74105898,-0.19104587
2.74169898,-0.19104587
2.74233898,-0.19104587
2.74297898,-0.19104587
2.74361898,-0.19104587
2.74425898,-0.19104587
2.74489898,-0.19104587
2.74553898,-0.19104587
2.74617898,-0.19104587
2.74681898,-0.19104587
2.74745898,-0.19104587
2.74809898,-0.19104587
2.74873898,-0.19104587
2.74937898,-0.36744285
2.75001898,-0.36744285
2.75065898,-0.19104587
2.75129898,-0.19104587
2.75193898,-0.36744285
2.75257898,-0.36744285
2.75321898,-0.36744285
2.75385898,-0.36744285
2.75449898,-0.36744285
2.75513898,-0.36744285
2.75577898,-0.36744285
2.75641898,-0.36744285
2.75705898,-0.36744285
2.75769898,-0.36744285
2.75833898,-0.36744285
2.75897898,-0.36744285
2.75961898,-0.36744285
2.76025898,-0.36744285
2.76089898,-0.36744285
2.76153898,-0.36744285
2.76217898,-0.36744285
2.76281898,-0.36744285
2.76345898,-0.36744285
2.76409898,-0.36744285
2.76473898,-0.36744285
2.76537898,-0.36744285
2.76601898,-0.36744285
2.76665898,-0.54383981
2.76729898,-0.36744285
2.76793898,-0.36744285
2.76857898,-0.36744285
2.76921898,-0.54383981
2.76985898,-0.54383981
2.77049898,-0.36744285
2.77113898,-0.54383981
2.77177898,-0.54383981
2.77241898,-0.54383981
2.77305898,-0.54383981
2.77369898,-0.54383981
2.77433898,-0.54383981
2.77497898,-0.54383981
2.77561898,-0.54383981
2.77625898,-0.54383981
2.77689898,-0.54383981
2.77753898,-0.72023684
2.77817898,-0.72023684
2.77881898,-0.72023684
2.77945898,-0.72023684
2.78009898,-0.72023684
2.78073898,-0.72023684
2.78137898,-0.72023684
2.78201898,-0.89602345
2.78265898,-0.89602345
2.78329898,-0.89602345
2.78393898,-0.89602345
2.78457898,-0.89602345
2.78521898,-0.89602345
2.78585898,-0.89602345
2.78649898,-0.89602345
2.78713898,-0.89602345
2.78777898,-0.89602345
2.78841898,-0.89602345
2.78905898,-0.89602345
2.78969898,-0.89602345
2.79033898,-0.89602345
2.79097898,-1.07242048
2.79161898,-0.89602345
2.79225898,-0.89602345
2.79289898,-1.07242048
2.79353898,-1.07242048
2.79417898,-1.07242048
2.79481898,-1.07242048
2.79545898,-1.07242048
2.79609898,-1.07242048
2.79673898,-1.07242048
2.79737898,-1.07242048
2.79801898,-1.07242048
2.79865898,-1.07242048
2.79929898,-1.07242048
2.79993898,-1.07242048
2.80057898,-1.07242048
2.80121898,-1.07242048
2.80185898,-1.07242048
2.80249898,-1.07242048
2.80313898,-1.07242048
2.80377898,-1.07242048
2.80441898,-1.07242048
2.80505898,-1.07242048
2.80569898,-1.07242048
2.80633898,-1.24881744
2.80697898,-1.07242048
2.80761898,-1.07242048
2.80825898,-1.07242048
2.80889898,-1.07242048
2.80953898,-1.07242048
2.81017898,-1.07242048
2.81081898,-1.24881744
2.81145898,-1.07242048
2.81209898,-1.07242048
2.81273898,-1.07242048
2.81337898,-1.07242048
2.81401898,-1.07242048
2.81465898,-1.07242048
2.81529898,-1.07242048
2.81593898,-1.07242048
2.81657898,-1.07242048
2.81721898,-0.89602345
2.81785898,-1.07242048
2.81849898,-0.89602345
2.81913898,-1.07242048
2.81977898,-0.89602345
2.82041898,-0.89602345
2.82105898,-1.07242048
2.82169898,-0.89602345
2.82233898,-0.89602345
2.82297898,-0.89602345
2.82361898,-0.89602345
2.82425898,-0.89602345
2.82489898,-0.89602345
2.82553898,-0.72023684
2.82617898,-0.72023684
2.82681898,-0.72023684
2.82745898,-0.72023684
2.82809898,-0.72023684
2.82873898,-0.54383981
2.82937898,-0.54383981
2.83001898,-0.54383981
2.83065898,-0.54383981
2.83129898,-0.54383981
2.83193898,-0.54383981
2.83257898,-0.36744285
2.83321898,-0.36744285
2.83385898,-0.36744285
2.83449898,-0.36744285
2.83513898,-0.36744285
2.83577898,-0.36744285
2.83641898,-0.36744285
2.83705898,-0.36744285
2.83769898,-0.36744285
2.83833898,-0.19104587
2.83897898,-0.19104587
2.83961898,-0.19104587
2.84025898,-0.19104587
2.84089898,-0.01525925
2.84153898,-0.01525925
2.84217898,-0.01525925
2.84281898,-0.01525925
2.84345898,-0.01525925
2.84409898,-0.01525925
2.84473898,0.16052736
2.84537898,0.16052736
2.84601898,0.16052736
2.84665898,0.16052736
2.84729898,0.16052736
2.84793898,0.33692434
2.84857898,0.33692434
2.84921898,0.33692434
2.84985898,0.33692434
2.85049898,0.33692434
2.85113898,0.33692434
2.85177898,0.33692434
2.85241898,0.51332134
2.85305898,0.51332134
2.85369898,0.51332134
2.85433898,0.51332134
2.85497898,0.51332134
2.85561898,0.51332134
2.85625898,0.51332134
2.85689898,0.51332134
2.85753898,0.51332134
2.85817898,0.51332134
2.85881898,0.68971831
2.85945898,0.68971831
2.86009898,0.68971831
2.86073898,0.68971831
2.86137898,0.68971831
2.86201898,0.68971831
2.86265898,0.68971831
2.86329898,0.86550492
2.86393898,0.68971831
2.86457898,0.86550492
2.86521898,0.86550492
2.86585898,0.86550492
2.86649898,0.86550492
2.86713898,0.86550492
2.86777898,0.86550492
2.86841898,0.86550492
2.86905898,0.86550492
2.86969898,0.86550492
2.87033898,1.04190195
2.87097898,0.86550492
2.87161898,0.86550492
2.87225898,0.86550492
2.87289898,0.86550492
2.87353898,0.86550492
2.87417898,0.86550492
2.87481898,0.86550492
2.87545898,0.86550492
2.87609898,0.86550492
2.87673898,0.86550492
2.87737898,0.86550492
2.87801898,0.86550492
2.87865898,0.86550492
2.87929898,0.86550492
2.87993898,1.04190195
2.88057898,0.86550492
2.88121898,0.86550492
2.88185898,0.86550492
2.88249898,0.86550492
2.88313898,0.86550492
2.88377898,0.86550492
2.88441898,0.86550492
2.88505898,0.86550492
2.88569898,0.86550492
2.88633898,0.86550492
2.88697898,0.86550492
2.88761898,0.86550492
2.88825898,0.86550492
2.88889898,0.86550492
2.88953898,0.86550492
2.89017898,0.86550492
2.89081898,0.86550492
2.89145898,0.86550492
2.89209898,0.86550492
2.89273898,0.86550492
2.89337898,0.68971831
2.89401898,0.86550492
2.89465898,0.68971831
2.89529898,0.86550492
2.89593898,0.86550492
2.89657898,0.86550492
2.89721898,0.68971831
2.89785898,0.86550492
2.89849898,0.86550492
2.89913898,0.86550492
2.89977898,0.68971831
2.90041898,0.68971831
2.90105898,0.86550492
2.90169898,0.86550492
2.90233898,0.68971831
2.90297898,0.86550492
2.90361898,0.68971831
2.90425898,0.68971831
2.90489898,0.68971831
2.90553898,0.86550492
2.90617898,0.86550492
2.90681898,0.68971831
2.90745898,0.68971831
2.90809898,0.68971831
2.90873898,0.68971831
2.90937898,0.68971831
2.91001898,0.68971831
2.91065898,0.68971831
2.91129898,0.68971831
2.91193898,0.68971831
2.91257898,0.68971831
2.91321898,0.68971831
2.91385898,0.68971831
2.91449898,0.68971831
2.91513898,0.68971831
2.91577898,0.68971831
2.91641898,0.68971831
2.91705898,0.51332134
2.91769898,0.68971831
2.91833898,0.51332134
2.91897898,0.68971831
2.91961898,0.68971831
2.92025898,0.68971831
2.92089898,0.68971831
2.92153898,0.68971831
2.92217898,0.68971831
2.92281898,0.68971831
2.92345898,0.68971831
2.92409898,0.51332134
2.92473898,0.68971831
2.92537898,0.68971831
2.92601898,0.68971831
2.92665898,0.51332134
2.92729898,0.51332134
2.92793898,0.51332134
2.92857898,0.68971831
2.92921898,0.51332134
2.92985898,0.51332134
2.93049898,0.51332134
2.93113898,0.51332134
2.93177898,0.68971831
2.93241898,0.51332134
2.93305898,0.51332134
2.93369898,0.68971831
2.93433898,0.51332134
2.93497898,0.51332134
2.93561898,0.51332134
2.93625898,0.51332134
2.93689898,0.51332134
2.93753898,0.51332134
2.93817898,0.51332134
2.93881898,0.51332134
2.93945898,0.51332134
2.94009898,0.33692434
2.94073898,0.51332134
2.94137898,0.51332134
2.94201898,0.51332134
2.94265898,0.51332134
2.94329898,0.51332134
2.94393898,0.51332134
2.94457898,0.51332134
2.94521898,0.51332134
2.94585898,0.33692434
2.94649898,0.33692434
2.94713898,0.33692434
2.94777898,0.33692434
2.94841898,0.33692434
2.94905898,0.33692434
2.94969898,0.33692434
2.95033898,0.33692434
2.95097898,0.16052736
2.95161898,0.33692434
2.95225898,0.16052736
2.95289898,0.16052736
2.95353898,0.16052736
2.95417898,0.16052736
2.95481898,0.16052736
2.95545898,0.16052736
2.95609898,-0.01525925
2.95673898,-0.01525925
2.95737898,0.16052736
2.95801898,-0.01525925
2.95865898,-0.01525925
2.95929898,-0.01525925
2.95993898,-0.01525925
2.96057898,-0.01525925
2.96121898,-0.19104587
2.96185898,-0.19104587
2.96249898,-0.19104587
2.96313898,-0.19104587
2.96377898,-0.19104587
2.96441898,-0.19104587
2.96505898,-0.19104587
2.96569898,-0.19104587
2.96633898,-0.36744285
2.96697898,-0.36744285
2.96761898,-0.36744285
2.96825898,-0.36744285
2.96889898,-0.36744285
2.96953898,-0.36744285
2.97017898,-0.36744285
2.97081898,-0.54383981
2.97145898,-0.54383981
2.97209898,-0.54383981
2.97273898,-0.54383981
2.97337898,-0.54383981
2.97401898,-0.54383981
2.97465898,-0.54383981
2.97529898,-0.54383981
2.97593898,-0.72023684
2.97657898,-0.72023684
2.97721898,-0.72023684
2.97785898,-0.72023684
2.97849898,-0.72023684
2.97913898,-0.89602345
2.97977898,-0.89602345
2.98041898,-0.89602345
2.98105898,-0.89602345
2.98169898,-0.89602345
2.98233898,-0.89602345
2.98297898,-0.89602345
2.98361898,-0.89602345
2.98425898,-0.89602345
2.98489898,-0.89602345
2.98553898,-0.89602345
2.98617898,-1.07242048
2.98681898,-1.07242048
2.98745898,-1.07242048
2.98809898,-0.89602345
2.98873898,-1.07242048
2.98937898,-1.07242048
2.99001898,-1.07242048
2.99065898,-1.07242048
2.99129898,-1.07242048
2.99193898,-1.07242048
2.99257898,-1.07242048
2.99321898,-1.07242048
2.99385898,-1.07242048
2.99449898,-1.24881744
2.99513898,-1.07242048
2.99577898,-1.24881744
2.99641898,-1.07242048
2.99705898,-1.07242048
2.99769898,-1.07242048
2.99833898,-1.07242048
2.99897898,-1.07242048
2.99961898,-1.07242048
3.00025898,-1.07242048
3.00089898,-1.24881744
3.00153898,-1.07242048
3.00217898,-1.07242048
3.00281898,-1.07242048
3.00345898,-1.07242048
3.00409898,-1.07242048
3.00473898,-1.07242048
3.00537898,-1.07242048
3.00601898,-1.07242048
3.00665898,-1.07242048
3.00729898,-1.07242048
3.00793898,-1.07242048
3.00857898,-1.07242048
3.00921898,-1.07242048
3.00985898,-0.89602345
3.01049898,-1.07242048
3.01113898,-1.07242048
3.01177898,-0.89602345
3.01241898,-0.89602345
3.01305898,-0.89602345
3.01369898,-0.89602345
3.01433898,-0.89602345
3.01497898,-0.89602345
3.01561898,-0.89602345
3.01625898,-0.89602345
3.01689898,-0.89602345
3.01753898,-0.89602345
3.01817898,-0.89602345
3.01881898,-0.89602345
3.01945898,-0.89602345
3.02009898,-0.72023684
3.02073898,-0.72023684
3.02137898,-0.72023684
3.02201898,-0.72023684
3.02265898,-0.72023684
3.02329898,-0.72023684
3.02393898,-0.72023684
3.02457898,-0.72023684
3.02521898,-0.54383981
3.02585898,-0.54383981
3.02649898,-0.54383981
3.02713898,-0.54383981
3.02777898,-0.54383981
3.02841898,-0.54383981
3.02905898,-0.54383981
3.02969898,-0.54383981
3.03033898,-0.36744285
3.03097898,-0.36744285
3.03161898,-0.36744285
3.03225898,-0.36744285
3.03289898,-0.36744285
3.03353898,-0.36744285
3.03417898,-0.36744285
3.03481898,-0.36744285
3.03545898,-0.36744285
3.03609898,-0.36744285
3.03673898,-0.36744285
3.03737898,-0.19104587
3.03801898,-0.36744285
3.03865898,-0.19104587
3.03929898,-0.19104587
3.03993898,-0.19104587
3.04057898,-0.19104587
3.04121898,-0.19104587
3.04185898,-0.19104587
3.04249898,-0.19104587
3.04313898,-0.19104587
3.04377898,-0.19104587
3.04441898,-0.19104587
3.04505898,-0.19104587
3.04569898,-0.01525925
3.04633898,-0.19104587
3.04697898,-0.19104587
3.04761898,-0.01525925
3.04825898,-0.01525925
3.04889898,-0.01525925
3.04953898,-0.01525925
3.05017898,-0.01525925
3.05081898,-0.01525925
3.05145898,-0.01525925
3.05209898,-0.01525925
3.05273898,0.16052736
3.05337898,-0.01525925
3.05401898,0.16052736
3.05465898,-0.01525925
3.05529898,0.16052736
3.05593898,0.16052736
3.05657898,0.16052736
3.05721898,0.16052736
3.05785898,0.16052736
3.05849898,0.16052736
3.05913898,0.16052736
3.05977898,0.16052736
3.06041898,0.16052736
3.06105898,0.16052736
3.06169898,0.16052736
3.06233898,0.16052736
3.06297898,0.16052736
3.06361898,0.16052736
3.06425898,0.16052736
3.06489898,0.16052736
3.06553898,0.16052736
3.06617898,0.16052736
3.06681898,0.16052736
3.06745898,0.33692434
3.06809898,0.33692434
3.06873898,0.33692434
3.06937898,0.16052736
3.07001898,0.33692434
3.07065898,0.16052736
3.07129898,0.33692434
3.07193898,0.33692434
3.07257898,0.33692434
3.07321898,0.33692434
3.07385898,0.33692434
3.07449898,0.33692434
3.07513898,0.33692434
3.07577898,0.33692434
3.07641898,0.33692434
3.07705898,0.33692434
3.07769898,0.33692434
3.07833898,0.33692434
3.07897898,0.33692434
3.07961898,0.33692434
3.08025898,0.33692434
3.08089898,0.33692434
3.08153898,0.33692434
3.08217898,0.33692434
3.08281898,0.33692434
3.08345898,0.51332134
3.08409898,0.33692434
3.08473898,0.51332134
3.08537898,0.33692434
3.08601898,0.51332134
3.08665898,0.33692434
3.08729898,0.51332134
3.08793898,0.51332134
3.08857898,0.51332134
3.08921898,0.51332134
3.08985898,0.51332134
3.09049898,0.51332134
3.09113898,0.51332134
3.09177898,0.51332134
3.09241898,0.51332134
3.09305898,0.51332134
3.09369898,0.51332134
3.09433898,0.68971831
3.09497898,0.51332134
3.09561898,0.68971831
3.09625898,0.68971831
3.09689898,0.68971831
3.09753898,0.68971831
3.09817898,0.68971831
3.09881898,0.68971831
3.09945898,0.68971831
3.10009898,0.68971831
3.10073898,0.68971831
3.10137898,0.68971831
3.10201898,0.68971831
3.10265898,0.86550492
3.10329898,0.86550492
3.10393898,0.86550492
3.10457898,0.86550492
3.10521898,0.86550492
3.10585898,0.86550492
3.10649898,0.86550492
3.10713898,0.86550492
3.10777898,0.86550492
3.10841898,0.86550492
3.10905898,0.86550492
3.10969898,0.86550492
3.11033898,0.86550492
3.11097898,1.04190195
3.11161898,0.86550492
3.11225898,1.04190195
3.11289898,0.86550492
3.11353898,0.86550492
3.11417898,1.04190195
3.11481898,1.04190195
3.11545898,1.04190195
3.11609898,1.04190195
3.11673898,1.04190195
3.11737898,1.04190195
3.11801898,1.04190195
3.11865898,1.04190195
3.11929898,1.04190195
3.11993898,1.04190195
3.12057898,1.04190195
3.12121898,1.04190195
3.12185898,1.04190195
3.12249898,1.04190195
3.12313898,1.04190195
3.12377898,1.04190195
3.12441898,1.04190195
3.12505898,1.04190195
3.12569898,1.04190195
3.12633898,1.04190195
3.12697898,0.86550492
3.12761898,1.04190195
3.12825898,1.04190195
3.12889898,0.86550492
3.12953898,1.04190195
3.13017898,0.86550492
3.13081898,0.86550492
3.13145898,0.86550492
3.13209898,0.86550492
3.13273898,0.86550492
3.13337898,0.86550492
3.13401898,0.86550492
3.13465898,0.86550492
3.13529898,0.86550492
3.13593898,0.86550492
3.13657898,0.86550492
3.13721898,0.68971831
3.13785898,0.68971831
3.13849898,0.68971831
3.13913898,0.68971831
3.13977898,0.68971831
3.14041898,0.68971831
3.14105898,0.68971831
3.14169898,0.51332134
3.14233898,0.68971831
3.14297898,0.68971831
3.14361898,0.51332134
3.14425898,0.51332134
3.14489898,0.51332134
3.14553898,0.51332134
3.14617898,0.51332134
3.14681898,0.51332134
3.14745898,0.33692434
3.14809898,0.51332134
3.14873898,0.33692434
3.14937898,0.33692434
3.15001898,0.33692434
3.15065898,0.33692434
3.15129898,0.33692434
3.15193898,0.33692434
3.15257898,0.33692434
3.15321898,0.33692434
3.15385898,0.16052736
3.15449898,0.33692434
3.15513898,0.16052736
3.15577898,0.16052736
3.15641898,0.16052736
3.15705898,0.16052736
3.15769898,0.16052736
3.15833898,0.16052736
3.15897898,0.16052736
3.15961898,-0.01525925
3.16025898,-0.01525925
3.16089898,-0.01525925
3.16153898,-0.01525925
3.16217898,-0.01525925
3.16281898,-0.19104587
3.16345898,-0.19104587
3.16409898,-0.19104587
3.16473898,-0.19104587
3.16537898,-0.19104587
3.16601898,-0.19104587
3.16665898,-0.19104587
3.16729898,-0.19104587
3.16793898,-0.36744285
3.16857898,-0.36744285
3.16921898,-0.36744285
3.16985898,-0.36744285
3.17049898,-0.36744285
3.17113898,-0.36744285
3.17177898,-0.36744285
3.17241898,-0.36744285
3.17305898,-0.36744285
3.17369898,-0.36744285
3.17433898,-0.36744285
3.17497898,-0.54383981
3.17561898,-0.54383981
3.17625898,-0.54383981
3.17689898,-0.54383981
3.17753898,-0.54383981
3.17817898,-0.54383981
3.17881898,-0.54383981
3.17945898,-0.54383981
3.18009898,-0.54383981
3.18073898,-0.54383981
3.18137898,-0.54383981
3.18201898,-0.54383981
3.18265898,-0.72023684
3.18329898,-0.54383981
3.18393898,-0.54383981
3.18457898,-0.72023684
3.18521898,-0.72023684
3.18585898,-0.54383981
3.18649898,-0.72023684
3.18713898,-0.72023684
3.18777898,-0.72023684
3.18841898,-0.72023684
3.18905898,-0.72023684
3.18969898,-0.72023684
3.19033898,-0.72023684
3.19097898,-0.72023684
3.19161898,-0.72023684
3.19225898,-0.72023684
3.19289898,-0.72023684
3.19353898,-0.72023684
3.19417898,-0.72023684
3.19481898,-0.72023684
3.19545898,-0.72023684
3.19609898,-0.72023684
3.19673898,-0.72023684
3.19737898,-0.72023684
3.19801898,-0.72023684
3.19865898,-0.72023684
3.19929898,-0.72023684
3.19993898,-0.72023684
3.20057898,-0.72023684
3.20121898,-0.72023684
3.20185898,-0.72023684
3.20249898,-0.72023684
3.20313898,-0.72023684
3.20377898,-0.72023684
3.20441898,-0.72023684
3.20505898,-0.72023684
3.20569898,-0.72023684
3.20633898,-0.72023684
3.20697898,-0.72023684
3.20761898,-0.54383981
3.20825898,-0.72023684
3.20889898,-0.72023684
3.20953898,-0.72023684
3.21017898,-0.72023684
3.21081898,-0.54383981
3.21145898,-0.72023684
3.21209898,-0.54383981
3.21273898,-0.72023684
3.21337898,-0.72023684
3.21401898,-0.72023684
3.21465898,-0.72023684
3.21529898,-0.72023684
3.21593898,-0.54383981
3.21657898,-0.54383981
3.21721898,-0.54383981
3.21785898,-0.54383981
3.21849898,-0.54383981
3.21913898,-0.54383981
3.21977898,-0.72023684
3.22041898,-0.54383981
3.22105898,-0.72023684
3.22169898,-0.54383981
3.22233898,-0.54383981
3.22297898,-0.54383981
3.22361898,-0.72023684
3.22425898,-0.54383981
3.22489898,-0.54383981
3.22553898,-0.54383981
3.22617898,-0.54383981
3.22681898,-0.54383981
3.22745898,-0.54383981
3.22809898,-0.54383981
3.22873898,-0.54383981
3.22937898,-0.54383981
3.23001898,-0.54383981
3.23065898,-0.54383981
3.23129898,-0.54383981
3.23193898,-0.54383981
3.23257898,-0.54383981
3.23321898,-0.54383981
3.23385898,-0.54383981
3.23449898,-0.54383981
3.23513898,-0.54383981
3.23577898,-0.54383981
3.23641898,-0.54383981
3.23705898,-0.54383981
3.23769898,-0.54383981
3.23833898,-0.54383981
3.23897898,-0.54383981
3.23961898,-0.54383981
3.24025898,-0.54383981
3.24089898,-0.54383981
3.24153898,-0.54383981
3.24217898,-0.54383981
3.24281898,-0.54383981
3.24345898,-0.54383981
3.24409898,-0.54383981
3.24473898,-0.54383981
3.24537898,-0.36744285
3.24601898,-0.54383981
3.24665898,-0.54383981
3.24729898,-0.54383981
3.24793898,-0.54383981
3.24857898,-0.54383981
3.24921898,-0.54383981
3.24985898,-0.54383981
3.25049898,-0.54383981
3.25113898,-0.54383981
3.25177898,-0.36744285
3.25241898,-0.36744285
3.25305898,-0.36744285
3.25369898,-0.54383981
3.25433898,-0.36744285
3.25497898,-0.36744285
3.25561898,-0.36744285
3.25625898,-0.36744285
3.25689898,-0.36744285
3.25753898,-0.36744285
3.25817898,-0.36744285
3.25881898,-0.36744285
3.25945898,-0.36744285
3.26009898,-0.36744285
3.26073898,-0.19104587
3.26137898,-0.36744285
3.26201898,-0.36744285
3.26265898,-0.36744285
3.26329898,-0.19104587
3.26393898,-0.19104587
3.26457898,-0.19104587
3.26521898,-0.19104587
3.26585898,-0.19104587
3.26649898,-0.19104587
3.26713898,-0.19104587
3.26777898,-0.19104587
3.26841898,-0.19104587
3.26905898,-0.19104587
3.26969898,-0.19104587
3.27033898,-0.19104587
3.27097898,-0.01525925
3.27161898,-0.01525925
3.27225898,-0.01525925
3.27289898,-0.01525925
3.27353898,-0.01525925
3.27417898,-0.01525925
3.27481898,-0.01525925
3.27545898,0.16052736
3.27609898,-0.01525925
3.27673898,-0.01525925
3.27737898,0.16052736
3.27801898,0.16052736
3.27865898,0.16052736
3.27929898,0.16052736
3.27993898,0.16052736
3.28057898,0.33692434
3.28121898,0.33692434
3.28185898,0.33692434
3.28249898,0.33692434
3.28313898,0.33692434
3.28377898,0.33692434
3.28441898,0.33692434
3.28505898,0.33692434
3.28569898,0.33692434
3.28633898,0.33692434
3.28697898,0.33692434
3.28761898,0.51332134
3.28825898,0.33692434
3.28889898,0.33692434
3.28953898,0.51332134
3.29017898,0.51332134
3.29081898,0.51332134
3.29145898,0.51332134
3.29209898,0.51332134
3.29273898,0.51332134
3.29337898,0.68971831
3.29401898,0.51332134
3.29465898,0.68971831
3.29529898,0.68971831
3.29593898,0.68971831
3.29657898,0.68971831
3.29721898,0.68971831
3.29785898,0.68971831
3.29849898,0.68971831
3.29913898,0.68971831
3.29977898,0.86550492
3.30041898,0.86550492
3.30105898,0.86550492
3.30169898,0.86550492
3.30233898,0.86550492
3.30297898,0.86550492
3.30361898,0.86550492
3.30425898,0.86550492
3.30489898,0.86550492
3.30553898,0.86550492
3.30617898,0.86550492
3.30681898,0.86550492
3.30745898,0.86550492
3.30809898,0.86550492
3.30873898,0.86550492
3.30937898,0.86550492
3.31001898,0.86550492
3.31065898,1.04190195
3.31129898,0.86550492
3.31193898,0.86550492
3.31257898,0.86550492
3.31321898,0.86550492
3.31385898,1.04190195
3.31449898,1.04190195
3.31513898,1.04190195
3.31577898,1.04190195
3.31641898,0.86550492
3.31705898,0.86550492
3.31769898,0.86550492
3.31833898,1.04190195
3.31897898,0.86550492
3.31961898,0.86550492
3.32025898,0.86550492
3.32089898,0.86550492
3.32153898,0.86550492
3.32217898,0.86550492
3.32281898,0.86550492
3.32345898,0.86550492
3.32409898,0.86550492
3.32473898,0.86550492
3.32537898,0.86550492
3.32601898,0.86550492
3.32665898,0.86550492
3.32729898,0.86550492
3.32793898,0.86550492
3.32857898,0.86550492
3.32921898,0.86550492
3.32985898,0.68971831
3.33049898,0.86550492
3.33113898,0.68971831
3.33177898,0.68971831
3.33241898,0.68971831
3.33305898,0.68971831
3.33369898,0.68971831
3.33433898,0.86550492
3.33497898,0.68971831
3.33561898,0.68971831
3.33625898,0.68971831
3.33689898,0.68971831
3.33753898,0.51332134
3.33817898,0.68971831
3.33881898,0.51332134
3.33945898,0.51332134
3.34009898,0.51332134
3.34073898,0.51332134
3.34137898,0.51332134
3.34201898,0.51332134
3.34265898,0.51332134
3.34329898,0.51332134
3.34393898,0.51332134
3.34457898,0.33692434
3.34521898,0.51332134
3.34585898,0.51332134
3.34649898,0.51332134
3.34713898,0.33692434
3.34777898,0.33692434
3.34841898,0.33692434
3.34905898,0.33692434
3.34969898,0.33692434
3.35033898,0.33692434
3.35097898,0.33692434
3.35161898,0.33692434
3.35225898,0.33692434
3.35289898,0.33692434
3.35353898,0.33692434
3.35417898,0.33692434
3.35481898,0.33692434
3.35545898,0.33692434
3.35609898,0.33692434
3.35673898,0.33692434
3.35737898,0.16052736
3.35801898,0.16052736
3.35865898,0.16052736
3.35929898,0.16052736
3.35993898,0.16052736
3.36057898,0.16052736
3.36121898,0.16052736
3.36185898,0.16052736
3.36249898,0.16052736
3.36313898,0.16052736
3.36377898,0.16052736
3.36441898,0.16052736
3.36505898,0.16052736
3.36569898,0.16052736
3.36633898,0.16052736
3.36697898,-0.01525925
3.36761898,-0.01525925
3.36825898,-0.01525925
3.36889898,-0.01525925
3.36953898,-0.01525925
3.37017898,-0.01525925
3.37081898,-0.01525925
3.37145898,-0.01525925
3.37209898,0.16052736
3.37273898,-0.01525925
3.37337898,-0.01525925
3.37401898,-0.01525925
3.37465898,-0.01525925
3.37529898,-0.01525925
3.37593898,-0.01525925
3.37657898,-0.01525925
3.37721898,-0.19104587
3.37785898,-0.01525925
3.37849898,-0.19104587
3.37913898,-0.19104587
3.37977898,-0.19104587
3.38041898,-0.19104587
3.38105898,-0.01525925
3.38169898,-0.19104587
3.38233898,-0.19104587
3.38297898,-0.19104587
3.38361898,-0.19104587
3.38425898,-0.19104587
3.38489898,-0.19104587
3.38553898,-0.19104587
3.38617898,-0.19104587
3.38681898,-0.19104587
3.38745898,-0.19104587
3.38809898,-0.19104587
3.38873898,-0.19104587
3.38937898,-0.19104587
3.39001898,-0.19104587
3.39065898,-0.19104587
3.39129898,-0.19104587
3.39193898,-0.19104587
3.39257898,-0.36744285
3.39321898,-0.36744285
3.39385898,-0.19104587
3.39449898,-0.19104587
3.39513898,-0.36744285
3.39577898,-0.19104587
3.39641898,-0.36744285
3.39705898,-0.36744285
3.39769898,-0.36744285
3.39833898,-0.36744285
3.39897898,-0.36744285
3.39961898,-0.36744285
3.40025898,-0.36744285
3.40089898,-0.36744285
3.40153898,-0.36744285
3.40217898,-0.36744285
3.40281898,-0.36744285
3.40345898,-0.36744285
3.40409898,-0.36744285
3.40473898,-0.36744285
3.40537898,-0.36744285
3.40601898,-0.36744285
3.40665898,-0.36744285
3.40729898,-0.36744285
3.40793898,-0.36744285
3.40857898,-0.36744285
3.40921898,-0.36744285
3.40985898,-0.54383981
3.41049898,-0.54383981
3.41113898,-0.54383981
3.41177898,-0.54383981
3.41241898,-0.54383981
3.41305898,-0.54383981
3.41369898,-0.54383981
3.41433898,-0.54383981
3.41497898,-0.54383981
3.41561898,-0.72023684
3.41625898,-0.54383981
3.41689898,-0.54383981
3.41753898,-0.72023684
3.41817898,-0.54383981
3.41881898,-0.72023684
3.41945898,-0.72023684
3.42009898,-0.54383981
3.42073898,-0.72023684
3.42137898,-0.72023684
3.42201898,-0.72023684
3.42265898,-0.72023684
3.42329898,-0.72023684
3.42393898,-0.72023684
3.42457898,-0.72023684
3.42521898,-0.72023684
3.42585898,-0.72023684
3.42649898,-0.89602345
3.42713898,-0.72023684
3.42777898,-0.89602345
3.42841898,-0.72023684
3.42905898,-0.72023684
3.42969898,-0.72023684
3.43033898,-0.72023684
3.43097898,-0.89602345
3.43161898,-0.72023684
3.43225898,-0.72023684
3.43289898,-0.72023684
3.43353898,-0.72023684
3.43417898,-0.72023684
3.43481898,-0.89602345
3.43545898,-0.72023684
3.43609898,-0.89602345
3.43673898,-0.89602345
3.43737898,-0.89602345
3.43801898,-0.89602345
3.43865898,-0.89602345
3.43929898,-0.72023684
3.43993898,-0.89602345
3.44057898,-0.72023684
3.44121898,-0.72023684
3.44185898,-0.89602345
3.44249898,-0.89602345
3.44313898,-0.89602345
3.44377898,-0.89602345
3.44441898,-0.72023684
3.44505898,-0.72023684
3.44569898,-0.72023684
3.44633898,-0.89602345
3.44697898,-0.72023684
3.44761898,-0.72023684
3.44825898,-0.72023684
3.44889898,-0.72023684
3.44953898,-0.72023684
3.45017898,-0.72023684
3.45081898,-0.54383981
3.45145898,-0.54383981
3.45209898,-0.72023684
3.45273898,-0.54383981
3.45337898,-0.72023684
3.45401898,-0.54383981
3.45465898,-0.54383981
3.45529898,-0.54383981
3.45593898,-0.54383981
3.45657898,-0.54383981
3.45721898,-0.54383981
3.45785898,-0.36744285
3.45849898,-0.36744285
3.45913898,-0.36744285
3.45977898,-0.36744285
3.46041898,-0.36744285
3.46105898,-0.36744285
3.46169898,-0.36744285
3.46233898,-0.36744285
3.46297898,-0.36744285
3.46361898,-0.36744285
3.46425898,-0.36744285
3.46489898,-0.36744285
3.46553898,-0.36744285
3.46617898,-0.19104587
3.46681898,-0.36744285
3.46745898,-0.19104587
3.46809898,-0.19104587
3.46873898,-0.19104587
3.46937898,-0.19104587
3.47001898,-0.19104587
3.47065898,-0.19104587
3.47129898,-0.19104587
3.47193898,-0.19104587
3.47257898,-0.19104587
3.47321898,-0.01525925
3.47385898,-0.01525925
3.47449898,-0.01525925
3.47513898,-0.01525925
3.47577898,0.16052736
3.47641898,-0.01525925
3.47705898,0.16052736
3.47769898,0.16052736
3.47833898,0.16052736
3.47897898,0.16052736
3.47961898,0.16052736
3.48025898,0.16052736
3.48089898,0.16052736
3.48153898,0.16052736
3.48217898,0.16052736
3.48281898,0.16052736
3.48345898,0.33692434
3.48409898,0.33692434
3.48473898,0.33692434
3.48537898,0.16052736
3.48601898,0.33692434
3.48665898,0.33692434
3.48729898,0.33692434
3.48793898,0.33692434
3.48857898,0.33692434
3.48921898,0.33692434
3.48985898,0.33692434
3.49049898,0.33692434
3.49113898,0.33692434
3.49177898,0.51332134
3.49241898,0.33692434
3.49305898,0.51332134
3.49369898,0.33692434
3.49433898,0.33692434
3.49497898,0.51332134
3.49561898,0.33692434
3.49625898,0.51332134
3.49689898,0.51332134
3.49753898,0.51332134
3.49817898,0.51332134
3.49881898,0.51332134
3.49945898,0.51332134
3.50009898,0.51332134
3.50073898,0.51332134
3.50137898,0.51332134
3.50201898,0.51332134
3.50265898,0.51332134
3.50329898,0.51332134
3.50393898,0.51332134
3.50457898,0.51332134
3.50521898,0.51332134
3.50585898,0.51332134
3.50649898,0.51332134
3.50713898,0.51332134
3.50777898,0.51332134
3.50841898,0.51332134
3.50905898,0.51332134
3.50969898,0.51332134
3.51033898,0.51332134
3.51097898,0.51332134
3.51161898,0.51332134
3.51225898,0.51332134
3.51289898,0.51332134
3.51353898,0.51332134
3.51417898,0.51332134
3.51481898,0.51332134
3.51545898,0.51332134
3.51609898,0.51332134
3.51673898,0.68971831
3.51737898,0.51332134
3.51801898,0.51332134
3.51865898,0.68971831
3.51929898,0.51332134
3.51993898,0.51332134
3.52057898,0.51332134
3.52121898,0.51332134
3.52185898,0.51332134
3.52249898,0.51332134
3.52313898,0.51332134
3.52377898,0.51332134
3.52441898,0.51332134
3.52505898,0.51332134
3.52569898,0.51332134
3.52633898,0.51332134
3.52697898,0.68971831
3.52761898,0.51332134
3.52825898,0.51332134
3.52889898,0.51332134
3.52953898,0.51332134
3.53017898,0.51332134
3.53081898,0.51332134
3.53145898,0.51332134
3.53209898,0.51332134
3.53273898,0.51332134
3.53337898,0.51332134
3.53401898,0.51332134
3.53465898,0.51332134
3.53529898,0.51332134
3.53593898,0.51332134
3.53657898,0.51332134
3.53721898,0.51332134
3.53785898,0.51332134
3.53849898,0.51332134
3.53913898,0.51332134
3.53977898,0.51332134
3.54041898,0.51332134
3.54105898,0.51332134
3.54169898,0.51332134
3.54233898,0.51332134
3.54297898,0.51332134
3.54361898,0.51332134
3.54425898,0.51332134
3.54489898,0.51332134
3.54553898,0.51332134
3.54617898,0.51332134
3.54681898,0.51332134
3.54745898,0.51332134
3.54809898,0.51332134
3.54873898,0.51332134
3.54937898,0.51332134
3.55001898,0.51332134
3.55065898,0.51332134
3.55129898,0.51332134
3.55193898,0.51332134
3.55257898,0.51332134
3.55321898,0.51332134
3.55385898,0.51332134
3.55449898,0.51332134
3.55513898,0.51332134
3.55577898,0.51332134
3.55641898,0.51332134
3.55705898,0.51332134
3.55769898,0.51332134
3.55833898,0.51332134
3.55897898,0.51332134
3.55961898,0.51332134
3.56025898,0.51332134
3.56089898,0.51332134
3.56153898,0.51332134
3.56217898,0.51332134
3.56281898,0.51332134
3.56345898,0.33692434
3.56409898,0.33692434
3.56473898,0.51332134
3.56537898,0.33692434
3.56601898,0.33692434
3.56665898,0.51332134
3.56729898,0.51332134
3.56793898,0.33692434
3.56857898,0.51332134
3.56921898,0.51332134
3.56985898,0.33692434
3.57049898,0.33692434
3.57113898,0.33692434
3.57177898,0.33692434
3.57241898,0.33692434
3.57305898,0.33692434
3.57369898,0.33692434
3.57433898,0.33692434
3.57497898,0.33692434
3.57561898,0.33692434
3.57625898,0.33692434
3.57689898,0.33692434
3.57753898,0.33692434
3.57817898,0.33692434
3.57881898,0.33692434
3.57945898,0.16052736
3.58009898,0.16052736
3.58073898,0.33692434
3.58137898,0.16052736
3.58201898,0.16052736
3.58265898,0.16052736
3.58329898,0.16052736
3.58393898,0.16052736
3.58457898,0.16052736
3.58521898,0.16052736
3.58585898,0.16052736
3.58649898,0.16052736
3.58713898,0.16052736
3.58777898,-0.01525925
3.58841898,0.16052736
3.58905898,-0.01525925
3.58969898,0.16052736
3.59033898,-0.01525925
3.59097898,-0.01525925
3.59161898,-0.01525925
3.59225898,-0.01525925
3.59289898,-0.19104587
3.59353898,-0.01525925
3.59417898,-0.01525925
3.59481898,-0.19104587
3.59545898,-0.19104587
3.59609898,-0.19104587
3.59673898,-0.19104587
3.59737898,-0.19104587
3.59801898,-0.19104587
3.59865898,-0.19104587
3.59929898,-0.19104587
3.59993898,-0.19104587
3.60057898,-0.19104587
3.60121898,-0.36744285
3.60185898,-0.36744285
3.60249898,-0.36744285
3.60313898,-0.36744285
3.60377898,-0.36744285
3.60441898,-0.36744285
3.60505898,-0.36744285
3.60569898,-0.36744285
3.60633898,-0.36744285
3.60697898,-0.36744285
3.60761898,-0.36744285
3.60825898,-0.36744285
3.60889898,-0.36744285
3.60953898,-0.36744285
3.61017898,-0.54383981
3.61081898,-0.54383981
3.61145898,-0.36744285
3.61209898,-0.54383981
3.61273898,-0.54383981
3.61337898,-0.54383981
3.61401898,-0.54383981
3.61465898,-0.54383981
3.61529898,-0.54383981
3.61593898,-0.54383981
3.61657898,-0.54383981
3.61721898,-0.54383981
3.61785898,-0.72023684
3.61849898,-0.72023684
3.61913898,-0.72023684
3.61977898,-0.72023684
3.62041898,-0.72023684
3.62105898,-0.72023684
3.62169898,-0.72023684
3.62233898,-0.72023684
3.62297898,-0.72023684
3.62361898,-0.72023684
3.62425898,-0.72023684
3.62489898,-0.72023684
3.62553898,-0.72023684
3.62617898,-0.72023684
3.62681898,-0.72023684
3.62745898,-0.72023684
3.62809898,-0.72023684
3.62873898,-0.72023684
3.62937898,-0.72023684
3.63001898,-0.72023684
3.63065898,-0.72023684
3.63129898,-0.72023684
3.63193898,-0.72023684
3.63257898,-0.72023684
3.63321898,-0.72023684
3.63385898,-0.72023684
3.63449898,-0.72023684
3.63513898,-0.72023684
3.63577898,-0.72023684
3.63641898,-0.72023684
3.63705898,-0.72023684
3.63769898,-0.72023684
3.63833898,-0.72023684
3.63897898,-0.72023684
3.63961898,-0.72023684
3.64025898,-0.72023684
3.64089898,-0.72023684
3.64153898,-0.54383981
3.64217898,-0.72023684
3.64281898,-0.54383981
3.64345898,-0.72023684
3.64409898,-0.72023684
3.64473898,-0.72023684
3.64537898,-0.54383981
3.64601898,-0.72023684
3.64665898,-0.54383981
3.64729898,-0.54383981
3.64793898,-0.54383981
3.64857898,-0.54383981
3.64921898,-0.54383981
3.64985898,-0.54383981
3.65049898,-0.54383981
3.65113898,-0.54383981
3.65177898,-0.54383981
3.65241898,-0.54383981
3.65305898,-0.54383981
3.65369898,-0.54383981
3.65433898,-0.54383981
3.65497898,-0.36744285
3.65561898,-0.36744285
3.65625898,-0.54383981
3.65689898,-0.36744285
3.65753898,-0.54383981
3.65817898,-0.36744285
3.65881898,-0.36744285
3.65945898,-0.36744285
3.66009898,-0.36744285
3.66073898,-0.36744285
3.66137898,-0.36744285
3.66201898,-0.36744285
3.66265898,-0.36744285
3.66329898,-0.36744285
3.66393898,-0.36744285
3.66457898,-0.36744285
3.66521898,-0.36744285
3.66585898,-0.36744285
3.66649898,-0.36744285
3.66713898,-0.36744285
3.66777898,-0.19104587
3.66841898,-0.36744285
3.66905898,-0.19104587
3.66969898,-0.19104587
3.67033898,-0.36744285
3.67097898,-0.19104587
3.67161898,-0.19104587
3.67225898,-0.19104587
3.67289898,-0.19104587
3.67353898,-0.19104587
3.67417898,-0.19104587
3.67481898,-0.19104587
3.67545898,-0.19104587
3.67609898,-0.19104587
3.67673898,-0.19104587
3.67737898,-0.19104587
3.67801898,-0.19104587
3.67865898,-0.19104587
3.67929898,-0.19104587
3.67993898,-0.19104587
3.68057898,-0.19104587
3.68121898,-0.01525925
3.68185898,-0.01525925
3.68249898,-0.19104587
3.68313898,-0.01525925
3.68377898,-0.01525925
3.68441898,-0.01525925
3.68505898,-0.01525925
3.68569898,-0.01525925
3.68633898,-0.01525925
3.68697898,-0.01525925
3.68761898,-0.01525925
3.68825898,-0.01525925
3.68889898,-0.01525925
3.68953898,0.16052736
3.69017898,-0.01525925
3.69081898,-0.01525925
3.69145898,0.16052736
3.69209898,-0.01525925
3.69273898,0.16052736
3.69337898,0.16052736
3.69401898,0.16052736
3.69465898,0.16052736
3.69529898,-0.01525925
3.69593898,0.16052736
3.69657898,0.16052736
3.69721898,0.16052736
3.69785898,0.16052736
3.69849898,0.16052736
3.69913898,0.16052736
3.69977898,0.16052736
3.70041898,0.16052736
3.70105898,0.16052736
3.70169898,0.16052736
3.70233898,0.16052736
3.70297898,0.16052736
3.70361898,0.16052736
3.70425898,0.16052736
3.70489898,0.16052736
3.70553898,0.16052736
3.70617898,0.16052736
3.70681898,0.33692434
3.70745898,0.16052736
3.70809898,0.33692434
3.70873898,0.33692434
3.70937898,0.33692434
3.71001898,0.33692434
3.71065898,0.33692434
3.71129898,0.33692434
3.71193898,0.33692434
3.71257898,0.33692434
3.71321898,0.33692434
3.71385898,0.33692434
3.71449898,0.33692434
3.71513898,0.33692434
3.71577898,0.33692434
3.71641898,0.33692434
3.71705898,0.33692434
3.71769898,0.33692434
3.71833898,0.33692434
3.71897898,0.33692434
3.71961898,0.33692434
3.72025898,0.33692434
3.72089898,0.33692434
3.72153898,0.33692434
3.72217898,0.33692434
3.72281898,0.51332134
3.72345898,0.51332134
3.72409898,0.33692434
3.72473898,0.33692434
3.72537898,0.51332134
3.72601898,0.33692434
3.72665898,0.51332134
3.72729898,0.51332134
3.72793898,0.51332134
3.72857898,0.51332134
3.72921898,0.51332134
3.72985898,0.51332134
3.73049898,0.51332134
3.73113898,0.51332134
3.73177898,0.51332134
3.73241898,0.51332134
3.73305898,0.51332134
3.73369898,0.51332134
3.73433898,0.68971831
3.73497898,0.51332134
3.73561898,0.51332134
3.73625898,0.51332134
3.73689898,0.68971831
3.73753898,0.68971831
3.73817898,0.51332134
3.73881898,0.68971831
3.73945898,0.51332134
3.74009898,0.68971831
3.74073898,0.51332134
3.74137898,0.68971831
3.74201898,0.68971831
3.74265898,0.68971831
3.74329898,0.68971831
3.74393898,0.68971831
3.74457898,0.68971831
3.74521898,0.68971831
3.74585898,0.68971831
3.74649898,0.68971831
3.74713898,0.68971831
3.74777898,0.68971831
3.74841898,0.68971831
3.74905898,0.68971831
3.74969898,0.68971831
3.75033898,0.68971831
3.75097898,0.68971831
3.75161898,0.68971831
3.75225898,0.68971831
3.75289898,0.68971831
3.75353898,0.68971831
3.75417898,0.68971831
3.75481898,0.68971831
3.75545898,0.68971831
3.75609898,0.68971831
3.75673898,0.68971831
3.75737898,0.68971831
3.75801898,0.68971831
3.75865898,0.68971831
3.75929898,0.68971831
3.75993898,0.51332134
3.76057898,0.68971831
3.76121898,0.68971831
3.76185898,0.51332134
3.76249898,0.68971831
3.76313898,0.51332134
3.76377898,0.68971831
3.76441898,0.68971831
3.76505898,0.51332134
3.76569898,0.68971831
3.76633898,0.51332134
3.76697898,0.51332134
3.76761898,0.51332134
3.76825898,0.51332134
3.76889898,0.51332134
3.76953898,0.51332134
3.77017898,0.51332134
3.77081898,0.51332134
3.77145898,0.51332134
3.77209898,0.51332134
3.77273898,0.51332134
3.77337898,0.51332134
3.77401898,0.51332134
3.77465898,0.33692434
3.77529898,0.33692434
3.77593898,0.33692434
3.77657898,0.33692434
3.77721898,0.33692434
3.77785898,0.33692434
3.77849898,0.33692434
3.77913898,0.33692434
3.77977898,0.33692434
3.78041898,0.33692434
3.78105898,0.33692434
3.78169898,0.33692434
3.78233898,0.33692434
3.78297898,0.33692434
3.78361898,0.16052736
3.78425898,0.16052736
3.78489898,0.16052736
3.78553898,0.16052736
3.78617898,0.16052736
3.78681898,0.16052736
3.78745898,0.16052736
3.78809898,0.16052736
3.78873898,0.16052736
3.78937898,0.16052736
3.79001898,0.16052736
3.79065898,0.16052736
3.79129898,0.16052736
3.79193898,-0.01525925
3.79257898,-0.01525925
3.79321898,-0.01525925
3.79385898,-0.01525925
3.79449898,-0.01525925
3.79513898,-0.01525925
3.79577898,-0.01525925
3.79641898,-0.01525925
3.79705898,-0.01525925
3.79769898,-0.19104587
3.79833898,-0.19104587
3.79897898,-0.19104587
3.79961898,-0.19104587
3.80025898,-0.19104587
3.80089898,-0.19104587
3.80153898,-0.19104587
3.80217898,-0.19104587
3.80281898,-0.19104587
3.80345898,-0.36744285
3.80409898,-0.36744285
3.80473898,-0.19104587
3.80537898,-0.19104587
3.80601898,-0.19104587
3.80665898,-0.36744285
3.80729898,-0.36744285
3.80793898,-0.19104587
3.80857898,-0.36744285
3.80921898,-0.36744285
3.80985898,-0.36744285
3.81049898,-0.36744285
3.81113898,-0.36744285
3.81177898,-0.36744285
3.81241898,-0.36744285
3.81305898,-0.36744285
3.81369898,-0.36744285
3.81433898,-0.36744285
3.81497898,-0.36744285
3.81561898,-0.36744285
3.81625898,-0.36744285
3.81689898,-0.36744285
3.81753898,-0.36744285
3.81817898,-0.36744285
3.81881898,-0.36744285
3.81945898,-0.36744285
3.82009898,-0.36744285
3.82073898,-0.36744285
3.82137898,-0.36744285
3.82201898,-0.36744285
3.82265898,-0.36744285
3.82329898,-0.36744285
3.82393898,-0.36744285
3.82457898,-0.36744285
3.82521898,-0.36744285
3.82585898,-0.36744285
3.82649898,-0.54383981
3.82713898,-0.36744285
3.82777898,-0.54383981
3.82841898,-0.36744285
3.82905898,-0.54383981
3.82969898,-0.36744285
3.83033898,-0.54383981
3.83097898,-0.54383981
3.83161898,-0.54383981
3.83225898,-0.36744285
3.83289898,-0.36744285
3.83353898,-0.54383981
3.83417898,-0.36744285
3.83481898,-0.54383981
3.83545898,-0.36744285
3.83609898,-0.54383981
3.83673898,-0.36744285
3.83737898,-0.54383981
3.83801898,-0.36744285
3.83865898,-0.36744285
3.83929898,-0.36744285
3.83993898,-0.54383981
3.84057898,-0.54383981
3.84121898,-0.54383981
3.84185898,-0.54383981
3.84249898,-0.36744285
3.84313898,-0.54383981
3.84377898,-0.36744285
3.84441898,-0.36744285
3.84505898,-0.54383981
3.84569898,-0.54383981
3.84633898,-0.54383981
3.84697898,-0.54383981
3.84761898,-0.36744285
3.84825898,-0.36744285
3.84889898,-0.36744285
3.84953898,-0.36744285
3.85017898,-0.36744285
3.85081898,-0.54383981
3.85145898,-0.36744285
3.85209898,-0.36744285
3.85273898,-0.54383981
3.85337898,-0.36744285
3.85401898,-0.36744285
3.85465898,-0.36744285
3.85529898,-0.36744285
3.85593898,-0.36744285
3.85657898,-0.36744285
3.85721898,-0.36744285
3.85785898,-0.36744285
3.85849898,-0.36744285
3.85913898,-0.36744285
3.85977898,-0.36744285
3.86041898,-0.36744285
3.86105898,-0.36744285
3.86169898,-0.36744285
3.86233898,-0.36744285
3.86297898,-0.36744285
3.86361898,-0.36744285
3.86425898,-0.36744285
3.86489898,-0.36744285
3.86553898,-0.36744285
3.86617898,-0.36744285
3.86681898,-0.54383981
3.86745898,-0.36744285
3.86809898,-0.36744285
3.86873898,-0.36744285
3.86937898,-0.36744285
3.87001898,-0.36744285
3.87065898,-0.36744285
3.87129898,-0.36744285
3.87193898,-0.36744285
3.87257898,-0.36744285
3.87321898,-0.36744285
3.87385898,-0.36744285
3.87449898,-0.36744285
3.87513898,-0.36744285
3.87577898,-0.36744285
3.87641898,-0.36744285
3.87705898,-0.36744285
3.87769898,-0.36744285
3.87833898,-0.36744285
3.87897898,-0.36744285
3.87961898,-0.36744285
3.88025898,-0.36744285
3.88089898,-0.36744285
3.88153898,-0.36744285
3.88217898,-0.36744285
3.88281898,-0.36744285
3.88345898,-0.36744285
3.88409898,-0.36744285
3.88473898,-0.36744285
3.88537898,-0.36744285
3.88601898,-0.36744285
3.88665898,-0.36744285
3.88729898,-0.36744285
3.88793898,-0.36744285
3.88857898,-0.36744285
3.88921898,-0.36744285
3.88985898,-0.36744285
3.89049898,-0.36744285
3.89113898,-0.36744285
3.89177898,-0.19104587
3.89241898,-0.19104587
3.89305898,-0.36744285
3.89369898,-0.19104587
3.89433898,-0.19104587
3.89497898,-0.19104587
3.89561898,-0.19104587
3.89625898,-0.19104587
3.89689898,-0.19104587
3.89753898,-0.19104587
3.89817898,-0.19104587
3.89881898,-0.19104587
3.89945898,-0.19104587
3.90009898,-0.19104587
3.90073898,-0.19104587
3.90137898,-0.01525925
3.90201898,-0.01525925
3.90265898,-0.01525925
3.90329898,-0.01525925
3.90393898,-0.01525925
3.90457898,-0.01525925
3.90521898,-0.01525925
3.90585898,-0.01525925
3.90649898,0.16052736
3.90713898,-0.01525925
3.90777898,-0.01525925
3.90841898,0.16052736
3.90905898,0.16052736
3.90969898,0.16052736
3.91033898,0.16052736
3.91097898,0.16052736
3.91161898,0.16052736
3.91225898,0.16052736
3.91289898,0.16052736
3.91353898,0.16052736
3.91417898,0.33692434
3.91481898,0.16052736
3.91545898,0.33692434
3.91609898,0.33692434
3.91673898,0.33692434
3.91737898,0.33692434
3.91801898,0.33692434
3.91865898,0.33692434
3.91929898,0.33692434
3.91993898,0.33692434
3.92057898,0.33692434
3.92121898,0.33692434
3.92185898,0.33692434
3.92249898,0.33692434
3.92313898,0.33692434
3.92377898,0.33692434
3.92441898,0.51332134
3.92505898,0.33692434
3.92569898,0.51332134
3.92633898,0.51332134
3.92697898,0.33692434
3.92761898,0.51332134
3.92825898,0.51332134
3.92889898,0.33692434
3.92953898,0.51332134
3.93017898,0.51332134
3.93081898,0.51332134
3.93145898,0.51332134
3.93209898,0.51332134
3.93273898,0.51332134
3.93337898,0.51332134
3.93401898,0.51332134
3.93465898,0.51332134
3.93529898,0.51332134
3.93593898,0.51332134
3.93657898,0.51332134
3.93721898,0.51332134
3.93785898,0.51332134
3.93849898,0.51332134
3.93913898,0.51332134
3.93977898,0.51332134
3.94041898,0.51332134
3.94105898,0.51332134
3.94169898,0.51332134
3.94233898,0.51332134
3.94297898,0.68971831
3.94361898,0.68971831
3.94425898,0.51332134
3.94489898,0.51332134
3.94553898,0.68971831
3.94617898,0.51332134
3.94681898,0.68971831
3.94745898,0.51332134
3.94809898,0.51332134
3.94873898,0.51332134
3.94937898,0.68971831
3.95001898,0.51332134
3.95065898,0.68971831
3.95129898,0.68971831
3.95193898,0.51332134
3.95257898,0.68971831
3.95321898,0.51332134
3.95385898,0.51332134
3.95449898,0.51332134
3.95513898,0.51332134
3.95577898,0.51332134
3.95641898,0.51332134
3.95705898,0.51332134
3.95769898,0.51332134
3.95833898,0.51332134
3.95897898,0.68971831
3.95961898,0.51332134
3.96025898,0.51332134
3.96089898,0.51332134
3.96153898,0.51332134
3.96217898,0.51332134
3.96281898,0.51332134
3.96345898,0.51332134
3.96409898,0.51332134
3.96473898,0.51332134
3.96537898,0.51332134
3.96601898,0.51332134
3.96665898,0.33692434
3.96729898,0.51332134
3.96793898,0.51332134
3.96857898,0.51332134
3.96921898,0.51332134
3.96985898,0.51332134
3.97049898,0.33692434
3.97113898,0.51332134
3.97177898,0.51332134
3.97241898,0.33692434
3.97305898,0.33692434
3.97369898,0.33692434
3.97433898,0.33692434
3.97497898,0.33692434
3.97561898,0.33692434
3.97625898,0.33692434
3.97689898,0.33692434
3.97753898,0.33692434
3.97817898,0.33692434
3.97881898,0.33692434
3.97945898,0.33692434
3.98009898,0.33692434
3.98073898,0.33692434
3.98137898,0.33692434
3.98201898,0.33692434
3.98265898,0.33692434
3.98329898,0.33692434
3.98393898,0.33692434
3.98457898,0.33692434
3.98521898,0.33692434
3.98585898,0.16052736
3.98649898,0.33692434
3.98713898,0.16052736
3.98777898,0.33692434
3.98841898,0.33692434
3.98905898,0.16052736
3.98969898,0.33692434
3.99033898,0.16052736
3.99097898,0.16052736
3.99161898,0.16052736
3.99225898,0.16052736
3.99289898,0.16052736
3.99353898,0.16052736
3.99417898,0.16052736
3.99481898,0.16052736
3.99545898,0.16052736
3.99609898,0.16052736
3.99673898,0.16052736
3.99737898,0.16052736
3.99801898,0.16052736
3.99865898,0.16052736
3.99929898,0.16052736
3.99993898,-0.01525925
4.00057898,0.16052736
4.00121898,0.16052736
4.00185898,0.16052736
4.00249898,0.16052736
4.00313898,0.16052736
4.00377898,0.16052736
4.00441898,0.16052736
4.00505898,0.16052736
4.00569898,0.16052736
4.00633898,-0.01525925
4.00697898,0.16052736
4.00761898,0.16052736
4.00825898,-0.01525925
4.00889898,-0.01525925
4.00953898,-0.01525925
4.01017898,-0.01525925
4.01081898,-0.01525925
4.01145898,-0.01525925
4.01209898,-0.01525925
4.01273898,-0.01525925
4.01337898,-0.01525925
4.01401898,-0.19104587
4.01465898,-0.01525925
4.01529898,-0.01525925
4.01593898,-0.19104587
4.01657898,-0.01525925
4.01721898,-0.19104587
4.01785898,-0.19104587
4.01849898,-0.01525925
4.01913898,-0.19104587
4.01977898,-0.19104587
4.02041898,-0.19104587
4.02105898,-0.19104587
4.02169898,-0.19104587
4.02233898,-0.19104587
4.02297898,-0.19104587
4.02361898,-0.19104587
4.02425898,-0.19104587
4.02489898,-0.19104587
4.02553898,-0.19104587
4.02617898,-0.19104587
4.02681898,-0.19104587
4.02745898,-0.19104587
4.02809898,-0.19104587
4.02873898,-0.19104587
4.02937898,-0.19104587
4.03001898,-0.19104587
4.03065898,-0.36744285
4.03129898,-0.19104587
4.03193898,-0.36744285
4.03257898,-0.36744285
4.03321898,-0.36744285
4.03385898,-0.36744285
4.03449898,-0.36744285
4.03513898,-0.36744285
4.03577898,-0.36744285
4.03641898,-0.36744285
4.03705898,-0.36744285
4.03769898,-0.36744285
4.03833898,-0.36744285
4.03897898,-0.36744285
4.03961898,-0.36744285
4.04025898,-0.36744285
4.04089898,-0.36744285
4.04153898,-0.36744285
4.04217898,-0.36744285
4.04281898,-0.36744285
4.04345898,-0.36744285
4.04409898,-0.36744285
4.04473898,-0.36744285
4.04537898,-0.36744285
4.04601898,-0.36744285
4.04665898,-0.36744285
4.04729898,-0.36744285
4.04793898,-0.36744285
4.04857898,-0.36744285
4.04921898,-0.36744285
4.04985898,-0.54383981
4.05049898,-0.36744285
4.05113898,-0.54383981
4.05177898,-0.54383981
4.05241898,-0.36744285
4.05305898,-0.36744285
4.05369898,-0.54383981
4.05433898,-0.54383981
4.05497898,-0.54383981
4.05561898,-0.54383981
4.05625898,-0.54383981
4.05689898,-0.54383981
4.05753898,-0.54383981
4.05817898,-0.54383981
4.05881898,-0.54383981
4.05945898,-0.54383981
4.06009898,-0.54383981
4.06073898,-0.54383981
4.06137898,-0.54383981
4.06201898,-0.54383981
4.06265898,-0.36744285
4.06329898,-0.54383981
4.06393898,-0.54383981
4.06457898,-0.54383981
4.06521898,-0.54383981
4.06585898,-0.54383981
4.06649898,-0.54383981
4.06713898,-0.54383981
4.06777898,-0.54383981
4.06841898,-0.54383981
4.06905898,-0.54383981
4.06969898,-0.54383981
4.07033898,-0.54383981
4.07097898,-0.54383981
4.07161898,-0.54383981
4.07225898,-0.54383981
4.07289898,-0.54383981
4.07353898,-0.54383981
4.07417898,-0.54383981
4.07481898,-0.36744285
4.07545898,-0.54383981
4.07609898,-0.36744285
4.07673898,-0.36744285
4.07737898,-0.54383981
4.07801898,-0.36744285
4.07865898,-0.54383981
4.07929898,-0.54383981
4.07993898,-0.36744285
4.08057898,-0.36744285
4.08121898,-0.36744285
4.08185898,-0.36744285
4.08249898,-0.36744285
4.08313898,-0.36744285
4.08377898,-0.36744285
4.08441898,-0.36744285
4.08505898,-0.36744285
4.08569898,-0.36744285
4.08633898,-0.36744285
4.08697898,-0.36744285
4.08761898,-0.36744285
4.08825898,-0.36744285
4.08889898,-0.36744285
4.08953898,-0.36744285
4.09017898,-0.36744285
4.09081898,-0.36744285
4.09145898,-0.36744285
4.09209898,-0.36744285
4.09273898,-0.36744285
4.09337898,-0.19104587
4.09401898,-0.36744285
4.09465898,-0.19104587
4.09529898,-0.19104587
4.09593898,-0.19104587
4.09657898,-0.36744285
4.09721898,-0.19104587
4.09785898,-0.19104587
4.09849898,-0.19104587
4.09913898,-0.19104587
4.09977898,-0.19104587
4.10041898,-0.19104587
4.10105898,-0.19104587
4.10169898,-0.19104587
4.10233898,-0.19104587
4.10297898,-0.01525925
4.10361898,-0.19104587
4.10425898,-0.19104587
4.10489898,-0.01525925
4.10553898,-0.01525925
4.10617898,-0.01525925
4.10681898,-0.01525925
4.10745897,-0.01525925
4.10809897,-0.01525925
4.10873897,-0.01525925
4.10937897,-0.01525925
4.11001897,0.16052736
4.11065897,-0.01525925
4.11129897,0.16052736
4.11193897,-0.01525925
4.11257897,-0.01525925
4.11321897,0.16052736
4.11385897,0.16052736
4.11449897,0.16052736
4.11513897,0.16052736
4.11577897,0.16052736
4.11641897,0.16052736
4.11705897,0.16052736
4.11769897,0.16052736
4.11833897,0.16052736
4.11897897,0.16052736
4.11961897,0.16052736
4.12025897,0.16052736
4.12089897,0.16052736
4.12153897,0.16052736
4.12217897,0.16052736
4.12281897,0.16052736
4.12345897,0.16052736
4.12409897,0.16052736
4.12473897,0.33692434
4.12537897,0.33692434
4.12601897,0.33692434
4.12665897,0.33692434
4.12729897,0.33692434
4.12793897,0.33692434
4.12857897,0.33692434
4.12921897,0.33692434
4.12985897,0.33692434
4.13049897,0.33692434
4.13113897,0.33692434
4.13177897,0.33692434
4.13241897,0.33692434
4.13305897,0.33692434
4.13369897,0.33692434
4.13433897,0.33692434
4.13497897,0.33692434
4.13561897,0.33692434
4.13625897,0.33692434
4.13689897,0.33692434
4.13753897,0.33692434
4.13817897,0.33692434
4.13881897,0.51332134
4.13945897,0.33692434
4.14009897,0.33692434
4.14073897,0.33692434
4.14137897,0.33692434
4.14201897,0.33692434
4.14265897,0.33692434
4.14329897,0.33692434
4.14393897,0.33692434
4.14457897,0.33692434
4.14521897,0.33692434
4.14585897,0.33692434
4.14649897,0.33692434
4.14713897,0.33692434
4.14777897,0.33692434
4.14841897,0.33692434
4.14905897,0.33692434
4.14969897,0.33692434
4.15033897,0.33692434
4.15097897,0.33692434
4.15161897,0.51332134
4.15225897,0.33692434
4.15289897,0.33692434
4.15353897,0.51332134
4.15417897,0.33692434
4.15481897,0.51332134
4.15545897,0.51332134
4.15609897,0.33692434
4.15673897,0.51332134
4.15737897,0.33692434
4.15801897,0.33692434
4.15865897,0.33692434
4.15929897,0.51332134
4.15993897,0.51332134
4.16057897,0.51332134
4.16121897,0.33692434
4.16185897,0.33692434
4.16249897,0.51332134
4.16313897,0.51332134
4.16377897,0.51332134
4.16441897,0.51332134
4.16505897,0.33692434
4.16569897,0.33692434
4.16633897,0.51332134
4.16697897,0.33692434
4.16761897,0.33692434
4.16825897,0.33692434
4.16889897,0.51332134
4.16953897,0.51332134
4.17017897,0.51332134
4.17081897,0.33692434
4.17145897,0.33692434
4.17209897,0.33692434
4.17273897,0.51332134
4.17337897,0.51332134
4.17401897,0.33692434
4.17465897,0.33692434
4.17529897,0.33692434
4.17593897,0.33692434
4.17657897,0.33692434
4.17721897,0.51332134
4.17785897,0.33692434
4.17849897,0.51332134
4.17913897,0.33692434
4.17977897,0.33692434
4.18041897,0.51332134
4.18105897,0.33692434
4.18169897,0.51332134
4.18233897,0.33692434
4.18297897,0.33692434
4.18361897,0.33692434
4.18425897,0.33692434
4.18489897,0.33692434
4.18553897,0.33692434
4.18617897,0.33692434
4.18681897,0.33692434
4.18745897,0.33692434
4.18809897,0.33692434
4.18873897,0.51332134
4.18937897,0.51332134
4.19001897,0.33692434
4.19065897,0.33692434
4.19129897,0.33692434
4.19193897,0.33692434
4.19257897,0.33692434
4.19321897,0.33692434
4.19385897,0.33692434
4.19449897,0.33692434
4.19513897,0.33692434
4.19577897,0.33692434
4.19641897,0.33692434
4.19705897,0.33692434
4.19769897,0.33692434
4.19833897,0.33692434
4.19897897,0.33692434
4.19961897,0.33692434
4.20025897,0.33692434
4.20089897,0.33692434
4.20153897,0.33692434
4.20217897,0.33692434
4.20281897,0.33692434
4.20345897,0.33692434
4.20409897,0.33692434
4.20473897,0.33692434
4.20537897,0.33692434
4.20601897,0.33692434
4.20665897,0.33692434
4.20729897,0.16052736
4.20793897,0.33692434
4.20857897,0.16052736
4.20921897,0.16052736
4.20985897,0.33692434
4.21049897,0.16052736
4.21113897,0.33692434
4.21177897,0.16052736
4.21241897,0.16052736
4.21305897,0.16052736
4.21369897,0.16052736
4.21433897,0.16052736
4.21497897,0.16052736
4.21561897,0.16052736
4.21625897,0.16052736
4.21689897,0.16052736
4.21753897,-0.01525925
4.21817897,0.16052736
4.21881897,-0.01525925
4.21945897,-0.01525925
4.22009897,-0.01525925
4.22073897,-0.01525925
4.22137897,-0.01525925
4.22201897,-0.01525925
4.22265897,-0.01525925
4.22329897,-0.01525925
4.22393897,-0.01525925
4.22457897,-0.01525925
4.22521897,-0.01525925
4.22585897,-0.01525925
4.22649897,-0.01525925
4.22713897,-0.01525925
4.22777897,-0.19104587
4.22841897,-0.19104587
4.22905897,-0.19104587
4.22969897,-0.19104587
4.23033897,-0.19104587
4.23097897,-0.19104587
4.23161897,-0.19104587
4.23225897,-0.19104587
4.23289897,-0.19104587
4.23353897,-0.19104587
4.23417897,-0.19104587
4.23481897,-0.19104587
4.23545897,-0.19104587
4.23609897,-0.19104587
4.23673897,-0.19104587
4.23737897,-0.19104587
4.23801897,-0.36744285
4.23865897,-0.36744285
4.23929897,-0.36744285
4.23993897,-0.36744285
4.24057897,-0.36744285
4.24121897,-0.36744285
4.24185897,-0.36744285
4.24249897,-0.36744285
4.24313897,-0.36744285
4.24377897,-0.36744285
4.24441897,-0.36744285
4.24505897,-0.36744285
4.24569897,-0.36744285
4.24633897,-0.36744285
4.24697897,-0.36744285
4.24761897,-0.36744285
4.24825897,-0.36744285
4.24889897,-0.36744285
4.24953897,-0.36744285
4.25017897,-0.36744285
4.25081897,-0.36744285
4.25145897,-0.36744285
4.25209897,-0.36744285
4.25273897,-0.36744285
4.25337897,-0.36744285
4.25401897,-0.36744285
4.25465897,-0.36744285
4.25529897,-0.36744285
4.25593897,-0.36744285
4.25657897,-0.36744285
4.25721897,-0.36744285
4.25785897,-0.36744285
4.25849897,-0.36744285
4.25913897,-0.36744285
4.25977897,-0.36744285
4.26041897,-0.54383981
4.26105897,-0.54383981
4.26169897,-0.36744285
4.26233897,-0.36744285
4.26297897,-0.36744285
4.26361897,-0.36744285
4.26425897,-0.36744285
4.26489897,-0.54383981
4.26553897,-0.36744285
4.26617897,-0.54383981
4.26681897,-0.54383981
4.26745897,-0.54383981
4.26809897,-0.54383981
4.26873897,-0.54383981
4.26937897,-0.36744285
4.27001897,-0.36744285
4.27065897,-0.36744285
4.27129897,-0.36744285
4.27193897,-0.36744285
4.27257897,-0.36744285
4.27321897,-0.36744285
4.27385897,-0.36744285
4.27449897,-0.36744285
4.27513897,-0.54383981
4.27577897,-0.36744285
4.27641897,-0.36744285
4.27705897,-0.36744285
4.27769897,-0.36744285
4.27833897,-0.36744285
4.27897897,-0.36744285
4.27961897,-0.36744285
4.28025897,-0.36744285
4.28089897,-0.36744285
4.28153897,-0.36744285
4.28217897,-0.36744285
4.28281897,-0.36744285
4.28345897,-0.36744285
4.28409897,-0.36744285
4.28473897,-0.36744285
4.28537897,-0.36744285
4.28601897,-0.36744285
4.28665897,-0.36744285
4.28729897,-0.36744285
4.28793897,-0.36744285
4.28857897,-0.36744285
4.28921897,-0.36744285
4.28985897,-0.36744285
4.29049897,-0.36744285
4.29113897,-0.36744285
4.29177897,-0.36744285
4.29241897,-0.19104587
4.29305897,-0.19104587
4.29369897,-0.36744285
4.29433897,-0.19104587
4.29497897,-0.19104587
4.29561897,-0.19104587
4.29625897,-0.19104587
4.29689897,-0.19104587
4.29753897,-0.19104587
4.29817897,-0.36744285
4.29881897,-0.19104587
4.29945897,-0.19104587
4.30009897,-0.19104587
4.30073897,-0.19104587
4.30137897,-0.19104587
4.30201897,-0.19104587
4.30265897,-0.19104587
4.30329897,-0.19104587
4.30393897,-0.19104587
4.30457897,-0.19104587
4.30521897,-0.19104587
4.30585897,-0.19104587
4.30649897,-0.19104587
4.30713897,-0.19104587
4.30777897,-0.19104587
4.30841897,-0.01525925
4.30905897,-0.01525925
4.30969897,-0.19104587
4.31033897,-0.19104587
4.31097897,-0.19104587
4.31161897,-0.01525925
4.31225897,-0.19104587
4.31289897,-0.01525925
4.31353897,-0.19104587
4.31417897,-0.01525925
4.31481897,-0.01525925
4.31545897,-0.01525925
4.31609897,-0.01525925
4.31673897,-0.01525925
4.31737897,-0.19104587
4.31801897,-0.19104587
4.31865897,-0.01525925
4.31929897,-0.01525925
4.31993897,-0.19104587
4.32057897,-0.01525925
4.32121897,-0.01525925
4.32185897,-0.19104587
4.32249897,-0.01525925
4.32313897,-0.01525925
4.32377897,-0.01525925
4.32441897,-0.01525925
4.32505897,-0.01525925
4.32569897,-0.01525925
4.32633897,-0.01525925
4.32697897,-0.01525925
4.32761897,-0.01525925
4.32825897,0.16052736
4.32889897,-0.01525925
4.32953897,0.16052736
4.33017897,-0.01525925
4.33081897,0.16052736
4.33145897,-0.01525925
4.33209897,0.16052736
4.33273897,0.16052736
4.33337897,0.16052736
4.33401897,0.16052736
4.33465897,0.16052736
4.33529897,0.16052736
4.33593897,0.16052736
4.33657897,0.16052736
4.33721897,0.16052736
4.33785897,0.16052736
4.33849897,0.16052736
4.33913897,0.16052736
4.33977897,0.16052736
4.34041897,0.16052736
4.34105897,0.16052736
4.34169897,0.16052736
4.34233897,0.16052736
4.34297897,0.33692434
4.34361897,0.16052736
4.34425897,0.16052736
4.34489897,0.16052736
4.34553897,0.16052736
4.34617897,0.33692434
4.34681897,0.33692434
4.34745897,0.16052736
4.34809897,0.33692434
4.34873897,0.16052736
4.34937897,0.16052736
4.35001897,0.33692434
4.35065897,0.33692434
4.35129897,0.33692434
4.35193897,0.16052736
4.35257897,0.33692434
4.35321897,0.33692434
4.35385897,0.33692434
4.35449897,0.33692434
4.35513897,0.33692434
4.35577897,0.33692434
4.35641897,0.33692434
4.35705897,0.33692434
4.35769897,0.33692434
4.35833897,0.33692434
4.35897897,0.33692434
4.35961897,0.33692434
4.36025897,0.33692434
4.36089897,0.33692434
4.36153897,0.33692434
4.36217897,0.33692434
4.36281897,0.33692434
4.36345897,0.51332134
4.36409897,0.33692434
4.36473897,0.51332134
4.36537897,0.33692434
4.36601897,0.33692434
4.36665897,0.33692434
4.36729897,0.33692434
4.36793897,0.51332134
4.36857897,0.51332134
4.36921897,0.51332134
4.36985897,0.51332134
4.37049897,0.51332134
4.37113897,0.33692434
4.37177897,0.33692434
4.37241897,0.51332134
4.37305897,0.33692434
4.37369897,0.33692434
4.37433897,0.33692434
4.37497897,0.51332134
4.37561897,0.51332134
4.37625897,0.51332134
4.37689897,0.33692434
4.37753897,0.51332134
4.37817897,0.51332134
4.37881897,0.51332134
4.37945897,0.51332134
4.38009897,0.51332134
4.38073897,0.51332134
4.38137897,0.51332134
4.38201897,0.51332134
4.38265897,0.51332134
4.38329897,0.51332134
4.38393897,0.51332134
4.38457897,0.51332134
4.38521897,0.51332134
4.38585897,0.51332134
4.38649897,0.51332134
4.38713897,0.51332134
4.38777897,0.33692434
4.38841897,0.51332134
4.38905897,0.51332134
4.38969897,0.33692434
4.39033897,0.33692434
4.39097897,0.51332134
4.39161897,0.33692434
4.39225897,0.51332134
4.39289897,0.51332134
4.39353897,0.33692434
4.39417897,0.51332134
4.39481897,0.51332134
4.39545897,0.51332134
4.39609897,0.33692434
4.39673897,0.33692434
4.39737897,0.33692434
4.39801897,0.51332134
4.39865897,0.51332134
4.39929897,0.33692434
4.39993897,0.33692434
4.40057897,0.51332134
4.40121897,0.33692434
4.40185897,0.33692434
4.40249897,0.33692434
4.40313897,0.33692434
4.40377897,0.33692434
4.40441897,0.33692434
4.40505897,0.33692434
4.40569897,0.33692434
4.40633897,0.33692434
4.40697897,0.33692434
4.40761897,0.33692434
4.40825897,0.33692434
4.40889897,0.33692434
4.40953897,0.33692434
4.41017897,0.16052736
4.41081897,0.33692434
4.41145897,0.33692434
4.41209897,0.16052736
4.41273897,0.33692434
4.41337897,0.16052736
4.41401897,0.16052736
4.41465897,0.16052736
4.41529897,0.33692434
4.41593897,0.33692434
4.41657897,0.16052736
4.41721897,0.16052736
4.41785897,0.16052736
4.41849897,0.16052736
4.41913897,0.16052736
4.41977897,0.16052736
4.42041897,0.16052736
4.42105897,0.16052736
4.42169897,0.16052736
4.42233897,-0.01525925
4.42297897,-0.01525925
4.42361897,-0.01525925
4.42425897,-0.01525925
4.42489897,-0.01525925
4.42553897,-0.01525925
4.42617897,-0.01525925
4.42681897,0.16052736
4.42745897,-0.01525925
4.42809897,-0.01525925
4.42873897,-0.01525925
4.42937897,-0.01525925
4.43001897,-0.01525925
4.43065897,-0.01525925
4.43129897,-0.01525925
4.43193897,-0.01525925
4.43257897,-0.01525925
4.43321897,-0.01525925
4.43385897,-0.01525925
4.43449897,-0.01525925
4.43513897,-0.19104587
4.43577897,-0.19104587
4.43641897,-0.19104587
4.43705897,-0.19104587
4.43769897,-0.19104587
4.43833897,-0.19104587
4.43897897,-0.19104587
4.43961897,-0.19104587
4.44025897,-0.19104587
4.44089897,-0.19104587
4.44153897,-0.19104587
4.44217897,-0.19104587
4.44281897,-0.19104587
4.44345897,-0.19104587
4.44409897,-0.19104587
4.44473897,-0.19104587
4.44537897,-0.19104587
4.44601897,-0.19104587
4.44665897,-0.19104587
4.44729897,-0.19104587
4.44793897,-0.19104587
4.44857897,-0.19104587
4.44921897,-0.36744285
4.44985897,-0.19104587
4.45049897,-0.19104587
4.45113897,-0.19104587
4.45177897,-0.19104587
4.45241897,-0.19104587
4.45305897,-0.19104587
4.45369897,-0.19104587
4.45433897,-0.36744285
4.45497897,-0.19104587
4.45561897,-0.19104587
4.45625897,-0.19104587
4.45689897,-0.19104587
4.45753897,-0.19104587
4.45817897,-0.19104587
4.45881897,-0.19104587
4.45945897,-0.19104587
4.46009897,-0.19104587
4.46073897,-0.36744285
4.46137897,-0.36744285
4.46201897,-0.36744285
4.46265897,-0.36744285
4.46329897,-0.36744285
4.46393897,-0.19104587
4.46457897,-0.36744285
4.46521897,-0.36744285
4.46585897,-0.36744285
4.46649897,-0.36744285
4.46713897,-0.36744285
4.46777897,-0.36744285
4.46841897,-0.36744285
4.46905897,-0.36744285
4.46969897,-0.36744285
4.47033897,-0.19104587
4.47097897,-0.36744285
4.47161897,-0.36744285
4.47225897,-0.36744285
4.47289897,-0.36744285
4.47353897,-0.36744285
4.47417897,-0.36744285
4.47481897,-0.36744285
4.47545897,-0.19104587
4.47609897,-0.36744285
4.47673897,-0.36744285
4.47737897,-0.36744285
4.47801897,-0.36744285
4.47865897,-0.36744285
4.47929897,-0.36744285
4.47993897,-0.36744285
4.48057897,-0.36744285
4.48121897,-0.36744285
4.48185897,-0.36744285
4.48249897,-0.36744285
4.48313897,-0.36744285
4.48377897,-0.36744285
4.48441897,-0.36744285
4.48505897,-0.36744285
4.48569897,-0.36744285
4.48633897,-0.36744285
4.48697897,-0.36744285
4.48761897,-0.36744285
4.48825897,-0.36744285
4.48889897,-0.36744285
4.48953897,-0.36744285
4.49017897,-0.36744285
4.49081897,-0.36744285
4.49145897,-0.36744285
4.49209897,-0.36744285
4.49273897,-0.36744285
4.49337897,-0.36744285
4.49401897,-0.36744285
4.49465897,-0.36744285
4.49529897,-0.36744285
4.49593897,-0.36744285
4.49657897,-0.36744285
4.49721897,-0.36744285
4.49785897,-0.36744285
4.49849897,-0.36744285
4.49913897,-0.36744285
4.49977897,-0.36744285
4.50041897,-0.36744285
4.50105897,-0.36744285
4.50169897,-0.36744285
4.50233897,-0.19104587
4.50297897,-0.19104587
4.50361897,-0.36744285
4.50425897,-0.36744285
4.50489897,-0.36744285
4.50553897,-0.19104587
4.50617897,-0.19104587
4.50681897,-0.36744285
4.50745897,-0.36744285
4.50809897,-0.36744285
4.50873897,-0.19104587
4.50937897,-0.36744285
4.51001897,-0.36744285
4.51065897,-0.36744285
4.51129897,-0.36744285
4.51193897,-0.36744285
4.51257897,-0.36744285
4.51321897,-0.19104587
4.51385897,-0.19104587
4.51449897,-0.36744285
4.51513897,-0.19104587
4.51577897,-0.19104587
4.51641897,-0.19104587
4.51705897,-0.19104587
4.51769897,-0.19104587
4.51833897,-0.19104587
4.51897897,-0.19104587
4.51961897,-0.19104587
4.52025897,-0.19104587
4.52089897,-0.19104587
4.52153897,-0.19104587
4.52217897,-0.19104587
4.52281897,-0.19104587
4.52345897,-0.19104587
4.52409897,-0.19104587
4.52473897,-0.19104587
4.52537897,-0.19104587
4.52601897,-0.19104587
4.52665897,-0.19104587
4.52729897,-0.19104587
4.52793897,-0.19104587
4.52857897,-0.19104587
4.52921897,-0.19104587
4.52985897,-0.19104587
4.53049897,-0.19104587
4.53113897,-0.19104587
4.53177897,-0.19104587
4.53241897,-0.01525925
4.53305897,-0.01525925
4.53369897,-0.01525925
4.53433897,-0.19104587
4.53497897,-0.01525925
4.53561897,-0.01525925
4.53625897,-0.01525925
4.53689897,-0.01525925
4.53753897,-0.01525925
4.53817897,0.16052736
4.53881897,-0.01525925
4.53945897,-0.01525925
4.54009897,-0.01525925
4.54073897,0.16052736
4.54137897,0.16052736
4.54201897,0.16052736
4.54265897,0.16052736
4.54329897,0.16052736
4.54393897,0.16052736
4.54457897,0.16052736
4.54521897,0.16052736
4.54585897,0.16052736
4.54649897,0.16052736
4.54713897,0.16052736
4.54777897,0.16052736
4.54841897,0.16052736
4.54905897,0.16052736
4.54969897,0.16052736
4.55033897,0.16052736
4.55097897,0.33692434
4.55161897,0.16052736
4.55225897,0.16052736
4.55289897,0.33692434
4.55353897,0.16052736
4.55417897,0.33692434
4.55481897,0.16052736
4.55545897,0.16052736
4.55609897,0.33692434
4.55673897,0.16052736
4.55737897,0.33692434
4.55801897,0.33692434
4.55865897,0.33692434
4.55929897,0.33692434
4.55993897,0.33692434
4.56057897,0.33692434
4.56121897,0.33692434
4.56185897,0.33692434
4.56249897,0.33692434
4.56313897,0.33692434
4.56377897,0.33692434
4.56441897,0.33692434
4.56505897,0.33692434
4.56569897,0.33692434
4.56633897,0.33692434
4.56697897,0.33692434
4.56761897,0.33692434
4.56825897,0.33692434
4.56889897,0.33692434
4.56953897,0.33692434
4.57017897,0.33692434
4.57081897,0.33692434
4.57145897,0.33692434
4.57209897,0.33692434
4.57273897,0.33692434
4.57337897,0.33692434
4.57401897,0.33692434
4.57465897,0.33692434
4.57529897,0.33692434
4.57593897,0.33692434
4.57657897,0.51332134
4.57721897,0.33692434
4.57785897,0.33692434
4.57849897,0.51332134
4.57913897,0.33692434
4.57977897,0.33692434
4.58041897,0.33692434
4.58105897,0.33692434
4.58169897,0.33692434
4.58233897,0.33692434
4.58297897,0.33692434
4.58361897,0.51332134
4.58425897,0.51332134
4.58489897,0.51332134
4.58553897,0.33692434
4.58617897,0.33692434
4.58681897,0.33692434
4.58745897,0.33692434
4.58809897,0.33692434
4.58873897,0.33692434
4.58937897,0.33692434
4.59001897,0.51332134
4.59065897,0.33692434
4.59129897,0.33692434
4.59193897,0.33692434
4.59257897,0.33692434
4.59321897,0.33692434
4.59385897,0.33692434
4.59449897,0.33692434
4.59513897,0.33692434
4.59577897,0.33692434
4.59641897,0.33692434
4.59705897,0.33692434
4.59769897,0.33692434
4.59833897,0.33692434
4.59897897,0.33692434
4.59961897,0.33692434
4.60025897,0.33692434
4.60089897,0.33692434
4.60153897,0.33692434
4.60217897,0.33692434
4.60281897,0.33692434
4.60345897,0.33692434
4.60409897,0.33692434
4.60473897,0.33692434
4.60537897,0.33692434
4.60601897,0.33692434
4.60665897,0.33692434
4.60729897,0.33692434
4.60793897,0.33692434
4.60857897,0.33692434
4.60921897,0.16052736
4.60985897,0.33692434
4.61049897,0.33692434
4.61113897,0.33692434
4.61177897,0.33692434
4.61241897,0.16052736
4.61305897,0.33692434
4.61369897,0.33692434
4.61433897,0.16052736
4.61497897,0.33692434
4.61561897,0.33692434
4.61625897,0.33692434
4.61689897,0.16052736
4.61753897,0.16052736
4.61817897,0.33692434
4.61881897,0.16052736
4.61945897,0.16052736
4.62009897,0.33692434
4.62073897,0.16052736
4.62137897,0.16052736
4.62201897,0.16052736
4.62265897,0.16052736
4.62329897,0.16052736
4.62393897,0.16052736
4.62457897,0.16052736
4.62521897,0.16052736
4.62585897,0.16052736
4.62649897,0.16052736
4.62713897,0.16052736
4.62777897,0.16052736
4.62841897,0.16052736
4.62905897,0.16052736
4.62969897,0.16052736
4.63033897,0.16052736
4.63097897,0.16052736
4.63161897,0.16052736
4.63225897,0.16052736
4.63289897,0.16052736
4.63353897,0.16052736
4.63417897,0.16052736
4.63481897,0.16052736
4.63545897,0.16052736
4.63609897,0.16052736
4.63673897,-0.01525925
4.63737897,0.16052736
4.63801897,0.16052736
4.63865897,0.16052736
4.63929897,0.16052736
4.63993897,-0.01525925
4.64057897,0.16052736
4.64121897,-0.01525925
4.64185897,-0.01525925
4.64249897,-0.01525925
4.64313897,-0.01525925
4.64377897,-0.01525925
4.64441897,-0.01525925
4.64505897,-0.01525925
4.64569897,-0.01525925
4.64633897,-0.01525925
4.64697897,-0.01525925
4.64761897,-0.01525925
4.64825897,-0.19104587
4.64889897,-0.19104587
4.64953897,-0.01525925
4.65017897,-0.01525925
4.65081897,-0.19104587
4.65145897,-0.01525925
4.65209897,-0.01525925
4.65273897,-0.01525925
4.65337897,-0.01525925
4.65401897,-0.19104587
4.65465897,-0.19104587
4.65529897,-0.01525925
4.65593897,-0.19104587
4.65657897,-0.01525925
4.65721897,-0.19104587
4.65785897,-0.19104587
4.65849897,-0.19104587
4.65913897,-0.19104587
4.65977897,-0.19104587
4.66041897,-0.19104587
4.66105897,-0.19104587
4.66169897,-0.19104587
4.66233897,-0.19104587
4.66297897,-0.19104587
4.66361897,-0.19104587
4.66425897,-0.19104587
4.66489897,-0.19104587
4.66553897,-0.19104587
4.66617897,-0.19104587
4.66681897,-0.19104587
4.66745897,-0.19104587
4.66809897,-0.19104587
4.66873897,-0.19104587
4.66937897,-0.19104587
4.67001897,-0.19104587
4.67065897,-0.19104587
4.67129897,-0.36744285
4.67193897,-0.19104587
4.67257897,-0.36744285
4.67321897,-0.19104587
4.67385897,-0.36744285
4.67449897,-0.19104587
4.67513897,-0.19104587
4.67577897,-0.19104587
4.67641897,-0.19104587
4.67705897,-0.36744285
4.67769897,-0.19104587
4.67833897,-0.36744285
4.67897897,-0.19104587
4.67961897,-0.36744285
4.68025897,-0.36744285
4.68089897,-0.36744285
4.68153897,-0.36744285
4.68217897,-0.36744285
4.68281897,-0.36744285
4.68345897,-0.36744285
4.68409897,-0.36744285
4.68473897,-0.36744285
4.68537897,-0.36744285
4.68601897,-0.36744285
4.68665897,-0.36744285
4.68729897,-0.36744285
4.68793897,-0.36744285
4.68857897,-0.36744285
4.68921897,-0.36744285
4.68985897,-0.36744285
4.69049897,-0.36744285
4.69113897,-0.36744285
4.69177897,-0.36744285
4.69241897,-0.36744285
4.69305897,-0.36744285
4.69369897,-0.36744285
4.69433897,-0.36744285
4.69497897,-0.36744285
4.69561897,-0.36744285
4.69625897,-0.36744285
4.69689897,-0.36744285
4.69753897,-0.36744285
4.69817897,-0.36744285
4.69881897,-0.36744285
4.69945897,-0.36744285
4.70009897,-0.36744285
4.70073897,-0.36744285
4.70137897,-0.36744285
4.70201897,-0.36744285
4.70265897,-0.36744285
4.70329897,-0.36744285
4.70393897,-0.36744285
4.70457897,-0.36744285
4.70521897,-0.36744285
4.70585897,-0.36744285
4.70649897,-0.36744285
4.70713897,-0.36744285
4.70777897,-0.36744285
4.70841897,-0.36744285
4.70905897,-0.36744285
4.70969897,-0.36744285
4.71033897,-0.19104587
4.71097897,-0.36744285
4.71161897,-0.36744285
4.71225897,-0.36744285
4.71289897,-0.36744285
4.71353897,-0.36744285
4.71417897,-0.36744285
4.71481897,-0.19104587
4.71545897,-0.36744285
4.71609897,-0.36744285
4.71673897,-0.19104587
4.71737897,-0.36744285
4.71801897,-0.36744285
4.71865897,-0.19104587
4.71929897,-0.36744285
4.71993897,-0.36744285
4.72057897,-0.19104587
4.72121897,-0.19104587
4.72185897,-0.19104587
4.72249897,-0.19104587
4.72313897,-0.19104587
4.72377897,-0.19104587
4.72441897,-0.19104587
4.72505897,-0.19104587
4.72569897,-0.19104587
4.72633897,-0.19104587
4.72697897,-0.19104587
4.72761897,-0.19104587
4.72825897,-0.19104587
4.72889897,-0.19104587
4.72953897,-0.19104587
4.73017897,-0.19104587
4.73081897,-0.19104587
4.73145897,-0.19104587
4.73209897,-0.19104587
4.73273897,-0.19104587
4.73337897,-0.19104587
4.73401897,-0.19104587
4.73465897,-0.19104587
4.73529897,-0.01525925
4.73593897,-0.19104587
4.73657897,-0.19104587
4.73721897,-0.01525925
4.73785897,-0.01525925
4.73849897,-0.01525925
4.73913897,-0.01525925
4.73977897,-0.01525925
4.74041897,-0.01525925
4.74105897,-0.01525925
4.74169897,-0.01525925
4.74233897,-0.01525925
4.74297897,-0.01525925
4.74361897,-0.01525925
4.74425897,-0.01525925
4.74489897,-0.01525925
4.74553897,-0.01525925
4.74617897,-0.01525925
4.74681897,0.16052736
4.74745897,-0.01525925
4.74809897,0.16052736
4.74873897,0.16052736
4.74937897,-0.01525925
4.75001897,0.16052736
4.75065897,0.16052736
4.75129897,0.16052736
4.75193897,0.16052736
4.75257897,0.16052736
4.75321897,0.16052736
4.75385897,0.16052736
4.75449897,0.16052736
4.75513897,0.16052736
4.75577897,0.16052736
4.75641897,0.16052736
4.75705897,0.16052736
4.75769897,0.16052736
4.75833897,0.16052736
4.75897897,0.16052736
4.75961897,0.16052736
4.76025897,0.16052736
4.76089897,0.16052736
4.76153897,0.16052736
4.76217897,0.16052736
4.76281897,0.16052736
4.76345897,0.16052736
4.76409897,0.33692434
4.76473897,0.16052736
4.76537897,0.16052736
4.76601897,0.16052736
4.76665897,0.16052736
4.76729897,0.16052736
4.76793897,0.16052736
4.76857897,0.16052736
4.76921897,0.16052736
4.76985897,0.33692434
4.77049897,0.33692434
4.77113897,0.16052736
4.77177897,0.33692434
4.77241897,0.33692434
4.77305897,0.16052736
4.77369897,0.33692434
4.77433897,0.16052736
4.77497897,0.33692434
4.77561897,0.33692434
4.77625897,0.16052736
4.77689897,0.33692434
4.77753897,0.33692434
4.77817897,0.33692434
4.77881897,0.16052736
4.77945897,0.33692434
4.78009897,0.33692434
4.78073897,0.33692434
4.78137897,0.33692434
4.78201897,0.33692434
4.78265897,0.33692434
4.78329897,0.33692434
4.78393897,0.33692434
4.78457897,0.33692434
4.78521897,0.33692434
4.78585897,0.33692434
4.78649897,0.33692434
4.78713897,0.33692434
4.78777897,0.33692434
4.78841897,0.33692434
4.78905897,0.33692434
4.78969897,0.33692434
4.79033897,0.33692434
4.79097897,0.33692434
4.79161897,0.33692434
4.79225897,0.33692434
4.79289897,0.33692434
4.79353897,0.33692434
4.79417897,0.33692434
4.79481897,0.33692434
4.79545897,0.33692434
4.79609897,0.33692434
4.79673897,0.33692434
4.79737897,0.33692434
4.79801897,0.33692434
4.79865897,0.33692434
4.79929897,0.33692434
4.79993897,0.33692434
4.80057897,0.33692434
4.80121897,0.33692434
4.80185897,0.33692434
4.80249897,0.33692434
4.80313897,0.33692434
4.80377897,0.33692434
4.80441897,0.33692434
4.80505897,0.33692434
4.80569897,0.33692434
4.80633897,0.33692434
4.80697897,0.33692434
4.80761897,0.33692434
4.80825897,0.33692434
4.80889897,0.33692434
4.80953897,0.33692434
4.81017897,0.33692434
4.81081897,0.33692434
4.81145897,0.33692434
4.81209897,0.33692434
4.81273897,0.33692434
4.81337897,0.33692434
4.81401897,0.33692434
4.81465897,0.33692434
4.81529897,0.33692434
4.81593897,0.33692434
4.81657897,0.33692434
4.81721897,0.33692434
4.81785897,0.33692434
4.81849897,0.33692434
4.81913897,0.33692434
4.81977897,0.33692434
4.82041897,0.33692434
4.82105897,0.33692434
4.82169897,0.33692434
4.82233897,0.33692434
4.82297897,0.33692434
4.82361897,0.33692434
4.82425897,0.33692434
4.82489897,0.33692434
4.82553897,0.33692434
4.82617897,0.33692434
4.82681897,0.33692434
4.82745897,0.33692434
4.82809897,0.33692434
4.82873897,0.33692434
4.82937897,0.33692434
4.83001897,0.33692434
4.83065897,0.33692434
4.83129897,0.33692434
4.83193897,0.16052736
4.83257897,0.33692434
4.83321897,0.33692434
4.83385897,0.33692434
4.83449897,0.33692434
4.83513897,0.16052736
4.83577897,0.16052736
4.83641897,0.16052736
4.83705897,0.16052736
4.83769897,0.16052736
4.83833897,0.33692434
4.83897897,0.16052736
4.83961897,0.16052736
4.84025897,0.16052736
4.84089897,0.16052736
4.84153897,0.16052736
4.84217897,0.16052736
4.84281897,0.16052736
4.84345897,0.16052736
4.84409897,0.16052736
4.84473897,0.16052736
4.84537897,0.16052736
4.84601897,0.16052736
4.84665897,0.16052736
4.84729897,0.16052736
4.84793897,0.16052736
4.84857897,0.16052736
4.84921897,0.16052736
4.84985897,0.16052736
4.85049897,0.16052736
4.85113897,0.16052736
4.85177897,-0.01525925
4.85241897,0.16052736
4.85305897,0.16052736
4.85369897,0.16052736
4.85433897,-0.01525925
4.85497897,-0.01525925
4.85561897,-0.01525925
4.85625897,-0.01525925
4.85689897,-0.01525925
4.85753897,-0.01525925
4.85817897,-0.01525925
4.85881897,-0.01525925
4.85945897,-0.01525925
4.86009897,-0.01525925
4.86073897,-0.01525925
4.86137897,-0.19104587
4.86201897,-0.01525925
4.86265897,-0.01525925
4.86329897,-0.19104587
4.86393897,-0.19104587
4.86457897,-0.01525925
4.86521897,-0.19104587
4.86585897,-0.19104587
4.86649897,-0.19104587
4.86713897,-0.19104587
4.86777897,-0.19104587
4.86841897,-0.19104587
4.86905897,-0.19104587
4.86969897,-0.19104587
4.87033897,-0.19104587
4.87097897,-0.19104587
4.87161897,-0.19104587
4.87225897,-0.19104587
4.87289897,-0.19104587
4.87353897,-0.19104587
4.87417897,-0.19104587
4.87481897,-0.19104587
4.87545897,-0.19104587
4.87609897,-0.19104587
4.87673897,-0.19104587
4.87737897,-0.19104587
4.87801897,-0.19104587
4.87865897,-0.19104587
4.87929897,-0.19104587
4.87993897,-0.19104587
4.88057897,-0.19104587
4.88121897,-0.36744285
4.88185897,-0.19104587
4.88249897,-0.36744285
4.88313897,-0.36744285
4.88377897,-0.19104587
4.88441897,-0.19104587
4.88505897,-0.36744285
4.88569897,-0.36744285
4.88633897,-0.19104587
4.88697897,-0.36744285
4.88761897,-0.36744285
4.88825897,-0.36744285
4.88889897,-0.36744285
4.88953897,-0.36744285
4.89017897,-0.36744285
4.89081897,-0.36744285
4.89145897,-0.36744285
4.89209897,-0.36744285
4.89273897,-0.36744285
4.89337897,-0.36744285
4.89401897,-0.36744285
4.89465897,-0.19104587
4.89529897,-0.36744285
4.89593897,-0.19104587
4.89657897,-0.36744285
4.89721897,-0.36744285
4.89785897,-0.36744285
4.89849897,-0.36744285
4.89913897,-0.36744285
4.89977897,-0.36744285
4.90041897,-0.36744285
4.90105897,-0.36744285
4.90169897,-0.36744285
4.90233897,-0.36744285
4.90297897,-0.36744285
4.90361897,-0.36744285
4.90425897,-0.36744285
4.90489897,-0.36744285
4.90553897,-0.36744285
4.90617897,-0.36744285
4.90681897,-0.36744285
4.90745897,-0.36744285
4.90809897,-0.19104587
4.90873897,-0.36744285
4.90937897,-0.36744285
4.91001897,-0.36744285
4.91065897,-0.36744285
4.91129897,-0.36744285
4.91193897,-0.19104587
4.91257897,-0.19104587
4.91321897,-0.19104587
4.91385897,-0.19104587
4.91449897,-0.36744285
4.91513897,-0.19104587
4.91577897,-0.19104587
4.91641897,-0.19104587
4.91705897,-0.19104587
4.91769897,-0.36744285
4.91833897,-0.19104587
4.91897897,-0.19104587
4.91961897,-0.19104587
4.92025897,-0.19104587
4.92089897,-0.19104587
4.92153897,-0.19104587
4.92217897,-0.19104587
4.92281897,-0.19104587
4.92345897,-0.19104587
4.92409897,-0.19104587
4.92473897,-0.19104587
4.92537897,-0.36744285
4.92601897,-0.19104587
4.92665897,-0.19104587
4.92729897,-0.19104587
4.92793897,-0.19104587
4.92857897,-0.19104587
4.92921897,-0.19104587
4.92985897,-0.19104587
4.93049897,-0.19104587
4.93113897,-0.19104587
4.93177897,-0.19104587
4.93241897,-0.19104587
4.93305897,-0.19104587
4.93369897,-0.19104587
4.93433897,-0.19104587
4.93497897,-0.19104587
4.93561897,-0.19104587
4.93625897,-0.19104587
4.93689897,-0.19104587
4.93753897,-0.19104587
4.93817897,-0.19104587
4.93881897,-0.19104587
4.93945897,-0.19104587
4.94009897,-0.19104587
4.94073897,-0.19104587
4.94137897,-0.19104587
4.94201897,-0.19104587
4.94265897,-0.01525925
4.94329897,-0.19104587
4.94393897,-0.19104587
4.94457897,-0.19104587
4.94521897,-0.19104587
4.94585897,-0.19104587
4.94649897,-0.01525925
4.94713897,-0.19104587
4.94777897,-0.19104587
4.94841897,-0.19104587
4.94905897,-0.01525925
4.94969897,-0.01525925
4.95033897,-0.01525925
4.95097897,-0.01525925
4.95161897,-0.01525925
4.95225897,-0.01525925
4.95289897,-0.01525925
4.95353897,-0.01525925
4.95417897,-0.01525925
4.95481897,-0.01525925
4.95545897,-0.01525925
4.95609897,-0.01525925
4.95673897,-0.01525925
4.95737897,-0.01525925
4.95801897,-0.01525925
4.95865897,-0.01525925
4.95929897,-0.01525925
4.95993897,0.16052736
4.96057897,-0.01525925
4.96121897,0.16052736
4.96185897,-0.01525925
4.96249897,-0.01525925
4.96313897,-0.01525925
4.96377897,-0.01525925
4.96441897,0.16052736
4.96505897,0.16052736
4.96569897,-0.01525925
4.96633897,-0.01525925
4.96697897,0.16052736
4.96761897,0.16052736
4.96825897,-0.01525925
4.96889897,-0.01525925
4.96953897,0.16052736
4.97017897,0.16052736
4.97081897,0.16052736
4.97145897,0.16052736
4.97209897,0.16052736
4.97273897,0.16052736
4.97337897,0.16052736
4.97401897,0.16052736
4.97465897,0.16052736
4.97529897,0.16052736
4.97593897,0.16052736
4.97657897,0.16052736
4.97721897,0.16052736
4.97785897,0.16052736
4.97849897,0.16052736
4.97913897,0.16052736
4.97977897,0.16052736
4.98041897,0.16052736
4.98105897,0.16052736
4.98169897,0.16052736
4.98233897,0.16052736
4.98297897,0.16052736
4.98361897,0.33692434
4.98425897,0.16052736
4.98489897,0.16052736
4.98553897,0.16052736
4.98617897,0.33692434
4.98681897,0.16052736
4.98745897,0.33692434
4.98809897,0.16052736
4.98873897,0.33692434
4.98937897,0.33692434
4.99001897,0.33692434
4.99065897,0.33692434
4.99129897,0.33692434
4.99193897,0.33692434
4.99257897,0.33692434
4.99321897,0.16052736
4.99385897,0.33692434
4.99449897,0.33692434
4.99513897,0.33692434
4.99577897,0.33692434
4.99641897,0.33692434
4.99705897,0.33692434
4.99769897,0.33692434
4.99833897,0.33692434
4.99897897,0.33692434
4.99961897,0.33692434
5.00025897,0.33692434
5.00089897,0.33692434
