Frequency,Channel A

0.00000000,-31.53985214
0.19073486,-38.63452530
0.38146973,-54.05329895
0.57220459,-54.92941284
0.76293945,-54.08828735
0.95367432,-53.99881744
1.14440918,-57.60787201
1.33514404,-64.42095947
1.52587891,-60.96854401
1.71661377,-57.16273880
1.90734863,-58.24790192
2.09808350,-56.05735779
2.28881836,-55.65284348
2.47955322,-59.43179703
2.67028809,-62.75453949
2.86102295,-56.38468170
3.05175781,-52.35330200
3.24249268,-57.60312653
3.43322754,-54.03995895
3.62396240,-46.20109940
3.81469727,-56.82526016
4.00543213,-45.44489288
4.19616699,-37.69265747
4.38690186,-11.78536606
4.57763672,-0.64176834
4.76837158,1.78829134
4.95910645,-3.62220311
5.14984131,-18.79324722
5.34057617,-46.64295197
5.53131104,-44.28936386
5.72204590,-53.84455872
5.91278076,-48.44702911
6.10351562,-61.02092743
6.29425049,-56.20790863
6.48498535,-53.86398315
6.67572021,-58.36597443
6.86645508,-63.20716858
7.05718994,-56.93790817
7.24792480,-51.73512268
7.43865967,-54.54933929
7.62939453,-64.28933716
7.82012939,-53.87078857
8.01086426,-54.85208511
8.20159912,-49.86387253
8.39233398,-51.01634216
8.58306885,-50.78445435
8.77380371,-52.04219055
8.96453857,-63.18669891
9.15527344,-50.83609009
9.34600830,-51.15328217
9.53674316,-50.65874481
9.72747803,-49.25588608
9.91821289,-51.79383087
10.10894775,-57.76277924
10.29968262,-55.93404770
10.49041748,-54.42100143
10.68115234,-53.21712494
10.87188721,-54.70995331
11.06262207,-60.73159027
11.25335693,-61.29114532
11.44409180,-56.06642151
11.63482666,-63.57892990
11.82556152,-60.63294220
12.01629639,-55.19366455
12.20703125,-54.78524780
12.39776611,-56.46626282
12.58850098,-54.18186188
12.77923584,-54.64183807
12.96997070,-52.05612946
13.16070557,-49.13261414
13.35144043,-49.71624374
13.54217529,-34.19301605
13.73291016,-20.62429237
13.92364502,-12.86078548
14.11437988,-12.02827072
14.30511475,-17.89733696
14.49584961,-31.62718010
14.68658447,-42.47634125
14.87731934,-45.86547470
15.06805420,-45.85595703
15.25878906,-47.49449921
15.44952393,-57.64246368
15.64025879,-50.04124451
15.83099365,-51.04433441
16.02172852,-53.28141785
16.21246338,-55.10701752
16.40319824,-56.34847260
16.59393311,-54.18845749
16.78466797,-60.02120590
16.97540283,-68.63320923
17.16613770,-74.67255402
17.35687256,-60.45632935
17.54760742,-55.35723114
17.73834229,-55.18272018
17.92907715,-62.74560928
18.11981201,-55.37126923
18.31054688,-51.28755951
18.50128174,-52.09452057
18.69201660,-54.64596558
18.88275146,-63.20705414
19.07348633,-58.30262756
19.26422119,-49.11784363
19.45495605,-48.21133423
19.64569092,-57.35781860
19.83642578,-56.58393478
20.02716064,-51.41598511
20.21789551,-52.93323135
20.40863037,-56.21234131
20.59936523,-64.48397827
20.79010010,-64.98960876
20.98083496,-68.76409912
21.17156982,-73.32891846
21.36230469,-67.68350220
21.55303955,-57.07449341
21.74377441,-54.63163757
21.93450928,-54.78935623
22.12524414,-56.61718750
22.31597900,-57.06007385
22.50671387,-57.23093033
22.69744873,-55.79335785
22.88818359,-49.70198822
23.07891846,-45.96412277
23.26965332,-44.20545578
23.46038818,-49.58839798
23.65112305,-51.06154633
23.84185791,-45.18753815
24.03259277,-44.94375229
24.22332764,-51.04872894
24.41406250,-57.40693665
24.60479736,-55.61306381
24.79553223,-61.00986099
24.98626709,-62.24289703
25.17700195,-52.57822037
25.36773682,-48.77851868
25.55847168,-50.01579285
25.74920654,-54.07373047
25.93994141,-55.64664459
26.13067627,-50.56481171
26.32141113,-49.57247162
26.51214600,-54.89603043
26.70288086,-58.35368729
26.89361572,-58.22172165
27.08435059,-50.88984680
27.27508545,-50.88059235
27.46582031,-49.64617157
27.65655518,-49.18708801
27.84729004,-54.49313736
28.03802490,-69.35886383
28.22875977,-55.33952332
28.41949463,-48.20984268
28.61022949,-47.75383377
28.80096436,-52.28810120
28.99169922,-52.03314972
29.18243408,-52.15120316
29.37316895,-59.91089249
29.56390381,-51.96739578
29.75463867,-53.96349335
29.94537354,-74.49282837
30.13610840,-66.29119110
30.32684326,-61.78102875
30.51757812,-55.61233521
30.70831299,-55.11087036
30.89904785,-61.89479828
31.08978271,-63.90914536
31.28051758,-59.43761444
31.47125244,-54.55457687
31.66198730,-51.87406158
31.85272217,-52.10096359
32.04345703,-51.45620728
32.23419189,-51.67023468
32.42492676,-55.94443512
32.61566162,-50.05355072
32.80639648,-45.73974991
32.99713135,-43.17480469
33.18786621,-43.81381226
33.37860107,-44.24985504
33.56933594,-41.91889954
33.76007080,-43.73242188
33.95080566,-46.86568832
34.14154053,-47.90794754
34.33227539,-48.28336334
34.52301025,-47.52628326
34.71374512,-48.98498535
34.90447998,-57.28883743
35.09521484,-56.21498871
35.28594971,-54.73255539
35.47668457,-64.27499390
35.66741943,-61.02925873
35.85815430,-52.78582764
36.04888916,-51.50322723
36.23962402,-58.62242126
36.43035889,-61.48680878
36.62109375,-53.41492081
36.81182861,-50.86009979
37.00256348,-50.64833069
37.19329834,-51.56502533
37.38403320,-56.88909149
37.57476807,-64.04286194
37.76550293,-58.56679535
37.95623779,-57.76674271
38.14697266,-56.00532913
38.33770752,-56.54818726
38.52844238,-58.66783524
38.71917725,-66.92022705
38.90991211,-63.77973175
39.10064697,-56.61891937
39.29138184,-55.51767349
39.48211670,-64.43047333
39.67285156,-64.24188995
39.86358643,-62.68074417
40.05432129,-60.06437683
40.24505615,-53.58508682
40.43579102,-54.17333603
40.62652588,-59.56359863
40.81726074,-56.23205185
41.00799561,-60.65887833
41.19873047,-66.59307861
41.38946533,-55.41915131
41.58020020,-65.15930939
41.77093506,-51.59568787
41.96166992,-47.83326721
42.15240479,-48.62921143
42.34313965,-49.95933151
42.53387451,-49.47502899
42.72460938,-46.97797394
42.91534424,-44.67079163
43.10607910,-44.82178497
43.29681396,-47.39843369
43.48754883,-52.97572708
43.67828369,-53.48046112
43.86901855,-48.65507507
44.05975342,-53.84238815
44.25048828,-57.84095383
44.44122314,-50.83156967
44.63195801,-51.21986389
44.82269287,-59.49565506
45.01342773,-62.00040436
45.20416260,-58.06881714
45.39489746,-61.65310669
45.58563232,-60.93566513
45.77636719,-61.49380493
45.96710205,-67.90904236
46.15783691,-56.04888153
46.34857178,-61.16183853
46.53930664,-59.62421799
46.73004150,-68.43581390
46.92077637,-61.59539795
47.11151123,-58.03879547
47.30224609,-58.12572861
47.49298096,-58.81459045
47.68371582,-51.87139511
47.87445068,-49.15485382
48.06518555,-48.12025070
48.25592041,-48.56745911
48.44665527,-49.18546677
48.63739014,-64.40810394
48.82812500,-54.65216827
49.01885986,-54.98553467
49.20959473,-53.20627594
49.40032959,-53.36396027
49.59106445,-58.05406189
49.78179932,-68.61079407
49.97253418,-63.73674393
50.16326904,-53.37744904
50.35400391,-52.10911560
50.54473877,-52.08462143
50.73547363,-51.98895264
50.92620850,-57.77328873
51.11694336,-69.27204895
51.30767822,-63.46513748
51.49841309,-51.59506989
51.68914795,-50.84400940
51.87988281,-55.86038589
52.07061768,-54.66300583
52.26135254,-62.10841370
52.45208740,-58.96198654
52.64282227,-54.26177216
52.83355713,-50.57076263
53.02429199,-54.64107513
53.21502686,-66.34934235
53.40576172,-55.49818039
53.59649658,-57.38972092
53.78723145,-66.80627441
53.97796631,-54.24993515
54.16870117,-56.49015427
54.35943604,-62.39774704
54.55017090,-60.64746857
54.74090576,-71.87129211
54.93164062,-62.50643158
55.12237549,-51.00026703
55.31311035,-50.55355453
55.50384521,-78.25804138
55.69458008,-55.41648102
55.88531494,-59.46945572
56.07604980,-60.69695282
56.26678467,-57.66987228
56.45751953,-59.43649673
56.64825439,-60.12504578
56.83898926,-54.23399353
57.02972412,-55.46907043
57.22045898,-56.10036469
57.41119385,-54.17315674
57.60192871,-59.22297668
57.79266357,-56.44038773
57.98339844,-54.90939713
58.17413330,-52.49105835
58.36486816,-57.24525070
58.55560303,-54.44985199
58.74633789,-58.49309921
58.93707275,-57.20231628
59.12780762,-49.19927979
59.31854248,-46.17939377
59.50927734,-47.15823364
59.70001221,-56.01092911
59.89074707,-55.66754913
60.08148193,-50.66415787
60.27221680,-54.81841660
60.46295166,-56.81866074
60.65368652,-52.51214600
60.84442139,-50.12168121
61.03515625,-50.07223129
61.22589111,-55.01261902
61.41662598,-56.55223465
61.60736084,-52.45226288
61.79809570,-52.52116394
61.98883057,-55.71911621
62.17956543,-55.17983246
62.37030029,-56.29745102
62.56103516,-51.78087616
62.75177002,-53.86421204
62.94250488,-65.25841522
63.13323975,-67.85019684
63.32397461,-62.26223373
63.51470947,-61.20002747
63.70544434,-64.88243103
63.89617920,-55.84848404
64.08691406,-54.32888794
64.27764893,-58.37210083
64.46838379,-56.99752808
64.65911865,-50.87433243
64.84985352,-50.29067230
65.04058838,-52.36755371
65.23132324,-57.24063873
65.42205811,-73.13131714
65.61279297,-61.35659790
65.80352783,-55.25727081
65.99426270,-55.07403564
66.18499756,-57.16492462
66.37573242,-60.45111847
66.56646729,-58.57511902
66.75720215,-51.12639618
66.94793701,-57.30011749
67.13867188,-54.39719772
67.32940674,-49.02072906
67.52014160,-49.93507767
67.71087646,-54.88189697
67.90161133,-55.15399170
68.09234619,-55.92103958
68.28308105,-62.27508926
68.47381592,-79.10173035
68.66455078,-63.58443832
68.85528564,-71.38903809
69.04602051,-56.72390366
69.23675537,-51.18567657
69.42749023,-51.18594360
69.61822510,-55.38661575
69.80895996,-56.35523224
69.99969482,-54.32413101
70.19042969,-56.20333862
70.38116455,-57.05916977
70.57189941,-57.85537338
70.76263428,-52.78849030
70.95336914,-52.70962143
71.14410400,-61.02627182
71.33483887,-74.11611938
71.52557373,-57.94895935
71.71630859,-55.93299103
71.90704346,-63.37594986
72.09777832,-74.97366333
72.28851318,-70.75848389
72.47924805,-57.74997330
72.66998291,-56.76038361
72.86071777,-63.12062836
73.05145264,-60.38837433
73.24218750,-58.40661621
73.43292236,-59.83197784
73.62365723,-55.61603546
73.81439209,-55.00854111
74.00512695,-57.38515854
74.19586182,-65.89874268
74.38659668,-71.79175568
74.57733154,-60.40347290
74.76806641,-55.05472183
74.95880127,-52.84702682
75.14953613,-51.63024521
75.34027100,-59.68766785
75.53100586,-59.45834732
75.72174072,-55.00482559
75.91247559,-54.11493301
76.10321045,-53.83605576
76.29394531,-53.68172455
76.48468018,-51.21154785
76.67541504,-52.82894897
76.86614990,-53.70624924
77.05688477,-55.43760300
77.24761963,-65.24638367
77.43835449,-53.67336273
77.62908936,-51.65731430
77.81982422,-53.29469681
78.01055908,-49.76912689
78.20129395,-52.30990601
78.39202881,-59.22569275
78.58276367,-56.56375122
78.77349854,-55.21457672
78.96423340,-59.40671921
79.15496826,-59.21867371
79.34570312,-59.66884995
79.53643799,-63.22407532
79.72717285,-54.10246277
79.91790771,-50.20740891
80.10864258,-51.82888794
80.29937744,-57.90723419
80.49011230,-65.41648102
80.68084717,-52.06554413
80.87158203,-47.25096893
81.06231689,-51.50022888
81.25305176,-53.30710602
81.44378662,-50.38715744
81.63452148,-52.65778351
81.82525635,-62.86026764
82.01599121,-52.89424133
82.20672607,-50.36022568
82.39746094,-53.13327026
82.58819580,-57.94532394
82.77893066,-54.32482147
82.96966553,-53.42897797
83.16040039,-54.37258148
83.35113525,-54.68341446
83.54187012,-53.27037430
83.73260498,-51.48448563
83.92333984,-50.80008698
84.11407471,-53.29460907
84.30480957,-53.24011230
84.49554443,-50.15096283
84.68627930,-49.77077103
84.87701416,-51.91304779
85.06774902,-55.78284836
85.25848389,-58.35552979
85.44921875,-63.77721786
85.63995361,-63.09835052
85.83068848,-51.67831421
86.02142334,-46.78771591
86.21215820,-49.24811554
86.40289307,-54.49737549
86.59362793,-65.74037170
86.78436279,-54.82576370
86.97509766,-51.77992249
87.16583252,-50.28853607
87.35656738,-48.89273071
87.54730225,-51.74968338
87.73803711,-53.50905609
87.92877197,-54.13015747
88.11950684,-67.53632355
88.31024170,-60.05525970
88.50097656,-55.62663269
88.69171143,-54.71670151
88.88244629,-55.85958481
89.07318115,-53.03523636
89.26391602,-50.69475174
89.45465088,-48.89335251
89.64538574,-52.77341843
89.83612061,-63.68589020
90.02685547,-54.91596603
90.21759033,-58.75162125
90.40832520,-60.97494125
90.59906006,-55.39459991
90.78979492,-53.08951950
90.98052979,-56.50780106
91.17126465,-56.05777359
91.36199951,-54.88132477
91.55273438,-55.75328064
91.74346924,-54.65457153
91.93420410,-56.53928375
92.12493896,-54.50405502
92.31567383,-50.34349060
92.50640869,-49.63247681
92.69714355,-50.19029617
92.88787842,-50.65027618
93.07861328,-52.28240585
93.26934814,-56.27592087
93.46008301,-55.60583115
93.65081787,-49.53879929
93.84155273,-48.09156036
94.03228760,-56.34783173
94.22302246,-54.47341537
94.41375732,-55.41653061
94.60449219,-56.84490585
94.79522705,-52.47809601
94.98596191,-58.40285873
95.17669678,-52.16770935
95.36743164,-50.90219116
95.55816650,-49.71157837
95.74890137,-47.76411438
95.93963623,-49.38042068
96.13037109,-54.33013153
96.32110596,-57.54228973
96.51184082,-53.36540985
96.70257568,-51.23258972
96.89331055,-58.14003754
97.08404541,-56.63647079
97.27478027,-51.99715424
97.46551514,-55.27042770
97.65625000,-59.74895859
97.84698486,-53.36303329
98.03771973,-51.65416718
98.22845459,-57.60447693
98.41918945,-63.77284622
98.60992432,-55.51656723
98.80065918,-50.11041260
98.99139404,-49.37939453
99.18212891,-54.99568558
99.37286377,-63.07979965
99.56359863,-56.18538666
99.75433350,-54.33608627
99.94506836,-51.98549652
100.13580322,-54.88417816
100.32653809,-59.82699585
100.51727295,-53.79077530
100.70800781,-53.84074783
100.89874268,-62.55590057
101.08947754,-65.03255463
101.28021240,-70.72632599
101.47094727,-74.81259155
101.66168213,-61.25885010
101.85241699,-63.23659515
102.04315186,-58.04533386
102.23388672,-53.12843704
102.42462158,-54.74940491
102.61535645,-53.16045761
102.80609131,-50.67092133
102.99682617,-57.61898422
103.18756104,-56.43069458
103.37829590,-52.77194595
103.56903076,-60.96072388
103.75976562,-56.72947311
103.95050049,-59.20845795
104.14123535,-53.38101196
104.33197021,-54.96762085
104.52270508,-70.47032166
104.71343994,-58.05905914
104.90417480,-52.74879837
105.09490967,-51.18517303
105.28564453,-49.18109512
105.47637939,-48.93362045
105.66711426,-52.74108887
105.85784912,-56.71138763
106.04858398,-56.63317108
106.23931885,-56.73038101
106.43005371,-56.87540436
106.62078857,-59.08371353
106.81152344,-60.45114899
107.00225830,-55.75491333
107.19299316,-61.31068802
107.38372803,-57.69620514
107.57446289,-52.73823166
107.76519775,-55.01150513
107.95593262,-59.19847488
108.14666748,-51.26839066
108.33740234,-48.47797394
108.52813721,-49.62665558
108.71887207,-55.38879776
108.90960693,-54.26134491
109.10034180,-53.30727005
109.29107666,-57.92967987
109.48181152,-57.63258362
109.67254639,-60.16184998
109.86328125,-65.19031525
110.05401611,-55.74039078
110.24475098,-61.74371719
110.43548584,-58.96711731
110.62622070,-57.83214569
110.81695557,-54.50077057
111.00769043,-53.77026367
111.19842529,-53.57450867
111.38916016,-57.62689972
111.57989502,-68.43487549
111.77062988,-59.55508423
111.96136475,-55.00868225
112.15209961,-53.84276581
112.34283447,-54.65626144
112.53356934,-55.44499969
112.72430420,-58.24148178
112.91503906,-60.31008911
113.10577393,-66.40347290
113.29650879,-65.88878632
113.48724365,-59.33944321
113.67797852,-58.65876770
113.86871338,-54.35221100
114.05944824,-49.58087921
114.25018311,-49.61479568
114.44091797,-52.87134552
114.63165283,-52.26290131
114.82238770,-51.54404068
115.01312256,-51.15919113
115.20385742,-51.54965973
115.39459229,-52.75617599
115.58532715,-55.60546112
115.77606201,-58.29918671
115.96679688,-50.91523743
116.15753174,-49.73421478
116.34826660,-52.62203217
116.53900146,-68.47203064
116.72973633,-55.43661499
116.92047119,-55.88982010
117.11120605,-57.97827148
117.30194092,-49.33778763
117.49267578,-49.42253876
117.68341064,-53.06682968
117.87414551,-48.07113647
118.06488037,-47.43613815
118.25561523,-51.90472412
118.44635010,-54.16623688
118.63708496,-54.37055588
118.82781982,-64.45312500
119.01855469,-50.99284363
119.20928955,-49.72294235
119.40002441,-51.53525925
119.59075928,-53.75621033
119.78149414,-55.26387024
119.97222900,-53.75091553
120.16296387,-54.92650604
120.35369873,-50.10214996
120.54443359,-48.74117279
120.73516846,-54.76822662
120.92590332,-65.28277588
121.11663818,-71.25529480
121.30737305,-58.23408508
121.49810791,-54.02564621
121.68884277,-50.40095520
121.87957764,-49.91520691
122.07031250,-52.12831116
122.26104736,-56.64793396
122.45178223,-62.92919540
122.64251709,-62.15022278
122.83325195,-55.50405884
123.02398682,-54.60365295
123.21472168,-63.66840363
123.40545654,-54.29038620
123.59619141,-50.52703094
123.78692627,-52.31769943
123.97766113,-56.49867630
124.16839600,-66.29629517
124.35913086,-53.59893036
124.54986572,-51.28823853
124.74060059,-51.53641129
124.93133545,-51.78760529
125.12207031,-50.26020050
125.31280518,-49.60108185
125.50354004,-50.09256363
125.69427490,-53.38397980
125.88500977,-71.79053497
126.07574463,-68.49089050
126.26647949,-49.21877289
126.45721436,-46.12437820
126.64794922,-48.27183151
126.83868408,-53.12866974
127.02941895,-64.48369598
127.22015381,-53.96069336
127.41088867,-52.28555298
127.60162354,-53.29677200
127.79235840,-52.88811111
127.98309326,-51.79553604
128.17382812,-51.80808258
128.36456299,-57.31846237
128.55529785,-55.40455246
128.74603271,-52.54120255
128.93676758,-54.41332245
129.12750244,-56.03133392
129.31823730,-53.70261383
129.50897217,-51.41999054
129.69970703,-51.65268707
129.89044189,-50.68665314
130.08117676,-50.80357361
130.27191162,-53.20433044
130.46264648,-59.14997864
130.65338135,-58.15531921
130.84411621,-56.54362488
131.03485107,-68.91932678
131.22558594,-54.59638977
131.41632080,-50.65078735
131.60705566,-51.05375671
131.79779053,-56.63577652
131.98852539,-74.51149750
132.17926025,-58.28245163
132.36999512,-50.87157440
132.56072998,-48.34294128
132.75146484,-51.74498749
132.94219971,-53.16723633
133.13293457,-51.01638794
133.32366943,-52.33535385
133.51440430,-54.16781998
133.70513916,-53.40043640
133.89587402,-54.15674591
134.08660889,-59.70234299
134.27734375,-57.98425293
134.46807861,-51.48126984
134.65881348,-49.54137421
134.84954834,-51.48780823
135.04028320,-53.30974579
135.23101807,-51.71123505
135.42175293,-49.36935806
135.61248779,-49.06925964
135.80322266,-55.10824203
135.99395752,-62.39373779
136.18469238,-63.42649841
136.37542725,-55.50920105
136.56616211,-52.85117722
136.75689697,-52.79443359
136.94763184,-51.56919098
137.13836670,-53.21283722
137.32910156,-61.19781113
137.51983643,-55.61417007
137.71057129,-56.95447540
137.90130615,-54.82955933
138.09204102,-53.49934387
138.28277588,-61.14060974
138.47351074,-58.50074005
138.66424561,-53.67397690
138.85498047,-50.40889740
139.04571533,-48.46856689
139.23645020,-54.92114258
139.42718506,-56.09802628
139.61791992,-50.12011719
139.80865479,-49.83704376
139.99938965,-51.50457382
140.19012451,-52.38172150
140.38085938,-52.27819443
140.57159424,-53.87853622
140.76232910,-61.00794983
140.95306396,-54.20484161
141.14379883,-49.56722641
141.33453369,-48.65604782
141.52526855,-47.48326111
141.71600342,-47.30517960
141.90673828,-49.91619110
142.09747314,-56.78096008
142.28820801,-59.62265015
142.47894287,-59.86621094
142.66967773,-57.51612854
142.86041260,-51.78799438
143.05114746,-50.40755463
143.24188232,-51.69185257
143.43261719,-53.53276062
143.62335205,-54.21760559
143.81408691,-55.52595520
144.00482178,-56.65929794
144.19555664,-57.70713043
144.38629150,-55.57710648
144.57702637,-52.13687515
144.76776123,-53.22244644
144.95849609,-62.64232635
145.14923096,-59.48634338
145.33996582,-53.92970276
145.53070068,-51.70078659
145.72143555,-54.03463745
145.91217041,-60.42070007
146.10290527,-56.49790955
146.29364014,-59.21689987
146.48437500,-69.31112671
146.67510986,-64.41944122
146.86584473,-65.72820282
147.05657959,-52.33417511
147.24731445,-49.53091049
147.43804932,-52.21978760
147.62878418,-53.79959106
147.81951904,-56.78052902
148.01025391,-57.19200134
148.20098877,-54.69629288
148.39172363,-57.35841370
148.58245850,-59.18920135
148.77319336,-58.74902725
148.96392822,-56.20686340
149.15466309,-67.07316589
149.34539795,-59.82415009
149.53613281,-59.05664825
149.72686768,-60.12943268
149.91760254,-53.50115204
150.10833740,-53.29673004
150.29907227,-57.46852875
150.48980713,-55.65300369
150.68054199,-58.40393066
150.87127686,-55.10005951
151.06201172,-51.17721558
151.25274658,-56.66224670
151.44348145,-68.88741302
151.63421631,-56.79096985
151.82495117,-52.84666443
152.01568604,-60.42966461
152.20642090,-60.39198303
152.39715576,-55.00381470
152.58789062,-55.61152649
152.77862549,-49.72737885
152.96936035,-45.36076355
153.16009521,-45.74350739
153.35083008,-48.76791000
153.54156494,-52.37010574
153.73229980,-61.79755783
153.92303467,-56.91156387
154.11376953,-53.12597656
154.30450439,-55.10148621
154.49523926,-60.11841202
154.68597412,-66.34484863
154.87670898,-66.87983704
155.06744385,-59.89337921
155.25817871,-55.55597687
155.44891357,-58.03230667
155.63964844,-62.09186172
155.83038330,-53.73892975
156.02111816,-57.99456787
156.21185303,-70.69707489
156.40258789,-85.58090210
156.59332275,-64.97412109
156.78405762,-62.36131668
156.97479248,-56.60251236
157.16552734,-51.16340256
157.35626221,-50.98783493
157.54699707,-51.65150452
157.73773193,-51.55318832
157.92846680,-50.36705399
158.11920166,-50.44413757
158.30993652,-53.64444351
158.50067139,-53.15057373
158.69140625,-51.51774597
158.88214111,-51.39099503
159.07287598,-53.53629303
159.26361084,-58.20922089
159.45434570,-52.45308685
159.64508057,-51.49726105
159.83581543,-52.64860535
160.02655029,-58.52930069
160.21728516,-63.59349823
160.40802002,-57.28332138
160.59875488,-60.29652405
160.78948975,-55.92142105
160.98022461,-56.44500351
161.17095947,-73.04416656
161.36169434,-68.66323853
161.55242920,-58.18637466
161.74316406,-52.55405807
161.93389893,-55.39047623
162.12463379,-56.40969086
162.31536865,-52.32780075
162.50610352,-51.13652802
162.69683838,-51.69240570
162.88757324,-52.31231689
163.07830811,-53.53512573
163.26904297,-56.64491272
163.45977783,-69.98152924
163.65051270,-58.95490646
163.84124756,-61.37974548
164.03198242,-65.82266998
164.22271729,-57.80422211
164.41345215,-53.64404678
164.60418701,-53.10498810
164.79492188,-52.26668549
164.98565674,-61.42481995
165.17639160,-58.61785889
165.36712646,-59.97745514
165.55786133,-59.70083237
165.74859619,-64.67263031
165.93933105,-70.93080139
166.13006592,-59.55767822
166.32080078,-59.01795197
166.51153564,-61.24070740
166.70227051,-55.91985703
166.89300537,-56.38388062
167.08374023,-52.05610657
167.27447510,-49.68652344
167.46520996,-49.75693512
167.65594482,-52.48376465
167.84667969,-54.93690491
168.03741455,-58.52375793
168.22814941,-57.03597260
168.41888428,-58.10775375
168.60961914,-55.50447845
168.80035400,-56.06252289
168.99108887,-55.25554657
169.18182373,-55.38572311
169.37255859,-61.52198029
169.56329346,-58.44889832
169.75402832,-58.72191620
169.94476318,-61.30754089
170.13549805,-60.60967255
170.32623291,-54.70113373
170.51696777,-49.57030869
170.70770264,-49.86224747
170.89843750,-54.05647278
171.08917236,-54.78053665
171.27990723,-53.30272675
171.47064209,-64.58992767
171.66137695,-52.38948441
171.85211182,-48.87855530
172.04284668,-50.80363464
172.23358154,-51.42406464
172.42431641,-49.30549622
172.61505127,-49.22011566
172.80578613,-50.99822617
172.99652100,-56.44245529
173.18725586,-60.51071167
173.37799072,-56.77416992
173.56872559,-52.55121231
173.75946045,-51.47208786
173.95019531,-57.26082611
174.14093018,-62.02606964
174.33166504,-61.33489227
174.52239990,-69.42559814
174.71313477,-59.44556808
174.90386963,-63.26036835
175.09460449,-57.64051437
175.28533936,-58.41093063
175.47607422,-54.72709274
175.66680908,-55.81096649
175.85754395,-72.09858704
176.04827881,-61.13256454
176.23901367,-55.11556244
176.42974854,-53.55398178
176.62048340,-58.26936722
176.81121826,-57.72357559
177.00195312,-60.86670685
177.19268799,-58.38245773
177.38342285,-55.44483948
177.57415771,-52.96966934
177.76489258,-52.32485962
177.95562744,-56.81459427
178.14636230,-55.94480896
178.33709717,-49.69208527
178.52783203,-47.03387451
178.71856689,-49.07928467
178.90930176,-55.82360077
179.10003662,-63.80466461
179.29077148,-68.12793732
179.48150635,-57.98862839
179.67224121,-55.45395279
179.86297607,-61.43856049
180.05371094,-59.14699173
180.24444580,-55.68648529
180.43518066,-56.67129135
180.62591553,-54.93450546
180.81665039,-57.42673874
181.00738525,-66.60540771
181.19812012,-60.25133514
181.38885498,-62.50111389
181.57958984,-62.77644348
181.77032471,-59.32511902
181.96105957,-56.54873276
182.15179443,-57.98771286
182.34252930,-75.14290619
182.53326416,-58.73823166
182.72399902,-60.60309601
182.91473389,-71.78749847
183.10546875,-62.00331116
183.29620361,-55.85623169
183.48693848,-54.22254944
183.67767334,-56.39547729
183.86840820,-55.73770523
184.05914307,-55.86820984
184.24987793,-58.24138641
184.44061279,-55.52340698
184.63134766,-53.43394470
184.82208252,-56.46953964
185.01281738,-56.88089752
185.20355225,-58.22356415
185.39428711,-54.72342682
185.58502197,-48.85216522
185.77575684,-47.97237015
185.96649170,-50.00103378
186.15722656,-53.89254761
186.34796143,-57.10897064
186.53869629,-64.99586487
186.72943115,-66.59377289
186.92016602,-62.88915634
187.11090088,-53.51402283
187.30163574,-54.62621689
187.49237061,-59.68147659
187.68310547,-56.12001038
187.87384033,-55.52048111
188.06457520,-55.74270630
188.25531006,-52.11380005
188.44604492,-52.92628479
188.63677979,-58.87968445
188.82751465,-57.44633102
189.01824951,-54.46884537
189.20898438,-54.89296341
189.39971924,-55.89286041
189.59045410,-57.10921478
189.78118896,-64.82330322
189.97192383,-65.56156921
190.16265869,-60.91034698
190.35339355,-58.60114288
190.54412842,-59.81286621
190.73486328,-56.47927094
190.92559814,-59.04461670
191.11633301,-63.70669556
191.30706787,-53.88069534
191.49780273,-53.45419312
191.68853760,-56.48501587
191.87927246,-59.71014404
192.07000732,-60.72467422
192.26074219,-60.66530228
192.45147705,-57.67064667
192.64221191,-52.82328033
192.83294678,-55.82629395
193.02368164,-55.73776245
193.21441650,-51.63008118
193.40515137,-53.05522919
193.59588623,-62.35218811
193.78662109,-58.86862183
193.97735596,-59.90631104
194.16809082,-60.78720474
194.35882568,-56.48481750
194.54956055,-54.99956131
194.74029541,-56.09077454
194.93103027,-61.42398453
195.12176514,-65.37409210
195.31250000,-61.76301956
195.50323486,-57.97631836
195.69396973,-53.84577942
195.88470459,-51.41593552
196.07543945,-52.14987946
196.26617432,-56.76866531
196.45690918,-70.11364746
196.64764404,-58.09457779
196.83837891,-53.53749084
197.02911377,-55.12120819
197.21984863,-58.75426483
197.41058350,-73.99975586
197.60131836,-64.06993866
197.79205322,-59.21059036
197.98278809,-60.78954315
198.17352295,-65.78582001
198.36425781,-55.89483643
198.55499268,-54.15352249
198.74572754,-55.10746002
198.93646240,-63.25499725
199.12719727,-62.80327225
199.31793213,-60.16738892
199.50866699,-61.62163162
199.69940186,-64.15393066
199.89013672,-57.47475433
200.08087158,-54.21860123
200.27160645,-59.22489929
200.46234131,-65.69582367
200.65307617,-54.60062027
200.84381104,-51.81689453
201.03454590,-52.00754547
201.22528076,-53.20329666
201.41601562,-53.71696091
201.60675049,-51.35902786
201.79748535,-54.89940262
201.98822021,-56.57732391
202.17895508,-53.68273163
202.36968994,-55.76572418
202.56042480,-57.40012741
202.75115967,-58.16977692
202.94189453,-61.01923370
203.13262939,-58.80758286
203.32336426,-60.28289032
203.51409912,-58.21090698
203.70483398,-53.35949326
203.89556885,-51.79460526
204.08630371,-57.31789017
204.27703857,-65.19670868
204.46777344,-58.02546692
204.65850830,-56.27693176
204.84924316,-58.72682953
205.03997803,-57.63126755
205.23071289,-53.38792419
205.42144775,-52.63152313
205.61218262,-55.65123749
205.80291748,-62.15407944
205.99365234,-56.16166687
206.18438721,-53.91234589
206.37512207,-56.75924301
206.56585693,-67.86650085
206.75659180,-58.83032990
206.94732666,-62.25189209
207.13806152,-67.41265106
207.32879639,-58.77313232
207.51953125,-56.11954117
207.71026611,-54.66150665
207.90100098,-60.05203629
208.09173584,-58.76342773
208.28247070,-56.25733948
208.47320557,-55.70204926
208.66394043,-53.12317276
208.85467529,-53.06064987
209.04541016,-54.44950104
209.23614502,-63.04888153
209.42687988,-54.56164932
209.61761475,-51.51702118
209.80834961,-58.58194351
209.99908447,-57.06167221
210.18981934,-55.38975525
210.38055420,-67.89996338
210.57128906,-55.91333389
210.76202393,-58.16699600
210.95275879,-57.04775238
211.14349365,-57.67197037
211.33422852,-51.22802734
211.52496338,-49.63835907
211.71569824,-53.85501099
211.90643311,-59.41860962
212.09716797,-59.59513092
212.28790283,-58.04008484
212.47863770,-56.41895294
212.66937256,-57.03256607
212.86010742,-59.07386398
213.05084229,-58.10198212
213.24157715,-57.38983536
213.43231201,-54.12479782
213.62304688,-52.76132965
213.81378174,-53.59282684
214.00451660,-62.37506485
214.19525146,-58.39265823
214.38598633,-54.32614136
214.57672119,-58.02436447
214.76745605,-64.56053925
214.95819092,-70.20838928
215.14892578,-66.15116119
215.33966064,-63.30343246
215.53039551,-68.66899109
215.72113037,-57.37653351
215.91186523,-55.60041809
216.10260010,-56.91530609
216.29333496,-61.76374817
216.48406982,-57.17718124
216.67480469,-55.16938019
216.86553955,-59.40460968
217.05627441,-74.79301453
217.24700928,-58.77982330
217.43774414,-53.33863068
217.62847900,-51.87093353
217.81921387,-53.26897049
218.00994873,-54.19992828
218.20068359,-56.69563293
218.39141846,-59.49120331
218.58215332,-61.62416458
218.77288818,-62.99324799
218.96362305,-61.33619690
219.15435791,-59.08352661
219.34509277,-51.07809448
219.53582764,-49.67272949
219.72656250,-54.66867065
219.91729736,-60.33663940
220.10803223,-59.34056854
220.29876709,-56.79903412
220.48950195,-55.20005798
220.68023682,-58.13619614
220.87097168,-60.22046661
221.06170654,-62.32229233
221.25244141,-65.25843811
221.44317627,-63.76881027
221.63391113,-72.16561890
221.82464600,-61.99749374
222.01538086,-56.94189453
222.20611572,-55.85047913
222.39685059,-56.38930511
222.58758545,-63.18506241
222.77832031,-59.05780411
222.96905518,-64.24907684
223.15979004,-59.74071121
223.35052490,-57.99148560
223.54125977,-64.24635315
223.73199463,-55.30818558
223.92272949,-50.23184204
224.11346436,-51.39799500
224.30419922,-57.34992218
224.49493408,-59.38060760
224.68566895,-68.41186523
224.87640381,-58.15036774
225.06713867,-51.23445511
225.25787354,-50.52360153
225.44860840,-54.43319702
225.63934326,-62.34509277
225.83007812,-59.85754395
226.02081299,-74.75305176
226.21154785,-63.37734222
226.40228271,-60.37992477
226.59301758,-57.39041901
226.78375244,-57.80706787
226.97448730,-56.08623505
227.16522217,-56.82491302
227.35595703,-59.00688171
227.54669189,-50.82998276
227.73742676,-49.94789886
227.92816162,-57.36231232
228.11889648,-66.67159271
228.30963135,-62.88788223
228.50036621,-59.70791626
228.69110107,-74.04444885
228.88183594,-59.66393280
229.07257080,-57.18136597
229.26330566,-57.16560745
229.45404053,-61.55056381
229.64477539,-59.44720840
229.83551025,-56.81610870
230.02624512,-56.73411560
230.21697998,-55.79829788
230.40771484,-56.21843338
230.59844971,-62.08491516
230.78918457,-63.23957825
230.97991943,-55.70853424
231.17065430,-55.31776428
231.36138916,-55.63196564
231.55212402,-54.10131836
231.74285889,-54.27872086
231.93359375,-54.49066925
232.12432861,-59.52540970
232.31506348,-58.69458771
232.50579834,-59.25609970
232.69653320,-57.05583954
232.88726807,-55.60787201
233.07800293,-61.06638336
233.26873779,-58.74405289
233.45947266,-54.42292786
233.65020752,-52.58329773
233.84094238,-50.98435211
234.03167725,-50.46741486
234.22241211,-52.62359619
234.41314697,-54.96477127
234.60388184,-59.30874252
234.79461670,-62.03652954
234.98535156,-53.92876434
235.17608643,-55.53984833
235.36682129,-62.89658356
235.55755615,-58.43885422
235.74829102,-56.03485107
235.93902588,-52.61093521
236.12976074,-52.61241150
236.32049561,-55.60636520
236.51123047,-58.47480392
236.70196533,-56.90379333
236.89270020,-50.63629150
237.08343506,-49.05345535
237.27416992,-50.03230667
237.46490479,-53.48945236
237.65563965,-62.36480331
237.84637451,-58.88625717
238.03710938,-54.66974640
238.22784424,-54.76045227
238.41857910,-62.14076614
238.60931396,-60.68078613
238.80004883,-55.49096680
238.99078369,-56.83909988
239.18151855,-61.15465164
239.37225342,-56.83452225
239.56298828,-55.58164215
239.75372314,-53.61130524
239.94445801,-53.94050217
240.13519287,-63.10423279
240.32592773,-70.87582397
240.51666260,-71.46982574
240.70739746,-61.56220245
240.89813232,-55.18718338
241.08886719,-58.16746140
241.27960205,-66.84965515
241.47033691,-57.85494995
241.66107178,-55.02885437
241.85180664,-58.22711563
242.04254150,-60.55248642
242.23327637,-61.09841156
242.42401123,-61.81573486
242.61474609,-59.48303223
242.80548096,-55.72805023
242.99621582,-55.88231659
243.18695068,-55.36914062
243.37768555,-56.27037430
243.56842041,-57.08166122
243.75915527,-53.95059967
243.94989014,-55.66203690
244.14062500,-65.88150787
244.33135986,-62.91637039
244.52209473,-56.80249786
244.71282959,-56.02899933
244.90356445,-64.75165558
245.09429932,-58.36295700
245.28503418,-52.73086166
245.47576904,-53.45149612
245.66650391,-59.96477127
245.85723877,-63.52177429
246.04797363,-68.65251923
246.23870850,-58.97666931
246.42944336,-61.79796600
246.62017822,-63.11314392
246.81091309,-67.24116516
247.00164795,-55.77039337
247.19238281,-51.06054306
247.38311768,-52.56752014
247.57385254,-62.96289062
247.76458740,-53.20804214
247.95532227,-52.79117584
248.14605713,-63.74107742
248.33679199,-62.60062790
248.52752686,-61.70656586
248.71826172,-61.77238464
248.90899658,-57.28967285
249.09973145,-60.37758636
249.29046631,-65.26841736
249.48120117,-60.12223053
249.67193604,-64.00018311
249.86267090,-78.31137848
250.05340576,-60.01258087
250.24414062,-57.78613663
250.43487549,-56.18830109
250.62561035,-58.10629272
250.81634521,-59.53397369
251.00708008,-52.50619507
251.19781494,-55.98879242
251.38854980,-59.18451691
251.57928467,-56.52906799
251.77001953,-55.41804504
251.96075439,-57.14297867
252.15148926,-65.82314301
252.34222412,-58.55031967
252.53295898,-60.57208252
252.72369385,-64.53080750
252.91442871,-58.49781036
253.10516357,-55.46960831
253.29589844,-54.31304932
253.48663330,-52.14146042
253.67736816,-49.37167740
253.86810303,-49.45557404
254.05883789,-53.00672150
254.24957275,-60.06202316
254.44030762,-76.59169769
254.63104248,-58.83418655
254.82177734,-52.65213013
255.01251221,-51.76669693
255.20324707,-56.14469147
255.39398193,-61.51050568
255.58471680,-55.62879944
255.77545166,-52.88296127
255.96618652,-52.47553253
256.15692139,-50.15914536
256.34765625,-50.11903381
256.53839111,-52.26120758
256.72912598,-52.59300232
256.91986084,-54.02866364
257.11059570,-54.04048538
257.30133057,-52.32604980
257.49206543,-52.15240860
257.68280029,-55.77386856
257.87353516,-72.14026642
258.06427002,-59.84970856
258.25500488,-59.53200912
258.44573975,-61.44405365
258.63647461,-53.91611099
258.82720947,-50.05600739
259.01794434,-50.60292053
259.20867920,-53.83868408
259.39941406,-63.81462097
259.59014893,-56.26500702
259.78088379,-50.65099335
259.97161865,-49.26698685
260.16235352,-48.00667191
260.35308838,-52.28538895
260.54382324,-58.63925552
260.73455811,-52.21418762
260.92529297,-54.86480713
261.11602783,-60.23204422
261.30676270,-55.53623199
261.49749756,-53.10382462
261.68823242,-57.73688507
261.87896729,-69.32282257
262.06970215,-65.16839600
262.26043701,-60.68933105
262.45117188,-60.43180466
262.64190674,-77.90984344
262.83264160,-56.29073334
263.02337646,-54.33426666
263.21411133,-52.08642960
263.40484619,-54.12726593
263.59558105,-66.82379150
263.78631592,-62.41719055
263.97705078,-58.44515228
264.16778564,-61.41674423
264.35852051,-68.61535645
264.54925537,-69.86206818
264.73999023,-69.03527832
264.93072510,-60.29360962
265.12145996,-52.14058304
265.31219482,-49.17166138
265.50292969,-50.50892639
265.69366455,-58.89270782
265.88439941,-60.41077042
266.07513428,-60.48996735
266.26586914,-58.12465286
266.45660400,-54.92206192
266.64733887,-61.63764954
266.83807373,-75.56057739
267.02880859,-69.65718079
267.21954346,-61.62792969
267.41027832,-59.11017990
267.60101318,-62.93628311
267.79174805,-61.82320023
267.98248291,-54.22100830
268.17321777,-53.91271591
268.36395264,-58.90632248
268.55468750,-56.28038788
268.74542236,-53.60012054
268.93615723,-55.10993958
269.12689209,-54.16888809
269.31762695,-56.77007294
269.50836182,-59.06830215
269.69909668,-59.55270386
269.88983154,-58.38766479
270.08056641,-52.19972992
270.27130127,-50.51674652
270.46203613,-47.74076843
270.65277100,-46.82069397
270.84350586,-50.86349869
271.03424072,-60.93677521
271.22497559,-58.60211182
271.41571045,-55.96376038
271.60644531,-67.82061768
271.79718018,-54.75621033
271.98791504,-54.26895523
272.17864990,-64.68304443
272.36938477,-53.30883408
272.56011963,-52.34373474
272.75085449,-53.39229584
272.94158936,-58.05181503
273.13232422,-80.22548676
273.32305908,-66.76844788
273.51379395,-58.12284851
273.70452881,-66.58395386
273.89526367,-58.51441956
274.08599854,-52.66341400
274.27673340,-51.75754166
274.46746826,-58.79558182
274.65820312,-64.62005615
274.84893799,-67.45457458
275.03967285,-64.51480865
275.23040771,-61.86447906
275.42114258,-53.74631882
275.61187744,-57.25271606
275.80261230,-58.58966827
275.99334717,-52.58510208
276.18408203,-53.65339279
276.37481689,-60.73714447
276.56555176,-61.15762711
276.75628662,-57.67377472
276.94702148,-59.91581345
277.13775635,-62.51545334
277.32849121,-57.82031631
277.51922607,-56.33640289
277.70996094,-55.04983902
277.90069580,-62.38847733
278.09143066,-63.50075150
278.28216553,-60.79566574
278.47290039,-58.15123749
278.66363525,-52.45113754
278.85437012,-52.59838104
279.04510498,-56.47264862
279.23583984,-55.41721344
279.42657471,-55.71555710
279.61730957,-58.28750610
279.80804443,-56.17313004
279.99877930,-62.24227905
280.18951416,-67.99922180
280.38024902,-57.14558029
280.57098389,-51.67843628
280.76171875,-53.02868652
280.95245361,-56.14700317
281.14318848,-56.40765762
281.33392334,-63.51691818
281.52465820,-64.40832520
281.71539307,-62.23371124
281.90612793,-60.86612320
282.09686279,-59.85942078
282.28759766,-65.50778961
282.47833252,-81.83013153
282.66906738,-61.26096725
282.85980225,-53.39538193
283.05053711,-51.62646866
283.24127197,-50.63304138
283.43200684,-49.55052185
283.62274170,-50.38478851
283.81347656,-50.65988541
284.00421143,-50.34851837
284.19494629,-55.16263962
284.38568115,-55.22261810
284.57641602,-53.90770340
284.76715088,-55.01483917
284.95788574,-59.73731613
285.14862061,-57.68360901
285.33935547,-57.94179535
285.53009033,-56.29988098
285.72082520,-53.48913574
285.91156006,-52.29631805
286.10229492,-52.17726135
286.29302979,-54.14527893
286.48376465,-62.24215698
286.67449951,-65.16263580
286.86523438,-58.42903137
287.05596924,-56.61235046
287.24670410,-56.58756638
287.43743896,-58.08593369
287.62817383,-60.26253510
287.81890869,-58.04505920
288.00964355,-58.30236816
288.20037842,-69.50997162
288.39111328,-74.67429352
288.58184814,-67.75767517
288.77258301,-65.72328949
288.96331787,-57.90807343
289.15405273,-56.46705246
289.34478760,-58.96897888
289.53552246,-52.35837936
289.72625732,-55.39090729
289.91699219,-64.00698090
290.10772705,-73.74602509
290.29846191,-58.76011658
290.48919678,-55.52106857
290.67993164,-56.06031036
290.87066650,-56.68479156
291.06140137,-55.87434769
291.25213623,-54.92866135
291.44287109,-53.35652924
291.63360596,-51.33164978
291.82434082,-53.20444107
292.01507568,-60.01651001
292.20581055,-61.54550552
292.39654541,-62.49182892
292.58728027,-59.41713333
292.77801514,-58.89028931
292.96875000,-62.86426926
293.15948486,-62.73660660
293.35021973,-59.64386749
293.54095459,-58.96529770
293.73168945,-56.50935364
293.92242432,-53.72862244
294.11315918,-54.28864288
294.30389404,-58.06705475
294.49462891,-54.69876099
294.68536377,-53.51083755
294.87609863,-54.80267334
295.06683350,-56.99527359
295.25756836,-58.03604889
295.44830322,-69.82672882
295.63903809,-59.52270508
295.82977295,-57.76793671
296.02050781,-58.06962585
296.21124268,-52.45170593
296.40197754,-50.79576874
296.59271240,-56.35158157
296.78344727,-67.06150818
296.97418213,-62.14429855
297.16491699,-60.23100281
297.35565186,-59.74582291
297.54638672,-58.27075195
297.73712158,-60.41000748
297.92785645,-55.16386414
298.11859131,-56.46043777
298.30932617,-57.37572098
298.50006104,-55.03375244
298.69079590,-56.46405029
298.88153076,-60.72141266
299.07226562,-59.69524002
299.26300049,-57.64598465
299.45373535,-54.57123184
299.64447021,-61.63953400
299.83520508,-58.99734497
300.02593994,-52.84966278
300.21667480,-52.23155594
300.40740967,-56.55934906
300.59814453,-68.70592499
300.78887939,-63.02564240
300.97961426,-55.73896408
301.17034912,-52.95433426
301.36108398,-54.79917908
301.55181885,-59.84572983
301.74255371,-63.27647400
301.93328857,-68.10142517
302.12402344,-64.14822388
302.31475830,-66.71898651
302.50549316,-58.18385696
302.69622803,-60.18379593
302.88696289,-60.27099609
303.07769775,-63.58086395
303.26843262,-58.37414551
303.45916748,-59.39335251
303.64990234,-56.48789978
303.84063721,-57.15566635
304.03137207,-63.87530899
304.22210693,-60.62963867
304.41284180,-58.59215164
304.60357666,-51.97455978
304.79431152,-51.34210587
304.98504639,-52.02758789
305.17578125,-54.96900558
305.36651611,-65.54780579
305.55725098,-61.92061996
305.74798584,-68.74243164
305.93872070,-61.49721146
306.12945557,-64.95731354
306.32019043,-60.06496811
306.51092529,-54.58009720
306.70166016,-52.94329071
306.89239502,-57.33875656
307.08312988,-56.70777130
307.27386475,-55.26271439
307.46459961,-61.27151108
307.65533447,-59.39207077
307.84606934,-58.21526337
308.03680420,-55.40015793
308.22753906,-52.86283493
308.41827393,-52.77358246
308.60900879,-53.89242172
308.79974365,-58.33028412
308.99047852,-51.56617737
309.18121338,-51.33244324
309.37194824,-57.22673798
309.56268311,-61.13969803
309.75341797,-58.83874893
309.94415283,-62.23209763
310.13488770,-68.81519318
310.32562256,-68.02160645
310.51635742,-58.23104477
310.70709229,-51.87881470
310.89782715,-51.51514435
311.08856201,-55.62752533
311.27929688,-56.44525146
311.47003174,-56.09477997
311.66076660,-49.98565292
311.85150146,-50.01316452
312.04223633,-50.52580261
312.23297119,-49.44393158
312.42370605,-50.10092163
312.61444092,-54.19291687
312.80517578,-54.86273193
312.99591064,-52.02541351
313.18664551,-54.92168808
313.37738037,-55.47317505
313.56811523,-58.70230865
313.75885010,-58.21560669
313.94958496,-54.03163528
314.14031982,-58.86593628
314.33105469,-58.53257751
314.52178955,-51.66324615
314.71252441,-53.50913239
314.90325928,-54.91034698
315.09399414,-52.35597229
315.28472900,-52.06949615
315.47546387,-53.63341904
315.66619873,-57.10079575
315.85693359,-54.16682816
316.04766846,-51.98137283
316.23840332,-50.28905487
316.42913818,-49.78961945
316.61987305,-51.58194733
316.81060791,-53.67404175
317.00134277,-53.12269592
317.19207764,-55.00971985
317.38281250,-55.49818039
317.57354736,-61.07668304
317.76428223,-73.90677643
317.95501709,-68.46961212
318.14575195,-58.67977142
318.33648682,-57.31533432
318.52722168,-59.71710205
318.71795654,-68.92423248
318.90869141,-57.71141052
319.09942627,-63.69841766
319.29016113,-55.03643417
319.48089600,-52.00309372
319.67163086,-54.73211670
319.86236572,-54.14930725
320.05310059,-51.02850342
320.24383545,-54.67546463
320.43457031,-62.09543610
320.62530518,-60.02326202
320.81604004,-58.89678574
321.00677490,-56.55933380
321.19750977,-52.50846863
321.38824463,-53.44028854
321.57897949,-55.14113998
321.76971436,-53.92618179
321.96044922,-56.05860138
322.15118408,-73.81851959
322.34191895,-57.56623077
322.53265381,-58.28192902
322.72338867,-73.99938202
322.91412354,-63.59724045
323.10485840,-58.00650787
323.29559326,-55.47444153
323.48632812,-54.03931046
323.67706299,-57.51180649
323.86779785,-67.07646179
324.05853271,-56.47499084
324.24926758,-66.29911804
324.44000244,-56.95396805
324.63073730,-55.04484177
324.82147217,-70.41695404
325.01220703,-59.19192505
325.20294189,-66.88397217
325.39367676,-53.58963776
325.58441162,-60.82764435
325.77514648,-57.06117630
325.96588135,-52.97134018
326.15661621,-50.85906982
326.34735107,-50.83126831
326.53808594,-54.79993439
326.72882080,-58.59020996
326.91955566,-61.94753265
327.11029053,-61.09269714
327.30102539,-62.42900085
327.49176025,-64.21086884
327.68249512,-57.66699982
327.87322998,-66.59773254
328.06396484,-62.29183960
328.25469971,-66.70251465
328.44543457,-67.78233337
328.63616943,-55.28641510
328.82690430,-55.73405457
329.01763916,-65.55070496
329.20837402,-61.89864731
329.39910889,-55.04386139
329.58984375,-54.01222992
329.78057861,-61.81875610
329.97131348,-59.29668808
330.16204834,-52.35386276
330.35278320,-49.37689209
330.54351807,-51.63872147
330.73425293,-61.37964630
330.92498779,-56.67481232
331.11572266,-57.56992722
331.30645752,-58.53488541
331.49719238,-58.49969864
331.68792725,-58.98490143
331.87866211,-62.18662643
332.06939697,-59.65777969
332.26013184,-57.57606506
332.45086670,-54.66947556
332.64160156,-53.87471771
332.83233643,-54.04521179
333.02307129,-54.68975449
333.21380615,-59.20424652
333.40454102,-65.59313965
333.59527588,-51.80220795
333.78601074,-50.62494659
333.97674561,-56.13751221
334.16748047,-66.66527557
334.35821533,-62.59445190
334.54895020,-57.28936768
334.73968506,-59.19702530
334.93041992,-57.91701508
335.12115479,-55.75479889
335.31188965,-55.52393341
335.50262451,-55.27741241
335.69335938,-70.56037140
335.88409424,-55.61235046
336.07482910,-57.78888321
336.26556396,-60.06366348
336.45629883,-56.55342102
336.64703369,-61.00263596
336.83776855,-62.06192398
337.02850342,-58.77770233
337.21923828,-57.33616638
337.40997314,-59.82853699
337.60070801,-65.95725250
337.79144287,-54.84027481
337.98217773,-51.30046844
338.17291260,-52.33094025
338.36364746,-57.30039978
338.55438232,-64.27249146
338.74511719,-60.04093552
338.93585205,-55.16452026
339.12658691,-55.35968781
339.31732178,-61.54740143
339.50805664,-60.38498688
339.69879150,-59.18615341
339.88952637,-63.17349243
340.08026123,-70.78860474
340.27099609,-66.64279175
340.46173096,-58.87677765
340.65246582,-56.70513916
340.84320068,-54.48810196
341.03393555,-52.75210571
341.22467041,-52.00711060
341.41540527,-56.70951462
341.60614014,-65.71772766
341.79687500,-58.04303741
341.98760986,-57.40222549
342.17834473,-54.89455414
342.36907959,-54.68576813
342.55981445,-62.87341690
342.75054932,-58.39537811
342.94128418,-54.92682648
343.13201904,-53.36635208
343.32275391,-54.74296188
343.51348877,-56.67950058
343.70422363,-55.37752533
343.89495850,-54.55111694
344.08569336,-56.37962341
344.27642822,-57.97178268
344.46716309,-58.05494690
344.65789795,-58.23311234
344.84863281,-58.24093246
345.03936768,-58.19599533
345.23010254,-63.29772186
345.42083740,-69.11639404
345.61157227,-62.36976242
345.80230713,-59.32846069
345.99304199,-55.73494720
346.18377686,-54.99407959
346.37451172,-54.66847229
346.56524658,-57.65600204
346.75598145,-62.06065369
346.94671631,-57.98392487
347.13745117,-56.00057602
347.32818604,-55.11872864
347.51892090,-54.37172699
347.70965576,-54.65729523
347.90039062,-61.17715454
348.09112549,-60.82888794
348.28186035,-55.18823242
348.47259521,-61.49904251
348.66333008,-57.19723129
348.85406494,-56.02891541
349.04479980,-62.93926239
349.23553467,-71.31230927
349.42626953,-68.50941467
349.61700439,-62.76387787
349.80773926,-63.64854813
349.99847412,-70.63269043
350.18920898,-65.72149658
350.37994385,-62.24479294
350.57067871,-60.20938110
350.76141357,-56.77765656
350.95214844,-54.81632614
351.14288330,-57.66185760
351.33361816,-58.60554123
351.52435303,-60.19202805
351.71508789,-54.01234055
351.90582275,-51.53960419
352.09655762,-50.79378128
352.28729248,-50.98860168
352.47802734,-54.29261780
352.66876221,-54.74277878
352.85949707,-59.77243423
353.05023193,-56.96290588
353.24096680,-56.38906860
353.43170166,-59.23392487
353.62243652,-57.18591309
353.81317139,-54.24595642
354.00390625,-54.98522186
354.19464111,-56.85227203
354.38537598,-58.23423386
354.57611084,-60.90581512
354.76684570,-60.08675003
354.95758057,-56.25366211
355.14831543,-52.06718826
355.33905029,-58.00361633
355.52978516,-59.76404572
355.72052002,-56.73071289
355.91125488,-55.36127472
356.10198975,-54.99425888
356.29272461,-62.13512039
356.48345947,-60.94737625
356.67419434,-58.01015854
356.86492920,-61.78389740
357.05566406,-63.62766647
357.24639893,-56.21174240
357.43713379,-56.64993668
357.62786865,-58.45523834
357.81860352,-59.31703186
358.00933838,-66.74284363
358.20007324,-61.99866486
358.39080811,-58.63616180
358.58154297,-61.83158112
358.77227783,-58.59664536
358.96301270,-51.67485809
359.15374756,-52.68833542
359.34448242,-53.81830597
359.53521729,-52.41817856
359.72595215,-56.14343643
359.91668701,-62.46795273
360.10742188,-67.27458191
360.29815674,-66.16334534
360.48889160,-53.69427109
360.67962646,-52.96879196
360.87036133,-61.95829010
361.06109619,-62.91800690
361.25183105,-59.67414474
361.44256592,-54.50914764
361.63330078,-64.60202789
361.82403564,-63.56082535
362.01477051,-57.89883423
362.20550537,-56.55747223
362.39624023,-62.50914001
362.58697510,-57.81432724
362.77770996,-55.98912048
362.96844482,-54.89939880
363.15917969,-59.45405960
363.34991455,-54.48302841
363.54064941,-49.81644058
363.73138428,-52.17861938
363.92211914,-57.05525970
364.11285400,-58.94759750
364.30358887,-59.14594650
364.49432373,-56.42459488
364.68505859,-55.97117615
364.87579346,-62.54571533
365.06652832,-62.99923325
365.25726318,-59.26420593
365.44799805,-57.35755920
365.63873291,-51.95797348
365.82946777,-51.76868820
366.02020264,-56.65979767
366.21093750,-59.76910400
366.40167236,-62.34006882
366.59240723,-58.07982635
366.78314209,-60.80040741
366.97387695,-62.26451111
367.16461182,-58.65501404
367.35534668,-59.05361557
367.54608154,-53.92813110
367.73681641,-52.98667908
367.92755127,-53.14669800
368.11828613,-54.79481125
368.30902100,-61.22727203
368.49975586,-55.20652390
368.69049072,-54.24636078
368.88122559,-54.32562256
369.07196045,-51.46427917
369.26269531,-50.67674255
369.45343018,-54.77602386
369.64416504,-69.46361542
369.83489990,-60.10116959
370.02563477,-86.42761993
370.21636963,-59.28083038
370.40710449,-54.93558502
370.59783936,-53.39806366
370.78857422,-52.29481125
370.97930908,-52.39244080
371.17004395,-59.50910187
371.36077881,-64.88365936
371.55151367,-66.94360352
371.74224854,-62.38278961
371.93298340,-55.92847824
372.12371826,-58.58780670
372.31445312,-70.34590912
372.50518799,-59.81808472
372.69592285,-51.79272461
372.88665771,-51.82953262
373.07739258,-52.24251556
373.26812744,-57.78942108
373.45886230,-60.66111755
373.64959717,-56.89349365
373.84033203,-54.60572815
374.03106689,-55.83936310
374.22180176,-59.24862289
374.41253662,-61.19768524
374.60327148,-64.89589691
374.79400635,-63.18613052
374.98474121,-81.32884216
375.17547607,-61.18867874
375.36621094,-60.69986343
375.55694580,-61.89110565
375.74768066,-56.75865936
375.93841553,-53.74450684
376.12915039,-53.23124695
376.31988525,-54.84797668
376.51062012,-59.75174332
376.70135498,-65.89036560
376.89208984,-58.60293579
377.08282471,-52.41861725
377.27355957,-53.90255737
377.46429443,-65.57708740
377.65502930,-53.52690125
377.84576416,-51.49536896
378.03649902,-51.68877029
378.22723389,-53.02265167
378.41796875,-58.41955566
378.60870361,-52.81529999
378.79943848,-49.92713928
378.99017334,-51.45042038
379.18090820,-61.31104279
379.37164307,-55.72212982
379.56237793,-60.22682953
379.75311279,-58.05678940
379.94384766,-55.49526596
380.13458252,-57.36313629
380.32531738,-65.27251434
380.51605225,-59.90348816
380.70678711,-55.07596588
380.89752197,-57.12618256
381.08825684,-59.45663071
381.27899170,-55.02560425
381.46972656,-52.80290222
381.66046143,-57.70783997
381.85119629,-60.12047195
382.04193115,-56.40600586
382.23266602,-53.98529053
382.42340088,-52.80334091
382.61413574,-56.23503113
382.80487061,-64.54570007
382.99560547,-54.47542191
383.18634033,-52.04740524
383.37707520,-57.47429276
383.56781006,-60.38305664
383.75854492,-53.19137573
383.94927979,-54.31533051
384.14001465,-50.90234756
384.33074951,-48.19315338
384.52148438,-51.22838974
384.71221924,-57.55858612
384.90295410,-57.53292465
385.09368896,-54.47267532
385.28442383,-54.59243774
385.47515869,-56.22272110
385.66589355,-66.08545685
385.85662842,-60.22939301
386.04736328,-62.46052551
386.23809814,-69.86399078
386.42883301,-69.37590790
386.61956787,-61.85805893
386.81030273,-61.95465088
387.00103760,-60.33593750
387.19177246,-60.65013123
387.38250732,-61.09899902
387.57324219,-67.37882996
387.76397705,-62.73847580
387.95471191,-61.10692596
388.14544678,-61.35209656
388.33618164,-59.18408203
388.52691650,-59.51264191
388.71765137,-59.66570282
388.90838623,-58.09662628
389.09912109,-56.67990112
389.28985596,-60.79161835
389.48059082,-70.92625427
389.67132568,-59.53396606
389.86206055,-55.55319977
390.05279541,-58.59672928
390.24353027,-79.13540649
390.43426514,-59.86530685
390.62500000,-65.45864868
390.81573486,-62.85632324
391.00646973,-59.72213364
391.19720459,-52.49081039
391.38793945,-49.89450073
391.57867432,-53.20699310
391.76940918,-57.30162811
391.96014404,-54.49486542
392.15087891,-56.09409332
392.34161377,-72.11166382
392.53234863,-65.50800323
392.72308350,-58.91521835
392.91381836,-55.28969574
393.10455322,-52.83665466
393.29528809,-50.80973053
393.48602295,-52.93917084
393.67675781,-52.01520538
393.86749268,-52.25914764
394.05822754,-58.99868393
394.24896240,-67.73893738
394.43969727,-63.63988876
394.63043213,-59.89467621
394.82116699,-57.24630737
395.01190186,-59.58729553
395.20263672,-73.00348663
395.39337158,-67.63419342
395.58410645,-58.42642975
395.77484131,-59.48516464
395.96557617,-65.44367981
396.15631104,-53.45513153
396.34704590,-54.58303070
396.53778076,-56.37500000
396.72851562,-52.15840912
396.91925049,-56.47465134
397.10998535,-64.37642670
397.30072021,-55.45473099
397.49145508,-50.03498840
397.68218994,-49.24872971
397.87292480,-53.47162628
398.06365967,-64.85011292
398.25439453,-89.87457275
398.44512939,-70.83332825
398.63586426,-60.18101120
398.82659912,-53.56184006
399.01733398,-55.32151031
399.20806885,-54.90415955
399.39880371,-49.04100800
399.58953857,-48.78449249
399.78027344,-52.23799133
399.97100830,-52.59334946
400.16174316,-51.81352234
400.35247803,-57.09375381
400.54321289,-80.27548981
400.73394775,-65.95681000
400.92468262,-67.43764496
401.11541748,-58.21035004
401.30615234,-60.80834961
401.49688721,-63.33700180
401.68762207,-54.09309387
401.87835693,-56.66506958
402.06909180,-65.95916748
402.25982666,-56.56488800
402.45056152,-54.65595245
402.64129639,-58.95691681
402.83203125,-64.17829895
403.02276611,-64.54739380
403.21350098,-59.64942169
403.40423584,-64.31534576
403.59497070,-70.30319977
403.78570557,-64.97203064
403.97644043,-61.03423691
404.16717529,-57.29488373
404.35791016,-61.44153595
404.54864502,-62.96611786
404.73937988,-63.55919647
404.93011475,-67.06312561
405.12084961,-63.38066101
405.31158447,-59.80811691
405.50231934,-56.04441833
405.69305420,-58.76118469
405.88378906,-61.43607712
406.07452393,-62.27323151
406.26525879,-60.24156189
406.45599365,-60.20406342
406.64672852,-59.24205399
406.83746338,-64.62091064
407.02819824,-64.63259125
407.21893311,-66.73094940
407.40966797,-67.46419525
407.60040283,-73.38184357
407.79113770,-57.74564743
407.98187256,-52.99474716
408.17260742,-55.27986908
408.36334229,-55.73939514
408.55407715,-54.39754105
408.74481201,-60.27282333
408.93554688,-68.48175049
409.12628174,-66.01206970
409.31701660,-55.79600525
409.50775146,-57.86979294
409.69848633,-63.77367020
409.88922119,-63.25733948
410.07995605,-56.11423492
410.27069092,-53.85840607
410.46142578,-56.98267365
410.65216064,-64.29013062
410.84289551,-57.20436859
411.03363037,-54.13783264
411.22436523,-56.39588165
411.41510010,-61.38297653
411.60583496,-57.55651855
411.79656982,-55.52179337
411.98730469,-77.04180908
412.17803955,-57.22631836
412.36877441,-67.37843323
412.55950928,-56.35997009
412.75024414,-53.58217239
412.94097900,-56.39587784
413.13171387,-58.79920197
413.32244873,-56.71578217
413.51318359,-62.30663681
413.70391846,-63.80374908
413.89465332,-60.71652222
414.08538818,-59.86993790
414.27612305,-73.91728210
414.46685791,-59.39170456
414.65759277,-58.68186188
414.84832764,-65.79264832
415.03906250,-54.81766129
415.22979736,-55.33809662
415.42053223,-57.70630646
415.61126709,-53.24174881
415.80200195,-54.19623566
415.99273682,-56.96467972
416.18347168,-57.75867462
416.37420654,-63.48802567
416.56494141,-63.85654449
416.75567627,-53.28789139
416.94641113,-49.71308136
417.13714600,-53.65092468
417.32788086,-57.94974518
417.51861572,-57.63597870
417.70935059,-63.28145981
417.90008545,-60.68431854
418.09082031,-61.34128952
418.28155518,-54.04485321
418.47229004,-60.74510193
418.66302490,-60.51975632
418.85375977,-58.86904144
419.04449463,-65.30116272
419.23522949,-60.09325027
419.42596436,-51.05546951
419.61669922,-48.66300964
419.80743408,-52.49466324
419.99816895,-57.74963379
420.18890381,-52.57044983
420.37963867,-52.81370544
420.57037354,-59.65406799
420.76110840,-65.88613892
420.95184326,-67.70041656
421.14257812,-68.79996490
421.33331299,-57.92802429
421.52404785,-54.53883362
421.71478271,-59.70960999
421.90551758,-64.96540833
422.09625244,-53.54131699
422.28698730,-54.46479034
422.47772217,-63.84464264
422.66845703,-61.28272629
422.85919189,-73.66762543
423.04992676,-61.31638336
423.24066162,-60.62304688
423.43139648,-72.68810272
423.62213135,-60.16532898
423.81286621,-56.90533066
424.00360107,-59.96456528
424.19433594,-59.26118851
424.38507080,-56.16285706
424.57580566,-59.68872070
424.76654053,-56.34156799
424.95727539,-50.30143738
425.14801025,-51.34084702
425.33874512,-60.89092255
425.52947998,-60.65625000
425.72021484,-57.58327484
425.91094971,-56.72345734
426.10168457,-58.06699371
426.29241943,-58.35079193
426.48315430,-53.31618500
426.67388916,-54.03579330
426.86462402,-54.96546936
427.05535889,-53.60947037
427.24609375,-56.56809235
427.43682861,-71.24157715
427.62756348,-60.73104477
427.81829834,-65.56788635
428.00903320,-62.87755585
428.19976807,-63.53181839
428.39050293,-61.01684189
428.58123779,-56.77298737
428.77197266,-54.65180969
428.96270752,-53.40362930
429.15344238,-57.47254944
429.34417725,-54.74259186
429.53491211,-52.88026428
429.72564697,-60.01177979
429.91638184,-60.54374695
430.10711670,-54.75765991
430.29785156,-57.04719543
430.48858643,-57.48234558
430.67932129,-58.71477127
430.87005615,-58.12972260
431.06079102,-56.79518127
431.25152588,-60.39379501
431.44226074,-57.61315155
431.63299561,-63.64590073
431.82373047,-72.65519714
432.01446533,-64.63669586
432.20520020,-62.40464783
432.39593506,-61.79244614
432.58666992,-64.12775421
432.77740479,-58.09572220
432.96813965,-52.57457733
433.15887451,-57.92610931
433.34960938,-68.62415314
433.54034424,-68.49114227
433.73107910,-57.43062973
433.92181396,-54.02313995
434.11254883,-55.15888977
434.30328369,-59.66800308
434.49401855,-59.47762299
434.68475342,-69.20117950
434.87548828,-56.68146515
435.06622314,-58.57725143
435.25695801,-64.70546722
435.44769287,-73.92025757
435.63842773,-67.04187012
435.82916260,-64.44277191
436.01989746,-56.39356613
436.21063232,-50.97009659
436.40136719,-49.89092255
436.59210205,-50.89316940
436.78283691,-51.01577377
436.97357178,-58.51990128
437.16430664,-61.02059937
437.35504150,-60.79916382
437.54577637,-58.97668839
437.73651123,-54.80926132
437.92724609,-63.71729279
438.11798096,-61.66637802
438.30871582,-78.62615967
438.49945068,-56.35107040
438.69018555,-52.79695511
438.88092041,-52.14680481
439.07165527,-52.22937012
439.26239014,-55.38751221
439.45312500,-63.48971558
439.64385986,-62.96596909
439.83459473,-64.52705383
440.02532959,-55.82363892
440.21606445,-59.76035690
440.40679932,-58.70415115
440.59753418,-53.63223648
440.78826904,-51.60207748
440.97900391,-53.43779755
441.16973877,-55.12474823
441.36047363,-52.95182800
441.55120850,-57.10055542
441.74194336,-54.13946152
441.93267822,-55.20240784
442.12341309,-57.09800720
442.31414795,-65.47856903
442.50488281,-58.79472733
442.69561768,-55.51664734
442.88635254,-61.46305847
443.07708740,-74.98630524
443.26782227,-53.86417389
443.45855713,-56.02393341
443.64929199,-61.37500763
443.84002686,-53.41283798
444.03076172,-53.15788269
444.22149658,-56.87887192
444.41223145,-58.54327393
444.60296631,-60.13106537
444.79370117,-57.37724304
444.98443604,-61.26905823
445.17517090,-61.82403946
445.36590576,-54.90925217
445.55664062,-52.96646500
445.74737549,-54.63126373
445.93811035,-59.71057510
446.12884521,-60.36488342
446.31958008,-57.13865662
446.51031494,-57.66811371
446.70104980,-56.89048386
446.89178467,-59.74324036
447.08251953,-58.06583405
447.27325439,-56.07715225
447.46398926,-65.58413696
447.65472412,-59.39554214
447.84545898,-53.47030258
448.03619385,-53.29611206
448.22692871,-67.81909943
448.41766357,-54.21232605
448.60839844,-59.50777054
448.79913330,-61.41046524
448.98986816,-60.97998810
449.18060303,-56.79616547
449.37133789,-53.89069366
449.56207275,-56.92197800
449.75280762,-57.75395966
449.94354248,-59.67242813
450.13427734,-57.01491547
450.32501221,-61.42262268
450.51574707,-54.79619980
450.70648193,-53.17626572
450.89721680,-53.55372620
451.08795166,-58.55363464
451.27868652,-59.60415268
451.46942139,-51.82953644
451.66015625,-55.56599426
451.85089111,-62.27497482
452.04162598,-53.22187042
452.23236084,-52.20805740
452.42309570,-55.27817154
452.61383057,-59.76030350
452.80456543,-54.42066956
452.99530029,-58.84865189
453.18603516,-85.05110931
453.37677002,-58.68524551
453.56750488,-52.71281433
453.75823975,-52.66094208
453.94897461,-52.91106415
454.13970947,-52.94189453
454.33044434,-53.81436920
454.52117920,-55.20945740
454.71191406,-55.07918549
454.90264893,-55.66218567
455.09338379,-67.19857025
455.28411865,-59.68032837
455.47485352,-58.03025055
455.66558838,-59.94288635
455.85632324,-59.71646881
456.04705811,-62.60823822
456.23779297,-65.46290588
456.42852783,-60.61677933
456.61926270,-58.38451004
456.80999756,-52.16534042
457.00073242,-50.41357422
457.19146729,-55.12477112
457.38220215,-62.77079773
457.57293701,-64.00489807
457.76367188,-67.65859985
457.95440674,-61.78849792
458.14514160,-57.22177887
458.33587646,-55.02891922
458.52661133,-52.41344070
458.71734619,-52.11357498
458.90808105,-57.84119034
459.09881592,-68.45873260
459.28955078,-59.32952118
459.48028564,-53.49265289
459.67102051,-56.30679321
459.86175537,-62.27460480
460.05249023,-51.54819489
460.24322510,-53.79409027
460.43395996,-66.15815735
460.62469482,-57.78008270
460.81542969,-61.56027222
461.00616455,-57.95164490
461.19689941,-61.03393555
461.38763428,-58.40663147
461.57836914,-54.09594727
461.76910400,-53.18877411
461.95983887,-56.92192841
462.15057373,-71.85379028
462.34130859,-54.06793976
462.53204346,-49.79366684
462.72277832,-52.99775696
462.91351318,-60.43770218
463.10424805,-60.28007889
463.29498291,-65.74781799
463.48571777,-63.04900360
463.67645264,-68.93359375
463.86718750,-61.27589417
464.05792236,-54.51057053
464.24865723,-59.76449585
464.43939209,-68.01171112
464.63012695,-62.60850525
464.82086182,-55.69905853
465.01159668,-53.16413116
465.20233154,-55.57951355
465.39306641,-58.09311295
465.58380127,-61.29757690
465.77453613,-60.72234344
465.96527100,-62.28489685
466.15600586,-65.53553772
466.34674072,-60.19405365
466.53747559,-60.54204941
466.72821045,-66.07634735
466.91894531,-64.28884888
467.10968018,-62.96929932
467.30041504,-58.72470856
467.49114990,-63.01241302
467.68188477,-61.46669769
467.87261963,-52.79418945
468.06335449,-54.91066742
468.25408936,-53.17868042
468.44482422,-51.10301971
468.63555908,-53.14668274
468.82629395,-56.02895737
469.01702881,-63.15269089
469.20776367,-57.59851074
469.39849854,-54.03666687
469.58923340,-52.54714203
469.77996826,-51.80899811
469.97070312,-55.59356308
470.16143799,-64.61544800
470.35217285,-63.16428375
470.54290771,-57.81026459
470.73364258,-56.12733841
470.92437744,-56.30918503
471.11511230,-61.14360046
471.30584717,-64.65076447
471.49658203,-55.02915192
471.68731689,-55.91558838
471.87805176,-61.51367569
472.06878662,-52.89218140
472.25952148,-57.64949036
472.45025635,-63.85350800
472.64099121,-57.42429733
472.83172607,-61.23488617
473.02246094,-54.82695770
473.21319580,-51.58998489
473.40393066,-53.60529327
473.59466553,-63.99198151
473.78540039,-59.82660294
473.97613525,-58.52884674
474.16687012,-73.67490387
474.35760498,-57.95653534
474.54833984,-55.51207733
474.73907471,-56.13714600
474.92980957,-55.69105148
475.12054443,-56.05009460
475.31127930,-57.73077011
475.50201416,-62.85073090
475.69274902,-57.09941101
475.88348389,-54.17072296
476.07421875,-61.03227615
476.26495361,-58.96679306
476.45568848,-57.10713959
476.64642334,-57.25608063
476.83715820,-56.01215363
477.02789307,-59.99355316
477.21862793,-69.54029846
477.40936279,-60.72461700
477.60009766,-66.94672394
477.79083252,-61.44054031
477.98156738,-55.97288132
478.17230225,-53.46886444
478.36303711,-52.42045593
478.55377197,-54.90209961
478.74450684,-67.70554352
478.93524170,-54.78438950
479.12597656,-54.33876801
479.31671143,-63.57986450
479.50744629,-62.25101852
479.69818115,-52.92346573
479.88891602,-51.12422180
480.07965088,-52.54040527
480.27038574,-55.76861572
480.46112061,-67.66236877
480.65185547,-55.59664154
480.84259033,-55.85675049
481.03332520,-57.96790314
481.22406006,-61.90830612
481.41479492,-63.16189194
481.60552979,-61.21225739
481.79626465,-56.85417175
481.98699951,-57.65432739
482.17773438,-58.75590897
482.36846924,-57.77661133
482.55920410,-60.87269211
482.74993896,-59.59270096
482.94067383,-54.31548691
483.13140869,-54.82864761
483.32214355,-52.57469940
483.51287842,-51.41062164
483.70361328,-51.65056610
483.89434814,-55.56409836
484.08508301,-62.34327316
484.27581787,-61.98318100
484.46655273,-61.52349472
484.65728760,-68.96011353
484.84802246,-56.88592911
485.03875732,-52.27693558
485.22949219,-51.64846420
485.42022705,-53.36502457
485.61096191,-60.46590805
485.80169678,-51.52601624
485.99243164,-50.02582932
486.18316650,-49.76776886
486.37390137,-52.34783173
486.56463623,-56.01462555
486.75537109,-56.73847580
486.94610596,-65.04283142
487.13684082,-55.30139923
487.32757568,-51.12737656
487.51831055,-49.03461456
487.70904541,-48.03086853
487.89978027,-52.10529327
488.09051514,-66.74685669
488.28125000,-62.41140366
488.47198486,-59.31630707
488.66271973,-55.52481079
488.85345459,-53.20279694
489.04418945,-56.14101791
489.23492432,-62.85147858
489.42565918,-55.70543289
489.61639404,-65.32695007
489.80712891,-57.04701996
489.99786377,-54.31927490
490.18859863,-54.84592819
490.37933350,-55.36289215
490.57006836,-55.84270477
490.76080322,-56.29487610
490.95153809,-57.30080414
491.14227295,-62.74229050
491.33300781,-58.13222885
491.52374268,-60.17741776
491.71447754,-59.49627304
491.90521240,-54.82809067
492.09594727,-65.72084808
492.28668213,-60.30765915
492.47741699,-56.06261444
492.66815186,-56.58778381
492.85888672,-62.85776138
493.04962158,-59.92171860
493.24035645,-78.37151337
493.43109131,-59.75508118
493.62182617,-58.53965759
493.81256104,-56.67764664
494.00329590,-52.92905426
494.19403076,-52.20347977
494.38476562,-53.37320709
494.57550049,-53.26509857
494.76623535,-55.67420959
494.95697021,-54.76596069
495.14770508,-52.63164902
495.33843994,-53.88811111
495.52917480,-60.73516464
495.71990967,-53.39090729
495.91064453,-52.45482635
496.10137939,-55.79624939
496.29211426,-58.49823761
496.48284912,-54.95294189
496.67358398,-55.40256119
496.86431885,-62.03594589
497.05505371,-56.73817062
497.24578857,-57.34936523
497.43652344,-57.70582581
497.62725830,-55.15275574
497.81799316,-56.97966003
498.00872803,-62.23352432
498.19946289,-65.52207184
498.39019775,-61.29656982
498.58093262,-55.76457977
498.77166748,-54.98627090
498.96240234,-54.51945877
499.15313721,-60.05247498
499.34387207,-77.79051208
499.53460693,-60.15886307
499.72534180,-54.69818878
499.91607666,-57.21309662
500.10681152,-54.13008118
500.29754639,-52.18109894
500.48828125,-54.57125854
500.67901611,-57.60006332
500.86975098,-61.14920044
501.06048584,-76.09030914
501.25122070,-63.00833893
501.44195557,-66.16694641
501.63269043,-54.06335449
501.82342529,-51.86621094
502.01416016,-50.42077637
502.20489502,-53.06904602
502.39562988,-63.66075897
502.58636475,-64.16286469
502.77709961,-56.86852264
502.96783447,-60.53998947
503.15856934,-52.98569489
503.34930420,-53.61915207
503.54003906,-56.40415955
503.73077393,-54.49113846
503.92150879,-55.79043579
504.11224365,-57.68627167
504.30297852,-59.94020844
504.49371338,-61.75820160
504.68444824,-54.82797241
504.87518311,-51.50174713
505.06591797,-51.13031769
505.25665283,-53.13585663
505.44738770,-55.08156586
505.63812256,-53.24474335
505.82885742,-53.17502975
506.01959229,-54.96260071
506.21032715,-53.57373810
506.40106201,-53.17615128
506.59179688,-55.50749207
506.78253174,-64.47174835
506.97326660,-60.53343201
507.16400146,-61.26073837
507.35473633,-57.50318909
507.54547119,-52.76454163
507.73620605,-51.09136963
507.92694092,-52.24705505
508.11767578,-57.02820587
508.30841064,-57.28695679
508.49914551,-57.34888077
508.68988037,-66.73332977
508.88061523,-54.76345444
509.07135010,-52.52731323
509.26208496,-57.96380615
509.45281982,-59.47695923
509.64355469,-56.00561523
509.83428955,-61.91315079
510.02502441,-68.44083405
510.21575928,-61.61985779
510.40649414,-54.65831375
510.59722900,-52.28917694
510.78796387,-54.55426788
510.97869873,-61.47154236
511.16943359,-56.74699402
511.36016846,-56.75460434
511.55090332,-67.20232391
511.74163818,-55.13500977
511.93237305,-51.66021729
512.12310791,-52.15135193
512.31384277,-53.02498245
512.50457764,-54.38041306
512.69531250,-53.61311340
512.88604736,-54.67711639
513.07678223,-62.58376694
513.26751709,-57.25421143
513.45825195,-58.84956360
513.64898682,-66.24868011
513.83972168,-64.13493347
514.03045654,-61.64492035
514.22119141,-57.62450790
514.41192627,-59.03152847
514.60266113,-57.12318420
514.79339600,-55.98751068
514.98413086,-61.53094482
515.17486572,-64.35068512
515.36560059,-54.46916580
515.55633545,-57.55199051
515.74707031,-58.27754211
515.93780518,-54.24564362
516.12854004,-66.37310791
516.31927490,-59.31599426
516.51000977,-53.32001495
516.70074463,-55.46367645
516.89147949,-63.09674072
517.08221436,-55.02685547
517.27294922,-57.95753479
517.46368408,-53.86050415
517.65441895,-53.78488922
517.84515381,-57.07893753
518.03588867,-62.47188568
518.22662354,-59.77613068
518.41735840,-59.07711411
518.60809326,-58.92091370
518.79882812,-65.10442352
518.98956299,-67.70758057
519.18029785,-60.49211884
519.37103271,-60.53045273
519.56176758,-70.31369781
519.75250244,-64.19805908
519.94323730,-55.67476654
520.13397217,-55.30196762
520.32470703,-72.66773987
520.51544189,-58.55550766
520.70617676,-57.19350433
520.89691162,-56.53312302
521.08764648,-60.04453659
521.27838135,-69.70646667
521.46911621,-71.71786499
521.65985107,-62.98159790
521.85058594,-61.69874573
522.04132080,-66.64836884
522.23205566,-58.49407959
522.42279053,-57.58350372
522.61352539,-55.40561295
522.80426025,-56.49969101
522.99499512,-69.74976349
523.18572998,-55.63855743
523.37646484,-57.10834122
523.56719971,-56.80231094
523.75793457,-54.89970779
523.94866943,-58.07762527
524.13940430,-64.67579651
524.33013916,-72.73241425
524.52087402,-60.09937668
524.71160889,-54.24888229
524.90234375,-54.39580536
525.09307861,-57.48896790
525.28381348,-56.34118652
525.47454834,-56.56859589
525.66528320,-54.50337982
525.85601807,-55.73503494
526.04675293,-55.57140350
526.23748779,-52.57204056
526.42822266,-51.39285660
526.61895752,-53.23730087
526.80969238,-52.94651794
527.00042725,-58.92901611
527.19116211,-60.41267395
527.38189697,-53.47606659
527.57263184,-51.11540985
527.76336670,-53.10045242
527.95410156,-53.20848083
528.14483643,-52.26322937
528.33557129,-58.67680359
528.52630615,-57.59239197
528.71704102,-55.95716095
528.90777588,-61.09466171
529.09851074,-57.19316101
529.28924561,-56.49607086
529.47998047,-68.23525238
529.67071533,-56.47753906
529.86145020,-55.97356415
530.05218506,-51.92614746
530.24291992,-56.30930328
530.43365479,-53.07065964
530.62438965,-52.95463181
530.81512451,-60.59343338
531.00585938,-59.33595657
531.19659424,-56.46876526
531.38732910,-56.94846344
531.57806396,-54.47352600
531.76879883,-52.40998077
531.95953369,-53.93177414
532.15026855,-61.26412201
532.34100342,-60.97785187
532.53173828,-55.92564392
532.72247314,-54.23547745
532.91320801,-56.54586411
533.10394287,-62.66017532
533.29467773,-53.39183807
533.48541260,-52.64806366
533.67614746,-57.74168396
533.86688232,-54.77046967
534.05761719,-52.59729767
534.24835205,-56.83076859
534.43908691,-62.70445251
534.62982178,-64.51074219
534.82055664,-59.04670334
535.01129150,-65.24305725
535.20202637,-55.64224625
535.39276123,-55.30291748
535.58349609,-56.12113571
535.77423096,-57.22669220
535.96496582,-58.29183578
536.15570068,-59.58156967
536.34643555,-60.95655060
536.53717041,-65.35151672
536.72790527,-68.00782013
536.91864014,-65.72595215
537.10937500,-63.94433594
537.30010986,-65.75783539
537.49084473,-62.27112198
537.68157959,-59.42655563
537.87231445,-63.69492340
538.06304932,-70.91954041
538.25378418,-65.32793427
538.44451904,-72.60176849
538.63525391,-69.85604095
538.82598877,-58.34286499
539.01672363,-59.32638550
539.20745850,-64.53041840
539.39819336,-54.60719681
539.58892822,-53.19311523
539.77966309,-61.56711578
539.97039795,-57.46556854
540.16113281,-67.12705994
540.35186768,-61.26710892
540.54260254,-63.18792725
540.73333740,-57.92385101
540.92407227,-51.81058884
541.11480713,-52.39308167
541.30554199,-53.11912155
541.49627686,-53.27290344
541.68701172,-54.40904236
541.87774658,-54.39899063
542.06848145,-59.12783813
542.25921631,-75.81658936
542.44995117,-72.38321686
542.64068604,-75.48559570
542.83142090,-58.61898041
543.02215576,-55.37387466
543.21289062,-57.77484894
543.40362549,-57.51144409
543.59436035,-64.58641815
543.78509521,-58.31117630
543.97583008,-55.06890106
544.16656494,-59.52476501
544.35729980,-64.56929016
544.54803467,-59.84800720
544.73876953,-59.42262650
544.92950439,-59.24086761
545.12023926,-55.52475739
545.31097412,-52.54164124
545.50170898,-53.56024933
545.69244385,-55.36209106
545.88317871,-54.43783569
546.07391357,-50.03343582
546.26464844,-50.69995499
546.45538330,-54.65953064
546.64611816,-59.73852539
546.83685303,-61.57355499
547.02758789,-57.74661255
547.21832275,-56.35940933
547.40905762,-58.98866653
547.59979248,-64.05996704
547.79052734,-65.12364197
547.98126221,-60.31414795
548.17199707,-56.52920151
548.36273193,-56.13266754
548.55346680,-57.59156799
548.74420166,-54.78490829
548.93493652,-51.68960190
549.12567139,-51.93241882
549.31640625,-57.07518768
549.50714111,-59.68997955
549.69787598,-62.14672852
549.88861084,-60.92790985
550.07934570,-61.26591492
550.27008057,-66.62710571
550.46081543,-66.13831329
550.65155029,-65.01146698
550.84228516,-55.09847641
551.03302002,-55.17280579
551.22375488,-63.03001022
551.41448975,-64.52466583
551.60522461,-64.20696259
551.79595947,-64.35702515
551.98669434,-64.81108856
552.17742920,-63.60061264
552.36816406,-58.58921051
552.55889893,-58.62152481
552.74963379,-60.97431564
552.94036865,-68.90893555
553.13110352,-61.95965195
553.32183838,-65.47716522
553.51257324,-59.71728897
553.70330811,-55.39154434
553.89404297,-57.69319153
554.08477783,-53.77800751
554.27551270,-54.30847549
554.46624756,-59.71955872
554.65698242,-59.35464859
554.84771729,-56.30281448
555.03845215,-57.76403809
555.22918701,-55.92925644
555.41992188,-53.73223114
555.61065674,-56.88383484
555.80139160,-63.70280838
555.99212646,-65.23020935
556.18286133,-60.29396057
556.37359619,-63.28025436
556.56433105,-57.48600006
556.75506592,-52.69367599
556.94580078,-53.40550232
557.13653564,-57.63394928
557.32727051,-83.41628265
557.51800537,-63.91231918
557.70874023,-57.73242569
557.89947510,-51.05738068
558.09020996,-54.44616318
558.28094482,-63.85364532
558.47167969,-63.54373169
558.66241455,-55.51556015
558.85314941,-60.19490051
559.04388428,-58.25327301
559.23461914,-53.68961334
559.42535400,-56.39859772
559.61608887,-61.65680313
559.80682373,-63.01074982
559.99755859,-65.65483856
560.18829346,-60.34309006
560.37902832,-59.05084610
560.56976318,-60.37487030
560.76049805,-62.32862473
560.95123291,-62.35847855
561.14196777,-63.49094391
561.33270264,-64.10941315
561.52343750,-60.59230804
561.71417236,-57.21774292
561.90490723,-54.91632462
562.09564209,-53.72054672
562.28637695,-53.06829453
562.47711182,-56.63996124
562.66784668,-86.06140137
562.85858154,-57.85590744
563.04931641,-54.31751251
563.24005127,-51.21339798
563.43078613,-48.75084305
563.62152100,-47.82939148
563.81225586,-50.54648590
564.00299072,-60.80147552
564.19372559,-54.90913010
564.38446045,-54.13444901
564.57519531,-55.69490051
564.76593018,-53.77645874
564.95666504,-57.70595169
565.14739990,-66.14247131
565.33813477,-67.11779022
565.52886963,-59.10803223
565.71960449,-61.65959930
565.91033936,-69.99887085
566.10107422,-75.49292755
566.29180908,-60.21321106
566.48254395,-56.70275116
566.67327881,-57.98274994
566.86401367,-54.12711334
567.05474854,-50.84754181
567.24548340,-51.29142761
567.43621826,-52.95777130
567.62695312,-54.75120544
567.81768799,-55.71607590
568.00842285,-62.04173660
568.19915771,-62.27571106
568.38989258,-55.66330338
568.58062744,-53.16188049
568.77136230,-53.28225708
568.96209717,-58.05554199
569.15283203,-68.01518250
569.34356689,-54.89995575
569.53430176,-49.90263367
569.72503662,-50.07713318
569.91577148,-52.61512375
570.10650635,-54.50413132
570.29724121,-53.73870087
570.48797607,-55.66756439
570.67871094,-60.52594757
570.86944580,-51.39788818
571.06018066,-51.45780182
571.25091553,-51.40795135
571.44165039,-52.71837234
571.63238525,-53.42356110
571.82312012,-56.19963074
572.01385498,-63.69237900
572.20458984,-58.60011292
572.39532471,-53.36197281
572.58605957,-55.13685608
572.77679443,-62.08155823
572.96752930,-59.50147247
573.15826416,-58.94361496
573.34899902,-55.43622971
573.53973389,-55.22517395
573.73046875,-59.89183426
573.92120361,-65.12358856
574.11193848,-57.66674042
574.30267334,-54.42235947
574.49340820,-53.37482452
574.68414307,-54.58483124
574.87487793,-54.50090790
575.06561279,-53.88449097
575.25634766,-53.56218719
575.44708252,-58.85470963
575.63781738,-55.36796188
575.82855225,-54.10054016
576.01928711,-63.83897400
576.21002197,-58.71723938
576.40075684,-60.24562454
576.59149170,-71.65109253
576.78222656,-63.54657745
576.97296143,-64.07839203
577.16369629,-64.66212463
577.35443115,-61.99480438
577.54516602,-61.89852905
577.73590088,-60.28650665
577.92663574,-55.03285980
578.11737061,-55.80556870
578.30810547,-60.03630066
578.49884033,-59.46861267
578.68957520,-60.64403915
578.88031006,-61.04926682
579.07104492,-52.48216629
579.26177979,-50.14229584
579.45251465,-53.01911163
579.64324951,-59.27052307
579.83398438,-56.15948105
580.02471924,-57.29204178
580.21545410,-56.82560730
580.40618896,-56.44184494
580.59692383,-66.27311707
580.78765869,-54.31674194
580.97839355,-49.75782013
581.16912842,-50.60625076
581.35986328,-57.85357666
581.55059814,-61.65273285
581.74133301,-57.66960526
581.93206787,-63.30554581
582.12280273,-78.06024170
582.31353760,-65.80429840
582.50427246,-55.93807602
582.69500732,-52.54473877
582.88574219,-50.44255829
583.07647705,-50.97678757
583.26721191,-54.22451782
583.45794678,-57.68477631
583.64868164,-59.69802475
583.83941650,-69.45355225
584.03015137,-61.43116760
584.22088623,-59.42382431
584.41162109,-61.26638412
584.60235596,-58.85869980
584.79309082,-53.55615616
584.98382568,-52.38481522
585.17456055,-61.34162140
585.36529541,-63.71576691
585.55603027,-73.58422089
585.74676514,-70.69519043
585.93750000,-59.20191193
586.12823486,-57.09315872
586.31896973,-59.41389084
586.50970459,-67.77162933
586.70043945,-61.93572998
586.89117432,-59.36581039
587.08190918,-58.74588776
587.27264404,-58.68484497
587.46337891,-58.76711273
587.65411377,-62.77635956
587.84484863,-62.64691925
588.03558350,-59.61958313
588.22631836,-59.67661285
588.41705322,-57.85643768
588.60778809,-60.91020584
588.79852295,-64.40361786
588.98925781,-62.42086792
589.17999268,-62.61686707
589.37072754,-78.93252563
589.56146240,-62.95819092
589.75219727,-61.54733658
589.94293213,-61.13274384
590.13366699,-58.13874817
590.32440186,-63.33646393
590.51513672,-53.58123016
590.70587158,-53.83180237
590.89660645,-55.51792145
591.08734131,-54.89385223
591.27807617,-56.55937195
591.46881104,-57.22816467
591.65954590,-56.38149643
591.85028076,-56.64222336
592.04101562,-59.66155624
592.23175049,-67.30349731
592.42248535,-64.66741180
592.61322021,-54.70608139
592.80395508,-53.92772675
592.99468994,-56.53272629
593.18542480,-68.30033875
593.37615967,-53.32743073
593.56689453,-48.92171860
593.75762939,-50.67858887
593.94836426,-56.64220428
594.13909912,-56.02817154
594.32983398,-56.81363678
594.52056885,-60.38793945
594.71130371,-62.21456909
594.90203857,-60.43367767
595.09277344,-62.69837952
595.28350830,-66.45256805
595.47424316,-72.29994202
595.66497803,-58.28760147
595.85571289,-55.77004242
596.04644775,-65.56544495
596.23718262,-59.43418121
596.42791748,-63.61717987
596.61865234,-56.03369904
596.80938721,-54.21388626
597.00012207,-63.46994019
597.19085693,-58.71263123
597.38159180,-57.42629242
597.57232666,-57.82065582
597.76306152,-64.53635406
597.95379639,-58.14105606
598.14453125,-65.34216309
598.33526611,-66.53155518
598.52600098,-66.79752350
598.71673584,-68.55142975
598.90747070,-65.27893829
599.09820557,-62.57934570
599.28894043,-73.98110962
599.47967529,-61.24465179
599.67041016,-54.69062042
599.86114502,-53.75461197
600.05187988,-57.70178223
600.24261475,-58.48267365
600.43334961,-55.44948578
600.62408447,-55.48685074
600.81481934,-56.19344711
601.00555420,-56.94268799
601.19628906,-56.79354095
601.38702393,-55.77029419
601.57775879,-52.82720566
601.76849365,-53.73250580
601.95922852,-60.45851135
602.14996338,-57.75902557
602.34069824,-56.11529541
602.53143311,-65.16062164
602.72216797,-62.85705185
602.91290283,-70.31307983
603.10363770,-63.19042969
603.29437256,-58.72082138
603.48510742,-55.70146561
603.67584229,-56.94367218
603.86657715,-58.87555695
604.05731201,-54.18243027
604.24804688,-54.28787994
604.43878174,-63.31604767
604.62951660,-58.18422318
604.82025146,-57.44557190
605.01098633,-60.02188873
605.20172119,-51.10140991
605.39245605,-51.11216736
605.58319092,-55.06300354
605.77392578,-56.83172607
605.96466064,-60.11485291
606.15539551,-60.92486572
606.34613037,-59.56913376
606.53686523,-55.75297546
606.72760010,-51.72918320
606.91833496,-61.04579926
607.10906982,-53.73723602
607.29980469,-52.26951599
607.49053955,-57.61941528
607.68127441,-58.42201996
607.87200928,-59.37602997
608.06274414,-66.05266571
608.25347900,-62.53089142
608.44421387,-55.99002838
608.63494873,-55.41070938
608.82568359,-57.72917175
609.01641846,-58.02676773
609.20715332,-56.73111725
609.39788818,-54.17651749
609.58862305,-54.44889069
609.77935791,-57.77971649
609.97009277,-61.30783081
610.16082764,-68.63357544
610.35156250,-74.29653931
610.54229736,-58.98863983
610.73303223,-50.03318405
610.92376709,-49.75576019
611.11450195,-53.16372299
611.30523682,-50.97782135
611.49597168,-53.06491470
611.68670654,-57.88587952
611.87744141,-61.23007202
612.06817627,-67.78587341
612.25891113,-68.92343140
612.44964600,-65.56223297
612.64038086,-56.86890030
612.83111572,-52.99612045
613.02185059,-51.95150757
613.21258545,-58.94024658
613.40332031,-54.63159943
613.59405518,-56.91051865
613.78479004,-69.07590485
613.97552490,-56.28551102
614.16625977,-55.38500214
614.35699463,-62.66649246
614.54772949,-56.54647064
614.73846436,-55.44028473
614.92919922,-57.65277863
615.11993408,-61.24372864
615.31066895,-59.43275070
615.50140381,-58.72518539
615.69213867,-60.86333847
615.88287354,-55.89981079
616.07360840,-52.67295837
616.26434326,-55.02097702
616.45507812,-56.50407791
616.64581299,-56.57700348
616.83654785,-58.44852066
617.02728271,-57.62981415
617.21801758,-71.49832153
617.40875244,-63.10954285
617.59948730,-64.84906006
617.79022217,-54.99231339
617.98095703,-54.56159592
618.17169189,-60.90058136
618.36242676,-53.91692352
618.55316162,-56.85596848
618.74389648,-59.22879791
618.93463135,-53.70544815
619.12536621,-62.09243011
619.31610107,-65.36274719
619.50683594,-62.21700668
619.69757080,-60.06021500
619.88830566,-67.21205139
620.07904053,-64.21354675
620.26977539,-68.23300171
620.46051025,-65.99771881
620.65124512,-58.46666336
620.84197998,-53.92704773
621.03271484,-53.39913177
621.22344971,-58.76638412
621.41418457,-65.80288696
621.60491943,-69.05874634
621.79565430,-68.40809631
621.98638916,-56.40430832
622.17712402,-52.94902039
622.36785889,-54.49180984
622.55859375,-53.25378036
622.74932861,-51.25935364
622.94006348,-52.87853241
623.13079834,-56.54713058
623.32153320,-62.71029663
623.51226807,-63.35037231
623.70300293,-52.26530075
623.89373779,-51.20141602
624.08447266,-59.18440247
624.27520752,-64.53652954
624.46594238,-55.29136658
624.65667725,-55.90766525
624.84741211,-53.87090302
625.03814697,-49.78072357
625.22888184,-51.65663147
625.41961670,-56.49053955
625.61035156,-61.63286209
625.80108643,-68.08592987
625.99182129,-57.55733109
626.18255615,-54.77054214
626.37329102,-57.07035446
626.56402588,-60.43894958
626.75476074,-52.81441116
626.94549561,-51.76319885
627.13623047,-59.19596863
627.32696533,-58.69655991
627.51770020,-50.92819595
627.70843506,-48.79370880
627.89916992,-49.92716217
628.08990479,-54.56174850
628.28063965,-56.11251068
628.47137451,-52.88447952
628.66210938,-57.92230225
628.85284424,-62.93105316
629.04357910,-54.74111176
629.23431396,-57.05074692
629.42504883,-66.12222290
629.61578369,-65.33367157
629.80651855,-69.73081207
629.99725342,-78.48705292
630.18798828,-61.09753418
630.37872314,-59.76342010
630.56945801,-66.91013336
630.76019287,-58.08245087
630.95092773,-51.79914093
631.14166260,-49.11832428
631.33239746,-51.82610321
631.52313232,-54.49281311
631.71386719,-52.38060760
631.90460205,-54.74718475
632.09533691,-65.03957367
632.28607178,-60.81783676
632.47680664,-56.53322601
632.66754150,-55.66416168
632.85827637,-63.48255157
633.04901123,-56.59873962
633.23974609,-54.99428177
633.43048096,-56.27503967
633.62121582,-53.17230225
633.81195068,-52.97931671
634.00268555,-50.33989716
634.19342041,-48.50960541
634.38415527,-51.58955383
634.57489014,-55.54517365
634.76562500,-56.21053696
634.95635986,-64.08795929
635.14709473,-59.53523254
635.33782959,-54.43122482
635.52856445,-58.08673477
635.71929932,-75.22324371
635.91003418,-63.86261749
636.10076904,-64.27510834
636.29150391,-62.74037933
636.48223877,-62.25778580
636.67297363,-70.73412323
636.86370850,-55.73416901
637.05444336,-54.25031281
637.24517822,-61.27880096
637.43591309,-69.69587708
637.62664795,-58.31908417
637.81738281,-53.19267273
638.00811768,-52.96325684
638.19885254,-54.13507462
638.38958740,-58.63306427
638.58032227,-56.07513809
638.77105713,-62.51838303
638.96179199,-77.40034485
639.15252686,-67.23576355
639.34326172,-63.61246109
639.53399658,-64.26669312
639.72473145,-69.92399597
639.91546631,-59.32597351
640.10620117,-56.32109833
640.29693604,-54.06354523
640.48767090,-53.80848312
640.67840576,-56.16971588
640.86914062,-64.85409546
641.05987549,-72.11964417
641.25061035,-65.75131989
641.44134521,-60.50777054
641.63208008,-70.35107422
641.82281494,-81.02005768
642.01354980,-66.03709412
642.20428467,-59.52801132
642.39501953,-59.01979828
642.58575439,-62.17484283
642.77648926,-54.63474655
642.96722412,-57.56870651
643.15795898,-63.99079132
643.34869385,-56.01059723
643.53942871,-56.88645935
643.73016357,-56.52177811
643.92089844,-59.84519958
644.11163330,-61.66960144
644.30236816,-56.69767380
644.49310303,-56.60716248
644.68383789,-76.80312347
644.87457275,-55.20879364
645.06530762,-53.59695053
645.25604248,-52.90173340
645.44677734,-51.67533493
645.63751221,-55.62971115
645.82824707,-57.19285965
646.01898193,-56.58218384
646.20971680,-51.04784012
646.40045166,-48.92294312
646.59118652,-51.65117645
646.78192139,-59.80590439
646.97265625,-67.35867310
647.16339111,-66.90196228
647.35412598,-56.44504929
647.54486084,-54.66647339
647.73559570,-59.45478058
647.92633057,-67.23690796
648.11706543,-61.12266922
648.30780029,-59.68075562
648.49853516,-57.34342194
648.68927002,-64.87612915
648.88000488,-71.61054230
649.07073975,-66.21126556
649.26147461,-58.51236725
649.45220947,-52.81089020
649.64294434,-53.03355408
649.83367920,-61.18562317
650.02441406,-64.95899200
650.21514893,-59.37152863
650.40588379,-56.21682739
650.59661865,-58.42892456
650.78735352,-63.90262985
650.97808838,-54.65339279
651.16882324,-53.23063278
651.35955811,-60.69229889
651.55029297,-63.80502701
651.74102783,-67.75218201
651.93176270,-64.50357819
652.12249756,-67.30361938
652.31323242,-53.49360657
652.50396729,-51.14235306
652.69470215,-52.01153564
652.88543701,-56.04507828
653.07617188,-68.37971497
653.26690674,-61.69524384
653.45764160,-54.67136765
653.64837646,-51.22989655
653.83911133,-52.63331604
654.02984619,-57.93249130
654.22058105,-61.89287567
654.41131592,-55.32296753
654.60205078,-53.62358475
654.79278564,-57.14379120
654.98352051,-69.80374146
655.17425537,-64.87718964
655.36499023,-56.86275101
655.55572510,-56.12319183
655.74645996,-58.03415680
655.93719482,-62.11606598
656.12792969,-62.77133179
656.31866455,-58.61609650
656.50939941,-51.82723236
656.70013428,-52.11470032
656.89086914,-59.37704468
657.08160400,-61.11350632
657.27233887,-55.71353531
657.46307373,-58.74091339
657.65380859,-64.26259613
657.84454346,-64.28638458
658.03527832,-68.36636353
658.22601318,-63.14590454
658.41674805,-61.05093384
658.60748291,-60.64878082
658.79821777,-56.67020798
658.98895264,-63.67071152
659.17968750,-57.42725754
659.37042236,-54.04703140
659.56115723,-54.29394531
659.75189209,-54.04238129
659.94262695,-54.47029114
660.13336182,-58.25398254
660.32409668,-51.11494064
660.51483154,-50.71585846
660.70556641,-54.71656799
660.89630127,-56.32826996
661.08703613,-54.29857254
661.27777100,-55.27346802
661.46850586,-55.77210999
661.65924072,-54.34705734
661.84997559,-58.65248871
662.04071045,-65.31225586
662.23144531,-60.68300247
662.42218018,-65.67491913
662.61291504,-55.93534851
662.80364990,-55.66300201
662.99438477,-54.12805557
663.18511963,-54.45810318
663.37585449,-55.42886353
663.56658936,-53.86550522
663.75732422,-55.31484604
663.94805908,-59.43000031
664.13879395,-57.79562378
664.32952881,-56.88616943
664.52026367,-55.20805359
664.71099854,-50.26342010
664.90173340,-48.41104507
665.09246826,-54.44628143
665.28320312,-59.42619705
665.47393799,-52.09675217
665.66467285,-50.28420258
665.85540771,-51.38498306
666.04614258,-55.76275635
666.23687744,-56.82632446
666.42761230,-54.27812576
666.61834717,-54.53636932
666.80908203,-61.20596313
666.99981689,-56.91976929
667.19055176,-55.00318527
667.38128662,-56.31933212
667.57202148,-58.64206696
667.76275635,-55.70341110
667.95349121,-55.44536972
668.14422607,-57.66873169
668.33496094,-61.59481812
668.52569580,-70.04594421
668.71643066,-63.88619232
668.90716553,-60.19109726
669.09790039,-58.73797607
669.28863525,-54.46545410
669.47937012,-56.65834808
669.67010498,-55.28624725
669.86083984,-54.04883957
670.05157471,-62.03038025
670.24230957,-66.42784882
670.43304443,-61.14919281
670.62377930,-53.77925873
670.81451416,-50.61315918
671.00524902,-54.11986923
671.19598389,-53.15370941
671.38671875,-52.45195770
671.57745361,-59.29537201
671.76818848,-57.39963913
671.95892334,-53.34993744
672.14965820,-51.54410934
672.34039307,-54.86560822
672.53112793,-67.33886719
672.72186279,-71.59755707
672.91259766,-63.74419403
673.10333252,-63.45182419
673.29406738,-71.37821198
673.48480225,-61.76519012
673.67553711,-59.09280396
673.86627197,-57.73576355
674.05700684,-53.50849152
674.24774170,-49.90860367
674.43847656,-53.50119781
674.62921143,-58.80995178
674.81994629,-58.62578583
675.01068115,-65.42347717
675.20141602,-68.31315613
675.39215088,-64.37879181
675.58288574,-72.63225555
675.77362061,-78.13523865
675.96435547,-57.44416046
676.15509033,-53.98561478
676.34582520,-53.58589935
676.53656006,-57.34647369
676.72729492,-64.23748779
676.91802979,-55.78130722
677.10876465,-61.49539948
677.29949951,-64.69583130
677.49023438,-63.22414017
677.68096924,-65.88960266
677.87170410,-65.71231079
678.06243896,-59.32387543
678.25317383,-57.99465179
678.44390869,-56.63837051
678.63464355,-57.15571594
678.82537842,-64.31867981
679.01611328,-67.57913971
679.20684814,-55.96456528
679.39758301,-52.58311844
679.58831787,-58.73153687
679.77905273,-56.59681702
679.96978760,-59.88654709
680.16052246,-69.93680573
680.35125732,-73.84220886
680.54199219,-60.71219635
680.73272705,-52.55487442
680.92346191,-50.89300156
681.11419678,-52.80730438
681.30493164,-54.20631790
681.49566650,-56.43247604
681.68640137,-56.07276535
681.87713623,-54.77615738
682.06787109,-53.72191620
682.25860596,-50.61585236
682.44934082,-49.63949203
682.64007568,-51.02937317
682.83081055,-52.29624176
683.02154541,-51.93052673
683.21228027,-51.66888428
683.40301514,-51.73726654
683.59375000,-52.32441330
683.78448486,-53.00254822
683.97521973,-53.77235794
684.16595459,-57.74704742
684.35668945,-67.05097198
684.54742432,-67.52500916
684.73815918,-61.70207214
684.92889404,-60.33704758
685.11962891,-60.76158142
685.31036377,-53.18661118
685.50109863,-54.90597534
685.69183350,-60.04939270
685.88256836,-60.30654526
686.07330322,-64.36592865
686.26403809,-69.61680603
686.45477295,-61.37938690
686.64550781,-55.65960312
686.83624268,-52.94821930
687.02697754,-51.78012085
687.21771240,-51.81299210
687.40844727,-56.85223007
687.59918213,-55.69123077
687.78991699,-52.50648499
687.98065186,-55.84230423
688.17138672,-60.06179810
688.36212158,-51.45951080
688.55285645,-49.78227615
688.74359131,-54.69816208
688.93432617,-56.22805786
689.12506104,-50.99802017
689.31579590,-51.73276520
689.50653076,-52.49730682
689.69726562,-53.27057648
689.88800049,-59.08898926
690.07873535,-62.82466125
690.26947021,-62.99085617
690.46020508,-60.39894867
690.65093994,-54.13370132
690.84167480,-55.68431854
691.03240967,-66.89447784
691.22314453,-56.28944397
691.41387939,-58.89079666
691.60461426,-63.11964035
691.79534912,-64.84854126
691.98608398,-55.47874069
692.17681885,-51.01196671
692.36755371,-52.89575195
692.55828857,-53.94377899
692.74902344,-51.09356308
692.93975830,-51.58383179
693.13049316,-56.41990662
693.32122803,-58.29656601
693.51196289,-56.32825851
693.70269775,-55.50529099
693.89343262,-55.10437393
694.08416748,-56.29235077
694.27490234,-63.65912628
694.46563721,-60.54552078
694.65637207,-55.77624512
694.84710693,-61.53736496
695.03784180,-55.99145508
695.22857666,-56.19857788
695.41931152,-55.82931519
695.61004639,-59.58852768
695.80078125,-53.02813721
695.99151611,-53.11206818
696.18225098,-58.67349625
696.37298584,-60.79688644
696.56372070,-54.83734894
696.75445557,-55.55160141
696.94519043,-62.84055328
697.13592529,-64.63243866
697.32666016,-57.66305923
697.51739502,-53.35028076
697.70812988,-55.67541504
697.89886475,-61.96979904
698.08959961,-65.44792175
698.28033447,-57.93555832
698.47106934,-65.01710510
698.66180420,-63.45838547
698.85253906,-61.82029343
699.04327393,-63.18508911
699.23400879,-79.07980347
699.42474365,-62.97222519
699.61547852,-60.82210922
699.80621338,-67.16007996
699.99694824,-63.94158936
700.18768311,-63.41802979
700.37841797,-57.98052979
700.56915283,-54.87976837
700.75988770,-52.78585434
700.95062256,-55.81136703
701.14135742,-64.26390839
701.33209229,-71.75347137
701.52282715,-68.65599823
701.71356201,-62.28865814
701.90429688,-59.74230194
702.09503174,-55.23422623
702.28576660,-52.70560455
702.47650146,-59.28429413
702.66723633,-56.36067963
702.85797119,-54.69734955
703.04870605,-61.22829819
703.23944092,-65.40586853
703.43017578,-61.04777527
703.62091064,-66.47673035
703.81164551,-64.46016693
704.00238037,-57.73561096
704.19311523,-58.26257706
704.38385010,-55.95502853
704.57458496,-52.37861633
704.76531982,-52.49211121
704.95605469,-52.72232056
705.14678955,-52.74945068
705.33752441,-54.93585968
705.52825928,-56.01432037
705.71899414,-55.73574448
705.90972900,-60.65623474
706.10046387,-51.81173706
706.29119873,-53.29234314
706.48193359,-59.98985672
706.67266846,-69.24348450
706.86340332,-58.35771179
707.05413818,-53.06400681
707.24487305,-53.46247864
707.43560791,-56.69552231
707.62634277,-51.83773041
707.81707764,-56.10460281
708.00781250,-65.14910889
708.19854736,-56.75813675
708.38928223,-52.39918137
708.58001709,-50.70575714
708.77075195,-50.83503342
708.96148682,-52.75155640
709.15222168,-56.57459259
709.34295654,-74.83872223
709.53369141,-62.23442841
709.72442627,-63.69703293
709.91516113,-64.80435181
710.10589600,-62.70727158
710.29663086,-60.79927063
710.48736572,-59.26671600
710.67810059,-60.28342819
710.86883545,-66.73411560
711.05957031,-62.35944748
711.25030518,-58.94987488
711.44104004,-65.85930634
711.63177490,-61.10349274
711.82250977,-71.29345703
712.01324463,-58.89863586
712.20397949,-61.02645874
712.39471436,-58.50526810
712.58544922,-56.77214050
712.77618408,-76.84519958
712.96691895,-59.89478302
713.15765381,-61.98585510
713.34838867,-64.86170197
713.53912354,-64.91417694
713.72985840,-66.07612610
713.92059326,-64.28907013
714.11132812,-54.41241455
714.30206299,-55.58243561
714.49279785,-56.82315445
714.68353271,-53.83197403
714.87426758,-54.66747284
715.06500244,-59.00608063
715.25573730,-65.45202637
715.44647217,-69.18718719
715.63720703,-61.28419876
715.82794189,-57.73097610
716.01867676,-56.40874863
716.20941162,-61.35654831
716.40014648,-58.79681396
716.59088135,-54.61648941
716.78161621,-55.59135056
716.97235107,-57.94790649
717.16308594,-61.43998718
717.35382080,-62.97537994
717.54455566,-59.62226868
717.73529053,-63.10459900
717.92602539,-71.53540039
718.11676025,-65.61338806
718.30749512,-60.43038177
718.49822998,-53.21364975
718.68896484,-50.57260132
718.87969971,-50.96755981
719.07043457,-58.38632584
719.26116943,-65.78771973
719.45190430,-58.09360123
719.64263916,-56.93877411
719.83337402,-57.86891174
720.02410889,-60.61268234
720.21484375,-61.08628845
720.40557861,-55.56895828
720.59631348,-53.62487793
720.78704834,-60.52576447
720.97778320,-73.92201996
721.16851807,-64.48188019
721.35925293,-58.70176315
721.54998779,-60.06557846
721.74072266,-66.57934570
721.93145752,-59.99137115
722.12219238,-55.19961548
722.31292725,-52.24842834
722.50366211,-52.71116257
722.69439697,-57.96258545
722.88513184,-60.10881805
723.07586670,-61.66455841
723.26660156,-54.77119064
723.45733643,-60.83343124
723.64807129,-64.15697479
723.83880615,-61.21511459
724.02954102,-68.16466522
724.22027588,-64.92185974
724.41101074,-60.20256042
724.60174561,-58.33687592
724.79248047,-59.30550385
724.98321533,-61.85083008
725.17395020,-61.00806808
725.36468506,-59.87293625
725.55541992,-53.48426437
725.74615479,-49.61087036
725.93688965,-51.68289948
726.12762451,-59.51707458
726.31835938,-70.04679871
726.50909424,-59.62209320
726.69982910,-54.39873123
726.89056396,-51.61033249
727.08129883,-50.92714691
727.27203369,-52.27270126
727.46276855,-51.66269684
727.65350342,-49.30105209
727.84423828,-49.44658661
728.03497314,-54.84409714
728.22570801,-61.04654312
728.41644287,-57.16600418
728.60717773,-76.08399200
728.79791260,-60.03546906
728.98864746,-56.85174561
729.17938232,-55.16094589
729.37011719,-59.61593246
729.56085205,-56.42420959
729.75158691,-51.53632736
729.94232178,-56.93462372
730.13305664,-66.81629181
730.32379150,-58.07085037
730.51452637,-58.24584579
730.70526123,-57.24204636
730.89599609,-57.61761475
731.08673096,-70.55471039
731.27746582,-59.42613983
731.46820068,-53.52046967
731.65893555,-53.35118103
731.84967041,-58.40365982
732.04040527,-60.47682190
732.23114014,-57.92468643
732.42187500,-55.20475006
732.61260986,-54.81206894
732.80334473,-53.47776794
732.99407959,-52.24701309
733.18481445,-52.25563812
733.37554932,-53.41755295
733.56628418,-72.27774811
733.75701904,-59.08543015
733.94775391,-59.97199249
734.13848877,-63.12336731
734.32922363,-71.25566101
734.51995850,-58.59682465
734.71069336,-52.09016418
734.90142822,-52.58318329
735.09216309,-55.66564941
735.28289795,-53.37913513
735.47363281,-55.09517670
735.66436768,-61.96277237
735.85510254,-68.12812042
736.04583740,-57.66964722
736.23657227,-51.75666428
736.42730713,-52.50523376
736.61804199,-61.29623032
736.80877686,-59.14678955
736.99951172,-54.23105621
737.19024658,-56.21811295
737.38098145,-70.68836975
737.57171631,-53.87054825
737.76245117,-49.98165131
737.95318604,-50.60547256
738.14392090,-55.02595901
738.33465576,-60.29249191
738.52539062,-54.43519592
738.71612549,-52.84286880
738.90686035,-56.91878510
739.09759521,-63.86035919
739.28833008,-51.69800568
739.47906494,-50.42502975
739.66979980,-52.99431229
739.86053467,-56.74491501
740.05126953,-59.42562866
740.24200439,-66.01070404
740.43273926,-61.35971451
740.62347412,-60.85465240
740.81420898,-60.05763245
741.00494385,-60.10502243
741.19567871,-70.56924438
741.38641357,-65.76486206
741.57714844,-59.26486588
741.76788330,-69.75450134
741.95861816,-66.09396362
742.14935303,-59.79610443
742.34008789,-57.26073456
742.53082275,-61.54241562
742.72155762,-60.82012558
742.91229248,-53.68859863
743.10302734,-55.66335678
743.29376221,-57.62429810
743.48449707,-55.69178772
743.67523193,-57.34817123
743.86596680,-61.06927872
744.05670166,-63.24121475
744.24743652,-62.58122253
744.43817139,-56.46909332
744.62890625,-55.00449753
744.81964111,-61.07019043
745.01037598,-61.80088806
745.20111084,-65.93145752
745.39184570,-74.35990906
745.58258057,-62.93922043
745.77331543,-56.54958344
745.96405029,-56.96847534
746.15478516,-62.57051849
746.34552002,-59.81243515
746.53625488,-57.66728973
746.72698975,-56.32863998
746.91772461,-57.49962616
747.10845947,-69.70919800
747.29919434,-57.88830566
747.48992920,-57.88525009
747.68066406,-56.54791260
747.87139893,-65.15226746
748.06213379,-62.98761749
748.25286865,-59.62869263
748.44360352,-52.85464478
748.63433838,-56.17015457
748.82507324,-58.77651978
749.01580811,-55.38971710
749.20654297,-64.82453918
749.39727783,-56.30192566
749.58801270,-52.93460083
749.77874756,-58.01733398
749.96948242,-60.39648438
750.16021729,-58.29293060
750.35095215,-64.76042938
750.54168701,-61.96908951
750.73242188,-56.09745789
750.92315674,-60.11173248
751.11389160,-67.02953339
751.30462646,-60.34761810
751.49536133,-72.50511932
751.68609619,-63.82732773
751.87683105,-63.18830109
752.06756592,-65.77955627
752.25830078,-58.93285370
752.44903564,-57.51099014
752.63977051,-64.90308380
752.83050537,-64.72087860
753.02124023,-55.96104050
753.21197510,-56.10674286
753.40270996,-60.21318817
753.59344482,-57.84246063
753.78417969,-53.04317474
753.97491455,-54.08654785
754.16564941,-61.82312393
754.35638428,-63.85464478
754.54711914,-70.43515015
754.73785400,-70.79058838
754.92858887,-64.91008759
755.11932373,-58.22058868
755.31005859,-53.97165298
755.50079346,-50.64015961
755.69152832,-51.61884308
755.88226318,-59.56101227
756.07299805,-65.17506409
756.26373291,-92.33763123
756.45446777,-62.47112274
756.64520264,-56.31369019
756.83593750,-56.65844345
757.02667236,-65.82698059
757.21740723,-56.13406754
757.40814209,-57.53746033
757.59887695,-60.13334274
757.78961182,-61.15277100
757.98034668,-56.90961838
758.17108154,-57.45321274
758.36181641,-56.10893631
758.55255127,-49.20045853
758.74328613,-47.31097794
758.93402100,-49.39602280
759.12475586,-53.86982727
759.31549072,-55.83738327
759.50622559,-52.70581818
759.69696045,-50.49665451
759.88769531,-51.01884460
760.07843018,-53.67765427
760.26916504,-58.25057220
760.45989990,-51.81777954
760.65063477,-49.64245224
760.84136963,-52.76841736
761.03210449,-58.16313934
761.22283936,-62.84382248
761.41357422,-64.04898071
761.60430908,-61.04351807
761.79504395,-56.46044922
761.98577881,-60.38713837
762.17651367,-57.72433853
762.36724854,-56.15737915
762.55798340,-53.26884460
762.74871826,-52.49622345
762.93945312,-50.83504105
763.13018799,-52.67166901
763.32092285,-67.25681305
763.51165771,-53.56008148
763.70239258,-50.92525482
763.89312744,-50.31238556
764.08386230,-52.77891159
764.27459717,-54.82617188
764.46533203,-57.22927856
764.65606689,-57.54722977
764.84680176,-53.04938889
765.03753662,-52.37158966
765.22827148,-57.86828995
765.41900635,-71.68109894
765.60974121,-62.35617065
765.80047607,-57.35035706
765.99121094,-57.62818146
766.18194580,-62.65483856
766.37268066,-55.97795868
766.56341553,-53.35929108
766.75415039,-54.78317642
766.94488525,-59.30934143
767.13562012,-51.45860672
767.32635498,-51.45148468
767.51708984,-53.13451385
767.70782471,-55.79762268
767.89855957,-59.20582199
768.08929443,-60.40214539
768.28002930,-67.43013763
768.47076416,-58.61141586
768.66149902,-57.66174316
768.85223389,-62.86867142
769.04296875,-55.37690735
769.23370361,-54.19478989
769.42443848,-55.36453247
769.61517334,-55.23296356
769.80590820,-57.49864197
769.99664307,-59.12546539
770.18737793,-58.54636383
770.37811279,-59.44771576
770.56884766,-63.62948990
770.75958252,-70.93691254
770.95031738,-65.54539490
771.14105225,-56.20897293
771.33178711,-53.90625381
771.52252197,-54.43506622
771.71325684,-61.67770767
771.90399170,-72.36622620
772.09472656,-73.11858368
772.28546143,-55.26978302
772.47619629,-52.38830566
772.66693115,-57.62281418
772.85766602,-79.02860260
773.04840088,-64.72654724
773.23913574,-62.65419006
773.42987061,-77.30061340
773.62060547,-62.51166916
773.81134033,-63.51921082
774.00207520,-67.76593018
774.19281006,-63.69486237
774.38354492,-57.49252701
774.57427979,-58.92483521
774.76501465,-58.81037140
774.95574951,-52.09789276
775.14648438,-51.83484650
775.33721924,-60.42792892
775.52795410,-75.49118805
775.71868896,-84.38171387
775.90942383,-61.86437607
776.10015869,-58.41961288
776.29089355,-64.74658203
776.48162842,-67.76318359
776.67236328,-57.74238205
776.86309814,-51.93685913
777.05383301,-50.44669724
777.24456787,-54.87408066
777.43530273,-66.62902069
777.62603760,-54.35413361
777.81677246,-52.64028549
778.00750732,-56.13917542
778.19824219,-66.21932220
778.38897705,-74.02067566
778.57971191,-64.14972687
778.77044678,-55.28153229
778.96118164,-53.99957275
779.15191650,-56.02460861
779.34265137,-56.82789612
779.53338623,-56.51231384
779.72412109,-57.80004120
779.91485596,-59.02143478
780.10559082,-57.18552017
780.29632568,-52.38435364
780.48706055,-52.44422531
780.67779541,-64.50076294
780.86853027,-56.97708130
781.05926514,-52.90045929
