Frequency,Channel A

0.00000000,-36.47231293
0.19073486,-42.70092010
0.38146973,-55.28594971
0.57220459,-45.62242508
0.76293945,-50.33990479
0.95367432,-60.11672592
1.14440918,-55.21935272
1.33514404,-50.61537170
1.52587891,-52.47783661
1.71661377,-45.52498245
1.90734863,-47.18214035
2.09808350,-48.77729034
2.28881836,-52.63729477
2.47955322,-57.55175781
2.67028809,-52.81171417
2.86102295,-53.93165588
3.05175781,-57.89453506
3.24249268,-53.13245392
3.43322754,-64.87448120
3.62396240,-54.18785477
3.81469727,-49.13929749
4.00543213,-56.27268982
4.19616699,-36.63338470
4.38690186,-11.94060898
4.57763672,-0.77110207
4.76837158,1.63646674
4.95910645,-3.82574201
5.14984131,-19.08214378
5.34057617,-50.34399414
5.53131104,-46.19273376
5.72204590,-42.13051224
5.91278076,-34.98792267
6.10351562,-12.56921387
6.29425049,-2.16205502
6.48498535,-0.15544668
6.67572021,-5.94446421
6.86645508,-21.93495178
7.05718994,-40.45311356
7.24792480,-46.45706558
7.43865967,-51.84009171
7.62939453,-52.15080643
7.82012939,-47.00828934
8.01086426,-47.39919281
8.20159912,-47.22985077
8.39233398,-54.52870941
8.58306885,-48.84875488
8.77380371,-51.24794769
8.96453857,-51.64352417
9.15527344,-52.34528351
9.34600830,-52.24940872
9.53674316,-46.52682877
9.72747803,-47.32868958
9.91821289,-47.41420364
10.10894775,-47.18077850
10.29968262,-54.11214447
10.49041748,-65.54756165
10.68115234,-66.54371643
10.87188721,-52.42024994
11.06262207,-44.47084808
11.25335693,-44.43474579
11.44409180,-47.96238708
11.63482666,-50.16295624
11.82556152,-51.34484863
12.01629639,-55.25833130
12.20703125,-52.15625763
12.39776611,-50.76374054
12.58850098,-47.28879547
12.77923584,-45.45902252
12.96997070,-46.60556412
13.16070557,-48.42770004
13.35144043,-49.79011917
13.54217529,-50.05056381
13.73291016,-50.30236816
13.92364502,-60.55129242
14.11437988,-59.78797913
14.30511475,-52.70787811
14.49584961,-49.57656097
14.68658447,-51.05104828
14.87731934,-57.50487900
15.06805420,-54.52844238
15.25878906,-46.76762009
15.44952393,-43.73475647
15.64025879,-44.85876465
15.83099365,-47.98406982
16.02172852,-53.49683762
16.21246338,-55.11878204
16.40319824,-52.14337158
16.59393311,-52.59806061
16.78466797,-52.10316467
16.97540283,-48.55424500
17.16613770,-57.67227173
17.35687256,-65.40277863
17.54760742,-71.54309082
17.73834229,-53.42885590
17.92907715,-47.75335693
18.11981201,-46.50651550
18.31054688,-50.44498444
18.50128174,-53.43402100
18.69201660,-56.28343964
18.88275146,-68.31431580
19.07348633,-56.01307678
19.26422119,-68.42778015
19.45495605,-56.99240875
19.64569092,-59.61395264
19.83642578,-56.08990097
20.02716064,-53.57076263
20.21789551,-51.75070953
20.40863037,-55.64630127
20.59936523,-54.20568085
20.79010010,-52.74664307
20.98083496,-59.26436996
21.17156982,-66.27613831
21.36230469,-57.37953949
21.55303955,-52.66250610
21.74377441,-50.10557175
21.93450928,-54.52346039
22.12524414,-55.39958954
22.31597900,-55.59095001
22.50671387,-56.71302032
22.69744873,-60.09812927
22.88818359,-51.31994247
23.07891846,-52.02690506
23.26965332,-49.40112686
23.46038818,-51.80671310
23.65112305,-51.49738312
23.84185791,-46.76467133
24.03259277,-48.56840515
24.22332764,-52.55773163
24.41406250,-62.75388718
24.60479736,-56.37133789
24.79553223,-52.50221634
24.98626709,-51.40888214
25.17700195,-52.91403198
25.36773682,-81.13150787
25.55847168,-58.15631485
25.74920654,-60.66378784
25.93994141,-59.71303940
26.13067627,-68.26059723
26.32141113,-53.74193192
26.51214600,-51.62590027
26.70288086,-51.70404816
26.89361572,-50.18481827
27.08435059,-56.80624390
27.27508545,-66.60900879
27.46582031,-59.37131882
27.65655518,-52.66404724
27.84729004,-50.65391159
28.03802490,-52.55382919
28.22875977,-51.48996735
28.41949463,-47.66136932
28.61022949,-45.53684616
28.80096436,-45.11891174
28.99169922,-47.06575775
29.18243408,-53.50530243
29.37316895,-55.31780624
29.56390381,-53.00992966
29.75463867,-52.53618240
29.94537354,-55.19749451
30.13610840,-51.43840027
30.32684326,-49.71874237
30.51757812,-55.41016388
30.70831299,-55.85660553
30.89904785,-64.46354675
31.08978271,-54.44116974
31.28051758,-53.08419800
31.47125244,-60.90065765
31.66198730,-70.04977417
31.85272217,-64.74083710
32.04345703,-64.52103424
32.23419189,-55.15235519
32.42492676,-54.07428360
32.61566162,-51.95516586
32.80639648,-50.61473846
32.99713135,-52.88421249
33.18786621,-55.18909836
33.37860107,-62.53242874
33.56933594,-58.02416229
33.76007080,-54.15977097
33.95080566,-56.08296204
34.14154053,-55.98360443
34.33227539,-56.40090561
34.52301025,-55.24302673
34.71374512,-56.15021133
34.90447998,-50.15254211
35.09521484,-47.78482437
35.28594971,-50.43582153
35.47668457,-56.64806747
35.66741943,-55.61521149
35.85815430,-54.55974960
36.04888916,-52.04014206
36.23962402,-52.63758087
36.43035889,-56.70252991
36.62109375,-53.11367035
36.81182861,-60.13261414
37.00256348,-56.79156494
37.19329834,-55.31684494
37.38403320,-68.64559937
37.57476807,-57.77505875
37.76550293,-69.82743835
37.95623779,-56.38882446
38.14697266,-54.38110733
38.33770752,-55.70327759
38.52844238,-46.90441895
38.71917725,-53.15119171
38.90991211,-56.56497955
39.10064697,-52.42748260
39.29138184,-68.91790009
39.48211670,-50.97804642
39.67285156,-47.39341736
39.86358643,-49.35247803
40.05432129,-51.80467987
40.24505615,-55.62992096
40.43579102,-60.87274551
40.62652588,-77.14282227
40.81726074,-57.49978638
41.00799561,-56.88571930
41.19873047,-55.08383942
41.38946533,-53.49032974
41.58020020,-51.08452606
41.77093506,-50.79002380
41.96166992,-51.72571182
42.15240479,-56.18975067
42.34313965,-63.83552933
42.53387451,-59.60148621
42.72460938,-57.93766785
42.91534424,-52.70740128
43.10607910,-49.49272919
43.29681396,-51.81623077
43.48754883,-54.96235657
43.67828369,-53.65325165
43.86901855,-54.32309723
44.05975342,-57.83330917
44.25048828,-62.37482071
44.44122314,-56.68328094
44.63195801,-52.91751862
44.82269287,-51.94265366
45.01342773,-52.33607483
45.20416260,-56.77352142
45.39489746,-51.67749786
45.58563232,-50.14380646
45.77636719,-51.82052231
45.96710205,-48.91348267
46.15783691,-50.33094406
46.34857178,-56.96452332
46.53930664,-59.71381760
46.73004150,-56.39948273
46.92077637,-63.74769211
47.11151123,-52.16404343
47.30224609,-52.13052368
47.49298096,-66.72193909
47.68371582,-73.92600250
47.87445068,-54.29346466
48.06518555,-48.16316223
48.25592041,-49.31470871
48.44665527,-56.76242828
48.63739014,-58.88396835
48.82812500,-53.73055267
49.01885986,-58.40244293
49.20959473,-52.18927765
49.40032959,-52.18888092
49.59106445,-55.00205612
49.78179932,-54.87580109
49.97253418,-55.13260269
50.16326904,-52.27530670
50.35400391,-52.66483307
50.54473877,-56.97385406
50.73547363,-57.78669739
50.92620850,-53.09928894
51.11694336,-57.78876495
51.30767822,-54.04468155
51.49841309,-52.33369827
51.68914795,-61.27088547
51.87988281,-82.72835541
52.07061768,-72.31790924
52.26135254,-55.90071869
52.45208740,-49.29136658
52.64282227,-48.50617218
52.83355713,-50.68206406
53.02429199,-52.60603333
53.21502686,-56.43311310
53.40576172,-61.02805710
53.59649658,-61.70970917
53.78723145,-54.23326492
53.97796631,-57.06919861
54.16870117,-61.32941437
54.35943604,-52.89112854
54.55017090,-55.50897598
54.74090576,-56.20330048
54.93164062,-56.28961945
55.12237549,-60.14047241
55.31311035,-59.98800659
55.50384521,-55.21200562
55.69458008,-52.57609558
55.88531494,-53.22676086
56.07604980,-51.85920715
56.26678467,-51.75502777
56.45751953,-53.62517929
56.64825439,-56.29647827
56.83898926,-59.68898010
57.02972412,-60.35292053
57.22045898,-56.93128586
57.41119385,-53.57638931
57.60192871,-54.13313293
57.79266357,-61.15054703
57.98339844,-63.38010788
58.17413330,-55.70236969
58.36486816,-52.00333023
58.55560303,-53.29855347
58.74633789,-62.13346100
58.93707275,-50.75540924
59.12780762,-49.92692566
59.31854248,-55.24374390
59.50927734,-60.73074341
59.70001221,-57.17454529
59.89074707,-62.88785553
60.08148193,-63.73408890
60.27221680,-56.24666214
60.46295166,-56.54355621
60.65368652,-55.38211060
60.84442139,-54.00931931
61.03515625,-68.75790405
61.22589111,-55.27191544
61.41662598,-54.04170227
61.60736084,-63.69107056
61.79809570,-67.47618866
61.98883057,-56.83973312
62.17956543,-53.88938904
62.37030029,-61.29714966
62.56103516,-55.38288498
62.75177002,-58.61598206
62.94250488,-58.90071487
63.13323975,-56.33818817
63.32397461,-53.88765717
63.51470947,-67.96413422
63.70544434,-59.83531570
63.89617920,-55.55136108
64.08691406,-52.10132599
64.27764893,-52.75224686
64.46838379,-60.40623093
64.65911865,-64.93503571
64.84985352,-70.56369019
65.04058838,-64.66116333
65.23132324,-65.02400970
65.42205811,-52.91217422
65.61279297,-51.38224792
65.80352783,-58.01917648
65.99426270,-57.83027267
66.18499756,-53.27516556
66.37573242,-54.47735596
66.56646729,-60.47391891
66.75720215,-58.62801361
66.94793701,-56.00738144
67.13867188,-68.63879395
67.32940674,-56.02760696
67.52014160,-55.88327408
67.71087646,-53.27630615
67.90161133,-50.69514847
68.09234619,-49.23606873
68.28308105,-49.07825089
68.47381592,-49.67499161
68.66455078,-51.34080505
68.85528564,-64.16018677
69.04602051,-50.64022827
69.23675537,-52.58557892
69.42749023,-56.22087479
69.61822510,-54.78026581
69.80895996,-56.58790970
69.99969482,-52.77359390
70.19042969,-51.35057831
70.38116455,-50.35771942
70.57189941,-49.34413147
70.76263428,-53.90803909
70.95336914,-63.26612473
71.14410400,-68.34763336
71.33483887,-54.48734283
71.52557373,-48.73370743
71.71630859,-52.13526917
71.90704346,-59.71078873
72.09777832,-54.78350830
72.28851318,-55.68981552
72.47924805,-53.92291641
72.66998291,-54.98548126
72.86071777,-52.60298157
73.05145264,-50.37305832
73.24218750,-53.32989120
73.43292236,-57.61941528
73.62365723,-60.51988220
73.81439209,-52.87010956
74.00512695,-52.56330872
74.19586182,-52.09230042
74.38659668,-55.05861282
74.57733154,-67.85940552
74.76806641,-54.81440735
74.95880127,-54.03902054
75.14953613,-60.05929947
75.34027100,-62.83796692
75.53100586,-52.22388458
75.72174072,-50.17224884
75.91247559,-55.51102066
76.10321045,-59.47559738
76.29394531,-56.82880020
76.48468018,-53.76628113
76.67541504,-50.67711639
76.86614990,-49.36678314
77.05688477,-52.00782776
77.24761963,-58.88970947
77.43835449,-59.29920959
77.62908936,-57.31664276
77.81982422,-60.69917297
78.01055908,-57.33034515
78.20129395,-62.64957809
78.39202881,-67.34191132
78.58276367,-65.38369751
78.77349854,-61.32058716
78.96423340,-55.66413498
79.15496826,-53.98814392
79.34570312,-55.23454666
79.53643799,-81.54228210
79.72717285,-53.53385162
79.91790771,-52.85770416
80.10864258,-52.41065216
80.29937744,-54.70589066
80.49011230,-60.80509186
80.68084717,-53.30620193
80.87158203,-55.36218643
81.06231689,-55.43581390
81.25305176,-54.79804993
81.44378662,-55.32508087
81.63452148,-50.96975327
81.82525635,-51.69207001
82.01599121,-66.30312347
82.20672607,-68.88789368
82.39746094,-65.95922852
82.58819580,-58.54398727
82.77893066,-55.46447372
82.96966553,-56.46186447
83.16040039,-55.85267639
83.35113525,-53.03136826
83.54187012,-53.22595978
83.73260498,-59.16055298
83.92333984,-65.78200531
84.11407471,-58.52202606
84.30480957,-57.09845734
84.49554443,-59.62883759
84.68627930,-55.70479965
84.87701416,-53.73022079
85.06774902,-58.58928680
85.25848389,-69.67219543
85.44921875,-60.71016312
85.63995361,-61.81312943
85.83068848,-72.19638062
86.02142334,-64.92975616
86.21215820,-56.18479156
86.40289307,-55.84545898
86.59362793,-55.68794250
86.78436279,-67.30459595
86.97509766,-59.53731155
87.16583252,-64.83093262
87.35656738,-64.28459167
87.54730225,-68.09460449
87.73803711,-53.36479950
87.92877197,-51.47883606
88.11950684,-54.63928986
88.31024170,-56.87141800
88.50097656,-58.76007462
88.69171143,-55.09106445
88.88244629,-51.35928345
89.07318115,-54.78542328
89.26391602,-58.25277710
89.45465088,-63.69975281
89.64538574,-58.72013855
89.83612061,-52.31205368
90.02685547,-50.47430420
90.21759033,-55.77802658
90.40832520,-68.18994904
90.59906006,-63.67091370
90.78979492,-62.10441971
90.98052979,-61.75075150
91.17126465,-59.78237534
91.36199951,-51.65451050
91.55273438,-48.38401413
91.74346924,-47.95534515
91.93420410,-50.31633759
92.12493896,-52.63854218
92.31567383,-54.46499634
92.50640869,-55.58475494
92.69714355,-56.71666718
92.88787842,-54.49024582
93.07861328,-51.21393585
93.26934814,-49.92085266
93.46008301,-54.16858673
93.65081787,-54.24266434
93.84155273,-52.82762909
94.03228760,-50.04016495
94.22302246,-48.11917877
94.41375732,-51.55104828
94.60449219,-58.48317719
94.79522705,-59.22751999
94.98596191,-54.91469955
95.17669678,-54.62966537
95.36743164,-52.79317474
95.55816650,-54.43445206
95.74890137,-53.30393982
95.93963623,-50.89566803
96.13037109,-53.64437103
96.32110596,-57.59895325
96.51184082,-57.29121399
96.70257568,-60.78964233
96.89331055,-60.34579849
97.08404541,-58.88711548
97.27478027,-58.25878906
97.46551514,-56.23954391
97.65625000,-57.85487747
97.84698486,-63.01988983
98.03771973,-52.20926285
98.22845459,-54.52027130
98.41918945,-57.15304947
98.60992432,-56.37384415
98.80065918,-58.54439163
98.99139404,-51.82205963
99.18212891,-48.94334793
99.37286377,-49.95550156
99.56359863,-51.35288239
99.75433350,-54.31565857
99.94506836,-56.27165985
100.13580322,-48.03444672
100.32653809,-46.30131531
100.51727295,-53.08985138
100.70800781,-59.12065506
100.89874268,-54.04282379
101.08947754,-59.47088242
101.28021240,-63.65515900
101.47094727,-56.46571732
101.66168213,-60.63698196
101.85241699,-67.29151917
102.04315186,-55.58391190
102.23388672,-50.41994095
102.42462158,-48.84335327
102.61535645,-49.11742401
102.80609131,-50.38828278
102.99682617,-52.19814682
103.18756104,-50.55930710
103.37829590,-50.80140686
103.56903076,-55.20850754
103.75976562,-56.84997177
103.95050049,-54.28257370
104.14123535,-55.56147003
104.33197021,-56.22083282
104.52270508,-56.48290253
104.71343994,-59.34909439
104.90417480,-58.23391724
105.09490967,-58.71848297
105.28564453,-55.53656006
105.47637939,-50.89317322
105.66711426,-51.46726608
105.85784912,-59.39886475
106.04858398,-55.33950043
106.23931885,-52.95362854
106.43005371,-49.39175415
106.62078857,-46.58404541
106.81152344,-48.76907730
107.00225830,-57.43189240
107.19299316,-54.40892029
107.38372803,-53.71650696
107.57446289,-58.64135361
107.76519775,-66.85260773
107.95593262,-68.23698425
108.14666748,-99.00867462
108.33740234,-54.90103149
108.52813721,-51.59979248
108.71887207,-54.54551315
108.90960693,-68.68063354
109.10034180,-61.27935410
109.29107666,-61.12792587
109.48181152,-57.81493378
109.67254639,-60.59120941
109.86328125,-68.43265533
110.05401611,-59.18866730
110.24475098,-51.36815643
110.43548584,-48.97287750
110.62622070,-52.72052383
110.81695557,-60.17605209
111.00769043,-56.58077240
111.19842529,-52.89379501
111.38916016,-53.38161850
111.57989502,-52.19806290
111.77062988,-55.23516846
111.96136475,-63.23064423
112.15209961,-63.25263977
112.34283447,-78.12188721
112.53356934,-59.15515137
112.72430420,-66.27857208
112.91503906,-55.15290070
113.10577393,-51.00230408
113.29650879,-49.67004395
113.48724365,-49.77923965
113.67797852,-51.34786987
113.86871338,-54.52937317
114.05944824,-60.08186340
114.25018311,-59.15347672
114.44091797,-53.34301376
114.63165283,-52.26260376
114.82238770,-57.94562531
115.01312256,-61.19319916
115.20385742,-59.12876511
115.39459229,-56.88579941
115.58532715,-55.64928436
115.77606201,-55.23819733
115.96679688,-53.68316269
116.15753174,-54.03966522
116.34826660,-57.32277679
116.53900146,-67.38401794
116.72973633,-60.11026764
116.92047119,-54.92905045
117.11120605,-52.94712830
117.30194092,-48.90460587
117.49267578,-50.01747131
117.68341064,-55.40995789
117.87414551,-53.78917694
118.06488037,-54.11236572
118.25561523,-54.05195236
118.44635010,-49.61666870
118.63708496,-45.47631836
118.82781982,-45.74651718
119.01855469,-50.08439636
119.20928955,-53.64908600
119.40002441,-53.68663406
119.59075928,-55.30208588
119.78149414,-52.71162415
119.97222900,-48.29039001
120.16296387,-48.46011734
120.35369873,-56.33011627
120.54443359,-65.78981018
120.73516846,-61.18417740
120.92590332,-64.62654877
121.11663818,-55.74216461
121.30737305,-55.06922913
121.49810791,-69.19967651
121.68884277,-59.03856659
121.87957764,-55.45352173
122.07031250,-51.01072311
122.26104736,-50.28510666
122.45178223,-53.84733582
122.64251709,-58.07336807
122.83325195,-57.61340332
123.02398682,-52.01916122
123.21472168,-51.99173737
123.40545654,-55.52280045
123.59619141,-59.10149384
123.78692627,-58.55537033
123.97766113,-50.94679260
124.16839600,-52.19404602
124.35913086,-61.62628937
124.54986572,-61.37065506
124.74060059,-53.50527954
124.93133545,-51.67524338
125.12207031,-56.50914764
125.31280518,-58.15927505
125.50354004,-58.35884476
125.69427490,-61.67467499
125.88500977,-52.60348892
126.07574463,-57.52521515
126.26647949,-65.19152832
126.45721436,-65.87306213
126.64794922,-61.75148392
126.83868408,-50.40819168
127.02941895,-47.50292206
127.22015381,-48.24792862
127.41088867,-51.51706314
127.60162354,-58.11543274
127.79235840,-61.54114151
127.98309326,-67.59724426
128.17382812,-57.75909424
128.36456299,-58.63250351
128.55529785,-59.10026932
128.74603271,-52.07044220
128.93676758,-52.45078659
129.12750244,-57.61817169
129.31823730,-59.26792526
129.50897217,-60.08962631
129.69970703,-60.51260376
129.89044189,-53.94058609
130.08117676,-52.88673782
130.27191162,-60.12481308
130.46264648,-61.01831055
130.65338135,-59.63687897
130.84411621,-57.70385361
131.03485107,-58.96753311
131.22558594,-62.13238144
131.41632080,-55.44474030
131.60705566,-56.96150208
131.79779053,-70.84278870
131.98852539,-66.23690796
132.17926025,-56.92176056
132.36999512,-56.32350540
132.56072998,-63.20551300
132.75146484,-65.47797394
132.94219971,-54.92343903
133.13293457,-56.43633270
133.32366943,-63.91186142
133.51440430,-53.55589294
133.70513916,-51.22063446
133.89587402,-50.35531998
134.08660889,-54.77828598
134.27734375,-55.29483795
134.46807861,-57.86083984
134.65881348,-61.31412888
134.84954834,-58.20223999
135.04028320,-59.23887634
135.23101807,-57.42358398
135.42175293,-56.55253601
135.61248779,-53.65417862
135.80322266,-55.43009949
135.99395752,-60.67009735
136.18469238,-58.65995026
136.37542725,-50.00022125
136.56616211,-48.95953369
136.75689697,-54.84799194
136.94763184,-54.55443573
137.13836670,-51.21757126
137.32910156,-50.93287659
137.51983643,-58.30609131
137.71057129,-59.68260956
137.90130615,-60.02455902
138.09204102,-58.49560165
138.28277588,-53.43513489
138.47351074,-65.35783386
138.66424561,-52.70491028
138.85498047,-52.79272079
139.04571533,-60.09389496
139.23645020,-50.91960144
139.42718506,-53.50821686
139.61791992,-58.46086502
139.80865479,-56.98471451
139.99938965,-52.35646057
140.19012451,-53.32889557
140.38085938,-54.92048645
140.57159424,-56.22602081
140.76232910,-66.39740753
140.95306396,-61.69475555
141.14379883,-57.98337555
141.33453369,-65.93402100
141.52526855,-62.07320786
141.71600342,-69.67078400
141.90673828,-61.05852127
142.09747314,-59.12583160
142.28820801,-57.46327209
142.47894287,-54.03970337
142.66967773,-55.93067169
142.86041260,-52.49868774
143.05114746,-49.39255142
143.24188232,-53.56862640
143.43261719,-54.25152206
143.62335205,-51.34988403
143.81408691,-62.97792053
144.00482178,-51.52538681
144.19555664,-55.25962830
144.38629150,-62.56710815
144.57702637,-62.05968475
144.76776123,-59.54048538
144.95849609,-60.40143585
145.14923096,-60.17436981
145.33996582,-62.32870102
145.53070068,-57.34238434
145.72143555,-52.18034744
145.91217041,-55.63946152
146.10290527,-66.82800293
146.29364014,-66.35621643
146.48437500,-74.26047516
146.67510986,-81.15085602
146.86584473,-63.59950256
147.05657959,-57.52578735
147.24731445,-57.40918732
147.43804932,-55.24231720
147.62878418,-55.99766159
147.81951904,-59.21298218
148.01025391,-60.48568726
148.20098877,-59.40965271
148.39172363,-57.86613846
148.58245850,-57.28084946
148.77319336,-57.66784286
148.96392822,-54.95184326
149.15466309,-54.61796188
149.34539795,-60.09582520
149.53613281,-54.36911774
149.72686768,-52.14663696
149.91760254,-54.58214569
150.10833740,-59.55516434
150.29907227,-58.55352783
150.48980713,-60.63304138
150.68054199,-60.60977554
150.87127686,-57.40723038
151.06201172,-54.17173386
151.25274658,-54.29445648
151.44348145,-54.27120972
151.63421631,-55.69832230
151.82495117,-55.86399841
152.01568604,-54.54217529
152.20642090,-61.10264587
152.39715576,-59.65805817
152.58789062,-57.45313644
152.77862549,-80.80039978
152.96936035,-59.39914703
153.16009521,-55.08224869
153.35083008,-55.11178970
153.54156494,-58.53352356
153.73229980,-53.51467133
153.92303467,-52.27816772
154.11376953,-53.69163132
154.30450439,-52.10198212
154.49523926,-56.86179352
154.68597412,-61.26386642
154.87670898,-54.08010483
155.06744385,-57.30619812
155.25817871,-69.20942688
155.44891357,-55.93662643
155.63964844,-53.53788757
155.83038330,-54.18451691
156.02111816,-59.29129791
156.21185303,-67.45352936
156.40258789,-66.36168671
156.59332275,-58.62392426
156.78405762,-54.84389877
156.97479248,-56.85614777
157.16552734,-60.09761429
157.35626221,-58.68453217
157.54699707,-63.06193924
157.73773193,-69.99029541
157.92846680,-71.28704834
158.11920166,-62.14419556
158.30993652,-56.78330231
158.50067139,-55.78916550
158.69140625,-58.70827484
158.88214111,-67.30189514
159.07287598,-56.65340805
159.26361084,-57.36565399
159.45434570,-57.40180969
159.64508057,-49.18453979
159.83581543,-47.15530014
160.02655029,-49.59850311
160.21728516,-58.19679642
160.40802002,-54.89281082
160.59875488,-55.75449371
160.78948975,-62.69154358
160.98022461,-68.81491852
161.17095947,-65.53643799
161.36169434,-52.03190231
161.55242920,-50.09426498
161.74316406,-53.86415482
161.93389893,-57.41287231
162.12463379,-54.84273911
162.31536865,-50.98661423
162.50610352,-50.10559082
162.69683838,-52.53055191
162.88757324,-59.57380295
163.07830811,-69.17274475
163.26904297,-62.37758636
163.45977783,-58.58042145
163.65051270,-59.38640213
163.84124756,-56.71075821
164.03198242,-58.30498505
164.22271729,-57.81259155
164.41345215,-50.26605225
164.60418701,-53.76037216
164.79492188,-79.36766815
164.98565674,-64.16581726
165.17639160,-57.23410797
165.36712646,-51.59135437
165.55786133,-53.29221344
165.74859619,-58.69857788
165.93933105,-64.53137970
166.13006592,-63.19882202
166.32080078,-58.74195099
166.51153564,-57.96766663
166.70227051,-57.25571442
166.89300537,-55.21182632
167.08374023,-56.58266068
167.27447510,-59.82117462
167.46520996,-56.46007538
167.65594482,-59.75429916
167.84667969,-62.61854553
168.03741455,-56.34046936
168.22814941,-61.53894043
168.41888428,-67.79689789
168.60961914,-60.09699249
168.80035400,-54.82520676
168.99108887,-56.42346954
169.18182373,-63.61490631
169.37255859,-66.15637207
169.56329346,-57.88434982
169.75402832,-50.99750900
169.94476318,-49.67833710
170.13549805,-52.81471252
170.32623291,-58.13873672
170.51696777,-58.00522232
170.70770264,-53.05799866
170.89843750,-55.94345093
171.08917236,-57.92211151
171.27990723,-55.32216644
171.47064209,-53.54622650
171.66137695,-59.70384598
171.85211182,-65.36831665
172.04284668,-55.63747025
172.23358154,-54.41544342
172.42431641,-60.99186707
172.61505127,-58.33428955
172.80578613,-50.77707672
172.99652100,-49.89905548
173.18725586,-51.54159546
173.37799072,-53.64234543
173.56872559,-54.10842514
173.75946045,-55.33618164
173.95019531,-56.87908936
174.14093018,-59.42759705
174.33166504,-66.87731934
174.52239990,-60.76237488
174.71313477,-55.70820618
174.90386963,-59.02662277
175.09460449,-63.86004639
175.28533936,-57.02075195
175.47607422,-52.38650894
175.66680908,-50.14067841
175.85754395,-49.84170914
176.04827881,-51.66427612
176.23901367,-54.06795502
176.42974854,-53.99839401
176.62048340,-51.04842377
176.81121826,-51.32814407
177.00195312,-56.40718842
177.19268799,-63.88012695
177.38342285,-65.54605865
177.57415771,-56.90471649
177.76489258,-56.50854111
177.95562744,-60.87139130
178.14636230,-59.73477173
178.33709717,-51.89310455
178.52783203,-50.88597870
178.71856689,-53.52138519
178.90930176,-59.86209869
179.10003662,-62.67705917
179.29077148,-58.24905014
179.48150635,-54.15475464
179.67224121,-53.47786331
179.86297607,-54.69044495
180.05371094,-59.65657806
180.24444580,-63.05356598
180.43518066,-56.21852875
180.62591553,-57.61563110
180.81665039,-65.00759888
181.00738525,-60.60917664
181.19812012,-55.75424957
181.38885498,-52.05747986
181.57958984,-49.35177231
181.77032471,-51.51436234
181.96105957,-52.06787872
182.15179443,-52.30246735
182.34252930,-58.66169357
182.53326416,-59.12398529
182.72399902,-57.83084488
182.91473389,-59.10678864
183.10546875,-62.29821014
183.29620361,-60.81997681
183.48693848,-60.55817413
183.67767334,-56.84173965
183.86840820,-54.34027100
184.05914307,-56.83000565
184.24987793,-58.62594223
184.44061279,-58.52285385
184.63134766,-65.46777344
184.82208252,-65.42824554
185.01281738,-57.54304504
185.20355225,-53.92689133
185.39428711,-51.81492615
185.58502197,-50.36265945
185.77575684,-51.85577774
185.96649170,-58.11316681
186.15722656,-65.62799072
186.34796143,-61.33948898
186.53869629,-58.17963409
186.72943115,-55.80376434
186.92016602,-58.39266205
187.11090088,-57.49294662
187.30163574,-52.90185928
187.49237061,-52.47578049
187.68310547,-55.59905243
187.87384033,-56.18177795
188.06457520,-55.33164597
188.25531006,-57.90467072
188.44604492,-56.29344177
188.63677979,-53.87206650
188.82751465,-61.36035156
189.01824951,-54.34275818
189.20898438,-49.52270126
189.39971924,-53.89300919
189.59045410,-70.57366180
189.78118896,-61.26529312
189.97192383,-51.40059662
190.16265869,-48.49684143
190.35339355,-53.55180740
190.54412842,-63.49359512
190.73486328,-53.61752319
190.92559814,-52.69145966
191.11633301,-53.24355316
191.30706787,-51.76734543
191.49780273,-52.97386169
191.68853760,-59.66464233
191.87927246,-62.53688049
192.07000732,-57.52727890
192.26074219,-53.42265320
192.45147705,-55.27030182
192.64221191,-56.94982529
192.83294678,-56.28437042
193.02368164,-58.92507553
193.21441650,-56.99964523
193.40515137,-52.51897430
193.59588623,-48.99940872
193.78662109,-49.64336395
193.97735596,-50.86723328
194.16809082,-52.65365219
194.35882568,-55.91415787
194.54956055,-62.54778290
194.74029541,-54.44481659
194.93103027,-49.76457214
195.12176514,-49.71523666
195.31250000,-51.55577850
195.50323486,-50.55160904
195.69396973,-53.18080521
195.88470459,-59.43212891
196.07543945,-58.11458206
196.26617432,-60.86730576
196.45690918,-57.64434433
196.64764404,-55.61856079
196.83837891,-58.47764969
197.02911377,-55.04804611
197.21984863,-54.72373581
197.41058350,-54.47615051
197.60131836,-53.37638092
197.79205322,-54.45019531
197.98278809,-55.19386673
198.17352295,-58.72066498
198.36425781,-57.17501068
198.55499268,-50.12840652
198.74572754,-49.00699615
198.93646240,-53.24789047
199.12719727,-57.98509216
199.31793213,-60.35328674
199.50866699,-71.18141937
199.69940186,-77.21914673
199.89013672,-73.96978760
200.08087158,-59.63368225
200.27160645,-53.19483185
200.46234131,-55.73727036
200.65307617,-55.70770264
200.84381104,-58.12754059
201.03454590,-64.91454315
201.22528076,-57.24806976
201.41601562,-51.07318115
201.60675049,-51.81518555
201.79748535,-64.12148285
201.98822021,-63.03013229
202.17895508,-66.41346741
202.36968994,-54.34535980
202.56042480,-53.75993347
202.75115967,-52.33115768
202.94189453,-57.72211075
203.13262939,-55.44558716
203.32336426,-53.18119049
203.51409912,-58.95322800
203.70483398,-57.90957642
203.89556885,-56.50401688
204.08630371,-55.81756592
204.27703857,-54.46208572
204.46777344,-54.19276810
204.65850830,-58.45843887
204.84924316,-58.94308090
205.03997803,-56.82861710
205.23071289,-56.40334702
205.42144775,-68.31925964
205.61218262,-61.80249023
205.80291748,-56.59362030
205.99365234,-55.62261581
206.18438721,-60.90916061
206.37512207,-59.84193420
206.56585693,-52.75238037
206.75659180,-51.01160049
206.94732666,-52.87900925
207.13806152,-56.55452347
207.32879639,-70.24221039
207.51953125,-59.21638107
207.71026611,-58.61649323
207.90100098,-55.54998398
208.09173584,-55.55167770
208.28247070,-65.89173889
208.47320557,-56.95617676
208.66394043,-55.06902695
208.85467529,-59.68140411
209.04541016,-61.79907990
209.23614502,-67.44322205
209.42687988,-58.38392258
209.61761475,-55.93788910
209.80834961,-63.64628220
209.99908447,-67.86128235
210.18981934,-63.76862335
210.38055420,-59.46674347
210.57128906,-56.43255615
210.76202393,-57.63813400
210.95275879,-56.37191391
211.14349365,-56.70251846
211.33422852,-59.54748154
211.52496338,-53.18122101
211.71569824,-56.70256042
211.90643311,-66.74643707
212.09716797,-64.29142761
212.28790283,-54.91009521
212.47863770,-51.85100937
212.66937256,-53.89384460
212.86010742,-55.83274841
213.05084229,-52.37311935
213.24157715,-51.73931885
213.43231201,-54.70940399
213.62304688,-57.62387848
213.81378174,-62.69441605
214.00451660,-62.98720551
214.19525146,-53.79741287
214.38598633,-52.52991104
214.57672119,-54.84857559
214.76745605,-59.37622452
214.95819092,-57.14406586
215.14892578,-56.72362900
215.33966064,-66.45552063
215.53039551,-62.28404999
215.72113037,-58.45769501
215.91186523,-60.22547913
216.10260010,-53.51503754
216.29333496,-49.10210037
216.48406982,-49.20397186
216.67480469,-54.12347794
216.86553955,-50.84305573
217.05627441,-50.18909073
217.24700928,-53.40974808
217.43774414,-59.74658585
217.62847900,-62.89341736
217.81921387,-58.64892578
218.00994873,-65.58757019
218.20068359,-68.42258453
218.39141846,-59.23271561
218.58215332,-57.27499390
218.77288818,-53.60040665
218.96362305,-51.50754929
219.15435791,-54.87635040
219.34509277,-55.02159500
219.53582764,-53.61232376
219.72656250,-55.20728683
219.91729736,-56.55046844
220.10803223,-54.23427200
220.29876709,-59.20943832
220.48950195,-60.02885437
220.68023682,-55.06013870
220.87097168,-56.46070862
221.06170654,-56.15959167
221.25244141,-57.86569977
221.44317627,-63.22651672
221.63391113,-57.85284042
221.82464600,-58.32203293
222.01538086,-64.29306793
222.20611572,-62.49561310
222.39685059,-56.85784912
222.58758545,-51.27182007
222.77832031,-51.37202835
222.96905518,-59.96463776
223.15979004,-63.85102081
223.35052490,-54.74422836
223.54125977,-48.40354538
223.73199463,-45.90843964
223.92272949,-46.70988083
224.11346436,-51.28053284
224.30419922,-54.36273956
224.49493408,-52.48095703
224.68566895,-53.76288986
224.87640381,-56.28398132
225.06713867,-55.39611816
225.25787354,-59.24899673
225.44860840,-65.37073517
225.63934326,-60.49488831
225.83007812,-58.26209259
226.02081299,-53.41362762
226.21154785,-56.95635986
226.40228271,-53.10697174
226.59301758,-50.19873047
226.78375244,-57.04447937
226.97448730,-57.95705795
227.16522217,-51.77629852
227.35595703,-52.74635315
227.54669189,-59.24034882
227.73742676,-55.50425720
227.92816162,-54.20353699
228.11889648,-52.04885101
228.30963135,-50.62483215
228.50036621,-52.62995148
228.69110107,-57.75260925
228.88183594,-58.86240005
229.07257080,-61.18108368
229.26330566,-61.15532303
229.45404053,-58.17673492
229.64477539,-58.34133911
229.83551025,-61.49897003
230.02624512,-65.46435547
230.21697998,-64.16239166
230.40771484,-56.95514297
230.59844971,-51.97628403
230.78918457,-49.10475159
230.97991943,-50.43334198
231.17065430,-59.13120270
231.36138916,-68.31057739
231.55212402,-58.09027100
231.74285889,-55.82627106
231.93359375,-57.36303329
232.12432861,-55.80078125
232.31506348,-52.92243195
232.50579834,-53.13969421
232.69653320,-50.96194839
232.88726807,-52.17779541
233.07800293,-56.81659317
233.26873779,-63.40656662
233.45947266,-62.26249313
233.65020752,-63.50758362
233.84094238,-75.74896240
234.03167725,-59.65883636
234.22241211,-56.78715515
234.41314697,-63.57332611
234.60388184,-65.12308502
234.79461670,-65.40818787
234.98535156,-82.47486877
235.17608643,-57.91395187
235.36682129,-55.80217361
235.55755615,-60.01357269
235.74829102,-61.92161942
235.93902588,-56.20590210
236.12976074,-52.35332870
236.32049561,-51.05418396
236.51123047,-50.52142715
236.70196533,-51.13430405
236.89270020,-55.26805878
237.08343506,-57.89500809
237.27416992,-56.50974655
237.46490479,-53.05681229
237.65563965,-50.48248291
237.84637451,-50.18238068
238.03710938,-51.03310013
238.22784424,-52.85858917
238.41857910,-56.43919373
238.60931396,-69.74076843
238.80004883,-54.78566742
238.99078369,-52.71173859
239.18151855,-61.00116348
239.37225342,-59.35594177
239.56298828,-55.84604263
239.75372314,-54.34114838
239.94445801,-54.54425812
240.13519287,-58.81145096
240.32592773,-65.96731567
240.51666260,-75.20954895
240.70739746,-68.72332764
240.89813232,-63.02091980
241.08886719,-55.29028320
241.27960205,-53.78082275
241.47033691,-57.28475571
241.66107178,-58.43534088
241.85180664,-53.17122650
242.04254150,-56.46617508
242.23327637,-56.46136475
242.42401123,-54.53215027
242.61474609,-55.86380386
242.80548096,-58.87618637
242.99621582,-55.54225922
243.18695068,-52.89520264
243.37768555,-53.64461899
243.56842041,-59.07723999
243.75915527,-63.95368958
243.94989014,-63.50800323
244.14062500,-65.79917908
244.33135986,-60.31825256
244.52209473,-56.95672989
244.71282959,-67.65013885
244.90356445,-59.44429398
245.09429932,-54.03829575
245.28503418,-53.90581512
245.47576904,-57.76147461
245.66650391,-60.83871460
245.85723877,-59.69998932
246.04797363,-58.35720062
246.23870850,-56.94218063
246.42944336,-52.56941986
246.62017822,-56.10557938
246.81091309,-56.02062988
247.00164795,-56.54607773
247.19238281,-54.90077209
247.38311768,-52.28563690
247.57385254,-54.49040222
247.76458740,-69.35009766
247.95532227,-65.01091766
248.14605713,-60.60409164
248.33679199,-57.63558197
248.52752686,-57.74391937
248.71826172,-57.98517227
248.90899658,-50.54268646
249.09973145,-50.38474274
249.29046631,-56.03775024
249.48120117,-62.52377319
249.67193604,-61.60628510
249.86267090,-52.12807465
250.05340576,-51.47109604
250.24414062,-58.19101715
250.43487549,-54.12228012
250.62561035,-51.00866318
250.81634521,-52.28980255
251.00708008,-52.71868896
251.19781494,-51.18367767
251.38854980,-51.03265381
251.57928467,-54.14482498
251.77001953,-65.05804443
251.96075439,-67.66745758
252.15148926,-63.33195496
252.34222412,-56.16328812
252.53295898,-54.06616974
252.72369385,-54.18337250
252.91442871,-56.65854645
253.10516357,-77.64792633
253.29589844,-60.60508728
253.48663330,-60.78377533
253.67736816,-63.22932816
253.86810303,-70.28007507
254.05883789,-59.49935150
254.24957275,-56.38988113
254.44030762,-54.97168732
254.63104248,-52.85400772
254.82177734,-55.74485016
255.01251221,-61.98045731
255.20324707,-62.00000000
255.39398193,-57.13155746
255.58471680,-52.00015259
255.77545166,-57.15449905
255.96618652,-55.99815750
256.15692139,-54.10527039
256.34765625,-58.14651489
256.53839111,-56.99901199
256.72912598,-57.24211121
256.91986084,-58.59656525
257.11059570,-63.38314438
257.30133057,-54.48401642
257.49206543,-51.45095062
257.68280029,-52.35272217
257.87353516,-56.65403748
258.06427002,-56.89598083
258.25500488,-52.73642731
258.44573975,-56.84806061
258.63647461,-68.99471283
258.82720947,-59.58923721
259.01794434,-59.02822113
259.20867920,-51.38161087
259.39941406,-51.35901642
259.59014893,-51.93576050
259.78088379,-51.00763702
259.97161865,-54.72668457
260.16235352,-53.11391830
260.35308838,-52.43979645
260.54382324,-50.56207657
260.73455811,-53.35398102
260.92529297,-57.13190460
261.11602783,-56.02395630
261.30676270,-57.89383316
261.49749756,-76.42855072
261.68823242,-59.61883926
261.87896729,-62.00512314
262.06970215,-59.03612137
262.26043701,-62.22093964
262.45117188,-60.09970093
262.64190674,-55.44737244
262.83264160,-56.84381104
263.02337646,-55.33663177
263.21411133,-56.71379471
263.40484619,-55.82349777
263.59558105,-54.81313705
263.78631592,-57.50963593
263.97705078,-58.42367172
264.16778564,-62.00393677
264.35852051,-57.17234039
264.54925537,-53.95971298
264.73999023,-54.62323761
264.93072510,-61.92957306
265.12145996,-64.11338043
265.31219482,-56.41365814
265.50292969,-56.93527985
265.69366455,-65.44361877
265.88439941,-54.51144791
266.07513428,-61.00523376
266.26586914,-57.08549500
266.45660400,-51.88999557
266.64733887,-52.32744217
266.83807373,-55.09008026
267.02880859,-56.76414871
267.21954346,-54.55657959
267.41027832,-58.72449493
267.60101318,-70.98606873
267.79174805,-62.42727661
267.98248291,-61.69601440
268.17321777,-55.31522751
268.36395264,-64.70150757
268.55468750,-59.34235001
268.74542236,-58.78958893
268.93615723,-57.72711182
269.12689209,-50.81792450
269.31762695,-48.18073273
269.50836182,-47.89582062
269.69909668,-48.18727493
269.88983154,-51.78731918
270.08056641,-65.76721954
270.27130127,-56.77558899
270.46203613,-55.25097275
270.65277100,-62.28506088
270.84350586,-64.10043335
271.03424072,-56.43766403
271.22497559,-54.39292145
271.41571045,-55.83119965
271.60644531,-58.13134766
271.79718018,-60.84806442
271.98791504,-56.91646194
272.17864990,-57.53115845
272.36938477,-60.88367081
272.56011963,-70.36872864
272.75085449,-59.06414795
272.94158936,-57.44544983
273.13232422,-61.37308121
273.32305908,-59.65969086
273.51379395,-65.14129639
273.70452881,-59.62332916
273.89526367,-51.62140274
274.08599854,-51.44808197
274.27673340,-56.29728317
274.46746826,-65.74311829
274.65820312,-62.33452606
274.84893799,-62.59960938
275.03967285,-54.88822937
275.23040771,-57.45263672
275.42114258,-56.47510147
275.61187744,-58.93295670
275.80261230,-55.91594696
275.99334717,-55.50646973
276.18408203,-54.61759186
276.37481689,-55.93281174
276.56555176,-62.04802704
276.75628662,-57.42999649
276.94702148,-53.57656479
277.13775635,-57.04425430
277.32849121,-63.35091019
277.51922607,-55.07868958
277.70996094,-56.06285477
277.90069580,-58.50478363
278.09143066,-57.25173950
278.28216553,-55.01159668
278.47290039,-54.99303436
278.66363525,-65.52386475
278.85437012,-60.41018677
279.04510498,-55.92697525
279.23583984,-66.80615234
279.42657471,-58.70884323
279.61730957,-54.26609421
279.80804443,-52.08442307
279.99877930,-50.64942169
280.18951416,-51.71144867
280.38024902,-51.83127594
280.57098389,-54.15929413
280.76171875,-59.82276535
280.95245361,-53.10928726
281.14318848,-53.87339783
281.33392334,-55.45980835
281.52465820,-52.82443619
281.71539307,-54.28648376
281.90612793,-54.07049561
282.09686279,-57.03855133
282.28759766,-53.86636734
282.47833252,-54.59931946
282.66906738,-57.37812805
282.85980225,-53.08987427
283.05053711,-50.44570923
283.24127197,-51.14569092
283.43200684,-53.29925156
283.62274170,-60.19160461
283.81347656,-58.63259125
284.00421143,-58.36528015
284.19494629,-58.92061234
284.38568115,-57.39759445
284.57641602,-52.00495148
284.76715088,-51.80553055
284.95788574,-57.21194458
285.14862061,-60.61669922
285.33935547,-54.55566406
285.53009033,-60.43428421
285.72082520,-61.47639847
285.91156006,-55.02214813
286.10229492,-53.40879440
286.29302979,-53.96458054
286.48376465,-56.72702026
286.67449951,-53.67176819
286.86523438,-53.30900192
287.05596924,-56.98402786
287.24670410,-59.58972931
287.43743896,-61.98766327
287.62817383,-76.28492737
287.81890869,-65.03996277
288.00964355,-54.50971603
288.20037842,-53.45461273
288.39111328,-66.22808838
288.58184814,-53.75926208
288.77258301,-50.32085037
288.96331787,-52.14762878
289.15405273,-53.95234680
289.34478760,-54.71838379
289.53552246,-58.34467316
289.72625732,-69.12581635
289.91699219,-59.45654297
290.10772705,-61.38547516
290.29846191,-78.65010834
290.48919678,-59.68797302
290.67993164,-56.79506302
290.87066650,-55.75278854
291.06140137,-59.80401993
291.25213623,-58.58607483
291.44287109,-59.12956238
291.63360596,-61.77269363
291.82434082,-59.07932281
292.01507568,-57.73801422
292.20581055,-65.06024170
292.39654541,-59.50149155
292.58728027,-55.81414795
292.77801514,-61.18679428
292.96875000,-69.46326447
293.15948486,-69.67644501
293.35021973,-68.40979004
293.54095459,-55.04582977
293.73168945,-51.88257217
293.92242432,-51.30485916
294.11315918,-49.93575287
294.30389404,-51.93011475
294.49462891,-57.64039993
294.68536377,-55.29850006
294.87609863,-52.66632462
295.06683350,-57.93862152
295.25756836,-60.83729172
295.44830322,-52.90353775
295.63903809,-51.09586334
295.82977295,-60.02953339
296.02050781,-61.00348663
296.21124268,-64.00292969
296.40197754,-55.95259857
296.59271240,-51.06248474
296.78344727,-49.12868118
296.97418213,-48.40111542
297.16491699,-49.38381195
297.35565186,-51.40208435
297.54638672,-55.45919037
297.73712158,-60.28458405
297.92785645,-57.28890991
298.11859131,-57.20593262
298.30932617,-68.65063477
298.50006104,-77.93771362
298.69079590,-67.46276093
298.88153076,-63.39946747
299.07226562,-59.63121796
299.26300049,-56.69698715
299.45373535,-60.56914520
299.64447021,-63.81669617
299.83520508,-55.58374405
300.02593994,-57.21591949
300.21667480,-58.16715622
300.40740967,-64.68589783
300.59814453,-55.83112335
300.78887939,-58.93303299
300.97961426,-76.88460541
301.17034912,-76.48073578
301.36108398,-65.16411591
301.55181885,-66.34232330
301.74255371,-61.93856049
301.93328857,-57.75556946
302.12402344,-58.96266937
302.31475830,-65.49840546
302.50549316,-61.59298706
302.69622803,-59.18988800
302.88696289,-61.39875412
303.07769775,-54.73149109
303.26843262,-51.99755096
303.45916748,-54.16457367
303.64990234,-58.79560852
303.84063721,-63.91107178
304.03137207,-58.44139099
304.22210693,-55.63596344
304.41284180,-58.12147522
304.60357666,-57.35351562
304.79431152,-56.60077667
304.98504639,-60.76728058
305.17578125,-62.19596481
305.36651611,-60.06548309
305.55725098,-61.52217865
305.74798584,-58.72419739
305.93872070,-54.75653839
306.12945557,-59.34959412
306.32019043,-61.17999268
306.51092529,-57.96754837
306.70166016,-60.28999329
306.89239502,-55.83367157
307.08312988,-58.38589478
307.27386475,-73.85960388
307.46459961,-55.78950500
307.65533447,-50.83987808
307.84606934,-50.43202209
308.03680420,-52.29489136
308.22753906,-57.06536865
308.41827393,-59.36222076
308.60900879,-62.35855865
308.79974365,-55.51239395
308.99047852,-53.93686295
309.18121338,-57.93363953
309.37194824,-53.69741440
309.56268311,-50.20135880
309.75341797,-51.56556702
309.94415283,-58.90926361
310.13488770,-60.98453903
310.32562256,-62.57156372
310.51635742,-67.57721710
310.70709229,-66.00832367
310.89782715,-59.22404861
311.08856201,-56.03994751
311.27929688,-58.79455566
311.47003174,-60.79390717
311.66076660,-59.47424316
311.85150146,-61.26641846
312.04223633,-57.46924973
312.23297119,-55.91456985
312.42370605,-61.83182144
312.61444092,-64.20887756
312.80517578,-55.12871552
312.99591064,-58.58854294
313.18664551,-56.53039551
313.37738037,-52.32073975
313.56811523,-54.03618240
313.75885010,-58.17134094
313.94958496,-59.12366486
314.14031982,-57.90669250
314.33105469,-58.91551208
314.52178955,-55.08069992
314.71252441,-49.73473358
314.90325928,-50.73650742
315.09399414,-59.34418488
315.28472900,-64.37857056
315.47546387,-66.73760986
315.66619873,-60.56982422
315.85693359,-60.36766052
316.04766846,-80.12881470
316.23840332,-66.41045380
316.42913818,-59.40196228
316.61987305,-71.61408234
316.81060791,-56.32305145
317.00134277,-55.04609680
317.19207764,-56.69043732
317.38281250,-63.93262482
317.57354736,-58.11803436
317.76428223,-55.51104736
317.95501709,-54.66923141
318.14575195,-60.23738861
318.33648682,-60.13619232
318.52722168,-59.55728149
318.71795654,-60.46982574
318.90869141,-57.01202774
319.09942627,-56.26619720
319.29016113,-54.95948792
319.48089600,-55.31225204
319.67163086,-55.24650192
319.86236572,-52.38393402
320.05310059,-52.53173065
320.24383545,-56.77157593
320.43457031,-58.92074203
320.62530518,-57.24185944
320.81604004,-55.41221237
321.00677490,-55.04518509
321.19750977,-56.30486298
321.38824463,-55.72784805
321.57897949,-56.47343063
321.76971436,-69.80269623
321.96044922,-56.66776657
322.15118408,-56.35299683
322.34191895,-65.84539032
322.53265381,-63.70409393
322.72338867,-54.67959976
322.91412354,-53.59027481
323.10485840,-56.54352570
323.29559326,-62.76379013
323.48632812,-56.69773102
323.67706299,-52.50540161
323.86779785,-55.44443512
324.05853271,-60.25817490
324.24926758,-56.55002594
324.44000244,-53.40046310
324.63073730,-50.81169510
324.82147217,-51.48636246
325.01220703,-54.55406570
325.20294189,-55.78062057
325.39367676,-56.01058197
325.58441162,-57.64675522
325.77514648,-55.90070724
325.96588135,-52.82282257
326.15661621,-54.30342102
326.34735107,-64.89979553
326.53808594,-57.90875244
326.72882080,-60.75105667
326.91955566,-63.19592285
327.11029053,-61.69833374
327.30102539,-66.12226105
327.49176025,-55.44687653
327.68249512,-51.49341202
327.87322998,-55.61975479
328.06396484,-68.79586029
328.25469971,-55.89348602
328.44543457,-53.38571167
328.63616943,-56.43630600
328.82690430,-65.94754791
329.01763916,-62.10842133
329.20837402,-55.71783066
329.39910889,-55.52833939
329.58984375,-62.05768204
329.78057861,-69.20614624
329.97131348,-62.65238190
330.16204834,-57.76533127
330.35278320,-57.24534607
330.54351807,-55.67210770
330.73425293,-65.22029877
330.92498779,-55.15860748
331.11572266,-55.83144760
331.30645752,-57.44909286
331.49719238,-57.58345032
331.68792725,-54.96692657
331.87866211,-57.83604431
332.06939697,-58.80769730
332.26013184,-56.61208725
332.45086670,-56.28587723
332.64160156,-56.68927765
332.83233643,-60.11248779
333.02307129,-56.42407990
333.21380615,-55.07889175
333.40454102,-55.55692291
333.59527588,-57.97582245
333.78601074,-63.57021332
333.97674561,-62.40607452
334.16748047,-57.35055542
334.35821533,-60.81966782
334.54895020,-70.89987946
334.73968506,-64.52414703
334.93041992,-62.69031143
335.12115479,-61.80009460
335.31188965,-55.65347290
335.50262451,-55.09324646
335.69335938,-58.09074402
335.88409424,-53.88252640
336.07482910,-51.27740479
336.26556396,-57.44109344
336.45629883,-65.47557068
336.64703369,-63.27413177
336.83776855,-59.43034363
337.02850342,-53.94270325
337.21923828,-53.79421997
337.40997314,-57.70375061
337.60070801,-60.01377869
337.79144287,-55.66249466
337.98217773,-51.90496445
338.17291260,-52.31562805
338.36364746,-52.38968658
338.55438232,-58.45014572
338.74511719,-59.35272217
338.93585205,-80.63179016
339.12658691,-59.37649155
339.31732178,-60.89363480
339.50805664,-63.30321884
339.69879150,-57.94866943
339.88952637,-56.54726410
340.08026123,-59.83660126
340.27099609,-60.28559875
340.46173096,-59.78671646
340.65246582,-60.93656921
340.84320068,-59.38445282
341.03393555,-58.07612610
341.22467041,-60.68329620
341.41540527,-61.76883316
341.60614014,-74.06310272
341.79687500,-59.07115173
341.98760986,-60.59610367
342.17834473,-59.44476318
342.36907959,-55.36949921
342.55981445,-52.59898376
342.75054932,-51.74216461
342.94128418,-53.33152390
343.13201904,-54.84741974
343.32275391,-56.35585785
343.51348877,-57.79185867
343.70422363,-62.20694733
343.89495850,-58.19490814
344.08569336,-54.24544907
344.27642822,-59.66784668
344.46716309,-61.64411545
344.65789795,-56.82832336
344.84863281,-58.74505615
345.03936768,-54.29149246
345.23010254,-52.35534668
345.42083740,-55.69720459
345.61157227,-57.43067169
345.80230713,-56.91882324
345.99304199,-57.60468292
346.18377686,-61.53829575
346.37451172,-64.54927063
346.56524658,-52.44089508
346.75598145,-49.55511093
346.94671631,-52.21057510
347.13745117,-57.78129196
347.32818604,-57.22072220
347.51892090,-52.65505981
347.70965576,-50.37772751
347.90039062,-50.27359772
348.09112549,-51.23320007
348.28186035,-51.66593552
348.47259521,-50.35343933
348.66333008,-51.02350235
348.85406494,-53.49301910
349.04479980,-53.61325073
349.23553467,-53.98781204
349.42626953,-56.45800781
349.61700439,-54.97948074
349.80773926,-53.67006683
349.99847412,-56.59128571
350.18920898,-56.36629105
350.37994385,-56.96468353
350.57067871,-51.48639679
350.76141357,-50.05765533
350.95214844,-52.53690338
351.14288330,-55.02742004
351.33361816,-56.97900772
351.52435303,-57.76507568
351.71508789,-56.59088135
351.90582275,-57.75954819
352.09655762,-59.43828583
352.28729248,-60.28079224
352.47802734,-54.42509460
352.66876221,-50.43840790
352.85949707,-54.33819199
353.05023193,-65.36668396
353.24096680,-59.03083038
353.43170166,-56.74871063
353.62243652,-53.68668365
353.81317139,-52.65705872
354.00390625,-53.38722610
354.19464111,-51.75308990
354.38537598,-52.58002853
354.57611084,-55.78242874
354.76684570,-55.97154236
354.95758057,-58.07756042
355.14831543,-56.44889832
355.33905029,-56.70795059
355.52978516,-59.47654343
355.72052002,-57.87947083
355.91125488,-62.37963104
356.10198975,-60.15457535
356.29272461,-54.40373993
356.48345947,-52.92890167
356.67419434,-50.49978638
356.86492920,-49.65988922
357.05566406,-53.48662949
357.24639893,-60.88359833
357.43713379,-63.16841507
357.62786865,-56.90502167
357.81860352,-55.98041916
358.00933838,-71.47740936
358.20007324,-60.36684036
358.39080811,-57.67861938
358.58154297,-54.40840912
358.77227783,-53.20020676
358.96301270,-56.59103775
359.15374756,-63.45332336
359.34448242,-56.05337143
359.53521729,-61.08596802
359.72595215,-54.89135742
359.91668701,-48.84329224
360.10742188,-49.71611404
360.29815674,-53.37360764
360.48889160,-53.05479431
360.67962646,-52.77226257
360.87036133,-56.28655243
361.06109619,-64.44159698
361.25183105,-62.68775177
361.44256592,-62.93788528
361.63330078,-52.45620728
361.82403564,-53.04170609
362.01477051,-61.37428665
362.20550537,-55.54578400
362.39624023,-55.75893021
362.58697510,-58.93153763
362.77770996,-59.85261536
362.96844482,-59.36918640
363.15917969,-63.37858582
363.34991455,-62.13408661
363.54064941,-51.34545898
363.73138428,-48.31643677
363.92211914,-50.65512085
364.11285400,-56.52561951
364.30358887,-62.70988846
364.49432373,-64.26033020
364.68505859,-56.21717072
364.87579346,-54.16492462
365.06652832,-56.38653564
365.25726318,-56.92406082
365.44799805,-58.90550613
365.63873291,-69.34852600
365.82946777,-59.05841446
366.02020264,-55.70663071
366.21093750,-60.77483749
366.40167236,-69.08364868
366.59240723,-64.18583679
366.78314209,-61.20713806
366.97387695,-53.65774155
367.16461182,-53.54948044
367.35534668,-64.66881561
367.54608154,-64.92277527
367.73681641,-61.15219879
367.92755127,-53.58818054
368.11828613,-57.12616348
368.30902100,-59.18743515
368.49975586,-59.72683334
368.69049072,-55.35522842
368.88122559,-50.56797028
369.07196045,-51.88728333
369.26269531,-77.22145081
369.45343018,-54.58078003
369.64416504,-58.84842300
369.83489990,-78.30031586
370.02563477,-69.72384644
370.21636963,-59.98515701
370.40710449,-57.67406464
370.59783936,-58.27869034
370.78857422,-56.65653610
370.97930908,-53.43854523
371.17004395,-58.15482712
371.36077881,-56.67142487
371.55151367,-54.96207428
371.74224854,-72.12467194
371.93298340,-58.76089478
372.12371826,-55.56970215
372.31445312,-53.49498749
372.50518799,-54.13213730
372.69592285,-56.66719437
372.88665771,-61.76024628
373.07739258,-61.42086411
373.26812744,-57.28283691
373.45886230,-56.30247498
373.64959717,-54.35623550
373.84033203,-58.64183807
374.03106689,-61.57831192
374.22180176,-63.64385986
374.41253662,-55.47541046
374.60327148,-60.33098221
374.79400635,-64.11682892
374.98474121,-61.12257385
375.17547607,-57.75630951
375.36621094,-58.29226685
375.55694580,-55.75517654
375.74768066,-54.39352417
375.93841553,-61.17562866
376.12915039,-62.53474426
376.31988525,-62.72651672
376.51062012,-61.04549408
376.70135498,-58.11162567
376.89208984,-56.00795364
377.08282471,-58.74936676
377.27355957,-66.23660278
377.46429443,-53.58673096
377.65502930,-50.72902679
377.84576416,-52.62770081
378.03649902,-58.72679901
378.22723389,-53.43091965
378.41796875,-49.60395432
378.60870361,-50.07801819
378.79943848,-52.49561691
378.99017334,-55.29730225
379.18090820,-57.51540756
379.37164307,-59.38335800
379.56237793,-61.64371490
379.75311279,-55.50128937
379.94384766,-53.85909653
380.13458252,-59.62168884
380.32531738,-59.70214462
380.51605225,-59.84119797
380.70678711,-58.02192688
380.89752197,-56.22291183
381.08825684,-73.22997284
381.27899170,-58.26511765
381.46972656,-62.36195374
381.66046143,-63.98803329
381.85119629,-56.44448090
382.04193115,-51.37939835
382.23266602,-49.86747742
382.42340088,-51.15992737
382.61413574,-53.04656601
382.80487061,-55.70429230
382.99560547,-61.77161789
383.18634033,-73.20471191
383.37707520,-67.95456696
383.56781006,-62.70101929
383.75854492,-60.33639908
383.94927979,-52.36706543
384.14001465,-53.69428253
384.33074951,-63.93951035
384.52148438,-65.14862061
384.71221924,-57.26496124
384.90295410,-56.40205765
385.09368896,-61.13079834
385.28442383,-59.43946457
385.47515869,-70.41204071
385.66589355,-54.07887268
385.85662842,-54.41020584
386.04736328,-65.26724243
386.23809814,-62.06558990
386.42883301,-63.60977936
386.61956787,-60.28684235
386.81030273,-64.22961426
387.00103760,-55.48358536
387.19177246,-54.75374603
387.38250732,-58.59365082
387.57324219,-64.19408417
387.76397705,-61.06765747
387.95471191,-52.29566193
388.14544678,-52.35401154
388.33618164,-67.00984192
388.52691650,-59.46898651
388.71765137,-57.67776489
388.90838623,-59.88944626
389.09912109,-65.07889557
389.28985596,-55.03731537
389.48059082,-54.19551086
389.67132568,-55.19780731
389.86206055,-53.67499924
390.05279541,-55.67344284
390.24353027,-70.06330109
390.43426514,-61.52197266
390.62500000,-62.65607834
390.81573486,-64.21327209
391.00646973,-59.93399811
391.19720459,-55.18766022
391.38793945,-52.37939835
391.57867432,-51.58918762
391.76940918,-57.20192337
391.96014404,-52.76469421
392.15087891,-52.56618881
392.34161377,-54.52319336
392.53234863,-54.56971741
392.72308350,-58.33179092
392.91381836,-60.83919144
393.10455322,-59.82025146
393.29528809,-58.73795319
393.48602295,-55.01595306
393.67675781,-55.84530258
393.86749268,-57.63305283
394.05822754,-54.01727676
394.24896240,-53.63061523
394.43969727,-53.74117279
394.63043213,-55.21439362
394.82116699,-59.40619659
395.01190186,-57.61934280
395.20263672,-59.74265671
395.39337158,-71.14684296
395.58410645,-68.71613312
395.77484131,-62.56576157
395.96557617,-58.83647156
396.15631104,-62.88480377
396.34704590,-57.78335190
396.53778076,-58.37963104
396.72851562,-53.87847137
396.91925049,-53.10321426
397.10998535,-61.74831772
397.30072021,-58.44507599
397.49145508,-57.86105347
397.68218994,-56.10728836
397.87292480,-52.00862885
398.06365967,-56.61725998
398.25439453,-66.89167786
398.44512939,-63.78862762
398.63586426,-59.96057510
398.82659912,-61.05949020
399.01733398,-65.90895844
399.20806885,-62.53498077
399.39880371,-59.02442169
399.58953857,-57.24674606
399.78027344,-57.62363052
399.97100830,-61.87883759
400.16174316,-75.69715881
400.35247803,-72.27416229
400.54321289,-60.88701248
400.73394775,-53.59148026
400.92468262,-53.56981659
401.11541748,-58.69050980
401.30615234,-57.97498322
401.49688721,-59.36804962
401.68762207,-60.93893433
401.87835693,-68.68753815
402.06909180,-56.67965698
402.25982666,-58.35322571
402.45056152,-58.68214035
402.64129639,-54.99996948
402.83203125,-57.94215393
403.02276611,-57.92969513
403.21350098,-53.83735657
403.40423584,-53.53215790
403.59497070,-57.22855377
403.78570557,-61.26156235
403.97644043,-59.37157059
404.16717529,-61.33297348
404.35791016,-60.64214325
404.54864502,-60.74647903
404.73937988,-58.79209518
404.93011475,-58.85580063
405.12084961,-57.82119751
405.31158447,-60.24208450
405.50231934,-54.55316544
405.69305420,-53.96772385
405.88378906,-57.36993790
406.07452393,-61.70709229
406.26525879,-54.97200012
406.45599365,-57.05532074
406.64672852,-71.41471100
406.83746338,-61.16172028
407.02819824,-62.70344162
407.21893311,-61.62635803
407.40966797,-57.29574203
407.60040283,-55.00971222
407.79113770,-56.70639038
407.98187256,-59.66496277
408.17260742,-58.85734940
408.36334229,-64.30068207
408.55407715,-56.16326904
408.74481201,-57.53424835
408.93554688,-58.88172150
409.12628174,-56.34767532
409.31701660,-52.95034027
409.50775146,-49.99994659
409.69848633,-49.75071335
409.88922119,-50.99353409
410.07995605,-52.90773010
410.27069092,-59.88680267
410.46142578,-59.06325912
410.65216064,-67.84072113
410.84289551,-65.97840118
411.03363037,-56.56459045
411.22436523,-58.35401535
411.41510010,-53.28512573
411.60583496,-49.11186218
411.79656982,-52.07336807
411.98730469,-57.19745255
412.17803955,-61.22468948
412.36877441,-63.36537933
412.55950928,-62.28171921
412.75024414,-58.39067078
412.94097900,-59.06726456
413.13171387,-60.75978851
413.32244873,-51.57157135
413.51318359,-51.69315720
413.70391846,-55.18544769
413.89465332,-55.14242172
414.08538818,-54.31596375
414.27612305,-57.18814850
414.46685791,-57.15071869
414.65759277,-49.16614914
414.84832764,-53.55493164
415.03906250,-59.77998734
415.22979736,-52.75093842
415.42053223,-56.12974167
415.61126709,-58.70544434
415.80200195,-60.78050232
415.99273682,-66.53472137
416.18347168,-56.82450104
416.37420654,-53.83590317
416.56494141,-57.89697647
416.75567627,-66.64141846
416.94641113,-61.40248871
417.13714600,-54.36823273
417.32788086,-54.21661377
417.51861572,-60.07600784
417.70935059,-57.53868484
417.90008545,-63.61167145
418.09082031,-55.47821808
418.28155518,-50.35860062
418.47229004,-54.45854568
418.66302490,-71.99845886
418.85375977,-60.15237427
419.04449463,-62.32116318
419.23522949,-55.56457138
419.42596436,-52.83613586
419.61669922,-54.08004379
419.80743408,-52.75514221
419.99816895,-51.59518814
420.18890381,-54.84617615
420.37963867,-52.89904022
420.57037354,-55.60997772
420.76110840,-61.55016327
420.95184326,-62.14369965
421.14257812,-56.32727051
421.33331299,-57.70920181
421.52404785,-57.17663193
421.71478271,-56.36035538
421.90551758,-56.92705154
422.09625244,-57.93730927
422.28698730,-59.08292770
422.47772217,-60.11943817
422.66845703,-63.75930023
422.85919189,-61.30228043
423.04992676,-62.88549423
423.24066162,-59.33858871
423.43139648,-58.28892136
423.62213135,-59.76518631
423.81286621,-57.58012772
424.00360107,-57.16167450
424.19433594,-59.15256500
424.38507080,-54.54187012
424.57580566,-53.84110260
424.76654053,-62.43629074
424.95727539,-74.16405487
425.14801025,-62.19403076
425.33874512,-60.57772827
425.52947998,-63.09577560
425.72021484,-61.58483124
425.91094971,-66.83218384
426.10168457,-53.70334625
426.29241943,-50.54839325
426.48315430,-50.87868500
426.67388916,-49.35850525
426.86462402,-49.95161057
427.05535889,-52.87417603
427.24609375,-56.85131836
427.43682861,-58.40577698
427.62756348,-64.43061066
427.81829834,-65.87075806
428.00903320,-68.41164398
428.19976807,-58.77622223
428.39050293,-54.25959015
428.58123779,-52.58544922
428.77197266,-54.57586670
428.96270752,-60.70018005
429.15344238,-69.28898621
429.34417725,-63.70945740
429.53491211,-62.92084122
429.72564697,-63.07657623
429.91638184,-59.94964981
430.10711670,-55.14816284
430.29785156,-52.69667053
430.48858643,-58.16136932
430.67932129,-59.40815353
430.87005615,-55.70103073
431.06079102,-52.99267197
431.25152588,-51.69763565
431.44226074,-54.79651642
431.63299561,-60.76837921
431.82373047,-60.04752350
432.01446533,-55.10862350
432.20520020,-53.59594727
432.39593506,-58.14330292
432.58666992,-68.73674774
432.77740479,-60.62854767
432.96813965,-73.37118530
433.15887451,-56.14945221
433.34960938,-53.53071213
433.54034424,-55.74884033
433.73107910,-66.12725067
433.92181396,-65.86853027
434.11254883,-58.96619797
434.30328369,-57.70331573
434.49401855,-61.66422272
434.68475342,-70.60740662
434.87548828,-57.14322662
435.06622314,-56.25305176
435.25695801,-67.98074341
435.44769287,-53.93383789
435.63842773,-55.42125702
435.82916260,-55.34744263
436.01989746,-59.36273956
436.21063232,-62.88322830
436.40136719,-65.41166687
436.59210205,-55.94021606
436.78283691,-54.02999115
436.97357178,-56.77329636
437.16430664,-65.95480347
437.35504150,-67.55509949
437.54577637,-60.48337936
437.73651123,-67.76557922
437.92724609,-57.91839981
438.11798096,-53.30520630
438.30871582,-65.51741791
438.49945068,-56.58150482
438.69018555,-53.34551239
438.88092041,-55.78962708
439.07165527,-74.30577850
439.26239014,-57.85709763
439.45312500,-54.73774338
439.64385986,-54.68515778
439.83459473,-58.45586395
440.02532959,-58.31249619
440.21606445,-62.96764755
440.40679932,-62.96855927
440.59753418,-59.25565338
440.78826904,-62.10409546
440.97900391,-61.19287491
441.16973877,-59.28745270
441.36047363,-57.65287018
441.55120850,-57.62649918
441.74194336,-56.75493240
441.93267822,-54.74334717
442.12341309,-53.66601944
442.31414795,-55.31538010
442.50488281,-64.07504272
442.69561768,-59.03255844
442.88635254,-54.61705017
443.07708740,-58.98438263
443.26782227,-62.01408386
443.45855713,-60.46578979
443.64929199,-53.12953949
443.84002686,-52.49256897
444.03076172,-54.73924255
444.22149658,-53.50529480
444.41223145,-54.66796494
444.60296631,-54.17287445
444.79370117,-49.66689682
444.98443604,-50.12171173
445.17517090,-57.01078415
445.36590576,-55.49597931
445.55664062,-57.03907776
445.74737549,-60.93809509
445.93811035,-55.02241135
446.12884521,-58.46112061
446.31958008,-77.25294495
446.51031494,-64.18680573
446.70104980,-59.38930511
446.89178467,-57.05162048
447.08251953,-57.05064774
447.27325439,-59.21515656
447.46398926,-61.18493652
447.65472412,-62.20975494
447.84545898,-58.74626541
448.03619385,-60.65140533
448.22692871,-56.36829376
448.41766357,-62.14645767
448.60839844,-56.76820374
448.79913330,-53.33924103
448.98986816,-58.54822540
449.18060303,-56.67697144
449.37133789,-54.08923721
449.56207275,-58.17301178
449.75280762,-66.01246643
449.94354248,-62.21249008
450.13427734,-62.02873993
450.32501221,-69.28430176
450.51574707,-60.95405197
450.70648193,-70.35639954
450.89721680,-76.33189392
451.08795166,-59.61834335
451.27868652,-62.50310898
451.46942139,-60.17902756
451.66015625,-61.61674118
451.85089111,-62.42133713
452.04162598,-65.54898834
452.23236084,-70.74266815
452.42309570,-65.98715973
452.61383057,-58.40293884
452.80456543,-58.12796783
452.99530029,-58.38217926
453.18603516,-61.30112457
453.37677002,-61.54567337
453.56750488,-59.75416565
453.75823975,-61.86392975
453.94897461,-60.73858261
454.13970947,-59.17157745
454.33044434,-51.04589844
454.52117920,-47.15393448
454.71191406,-49.00488281
454.90264893,-64.07654572
455.09338379,-59.96097183
455.28411865,-62.55800247
455.47485352,-63.43151855
455.66558838,-57.66356659
455.85632324,-57.06550598
456.04705811,-61.54068756
456.23779297,-68.72898102
456.42852783,-60.67191696
456.61926270,-62.56916046
456.80999756,-60.13898468
457.00073242,-55.36417007
457.19146729,-54.62619400
457.38220215,-56.88072586
457.57293701,-69.27368164
457.76367188,-61.18808746
457.95440674,-55.65570831
458.14514160,-55.05822754
458.33587646,-60.68969727
458.52661133,-54.21536255
458.71734619,-49.56067657
458.90808105,-51.49905396
459.09881592,-59.78227997
459.28955078,-57.07138062
459.48028564,-54.47467804
459.67102051,-53.31145859
459.86175537,-51.28831482
460.05249023,-51.34507751
460.24322510,-50.87780762
460.43395996,-49.98511505
460.62469482,-54.13455582
460.81542969,-63.63016510
461.00616455,-67.75457764
461.19689941,-59.71636963
461.38763428,-62.70228958
461.57836914,-61.28143311
461.76910400,-59.14878082
461.95983887,-55.82328415
462.15057373,-53.16908264
462.34130859,-56.21995544
462.53204346,-58.38848495
462.72277832,-52.42422485
462.91351318,-52.40359879
463.10424805,-55.98228073
463.29498291,-59.16810608
463.48571777,-55.13574982
463.67645264,-55.09305573
463.86718750,-58.39220428
464.05792236,-57.31514359
464.24865723,-58.27062607
464.43939209,-59.68289948
464.63012695,-60.80070114
464.82086182,-62.03825378
465.01159668,-62.19476700
465.20233154,-65.19052887
465.39306641,-58.66072083
465.58380127,-53.54453278
465.77453613,-51.93935776
465.96527100,-52.20534515
466.15600586,-51.93573761
466.34674072,-54.02239227
466.53747559,-58.23044205
466.72821045,-62.56359100
466.91894531,-68.14585876
467.10968018,-61.50787735
467.30041504,-55.95291901
467.49114990,-53.61175919
467.68188477,-55.99186707
467.87261963,-64.17731476
468.06335449,-69.99388123
468.25408936,-64.41028595
468.44482422,-61.69502258
468.63555908,-64.68246460
468.82629395,-60.43559647
469.01702881,-55.54318237
469.20776367,-54.11819077
469.39849854,-52.72872162
469.58923340,-56.37310028
469.77996826,-56.83514023
469.97070312,-57.26608658
470.16143799,-65.42438507
470.35217285,-61.39854431
470.54290771,-56.85958099
470.73364258,-50.25623322
470.92437744,-50.03761292
471.11511230,-54.37333679
471.30584717,-65.19003296
471.49658203,-60.85287094
471.68731689,-57.13833237
471.87805176,-55.74285507
472.06878662,-60.07873154
472.25952148,-67.90927124
472.45025635,-66.61690521
472.64099121,-58.00532532
472.83172607,-53.85974121
473.02246094,-54.04087830
473.21319580,-55.56747055
473.40393066,-59.61233139
473.59466553,-62.02927017
473.78540039,-61.19930267
473.97613525,-58.43851471
474.16687012,-53.43876648
474.35760498,-53.28857803
474.54833984,-60.04372406
474.73907471,-67.50856781
474.92980957,-61.09123230
475.12054443,-59.51362991
475.31127930,-66.88277435
475.50201416,-53.27701187
475.69274902,-52.33640289
475.88348389,-57.12842941
476.07421875,-58.61992645
476.26495361,-57.67364883
476.45568848,-52.73014450
476.64642334,-53.55013275
476.83715820,-57.96133423
477.02789307,-58.54331589
477.21862793,-59.37350464
477.40936279,-59.51336288
477.60009766,-57.81830215
477.79083252,-59.64069748
477.98156738,-73.02788544
478.17230225,-54.21617889
478.36303711,-51.64049149
478.55377197,-51.37821198
478.74450684,-51.94949341
478.93524170,-54.51127625
479.12597656,-61.56447983
479.31671143,-70.48008728
479.50744629,-65.13298798
479.69818115,-67.48387146
479.88891602,-61.02922058
480.07965088,-57.06129456
480.27038574,-55.58450699
480.46112061,-54.43132401
480.65185547,-54.42095184
480.84259033,-58.96978760
481.03332520,-65.14576721
481.22406006,-59.57948685
481.41479492,-64.50562286
481.60552979,-57.59476471
481.79626465,-51.36380768
481.98699951,-51.14402008
482.17773438,-53.96023178
482.36846924,-54.99142456
482.55920410,-58.00212479
482.74993896,-69.91322327
482.94067383,-66.69911194
483.13140869,-63.66496277
483.32214355,-60.31262970
483.51287842,-54.86632919
483.70361328,-52.57328415
483.89434814,-53.93242264
484.08508301,-54.97499847
484.27581787,-53.78407288
484.46655273,-50.65346146
484.65728760,-51.27214432
484.84802246,-61.21544266
485.03875732,-56.57631683
485.22949219,-59.94754410
485.42022705,-59.03716660
485.61096191,-51.43655777
485.80169678,-52.45749664
485.99243164,-60.77735138
486.18316650,-56.35663605
486.37390137,-53.29759598
486.56463623,-54.17170715
486.75537109,-56.43457794
486.94610596,-56.27140427
487.13684082,-58.90580750
487.32757568,-62.80820847
487.51831055,-59.11497116
487.70904541,-55.59007645
487.89978027,-54.22647095
488.09051514,-56.64073944
488.28125000,-68.50881195
488.47198486,-65.39428711
488.66271973,-64.60457611
488.85345459,-63.21744537
489.04418945,-58.95814514
489.23492432,-59.93460846
489.42565918,-65.99429321
489.61639404,-56.99487305
489.80712891,-54.05158234
489.99786377,-50.97515106
490.18859863,-54.80559540
490.37933350,-58.65506744
490.57006836,-53.35420227
490.76080322,-55.73862076
490.95153809,-62.00164413
491.14227295,-62.14113617
491.33300781,-61.08274841
491.52374268,-59.11754608
491.71447754,-62.22998047
491.90521240,-59.99731445
492.09594727,-57.18495178
492.28668213,-54.44300079
492.47741699,-55.04832458
492.66815186,-54.78903198
492.85888672,-50.22071838
493.04962158,-49.08208466
493.24035645,-56.52706528
493.43109131,-54.20764923
493.62182617,-49.03324890
493.81256104,-49.05609894
494.00329590,-51.38206100
494.19403076,-56.87610626
494.38476562,-67.99161530
494.57550049,-55.72940826
494.76623535,-59.10725021
494.95697021,-68.00872803
495.14770508,-61.26344681
495.33843994,-57.41599274
495.52917480,-55.06973267
495.71990967,-61.55457306
495.91064453,-52.68302155
496.10137939,-50.28533936
496.29211426,-51.13201904
496.48284912,-52.90430069
496.67358398,-56.92475128
496.86431885,-56.63612747
497.05505371,-55.60820007
497.24578857,-74.54606628
497.43652344,-57.70063019
497.62725830,-56.43750000
497.81799316,-57.46070862
498.00872803,-61.94686890
498.19946289,-57.83855820
498.39019775,-56.18595505
498.58093262,-58.49513626
498.77166748,-62.28824615
498.96240234,-64.93508148
499.15313721,-65.58766174
499.34387207,-61.72170258
499.53460693,-62.99468613
499.72534180,-57.20615387
499.91607666,-52.11199951
500.10681152,-54.00296783
500.29754639,-63.04400635
500.48828125,-72.42455292
500.67901611,-67.53781128
500.86975098,-57.95035553
501.06048584,-54.53829193
501.25122070,-57.96332550
501.44195557,-56.82891846
501.63269043,-56.94263840
501.82342529,-60.89748001
502.01416016,-57.79245758
502.20489502,-62.15802002
502.39562988,-62.71978378
502.58636475,-73.99773407
502.77709961,-60.15880203
502.96783447,-56.71844864
503.15856934,-58.56786728
503.34930420,-60.09687042
503.54003906,-54.36220169
503.73077393,-54.56496811
503.92150879,-57.65304565
504.11224365,-52.16954041
504.30297852,-55.83112335
504.49371338,-61.53900528
504.68444824,-58.22039032
504.87518311,-62.72373962
505.06591797,-62.99811935
505.25665283,-64.28607178
505.44738770,-67.53053284
505.63812256,-61.43951035
505.82885742,-51.30984497
506.01959229,-52.02854538
506.21032715,-56.11087418
506.40106201,-57.14671326
506.59179688,-75.35629272
506.78253174,-58.41188812
506.97326660,-55.73837280
507.16400146,-54.18269730
507.35473633,-54.65275192
507.54547119,-61.32190704
507.73620605,-68.21211243
507.92694092,-69.82106781
508.11767578,-63.85929489
508.30841064,-60.95154572
508.49914551,-55.90869904
508.68988037,-56.27221680
508.88061523,-61.14424896
509.07135010,-65.72548676
509.26208496,-65.01558685
509.45281982,-56.05265045
509.64355469,-53.31820679
509.83428955,-58.83119965
510.02502441,-58.57468033
510.21575928,-56.43655777
510.40649414,-57.24987793
510.59722900,-57.20548630
510.78796387,-56.47822571
510.97869873,-55.58655167
511.16943359,-57.08349609
511.36016846,-61.43495178
511.55090332,-66.41069031
511.74163818,-54.15740204
511.93237305,-52.41267395
512.12310791,-60.06851578
512.31384277,-61.81633759
512.50457764,-63.91601944
512.69531250,-58.78426361
512.88604736,-60.33713913
513.07678223,-60.26379013
513.26751709,-58.37299347
513.45825195,-56.63179398
513.64898682,-59.65026093
513.83972168,-79.17671204
514.03045654,-60.65747070
514.22119141,-53.28013992
514.41192627,-56.06165314
514.60266113,-65.18096924
514.79339600,-66.12769318
514.98413086,-62.99829865
515.17486572,-57.96342850
515.36560059,-58.95317078
515.55633545,-52.16578674
515.74707031,-51.74114227
515.93780518,-56.94092560
516.12854004,-56.49221039
516.31927490,-64.51635742
516.51000977,-58.10066223
516.70074463,-55.34329224
516.89147949,-55.75936890
517.08221436,-58.25828934
517.27294922,-59.43740845
517.46368408,-61.98965454
517.65441895,-56.84605408
517.84515381,-61.10425568
518.03588867,-60.83890533
518.22662354,-55.34061050
518.41735840,-58.26457977
518.60809326,-62.75036621
518.79882812,-56.99425125
518.98956299,-58.01951599
519.18029785,-57.35479355
519.37103271,-54.10591888
519.56176758,-52.64145279
519.75250244,-53.21484375
519.94323730,-53.47538757
520.13397217,-53.23534393
520.32470703,-57.61358261
520.51544189,-55.46224213
520.70617676,-50.41237259
520.89691162,-52.74715042
521.08764648,-63.06219101
521.27838135,-51.91531372
521.46911621,-51.02518082
521.65985107,-56.94438171
521.85058594,-69.91459656
522.04132080,-58.77278900
522.23205566,-55.63160706
522.42279053,-56.26472092
522.61352539,-64.00869751
522.80426025,-56.94674683
522.99499512,-60.49696350
523.18572998,-66.27378845
523.37646484,-64.35279846
523.56719971,-64.43284607
523.75793457,-55.97650909
523.94866943,-53.43873978
524.13940430,-51.24346161
524.33013916,-51.12893677
524.52087402,-68.10353851
524.71160889,-54.19757462
524.90234375,-55.35645294
525.09307861,-60.00523376
525.28381348,-56.52412033
525.47454834,-53.28359222
525.66528320,-71.56721497
525.85601807,-52.26869965
526.04675293,-50.77881241
526.23748779,-54.13078690
526.42822266,-62.35607910
526.61895752,-55.38330460
526.80969238,-51.81629944
527.00042725,-55.54895020
527.19116211,-58.54354095
527.38189697,-56.83167267
527.57263184,-60.67800903
527.76336670,-57.91275787
527.95410156,-63.58541107
528.14483643,-61.35313034
528.33557129,-56.04928589
528.52630615,-62.06982422
528.71704102,-51.89381027
528.90777588,-50.52471161
529.09851074,-56.24964905
529.28924561,-68.95023346
529.47998047,-69.83203888
529.67071533,-63.40872955
529.86145020,-54.78640747
530.05218506,-56.26804352
530.24291992,-62.55644989
530.43365479,-60.21426392
530.62438965,-62.15078354
530.81512451,-58.58329010
531.00585938,-56.26657486
531.19659424,-60.73749161
531.38732910,-66.26156616
531.57806396,-55.90824127
531.76879883,-53.97857285
531.95953369,-55.73664093
532.15026855,-59.30514526
532.34100342,-68.65871429
532.53173828,-57.04056549
532.72247314,-56.07678223
532.91320801,-58.05204391
533.10394287,-57.27882767
533.29467773,-56.24099350
533.48541260,-61.39567947
533.67614746,-73.04244232
533.86688232,-64.92120361
534.05761719,-60.27397156
534.24835205,-61.52395248
534.43908691,-73.45227814
534.62982178,-60.62720871
534.82055664,-59.82290649
535.01129150,-57.78862762
535.20202637,-54.28141785
535.39276123,-56.49591446
535.58349609,-72.14611053
535.77423096,-64.63781738
535.96496582,-61.07152939
536.15570068,-55.34305191
536.34643555,-56.59982300
536.53717041,-59.98969269
536.72790527,-60.50548172
536.91864014,-60.56089783
537.10937500,-60.74175262
537.30010986,-57.06363297
537.49084473,-53.26713562
537.68157959,-52.74787903
537.87231445,-50.51401138
538.06304932,-50.48873520
538.25378418,-57.71144867
538.44451904,-87.09957123
538.63525391,-65.25471497
538.82598877,-59.57005310
539.01672363,-61.72391510
539.20745850,-62.54549026
539.39819336,-57.86865997
539.58892822,-56.64237213
539.77966309,-58.37551498
539.97039795,-60.46212006
540.16113281,-55.38079834
540.35186768,-53.86121368
540.54260254,-58.75085449
540.73333740,-77.55175781
540.92407227,-58.39614868
541.11480713,-60.80024719
541.30554199,-66.32319641
541.49627686,-58.55020905
541.68701172,-57.80562592
541.87774658,-59.83424377
542.06848145,-63.59965897
542.25921631,-52.21410370
542.44995117,-49.97195816
542.64068604,-57.69224167
542.83142090,-62.53010559
543.02215576,-56.66010284
543.21289062,-53.58158875
543.40362549,-51.34629822
543.59436035,-51.58911896
543.78509521,-53.84941864
543.97583008,-54.29405975
544.16656494,-52.05266953
544.35729980,-53.55878448
544.54803467,-59.50090027
544.73876953,-60.98331070
544.92950439,-57.27581024
545.12023926,-57.66461945
545.31097412,-58.89957047
545.50170898,-56.16088104
545.69244385,-58.68959427
545.88317871,-61.79444122
546.07391357,-64.09384155
546.26464844,-60.35139084
546.45538330,-54.88144684
546.64611816,-52.08292389
546.83685303,-55.38354874
547.02758789,-57.98345566
547.21832275,-49.10942078
547.40905762,-50.28763199
547.59979248,-62.70474243
547.79052734,-60.17324448
547.98126221,-53.92601395
548.17199707,-49.02935791
548.36273193,-47.36650848
548.55346680,-47.95078659
548.74420166,-53.68363190
548.93493652,-73.53470612
549.12567139,-60.30562973
549.31640625,-57.54722977
549.50714111,-51.33741379
549.69787598,-49.01601410
549.88861084,-48.95112991
550.07934570,-51.81343460
550.27008057,-56.64448547
550.46081543,-61.03328323
550.65155029,-62.19728088
550.84228516,-58.63240814
551.03302002,-65.28285217
551.22375488,-55.65822601
551.41448975,-54.35770416
551.60522461,-55.20851517
551.79595947,-57.74442673
551.98669434,-63.10443115
552.17742920,-67.72836304
552.36816406,-64.28553009
552.55889893,-64.99177551
552.74963379,-61.71535873
552.94036865,-77.21421051
553.13110352,-60.89426041
553.32183838,-59.43520355
553.51257324,-56.51492310
553.70330811,-53.51531601
553.89404297,-52.79663467
554.08477783,-56.59662247
554.27551270,-63.64496231
554.46624756,-57.34975815
554.65698242,-51.65956116
554.84771729,-51.43062210
555.03845215,-58.64480591
555.22918701,-57.66812134
555.41992188,-52.25677872
555.61065674,-50.86292267
555.80139160,-52.29808044
555.99212646,-55.09504700
556.18286133,-57.18355560
556.37359619,-55.57481766
556.56433105,-56.51789093
556.75506592,-61.80142975
556.94580078,-63.68170166
557.13653564,-55.89508438
557.32727051,-57.84338379
557.51800537,-60.65987015
557.70874023,-60.84682465
557.89947510,-62.50029755
558.09020996,-70.20365143
558.28094482,-64.34535217
558.47167969,-57.15171814
558.66241455,-54.89863968
558.85314941,-61.86061096
559.04388428,-60.24774170
559.23461914,-57.42225266
559.42535400,-60.14131546
559.61608887,-59.18910980
559.80682373,-57.78098297
559.99755859,-59.36056519
560.18829346,-57.29065323
560.37902832,-53.52217865
560.56976318,-51.92142487
560.76049805,-56.77074051
560.95123291,-64.17550659
561.14196777,-55.97096252
561.33270264,-52.31741333
561.52343750,-53.44971466
561.71417236,-60.19529343
561.90490723,-64.43352509
562.09564209,-60.62677383
562.28637695,-56.12841797
562.47711182,-59.39220428
562.66784668,-60.62622833
562.85858154,-62.36294556
563.04931641,-62.23201752
563.24005127,-57.34582520
563.43078613,-55.45220184
563.62152100,-55.25598907
563.81225586,-59.86274338
564.00299072,-62.42948151
564.19372559,-55.11471176
564.38446045,-52.91674042
564.57519531,-50.94743347
564.76593018,-52.54521942
564.95666504,-55.22215271
565.14739990,-59.66338730
565.33813477,-70.81352234
565.52886963,-62.52214432
565.71960449,-57.35466766
565.91033936,-56.89262390
566.10107422,-70.12406158
566.29180908,-61.56731415
566.48254395,-62.07599258
566.67327881,-59.93110275
566.86401367,-54.94139862
567.05474854,-52.92772675
567.24548340,-54.87310791
567.43621826,-58.94913483
567.62695312,-67.25481415
567.81768799,-76.86927795
568.00842285,-66.43523407
568.19915771,-63.98668671
568.38989258,-59.74763489
568.58062744,-56.41690063
568.77136230,-60.43262482
568.96209717,-59.56533051
569.15283203,-52.05467987
569.34356689,-54.64661407
569.53430176,-70.83966064
569.72503662,-59.88334274
569.91577148,-58.70892334
570.10650635,-55.74874878
570.29724121,-52.96413040
570.48797607,-54.33555222
570.67871094,-57.63220978
570.86944580,-50.38249207
571.06018066,-51.99617386
571.25091553,-56.51838684
571.44165039,-51.74750900
571.63238525,-49.59983826
571.82312012,-50.32699585
572.01385498,-54.63750458
572.20458984,-65.09232330
572.39532471,-64.67474365
572.58605957,-73.31334686
572.77679443,-56.05943298
572.96752930,-51.02367401
573.15826416,-50.89666367
573.34899902,-53.78079987
573.53973389,-50.89572906
573.73046875,-51.01666260
573.92120361,-54.05252838
574.11193848,-58.13805008
574.30267334,-69.08879089
574.49340820,-58.37208557
574.68414307,-52.96853638
574.87487793,-58.69129944
575.06561279,-62.63885117
575.25634766,-62.08871460
575.44708252,-59.22627258
575.63781738,-54.96872330
575.82855225,-56.64777756
576.01928711,-62.73415375
576.21002197,-61.08383560
576.40075684,-62.31689072
576.59149170,-75.49907684
576.78222656,-59.69387817
576.97296143,-57.51174927
577.16369629,-58.35869598
577.35443115,-57.68679047
577.54516602,-52.65308380
577.73590088,-49.06242752
577.92663574,-49.20856094
578.11737061,-55.13179398
578.30810547,-52.78121567
578.49884033,-53.32928467
578.68957520,-73.21709442
578.88031006,-58.81830215
579.07104492,-53.29983139
579.26177979,-52.55054092
579.45251465,-53.22676086
579.64324951,-52.93368912
579.83398438,-52.75017548
580.02471924,-55.29076004
580.21545410,-64.60501099
580.40618896,-63.21532822
580.59692383,-73.33906555
580.78765869,-58.33133316
580.97839355,-52.09878922
581.16912842,-49.82734299
581.35986328,-50.92821121
581.55059814,-54.50539017
581.74133301,-55.75833130
581.93206787,-53.35409164
582.12280273,-52.88024902
582.31353760,-56.90222168
582.50427246,-51.70678711
582.69500732,-50.82167816
582.88574219,-56.43663025
583.07647705,-69.89643097
583.26721191,-70.28719330
583.45794678,-69.02252197
583.64868164,-57.67113495
583.83941650,-54.25084686
584.03015137,-54.33603668
584.22088623,-51.65251923
584.41162109,-50.81890869
584.60235596,-54.99851990
584.79309082,-63.24406052
584.98382568,-50.97022629
585.17456055,-50.79295731
585.36529541,-55.40547943
585.55603027,-57.91791534
585.74676514,-58.20736313
585.93750000,-60.60409546
586.12823486,-62.61201477
586.31896973,-56.52797699
586.50970459,-50.08980560
586.70043945,-50.90859222
586.89117432,-57.09859467
587.08190918,-60.23201752
587.27264404,-61.23137665
587.46337891,-63.28713989
587.65411377,-68.22691345
587.84484863,-63.67285919
588.03558350,-58.20198822
588.22631836,-54.60842514
588.41705322,-53.97433853
588.60778809,-56.69085693
588.79852295,-60.03496552
588.98925781,-58.69827271
589.17999268,-55.64911652
589.37072754,-54.47326279
589.56146240,-57.41382217
589.75219727,-65.42459106
589.94293213,-68.11804199
590.13366699,-60.34196854
590.32440186,-59.00245667
590.51513672,-64.42528534
590.70587158,-61.88735580
590.89660645,-62.75703430
591.08734131,-58.90668869
591.27807617,-53.84947205
591.46881104,-50.43357849
591.65954590,-49.41867828
591.85028076,-53.44952393
592.04101562,-62.28629684
592.23175049,-56.64897537
592.42248535,-54.27868271
592.61322021,-53.51789474
592.80395508,-54.94235229
592.99468994,-59.47055435
593.18542480,-57.78966904
593.37615967,-53.54880524
593.56689453,-50.86606979
593.75762939,-52.92725372
593.94836426,-63.36900711
594.13909912,-52.35968018
594.32983398,-53.54801178
594.52056885,-64.65512848
594.71130371,-62.34654999
594.90203857,-72.82958221
595.09277344,-65.94147491
595.28350830,-61.95415878
595.47424316,-53.17208862
595.66497803,-56.75164032
595.85571289,-71.86785126
596.04644775,-59.93608856
596.23718262,-55.65141678
596.42791748,-53.27214813
596.61865234,-51.88302994
596.80938721,-50.60482025
597.00012207,-56.62917328
597.19085693,-76.70996094
597.38159180,-62.74465942
597.57232666,-68.16508484
597.76306152,-64.30651855
597.95379639,-69.66080475
598.14453125,-70.28160858
598.33526611,-59.73269653
598.52600098,-60.41473389
598.71673584,-61.68428802
598.90747070,-57.62686157
599.09820557,-66.81063843
599.28894043,-54.54828644
599.47967529,-48.44600296
599.67041016,-47.89402390
599.86114502,-50.49954224
600.05187988,-52.54747391
600.24261475,-55.66033173
600.43334961,-60.13772964
600.62408447,-59.57271576
600.81481934,-57.41177368
601.00555420,-58.01963425
601.19628906,-61.17235184
601.38702393,-61.51115417
601.57775879,-69.09516907
601.76849365,-64.55635834
601.95922852,-57.21094513
602.14996338,-56.07583618
602.34069824,-69.46404266
602.53143311,-55.23167419
602.72216797,-51.67142487
602.91290283,-53.37402725
603.10363770,-53.57474518
603.29437256,-51.58670044
603.48510742,-51.42607880
603.67584229,-55.62068176
603.86657715,-61.17643738
604.05731201,-56.87911224
604.24804688,-60.03549957
604.43878174,-57.93958664
604.62951660,-51.87298584
604.82025146,-53.99375916
605.01098633,-55.78093719
605.20172119,-50.51532745
605.39245605,-52.71785736
605.58319092,-73.16656494
605.77392578,-61.29230499
605.96466064,-56.76983261
606.15539551,-57.11714172
606.34613037,-60.92187500
606.53686523,-57.08343506
606.72760010,-53.25681686
606.91833496,-53.68653107
607.10906982,-55.96997833
607.29980469,-57.84919739
607.49053955,-57.99116135
607.68127441,-57.37545776
607.87200928,-62.36209106
608.06274414,-54.74458313
608.25347900,-53.85589218
608.44421387,-65.46737671
608.63494873,-59.36160278
608.82568359,-60.00501633
609.01641846,-61.53108597
609.20715332,-58.24840546
609.39788818,-59.44395447
609.58862305,-62.74492264
609.77935791,-60.24488831
609.97009277,-55.33849335
610.16082764,-54.93936920
610.35156250,-61.51446915
610.54229736,-58.77399063
610.73303223,-55.03730011
610.92376709,-56.60104370
611.11450195,-65.87340546
611.30523682,-62.98292160
611.49597168,-59.67400360
611.68670654,-58.96154785
611.87744141,-84.50859070
612.06817627,-59.70607758
612.25891113,-58.57619858
612.44964600,-59.17022705
612.64038086,-53.91787720
612.83111572,-52.70843887
613.02185059,-56.54356384
613.21258545,-66.99150085
613.40332031,-53.50401306
613.59405518,-52.97937775
613.78479004,-59.55867004
613.97552490,-67.43437958
614.16625977,-54.39470673
614.35699463,-52.94841766
614.54772949,-60.68765259
614.73846436,-64.72023773
614.92919922,-59.25978088
615.11993408,-56.06935120
615.31066895,-52.12858582
615.50140381,-52.36931610
615.69213867,-53.82072830
615.88287354,-54.91220856
616.07360840,-57.66839600
616.26434326,-73.85247040
616.45507812,-57.02461624
616.64581299,-53.60029602
616.83654785,-56.66212082
617.02728271,-58.95103836
617.21801758,-58.32263947
617.40875244,-56.90242767
617.59948730,-57.40338898
617.79022217,-59.51206970
617.98095703,-58.45247650
618.17169189,-52.55268860
618.36242676,-53.17423248
618.55316162,-56.08603668
618.74389648,-57.05916595
618.93463135,-61.58882523
619.12536621,-60.16323090
619.31610107,-61.74768066
619.50683594,-56.67981720
619.69757080,-54.51866531
619.88830566,-57.28803253
620.07904053,-62.36343002
620.26977539,-65.10218811
620.46051025,-60.59796906
620.65124512,-60.86101913
620.84197998,-68.81822205
621.03271484,-54.29027557
621.22344971,-50.05161285
621.41418457,-49.34057617
621.60491943,-52.86551666
621.79565430,-64.24971771
621.98638916,-64.94033051
622.17712402,-58.23469543
622.36785889,-54.65770721
622.55859375,-52.59304047
622.74932861,-55.64606476
622.94006348,-58.98397827
623.13079834,-53.80983353
623.32153320,-57.38654327
623.51226807,-53.98955536
623.70300293,-51.03750229
623.89373779,-51.78865814
624.08447266,-55.46585846
624.27520752,-67.06469727
624.46594238,-79.48979950
624.65667725,-64.90457916
624.84741211,-58.24856186
625.03814697,-61.20961761
625.22888184,-61.19011307
625.41961670,-60.40656281
625.61035156,-55.69340134
625.80108643,-54.29371262
625.99182129,-56.84628296
626.18255615,-54.73111725
626.37329102,-54.23025513
626.56402588,-56.35547638
626.75476074,-59.09824371
626.94549561,-55.95014954
627.13623047,-53.47776413
627.32696533,-58.10690308
627.51770020,-62.89385986
627.70843506,-54.99387741
627.89916992,-54.94226837
628.08990479,-52.90545654
628.28063965,-51.30993271
628.47137451,-54.04523849
628.66210938,-59.91954803
628.85284424,-69.49466705
629.04357910,-66.33053589
629.23431396,-58.32083130
629.42504883,-56.16178894
629.61578369,-53.78446579
629.80651855,-54.27447891
629.99725342,-54.34028244
630.18798828,-57.35496521
630.37872314,-64.80349731
630.56945801,-72.10971069
630.76019287,-74.04994202
630.95092773,-60.57501221
631.14166260,-55.20557404
631.33239746,-58.29073334
631.52313232,-56.94341278
631.71386719,-52.42574692
631.90460205,-54.53998566
632.09533691,-58.24838638
632.28607178,-61.96099854
632.47680664,-60.83277130
632.66754150,-61.25306702
632.85827637,-57.19551086
633.04901123,-59.31689453
633.23974609,-59.45884705
633.43048096,-56.31007767
633.62121582,-52.77942276
633.81195068,-52.58303070
634.00268555,-64.68206787
634.19342041,-64.96322632
634.38415527,-58.91176605
634.57489014,-58.16423798
634.76562500,-60.03456116
634.95635986,-63.01377869
635.14709473,-68.23687744
635.33782959,-59.29150009
635.52856445,-57.98202896
635.71929932,-54.45404434
635.91003418,-51.83125305
636.10076904,-54.00168991
636.29150391,-68.55177307
636.48223877,-58.63164902
636.67297363,-56.14672852
636.86370850,-60.28819275
637.05444336,-55.05116272
637.24517822,-55.00050354
637.43591309,-61.87384796
637.62664795,-57.29508209
637.81738281,-56.54039383
638.00811768,-61.36140442
638.19885254,-56.22402573
638.38958740,-55.59234619
638.58032227,-59.68535995
638.77105713,-57.16780853
638.96179199,-62.70952606
639.15252686,-54.77089310
639.34326172,-58.48988342
639.53399658,-68.55599976
639.72473145,-62.89644623
639.91546631,-61.22509003
640.10620117,-62.59638977
640.29693604,-57.07048416
640.48767090,-52.03272247
640.67840576,-54.24315643
640.86914062,-66.38009644
641.05987549,-58.37618256
641.25061035,-56.45301437
641.44134521,-52.96347809
641.63208008,-52.58713531
641.82281494,-52.62621307
642.01354980,-55.22156525
642.20428467,-62.77204514
642.39501953,-59.84407425
642.58575439,-56.60786057
642.77648926,-52.14136124
642.96722412,-52.95263290
643.15795898,-54.70645523
643.34869385,-56.24235535
643.53942871,-56.52477264
643.73016357,-60.44333649
643.92089844,-69.04161072
644.11163330,-67.89544678
644.30236816,-58.26206589
644.49310303,-55.82097626
644.68383789,-60.51017380
644.87457275,-54.84377289
645.06530762,-52.16082001
645.25604248,-55.47908401
645.44677734,-56.46356583
645.63751221,-65.02616119
645.82824707,-54.17946625
646.01898193,-53.89888000
646.20971680,-56.68639755
646.40045166,-58.48461914
646.59118652,-62.43910980
646.78192139,-60.88018799
646.97265625,-55.48246765
647.16339111,-56.53312683
647.35412598,-56.77507019
647.54486084,-56.03910065
647.73559570,-61.28990173
647.92633057,-57.95101166
648.11706543,-53.24845886
648.30780029,-51.15377426
648.49853516,-51.32876968
648.68927002,-56.14295959
648.88000488,-52.90073395
649.07073975,-50.62044144
649.26147461,-52.33889771
649.45220947,-53.96836090
649.64294434,-55.71872330
649.83367920,-59.59446716
650.02441406,-58.36193466
650.21514893,-59.55184174
650.40588379,-60.69528580
650.59661865,-55.12161255
650.78735352,-54.40702438
650.97808838,-55.95653915
651.16882324,-57.33300781
651.35955811,-54.04353333
651.55029297,-56.62273407
651.74102783,-61.42071533
651.93176270,-51.68912506
652.12249756,-49.42269897
652.31323242,-50.53604507
652.50396729,-53.09955978
652.69470215,-54.73136902
652.88543701,-55.67771912
653.07617188,-63.55498886
653.26690674,-58.35138321
653.45764160,-55.90473175
653.64837646,-59.15906525
653.83911133,-62.38416672
654.02984619,-58.32893372
654.22058105,-55.14759064
654.41131592,-64.13498688
654.60205078,-66.49056244
654.79278564,-54.22591782
654.98352051,-54.38470840
655.17425537,-57.74129486
655.36499023,-59.19474030
655.55572510,-64.92585754
655.74645996,-62.26971054
655.93719482,-61.20769501
656.12792969,-81.71559143
656.31866455,-58.20946503
656.50939941,-58.71872711
656.70013428,-63.43960190
656.89086914,-59.24990845
657.08160400,-57.08766937
657.27233887,-64.07421112
657.46307373,-56.22798920
657.65380859,-56.79099655
657.84454346,-71.25725555
658.03527832,-59.43090439
658.22601318,-64.69849396
658.41674805,-63.97380447
658.60748291,-55.66821289
658.79821777,-53.22637177
658.98895264,-53.28987503
659.17968750,-51.94522858
659.37042236,-49.71240234
659.56115723,-50.64576721
659.75189209,-53.76528931
659.94262695,-58.12656403
660.13336182,-63.32228851
660.32409668,-55.88380432
660.51483154,-53.74569702
660.70556641,-57.88236618
660.89630127,-60.51462555
661.08703613,-78.91315460
661.27777100,-65.24241638
661.46850586,-69.29831696
661.65924072,-60.89165497
661.84997559,-61.13179779
662.04071045,-55.71548080
662.23144531,-53.12593460
662.42218018,-54.48578262
662.61291504,-66.09596252
662.80364990,-59.39312363
662.99438477,-57.30913544
663.18511963,-59.02298737
663.37585449,-61.93223572
663.56658936,-68.51067352
663.75732422,-62.35094452
663.94805908,-60.13633347
664.13879395,-70.32972717
664.32952881,-53.01791763
664.52026367,-50.92955780
664.71099854,-54.60231781
664.90173340,-56.58081818
665.09246826,-56.45804977
665.28320312,-66.24901581
665.47393799,-64.84354401
665.66467285,-59.39368439
665.85540771,-58.65583420
666.04614258,-55.89847565
666.23687744,-57.24426270
666.42761230,-61.88818359
666.61834717,-59.92458344
666.80908203,-63.07585144
666.99981689,-62.08616638
667.19055176,-59.65883636
667.38128662,-57.39006805
667.57202148,-51.96746063
667.76275635,-51.96059799
667.95349121,-56.79463959
668.14422607,-69.97702026
668.33496094,-56.95768356
668.52569580,-51.82550049
668.71643066,-51.16642380
668.90716553,-54.04002380
669.09790039,-54.78834534
669.28863525,-54.11597443
669.47937012,-56.55960846
669.67010498,-64.49879456
669.86083984,-62.94162750
670.05157471,-59.27020645
670.24230957,-60.03287506
670.43304443,-55.25234985
670.62377930,-59.08705139
670.81451416,-57.99236679
671.00524902,-52.79621887
671.19598389,-55.47968292
671.38671875,-55.96181488
671.57745361,-58.01358032
671.76818848,-62.06186676
671.95892334,-62.38367462
672.14965820,-56.66471100
672.34039307,-50.63105774
672.53112793,-48.54735947
672.72186279,-49.75721741
672.91259766,-55.52128220
673.10333252,-57.02311707
673.29406738,-54.56390381
673.48480225,-56.63069916
673.67553711,-61.35652542
673.86627197,-60.74318695
674.05700684,-64.30619049
674.24774170,-77.66373444
674.43847656,-78.02040863
674.62921143,-72.16188049
674.81994629,-57.19072723
675.01068115,-51.67686081
675.20141602,-51.06447220
675.39215088,-54.69792938
675.58288574,-61.18095398
675.77362061,-66.01561737
675.96435547,-64.96302795
676.15509033,-71.16172028
676.34582520,-58.22239685
676.53656006,-53.14708328
676.72729492,-54.17152023
676.91802979,-57.04580307
677.10876465,-54.13765717
677.29949951,-54.79319763
677.49023438,-58.50224304
677.68096924,-61.54002380
677.87170410,-65.22663879
678.06243896,-61.10484695
678.25317383,-54.03768158
678.44390869,-54.37544250
678.63464355,-59.95310974
678.82537842,-62.58261871
679.01611328,-60.02061844
679.20684814,-59.10270691
679.39758301,-57.21927261
679.58831787,-54.73690796
679.77905273,-54.08831024
679.96978760,-53.77246857
680.16052246,-63.87583923
680.35125732,-67.51667023
680.54199219,-57.92846298
680.73272705,-55.91192245
680.92346191,-60.97433090
681.11419678,-64.27834320
681.30493164,-65.76229858
681.49566650,-69.50496674
681.68640137,-70.38349915
681.87713623,-68.46350098
682.06787109,-56.64711380
682.25860596,-50.39118958
682.44934082,-52.28957367
682.64007568,-66.96153259
682.83081055,-68.57865906
683.02154541,-64.98298645
683.21228027,-58.29473114
683.40301514,-58.33320618
683.59375000,-67.25300598
683.78448486,-71.52378845
683.97521973,-69.40756226
684.16595459,-63.55246735
684.35668945,-68.68124390
684.54742432,-72.55547333
684.73815918,-64.47123718
684.92889404,-58.66306686
685.11962891,-51.36818695
685.31036377,-49.67930222
685.50109863,-53.69087219
685.69183350,-63.13625336
685.88256836,-56.34631729
686.07330322,-58.89259720
686.26403809,-66.62516785
686.45477295,-62.24561691
686.64550781,-59.80794907
686.83624268,-58.02908325
687.02697754,-60.97447968
687.21771240,-57.98340607
687.40844727,-51.97690964
687.59918213,-55.64594269
687.78991699,-57.80014420
687.98065186,-52.98227310
688.17138672,-57.81516266
688.36212158,-53.71263504
688.55285645,-50.63066483
688.74359131,-50.21009064
688.93432617,-52.89823151
689.12506104,-58.43254089
689.31579590,-63.31903458
689.50653076,-63.37632751
689.69726562,-60.72190857
689.88800049,-67.41950989
690.07873535,-62.95232773
690.26947021,-62.00730896
690.46020508,-59.84809494
690.65093994,-57.14300156
690.84167480,-56.30031967
691.03240967,-56.04460907
691.22314453,-57.80241394
691.41387939,-59.24063110
691.60461426,-58.44387436
691.79534912,-57.98706818
691.98608398,-60.88277817
692.17681885,-57.76049042
692.36755371,-56.85271835
692.55828857,-58.99415588
692.74902344,-55.05081940
692.93975830,-53.27516174
693.13049316,-59.77716064
693.32122803,-62.81196594
693.51196289,-56.14670181
693.70269775,-53.99131393
693.89343262,-60.84748840
694.08416748,-65.81263733
694.27490234,-61.19566345
694.46563721,-52.52769852
694.65637207,-49.13005829
694.84710693,-53.73307800
695.03784180,-61.96205902
695.22857666,-53.15337372
695.41931152,-53.23620224
695.61004639,-53.81462479
695.80078125,-58.95737076
695.99151611,-68.64228058
696.18225098,-55.73062515
696.37298584,-53.69907379
696.56372070,-52.92333221
696.75445557,-50.69937134
696.94519043,-49.80654144
697.13592529,-51.51704788
697.32666016,-60.07851028
697.51739502,-59.30579758
697.70812988,-63.87858963
697.89886475,-56.53813171
698.08959961,-51.37387848
698.28033447,-52.07526779
698.47106934,-54.40297699
698.66180420,-58.23155975
698.85253906,-56.07287598
699.04327393,-59.75826645
699.23400879,-55.88732910
699.42474365,-51.42950058
699.61547852,-55.52196503
699.80621338,-64.74909973
699.99694824,-56.05039597
700.18768311,-60.26142502
700.37841797,-58.61182785
700.56915283,-59.74822998
700.75988770,-53.72552872
700.95062256,-53.34557343
701.14135742,-58.88017654
701.33209229,-68.13304138
701.52282715,-63.10554123
701.71356201,-63.64780426
701.90429688,-56.23199844
702.09503174,-55.30065536
702.28576660,-55.35435104
702.47650146,-55.08108521
702.66723633,-59.71849442
702.85797119,-53.71125793
703.04870605,-51.43062592
703.23944092,-52.00802231
703.43017578,-55.13031006
703.62091064,-67.67921448
703.81164551,-60.44233704
704.00238037,-69.49480438
704.19311523,-60.23865509
704.38385010,-54.63481140
704.57458496,-58.44615555
704.76531982,-69.16065979
704.95605469,-63.16934204
705.14678955,-54.58448792
705.33752441,-51.13010025
705.52825928,-51.49792099
705.71899414,-55.47544479
705.90972900,-65.59204865
706.10046387,-64.06552124
706.29119873,-59.32077026
706.48193359,-67.15897369
706.67266846,-57.60303497
706.86340332,-55.48276901
707.05413818,-53.95507050
707.24487305,-53.13392258
707.43560791,-56.39749146
707.62634277,-65.14685822
707.81707764,-55.91508484
708.00781250,-53.97855759
708.19854736,-54.28978729
708.38928223,-56.79729080
708.58001709,-59.30146027
708.77075195,-63.89956665
708.96148682,-62.96424866
709.15222168,-59.16640472
709.34295654,-57.86853790
709.53369141,-65.18243408
709.72442627,-67.63705444
709.91516113,-62.03975677
710.10589600,-59.03461075
710.29663086,-56.87377167
710.48736572,-57.56776810
710.67810059,-65.47344971
710.86883545,-55.29397583
711.05957031,-54.86688232
711.25030518,-58.08421707
711.44104004,-68.19381714
711.63177490,-66.24490356
711.82250977,-60.99552536
712.01324463,-68.52928925
712.20397949,-58.21997070
712.39471436,-61.99265289
712.58544922,-66.97015381
712.77618408,-57.35946274
712.96691895,-57.39247131
713.15765381,-64.99491119
713.34838867,-55.81779861
713.53912354,-55.26643753
713.72985840,-60.05324554
713.92059326,-66.15100098
714.11132812,-59.50551987
714.30206299,-53.96643829
714.49279785,-52.67321777
714.68353271,-56.42119598
714.87426758,-54.23471451
715.06500244,-57.39615631
715.25573730,-60.82603073
715.44647217,-60.62597275
715.63720703,-63.64709854
715.82794189,-65.31423187
716.01867676,-58.84598160
716.20941162,-59.03504944
716.40014648,-64.97010803
716.59088135,-62.32935333
716.78161621,-71.97497559
716.97235107,-61.44109344
717.16308594,-56.11534500
717.35382080,-61.45551300
717.54455566,-61.01856613
717.73529053,-55.87819672
717.92602539,-54.47428131
718.11676025,-59.18396759
718.30749512,-57.66431427
718.49822998,-59.39742661
718.68896484,-58.66233444
718.87969971,-63.19184875
719.07043457,-58.97981644
719.26116943,-58.81259918
719.45190430,-62.05656433
719.64263916,-51.47051239
719.83337402,-50.79838562
720.02410889,-53.21606445
720.21484375,-54.24173737
720.40557861,-59.02856827
720.59631348,-59.07324219
720.78704834,-54.76451111
720.97778320,-64.65683746
721.16851807,-56.54022217
721.35925293,-55.13924408
721.54998779,-56.92002869
721.74072266,-59.69038391
721.93145752,-63.36434937
722.12219238,-59.12458420
722.31292725,-54.44763184
722.50366211,-53.96060944
722.69439697,-57.40610504
722.88513184,-66.94321442
723.07586670,-80.68260193
723.26660156,-61.52546692
723.45733643,-57.32031250
723.64807129,-57.22517014
723.83880615,-62.99726868
724.02954102,-58.36351776
724.22027588,-53.40076828
724.41101074,-58.67759323
724.60174561,-62.76956940
724.79248047,-53.86892319
724.98321533,-49.76911545
725.17395020,-50.08385086
725.36468506,-52.97462845
725.55541992,-56.23325729
725.74615479,-59.16181564
725.93688965,-62.35406876
726.12762451,-53.24138260
726.31835938,-50.87327957
726.50909424,-53.91994858
726.69982910,-55.66999817
726.89056396,-58.01634216
727.08129883,-56.94757843
727.27203369,-48.46946335
727.46276855,-50.46171188
727.65350342,-57.31960297
727.84423828,-55.32012177
728.03497314,-62.84107971
728.22570801,-54.78899002
728.41644287,-51.26786041
728.60717773,-55.97641373
728.79791260,-53.02744293
728.98864746,-52.96825027
729.17938232,-54.99266815
729.37011719,-54.98485184
729.56085205,-60.71098709
729.75158691,-55.79364014
729.94232178,-49.39514542
730.13305664,-51.19633484
730.32379150,-65.80506897
730.51452637,-56.33052826
730.70526123,-53.95586395
730.89599609,-55.61670685
731.08673096,-62.84450912
731.27746582,-53.77526855
731.46820068,-50.52400208
731.65893555,-54.29956818
731.84967041,-62.95748138
732.04040527,-67.75021362
732.23114014,-64.75379181
732.42187500,-94.77616882
732.61260986,-63.63085175
732.80334473,-59.46306610
732.99407959,-61.45759201
733.18481445,-76.23632812
733.37554932,-60.00234985
733.56628418,-57.33245087
733.75701904,-57.94153595
733.94775391,-52.75719070
734.13848877,-54.35306168
734.32922363,-55.56705856
734.51995850,-53.79209518
734.71069336,-53.61463928
734.90142822,-54.68928528
735.09216309,-59.47137451
735.28289795,-60.34191132
735.47363281,-64.83506012
735.66436768,-69.13716125
735.85510254,-62.81856537
736.04583740,-57.04116058
736.23657227,-56.40071487
736.42730713,-56.95374298
736.61804199,-59.16711426
736.80877686,-78.75291443
736.99951172,-60.19719696
737.19024658,-60.05533218
737.38098145,-64.09346008
737.57171631,-65.81700897
737.76245117,-61.87233734
737.95318604,-55.88412476
738.14392090,-56.96871948
738.33465576,-63.49539948
738.52539062,-59.22513580
738.71612549,-58.31044006
738.90686035,-65.04628754
739.09759521,-56.34246063
739.28833008,-56.42244339
739.47906494,-56.61930466
739.66979980,-50.87411880
739.86053467,-55.29958344
740.05126953,-59.70710754
740.24200439,-55.91497040
740.43273926,-55.16115189
740.62347412,-54.19404602
740.81420898,-62.45029068
741.00494385,-58.43823242
741.19567871,-57.56101227
741.38641357,-59.71899414
741.57714844,-59.01271439
741.76788330,-63.82320023
741.95861816,-63.29227448
742.14935303,-61.86825180
742.34008789,-59.86401367
742.53082275,-59.03203583
742.72155762,-61.95477295
742.91229248,-55.29780960
743.10302734,-59.12619019
743.29376221,-60.71216583
743.48449707,-56.34395218
743.67523193,-53.91321182
743.86596680,-53.54265594
744.05670166,-54.71651077
744.24743652,-56.70864487
744.43817139,-60.36236572
744.62890625,-56.44033813
744.81964111,-53.37688446
745.01037598,-51.94585419
745.20111084,-55.40983200
745.39184570,-67.03978729
745.58258057,-69.32807922
745.77331543,-58.83420563
745.96405029,-51.73931885
746.15478516,-51.80166245
746.34552002,-57.32035065
746.53625488,-68.06852722
746.72698975,-64.82479858
746.91772461,-73.90076447
747.10845947,-63.16778564
747.29919434,-55.61431122
747.48992920,-55.27309799
747.68066406,-61.67014313
747.87139893,-64.98946381
748.06213379,-55.36033249
748.25286865,-53.47347260
748.44360352,-59.35604095
748.63433838,-66.13948822
748.82507324,-69.59878540
749.01580811,-57.57800674
749.20654297,-62.18919373
749.39727783,-61.05776215
749.58801270,-62.42658997
749.77874756,-68.13452148
749.96948242,-59.77115250
750.16021729,-60.06618881
750.35095215,-66.93574524
750.54168701,-61.59123230
750.73242188,-57.94809341
750.92315674,-58.75924683
751.11389160,-54.37274170
751.30462646,-63.24785233
751.49536133,-61.69784546
751.68609619,-60.44696426
751.87683105,-56.55130005
752.06756592,-52.54318619
752.25830078,-52.68383789
752.44903564,-59.46278381
752.63977051,-65.08065796
752.83050537,-62.20253372
753.02124023,-71.33986664
753.21197510,-56.48738480
753.40270996,-58.06619644
753.59344482,-61.17395782
753.78417969,-55.13639069
753.97491455,-52.11452866
754.16564941,-51.92365646
754.35638428,-57.20613861
754.54711914,-62.83402252
754.73785400,-62.05073547
754.92858887,-54.61563110
755.11932373,-53.61385345
755.31005859,-55.41361237
755.50079346,-60.04055023
755.69152832,-64.12751007
755.88226318,-56.96578217
756.07299805,-58.75350952
756.26373291,-60.87166595
756.45446777,-55.94173050
756.64520264,-54.46966171
756.83593750,-51.03209686
757.02667236,-49.29058075
757.21740723,-57.01020050
757.40814209,-55.87912750
757.59887695,-56.44139862
757.78961182,-60.07186890
757.98034668,-55.17190933
758.17108154,-54.74408722
758.36181641,-61.10222626
758.55255127,-64.21574402
758.74328613,-67.65828705
758.93402100,-73.25142670
759.12475586,-72.31820679
759.31549072,-63.47643280
759.50622559,-63.71805191
759.69696045,-72.03858185
759.88769531,-68.54430389
760.07843018,-70.98803711
760.26916504,-63.90134811
760.45989990,-54.30175018
760.65063477,-52.89364243
760.84136963,-57.38842010
761.03210449,-69.72026062
761.22283936,-56.97965622
761.41357422,-54.24215317
761.60430908,-56.55090714
761.79504395,-57.57599640
761.98577881,-64.49626160
762.17651367,-70.09929657
762.36724854,-73.44126129
762.55798340,-61.18334961
762.74871826,-76.85105133
762.93945312,-59.50740051
763.13018799,-67.62485504
763.32092285,-63.30074692
763.51165771,-58.55853653
763.70239258,-56.14400482
763.89312744,-51.93447113
764.08386230,-52.36607361
764.27459717,-60.08414459
764.46533203,-68.91938019
764.65606689,-60.73708344
764.84680176,-60.45407104
765.03753662,-62.61697388
765.22827148,-53.88760376
765.41900635,-54.92333984
765.60974121,-54.10816193
765.80047607,-54.46521759
765.99121094,-67.28661346
766.18194580,-52.30325317
766.37268066,-52.19591141
766.56341553,-62.35467911
766.75415039,-57.27855682
766.94488525,-53.78665161
767.13562012,-51.54727554
767.32635498,-50.82493210
767.51708984,-53.66796494
767.70782471,-57.87891388
767.89855957,-57.44548798
768.08929443,-68.52338409
768.28002930,-58.96346283
768.47076416,-70.58552551
768.66149902,-56.08184814
768.85223389,-52.85367584
769.04296875,-52.56336975
769.23370361,-47.64377213
769.42443848,-46.77591705
769.61517334,-50.20888519
769.80590820,-58.02353287
769.99664307,-64.82680511
770.18737793,-66.36943054
770.37811279,-64.39062500
770.56884766,-57.20049286
770.75958252,-53.08719635
770.95031738,-51.93803787
771.14105225,-56.89058304
771.33178711,-60.12520218
771.52252197,-64.69343567
771.71325684,-62.73803711
771.90399170,-58.31835175
772.09472656,-55.32108688
772.28546143,-59.89597702
772.47619629,-61.83809662
772.66693115,-54.43451309
772.85766602,-51.48948288
773.04840088,-52.51554489
773.23913574,-58.44786835
773.42987061,-65.08874512
773.62060547,-68.24127197
773.81134033,-62.96354294
774.00207520,-63.20478821
774.19281006,-52.51610184
774.38354492,-52.28434753
774.57427979,-54.95659637
774.76501465,-53.93526459
774.95574951,-57.65569305
775.14648438,-66.07492065
775.33721924,-61.36477661
775.52795410,-55.91139221
775.71868896,-56.55236053
775.90942383,-59.96909332
776.10015869,-59.81458664
776.29089355,-58.59420395
776.48162842,-64.96861267
776.67236328,-64.11791229
776.86309814,-58.96946716
777.05383301,-60.57811356
777.24456787,-59.18061066
777.43530273,-62.72310638
777.62603760,-54.53406525
777.81677246,-60.56146622
778.00750732,-56.40673828
778.19824219,-57.81405640
778.38897705,-60.59087372
778.57971191,-62.31697464
778.77044678,-58.25597382
778.96118164,-55.77381134
779.15191650,-53.76067352
779.34265137,-52.83728790
779.53338623,-53.07007217
779.72412109,-63.14042664
779.91485596,-56.16813660
780.10559082,-53.54124451
780.29632568,-56.44950485
780.48706055,-65.89374542
780.67779541,-61.97156525
780.86853027,-64.44081116
781.05926514,-52.64273834
