Frequency,Channel A

0.00000000,-25.03492546
0.19073486,-32.56376648
0.38146973,-57.76753235
0.57220459,-50.14843369
0.76293945,-49.51163864
0.95367432,-49.26693344
1.14440918,-56.69969177
1.33514404,-53.20442581
1.52587891,-51.19990540
1.71661377,-51.78347778
1.90734863,-51.49439240
2.09808350,-53.57019043
2.28881836,-54.90927124
2.47955322,-54.68386841
2.67028809,-52.09634781
2.86102295,-53.16467285
3.05175781,-50.69890976
3.24249268,-56.76151276
3.43322754,-49.66434860
3.62396240,-52.41402054
3.81469727,-50.52696228
4.00543213,-50.93967819
4.19616699,-35.45581818
4.38690186,-11.86395073
4.57763672,-0.73082530
4.76837158,1.68152285
4.95910645,-3.73072577
5.14984131,-18.67967796
5.34057617,-55.98315811
5.53131104,-46.36972427
5.72204590,-56.26111984
5.91278076,-54.61193466
6.10351562,-51.75273132
6.29425049,-57.29259109
6.48498535,-56.52046204
6.67572021,-52.25932693
6.86645508,-48.51988220
7.05718994,-50.38432693
7.24792480,-49.12334442
7.43865967,-53.24830627
7.62939453,-52.16678619
7.82012939,-52.97213745
8.01086426,-64.15740204
8.20159912,-51.68701172
8.39233398,-53.85301971
8.58306885,-48.95201111
8.77380371,-45.98863983
8.96453857,-27.63117027
9.15527344,-11.25472832
9.34600830,-4.32568026
9.53674316,-4.92700672
9.72747803,-13.53880787
9.91821289,-32.30016327
10.10894775,-49.51649094
10.29968262,-48.45085526
10.49041748,-51.33094788
10.68115234,-59.32474136
10.87188721,-50.49163437
11.06262207,-50.26182175
11.25335693,-49.78292465
11.44409180,-60.62607193
11.63482666,-61.52078247
11.82556152,-64.75360107
12.01629639,-59.40422821
12.20703125,-63.81090546
12.39776611,-65.52368927
12.58850098,-55.95727539
12.77923584,-48.75086975
12.96997070,-50.00134277
13.16070557,-53.18429565
13.35144043,-59.10571671
13.54217529,-60.39403915
13.73291016,-57.12065887
13.92364502,-54.15943527
14.11437988,-49.82616043
14.30511475,-45.96258163
14.49584961,-46.43056870
14.68658447,-51.16161346
14.87731934,-55.00634766
15.06805420,-62.10489273
15.25878906,-53.56068420
15.44952393,-52.43289185
15.64025879,-58.98065567
15.83099365,-57.09666443
16.02172852,-54.21476746
16.21246338,-54.85893250
16.40319824,-55.19499969
16.59393311,-53.96218872
16.78466797,-55.66587448
16.97540283,-62.78511047
17.16613770,-69.09495544
17.35687256,-54.19353104
17.54760742,-50.43550491
17.73834229,-50.11796570
17.92907715,-52.24018097
18.11981201,-53.67992783
18.31054688,-48.35239029
18.50128174,-44.54249954
18.69201660,-48.04099274
18.88275146,-54.08609390
19.07348633,-47.31589890
19.26422119,-49.24777985
19.45495605,-56.29062271
19.64569092,-52.83719635
19.83642578,-60.45354843
20.02716064,-50.54756927
20.21789551,-48.40531158
20.40863037,-50.95916748
20.59936523,-53.23871994
20.79010010,-47.90657425
20.98083496,-45.06279373
21.17156982,-48.88374710
21.36230469,-64.74988556
21.55303955,-55.50232315
21.74377441,-53.81122971
21.93450928,-61.04757690
22.12524414,-58.24425125
22.31597900,-58.08515549
22.50671387,-59.95251465
22.69744873,-61.77145004
22.88818359,-55.20442581
23.07891846,-51.17189789
23.26965332,-49.31826019
23.46038818,-49.72144699
23.65112305,-53.96714020
23.84185791,-64.83129883
24.03259277,-50.32572174
24.22332764,-45.94342041
24.41406250,-45.51635742
24.60479736,-49.52009583
24.79553223,-53.75833130
24.98626709,-61.81467056
25.17700195,-56.34714127
25.36773682,-53.90675354
25.55847168,-59.90784073
25.74920654,-56.25728607
25.93994141,-53.62656021
26.13067627,-56.11654282
26.32141113,-69.22820282
26.51214600,-64.96673584
26.70288086,-63.58291245
26.89361572,-66.65360260
27.08435059,-65.24858856
27.27508545,-56.10635757
27.46582031,-53.77014542
27.65655518,-50.07170868
27.84729004,-55.58538055
28.03802490,-51.32373047
28.22875977,-53.58121490
28.41949463,-56.03606415
28.61022949,-48.15488434
28.80096436,-49.45783997
28.99169922,-48.57377625
29.18243408,-46.07318497
29.37316895,-49.47871399
29.56390381,-57.96274185
29.75463867,-64.47908020
29.94537354,-68.86655426
30.13610840,-63.95774078
30.32684326,-59.60316467
30.51757812,-65.06301880
30.70831299,-59.55280685
30.89904785,-56.34080505
31.08978271,-55.89290237
31.28051758,-51.28669739
31.47125244,-48.93587112
31.66198730,-49.73186874
31.85272217,-51.95394135
32.04345703,-54.17021179
32.23419189,-62.06507111
32.42492676,-59.97159576
32.61566162,-50.22623062
32.80639648,-49.21715546
32.99713135,-56.18718719
33.18786621,-65.44210815
33.37860107,-62.93537521
33.56933594,-55.98537827
33.76007080,-53.68093872
33.95080566,-58.98729706
34.14154053,-54.75997925
34.33227539,-54.51644516
34.52301025,-55.82068634
34.71374512,-61.76171875
34.90447998,-55.09828949
35.09521484,-50.62097168
35.28594971,-54.75770569
35.47668457,-63.19800949
35.66741943,-55.31355286
35.85815430,-53.80199051
36.04888916,-56.09363556
36.23962402,-63.57047272
36.43035889,-67.53178406
36.62109375,-60.87484360
36.81182861,-72.15140533
37.00256348,-54.47979355
37.19329834,-52.45455933
37.38403320,-58.03154373
37.57476807,-52.39113235
37.76550293,-50.78820801
37.95623779,-49.95687866
38.14697266,-51.72229767
38.33770752,-69.79368591
38.52844238,-55.10509872
38.71917725,-51.49901581
38.90991211,-52.78450012
39.10064697,-51.70484543
39.29138184,-53.60993195
39.48211670,-57.89406586
39.67285156,-57.49554062
39.86358643,-59.63291168
40.05432129,-64.02212524
40.24505615,-55.61115646
40.43579102,-60.38745499
40.62652588,-60.73097229
40.81726074,-58.21763611
41.00799561,-52.67732620
41.19873047,-53.15206146
41.38946533,-54.91000748
41.58020020,-53.31115341
41.77093506,-52.87369537
41.96166992,-53.75787735
42.15240479,-50.62995148
42.34313965,-52.64801407
42.53387451,-57.53742981
42.72460938,-47.97221756
42.91534424,-49.57515717
43.10607910,-55.80788422
43.29681396,-70.14106750
43.48754883,-69.65017700
43.67828369,-55.12806702
43.86901855,-48.40417862
44.05975342,-46.63536453
44.25048828,-49.76732635
44.44122314,-53.59424591
44.63195801,-65.11373138
44.82269287,-55.80976868
45.01342773,-54.02677155
45.20416260,-51.24599838
45.39489746,-49.99877548
45.58563232,-54.14827347
45.77636719,-59.47407532
45.96710205,-54.45870972
46.15783691,-54.70764542
46.34857178,-55.11518097
46.53930664,-47.36888123
46.73004150,-47.41785049
46.92077637,-50.71590805
47.11151123,-62.22668076
47.30224609,-52.67020416
47.49298096,-51.29902649
47.68371582,-55.55529022
47.87445068,-63.01205444
48.06518555,-56.39337921
48.25592041,-50.64285660
48.44665527,-49.28248596
48.63739014,-54.44634247
48.82812500,-67.13059998
49.01885986,-55.82682800
49.20959473,-52.67414474
49.40032959,-56.36738586
49.59106445,-51.49564362
49.78179932,-60.97032547
49.97253418,-54.94968414
50.16326904,-54.70537186
50.35400391,-57.50043488
50.54473877,-53.17975616
50.73547363,-55.33538055
50.92620850,-53.95526886
51.11694336,-53.00146484
51.30767822,-54.89135742
51.49841309,-60.01940155
51.68914795,-59.24167252
51.87988281,-53.71326065
52.07061768,-56.16497803
52.26135254,-60.48575974
52.45208740,-52.92962646
52.64282227,-60.61814117
52.83355713,-51.38343811
53.02429199,-48.89807129
53.21502686,-50.40533447
53.40576172,-53.17226410
53.59649658,-54.83116913
53.78723145,-54.05063629
53.97796631,-52.70038223
54.16870117,-49.64524841
54.35943604,-50.52034378
54.55017090,-55.88409805
54.74090576,-58.69567108
54.93164062,-72.69448853
55.12237549,-55.60498047
55.31311035,-59.39964676
55.50384521,-57.04410172
55.69458008,-59.00197983
55.88531494,-64.18096924
56.07604980,-53.05583954
56.26678467,-48.86692429
56.45751953,-48.20697021
56.64825439,-48.96194077
56.83898926,-52.52439499
57.02972412,-55.56056976
57.22045898,-52.07814026
57.41119385,-49.71261597
57.60192871,-48.84842300
57.79266357,-49.91128922
57.98339844,-48.85942841
58.17413330,-48.93954468
58.36486816,-57.36351776
58.55560303,-55.57232285
58.74633789,-54.73471832
58.93707275,-53.81300354
59.12780762,-50.98645020
59.31854248,-48.33780289
59.50927734,-49.88830948
59.70001221,-62.52073669
59.89074707,-56.25585175
60.08148193,-55.13728714
60.27221680,-58.53350830
60.46295166,-56.27168274
60.65368652,-55.03061295
60.84442139,-64.33917999
61.03515625,-62.85456085
61.22589111,-60.01623154
61.41662598,-52.20567703
61.60736084,-59.22409439
61.79809570,-60.95004272
61.98883057,-53.21984863
62.17956543,-52.26908875
62.37030029,-62.30799866
62.56103516,-56.24809265
62.75177002,-57.37838745
62.94250488,-67.87596893
63.13323975,-67.21293640
63.32397461,-56.19357300
63.51470947,-54.37877274
63.70544434,-61.02473450
63.89617920,-60.87893677
64.08691406,-53.81233597
64.27764893,-55.61626053
64.46838379,-56.68655777
64.65911865,-55.68402100
64.84985352,-62.67550659
65.04058838,-66.24337769
65.23132324,-57.77879333
65.42205811,-54.62202454
65.61279297,-52.46315384
65.80352783,-52.94237518
65.99426270,-50.23503113
66.18499756,-46.95022202
66.37573242,-46.56258011
66.56646729,-48.48744965
66.75720215,-52.31439209
66.94793701,-55.53055191
67.13867188,-54.30797195
67.32940674,-58.01139069
67.52014160,-60.45699692
67.71087646,-62.45140839
67.90161133,-55.13708115
68.09234619,-55.10002518
68.28308105,-56.41683960
68.47381592,-56.62670135
68.66455078,-63.31506348
68.85528564,-66.41417694
69.04602051,-66.05626678
69.23675537,-58.21925735
69.42749023,-53.84757996
69.61822510,-54.40439224
69.80895996,-54.22848511
69.99969482,-51.86957932
70.19042969,-54.53816986
70.38116455,-53.61720657
70.57189941,-51.70662689
70.76263428,-55.33277512
70.95336914,-62.61398315
71.14410400,-61.45465851
71.33483887,-64.39609528
71.52557373,-55.22796249
71.71630859,-50.00149155
71.90704346,-49.98148346
72.09777832,-52.84259415
72.28851318,-56.74352264
72.47924805,-54.76961136
72.66998291,-51.66257477
72.86071777,-55.14203644
73.05145264,-70.69685364
73.24218750,-60.71157455
73.43292236,-54.18219757
73.62365723,-53.03213120
73.81439209,-56.27679443
74.00512695,-67.89610291
74.19586182,-57.34878159
74.38659668,-54.26740265
74.57733154,-53.03750992
74.76806641,-54.35507202
74.95880127,-56.59354782
75.14953613,-57.58230209
75.34027100,-60.17644501
75.53100586,-62.15555573
75.72174072,-57.31392670
75.91247559,-55.76957321
76.10321045,-53.44514465
76.29394531,-50.61971664
76.48468018,-52.74238205
76.67541504,-56.00991821
76.86614990,-51.54924393
77.05688477,-53.70331573
77.24761963,-69.48144531
77.43835449,-57.40243530
77.62908936,-53.53381348
77.81982422,-53.33456421
78.01055908,-52.58783340
78.20129395,-52.03357315
78.39202881,-61.07014465
78.58276367,-56.16039276
78.77349854,-53.51059723
78.96423340,-59.99994278
79.15496826,-55.87582016
79.34570312,-54.02882385
79.53643799,-52.67620087
79.72717285,-54.56856537
79.91790771,-58.51436615
80.10864258,-52.38484955
80.29937744,-49.54456711
80.49011230,-52.53634644
80.68084717,-54.50733185
80.87158203,-57.04071426
81.06231689,-62.85181046
81.25305176,-50.88635254
81.44378662,-47.92461014
81.63452148,-50.02962112
81.82525635,-50.08281708
82.01599121,-47.73625946
82.20672607,-51.21881485
82.39746094,-55.45313263
82.58819580,-60.94619370
82.77893066,-72.83673096
82.96966553,-73.11275482
83.16040039,-64.78135681
83.35113525,-59.07050705
83.54187012,-54.56261063
83.73260498,-50.95703506
83.92333984,-50.83091736
84.11407471,-51.21658707
84.30480957,-53.20464325
84.49554443,-63.46823883
84.68627930,-65.36567688
84.87701416,-62.91857147
85.06774902,-64.17832947
85.25848389,-63.81307602
85.44921875,-66.37065125
85.63995361,-54.53646851
85.83068848,-53.01788712
86.02142334,-65.41235352
86.21215820,-61.21669769
86.40289307,-64.55500793
86.59362793,-75.90821838
86.78436279,-74.77880859
86.97509766,-63.91778946
87.16583252,-57.68893433
87.35656738,-52.86315918
87.54730225,-52.37742615
87.73803711,-53.82285309
87.92877197,-54.92843628
88.11950684,-55.16720581
88.31024170,-57.00327301
88.50097656,-61.67333603
88.69171143,-62.51831055
88.88244629,-63.98465729
89.07318115,-57.81143570
89.26391602,-57.60406876
89.45465088,-60.92822266
89.64538574,-53.75979614
89.83612061,-51.05266953
90.02685547,-57.80718231
90.21759033,-59.10813904
90.40832520,-59.75225067
90.59906006,-67.79639435
90.78979492,-53.41238022
90.98052979,-51.62098312
91.17126465,-59.48648071
91.36199951,-48.91836166
91.55273438,-49.59095001
91.74346924,-58.50801468
91.93420410,-56.91523743
92.12493896,-57.04896927
92.31567383,-61.76366425
92.50640869,-59.65515900
92.69714355,-58.08621979
92.88787842,-56.61262131
93.07861328,-52.61368179
93.26934814,-60.67784882
93.46008301,-70.16425323
93.65081787,-58.24303055
93.84155273,-49.40530777
94.03228760,-49.43594360
94.22302246,-56.65728760
94.41375732,-65.67575073
94.60449219,-55.02775192
94.79522705,-62.68944550
94.98596191,-54.25307465
95.17669678,-51.39936447
95.36743164,-53.92810059
95.55816650,-65.81442261
95.74890137,-62.92182159
95.93963623,-59.00370789
96.13037109,-62.16331482
96.32110596,-55.87127304
96.51184082,-52.20655441
96.70257568,-57.60740280
96.89331055,-67.84284973
97.08404541,-61.98116684
97.27478027,-64.15177155
97.46551514,-65.20539856
97.65625000,-53.27328110
97.84698486,-50.27783966
98.03771973,-52.64831543
98.22845459,-56.85172653
98.41918945,-59.79577637
98.60992432,-59.94934845
98.80065918,-55.20481873
98.99139404,-58.17451096
99.18212891,-57.56667328
99.37286377,-53.22574615
99.56359863,-54.25420761
99.75433350,-57.17572784
99.94506836,-61.77818680
100.13580322,-60.39820099
100.32653809,-56.41236115
100.51727295,-54.92797852
100.70800781,-60.79225922
100.89874268,-60.15071106
101.08947754,-54.67582703
101.28021240,-55.37788773
101.47094727,-70.19983673
101.66168213,-53.16734695
101.85241699,-49.35220337
102.04315186,-51.31591797
102.23388672,-57.40465546
102.42462158,-58.85888672
102.61535645,-62.93061066
102.80609131,-63.83872986
102.99682617,-65.25579834
103.18756104,-56.49539185
103.37829590,-51.73644257
103.56903076,-53.95452118
103.75976562,-51.99565506
103.95050049,-50.23809433
104.14123535,-50.84257126
104.33197021,-52.55588531
104.52270508,-51.72544479
104.71343994,-54.48701477
104.90417480,-59.23694229
105.09490967,-66.45535278
105.28564453,-54.82995987
105.47637939,-56.29970551
105.66711426,-66.57145691
105.85784912,-63.02102661
106.04858398,-58.23546982
106.23931885,-57.57511520
106.43005371,-66.57731628
106.62078857,-64.78545380
106.81152344,-59.00823593
107.00225830,-55.94152451
107.19299316,-52.99736023
107.38372803,-55.50723267
107.57446289,-59.63194275
107.76519775,-57.54115295
107.95593262,-52.58970642
108.14666748,-47.76961517
108.33740234,-45.65326691
108.52813721,-47.67431259
108.71887207,-54.01108170
108.90960693,-59.39392090
109.10034180,-58.71735001
109.29107666,-67.85808563
109.48181152,-52.86444855
109.67254639,-52.17990875
109.86328125,-61.24848938
110.05401611,-56.89046860
110.24475098,-51.16159058
110.43548584,-51.87684631
110.62622070,-55.57041931
110.81695557,-56.22093201
111.00769043,-57.26362610
111.19842529,-65.60961914
111.38916016,-65.16236115
111.57989502,-64.63684082
111.77062988,-52.87247086
111.96136475,-50.77054977
112.15209961,-58.48938370
112.34283447,-56.83319855
112.53356934,-54.08592606
112.72430420,-66.23984528
112.91503906,-58.36508179
113.10577393,-56.28440857
113.29650879,-63.27095032
113.48724365,-70.71440125
113.67797852,-65.43827820
113.86871338,-55.18088913
114.05944824,-53.35991287
114.25018311,-60.82927704
114.44091797,-54.16543961
114.63165283,-51.52691650
114.82238770,-55.10224915
115.01312256,-53.98059464
115.20385742,-51.92723846
115.39459229,-52.58872986
115.58532715,-59.12050247
115.77606201,-68.05131531
115.96679688,-68.70085144
116.15753174,-66.58539581
116.34826660,-57.46587753
116.53900146,-56.34803009
116.72973633,-63.35898972
116.92047119,-54.15893936
117.11120605,-55.55171967
117.30194092,-60.28850174
117.49267578,-58.11645508
117.68341064,-59.34994507
117.87414551,-66.60025024
118.06488037,-65.46160889
118.25561523,-66.67580414
118.44635010,-52.88420868
118.63708496,-54.61632538
118.82781982,-61.71678162
119.01855469,-52.70326233
119.20928955,-48.35108185
119.40002441,-52.36968994
119.59075928,-64.87800598
119.78149414,-66.90510559
119.97222900,-57.30359650
120.16296387,-53.19040298
120.35369873,-58.79957581
120.54443359,-63.34502411
120.73516846,-60.43389893
120.92590332,-56.08900070
121.11663818,-50.66892624
121.30737305,-49.45268250
121.49810791,-51.61229706
121.68884277,-54.10329819
121.87957764,-56.77980423
122.07031250,-62.25991821
122.26104736,-62.11151886
122.45178223,-56.73564148
122.64251709,-52.61100006
122.83325195,-51.87255478
123.02398682,-58.72546387
123.21472168,-54.60206604
123.40545654,-49.45812225
123.59619141,-49.89681244
123.78692627,-56.82501221
123.97766113,-86.64096069
124.16839600,-73.02423096
124.35913086,-63.07399368
124.54986572,-67.76729584
124.74060059,-61.68788910
124.93133545,-61.32701111
125.12207031,-60.72202301
125.31280518,-68.30498505
125.50354004,-55.51821899
125.69427490,-57.84196472
125.88500977,-52.71989822
126.07574463,-51.86037064
126.26647949,-61.50061798
126.45721436,-64.80419922
126.64794922,-56.07060242
126.83868408,-53.02653503
127.02941895,-49.50394440
127.22015381,-46.94889450
127.41088867,-50.57906723
127.60162354,-58.72090912
127.79235840,-53.24233246
127.98309326,-56.79475784
128.17382812,-69.71845245
128.36456299,-63.16920853
128.55529785,-59.05176163
128.74603271,-57.44075012
128.93676758,-58.48121262
129.12750244,-58.46657181
129.31823730,-56.72193527
129.50897217,-58.48200226
129.69970703,-57.04248428
129.89044189,-52.40182877
130.08117676,-52.90790558
130.27191162,-64.67623901
130.46264648,-65.47820282
130.65338135,-60.67452240
130.84411621,-52.86072540
131.03485107,-50.03826141
131.22558594,-50.15222549
131.41632080,-53.36823273
131.60705566,-54.42620850
131.79779053,-54.04031754
131.98852539,-57.67337799
132.17926025,-58.40987778
132.36999512,-58.30195999
132.56072998,-55.68080139
132.75146484,-50.51419067
132.94219971,-50.27059937
133.13293457,-59.87779236
133.32366943,-61.70568466
133.51440430,-56.30364990
133.70513916,-59.11983490
133.89587402,-58.08866119
134.08660889,-59.30503082
134.27734375,-60.17736053
134.46807861,-59.27280807
134.65881348,-78.90189362
134.84954834,-59.29393387
135.04028320,-56.20818329
135.23101807,-56.30565643
135.42175293,-60.78738785
135.61248779,-65.05091095
135.80322266,-68.50305176
135.99395752,-62.43896484
136.18469238,-52.41950607
136.37542725,-46.87084198
136.56616211,-46.78561783
136.75689697,-50.63852310
136.94763184,-58.18487167
137.13836670,-54.66192627
137.32910156,-53.29718018
137.51983643,-59.40965271
137.71057129,-73.26920319
137.90130615,-58.96449280
138.09204102,-51.63603210
138.28277588,-51.19095230
138.47351074,-56.57886124
138.66424561,-53.86637878
138.85498047,-60.24734879
139.04571533,-57.68460083
139.23645020,-69.24209595
139.42718506,-53.07930756
139.61791992,-51.29693985
139.80865479,-54.77251053
139.99938965,-57.71604919
140.19012451,-60.51691437
140.38085938,-62.56536484
140.57159424,-56.53186035
140.76232910,-56.02477646
140.95306396,-55.76057434
141.14379883,-55.80955505
141.33453369,-57.32708359
141.52526855,-63.16652679
141.71600342,-64.90877533
141.90673828,-74.62506104
142.09747314,-63.00490952
142.28820801,-58.02253723
142.47894287,-58.56871033
142.66967773,-59.17342758
142.86041260,-57.29084396
143.05114746,-53.63393402
143.24188232,-50.68706894
143.43261719,-49.16702652
143.62335205,-49.61171722
143.81408691,-51.64625549
144.00482178,-56.45787811
144.19555664,-60.41509628
144.38629150,-61.68717957
144.57702637,-58.30094910
144.76776123,-56.18830872
144.95849609,-53.01702881
145.14923096,-52.14949799
145.33996582,-52.42945862
145.53070068,-56.66241074
145.72143555,-67.96585846
145.91217041,-56.74698257
146.10290527,-61.37342834
146.29364014,-52.92874146
146.48437500,-48.42486954
146.67510986,-49.55412292
146.86584473,-56.68180847
147.05657959,-57.67627716
147.24731445,-51.53669357
147.43804932,-53.80240631
147.62878418,-53.84761810
147.81951904,-51.32762527
148.01025391,-51.32907486
148.20098877,-52.07092667
148.39172363,-51.79966354
148.58245850,-53.18735504
148.77319336,-52.27490234
148.96392822,-52.70466232
149.15466309,-65.82044983
149.34539795,-52.48783493
149.53613281,-49.17169571
149.72686768,-50.65420151
149.91760254,-53.02947998
150.10833740,-56.86312866
150.29907227,-58.29612350
150.48980713,-58.00276947
150.68054199,-60.40461731
150.87127686,-58.32971191
151.06201172,-57.06336975
151.25274658,-60.68313980
151.44348145,-61.28097534
151.63421631,-55.70112228
151.82495117,-58.97619629
152.01568604,-66.29540253
152.20642090,-62.26684952
152.39715576,-75.16612244
152.58789062,-63.88233185
152.77862549,-55.33977890
152.96936035,-52.36563110
153.16009521,-55.36008835
153.35083008,-69.64834595
153.54156494,-62.34088135
153.73229980,-54.93851089
153.92303467,-54.97296906
154.11376953,-58.43502426
154.30450439,-74.63289642
154.49523926,-62.80284882
154.68597412,-63.40069580
154.87670898,-59.43373871
155.06744385,-55.44972992
155.25817871,-55.98279572
155.44891357,-52.92033768
155.63964844,-51.89808273
155.83038330,-52.18003082
156.02111816,-54.45320892
156.21185303,-62.72847748
156.40258789,-67.90730286
156.59332275,-59.11530304
156.78405762,-54.89785767
156.97479248,-59.53757477
157.16552734,-72.12614441
157.35626221,-66.11729431
157.54699707,-73.18933105
157.73773193,-54.88446808
157.92846680,-52.37674332
158.11920166,-56.26354218
158.30993652,-54.77094269
158.50067139,-52.48995209
158.69140625,-55.15207291
158.88214111,-57.55462265
159.07287598,-56.72749329
159.26361084,-60.56494141
159.45434570,-54.59793854
159.64508057,-53.86289597
159.83581543,-53.24351883
160.02655029,-51.73540115
160.21728516,-60.66641235
160.40802002,-62.54758835
160.59875488,-61.15845490
160.78948975,-70.19474030
160.98022461,-77.36973572
161.17095947,-78.65367889
161.36169434,-66.91301727
161.55242920,-60.01091385
161.74316406,-58.41512299
161.93389893,-56.27598190
162.12463379,-50.56909943
162.31536865,-50.00406647
162.50610352,-52.21103287
162.69683838,-53.35462189
162.88757324,-54.06196213
163.07830811,-56.17912674
163.26904297,-60.98201752
163.45977783,-61.16588593
163.65051270,-56.65340042
163.84124756,-53.40966034
164.03198242,-54.10102844
164.22271729,-57.19080353
164.41345215,-61.35023499
164.60418701,-61.12416840
164.79492188,-64.38668823
164.98565674,-63.76483917
165.17639160,-57.21165466
165.36712646,-60.94650269
165.55786133,-61.21714783
165.74859619,-56.46351242
165.93933105,-56.36595917
166.13006592,-61.73548126
166.32080078,-63.53683090
166.51153564,-58.89937592
166.70227051,-62.22307587
166.89300537,-53.00228119
167.08374023,-53.38396454
167.27447510,-55.55374146
167.46520996,-57.55368042
167.65594482,-59.94792557
167.84667969,-61.77869797
168.03741455,-58.68135834
168.22814941,-56.38392639
168.41888428,-58.29944229
168.60961914,-66.18961334
168.80035400,-60.72659302
168.99108887,-54.99279022
169.18182373,-53.15049744
169.37255859,-56.17910385
169.56329346,-63.26023865
169.75402832,-57.66750336
169.94476318,-54.42308044
170.13549805,-55.76484680
170.32623291,-57.17730713
170.51696777,-53.66941452
170.70770264,-53.11681747
170.89843750,-57.22389984
171.08917236,-66.97247314
171.27990723,-62.04063034
171.47064209,-56.37895966
171.66137695,-55.86302948
171.85211182,-61.37543488
172.04284668,-56.79908371
172.23358154,-50.98954773
172.42431641,-52.37174606
172.61505127,-54.57396698
172.80578613,-54.39188385
172.99652100,-51.16518402
173.18725586,-50.27791977
173.37799072,-49.38680649
173.56872559,-49.01760864
173.75946045,-52.45563507
173.95019531,-54.76812363
174.14093018,-51.92609787
174.33166504,-50.52713776
174.52239990,-53.68337250
174.71313477,-60.02256393
174.90386963,-60.33313751
175.09460449,-55.91640854
175.28533936,-56.64833832
175.47607422,-70.12889862
175.66680908,-57.95789337
175.85754395,-59.50385284
176.04827881,-72.66871643
176.23901367,-60.53082275
176.42974854,-54.36082840
176.62048340,-56.60437012
176.81121826,-61.79695129
177.00195312,-71.45445251
177.19268799,-60.93404770
177.38342285,-57.60058975
177.57415771,-61.44878006
177.76489258,-62.81649017
177.95562744,-76.06460571
178.14636230,-54.53965759
178.33709717,-50.73154831
178.52783203,-51.09971619
178.71856689,-52.90574646
178.90930176,-61.84311676
179.10003662,-54.08118820
179.29077148,-48.61953735
179.48150635,-51.70211792
179.67224121,-63.28427887
179.86297607,-65.76226044
180.05371094,-59.87457657
180.24444580,-59.03835678
180.43518066,-56.06862640
180.62591553,-52.71072388
180.81665039,-51.83329010
181.00738525,-58.22898483
181.19812012,-57.49836349
181.38885498,-52.01458740
181.57958984,-53.14449310
181.77032471,-53.37718964
181.96105957,-53.52278137
182.15179443,-61.06526184
182.34252930,-56.19250488
182.53326416,-51.46015930
182.72399902,-51.32312775
182.91473389,-52.52200699
183.10546875,-60.63518143
183.29620361,-58.22565460
183.48693848,-53.81983948
183.67767334,-56.24863434
183.86840820,-68.44605255
184.05914307,-56.56000519
184.24987793,-52.33144379
184.44061279,-51.93286896
184.63134766,-51.10585022
184.82208252,-50.59082794
185.01281738,-53.04347610
185.20355225,-60.65326691
185.39428711,-59.37825012
185.58502197,-55.43422699
185.77575684,-51.83709717
185.96649170,-52.24201202
186.15722656,-54.86172485
186.34796143,-58.13514328
186.53869629,-57.36579132
186.72943115,-52.65277100
186.92016602,-52.71522141
187.11090088,-55.34108734
187.30163574,-58.52839661
187.49237061,-63.91606140
187.68310547,-58.88330841
187.87384033,-53.80001450
188.06457520,-56.46444702
188.25531006,-66.40429688
188.44604492,-62.96068192
188.63677979,-54.49192810
188.82751465,-54.82536697
189.01824951,-60.26115036
189.20898438,-54.69579315
189.39971924,-51.58735657
189.59045410,-54.80193710
189.78118896,-64.30615234
189.97192383,-59.85147476
190.16265869,-52.64650726
190.35339355,-49.79438019
190.54412842,-51.33145142
190.73486328,-59.81797028
190.92559814,-59.13224030
191.11633301,-57.90847397
191.30706787,-64.89616394
191.49780273,-57.41481018
191.68853760,-52.76548386
191.87927246,-48.57894135
192.07000732,-51.74978638
192.26074219,-62.67422104
192.45147705,-63.96504974
192.64221191,-66.06386566
192.83294678,-54.00086212
193.02368164,-54.47150803
193.21441650,-54.16180038
193.40515137,-57.14119339
193.59588623,-57.64116287
193.78662109,-53.29783630
193.97735596,-56.12974167
194.16809082,-62.83473206
194.35882568,-59.04470825
194.54956055,-57.22260284
194.74029541,-55.33803940
194.93103027,-56.63265228
195.12176514,-68.69604492
195.31250000,-61.08764648
195.50323486,-59.32493591
195.69396973,-64.79422760
195.88470459,-79.59079742
196.07543945,-60.88704681
196.26617432,-52.87453461
196.45690918,-50.91767120
196.64764404,-53.23053360
196.83837891,-62.34930038
197.02911377,-58.63710785
197.21984863,-52.18103027
197.41058350,-49.55585098
197.60131836,-48.41485596
197.79205322,-47.86676025
197.98278809,-51.06786346
198.17352295,-55.58361053
198.36425781,-52.81015396
198.55499268,-51.49813080
198.74572754,-58.37776184
198.93646240,-50.63841248
199.12719727,-48.16039276
199.31793213,-51.46172333
199.50866699,-58.78301620
199.69940186,-60.66924286
199.89013672,-56.17865753
200.08087158,-55.63804626
200.27160645,-71.20982361
200.46234131,-55.69886017
200.65307617,-52.18634796
200.84381104,-54.07962418
201.03454590,-58.03510666
201.22528076,-58.43790436
201.41601562,-60.17876053
201.60675049,-59.01517868
201.79748535,-56.13102341
201.98822021,-53.24887848
202.17895508,-51.75277328
202.36968994,-53.56158829
202.56042480,-56.70081711
202.75115967,-58.20797348
202.94189453,-59.63023376
203.13262939,-54.27550888
203.32336426,-50.53705597
203.51409912,-50.12150192
203.70483398,-51.87409210
203.89556885,-56.86680222
204.08630371,-66.13784027
204.27703857,-58.19766617
204.46777344,-55.07180023
204.65850830,-55.08959198
204.84924316,-58.02519989
205.03997803,-53.90512848
205.23071289,-53.22174072
205.42144775,-61.14363098
205.61218262,-50.19511795
205.80291748,-49.44367981
205.99365234,-52.14652634
206.18438721,-52.25887680
206.37512207,-49.10021210
206.56585693,-52.48696136
206.75659180,-63.47022629
206.94732666,-66.23444366
207.13806152,-67.76618195
207.32879639,-59.68166351
207.51953125,-57.68096161
207.71026611,-58.03561783
207.90100098,-57.57550812
208.09173584,-55.00354767
208.28247070,-55.08409882
208.47320557,-53.62387085
208.66394043,-61.60129166
208.85467529,-54.67140198
209.04541016,-51.45544434
209.23614502,-53.97504807
209.42687988,-57.02085495
209.61761475,-55.93210602
209.80834961,-54.06494904
209.99908447,-52.67179108
210.18981934,-53.96088028
210.38055420,-52.11822891
210.57128906,-52.70669937
210.76202393,-58.84525681
210.95275879,-54.25872040
211.14349365,-57.56672668
211.33422852,-66.08303833
211.52496338,-53.63205719
211.71569824,-52.83378601
211.90643311,-65.11864471
212.09716797,-59.09372330
212.28790283,-57.92026901
212.47863770,-59.28260803
212.66937256,-65.47910309
212.86010742,-69.06687164
213.05084229,-61.09624481
213.24157715,-71.34636688
213.43231201,-72.42701721
213.62304688,-62.16418839
213.81378174,-64.64019012
214.00451660,-52.73558807
214.19525146,-49.72843552
214.38598633,-53.79383850
214.57672119,-67.57248688
214.76745605,-65.06675720
214.95819092,-59.05324554
215.14892578,-59.51716995
215.33966064,-64.28970337
215.53039551,-62.72081757
215.72113037,-58.20663071
215.91186523,-60.26173401
216.10260010,-67.68572998
216.29333496,-61.09001923
216.48406982,-57.89771652
216.67480469,-69.46211243
216.86553955,-54.52951813
217.05627441,-52.52234650
217.24700928,-53.50072479
217.43774414,-51.85964203
217.62847900,-49.60182190
217.81921387,-53.53921509
218.00994873,-56.71575928
218.20068359,-56.50613403
218.39141846,-59.45692444
218.58215332,-70.15181732
218.77288818,-57.77739716
218.96362305,-53.29332352
219.15435791,-53.44612122
219.34509277,-57.60287857
219.53582764,-59.80988312
219.72656250,-58.86936569
219.91729736,-54.25390244
220.10803223,-57.13158417
220.29876709,-75.41712952
220.48950195,-54.90709686
220.68023682,-49.27331543
220.87097168,-48.48142242
221.06170654,-55.41218185
221.25244141,-66.67252350
221.44317627,-55.16334534
221.63391113,-51.38210297
221.82464600,-50.83370590
222.01538086,-47.77030182
222.20611572,-45.04563904
222.39685059,-47.08322906
222.58758545,-57.80125046
222.77832031,-63.03882217
222.96905518,-59.36537170
223.15979004,-57.58647919
223.35052490,-55.11459732
223.54125977,-56.92814255
223.73199463,-56.18475342
223.92272949,-52.69802094
224.11346436,-50.40138245
224.30419922,-49.07373047
224.49493408,-50.63388824
224.68566895,-52.26910019
224.87640381,-50.66229248
225.06713867,-49.22300339
225.25787354,-50.47802353
225.44860840,-51.68025208
225.63934326,-52.76713562
225.83007812,-56.98802948
226.02081299,-56.58078766
226.21154785,-51.22676849
226.40228271,-51.67148209
226.59301758,-54.44603348
226.78375244,-59.66510773
226.97448730,-61.51525879
227.16522217,-64.16325378
227.35595703,-64.29957581
227.54669189,-54.05589294
227.73742676,-52.72314072
227.92816162,-52.86609650
228.11889648,-53.24571609
228.30963135,-63.20861053
228.50036621,-62.33152008
228.69110107,-67.27033997
228.88183594,-53.52469635
229.07257080,-52.36555481
229.26330566,-53.76786041
229.45404053,-53.86079788
229.64477539,-52.58638000
229.83551025,-51.21409988
230.02624512,-52.55557251
230.21697998,-53.47177124
230.40771484,-55.93169785
230.59844971,-61.96790695
230.78918457,-59.57971191
230.97991943,-61.71677017
231.17065430,-71.48445892
231.36138916,-63.08036804
231.55212402,-57.56661987
231.74285889,-60.67767715
231.93359375,-67.09250641
232.12432861,-64.63039398
232.31506348,-59.55759048
232.50579834,-55.72430038
232.69653320,-53.19657135
232.88726807,-52.84334183
233.07800293,-61.36669922
233.26873779,-58.24505615
233.45947266,-61.90808868
233.65020752,-53.55738831
233.84094238,-49.08744049
234.03167725,-50.29544067
234.22241211,-57.78028107
234.41314697,-62.30957413
234.60388184,-60.24628067
234.79461670,-61.74130249
234.98535156,-55.34700775
235.17608643,-48.36042023
235.36682129,-48.09291840
235.55755615,-51.67749023
235.74829102,-54.70592117
235.93902588,-50.79253387
236.12976074,-51.80771255
236.32049561,-53.41801453
236.51123047,-55.18296814
236.70196533,-57.82033539
236.89270020,-59.25646210
237.08343506,-56.06647873
237.27416992,-50.77636337
237.46490479,-50.68634033
237.65563965,-56.59701538
237.84637451,-67.27870178
238.03710938,-66.44126129
238.22784424,-54.59444427
238.41857910,-51.75897980
238.60931396,-52.84869385
238.80004883,-56.60990906
238.99078369,-59.98021698
239.18151855,-53.66309738
239.37225342,-52.57336426
239.56298828,-53.58649445
239.75372314,-55.96582413
239.94445801,-55.45184326
240.13519287,-61.07030869
240.32592773,-61.65503693
240.51666260,-56.27532196
240.70739746,-53.66862488
240.89813232,-51.38767624
241.08886719,-54.00883484
241.27960205,-57.74084473
241.47033691,-57.98902512
241.66107178,-60.48882294
241.85180664,-53.43486023
242.04254150,-54.64801407
242.23327637,-56.76440430
242.42401123,-57.96842575
242.61474609,-59.85947037
242.80548096,-57.35460281
242.99621582,-58.06645203
243.18695068,-63.50462341
243.37768555,-55.24229431
243.56842041,-55.07761002
243.75915527,-60.05970764
243.94989014,-63.55838776
244.14062500,-68.65148163
244.33135986,-56.25558472
244.52209473,-55.35583496
244.71282959,-60.04019928
244.90356445,-62.64641571
245.09429932,-61.19419098
245.28503418,-51.27013397
245.47576904,-51.60033417
245.66650391,-62.84786987
245.85723877,-73.77605438
246.04797363,-63.53593826
246.23870850,-58.79295349
246.42944336,-54.68036652
246.62017822,-51.98834991
246.81091309,-52.19306564
247.00164795,-52.44292831
247.19238281,-53.91172791
247.38311768,-58.66966248
247.57385254,-76.51886749
247.76458740,-59.48721313
247.95532227,-55.59803009
248.14605713,-59.22709656
248.33679199,-70.64753723
248.52752686,-63.23821259
248.71826172,-58.66325378
248.90899658,-59.78910065
249.09973145,-59.30628967
249.29046631,-53.30587769
249.48120117,-49.74405670
249.67193604,-51.93008423
249.86267090,-59.13718796
250.05340576,-67.39027405
250.24414062,-57.82336426
250.43487549,-59.78813553
250.62561035,-63.87844086
250.81634521,-57.54088593
251.00708008,-53.03784943
251.19781494,-52.68304443
251.38854980,-53.00338364
251.57928467,-52.59745026
251.77001953,-52.23059845
251.96075439,-51.80422211
252.15148926,-53.07314301
252.34222412,-56.00402832
252.53295898,-57.08687210
252.72369385,-58.44182968
252.91442871,-56.13854980
253.10516357,-59.87341309
253.29589844,-68.57689667
253.48663330,-60.86165619
253.67736816,-55.89174271
253.86810303,-52.74293900
254.05883789,-52.06143188
254.24957275,-54.61015701
254.44030762,-59.47479630
254.63104248,-62.35053635
254.82177734,-58.97586441
255.01251221,-67.10493469
255.20324707,-65.02734375
255.39398193,-61.09120178
255.58471680,-53.90310287
255.77545166,-48.78651428
255.96618652,-47.41321564
256.15692139,-48.91482925
256.34765625,-52.69579315
256.53839111,-58.61276627
256.72912598,-57.01560211
256.91986084,-60.43010330
257.11059570,-68.86756134
257.30133057,-57.66628265
257.49206543,-55.98077774
257.68280029,-65.03158569
257.87353516,-53.31504059
258.06427002,-53.98315430
258.25500488,-67.50196838
258.44573975,-62.65010071
258.63647461,-64.20397949
258.82720947,-69.46734619
259.01794434,-65.72378540
259.20867920,-57.99735641
259.39941406,-55.85403824
259.59014893,-61.26604462
259.78088379,-73.03084564
259.97161865,-65.33552551
260.16235352,-62.62386703
260.35308838,-61.87118912
260.54382324,-69.14071655
260.73455811,-57.42702866
260.92529297,-56.44268799
261.11602783,-64.98350525
261.30676270,-62.17164993
261.49749756,-60.76176453
261.68823242,-59.75230789
261.87896729,-69.96964264
262.06970215,-62.09726334
262.26043701,-64.82788849
262.45117188,-62.79605103
262.64190674,-54.83965302
262.83264160,-50.68836594
263.02337646,-49.39073181
263.21411133,-52.23159790
263.40484619,-57.51579666
263.59558105,-59.69070053
263.78631592,-61.18927002
263.97705078,-59.86171341
264.16778564,-60.12503815
264.35852051,-54.11166382
264.54925537,-53.49846268
264.73999023,-55.32692337
264.93072510,-51.75963974
265.12145996,-51.09365082
265.31219482,-50.05161285
265.50292969,-49.78582001
265.69366455,-53.18903351
265.88439941,-63.36027145
266.07513428,-56.15429688
266.26586914,-51.47304153
266.45660400,-58.66058350
266.64733887,-55.20553207
266.83807373,-50.89027786
267.02880859,-51.73217773
267.21954346,-57.39492416
267.41027832,-54.23521042
267.60101318,-51.92721939
267.79174805,-53.87593842
267.98248291,-54.41503143
268.17321777,-56.53180695
268.36395264,-75.70824432
268.55468750,-59.38887024
268.74542236,-63.22322845
268.93615723,-60.05346680
269.12689209,-59.35439682
269.31762695,-63.00831604
269.50836182,-58.07106018
269.69909668,-55.23643494
269.88983154,-57.14798737
270.08056641,-64.91832733
270.27130127,-61.40176392
270.46203613,-59.98270035
270.65277100,-64.18236542
270.84350586,-62.16371918
271.03424072,-64.72169495
271.22497559,-71.18881226
271.41571045,-62.32336426
271.60644531,-62.24289703
271.79718018,-67.00727844
271.98791504,-57.81184387
272.17864990,-58.69569397
272.36938477,-58.41598892
272.56011963,-58.57750320
272.75085449,-59.80157471
272.94158936,-57.68233871
273.13232422,-61.74646759
273.32305908,-55.10502625
273.51379395,-51.99062347
273.70452881,-53.20142365
273.89526367,-54.94733429
274.08599854,-56.30410004
274.27673340,-58.97109222
274.46746826,-57.51491165
274.65820312,-54.97752380
274.84893799,-57.13962936
275.03967285,-66.74873352
275.23040771,-60.44682312
275.42114258,-56.75296402
275.61187744,-54.27547836
275.80261230,-54.05120850
275.99334717,-56.61882019
276.18408203,-60.26187515
276.37481689,-65.67944336
276.56555176,-54.75427628
276.75628662,-53.40780258
276.94702148,-57.17948914
277.13775635,-58.09305573
277.32849121,-52.67195129
277.51922607,-49.36812592
277.70996094,-51.94869614
277.90069580,-61.71764755
278.09143066,-56.36129379
278.28216553,-64.36367035
278.47290039,-64.50067139
278.66363525,-57.75830841
278.85437012,-63.80712891
279.04510498,-56.44780731
279.23583984,-53.40806580
279.42657471,-53.51364517
279.61730957,-57.03710175
279.80804443,-56.61180115
279.99877930,-54.07481766
280.18951416,-51.71356583
280.38024902,-49.98346329
280.57098389,-50.05836487
280.76171875,-50.82216263
280.95245361,-52.64992523
281.14318848,-56.01551437
281.33392334,-63.61664581
281.52465820,-65.63679504
281.71539307,-57.91147232
281.90612793,-61.96279144
282.09686279,-65.25294495
282.28759766,-64.36963654
282.47833252,-65.16452789
282.66906738,-65.69030762
282.85980225,-53.31722641
283.05053711,-51.57659912
283.24127197,-53.20139313
283.43200684,-56.39025116
283.62274170,-62.02621078
283.81347656,-66.21374512
284.00421143,-59.04649734
284.19494629,-53.42083740
284.38568115,-55.48513031
284.57641602,-61.54619217
284.76715088,-58.99106598
284.95788574,-57.69157028
285.14862061,-60.81349182
285.33935547,-69.31674194
285.53009033,-71.85065460
285.72082520,-69.27603912
285.91156006,-62.92557144
286.10229492,-59.24515152
286.29302979,-56.49876022
286.48376465,-60.82708359
286.67449951,-65.32740784
286.86523438,-57.20218277
287.05596924,-57.38076782
287.24670410,-64.58914948
287.43743896,-66.48892212
287.62817383,-61.72526932
287.81890869,-56.04874039
288.00964355,-55.94423676
288.20037842,-59.30383682
288.39111328,-58.68699646
288.58184814,-56.24000931
288.77258301,-55.67412949
288.96331787,-60.08094025
289.15405273,-62.41161346
289.34478760,-55.33717728
289.53552246,-56.53133011
289.72625732,-54.04547882
289.91699219,-50.76697922
290.10772705,-50.98995972
290.29846191,-54.23875809
290.48919678,-52.77238464
290.67993164,-54.83183289
290.87066650,-64.38109589
291.06140137,-55.03146744
291.25213623,-51.01670837
291.44287109,-51.97347641
291.63360596,-55.89939880
291.82434082,-58.65236282
292.01507568,-55.72377777
292.20581055,-52.93071747
292.39654541,-51.47138596
292.58728027,-52.80898285
292.77801514,-58.51855850
292.96875000,-55.68088150
293.15948486,-54.04933167
293.35021973,-54.90551758
293.54095459,-55.08915710
293.73168945,-53.75523376
293.92242432,-56.69628143
294.11315918,-62.92583466
294.30389404,-55.36664963
294.49462891,-56.57281876
294.68536377,-58.25110626
294.87609863,-53.46171951
295.06683350,-53.51034164
295.25756836,-54.64678955
295.44830322,-52.55141449
295.63903809,-52.61154556
295.82977295,-56.39492416
296.02050781,-56.53982162
296.21124268,-54.71371460
296.40197754,-54.08972168
296.59271240,-53.17784882
296.78344727,-53.61991882
296.97418213,-49.51602936
297.16491699,-48.86243820
297.35565186,-51.75162888
297.54638672,-54.80376816
297.73712158,-57.34855270
297.92785645,-63.37078857
298.11859131,-70.97222137
298.30932617,-65.65150452
298.50006104,-57.33890533
298.69079590,-56.89550781
298.88153076,-63.78709412
299.07226562,-60.55629349
299.26300049,-56.47814178
299.45373535,-59.34796906
299.64447021,-57.26083755
299.83520508,-54.59023285
300.02593994,-53.54384995
300.21667480,-55.57688141
300.40740967,-58.37308884
300.59814453,-55.13908768
300.78887939,-91.65216064
300.97961426,-56.81673050
301.17034912,-63.61137772
301.36108398,-67.47644043
301.55181885,-59.26845932
301.74255371,-58.78921127
301.93328857,-64.56938171
302.12402344,-60.33005524
302.31475830,-56.71476364
302.50549316,-57.76128769
302.69622803,-57.22878265
302.88696289,-62.75984955
303.07769775,-56.46408463
303.26843262,-51.91975403
303.45916748,-53.36434937
303.64990234,-59.24308014
303.84063721,-51.59961319
304.03137207,-49.26172638
304.22210693,-50.87667084
304.41284180,-54.21769714
304.60357666,-55.99879456
304.79431152,-56.90345383
304.98504639,-56.22593689
305.17578125,-55.82755661
305.36651611,-55.59778595
305.55725098,-54.41967773
305.74798584,-54.26495361
305.93872070,-55.73560333
306.12945557,-54.26296234
306.32019043,-59.02805710
306.51092529,-65.97219086
306.70166016,-54.42294312
306.89239502,-53.94229507
307.08312988,-55.92538452
307.27386475,-59.91302872
307.46459961,-66.14520264
307.65533447,-58.27890015
307.84606934,-59.25321960
308.03680420,-60.51743317
308.22753906,-64.34037018
308.41827393,-60.15722275
308.60900879,-54.78897858
308.79974365,-54.36083984
308.99047852,-56.32940292
309.18121338,-57.50590897
309.37194824,-58.23590088
309.56268311,-56.31898880
309.75341797,-57.13702774
309.94415283,-62.02474976
310.13488770,-57.25473022
310.32562256,-61.90375900
310.51635742,-58.34422302
310.70709229,-58.49603271
310.89782715,-65.29988861
311.08856201,-78.29943848
311.27929688,-61.03595352
311.47003174,-55.16349792
311.66076660,-53.56515503
311.85150146,-57.05718994
312.04223633,-66.79803467
312.23297119,-60.47634125
312.42370605,-57.25181961
312.61444092,-55.34371948
312.80517578,-58.66283798
312.99591064,-59.16259766
313.18664551,-55.49736786
313.37738037,-55.30865097
313.56811523,-53.54838562
313.75885010,-54.53065491
313.94958496,-61.04679108
314.14031982,-66.38204956
314.33105469,-62.03319931
314.52178955,-56.37928772
314.71252441,-55.69195175
314.90325928,-55.55344009
315.09399414,-54.62402344
315.28472900,-59.77136993
315.47546387,-70.90837097
315.66619873,-67.40434265
315.85693359,-67.31129456
316.04766846,-74.67131042
316.23840332,-66.67047119
316.42913818,-58.39068985
316.61987305,-54.69597626
316.81060791,-52.91586304
317.00134277,-54.36750793
317.19207764,-62.35935974
317.38281250,-88.20944214
317.57354736,-70.07458496
317.76428223,-64.67164612
317.95501709,-59.95420074
318.14575195,-57.52489471
318.33648682,-80.09310913
318.52722168,-54.51876831
318.71795654,-51.25957870
318.90869141,-55.44382477
319.09942627,-64.00360870
319.29016113,-58.67931747
319.48089600,-53.51420593
319.67163086,-57.78321838
319.86236572,-60.26091003
320.05310059,-53.62340546
320.24383545,-53.07794189
320.43457031,-56.30565643
320.62530518,-62.20872498
320.81604004,-74.33479309
321.00677490,-55.09901047
321.19750977,-50.09646606
321.38824463,-50.61989594
321.57897949,-53.10282135
321.76971436,-56.15903854
321.96044922,-54.70279694
322.15118408,-51.69808960
322.34191895,-52.66753769
322.53265381,-61.68363571
322.72338867,-56.75444794
322.91412354,-51.08884811
323.10485840,-53.73372650
323.29559326,-61.11088181
323.48632812,-56.32036591
323.67706299,-55.43872452
323.86779785,-53.15761566
324.05853271,-51.94616699
324.24926758,-52.47678375
324.44000244,-55.73871613
324.63073730,-63.60594177
324.82147217,-60.69268799
325.01220703,-56.36286926
325.20294189,-50.20269775
325.39367676,-48.96439362
325.58441162,-51.32397461
325.77514648,-51.97225189
325.96588135,-52.72930145
326.15661621,-55.88838577
326.34735107,-54.40842056
326.53808594,-51.22317886
326.72882080,-50.68301773
326.91955566,-52.15627670
327.11029053,-56.25927734
327.30102539,-61.76616669
327.49176025,-69.45210266
327.68249512,-66.16033173
327.87322998,-53.75796509
328.06396484,-49.34452820
328.25469971,-51.85145950
328.44543457,-60.20380020
328.63616943,-73.54383850
328.82690430,-67.13345337
329.01763916,-57.49273682
329.20837402,-60.23328400
329.39910889,-57.69384766
329.58984375,-51.85213089
329.78057861,-53.29082108
329.97131348,-61.78860092
330.16204834,-58.38239288
330.35278320,-54.16350937
330.54351807,-54.20294189
330.73425293,-55.47756577
330.92498779,-54.99826813
331.11572266,-52.60982895
331.30645752,-49.49456024
331.49719238,-48.86465073
331.68792725,-52.88146973
331.87866211,-61.26239395
332.06939697,-71.03603363
332.26013184,-62.17326736
332.45086670,-62.81226349
332.64160156,-55.60056686
332.83233643,-52.97734070
333.02307129,-57.96868896
333.21380615,-65.41831207
333.40454102,-58.13204956
333.59527588,-56.17738342
333.78601074,-67.05568695
333.97674561,-66.85911560
334.16748047,-60.40042114
334.35821533,-54.62817764
334.54895020,-52.29744720
334.73968506,-50.75354004
334.93041992,-51.83257294
335.12115479,-55.55176544
335.31188965,-63.47964859
335.50262451,-61.07001495
335.69335938,-56.79456711
335.88409424,-55.87743759
336.07482910,-54.81597900
336.26556396,-55.11807251
336.45629883,-59.34572601
336.64703369,-54.91854095
336.83776855,-56.71624756
337.02850342,-59.87690353
337.21923828,-55.09519577
337.40997314,-55.56912994
337.60070801,-55.88183975
337.79144287,-62.61214447
337.98217773,-58.30401611
338.17291260,-55.96324921
338.36364746,-61.62073517
338.55438232,-54.64868927
338.74511719,-53.06179810
338.93585205,-54.74865341
339.12658691,-53.90016556
339.31732178,-56.68078613
339.50805664,-63.95059967
339.69879150,-65.01395416
339.88952637,-57.69108582
340.08026123,-54.50877762
340.27099609,-55.29901505
340.46173096,-61.27327347
340.65246582,-63.20459747
340.84320068,-69.71873474
341.03393555,-54.79665756
341.22467041,-51.02352905
341.41540527,-51.91825485
341.60614014,-58.82149506
341.79687500,-53.41652298
341.98760986,-54.46692657
342.17834473,-68.10845184
342.36907959,-55.86972046
342.55981445,-54.87835312
342.75054932,-51.85452271
342.94128418,-53.42639923
343.13201904,-58.81557846
343.32275391,-60.43798828
343.51348877,-51.04078674
343.70422363,-49.38251495
343.89495850,-51.98894119
344.08569336,-61.25721359
344.27642822,-57.28514099
344.46716309,-52.18824387
344.65789795,-52.42030716
344.84863281,-53.82421112
345.03936768,-52.96873093
345.23010254,-53.01944733
345.42083740,-58.66931534
345.61157227,-68.10018158
345.80230713,-63.93970871
345.99304199,-60.10397339
346.18377686,-58.74005890
346.37451172,-57.09430313
346.56524658,-56.41204453
346.75598145,-55.18840408
346.94671631,-51.67697144
347.13745117,-50.38936234
347.32818604,-52.05669022
347.51892090,-58.94696808
347.70965576,-64.78146362
347.90039062,-59.98289490
348.09112549,-67.39756775
348.28186035,-74.43261719
348.47259521,-58.58901978
348.66333008,-52.31809235
348.85406494,-53.36982727
349.04479980,-63.30776978
349.23553467,-57.58287048
349.42626953,-52.30400848
349.61700439,-54.31933975
349.80773926,-63.60352325
349.99847412,-54.81063461
350.18920898,-52.53884125
350.37994385,-50.66315079
350.57067871,-49.99007797
350.76141357,-51.67217255
350.95214844,-52.85481262
351.14288330,-52.31529617
351.33361816,-52.50055695
351.52435303,-54.93175125
351.71508789,-64.51345825
351.90582275,-62.38921356
352.09655762,-61.36616516
352.28729248,-61.86481476
352.47802734,-58.57550812
352.66876221,-54.16577911
352.85949707,-54.05788803
353.05023193,-57.06338882
353.24096680,-57.21279144
353.43170166,-61.21450806
353.62243652,-63.31766129
353.81317139,-68.69853210
354.00390625,-57.08457947
354.19464111,-54.26940155
354.38537598,-64.22250366
354.57611084,-57.55437469
354.76684570,-56.24538803
354.95758057,-56.89981461
355.14831543,-54.50457764
355.33905029,-53.38916779
355.52978516,-56.09125137
355.72052002,-63.02380371
355.91125488,-66.06171417
356.10198975,-58.23354340
356.29272461,-57.68959427
356.48345947,-66.24082184
356.67419434,-59.34650040
356.86492920,-61.73179626
357.05566406,-53.26146698
357.24639893,-56.19549561
357.43713379,-60.52864456
357.62786865,-56.95603180
357.81860352,-58.40318680
358.00933838,-60.28640747
358.20007324,-52.76998520
358.39080811,-57.74237061
358.58154297,-65.34033203
358.77227783,-80.17965698
358.96301270,-62.07573318
359.15374756,-69.95677185
359.34448242,-61.60533524
359.53521729,-54.57635498
359.72595215,-49.58323669
359.91668701,-50.52694702
360.10742188,-52.52409363
360.29815674,-53.33782578
360.48889160,-58.16625214
360.67962646,-63.26470947
360.87036133,-62.49654388
361.06109619,-49.64009094
361.25183105,-48.35813141
361.44256592,-53.54980469
361.63330078,-53.07983398
361.82403564,-53.45072937
362.01477051,-56.44570160
362.20550537,-60.02377319
362.39624023,-60.47891998
362.58697510,-58.18046188
362.77770996,-55.97283936
362.96844482,-62.44952393
363.15917969,-61.95988464
363.34991455,-57.30696869
363.54064941,-61.73546600
363.73138428,-68.19911194
363.92211914,-62.82982254
364.11285400,-55.79175568
364.30358887,-51.69889832
364.49432373,-55.91770935
364.68505859,-66.51048279
364.87579346,-64.68408203
365.06652832,-60.57694244
365.25726318,-60.92399979
365.44799805,-59.92820740
365.63873291,-60.74145889
365.82946777,-54.80035400
366.02020264,-53.00567245
366.21093750,-54.47357941
366.40167236,-53.77094650
366.59240723,-55.87156677
366.78314209,-59.37911224
366.97387695,-54.42195511
367.16461182,-55.97385406
367.35534668,-55.85894775
367.54608154,-53.94065094
367.73681641,-53.78410721
367.92755127,-59.39518356
368.11828613,-67.02210236
368.30902100,-59.82475662
368.49975586,-56.21986389
368.69049072,-70.67430115
368.88122559,-56.01955032
369.07196045,-50.31897736
369.26269531,-52.83094406
369.45343018,-62.46519470
369.64416504,-51.81404114
369.83489990,-51.03729248
370.02563477,-52.46250534
370.21636963,-54.01523590
370.40710449,-53.62675476
370.59783936,-58.13706207
370.78857422,-59.19785309
370.97930908,-59.55799484
371.17004395,-61.15570450
371.36077881,-61.69032288
371.55151367,-66.68398285
371.74224854,-65.88725281
371.93298340,-60.23949432
372.12371826,-66.64559937
372.31445312,-63.49456787
372.50518799,-61.80482483
372.69592285,-63.41217804
372.88665771,-55.80762863
373.07739258,-53.80516434
373.26812744,-54.54847717
373.45886230,-56.01232529
373.64959717,-57.35667801
373.84033203,-60.28118515
374.03106689,-58.16659546
374.22180176,-53.22410202
374.41253662,-52.26865387
374.60327148,-53.99595261
374.79400635,-55.63329697
374.98474121,-55.33250809
375.17547607,-57.80173874
375.36621094,-59.91754913
375.55694580,-56.53572845
375.74768066,-56.05761719
375.93841553,-62.50673676
376.12915039,-57.60795593
376.31988525,-53.78509521
376.51062012,-53.80322266
376.70135498,-57.63246155
376.89208984,-61.37490082
377.08282471,-67.71107483
377.27355957,-57.09613419
377.46429443,-54.54380798
377.65502930,-53.55044937
377.84576416,-55.18005371
378.03649902,-57.68092728
378.22723389,-56.10477448
378.41796875,-56.52798080
378.60870361,-63.71051407
378.79943848,-59.47725677
378.99017334,-69.76084900
379.18090820,-66.07939911
379.37164307,-67.40882874
379.56237793,-58.06774902
379.75311279,-60.96516037
379.94384766,-63.12713242
380.13458252,-56.12638474
380.32531738,-53.99469376
380.51605225,-53.08885956
380.70678711,-52.59925842
380.89752197,-53.45887756
381.08825684,-57.65720749
381.27899170,-70.24505615
381.46972656,-61.20235443
381.66046143,-55.84978485
381.85119629,-55.58976746
382.04193115,-60.46541214
382.23266602,-61.35114288
382.42340088,-59.68630981
382.61413574,-56.47287750
382.80487061,-55.25190735
382.99560547,-55.06465149
383.18634033,-53.26842499
383.37707520,-53.48315430
383.56781006,-53.63022614
383.75854492,-57.76931763
383.94927979,-61.41168976
384.14001465,-56.37487030
384.33074951,-62.61902618
384.52148438,-60.15398026
384.71221924,-52.53524399
384.90295410,-51.95732498
385.09368896,-55.00259018
385.28442383,-52.86273956
385.47515869,-50.18312073
385.66589355,-52.28050232
385.85662842,-57.07192993
386.04736328,-56.98945618
386.23809814,-54.74704742
386.42883301,-52.38834763
386.61956787,-55.38161850
386.81030273,-63.36747742
387.00103760,-57.07300186
387.19177246,-51.06185150
387.38250732,-50.07366180
387.57324219,-51.77385330
387.76397705,-57.65722656
387.95471191,-63.42033005
388.14544678,-57.03681564
388.33618164,-51.54553986
388.52691650,-52.00452805
388.71765137,-57.55823517
388.90838623,-61.65642166
389.09912109,-58.11180496
389.28985596,-59.51785660
389.48059082,-71.78626251
389.67132568,-60.26346207
389.86206055,-61.33454895
390.05279541,-74.07568359
390.24353027,-60.49839783
390.43426514,-54.42606354
390.62500000,-52.32904434
390.81573486,-51.84362030
391.00646973,-53.91101456
391.19720459,-54.58303452
391.38793945,-55.03650284
391.57867432,-54.59041214
391.76940918,-53.48390579
391.96014404,-58.69644928
392.15087891,-62.65901947
392.34161377,-54.82889557
392.53234863,-53.77035522
392.72308350,-56.19998932
392.91381836,-69.12968445
393.10455322,-58.34815979
393.29528809,-55.14212036
393.48602295,-53.83088684
393.67675781,-53.07684326
393.86749268,-54.13478088
394.05822754,-55.79777145
394.24896240,-64.16902924
394.43969727,-63.19703674
394.63043213,-56.77287292
394.82116699,-58.91310120
395.01190186,-74.18099976
395.20263672,-66.50653076
395.39337158,-61.03968811
395.58410645,-73.10334015
395.77484131,-55.93536758
395.96557617,-51.86367798
396.15631104,-53.26673889
396.34704590,-55.77830887
396.53778076,-60.45866013
396.72851562,-62.05480194
396.91925049,-58.92894745
397.10998535,-54.30340576
397.30072021,-52.68468857
397.49145508,-56.13065338
397.68218994,-63.87078094
397.87292480,-63.36584473
398.06365967,-55.57495499
398.25439453,-57.16850281
398.44512939,-67.62651062
398.63586426,-62.14439774
398.82659912,-64.46362305
399.01733398,-66.47420502
399.20806885,-65.57053375
399.39880371,-64.53851318
399.58953857,-59.71807098
399.78027344,-55.89036942
399.97100830,-55.03251648
400.16174316,-57.51107788
400.35247803,-61.64425278
400.54321289,-62.96731567
400.73394775,-63.38054657
400.92468262,-64.01905823
401.11541748,-59.57990646
401.30615234,-53.17884827
401.49688721,-49.34907532
401.68762207,-51.08164978
401.87835693,-56.81219101
402.06909180,-63.62733841
402.25982666,-58.31925201
402.45056152,-55.90129852
402.64129639,-54.24993134
402.83203125,-55.77709198
403.02276611,-58.62804794
403.21350098,-56.82697296
403.40423584,-58.66363144
403.59497070,-65.26338196
403.78570557,-69.83732605
403.97644043,-56.45955658
404.16717529,-50.41057968
404.35791016,-49.74430847
404.54864502,-51.60087585
404.73937988,-55.96124649
404.93011475,-57.05767822
405.12084961,-54.46378708
405.31158447,-57.34660721
405.50231934,-60.00795746
405.69305420,-57.83194733
405.88378906,-52.36470795
406.07452393,-53.41145325
406.26525879,-54.33511734
406.45599365,-55.51622772
406.64672852,-52.26135635
406.83746338,-54.79765320
407.02819824,-73.72160339
407.21893311,-56.06785202
407.40966797,-53.39052582
407.60040283,-54.04164124
407.79113770,-55.96508789
407.98187256,-59.35281754
408.17260742,-65.74797058
408.36334229,-63.45186234
408.55407715,-54.31137085
408.74481201,-51.84274292
408.93554688,-58.88198853
409.12628174,-60.33229065
409.31701660,-55.85154724
409.50775146,-57.47100067
409.69848633,-63.96369553
409.88922119,-70.74744415
410.07995605,-60.68984985
410.27069092,-54.21384811
410.46142578,-49.60788345
410.65216064,-48.80101776
410.84289551,-51.06658936
411.03363037,-57.75726318
411.22436523,-56.68587112
411.41510010,-53.85033035
411.60583496,-56.54838943
411.79656982,-56.83010864
411.98730469,-52.65222168
412.17803955,-51.86188507
412.36877441,-50.82378769
412.55950928,-53.25857544
412.75024414,-66.10923004
412.94097900,-56.83135605
413.13171387,-53.93437195
413.32244873,-54.79092026
413.51318359,-59.58635330
413.70391846,-92.69773865
413.89465332,-64.21519470
414.08538818,-64.26171112
414.27612305,-59.94351959
414.46685791,-55.95851135
414.65759277,-55.32786942
414.84832764,-54.05599213
415.03906250,-53.47109985
415.22979736,-54.19808960
415.42053223,-61.05693436
415.61126709,-67.63086700
415.80200195,-60.65121078
415.99273682,-54.35486221
416.18347168,-54.70388412
416.37420654,-59.74190140
416.56494141,-62.25099945
416.75567627,-62.75016022
416.94641113,-58.97378540
417.13714600,-58.30652237
417.32788086,-55.19900894
417.51861572,-51.43831635
417.70935059,-50.92972565
417.90008545,-54.08024597
418.09082031,-58.74929428
418.28155518,-60.25724792
418.47229004,-59.75101089
418.66302490,-67.14373779
418.85375977,-61.50825882
419.04449463,-68.45449829
419.23522949,-58.87156677
419.42596436,-53.92914581
419.61669922,-52.35836792
419.80743408,-55.07295609
419.99816895,-64.52627563
420.18890381,-63.07170486
420.37963867,-54.82834625
420.57037354,-56.16757965
420.76110840,-59.79636383
420.95184326,-59.71167755
421.14257812,-60.85390091
421.33331299,-58.14193726
421.52404785,-55.22559357
421.71478271,-55.20644760
421.90551758,-54.44861603
422.09625244,-53.24407959
422.28698730,-57.35349655
422.47772217,-59.00061798
422.66845703,-56.63147736
422.85919189,-60.56993484
423.04992676,-58.98520660
423.24066162,-58.60650635
423.43139648,-56.56705475
423.62213135,-56.61479187
423.81286621,-60.33301926
424.00360107,-61.08308792
424.19433594,-66.01536560
424.38507080,-59.20444107
424.57580566,-55.27566528
424.76654053,-59.88817596
424.95727539,-57.95725250
425.14801025,-54.00937653
425.33874512,-54.32002258
425.52947998,-60.45581436
425.72021484,-53.05588150
425.91094971,-48.55974579
426.10168457,-50.37094116
426.29241943,-62.30165100
426.48315430,-53.17964172
426.67388916,-54.77725601
426.86462402,-57.18425369
427.05535889,-59.10506439
427.24609375,-70.50974274
427.43682861,-56.07907867
427.62756348,-55.26424408
427.81829834,-63.11128235
428.00903320,-58.91292953
428.19976807,-52.44692230
428.39050293,-56.24607849
428.58123779,-72.72050476
428.77197266,-62.63310242
428.96270752,-54.36319351
429.15344238,-56.61817551
429.34417725,-55.89416504
429.53491211,-52.90717316
429.72564697,-54.84183884
429.91638184,-60.66569519
430.10711670,-75.30719757
430.29785156,-60.42053986
430.48858643,-53.94443512
430.67932129,-54.06523895
430.87005615,-70.07469177
431.06079102,-65.95879364
431.25152588,-58.17509079
431.44226074,-50.16393280
431.63299561,-51.66253662
431.82373047,-56.87770081
432.01446533,-60.08957672
432.20520020,-64.71060944
432.39593506,-56.51107025
432.58666992,-59.40764618
432.77740479,-60.04251099
432.96813965,-60.59657288
433.15887451,-60.42953873
433.34960938,-61.10829163
433.54034424,-54.52099609
433.73107910,-58.67863083
433.92181396,-59.21397781
434.11254883,-55.35540009
434.30328369,-60.95598221
434.49401855,-64.76578522
434.68475342,-65.22454071
434.87548828,-59.13398361
435.06622314,-59.75222015
435.25695801,-60.64725494
435.44769287,-53.03125381
435.63842773,-57.50060272
435.82916260,-74.20339966
436.01989746,-58.81284332
436.21063232,-58.95223236
436.40136719,-60.07215881
436.59210205,-56.80288696
436.78283691,-59.00321960
436.97357178,-66.63451385
437.16430664,-69.17565155
437.35504150,-62.17537689
437.54577637,-56.92381287
437.73651123,-54.17302704
437.92724609,-59.40782928
438.11798096,-69.20981598
438.30871582,-67.33569336
438.49945068,-53.82956696
438.69018555,-54.00076294
438.88092041,-58.34785461
439.07165527,-60.97523499
439.26239014,-56.14146423
439.45312500,-52.37888336
439.64385986,-55.76458740
439.83459473,-61.88032532
440.02532959,-61.52545547
440.21606445,-61.07027435
440.40679932,-64.18725586
440.59753418,-70.79629517
440.78826904,-60.20619202
440.97900391,-51.79348755
441.16973877,-47.61910248
441.36047363,-50.33198929
441.55120850,-56.91165924
441.74194336,-60.86856842
441.93267822,-62.27843857
442.12341309,-65.18862915
442.31414795,-67.37179565
442.50488281,-58.87234116
442.69561768,-62.60526657
442.88635254,-61.44956589
443.07708740,-64.23732758
443.26782227,-63.84757996
443.45855713,-62.14121246
443.64929199,-60.03296280
443.84002686,-62.59549713
444.03076172,-65.43104553
444.22149658,-63.00899506
444.41223145,-62.00872040
444.60296631,-73.27577209
444.79370117,-60.34764862
444.98443604,-55.10289001
445.17517090,-52.49255371
445.36590576,-54.17356110
445.55664062,-57.33974838
445.74737549,-58.55653381
445.93811035,-59.92467499
446.12884521,-72.64273071
446.31958008,-62.22792816
446.51031494,-68.21945190
446.70104980,-66.27298737
446.89178467,-56.37026215
447.08251953,-53.98044968
447.27325439,-54.71387863
447.46398926,-53.60208511
447.65472412,-53.54870605
447.84545898,-57.37817383
448.03619385,-68.28331757
448.22692871,-68.06549835
448.41766357,-64.57183838
448.60839844,-66.73177338
448.79913330,-59.97309875
448.98986816,-62.68350601
449.18060303,-69.90096283
449.37133789,-58.76375580
449.56207275,-54.18804169
449.75280762,-56.02955246
449.94354248,-71.29032135
450.13427734,-63.90343094
450.32501221,-61.08321762
450.51574707,-54.66902924
450.70648193,-53.47316360
450.89721680,-60.33480072
451.08795166,-56.11186218
451.27868652,-53.36186981
451.46942139,-54.75767517
451.66015625,-59.96905518
451.85089111,-63.40391159
452.04162598,-57.23886108
452.23236084,-53.08753586
452.42309570,-52.58526230
452.61383057,-53.96250916
452.80456543,-62.01994324
452.99530029,-59.46563339
453.18603516,-59.75357819
453.37677002,-57.64909744
453.56750488,-55.02665710
453.75823975,-84.30383301
453.94897461,-54.22859955
454.13970947,-56.93500137
454.33044434,-59.99179840
454.52117920,-57.78411484
454.71191406,-65.15912628
454.90264893,-59.41830063
455.09338379,-56.27069092
455.28411865,-57.66292191
455.47485352,-74.75205994
455.66558838,-59.79467773
455.85632324,-58.38592148
456.04705811,-56.52087784
456.23779297,-55.00780106
456.42852783,-58.05331421
456.61926270,-61.39768219
456.80999756,-56.65081787
457.00073242,-54.60941315
457.19146729,-62.45879745
457.38220215,-52.60184479
457.57293701,-52.13282776
457.76367188,-67.62129211
457.95440674,-54.45404816
458.14514160,-52.69168091
458.33587646,-56.28516388
458.52661133,-56.83279037
458.71734619,-55.38637543
458.90808105,-55.00137711
459.09881592,-59.82319641
459.28955078,-61.25083160
459.48028564,-57.19244385
459.67102051,-56.02598572
459.86175537,-59.67487717
460.05249023,-61.35978317
460.24322510,-60.11253738
460.43395996,-56.73961639
460.62469482,-55.24439240
460.81542969,-55.50282288
461.00616455,-62.45468903
461.19689941,-66.82629395
461.38763428,-63.93472672
461.57836914,-55.74457169
461.76910400,-57.78121948
461.95983887,-52.73178482
462.15057373,-50.72311783
462.34130859,-52.11103821
462.53204346,-54.20091248
462.72277832,-57.63086319
462.91351318,-67.27252960
463.10424805,-68.98699951
463.29498291,-63.12739944
463.48571777,-58.13092041
463.67645264,-61.04463959
463.86718750,-59.91085434
464.05792236,-52.84625244
464.24865723,-52.81641388
464.43939209,-54.28191376
464.63012695,-54.42107773
464.82086182,-61.16414642
465.01159668,-51.94638062
465.20233154,-49.01814270
465.39306641,-51.86011887
465.58380127,-52.22239685
465.77453613,-52.77223587
465.96527100,-55.88415146
466.15600586,-54.80109787
466.34674072,-50.14883423
466.53747559,-49.89965820
466.72821045,-52.47719574
466.91894531,-58.77351379
467.10968018,-78.48614502
467.30041504,-61.45185471
467.49114990,-68.60826111
467.68188477,-58.94580078
467.87261963,-65.27777100
468.06335449,-54.05143356
468.25408936,-49.54077911
468.44482422,-52.90826416
468.63555908,-60.49265289
468.82629395,-62.00968933
469.01702881,-71.42713165
469.20776367,-65.24720001
469.39849854,-57.21370316
469.58923340,-54.77396011
469.77996826,-56.72726440
469.97070312,-58.43900299
470.16143799,-54.88574219
470.35217285,-54.47871780
470.54290771,-58.50782776
470.73364258,-71.62451172
470.92437744,-55.15466690
471.11511230,-52.60121155
471.30584717,-57.87117767
471.49658203,-66.91680145
471.68731689,-61.29605865
471.87805176,-56.52098083
472.06878662,-55.07049179
472.25952148,-58.32161331
472.45025635,-57.66231918
472.64099121,-53.99565125
472.83172607,-61.12142944
473.02246094,-76.18417358
473.21319580,-68.11743927
473.40393066,-63.40831757
473.59466553,-65.59669495
473.78540039,-60.96759796
473.97613525,-56.59377670
474.16687012,-57.79214859
474.35760498,-55.47912216
474.54833984,-60.95382690
474.73907471,-57.27437592
474.92980957,-58.03861618
475.12054443,-64.88524628
475.31127930,-56.28042603
475.50201416,-62.69620895
475.69274902,-75.39476776
475.88348389,-60.22331619
476.07421875,-51.39171982
476.26495361,-50.28427505
476.45568848,-57.37224960
476.64642334,-58.13761902
476.83715820,-59.20586395
477.02789307,-65.17072296
477.21862793,-61.49162674
477.40936279,-54.77342606
477.60009766,-51.45095062
477.79083252,-51.41081238
477.98156738,-56.01299286
478.17230225,-60.30605316
478.36303711,-60.13750076
478.55377197,-62.57049179
478.74450684,-63.01158524
478.93524170,-67.40035248
479.12597656,-58.07418442
479.31671143,-64.54823303
479.50744629,-55.75009155
479.69818115,-55.82012558
479.88891602,-55.06039047
480.07965088,-50.15947342
480.27038574,-51.84922028
480.46112061,-65.25666809
480.65185547,-70.47059631
480.84259033,-66.77613831
481.03332520,-76.46121216
481.22406006,-62.69529343
481.41479492,-59.59889984
481.60552979,-56.89834976
481.79626465,-57.87302399
481.98699951,-56.42387772
482.17773438,-56.77355194
482.36846924,-65.25791931
482.55920410,-60.36981583
482.74993896,-55.03098297
482.94067383,-54.74796677
483.13140869,-56.19242859
483.32214355,-59.27764130
483.51287842,-68.49187469
483.70361328,-52.92724228
483.89434814,-50.85922241
484.08508301,-54.62701797
484.27581787,-59.72969437
484.46655273,-57.24233627
484.65728760,-55.22251511
484.84802246,-60.79993439
485.03875732,-73.62264252
485.22949219,-67.92304993
485.42022705,-61.74913025
485.61096191,-57.71007538
485.80169678,-54.45867157
485.99243164,-56.67659378
486.18316650,-66.56752014
486.37390137,-67.00878906
486.56463623,-67.19676208
486.75537109,-63.83682632
486.94610596,-65.50847626
487.13684082,-62.83207703
487.32757568,-57.57453918
487.51831055,-57.94178772
487.70904541,-70.98674011
487.89978027,-59.86188889
488.09051514,-65.61154175
488.28125000,-57.42883682
488.47198486,-54.86010742
488.66271973,-58.82361603
488.85345459,-61.46150589
489.04418945,-58.63807678
489.23492432,-51.39055634
489.42565918,-48.89598465
489.61639404,-50.42738342
489.80712891,-57.51545715
489.99786377,-56.54088974
490.18859863,-53.94923401
490.37933350,-58.83871460
490.57006836,-58.00188446
490.76080322,-60.21184540
490.95153809,-59.53771591
491.14227295,-63.47875214
491.33300781,-59.27974319
491.52374268,-56.49923706
491.71447754,-59.59329224
491.90521240,-61.16490936
492.09594727,-54.63283539
492.28668213,-52.39764404
492.47741699,-51.32275391
492.66815186,-55.15020370
492.85888672,-62.14488983
493.04962158,-58.17038727
493.24035645,-58.23119354
493.43109131,-55.72786331
493.62182617,-57.43648529
493.81256104,-54.94120789
494.00329590,-51.92327881
494.19403076,-52.02839279
494.38476562,-59.02669907
494.57550049,-55.35692215
494.76623535,-55.15382767
494.95697021,-64.87387848
495.14770508,-52.89349365
495.33843994,-55.14724731
495.52917480,-55.25539780
495.71990967,-55.50799561
495.91064453,-64.42758179
496.10137939,-59.19769669
496.29211426,-53.71143341
496.48284912,-52.46801758
496.67358398,-55.59899139
496.86431885,-56.86901855
497.05505371,-53.58304596
497.24578857,-54.33303833
497.43652344,-62.47056961
497.62725830,-60.03028488
497.81799316,-57.91784668
498.00872803,-54.67364502
498.19946289,-54.10645294
498.39019775,-54.19500351
498.58093262,-53.63970947
498.77166748,-55.60830688
498.96240234,-61.07131577
499.15313721,-64.92867279
499.34387207,-61.36312103
499.53460693,-56.02924347
499.72534180,-55.42354202
499.91607666,-64.27215576
500.10681152,-57.87185669
500.29754639,-52.11960220
500.48828125,-52.05110550
500.67901611,-54.21169281
500.86975098,-57.87104797
501.06048584,-60.82994843
501.25122070,-64.77630615
501.44195557,-63.20738220
501.63269043,-59.18984222
501.82342529,-56.58029938
502.01416016,-56.53985596
502.20489502,-54.44160461
502.39562988,-55.70237732
502.58636475,-57.68402100
502.77709961,-60.51401138
502.96783447,-50.71123505
503.15856934,-51.83731842
503.34930420,-53.78918457
503.54003906,-54.93481445
503.73077393,-54.29524994
503.92150879,-53.69044876
504.11224365,-54.92980957
504.30297852,-60.83605957
504.49371338,-59.59916687
504.68444824,-52.12490082
504.87518311,-52.34694672
505.06591797,-60.93299866
505.25665283,-63.81469345
505.44738770,-74.93601990
505.63812256,-68.27143860
505.82885742,-63.83473206
506.01959229,-53.21714783
506.21032715,-52.23072815
506.40106201,-54.95677948
506.59179688,-54.00010681
506.78253174,-52.78694916
506.97326660,-55.89740753
507.16400146,-59.27414322
507.35473633,-56.95552826
507.54547119,-55.92718124
507.73620605,-54.36330795
507.92694092,-55.88569641
508.11767578,-52.49614334
508.30841064,-52.56021118
508.49914551,-57.17286682
508.68988037,-56.23867798
508.88061523,-59.58303833
509.07135010,-72.34208679
509.26208496,-74.17896271
509.45281982,-65.00633240
509.64355469,-64.31900787
509.83428955,-58.65738678
510.02502441,-55.49586487
510.21575928,-56.40279388
510.40649414,-57.02703857
510.59722900,-57.35039520
510.78796387,-56.54341888
510.97869873,-61.30305481
511.16943359,-61.78591919
511.36016846,-62.07672119
511.55090332,-58.81173706
511.74163818,-56.33819962
511.93237305,-55.84861755
512.12310791,-57.66498947
512.31384277,-59.64660645
512.50457764,-59.76750946
512.69531250,-60.46970367
512.88604736,-69.10355377
513.07678223,-63.05668259
513.26751709,-54.59564590
513.45825195,-56.38808441
513.64898682,-60.26473999
513.83972168,-56.54132462
514.03045654,-57.81038666
514.22119141,-55.89916229
514.41192627,-50.25210571
514.60266113,-48.08773804
514.79339600,-49.89618683
514.98413086,-54.55631256
515.17486572,-59.25376892
515.36560059,-52.82886887
515.55633545,-51.87675858
515.74707031,-53.13871002
515.93780518,-53.39042282
516.12854004,-57.46708679
516.31927490,-56.83510590
516.51000977,-59.37517166
516.70074463,-60.39415359
516.89147949,-58.99811554
517.08221436,-55.99096680
517.27294922,-52.52467346
517.46368408,-52.44209671
517.65441895,-58.59392548
517.84515381,-60.55690384
518.03588867,-54.13560486
518.22662354,-54.98814392
518.41735840,-61.29607391
518.60809326,-66.53032684
518.79882812,-59.12388229
518.98956299,-56.05388641
519.18029785,-56.15404510
519.37103271,-60.64841461
519.56176758,-65.55320740
519.75250244,-61.54899597
519.94323730,-57.26881409
520.13397217,-65.46754456
520.32470703,-66.49205017
520.51544189,-57.73659134
520.70617676,-53.57260132
520.89691162,-54.67125320
521.08764648,-59.72052002
521.27838135,-70.85486603
521.46911621,-58.52187729
521.65985107,-64.78610229
521.85058594,-58.66026306
522.04132080,-70.97181702
522.23205566,-56.67493439
522.42279053,-51.36596680
522.61352539,-51.50049591
522.80426025,-61.29615402
522.99499512,-57.98099136
523.18572998,-58.35521317
523.37646484,-66.52382660
523.56719971,-60.81047058
523.75793457,-64.08648682
523.94866943,-55.09494400
524.13940430,-53.33061981
524.33013916,-55.90692520
524.52087402,-59.22346497
524.71160889,-60.27896118
524.90234375,-64.39101410
525.09307861,-57.17205429
525.28381348,-54.66570282
525.47454834,-50.12687683
525.66528320,-50.48102951
525.85601807,-63.32795715
526.04675293,-62.89727783
526.23748779,-69.00807190
526.42822266,-58.12788391
526.61895752,-52.86858368
526.80969238,-53.53678131
527.00042725,-61.55433273
527.19116211,-80.30453491
527.38189697,-64.44619751
527.57263184,-55.86863708
527.76336670,-51.88918304
527.95410156,-52.46103668
528.14483643,-54.03707886
528.33557129,-53.93869019
528.52630615,-56.67806244
528.71704102,-64.72139740
528.90777588,-64.51138306
529.09851074,-55.52669525
529.28924561,-54.01277542
529.47998047,-55.80720901
529.67071533,-58.19640350
529.86145020,-62.25221634
530.05218506,-55.37783813
530.24291992,-56.52553558
530.43365479,-58.21742630
530.62438965,-52.93720245
530.81512451,-51.04301071
531.00585938,-49.03384399
531.19659424,-50.24182129
531.38732910,-59.45138931
531.57806396,-60.58752441
531.76879883,-64.62783813
531.95953369,-57.92290115
532.15026855,-58.01868439
532.34100342,-55.70900726
532.53173828,-66.82980347
532.72247314,-56.55696487
532.91320801,-53.15047455
533.10394287,-55.41891479
533.29467773,-62.86635590
533.48541260,-64.28086090
533.67614746,-57.84020233
533.86688232,-57.23232269
534.05761719,-60.52495956
534.24835205,-54.50168991
534.43908691,-54.74872971
534.62982178,-54.37810516
534.82055664,-50.90135956
535.01129150,-51.84905243
535.20202637,-59.32791901
535.39276123,-56.61793518
535.58349609,-53.13970184
535.77423096,-53.36232758
535.96496582,-62.63837814
536.15570068,-57.89571762
536.34643555,-54.87821960
536.53717041,-59.22008896
536.72790527,-64.11869049
536.91864014,-55.02780914
537.10937500,-54.48015594
537.30010986,-60.74110031
537.49084473,-70.70758057
537.68157959,-70.47050476
537.87231445,-70.37175751
538.06304932,-59.41853333
538.25378418,-57.42718506
538.44451904,-58.49850464
538.63525391,-56.32364273
538.82598877,-55.41419983
539.01672363,-55.29527283
539.20745850,-58.26543808
539.39819336,-59.92902374
539.58892822,-57.21526718
539.77966309,-58.36572647
539.97039795,-64.68319702
540.16113281,-56.90708542
540.35186768,-55.20450592
540.54260254,-55.01050949
540.73333740,-57.20349121
540.92407227,-70.80754089
541.11480713,-64.06433868
541.30554199,-59.86080933
541.49627686,-60.67116165
541.68701172,-56.87680817
541.87774658,-52.41781616
542.06848145,-49.28977966
542.25921631,-50.28494263
542.44995117,-58.05208588
542.64068604,-72.75424957
542.83142090,-61.70162582
543.02215576,-56.98688507
543.21289062,-65.00027466
543.40362549,-60.38011932
543.59436035,-60.80114365
543.78509521,-63.13324356
543.97583008,-53.80037689
544.16656494,-52.44134521
544.35729980,-61.35318375
544.54803467,-63.07071686
544.73876953,-57.49553680
544.92950439,-58.37009048
545.12023926,-55.93131256
545.31097412,-53.62987900
545.50170898,-56.65268326
545.69244385,-61.18744659
545.88317871,-65.51898193
546.07391357,-66.65619659
546.26464844,-62.42200470
546.45538330,-63.79998779
546.64611816,-62.15380859
546.83685303,-55.48490906
547.02758789,-57.31249237
547.21832275,-56.03106689
547.40905762,-54.48155212
547.59979248,-59.07044983
547.79052734,-63.69437408
547.98126221,-61.42673111
548.17199707,-60.82698059
548.36273193,-59.02252197
548.55346680,-57.45063782
548.74420166,-57.94853592
548.93493652,-62.89742279
549.12567139,-69.84680939
549.31640625,-53.48296738
549.50714111,-51.01172638
549.69787598,-54.87640762
549.88861084,-59.05512238
550.07934570,-82.81558990
550.27008057,-65.09602356
550.46081543,-55.16201401
550.65155029,-51.19626617
550.84228516,-50.18985748
551.03302002,-50.43468475
551.22375488,-52.97432709
551.41448975,-65.06842041
551.60522461,-51.85256577
551.79595947,-51.38668823
551.98669434,-51.02257538
552.17742920,-51.65077209
552.36816406,-54.17697144
552.55889893,-57.58585358
552.74963379,-56.93581390
552.94036865,-53.98174286
553.13110352,-56.92667389
553.32183838,-60.75936890
553.51257324,-65.32612610
553.70330811,-64.85382080
553.89404297,-63.76796341
554.08477783,-58.74968719
554.27551270,-53.12760925
554.46624756,-54.65573883
554.65698242,-53.39160156
554.84771729,-58.72623825
555.03845215,-58.40801239
555.22918701,-54.77741623
555.41992188,-58.42826080
555.61065674,-64.15230560
555.80139160,-58.40917587
555.99212646,-54.06977844
556.18286133,-52.75818634
556.37359619,-57.39995575
556.56433105,-58.37556458
556.75506592,-57.92491913
556.94580078,-60.85217285
557.13653564,-64.78275299
557.32727051,-60.83603287
557.51800537,-55.13616180
557.70874023,-53.59959412
557.89947510,-54.73024368
558.09020996,-58.39096451
558.28094482,-66.56989288
558.47167969,-65.87261200
558.66241455,-64.26167297
558.85314941,-63.46208572
559.04388428,-73.79950714
559.23461914,-62.34865189
559.42535400,-63.03617477
559.61608887,-57.81934357
559.80682373,-57.16743469
559.99755859,-55.96979523
560.18829346,-57.15758514
560.37902832,-60.29148102
560.56976318,-48.14458847
560.76049805,-47.62392044
560.95123291,-53.81933594
561.14196777,-57.42557907
561.33270264,-58.38999176
561.52343750,-53.52814102
561.71417236,-51.31965256
561.90490723,-56.71874237
562.09564209,-58.97068024
562.28637695,-59.22555542
562.47711182,-63.14397812
562.66784668,-59.77864075
562.85858154,-53.85662079
563.04931641,-52.55543137
563.24005127,-56.30606079
563.43078613,-57.52986145
563.62152100,-63.88347244
563.81225586,-65.62902832
564.00299072,-58.45543671
564.19372559,-55.96247864
564.38446045,-56.24449158
564.57519531,-63.10902023
564.76593018,-85.17021942
564.95666504,-72.07706451
565.14739990,-60.93110657
565.33813477,-58.60601044
565.52886963,-61.57278442
565.71960449,-61.37326813
565.91033936,-56.23277664
566.10107422,-56.22302628
566.29180908,-56.04007721
566.48254395,-54.34878540
566.67327881,-52.85786438
566.86401367,-52.08531189
567.05474854,-53.44959641
567.24548340,-54.57723999
567.43621826,-54.69602966
567.62695312,-55.88685989
567.81768799,-55.49711227
568.00842285,-50.81917572
568.19915771,-53.03509140
568.38989258,-55.25431061
568.58062744,-55.18161774
568.77136230,-64.21852875
568.96209717,-66.94744873
569.15283203,-67.28440857
569.34356689,-61.96320343
569.53430176,-56.49050903
569.72503662,-60.39109039
569.91577148,-67.23111725
570.10650635,-64.46135712
570.29724121,-59.07201767
570.48797607,-58.19859314
570.67871094,-55.64604187
570.86944580,-54.39350510
571.06018066,-61.25749969
571.25091553,-70.74336243
571.44165039,-58.38833618
571.63238525,-58.90305328
571.82312012,-63.76297379
572.01385498,-56.45237732
572.20458984,-57.45280457
572.39532471,-58.76530075
572.58605957,-58.34754181
572.77679443,-56.75985718
572.96752930,-56.61257935
573.15826416,-55.54216766
573.34899902,-55.22570801
573.53973389,-59.73074341
573.73046875,-64.91091919
573.92120361,-57.14332962
574.11193848,-57.60470581
574.30267334,-67.73288727
574.49340820,-64.26615906
574.68414307,-63.01590729
574.87487793,-65.01103210
575.06561279,-65.40382385
575.25634766,-62.31712341
575.44708252,-62.79014969
575.63781738,-61.62567520
575.82855225,-67.81264496
576.01928711,-62.95278168
576.21002197,-59.59709167
576.40075684,-58.80865479
576.59149170,-56.99431610
576.78222656,-54.10179901
576.97296143,-52.27621078
577.16369629,-52.37317657
577.35443115,-55.95996857
577.54516602,-62.09747314
577.73590088,-61.86555862
577.92663574,-57.32778168
578.11737061,-52.74893188
578.30810547,-55.55265427
578.49884033,-67.38618469
578.68957520,-68.57884216
578.88031006,-60.54177856
579.07104492,-59.12804031
579.26177979,-58.75115204
579.45251465,-60.55231476
579.64324951,-56.78311920
579.83398438,-58.79245758
580.02471924,-72.53482056
580.21545410,-60.83443069
580.40618896,-52.47864151
580.59692383,-52.00615311
580.78765869,-60.13171387
580.97839355,-73.88813019
581.16912842,-63.71007538
581.35986328,-64.72830963
581.55059814,-55.33920288
581.74133301,-55.06282806
581.93206787,-57.25418472
582.12280273,-57.32545853
582.31353760,-59.49673080
582.50427246,-65.95581818
582.69500732,-62.93308258
582.88574219,-70.13597107
583.07647705,-55.25256348
583.26721191,-52.60932541
583.45794678,-60.80227280
583.64868164,-56.34217834
583.83941650,-53.21315765
584.03015137,-55.92716980
584.22088623,-62.44783401
584.41162109,-65.32782745
584.60235596,-58.92805099
584.79309082,-58.92360687
584.98382568,-63.55463028
585.17456055,-58.98239517
585.36529541,-60.42879105
585.55603027,-66.72258759
585.74676514,-58.79418182
585.93750000,-55.22002411
586.12823486,-54.68673706
586.31896973,-53.53681564
586.50970459,-52.14450455
586.70043945,-54.10671616
586.89117432,-55.09986496
587.08190918,-57.16934967
587.27264404,-55.88782501
587.46337891,-51.28207779
587.65411377,-51.73865509
587.84484863,-59.20452499
588.03558350,-68.69559479
588.22631836,-68.90442657
588.41705322,-59.10109711
588.60778809,-52.27544403
588.79852295,-51.10872650
588.98925781,-52.58265686
589.17999268,-58.72528458
589.37072754,-55.03325653
589.56146240,-53.64937210
589.75219727,-61.24396896
589.94293213,-66.50775909
590.13366699,-59.55294800
590.32440186,-56.70652390
590.51513672,-62.89517212
590.70587158,-61.89551544
590.89660645,-54.56031799
591.08734131,-50.73176956
591.27807617,-50.44520569
591.46881104,-52.05505753
591.65954590,-54.31085205
591.85028076,-60.48024750
592.04101562,-53.51028061
592.23175049,-54.79881287
592.42248535,-61.05283737
592.61322021,-50.78939056
592.80395508,-51.29400253
592.99468994,-63.12891006
593.18542480,-54.63155746
593.37615967,-54.72926331
593.56689453,-66.62792969
593.75762939,-51.56084061
593.94836426,-49.46236420
594.13909912,-55.34854507
594.32983398,-60.27059174
594.52056885,-60.01623154
594.71130371,-62.10985565
594.90203857,-60.17079163
595.09277344,-65.84204102
595.28350830,-57.56900024
595.47424316,-52.86996460
595.66497803,-52.72644043
595.85571289,-55.45527649
596.04644775,-51.96306610
596.23718262,-53.18793488
596.42791748,-58.16710663
596.61865234,-65.54369354
596.80938721,-57.87881851
597.00012207,-57.47680664
597.19085693,-62.75025177
597.38159180,-82.93135834
597.57232666,-58.91510391
597.76306152,-54.65429306
597.95379639,-49.95059967
598.14453125,-48.45436478
598.33526611,-50.87737274
598.52600098,-52.35801697
598.71673584,-51.99455261
598.90747070,-56.12236404
599.09820557,-56.39179993
599.28894043,-59.89491272
599.47967529,-63.35821533
599.67041016,-60.52949524
599.86114502,-60.46032333
600.05187988,-59.75221634
600.24261475,-57.73810959
600.43334961,-57.41439819
600.62408447,-64.63883972
600.81481934,-70.89472198
601.00555420,-70.81732178
601.19628906,-64.24726105
601.38702393,-63.90465546
601.57775879,-57.71053696
601.76849365,-55.09110260
601.95922852,-54.08867645
602.14996338,-53.73604584
602.34069824,-56.59406662
602.53143311,-56.72447205
602.72216797,-59.63734055
602.91290283,-71.17626953
603.10363770,-66.73609161
603.29437256,-55.80863190
603.48510742,-53.87102509
603.67584229,-59.53857422
603.86657715,-64.31510925
604.05731201,-62.93049622
604.24804688,-57.90578461
604.43878174,-55.05550385
604.62951660,-53.80572510
604.82025146,-56.54132080
605.01098633,-58.89057541
605.20172119,-58.93048859
605.39245605,-59.86138916
605.58319092,-62.86989594
605.77392578,-63.88733673
605.96466064,-57.43920135
606.15539551,-58.70162582
606.34613037,-59.86067200
606.53686523,-60.93630981
606.72760010,-64.04850006
606.91833496,-61.17794037
607.10906982,-61.77684402
607.29980469,-58.86279297
607.49053955,-54.76518250
607.68127441,-57.98388672
607.87200928,-66.39233398
608.06274414,-60.27162170
608.25347900,-62.79499435
608.44421387,-54.65064240
608.63494873,-50.21687317
608.82568359,-48.29061127
609.01641846,-47.85077667
609.20715332,-50.35988617
609.39788818,-54.08723450
609.58862305,-57.17073441
609.77935791,-57.96505737
609.97009277,-56.34809494
610.16082764,-59.66426086
610.35156250,-62.76657486
610.54229736,-53.09206009
610.73303223,-51.98197937
610.92376709,-53.83724594
611.11450195,-57.86714172
611.30523682,-59.52378845
611.49597168,-52.77980804
611.68670654,-52.56246185
611.87744141,-53.15221405
612.06817627,-52.08869934
612.25891113,-54.71533966
612.44964600,-60.17208862
612.64038086,-61.88827896
612.83111572,-72.30662537
613.02185059,-63.61368561
613.21258545,-63.70098114
613.40332031,-56.13372421
613.59405518,-56.40828705
613.78479004,-56.13400269
613.97552490,-52.73828888
614.16625977,-50.84771729
614.35699463,-50.87417984
614.54772949,-50.99313354
614.73846436,-51.92890167
614.92919922,-55.65660858
615.11993408,-64.39899445
615.31066895,-64.62739563
615.50140381,-59.07270050
615.69213867,-63.71791458
615.88287354,-63.08190155
616.07360840,-54.34077835
616.26434326,-52.83893967
616.45507812,-54.94567871
616.64581299,-57.28688812
616.83654785,-55.66365814
617.02728271,-58.45321274
617.21801758,-64.87255096
617.40875244,-68.44090271
617.59948730,-57.03540421
617.79022217,-53.72282410
617.98095703,-57.60108185
618.17169189,-55.70578003
618.36242676,-58.88460159
618.55316162,-54.34440231
618.74389648,-50.93473816
618.93463135,-54.01515579
619.12536621,-55.45464325
619.31610107,-53.58477783
619.50683594,-56.51554108
619.69757080,-60.95763397
619.88830566,-56.76631165
620.07904053,-61.62210083
620.26977539,-54.72385406
620.46051025,-54.31454086
620.65124512,-52.00145340
620.84197998,-55.01325607
621.03271484,-60.18157196
621.22344971,-52.05948639
621.41418457,-51.03369904
621.60491943,-54.29210281
621.79565430,-65.60960388
621.98638916,-62.99997330
622.17712402,-56.72431946
622.36785889,-57.57617950
622.55859375,-60.31161880
622.74932861,-59.13716125
622.94006348,-59.65080261
623.13079834,-54.03614807
623.32153320,-54.52258682
623.51226807,-58.76748657
623.70300293,-64.93292999
623.89373779,-66.79911804
624.08447266,-58.37459946
624.27520752,-59.78086472
624.46594238,-54.89926147
624.65667725,-52.42885971
624.84741211,-54.03034210
625.03814697,-51.44948578
625.22888184,-52.91824722
625.41961670,-60.28339767
625.61035156,-67.95138550
625.80108643,-59.85942459
625.99182129,-57.36529541
626.18255615,-57.04977417
626.37329102,-54.99561691
626.56402588,-56.26604080
626.75476074,-56.09786606
626.94549561,-57.71382904
627.13623047,-69.76014709
627.32696533,-58.13149261
627.51770020,-54.10370255
627.70843506,-54.30564117
627.89916992,-55.11293793
628.08990479,-59.56320953
628.28063965,-62.99203491
628.47137451,-62.86876297
628.66210938,-53.92467499
628.85284424,-50.10040665
629.04357910,-49.36223602
629.23431396,-53.33822250
629.42504883,-72.27780914
629.61578369,-54.56068039
629.80651855,-58.64596558
629.99725342,-72.10548401
630.18798828,-70.51056671
630.37872314,-55.63825607
630.56945801,-57.75772095
630.76019287,-66.87509918
630.95092773,-55.22963715
631.14166260,-53.04368591
631.33239746,-55.16046906
631.52313232,-55.00431061
631.71386719,-54.46193695
631.90460205,-59.07289124
632.09533691,-58.90102768
632.28607178,-55.10566711
632.47680664,-54.50022888
632.66754150,-57.39567566
632.85827637,-62.30224609
633.04901123,-60.29218674
633.23974609,-54.08450317
633.43048096,-51.14708710
633.62121582,-52.24802017
633.81195068,-55.80228806
634.00268555,-54.50597382
634.19342041,-50.67491150
634.38415527,-48.45697021
634.57489014,-52.81160355
634.76562500,-62.49555588
634.95635986,-56.35197067
635.14709473,-54.02450562
635.33782959,-55.48223114
635.52856445,-59.39847946
635.71929932,-63.12860870
635.91003418,-68.88733673
636.10076904,-65.44924927
636.29150391,-67.21247864
636.48223877,-58.91450882
636.67297363,-55.03935242
636.86370850,-55.80839539
637.05444336,-57.67146683
637.24517822,-62.42151642
637.43591309,-56.38353729
637.62664795,-53.01212311
637.81738281,-55.67798996
638.00811768,-64.96514130
638.19885254,-64.16247559
638.38958740,-60.88279724
638.58032227,-59.59621811
638.77105713,-64.40700531
638.96179199,-60.43606186
639.15252686,-59.94339371
639.34326172,-58.07376480
639.53399658,-56.93984604
639.72473145,-55.60778046
639.91546631,-52.91040039
640.10620117,-54.64576721
640.29693604,-57.97778320
640.48767090,-57.05637360
640.67840576,-59.78077698
640.86914062,-67.45417786
641.05987549,-63.24529266
641.25061035,-59.02551651
641.44134521,-57.46994019
641.63208008,-57.19215393
641.82281494,-59.19445038
642.01354980,-51.16981506
642.20428467,-50.13997650
642.39501953,-56.35276794
642.58575439,-56.26371765
642.77648926,-52.65366364
642.96722412,-53.38467026
643.15795898,-57.51506805
643.34869385,-58.15014648
643.53942871,-57.35564423
643.73016357,-57.44760132
643.92089844,-56.55450821
644.11163330,-58.88002014
644.30236816,-54.78866959
644.49310303,-52.08156586
644.68383789,-52.30525589
644.87457275,-59.13331985
645.06530762,-62.49963760
645.25604248,-53.45645905
645.44677734,-53.00177002
645.63751221,-65.98385620
645.82824707,-80.38471222
646.01898193,-56.94610596
646.20971680,-64.39868927
646.40045166,-52.21434784
646.59118652,-51.19382477
646.78192139,-53.26757431
646.97265625,-51.78672791
647.16339111,-52.26242065
647.35412598,-54.23595047
647.54486084,-53.85742569
647.73559570,-52.34628296
647.92633057,-51.62535858
648.11706543,-50.37822342
648.30780029,-50.32400131
648.49853516,-58.00832367
648.68927002,-55.61908340
648.88000488,-50.99777985
649.07073975,-54.82427597
649.26147461,-65.13175201
649.45220947,-58.39596176
649.64294434,-59.83331680
649.83367920,-58.67967606
650.02441406,-59.06767273
650.21514893,-64.19184875
650.40588379,-63.91254807
650.59661865,-58.04536819
650.78735352,-54.37799835
650.97808838,-51.94809341
651.16882324,-52.19089127
651.35955811,-54.52520752
651.55029297,-52.84032440
651.74102783,-53.32647705
651.93176270,-53.76467133
652.12249756,-55.62991714
652.31323242,-59.27539825
652.50396729,-53.87823486
652.69470215,-56.10622787
652.88543701,-69.68881989
653.07617188,-63.67120743
653.26690674,-58.89778900
653.45764160,-61.01314163
653.64837646,-64.63394928
653.83911133,-62.53325653
654.02984619,-66.27069092
654.22058105,-62.44083786
654.41131592,-68.38608551
654.60205078,-52.15892792
654.79278564,-52.03788757
654.98352051,-58.31457520
655.17425537,-60.97937012
655.36499023,-70.11071014
655.55572510,-58.68712616
655.74645996,-62.37377548
655.93719482,-54.86698532
656.12792969,-56.33547974
656.31866455,-58.38584137
656.50939941,-55.80857849
656.70013428,-53.81736755
656.89086914,-56.24900436
657.08160400,-65.34613800
657.27233887,-54.88685608
657.46307373,-56.67917633
657.65380859,-58.14861679
657.84454346,-57.46696854
658.03527832,-53.01814270
658.22601318,-52.72903442
658.41674805,-55.38589478
658.60748291,-58.05663300
658.79821777,-67.07124329
658.98895264,-67.18795013
659.17968750,-71.12631989
659.37042236,-60.45813751
659.56115723,-56.18688965
659.75189209,-58.19717789
659.94262695,-60.07717133
660.13336182,-63.97552490
660.32409668,-54.57604980
660.51483154,-50.96752930
660.70556641,-59.51724243
660.89630127,-52.91553879
661.08703613,-51.72893906
661.27777100,-55.16952133
661.46850586,-57.88687897
661.65924072,-57.82781219
661.84997559,-58.50085831
662.04071045,-61.42788696
662.23144531,-52.62834549
662.42218018,-56.33373260
662.61291504,-62.02517700
662.80364990,-62.21967697
662.99438477,-57.07334900
663.18511963,-58.71735382
663.37585449,-54.38463593
663.56658936,-53.62165451
663.75732422,-55.79946518
663.94805908,-55.02355576
664.13879395,-55.57674026
664.32952881,-56.65811157
664.52026367,-54.84669495
664.71099854,-55.84806824
664.90173340,-57.44754028
665.09246826,-53.49064255
665.28320312,-51.34495163
665.47393799,-52.39218903
665.66467285,-56.13332748
665.85540771,-65.71804810
666.04614258,-53.51721191
666.23687744,-53.21437836
666.42761230,-60.26043701
666.61834717,-66.93354034
666.80908203,-71.03763580
666.99981689,-63.38554001
667.19055176,-65.90689850
667.38128662,-71.87796783
667.57202148,-65.23307037
667.76275635,-60.69855499
667.95349121,-56.61465454
668.14422607,-68.01548004
668.33496094,-61.34738922
668.52569580,-59.70772171
668.71643066,-64.36875153
668.90716553,-65.19793701
669.09790039,-61.29596710
669.28863525,-54.05636597
669.47937012,-55.10137177
669.67010498,-61.11470795
669.86083984,-64.81805420
670.05157471,-65.87860107
670.24230957,-57.92829132
670.43304443,-54.66789627
670.62377930,-60.86060333
670.81451416,-62.85237122
671.00524902,-66.15927124
671.19598389,-57.03744507
671.38671875,-55.05520630
671.57745361,-55.17891312
671.76818848,-51.30830765
671.95892334,-50.88923645
672.14965820,-52.15791321
672.34039307,-55.07492065
672.53112793,-66.68982697
672.72186279,-56.48144531
672.91259766,-53.37350464
673.10333252,-58.72770691
673.29406738,-56.33274460
673.48480225,-53.01131821
673.67553711,-54.74649048
673.86627197,-57.83484650
674.05700684,-57.67460632
674.24774170,-58.62990570
674.43847656,-75.50759888
674.62921143,-55.84671783
674.81994629,-52.32552338
675.01068115,-53.58058167
675.20141602,-58.94529343
675.39215088,-67.30995941
675.58288574,-55.64862823
675.77362061,-50.31332016
675.96435547,-49.37972641
676.15509033,-52.99091339
676.34582520,-56.92333984
676.53656006,-59.50313568
676.72729492,-64.63160706
676.91802979,-67.21744537
677.10876465,-65.74233246
677.29949951,-56.97238159
677.49023438,-59.53743744
677.68096924,-67.05485535
677.87170410,-67.18781281
678.06243896,-59.13240814
678.25317383,-54.40736771
678.44390869,-51.47463226
678.63464355,-50.02425766
678.82537842,-48.98726654
679.01611328,-52.18210602
679.20684814,-66.72808838
679.39758301,-61.48665619
679.58831787,-61.40716553
679.77905273,-69.66973114
679.96978760,-66.56581116
680.16052246,-67.73112488
680.35125732,-56.33654785
680.54199219,-58.25246811
680.73272705,-60.25643158
680.92346191,-59.23454666
681.11419678,-55.21917343
681.30493164,-54.52231979
681.49566650,-55.92004395
681.68640137,-53.38676834
681.87713623,-51.53282928
682.06787109,-54.09232712
682.25860596,-56.85468674
682.44934082,-53.87193298
682.64007568,-50.41473007
682.83081055,-49.66739273
683.02154541,-52.69240570
683.21228027,-56.29810715
683.40301514,-56.94729614
683.59375000,-60.52482986
683.78448486,-60.64713287
683.97521973,-54.14680099
684.16595459,-51.98700714
684.35668945,-52.92596817
684.54742432,-54.03715515
684.73815918,-55.93708420
684.92889404,-55.63159943
685.11962891,-51.10951233
685.31036377,-51.91473007
685.50109863,-59.43336487
685.69183350,-59.31098175
685.88256836,-55.82157135
686.07330322,-59.46343231
686.26403809,-102.25929260
686.45477295,-72.27893066
686.64550781,-67.14742279
686.83624268,-71.11381531
687.02697754,-64.68369293
687.21771240,-59.51456451
687.40844727,-63.89884186
687.59918213,-60.37839890
687.78991699,-61.68106079
687.98065186,-63.60251617
688.17138672,-74.52790833
688.36212158,-62.32943726
688.55285645,-57.70898819
688.74359131,-57.65385056
688.93432617,-54.46190643
689.12506104,-51.74535370
689.31579590,-53.55633163
689.50653076,-55.86227798
689.69726562,-57.24372101
689.88800049,-61.62232208
690.07873535,-58.79963303
690.26947021,-52.19726562
690.46020508,-51.71388626
690.65093994,-55.03750610
690.84167480,-57.09029388
691.03240967,-57.99069214
691.22314453,-57.92629623
691.41387939,-53.23807144
691.60461426,-51.73107910
691.79534912,-55.64277649
691.98608398,-63.47608566
692.17681885,-58.24194336
692.36755371,-54.90087128
692.55828857,-54.96965790
692.74902344,-57.77723312
692.93975830,-58.64754105
693.13049316,-59.69554901
693.32122803,-68.10303497
693.51196289,-61.82735825
693.70269775,-60.70997238
693.89343262,-61.10503387
694.08416748,-54.14770508
694.27490234,-50.47961426
694.46563721,-51.51765823
694.65637207,-53.91117859
694.84710693,-55.23250198
695.03784180,-55.44489288
695.22857666,-57.06102753
695.41931152,-57.97267914
695.61004639,-56.49184799
695.80078125,-57.80156708
695.99151611,-57.96556091
696.18225098,-57.36091614
696.37298584,-58.36255646
696.56372070,-58.71495056
696.75445557,-54.57576752
696.94519043,-59.77240753
697.13592529,-55.72442627
697.32666016,-58.34331512
697.51739502,-69.88098145
697.70812988,-60.94078445
697.89886475,-61.81346130
698.08959961,-60.04507065
698.28033447,-64.42597198
698.47106934,-61.72752762
698.66180420,-58.84550476
698.85253906,-57.07667542
699.04327393,-53.49724579
699.23400879,-53.80646133
699.42474365,-56.87944794
699.61547852,-54.46925735
699.80621338,-56.55235291
699.99694824,-60.63835526
700.18768311,-61.02431870
700.37841797,-58.70608902
700.56915283,-54.87453842
700.75988770,-51.14480591
700.95062256,-52.86488342
701.14135742,-73.23655701
701.33209229,-59.56109619
701.52282715,-64.60826874
701.71356201,-86.40369415
701.90429688,-60.67314148
702.09503174,-56.94023514
702.28576660,-58.97405624
702.47650146,-59.05916595
702.66723633,-53.87091827
702.85797119,-55.33026123
703.04870605,-68.83950043
703.23944092,-63.00233841
703.43017578,-58.79352570
703.62091064,-52.51484299
703.81164551,-53.15277481
704.00238037,-56.37109756
704.19311523,-55.83454514
704.38385010,-52.82584763
704.57458496,-50.55560684
704.76531982,-50.51433563
704.95605469,-51.34395981
705.14678955,-54.77964020
705.33752441,-58.36954498
705.52825928,-59.18317795
705.71899414,-58.15759659
705.90972900,-60.16074753
706.10046387,-78.95726013
706.29119873,-58.22839737
706.48193359,-56.32854843
706.67266846,-58.07505798
706.86340332,-54.82664108
707.05413818,-59.10262299
707.24487305,-61.71680069
707.43560791,-59.30009842
707.62634277,-63.51905060
707.81707764,-64.97803497
708.00781250,-58.15132141
708.19854736,-53.29890442
708.38928223,-54.73183441
708.58001709,-56.15994263
708.77075195,-51.17402649
708.96148682,-50.98709488
709.15222168,-53.54234314
709.34295654,-52.96075821
709.53369141,-53.61715698
709.72442627,-58.24164581
709.91516113,-69.86497498
710.10589600,-57.17449570
710.29663086,-54.72405243
710.48736572,-59.85901642
710.67810059,-56.08054352
710.86883545,-56.60160446
711.05957031,-57.03113937
711.25030518,-56.07441711
711.44104004,-55.86162949
711.63177490,-54.46451569
711.82250977,-57.30662537
712.01324463,-60.00647736
712.20397949,-56.77304077
712.39471436,-49.30215836
712.58544922,-47.13615036
712.77618408,-49.38305283
712.96691895,-56.93710709
713.15765381,-56.65491486
713.34838867,-54.34783173
713.53912354,-54.84387207
713.72985840,-56.09671783
713.92059326,-56.94135284
714.11132812,-56.98439026
714.30206299,-57.55308151
714.49279785,-61.42843628
714.68353271,-67.55970764
714.87426758,-63.66542053
715.06500244,-57.80373383
715.25573730,-57.05558395
715.44647217,-57.23941422
715.63720703,-54.61624146
715.82794189,-54.49657059
716.01867676,-65.16362000
716.20941162,-59.39405441
716.40014648,-56.40735626
716.59088135,-57.49959564
716.78161621,-61.54420471
716.97235107,-55.87345505
717.16308594,-51.27990341
717.35382080,-51.97020721
717.54455566,-58.78034973
717.73529053,-64.07005310
717.92602539,-54.88740540
718.11676025,-53.80802536
718.30749512,-54.64919281
718.49822998,-58.35819626
718.68896484,-63.53030777
718.87969971,-55.51147842
719.07043457,-49.84902954
719.26116943,-50.62988663
719.45190430,-58.61623764
719.64263916,-57.82814407
719.83337402,-52.54120636
720.02410889,-52.13116455
720.21484375,-54.00241089
720.40557861,-54.93121338
720.59631348,-55.05882645
720.78704834,-57.67709732
720.97778320,-57.83444977
721.16851807,-52.27590179
721.35925293,-52.31590271
721.54998779,-58.13072586
721.74072266,-62.11651230
721.93145752,-65.38323212
722.12219238,-77.53760529
722.31292725,-61.39579391
722.50366211,-56.97712708
722.69439697,-56.98394775
722.88513184,-60.42417145
723.07586670,-69.65417480
723.26660156,-57.14272308
723.45733643,-56.98180389
723.64807129,-58.41808701
723.83880615,-70.65495300
724.02954102,-63.81755829
724.22027588,-56.32608414
724.41101074,-55.13149643
724.60174561,-54.43787003
724.79248047,-54.37806702
724.98321533,-53.66630554
725.17395020,-56.06745148
725.36468506,-55.45789337
725.55541992,-55.94626999
725.74615479,-58.13707733
725.93688965,-60.90023804
726.12762451,-56.75428772
726.31835938,-62.06939697
726.50909424,-59.00476837
726.69982910,-57.05718231
726.89056396,-59.31150055
727.08129883,-54.41125870
727.27203369,-52.22701263
727.46276855,-50.86915970
727.65350342,-51.41876602
727.84423828,-54.81668854
728.03497314,-61.26451492
728.22570801,-65.12611389
728.41644287,-59.30788422
728.60717773,-56.22309875
728.79791260,-53.91949463
728.98864746,-51.49694443
729.17938232,-55.73106766
729.37011719,-61.07665253
729.56085205,-57.59716034
729.75158691,-56.82559586
729.94232178,-52.34151840
730.13305664,-51.54558563
730.32379150,-54.43404770
730.51452637,-68.77729797
730.70526123,-60.17786026
730.89599609,-66.38037109
731.08673096,-58.47949219
731.27746582,-54.79060364
731.46820068,-57.42834473
731.65893555,-59.22661591
731.84967041,-57.67189026
732.04040527,-57.66437531
732.23114014,-53.37666321
732.42187500,-52.94855499
732.61260986,-62.27274323
732.80334473,-59.02125931
732.99407959,-56.20310974
733.18481445,-55.22163773
733.37554932,-52.19866943
733.56628418,-51.07053757
733.75701904,-53.88069916
733.94775391,-58.42004776
734.13848877,-73.33888245
734.32922363,-59.55718994
734.51995850,-55.87634659
734.71069336,-53.53227234
734.90142822,-55.09413147
735.09216309,-57.73919678
735.28289795,-60.75435638
735.47363281,-57.79077148
735.66436768,-54.72426987
735.85510254,-57.83856964
736.04583740,-60.87545776
736.23657227,-58.04247284
736.42730713,-70.62233734
736.61804199,-56.86465836
736.80877686,-55.12164688
736.99951172,-57.38204956
737.19024658,-62.18171692
737.38098145,-61.69135284
737.57171631,-66.32856750
737.76245117,-57.41368103
737.95318604,-60.74816895
738.14392090,-60.96325302
738.33465576,-52.46829224
738.52539062,-54.34452820
738.71612549,-69.70686340
738.90686035,-60.32946014
739.09759521,-61.27371979
739.28833008,-55.74105072
739.47906494,-52.87714386
739.66979980,-54.42626953
739.86053467,-58.20985413
740.05126953,-58.76338577
740.24200439,-59.21271515
740.43273926,-70.42632294
740.62347412,-56.99207306
740.81420898,-58.00551987
741.00494385,-54.81454849
741.19567871,-52.22115326
741.38641357,-56.29961014
741.57714844,-73.28994751
741.76788330,-59.63787079
741.95861816,-60.03315353
742.14935303,-58.51896667
742.34008789,-68.84363556
742.53082275,-61.67333603
742.72155762,-72.26494598
742.91229248,-58.92709732
743.10302734,-55.31470490
743.29376221,-56.68610001
743.48449707,-57.55922318
743.67523193,-60.21973038
743.86596680,-70.04000854
744.05670166,-58.98223114
744.24743652,-59.08480835
744.43817139,-70.11574554
744.62890625,-58.66421509
744.81964111,-62.25669861
745.01037598,-54.15356064
745.20111084,-54.07615662
745.39184570,-57.17541122
745.58258057,-52.62423706
745.77331543,-50.49394608
745.96405029,-54.00144577
746.15478516,-61.63105011
746.34552002,-58.31584549
746.53625488,-57.56115341
746.72698975,-62.51413727
746.91772461,-64.66019440
747.10845947,-62.01992035
747.29919434,-57.07202148
747.48992920,-61.99598694
747.68066406,-58.70948029
747.87139893,-59.74011993
748.06213379,-56.47231293
748.25286865,-55.09148026
748.44360352,-57.55807877
748.63433838,-59.60595703
748.82507324,-58.22189331
749.01580811,-56.24970245
749.20654297,-51.22243881
749.39727783,-49.92496109
749.58801270,-55.56919479
749.77874756,-63.33921432
749.96948242,-56.67212677
750.16021729,-56.38893509
750.35095215,-53.64405823
750.54168701,-51.89924622
750.73242188,-53.54104614
750.92315674,-55.94572449
751.11389160,-59.74014664
751.30462646,-65.67179108
751.49536133,-58.99761200
751.68609619,-68.38713074
751.87683105,-60.68006897
752.06756592,-63.84965897
752.25830078,-62.32874298
752.44903564,-58.02997208
752.63977051,-52.96237946
752.83050537,-52.79936981
753.02124023,-58.36876297
753.21197510,-58.86515808
753.40270996,-62.34945679
753.59344482,-70.74146271
753.78417969,-60.14312363
753.97491455,-54.06417084
754.16564941,-54.10984039
754.35638428,-53.25394440
754.54711914,-54.47158813
754.73785400,-58.88703918
754.92858887,-61.44725800
755.11932373,-58.00855255
755.31005859,-62.44367218
755.50079346,-69.71773529
755.69152832,-67.35049438
755.88226318,-74.43499756
756.07299805,-66.20617676
756.26373291,-60.92462158
756.45446777,-57.19684219
756.64520264,-62.28656387
756.83593750,-56.34067535
757.02667236,-56.99427795
757.21740723,-59.55738831
757.40814209,-61.39545441
757.59887695,-67.28332520
757.78961182,-70.67385864
757.98034668,-65.43370056
758.17108154,-54.79919052
758.36181641,-53.96234894
758.55255127,-57.84204102
758.74328613,-58.33673859
758.93402100,-65.73832703
759.12475586,-67.82341766
759.31549072,-55.47323227
759.50622559,-50.40126801
759.69696045,-53.00524902
759.88769531,-61.43735504
760.07843018,-58.40227127
760.26916504,-59.45853424
760.45989990,-69.51219940
760.65063477,-62.27712250
760.84136963,-61.82891083
761.03210449,-59.50100708
761.22283936,-53.40289688
761.41357422,-55.61221695
761.60430908,-55.55651093
761.79504395,-51.25239563
761.98577881,-50.45594788
762.17651367,-52.92240906
762.36724854,-55.13679123
762.55798340,-69.10623169
762.74871826,-68.39055634
762.93945312,-57.55319214
763.13018799,-51.35626221
763.32092285,-51.37965393
763.51165771,-52.77803421
763.70239258,-59.35007095
763.89312744,-60.44964218
764.08386230,-58.51265335
764.27459717,-62.57690048
764.46533203,-56.48674774
764.65606689,-57.45091248
764.84680176,-51.54196930
765.03753662,-50.64962006
765.22827148,-51.96094131
765.41900635,-52.92164612
765.60974121,-61.49601364
765.80047607,-63.72276688
765.99121094,-64.10796356
766.18194580,-53.58690262
766.37268066,-51.92539978
766.56341553,-58.41054535
766.75415039,-65.64664459
766.94488525,-62.56843567
767.13562012,-58.67950821
767.32635498,-62.02373505
767.51708984,-65.01480865
767.70782471,-61.26749420
767.89855957,-64.08863831
768.08929443,-56.57943726
768.28002930,-54.85000229
768.47076416,-51.11280823
768.66149902,-48.74742126
768.85223389,-48.57854462
769.04296875,-50.11489105
769.23370361,-55.62076950
769.42443848,-65.23551178
769.61517334,-61.22251892
769.80590820,-61.10199738
769.99664307,-59.35117722
770.18737793,-65.33532715
770.37811279,-68.50869751
770.56884766,-68.68378448
770.75958252,-60.34425735
770.95031738,-58.19303894
771.14105225,-55.33210373
771.33178711,-55.49417496
771.52252197,-58.68347168
771.71325684,-73.98074341
771.90399170,-60.25070190
772.09472656,-60.54972839
772.28546143,-63.20592880
772.47619629,-65.15371704
772.66693115,-58.35176086
772.85766602,-63.12098694
773.04840088,-66.74945068
773.23913574,-66.03372955
773.42987061,-63.47866058
773.62060547,-64.77806091
773.81134033,-60.40145493
774.00207520,-56.04762268
774.19281006,-59.76634598
774.38354492,-70.17733765
774.57427979,-68.33495331
774.76501465,-62.14619446
774.95574951,-58.82275391
775.14648438,-61.05583191
775.33721924,-66.06015015
775.52795410,-55.97375870
775.71868896,-57.08759689
775.90942383,-58.90842819
776.10015869,-55.56022644
776.29089355,-55.67529678
776.48162842,-65.05187225
776.67236328,-64.35766602
776.86309814,-61.43637848
777.05383301,-78.13352203
777.24456787,-55.36154175
777.43530273,-52.64093781
777.62603760,-56.16839981
777.81677246,-60.54285431
778.00750732,-54.78559875
778.19824219,-52.28644562
778.38897705,-58.77458572
778.57971191,-57.19541550
778.77044678,-63.13953781
778.96118164,-57.26635742
779.15191650,-52.71485901
779.34265137,-52.87651062
779.53338623,-54.09418488
779.72412109,-57.50138855
779.91485596,-57.43484879
780.10559082,-60.91629028
780.29632568,-62.31288147
780.48706055,-55.36743927
780.67779541,-56.26189423
780.86853027,-58.79924393
781.05926514,-57.05550766
