Time,Channel A

-0.00134600,1.74687946
-0.00070600,1.57048249
-0.00006600,1.39469588
0.00057400,1.21829891
0.00121400,1.04190195
0.00185400,0.86550492
0.00249400,0.51332134
0.00313400,0.51332134
0.00377400,0.33692434
0.00441400,0.16052736
0.00505400,-0.01525925
0.00569400,-0.36744285
0.00633400,-0.36744285
0.00697400,-0.72023684
0.00761400,-0.89602345
0.00825400,-1.07242048
0.00889400,-1.24881744
0.00953400,-1.42521441
0.01017400,-1.77739799
0.01081400,-1.95379496
0.01145400,-2.13019204
0.01209400,-2.30597854
0.01273400,-2.48237562
0.01337400,-2.65877247
0.01401400,-3.01095605
0.01465400,-3.18735313
0.01529400,-3.36375022
0.01593400,-3.54014707
0.01657400,-3.71593380
0.01721400,-3.89233065
0.01785400,-4.06872749
0.01849400,-4.24512482
0.01913400,-4.42091131
0.01977400,-4.77370548
0.02041400,-4.95010233
0.02105400,-5.12588882
0.02169400,-5.30228567
0.02233400,-5.47868299
0.02297400,-5.65507984
0.02361400,-5.83086634
0.02425400,-6.00726318
0.02489400,-6.18366051
0.02553400,-6.36005735
0.02617400,-6.53584385
0.02681400,-6.71224117
0.02745400,-6.88863802
0.02809400,-7.06503487
0.02873400,-7.24082136
0.02937400,-7.41721869
0.03001400,-7.41721869
0.03065400,-7.59361553
0.03129400,-7.77001238
0.03193400,-7.77001238
0.03257400,-7.94579935
0.03321400,-7.94579935
0.03385400,-8.12219620
0.03449400,-8.29859352
0.03513400,-8.29859352
0.03577400,-8.47498989
0.03641400,-8.47498989
0.03705400,-8.65077686
0.03769400,-8.65077686
0.03833400,-8.65077686
0.03897400,-8.82717323
0.03961400,-8.82717323
0.04025400,-8.82717323
0.04089400,-8.82717323
0.04153400,-9.00357056
0.04217400,-9.00357056
0.04281400,-9.00357056
0.04345400,-9.00357056
0.04409400,-9.00357056
0.04473400,-9.00357056
0.04537400,-9.00357056
0.04601400,-9.00357056
0.04665400,-9.00357056
0.04729400,-9.00357056
0.04793400,-8.82717323
0.04857400,-8.82717323
0.04921400,-8.82717323
0.04985400,-8.82717323
0.05049400,-8.82717323
0.05113400,-8.65077686
0.05177400,-8.65077686
0.05241400,-8.65077686
0.05305400,-8.47498989
0.05369400,-8.47498989
0.05433400,-8.29859352
0.05497400,-8.12219620
0.05561400,-8.12219620
0.05625400,-7.94579935
0.05689400,-7.94579935
0.05753400,-7.77001238
0.05817400,-7.59361553
0.05881400,-7.41721869
0.05945400,-7.41721869
0.06009400,-7.24082136
0.06073400,-6.88863802
0.06137400,-6.71224117
0.06201400,-6.53584385
0.06265400,-6.53584385
0.06329400,-6.36005735
0.06393400,-6.00726318
0.06457400,-6.00726318
0.06521400,-5.83086634
0.06585400,-5.65507984
0.06649400,-5.30228567
0.06713400,-5.12588882
0.06777400,-4.95010233
0.06841400,-4.77370548
0.06905400,-4.59730816
0.06969400,-4.42091131
0.07033400,-4.06872749
0.07097400,-3.89233065
0.07161400,-3.71593380
0.07225400,-3.54014707
0.07289400,-3.18735313
0.07353400,-3.01095605
0.07417400,-2.83516955
0.07481400,-2.48237562
0.07545400,-2.30597854
0.07609400,-2.13019204
0.07673400,-1.77739799
0.07737400,-1.60100102
0.07801400,-1.42521441
0.07865400,-1.07242048
0.07929400,-0.89602345
0.07993400,-0.72023684
0.08057400,-0.36744285
0.08121400,-0.19104587
0.08185400,0.16052736
0.08249400,0.33692434
0.08313400,0.51332134
0.08377400,0.68971831
0.08441400,1.04190195
0.08505400,1.21829891
0.08569400,1.39469588
0.08633400,1.74687946
0.08697400,1.92327642
0.08761400,2.09967351
0.08825400,2.27546000
0.08889400,2.62825394
0.08953400,2.98043752
0.09017400,2.98043752
0.09081400,3.15683460
0.09145400,3.33323169
0.09209400,3.68541527
0.09273400,3.86181211
0.09337400,3.86181211
0.09401400,4.03820896
0.09465400,4.39039278
0.09529400,4.56678963
0.09593400,4.74318695
0.09657400,4.91958380
0.09721400,5.09537029
0.09785400,5.27176714
0.09849400,5.44816446
0.09913400,5.44816446
0.09977400,5.62456131
0.10041400,5.80034781
0.10105400,5.97674465
0.10169400,5.97674465
0.10233400,6.15314198
0.10297400,6.32953882
0.10361400,6.50532532
0.10425400,6.50532532
0.10489400,6.68172264
0.10553400,6.68172264
0.10617400,6.85811949
0.10681400,6.85811949
0.10745400,7.03451633
0.10809400,7.21030283
0.10873400,7.21030283
0.10937400,7.21030283
0.11001400,7.38670015
0.11065400,7.38670015
0.11129400,7.38670015
0.11193400,7.38670015
0.11257400,7.38670015
0.11321400,7.38670015
0.11385400,7.38670015
0.11449400,7.56309700
0.11513400,7.56309700
0.11577400,7.56309700
0.11641400,7.56309700
0.11705400,7.56309700
0.11769400,7.56309700
0.11833400,7.56309700
0.11897400,7.38670015
0.11961400,7.38670015
0.12025400,7.38670015
0.12089400,7.38670015
0.12153400,7.38670015
0.12217400,7.38670015
0.12281400,7.21030283
0.12345400,7.21030283
0.12409400,7.03451633
0.12473400,7.03451633
0.12537400,7.03451633
0.12601400,6.85811949
0.12665400,6.85811949
0.12729400,6.68172264
0.12793400,6.50532532
0.12857400,6.50532532
0.12921400,6.32953882
0.12985400,6.32953882
0.13049400,6.15314198
0.13113400,5.97674465
0.13177400,5.97674465
0.13241400,5.80034781
0.13305400,5.80034781
0.13369400,5.44816446
0.13433400,5.44816446
0.13497400,5.27176714
0.13561400,5.27176714
0.13625400,5.09537029
0.13689400,4.91958380
0.13753400,4.74318695
0.13817400,4.74318695
0.13881400,4.56678963
0.13945400,4.39039278
0.14009400,4.21460629
0.14073400,4.03820896
0.14137400,3.86181211
0.14201400,3.86181211
0.14265400,3.68541527
0.14329400,3.50962853
0.14393400,3.33323169
0.14457400,3.15683460
0.14521400,3.15683460
0.14585400,2.98043752
0.14649400,2.80465102
0.14713400,2.62825394
0.14777400,2.45185709
0.14841400,2.27546000
0.14905400,2.09967351
0.14969400,1.92327642
0.15033400,1.74687946
0.15097400,1.74687946
0.15161400,1.57048249
0.15225400,1.39469588
0.15289400,1.21829891
0.15353400,1.21829891
0.15417400,1.04190195
0.15481400,0.86550492
0.15545400,0.86550492
0.15609400,0.68971831
0.15673400,0.51332134
0.15737400,0.33692434
0.15801400,0.33692434
0.15865400,0.16052736
0.15929400,-0.01525925
0.15993400,-0.01525925
0.16057400,-0.19104587
0.16121400,-0.36744285
0.16185400,-0.36744285
0.16249400,-0.36744285
0.16313400,-0.54383981
0.16377400,-0.54383981
0.16441400,-0.72023684
0.16505400,-0.89602345
0.16569400,-0.89602345
0.16633400,-0.89602345
0.16697400,-1.07242048
0.16761400,-1.07242048
0.16825400,-1.24881744
0.16889400,-1.24881744
0.16953400,-1.24881744
0.17017400,-1.42521441
0.17081400,-1.42521441
0.17145400,-1.42521441
0.17209400,-1.60100102
0.17273400,-1.60100102
0.17337400,-1.60100102
0.17401400,-1.60100102
0.17465400,-1.60100102
0.17529400,-1.60100102
0.17593400,-1.77739799
0.17657400,-1.77739799
0.17721400,-1.77739799
0.17785400,-1.77739799
0.17849400,-1.77739799
0.17913400,-1.77739799
0.17977400,-1.77739799
0.18041400,-1.77739799
0.18105400,-1.77739799
0.18169400,-1.77739799
0.18233400,-1.77739799
0.18297400,-1.77739799
0.18361400,-1.77739799
0.18425400,-1.77739799
0.18489400,-1.77739799
0.18553400,-1.77739799
0.18617400,-1.60100102
0.18681400,-1.60100102
0.18745400,-1.60100102
0.18809400,-1.42521441
0.18873400,-1.42521441
0.18937400,-1.42521441
0.19001400,-1.60100102
0.19065400,-1.24881744
0.19129400,-1.24881744
0.19193400,-1.24881744
0.19257400,-1.24881744
0.19321400,-1.24881744
0.19385400,-1.07242048
0.19449400,-1.07242048
0.19513400,-1.07242048
0.19577400,-0.89602345
0.19641400,-0.89602345
0.19705400,-0.89602345
0.19769400,-0.89602345
0.19833400,-0.72023684
0.19897400,-0.72023684
0.19961400,-0.54383981
0.20025400,-0.54383981
0.20089400,-0.54383981
0.20153400,-0.54383981
0.20217400,-0.36744285
0.20281400,-0.36744285
0.20345400,-0.36744285
0.20409400,-0.36744285
0.20473400,-0.19104587
0.20537400,-0.19104587
0.20601400,-0.19104587
0.20665400,-0.19104587
0.20729400,-0.01525925
0.20793400,-0.01525925
0.20857400,0.16052736
0.20921400,0.16052736
0.20985400,0.16052736
0.21049400,0.16052736
0.21113400,0.33692434
0.21177400,0.33692434
0.21241400,0.33692434
0.21305400,0.33692434
0.21369400,0.33692434
0.21433400,0.33692434
0.21497400,0.51332134
0.21561400,0.33692434
0.21625400,0.33692434
0.21689400,0.33692434
0.21753400,0.51332134
0.21817400,0.33692434
0.21881400,0.33692434
0.21945400,0.33692434
0.22009400,0.51332134
0.22073400,0.51332134
0.22137400,0.51332134
0.22201400,0.51332134
0.22265400,0.51332134
0.22329400,0.51332134
0.22393400,0.33692434
0.22457400,0.33692434
0.22521400,0.51332134
0.22585400,0.33692434
0.22649400,0.33692434
0.22713400,0.33692434
0.22777400,0.33692434
0.22841400,0.33692434
0.22905400,0.16052736
0.22969400,0.16052736
0.23033400,-0.01525925
0.23097400,-0.01525925
0.23161400,-0.01525925
0.23225400,-0.01525925
0.23289400,-0.19104587
0.23353400,-0.19104587
0.23417400,-0.19104587
0.23481400,-0.19104587
0.23545400,-0.36744285
0.23609400,-0.36744285
0.23673400,-0.54383981
0.23737400,-0.54383981
0.23801400,-0.72023684
0.23865400,-0.89602345
0.23929400,-0.89602345
0.23993400,-0.89602345
0.24057400,-1.07242048
0.24121400,-1.07242048
0.24185400,-1.24881744
0.24249400,-1.42521441
0.24313400,-1.42521441
0.24377400,-1.60100102
0.24441400,-1.60100102
0.24505400,-1.77739799
0.24569400,-1.77739799
0.24633400,-1.95379496
0.24697400,-2.13019204
0.24761400,-2.13019204
0.24825400,-2.30597854
0.24889400,-2.30597854
0.24953400,-2.48237562
0.25017400,-2.48237562
0.25081400,-2.65877247
0.25145400,-2.65877247
0.25209400,-2.83516955
0.25273400,-3.01095605
0.25337400,-3.18735313
0.25401400,-3.18735313
0.25465400,-3.36375022
0.25529400,-3.54014707
0.25593400,-3.54014707
0.25657400,-3.54014707
0.25721400,-3.71593380
0.25785400,-3.71593380
0.25849400,-3.89233065
0.25913400,-4.06872749
0.25977400,-4.06872749
0.26041400,-4.06872749
0.26105400,-4.24512482
0.26169400,-4.42091131
0.26233400,-4.42091131
0.26297400,-4.42091131
0.26361400,-4.59730816
0.26425400,-4.77370548
0.26489400,-4.77370548
0.26553400,-4.95010233
0.26617400,-4.95010233
0.26681400,-4.95010233
0.26745400,-5.12588882
0.26809400,-5.12588882
0.26873400,-5.30228567
0.26937400,-5.30228567
0.27001400,-5.30228567
0.27065400,-5.30228567
0.27129400,-5.30228567
0.27193400,-5.47868299
0.27257400,-5.47868299
0.27321400,-5.47868299
0.27385400,-5.47868299
0.27449400,-5.65507984
0.27513400,-5.65507984
0.27577400,-5.65507984
0.27641400,-5.65507984
0.27705400,-5.65507984
0.27769400,-5.65507984
0.27833400,-5.65507984
0.27897400,-5.65507984
0.27961400,-5.65507984
0.28025400,-5.65507984
0.28089400,-5.65507984
0.28153400,-5.47868299
0.28217400,-5.47868299
0.28281400,-5.47868299
0.28345400,-5.47868299
0.28409400,-5.47868299
0.28473400,-5.30228567
0.28537400,-5.30228567
0.28601400,-5.30228567
0.28665400,-5.30228567
0.28729400,-5.12588882
0.28793400,-5.12588882
0.28857400,-5.12588882
0.28921400,-4.95010233
0.28985400,-4.77370548
0.29049400,-4.77370548
0.29113400,-4.59730816
0.29177400,-4.42091131
0.29241400,-4.42091131
0.29305400,-4.24512482
0.29369400,-4.24512482
0.29433400,-4.06872749
0.29497400,-3.89233065
0.29561400,-3.89233065
0.29625400,-3.71593380
0.29689400,-3.54014707
0.29753400,-3.54014707
0.29817400,-3.36375022
0.29881400,-3.18735313
0.29945400,-3.01095605
0.30009400,-2.83516955
0.30073400,-2.65877247
0.30137400,-2.65877247
0.30201400,-2.48237562
0.30265400,-2.30597854
0.30329400,-2.13019204
0.30393400,-1.95379496
0.30457400,-1.77739799
0.30521400,-1.60100102
0.30585400,-1.42521441
0.30649400,-1.24881744
0.30713400,-1.07242048
0.30777400,-0.89602345
0.30841400,-0.72023684
0.30905400,-0.54383981
0.30969400,-0.36744285
0.31033400,-0.19104587
0.31097400,-0.01525925
0.31161400,0.33692434
0.31225400,0.33692434
0.31289400,0.68971831
0.31353400,0.86550492
0.31417400,1.04190195
0.31481400,1.21829891
0.31545400,1.39469588
0.31609400,1.57048249
0.31673400,1.74687946
0.31737400,1.92327642
0.31801400,2.09967351
0.31865400,2.45185709
0.31929400,2.45185709
0.31993400,2.62825394
0.32057400,2.80465102
0.32121400,3.15683460
0.32185400,3.33323169
0.32249400,3.50962853
0.32313400,3.68541527
0.32377400,3.86181211
0.32441400,4.03820896
0.32505400,4.03820896
0.32569400,4.21460629
0.32633400,4.56678963
0.32697400,4.74318695
0.32761400,4.74318695
0.32825400,5.09537029
0.32889400,5.09537029
0.32953400,5.27176714
0.33017400,5.44816446
0.33081400,5.62456131
0.33145400,5.62456131
0.33209400,5.80034781
0.33273400,5.97674465
0.33337400,6.15314198
0.33401400,6.15314198
0.33465400,6.32953882
0.33529400,6.50532532
0.33593400,6.68172264
0.33657400,6.68172264
0.33721400,6.85811949
0.33785400,6.85811949
0.33849400,7.03451633
0.33913400,7.03451633
0.33977400,7.21030283
0.34041400,7.21030283
0.34105400,7.38670015
0.34169400,7.38670015
0.34233400,7.38670015
0.34297400,7.56309700
0.34361400,7.56309700
0.34425400,7.56309700
0.34489400,7.56309700
0.34553400,7.56309700
0.34617400,7.56309700
0.34681400,7.56309700
0.34745400,7.73949385
0.34809400,7.56309700
0.34873400,7.73949385
0.34937400,7.73949385
0.35001400,7.73949385
0.35065400,7.56309700
0.35129400,7.56309700
0.35193400,7.56309700
0.35257400,7.56309700
0.35321400,7.56309700
0.35385400,7.56309700
0.35449400,7.56309700
0.35513400,7.38670015
0.35577400,7.38670015
0.35641400,7.38670015
0.35705400,7.21030283
0.35769400,7.21030283
0.35833400,7.21030283
0.35897400,7.03451633
0.35961400,6.85811949
0.36025400,6.85811949
0.36089400,6.68172264
0.36153400,6.68172264
0.36217400,6.50532532
0.36281400,6.50532532
0.36345400,6.32953882
0.36409400,6.15314198
0.36473400,5.97674465
0.36537400,5.97674465
0.36601400,5.97674465
0.36665400,5.80034781
0.36729400,5.62456131
0.36793400,5.44816446
0.36857400,5.44816446
0.36921400,5.09537029
0.36985400,5.09537029
0.37049400,4.91958380
0.37113400,4.74318695
0.37177400,4.56678963
0.37241400,4.39039278
0.37305400,4.21460629
0.37369400,4.03820896
0.37433400,3.86181211
0.37497400,3.68541527
0.37561400,3.50962853
0.37625400,3.50962853
0.37689400,3.15683460
0.37753400,3.15683460
0.37817400,2.98043752
0.37881400,2.62825394
0.37945400,2.45185709
0.38009400,2.27546000
0.38073400,2.09967351
0.38137400,1.92327642
0.38201400,1.74687946
0.38265400,1.74687946
0.38329400,1.57048249
0.38393400,1.21829891
0.38457400,1.04190195
0.38521400,0.86550492
0.38585400,0.68971831
0.38649400,0.51332134
0.38713400,0.33692434
0.38777400,0.33692434
0.38841400,0.16052736
0.38905400,-0.19104587
0.38969400,-0.36744285
0.39033400,-0.36744285
0.39097400,-0.54383981
0.39161400,-0.72023684
0.39225400,-0.89602345
0.39289400,-1.07242048
0.39353400,-1.24881744
0.39417400,-1.42521441
0.39481400,-1.60100102
0.39545400,-1.60100102
0.39609400,-1.77739799
0.39673400,-2.13019204
0.39737400,-2.13019204
0.39801400,-2.30597854
0.39865400,-2.30597854
0.39929400,-2.48237562
0.39993400,-2.65877247
0.40057400,-2.83516955
0.40121400,-2.83516955
0.40185400,-3.01095605
0.40249400,-3.01095605
0.40313400,-3.18735313
0.40377400,-3.36375022
0.40441400,-3.36375022
0.40505400,-3.54014707
0.40569400,-3.54014707
0.40633400,-3.71593380
0.40697400,-3.71593380
0.40761400,-3.89233065
0.40825400,-3.89233065
0.40889400,-4.06872749
0.40953400,-4.06872749
0.41017400,-4.24512482
0.41081400,-4.06872749
0.41145400,-4.24512482
0.41209400,-4.24512482
0.41273400,-4.42091131
0.41337400,-4.42091131
0.41401400,-4.42091131
0.41465400,-4.42091131
0.41529400,-4.42091131
0.41593400,-4.59730816
0.41657400,-4.59730816
0.41721400,-4.59730816
0.41785400,-4.59730816
0.41849400,-4.59730816
0.41913400,-4.59730816
0.41977400,-4.59730816
0.42041400,-4.59730816
0.42105400,-4.59730816
0.42169400,-4.59730816
0.42233400,-4.59730816
0.42297400,-4.59730816
0.42361400,-4.59730816
0.42425400,-4.42091131
0.42489400,-4.42091131
0.42553400,-4.42091131
0.42617400,-4.42091131
0.42681400,-4.42091131
0.42745400,-4.24512482
0.42809400,-4.24512482
0.42873400,-4.24512482
0.42937400,-4.24512482
0.43001400,-4.06872749
0.43065400,-4.06872749
0.43129400,-4.06872749
0.43193400,-4.06872749
0.43257400,-3.89233065
0.43321400,-3.89233065
0.43385400,-3.89233065
0.43449400,-3.71593380
0.43513400,-3.71593380
0.43577400,-3.71593380
0.43641400,-3.54014707
0.43705400,-3.54014707
0.43769400,-3.36375022
0.43833400,-3.36375022
0.43897400,-3.18735313
0.43961400,-3.18735313
0.44025400,-3.01095605
0.44089400,-3.01095605
0.44153400,-2.83516955
0.44217400,-2.83516955
0.44281400,-2.65877247
0.44345400,-2.65877247
0.44409400,-2.48237562
0.44473400,-2.48237562
0.44537400,-2.48237562
0.44601400,-2.30597854
0.44665400,-2.30597854
0.44729400,-2.30597854
0.44793400,-2.13019204
0.44857400,-2.13019204
0.44921400,-1.95379496
0.44985400,-1.95379496
0.45049400,-1.77739799
0.45113400,-1.77739799
0.45177400,-1.60100102
0.45241400,-1.60100102
0.45305400,-1.42521441
0.45369400,-1.42521441
0.45433400,-1.24881744
0.45497400,-1.24881744
0.45561400,-1.24881744
0.45625400,-1.24881744
0.45689400,-1.07242048
0.45753400,-0.89602345
0.45817400,-0.89602345
0.45881400,-0.89602345
0.45945400,-0.89602345
0.46009400,-0.72023684
0.46073400,-0.72023684
0.46137400,-0.54383981
0.46201400,-0.54383981
0.46265400,-0.54383981
0.46329400,-0.54383981
0.46393400,-0.54383981
0.46457400,-0.36744285
0.46521400,-0.36744285
0.46585400,-0.36744285
0.46649400,-0.36744285
0.46713400,-0.36744285
0.46777400,-0.19104587
0.46841400,-0.19104587
0.46905400,-0.19104587
0.46969400,-0.19104587
0.47033400,-0.19104587
0.47097400,-0.19104587
0.47161400,-0.19104587
0.47225400,-0.19104587
0.47289400,-0.01525925
0.47353400,-0.19104587
0.47417400,-0.19104587
0.47481400,-0.19104587
0.47545400,-0.19104587
0.47609400,-0.19104587
0.47673400,-0.01525925
0.47737400,-0.19104587
0.47801400,-0.19104587
0.47865400,-0.19104587
0.47929400,-0.19104587
0.47993400,-0.19104587
0.48057400,-0.19104587
0.48121400,-0.19104587
0.48185400,-0.19104587
0.48249400,-0.36744285
0.48313400,-0.36744285
0.48377400,-0.36744285
0.48441400,-0.36744285
0.48505400,-0.36744285
0.48569400,-0.36744285
0.48633400,-0.36744285
0.48697400,-0.36744285
0.48761400,-0.54383981
0.48825400,-0.54383981
0.48889400,-0.54383981
0.48953400,-0.54383981
0.49017400,-0.72023684
0.49081400,-0.72023684
0.49145400,-0.72023684
0.49209400,-0.72023684
0.49273400,-0.89602345
0.49337400,-0.89602345
0.49401400,-0.89602345
0.49465400,-0.89602345
0.49529400,-1.07242048
0.49593400,-0.89602345
0.49657400,-1.07242048
0.49721400,-1.07242048
0.49785400,-1.07242048
0.49849400,-1.07242048
0.49913400,-1.24881744
0.49977400,-1.24881744
0.50041400,-1.24881744
0.50105400,-1.24881744
0.50169400,-1.24881744
0.50233400,-1.42521441
0.50297400,-1.60100102
0.50361400,-1.42521441
0.50425400,-1.60100102
0.50489400,-1.60100102
0.50553400,-1.60100102
0.50617400,-1.60100102
0.50681400,-1.77739799
0.50745400,-1.77739799
0.50809400,-1.77739799
0.50873400,-1.77739799
0.50937400,-1.77739799
0.51001400,-1.77739799
0.51065400,-1.77739799
0.51129400,-1.77739799
0.51193400,-1.77739799
0.51257400,-1.77739799
0.51321400,-1.77739799
0.51385400,-1.77739799
0.51449400,-1.77739799
0.51513400,-1.77739799
0.51577400,-1.77739799
0.51641400,-1.77739799
0.51705400,-1.77739799
0.51769400,-1.77739799
0.51833400,-1.77739799
0.51897400,-1.77739799
0.51961400,-1.77739799
0.52025400,-1.77739799
0.52089400,-1.77739799
0.52153400,-1.77739799
0.52217400,-1.77739799
0.52281400,-1.60100102
0.52345400,-1.60100102
0.52409400,-1.60100102
0.52473400,-1.60100102
0.52537400,-1.42521441
0.52601400,-1.60100102
0.52665400,-1.42521441
0.52729400,-1.42521441
0.52793400,-1.24881744
0.52857400,-1.24881744
0.52921400,-1.07242048
0.52985400,-1.07242048
0.53049400,-1.07242048
0.53113400,-1.07242048
0.53177400,-0.89602345
0.53241400,-0.89602345
0.53305400,-0.72023684
0.53369400,-0.54383981
0.53433400,-0.54383981
0.53497400,-0.36744285
0.53561400,-0.36744285
0.53625400,-0.36744285
0.53689400,-0.19104587
0.53753400,-0.19104587
0.53817400,-0.01525925
0.53881400,0.16052736
0.53945400,0.16052736
0.54009400,0.33692434
0.54073400,0.33692434
0.54137400,0.51332134
0.54201400,0.51332134
0.54265400,0.68971831
0.54329400,0.68971831
0.54393400,1.04190195
0.54457400,1.04190195
0.54521400,1.04190195
0.54585400,1.21829891
0.54649400,1.39469588
0.54713400,1.57048249
0.54777400,1.57048249
0.54841400,1.74687946
0.54905400,1.92327642
0.54969400,1.92327642
0.55033400,2.09967351
0.55097400,2.09967351
0.55161400,2.27546000
0.55225400,2.45185709
0.55289400,2.62825394
0.55353400,2.80465102
0.55417400,2.80465102
0.55481400,2.98043752
0.55545400,2.98043752
0.55609400,3.15683460
0.55673400,3.33323169
0.55737400,3.33323169
0.55801400,3.50962853
0.55865400,3.68541527
0.55929400,3.68541527
0.55993400,3.86181211
0.56057400,3.86181211
0.56121400,4.03820896
0.56185400,4.03820896
0.56249400,4.21460629
0.56313400,4.21460629
0.56377400,4.39039278
0.56441400,4.56678963
0.56505400,4.56678963
0.56569400,4.74318695
0.56633400,4.74318695
0.56697400,4.91958380
0.56761400,5.09537029
0.56825400,5.09537029
0.56889400,5.09537029
0.56953400,5.27176714
0.57017400,5.27176714
0.57081400,5.27176714
0.57145400,5.44816446
0.57209400,5.44816446
0.57273400,5.44816446
0.57337400,5.62456131
0.57401400,5.44816446
0.57465400,5.62456131
0.57529400,5.62456131
0.57593400,5.80034781
0.57657400,5.80034781
0.57721400,5.80034781
0.57785400,5.80034781
0.57849400,5.80034781
0.57913400,5.97674465
0.57977400,5.80034781
0.58041400,5.80034781
0.58105400,5.97674465
0.58169400,5.97674465
0.58233400,5.80034781
0.58297400,5.97674465
0.58361400,5.80034781
0.58425400,5.80034781
0.58489400,5.80034781
0.58553400,5.80034781
0.58617400,5.62456131
0.58681400,5.80034781
0.58745400,5.62456131
0.58809400,5.62456131
0.58873400,5.44816446
0.58937400,5.44816446
0.59001400,5.44816446
0.59065400,5.44816446
0.59129400,5.27176714
0.59193400,5.27176714
0.59257400,5.27176714
0.59321400,5.09537029
0.59385400,5.09537029
0.59449400,4.91958380
0.59513400,4.91958380
0.59577400,4.74318695
0.59641400,4.56678963
0.59705400,4.56678963
0.59769400,4.56678963
0.59833400,4.39039278
0.59897400,4.21460629
0.59961400,4.03820896
0.60025400,4.03820896
0.60089400,3.86181211
0.60153400,3.86181211
0.60217400,3.68541527
0.60281400,3.50962853
0.60345400,3.50962853
0.60409400,3.15683460
0.60473400,3.15683460
0.60537400,2.98043752
0.60601400,2.80465102
0.60665400,2.62825394
0.60729400,2.45185709
0.60793400,2.45185709
0.60857400,2.27546000
0.60921400,2.09967351
0.60985400,1.92327642
0.61049400,1.74687946
0.61113400,1.57048249
0.61177400,1.57048249
0.61241400,1.21829891
0.61305400,1.04190195
0.61369400,1.04190195
0.61433400,0.86550492
0.61497400,0.68971831
0.61561400,0.33692434
0.61625400,0.33692434
0.61689400,0.16052736
0.61753400,-0.01525925
0.61817400,-0.19104587
0.61881400,-0.36744285
0.61945400,-0.54383981
0.62009400,-0.72023684
0.62073400,-0.89602345
0.62137400,-1.07242048
0.62201400,-1.24881744
0.62265400,-1.24881744
0.62329400,-1.60100102
0.62393400,-1.77739799
0.62457400,-1.77739799
0.62521400,-1.95379496
0.62585400,-2.13019204
0.62649400,-2.30597854
0.62713400,-2.48237562
0.62777400,-2.65877247
0.62841400,-2.65877247
0.62905400,-2.83516955
0.62969400,-3.01095605
0.63033400,-3.18735313
0.63097400,-3.18735313
0.63161400,-3.36375022
0.63225400,-3.54014707
0.63289400,-3.71593380
0.63353400,-3.89233065
0.63417400,-3.89233065
0.63481400,-4.06872749
0.63545400,-4.06872749
0.63609400,-4.24512482
0.63673400,-4.42091131
0.63737400,-4.42091131
0.63801400,-4.59730816
0.63865400,-4.77370548
0.63929400,-4.77370548
0.63993400,-4.95010233
0.64057400,-5.12588882
0.64121400,-5.12588882
0.64185400,-5.30228567
0.64249400,-5.30228567
0.64313400,-5.30228567
0.64377400,-5.30228567
0.64441400,-5.47868299
0.64505400,-5.47868299
0.64569400,-5.47868299
0.64633400,-5.47868299
0.64697400,-5.65507984
0.64761400,-5.83086634
0.64825400,-5.83086634
0.64889400,-5.83086634
0.64953400,-5.83086634
0.65017400,-5.83086634
0.65081400,-5.83086634
0.65145400,-5.83086634
0.65209400,-6.00726318
0.65273400,-5.83086634
0.65337400,-5.83086634
0.65401400,-5.83086634
0.65465400,-5.83086634
0.65529400,-5.83086634
0.65593400,-5.83086634
0.65657400,-5.83086634
0.65721400,-5.83086634
0.65785400,-5.83086634
0.65849400,-5.83086634
0.65913400,-5.83086634
0.65977400,-5.83086634
0.66041400,-5.65507984
0.66105400,-5.65507984
0.66169400,-5.65507984
0.66233400,-5.47868299
0.66297400,-5.47868299
0.66361400,-5.47868299
0.66425400,-5.30228567
0.66489400,-5.30228567
0.66553400,-5.30228567
0.66617400,-5.12588882
0.66681400,-5.12588882
0.66745400,-5.12588882
0.66809400,-4.95010233
0.66873400,-4.77370548
0.66937400,-4.77370548
0.67001400,-4.59730816
0.67065400,-4.59730816
0.67129400,-4.42091131
0.67193400,-4.24512482
0.67257400,-4.06872749
0.67321400,-4.06872749
0.67385400,-3.89233065
0.67449400,-3.89233065
0.67513400,-3.89233065
0.67577400,-3.71593380
0.67641400,-3.54014707
0.67705400,-3.36375022
0.67769400,-3.36375022
0.67833400,-3.18735313
0.67897400,-3.18735313
0.67961400,-3.01095605
0.68025400,-3.01095605
0.68089400,-2.65877247
0.68153400,-2.65877247
0.68217400,-2.65877247
0.68281400,-2.30597854
0.68345400,-2.30597854
0.68409400,-2.13019204
0.68473400,-1.95379496
0.68537400,-1.95379496
0.68601400,-1.77739799
0.68665400,-1.77739799
0.68729400,-1.60100102
0.68793400,-1.42521441
0.68857400,-1.24881744
0.68921400,-1.24881744
0.68985400,-1.07242048
0.69049400,-0.89602345
0.69113400,-0.89602345
0.69177400,-0.89602345
0.69241400,-0.54383981
0.69305400,-0.36744285
0.69369400,-0.36744285
0.69433400,-0.36744285
0.69497400,-0.19104587
0.69561400,-0.19104587
0.69625400,-0.01525925
0.69689400,0.16052736
0.69753400,0.16052736
0.69817400,0.33692434
0.69881400,0.33692434
0.69945400,0.51332134
0.70009400,0.51332134
0.70073400,0.68971831
0.70137400,0.68971831
0.70201400,0.86550492
0.70265400,1.04190195
0.70329400,1.04190195
0.70393400,1.04190195
0.70457400,1.21829891
0.70521400,1.21829891
0.70585400,1.39469588
0.70649400,1.39469588
0.70713400,1.57048249
0.70777400,1.57048249
0.70841400,1.57048249
0.70905400,1.57048249
0.70969400,1.74687946
0.71033400,1.74687946
0.71097400,1.74687946
0.71161400,1.74687946
0.71225400,1.92327642
0.71289400,1.92327642
0.71353400,1.92327642
0.71417400,1.92327642
0.71481400,1.92327642
0.71545400,1.92327642
0.71609400,2.09967351
0.71673400,2.09967351
0.71737400,2.09967351
0.71801400,2.09967351
0.71865400,2.27546000
0.71929400,2.27546000
0.71993400,2.09967351
0.72057400,2.09967351
0.72121400,2.27546000
0.72185400,2.09967351
0.72249400,2.09967351
0.72313400,2.27546000
0.72377400,2.27546000
0.72441400,2.27546000
0.72505400,2.27546000
0.72569400,2.09967351
0.72633400,2.27546000
0.72697400,2.09967351
0.72761400,2.09967351
0.72825400,2.27546000
0.72889400,2.09967351
0.72953400,2.09967351
0.73017400,1.92327642
0.73081400,2.09967351
0.73145400,1.92327642
0.73209400,1.92327642
0.73273400,1.92327642
0.73337400,1.92327642
0.73401400,1.92327642
0.73465400,1.92327642
0.73529400,1.74687946
0.73593400,1.74687946
0.73657400,1.74687946
0.73721400,1.74687946
0.73785400,1.74687946
0.73849400,1.57048249
0.73913400,1.74687946
0.73977400,1.57048249
0.74041400,1.57048249
0.74105400,1.57048249
0.74169400,1.57048249
0.74233400,1.39469588
0.74297400,1.39469588
0.74361400,1.39469588
0.74425400,1.21829891
0.74489400,1.21829891
0.74553400,1.21829891
0.74617400,1.21829891
0.74681400,1.21829891
0.74745400,1.21829891
0.74809400,1.04190195
0.74873400,1.04190195
0.74937400,1.04190195
0.75001400,0.86550492
0.75065400,0.86550492
0.75129400,0.86550492
0.75193400,0.86550492
0.75257400,0.86550492
0.75321400,0.86550492
0.75385400,0.86550492
0.75449400,0.68971831
0.75513400,0.68971831
0.75577400,0.68971831
0.75641400,0.68971831
0.75705400,0.68971831
0.75769400,0.51332134
0.75833400,0.51332134
0.75897400,0.51332134
0.75961400,0.51332134
0.76025400,0.51332134
0.76089400,0.51332134
0.76153400,0.51332134
0.76217400,0.51332134
0.76281400,0.51332134
0.76345400,0.51332134
0.76409400,0.51332134
0.76473400,0.51332134
0.76537400,0.51332134
0.76601400,0.51332134
0.76665400,0.51332134
0.76729400,0.51332134
0.76793400,0.51332134
0.76857400,0.51332134
0.76921400,0.51332134
0.76985400,0.51332134
0.77049400,0.51332134
0.77113400,0.51332134
0.77177400,0.51332134
0.77241400,0.68971831
0.77305400,0.51332134
0.77369400,0.68971831
0.77433400,0.68971831
0.77497400,0.68971831
0.77561400,0.68971831
0.77625400,0.86550492
0.77689400,0.68971831
0.77753400,0.86550492
0.77817400,0.86550492
0.77881400,0.86550492
0.77945400,0.86550492
0.78009400,1.04190195
0.78073400,1.04190195
0.78137400,1.04190195
0.78201400,1.04190195
0.78265400,1.21829891
0.78329400,1.21829891
0.78393400,1.21829891
0.78457400,1.21829891
0.78521400,1.21829891
0.78585400,1.21829891
0.78649400,1.39469588
0.78713400,1.39469588
0.78777400,1.57048249
0.78841400,1.57048249
0.78905400,1.74687946
0.78969400,1.74687946
0.79033400,1.74687946
0.79097400,1.74687946
0.79161400,1.74687946
0.79225400,1.92327642
0.79289400,1.92327642
0.79353400,1.92327642
0.79417400,1.92327642
0.79481400,2.09967351
0.79545400,2.09967351
0.79609400,2.09967351
0.79673400,2.09967351
0.79737400,2.27546000
0.79801400,2.27546000
0.79865400,2.45185709
0.79929400,2.45185709
0.79993400,2.45185709
0.80057400,2.45185709
0.80121400,2.62825394
0.80185400,2.45185709
0.80249400,2.62825394
0.80313400,2.62825394
0.80377400,2.62825394
0.80441400,2.62825394
0.80505400,2.62825394
0.80569400,2.80465102
0.80633400,2.80465102
0.80697400,2.80465102
0.80761400,2.80465102
0.80825400,2.98043752
0.80889400,2.98043752
0.80953400,2.80465102
0.81017400,2.98043752
0.81081400,2.98043752
0.81145400,2.98043752
0.81209400,2.98043752
0.81273400,3.15683460
0.81337400,2.98043752
0.81401400,2.98043752
0.81465400,2.98043752
0.81529400,3.15683460
0.81593400,2.98043752
0.81657400,3.15683460
0.81721400,2.98043752
0.81785400,2.98043752
0.81849400,2.98043752
0.81913400,2.98043752
0.81977400,2.98043752
0.82041400,2.98043752
0.82105400,2.98043752
0.82169400,2.80465102
0.82233400,2.62825394
0.82297400,2.62825394
0.82361400,2.62825394
0.82425400,2.80465102
0.82489400,2.62825394
0.82553399,2.62825394
0.82617399,2.62825394
0.82681399,2.45185709
0.82745399,2.45185709
0.82809399,2.45185709
0.82873399,2.27546000
0.82937399,2.27546000
0.83001399,2.27546000
0.83065399,2.09967351
0.83129399,2.09967351
0.83193399,1.92327642
0.83257399,1.92327642
0.83321399,1.74687946
0.83385399,1.74687946
0.83449399,1.74687946
0.83513399,1.57048249
0.83577399,1.57048249
0.83641399,1.57048249
0.83705399,1.39469588
0.83769399,1.21829891
0.83833399,1.21829891
0.83897399,1.04190195
0.83961399,0.86550492
0.84025399,0.86550492
0.84089399,0.86550492
0.84153399,0.68971831
0.84217399,0.51332134
0.84281399,0.33692434
0.84345399,0.33692434
0.84409399,0.16052736
0.84473399,0.16052736
0.84537399,-0.01525925
0.84601399,-0.19104587
0.84665399,-0.19104587
0.84729399,-0.36744285
0.84793399,-0.36744285
0.84857399,-0.54383981
0.84921399,-0.72023684
0.84985399,-0.89602345
0.85049399,-0.89602345
0.85113399,-1.07242048
0.85177399,-1.24881744
0.85241399,-1.24881744
0.85305399,-1.42521441
0.85369399,-1.60100102
0.85433399,-1.77739799
0.85497399,-1.77739799
0.85561399,-1.77739799
0.85625399,-1.95379496
0.85689399,-2.13019204
0.85753399,-2.30597854
0.85817399,-2.30597854
0.85881399,-2.48237562
0.85945399,-2.48237562
0.86009399,-2.65877247
0.86073399,-2.83516955
0.86137399,-3.01095605
0.86201399,-3.01095605
0.86265399,-3.18735313
0.86329399,-3.18735313
0.86393399,-3.36375022
0.86457399,-3.54014707
0.86521399,-3.54014707
0.86585399,-3.71593380
0.86649399,-3.89233065
0.86713399,-3.89233065
0.86777399,-3.89233065
0.86841399,-4.06872749
0.86905399,-4.06872749
0.86969399,-4.24512482
0.87033399,-4.24512482
0.87097399,-4.24512482
0.87161399,-4.42091131
0.87225399,-4.59730816
0.87289399,-4.59730816
0.87353399,-4.77370548
0.87417399,-4.77370548
0.87481399,-4.77370548
0.87545399,-4.95010233
0.87609399,-4.95010233
0.87673399,-4.95010233
0.87737399,-5.12588882
0.87801399,-5.12588882
0.87865399,-5.12588882
0.87929399,-5.12588882
0.87993399,-5.30228567
0.88057399,-5.30228567
0.88121399,-5.12588882
0.88185399,-5.30228567
0.88249399,-5.30228567
0.88313399,-5.30228567
0.88377399,-5.30228567
0.88441399,-5.30228567
0.88505399,-5.30228567
0.88569399,-5.30228567
0.88633399,-5.30228567
0.88697399,-5.30228567
0.88761399,-5.30228567
0.88825399,-5.30228567
0.88889399,-5.30228567
0.88953399,-5.30228567
0.89017399,-5.30228567
0.89081399,-5.30228567
0.89145399,-5.30228567
0.89209399,-5.12588882
0.89273399,-5.12588882
0.89337399,-5.12588882
0.89401399,-5.12588882
0.89465399,-4.95010233
0.89529399,-4.95010233
0.89593399,-4.95010233
0.89657399,-4.77370548
0.89721399,-4.77370548
0.89785399,-4.77370548
0.89849399,-4.59730816
0.89913399,-4.42091131
0.89977399,-4.42091131
0.90041399,-4.42091131
0.90105399,-4.24512482
0.90169399,-4.24512482
0.90233399,-4.06872749
0.90297399,-3.89233065
0.90361399,-3.89233065
0.90425399,-3.89233065
0.90489399,-3.71593380
0.90553399,-3.71593380
0.90617399,-3.54014707
0.90681399,-3.36375022
0.90745399,-3.18735313
0.90809399,-3.18735313
0.90873399,-3.01095605
0.90937399,-3.01095605
0.91001399,-2.83516955
0.91065399,-2.65877247
0.91129399,-2.48237562
0.91193399,-2.48237562
0.91257399,-2.48237562
0.91321399,-2.30597854
0.91385399,-2.13019204
0.91449399,-1.95379496
0.91513399,-1.95379496
0.91577399,-1.77739799
0.91641399,-1.77739799
0.91705399,-1.60100102
0.91769399,-1.42521441
0.91833399,-1.24881744
0.91897399,-1.07242048
0.91961399,-1.07242048
0.92025399,-0.89602345
0.92089399,-0.72023684
0.92153399,-0.54383981
0.92217399,-0.36744285
0.92281399,-0.36744285
0.92345399,-0.19104587
0.92409399,-0.01525925
0.92473399,0.16052736
0.92537399,0.16052736
0.92601399,0.33692434
0.92665399,0.33692434
0.92729399,0.51332134
0.92793399,0.68971831
0.92857399,0.86550492
0.92921399,1.04190195
0.92985399,1.04190195
0.93049399,1.21829891
0.93113399,1.39469588
0.93177399,1.57048249
0.93241399,1.57048249
0.93305399,1.74687946
0.93369399,1.74687946
0.93433399,1.92327642
0.93497399,1.92327642
0.93561399,1.92327642
0.93625399,2.27546000
0.93689399,2.27546000
0.93753399,2.45185709
0.93817399,2.45185709
0.93881399,2.62825394
0.93945399,2.62825394
0.94009399,2.80465102
0.94073399,2.98043752
0.94137399,2.98043752
0.94201399,2.98043752
0.94265399,3.15683460
0.94329399,3.15683460
0.94393399,3.33323169
0.94457399,3.33323169
0.94521399,3.33323169
0.94585399,3.50962853
0.94649399,3.50962853
0.94713399,3.50962853
0.94777399,3.68541527
0.94841399,3.68541527
0.94905399,3.68541527
0.94969399,3.86181211
0.95033399,3.68541527
0.95097399,3.86181211
0.95161399,3.86181211
0.95225399,3.86181211
0.95289399,3.86181211
0.95353399,3.86181211
0.95417399,4.03820896
0.95481399,4.03820896
0.95545399,3.86181211
0.95609399,4.03820896
0.95673399,4.03820896
0.95737399,4.03820896
0.95801399,4.03820896
0.95865399,3.86181211
0.95929399,4.03820896
0.95993399,4.03820896
0.96057399,4.03820896
0.96121399,4.03820896
0.96185399,4.03820896
0.96249399,4.03820896
0.96313399,4.03820896
0.96377399,3.86181211
0.96441399,3.86181211
0.96505399,3.86181211
0.96569399,3.86181211
0.96633399,3.86181211
0.96697399,3.86181211
0.96761399,3.86181211
0.96825399,3.68541527
0.96889399,3.68541527
0.96953399,3.68541527
0.97017399,3.50962853
0.97081399,3.50962853
0.97145399,3.50962853
0.97209399,3.50962853
0.97273399,3.33323169
0.97337399,3.33323169
0.97401399,3.33323169
0.97465399,3.15683460
0.97529399,3.15683460
0.97593399,3.15683460
0.97657399,2.98043752
0.97721399,2.98043752
0.97785399,2.80465102
0.97849399,2.80465102
0.97913399,2.80465102
0.97977399,2.62825394
0.98041399,2.62825394
0.98105399,2.45185709
0.98169399,2.45185709
0.98233399,2.45185709
0.98297399,2.27546000
0.98361399,2.27546000
0.98425399,2.27546000
0.98489399,2.09967351
0.98553399,2.09967351
0.98617399,1.92327642
0.98681399,1.92327642
0.98745399,1.92327642
0.98809399,1.74687946
0.98873399,1.74687946
0.98937399,1.57048249
0.99001399,1.57048249
0.99065399,1.57048249
0.99129399,1.57048249
0.99193399,1.39469588
0.99257399,1.39469588
0.99321399,1.21829891
0.99385399,1.21829891
0.99449399,1.04190195
0.99513399,1.04190195
0.99577399,1.04190195
0.99641399,0.86550492
0.99705399,0.86550492
0.99769399,0.86550492
0.99833399,0.68971831
0.99897399,0.68971831
0.99961399,0.51332134
1.00025399,0.51332134
1.00089399,0.51332134
1.00153399,0.51332134
1.00217399,0.33692434
1.00281399,0.33692434
1.00345399,0.33692434
1.00409399,0.33692434
1.00473399,0.16052736
1.00537399,0.16052736
1.00601399,0.16052736
1.00665399,0.16052736
1.00729399,-0.01525925
1.00793399,-0.01525925
1.00857399,-0.01525925
1.00921399,-0.01525925
1.00985399,-0.01525925
1.01049399,-0.19104587
1.01113399,-0.19104587
1.01177399,-0.19104587
1.01241399,-0.19104587
1.01305399,-0.19104587
1.01369399,-0.19104587
1.01433399,-0.36744285
1.01497399,-0.36744285
1.01561399,-0.36744285
1.01625399,-0.36744285
1.01689399,-0.36744285
1.01753399,-0.36744285
1.01817399,-0.36744285
1.01881399,-0.36744285
1.01945399,-0.36744285
1.02009399,-0.36744285
1.02073399,-0.36744285
1.02137399,-0.36744285
1.02201399,-0.36744285
1.02265399,-0.36744285
1.02329399,-0.36744285
1.02393399,-0.36744285
1.02457399,-0.36744285
1.02521399,-0.36744285
1.02585399,-0.36744285
1.02649399,-0.36744285
1.02713399,-0.36744285
1.02777399,-0.36744285
1.02841399,-0.36744285
1.02905399,-0.36744285
1.02969399,-0.36744285
1.03033399,-0.19104587
1.03097399,-0.19104587
1.03161399,-0.19104587
1.03225399,-0.19104587
1.03289399,-0.19104587
1.03353399,-0.19104587
1.03417399,-0.19104587
1.03481399,-0.19104587
1.03545399,-0.19104587
1.03609399,-0.19104587
1.03673399,-0.19104587
1.03737399,-0.19104587
1.03801399,-0.01525925
1.03865399,-0.01525925
1.03929399,-0.01525925
1.03993399,-0.01525925
1.04057399,-0.01525925
1.04121399,-0.01525925
1.04185399,-0.01525925
1.04249399,-0.01525925
1.04313399,-0.01525925
1.04377399,0.16052736
1.04441399,0.16052736
1.04505399,0.16052736
1.04569399,0.16052736
1.04633399,0.16052736
1.04697399,0.16052736
1.04761399,0.16052736
1.04825399,0.16052736
1.04889399,0.33692434
1.04953399,0.33692434
1.05017399,0.16052736
1.05081399,0.33692434
1.05145399,0.33692434
1.05209399,0.33692434
1.05273399,0.33692434
1.05337399,0.33692434
1.05401399,0.33692434
1.05465399,0.33692434
1.05529399,0.33692434
1.05593399,0.33692434
1.05657399,0.33692434
1.05721399,0.33692434
1.05785399,0.33692434
1.05849399,0.33692434
1.05913399,0.33692434
1.05977399,0.33692434
1.06041399,0.33692434
1.06105399,0.33692434
1.06169399,0.16052736
1.06233399,0.33692434
1.06297399,0.33692434
1.06361399,0.16052736
1.06425399,0.16052736
1.06489399,0.16052736
1.06553399,0.16052736
1.06617399,0.16052736
1.06681399,0.16052736
1.06745399,-0.01525925
1.06809399,-0.01525925
1.06873399,-0.01525925
1.06937399,-0.01525925
1.07001399,-0.01525925
1.07065399,-0.19104587
1.07129399,-0.19104587
1.07193399,-0.19104587
1.07257399,-0.36744285
1.07321399,-0.36744285
1.07385399,-0.36744285
1.07449399,-0.36744285
1.07513399,-0.36744285
1.07577399,-0.54383981
1.07641399,-0.54383981
1.07705399,-0.54383981
1.07769399,-0.54383981
1.07833399,-0.72023684
1.07897399,-0.72023684
1.07961399,-0.89602345
1.08025399,-0.89602345
1.08089399,-0.89602345
1.08153399,-0.89602345
1.08217399,-1.07242048
1.08281399,-1.07242048
1.08345399,-1.07242048
1.08409399,-1.24881744
1.08473399,-1.24881744
1.08537399,-1.24881744
1.08601399,-1.42521441
1.08665399,-1.42521441
1.08729399,-1.60100102
1.08793399,-1.60100102
1.08857399,-1.60100102
1.08921399,-1.77739799
1.08985399,-1.77739799
1.09049399,-1.77739799
1.09113399,-1.77739799
1.09177399,-1.95379496
1.09241399,-1.95379496
1.09305399,-1.95379496
1.09369399,-2.13019204
1.09433399,-2.13019204
1.09497399,-2.30597854
1.09561399,-2.30597854
1.09625399,-2.48237562
1.09689399,-2.48237562
1.09753399,-2.48237562
1.09817399,-2.48237562
1.09881399,-2.65877247
1.09945399,-2.65877247
1.10009399,-2.65877247
1.10073399,-2.83516955
1.10137399,-2.83516955
1.10201399,-2.83516955
1.10265399,-3.01095605
1.10329399,-3.01095605
1.10393399,-3.01095605
1.10457399,-3.01095605
1.10521399,-3.18735313
1.10585399,-3.18735313
1.10649399,-3.18735313
1.10713399,-3.18735313
1.10777399,-3.18735313
1.10841399,-3.18735313
1.10905399,-3.36375022
1.10969399,-3.18735313
1.11033399,-3.36375022
1.11097399,-3.36375022
1.11161399,-3.36375022
1.11225399,-3.36375022
1.11289399,-3.36375022
1.11353399,-3.54014707
1.11417399,-3.54014707
1.11481399,-3.54014707
1.11545399,-3.36375022
1.11609399,-3.54014707
1.11673399,-3.54014707
1.11737399,-3.54014707
1.11801399,-3.54014707
1.11865399,-3.54014707
1.11929399,-3.54014707
1.11993399,-3.54014707
1.12057399,-3.54014707
1.12121399,-3.54014707
1.12185399,-3.54014707
1.12249399,-3.36375022
1.12313399,-3.36375022
1.12377399,-3.36375022
1.12441399,-3.36375022
1.12505399,-3.36375022
1.12569399,-3.18735313
1.12633399,-3.18735313
1.12697399,-3.18735313
1.12761399,-3.18735313
1.12825399,-3.18735313
1.12889399,-3.18735313
1.12953399,-3.01095605
1.13017399,-3.01095605
1.13081399,-3.01095605
1.13145399,-3.01095605
1.13209399,-2.83516955
1.13273399,-2.65877247
1.13337399,-2.65877247
1.13401399,-2.65877247
1.13465399,-2.48237562
1.13529399,-2.48237562
1.13593399,-2.48237562
1.13657399,-2.30597854
1.13721399,-2.30597854
1.13785399,-2.30597854
1.13849399,-2.13019204
1.13913399,-2.13019204
1.13977399,-1.95379496
1.14041399,-1.95379496
1.14105399,-1.77739799
1.14169399,-1.77739799
1.14233399,-1.60100102
1.14297399,-1.60100102
1.14361399,-1.42521441
1.14425399,-1.24881744
1.14489399,-1.24881744
1.14553399,-1.07242048
1.14617399,-1.07242048
1.14681399,-0.89602345
1.14745399,-0.89602345
1.14809399,-0.72023684
1.14873399,-0.54383981
1.14937399,-0.54383981
1.15001399,-0.36744285
1.15065399,-0.19104587
1.15129399,-0.19104587
1.15193399,-0.01525925
1.15257399,0.16052736
1.15321399,0.16052736
1.15385399,0.33692434
1.15449399,0.51332134
1.15513399,0.51332134
1.15577399,0.51332134
1.15641399,0.68971831
1.15705399,0.86550492
1.15769399,1.04190195
1.15833399,1.04190195
1.15897399,1.21829891
1.15961399,1.21829891
1.16025399,1.39469588
1.16089399,1.57048249
1.16153399,1.57048249
1.16217399,1.74687946
1.16281399,1.74687946
1.16345399,1.92327642
1.16409399,1.92327642
1.16473399,2.09967351
1.16537399,2.09967351
1.16601399,2.27546000
1.16665399,2.45185709
1.16729399,2.45185709
1.16793399,2.62825394
1.16857399,2.62825394
1.16921399,2.80465102
1.16985399,2.98043752
1.17049399,2.98043752
1.17113399,3.15683460
1.17177399,3.15683460
1.17241399,3.15683460
1.17305399,3.33323169
1.17369399,3.33323169
1.17433399,3.50962853
1.17497399,3.50962853
1.17561399,3.68541527
1.17625399,3.68541527
1.17689399,3.86181211
1.17753399,3.86181211
1.17817399,3.86181211
1.17881399,3.86181211
1.17945399,3.86181211
1.18009399,4.03820896
1.18073399,4.03820896
1.18137399,4.03820896
1.18201399,4.21460629
1.18265399,4.21460629
1.18329399,4.21460629
1.18393399,4.21460629
1.18457399,4.21460629
1.18521399,4.39039278
1.18585399,4.39039278
1.18649399,4.39039278
1.18713399,4.39039278
1.18777399,4.39039278
1.18841399,4.39039278
1.18905399,4.39039278
1.18969399,4.39039278
1.19033399,4.39039278
1.19097399,4.39039278
1.19161399,4.39039278
1.19225399,4.39039278
1.19289399,4.39039278
1.19353399,4.39039278
1.19417399,4.39039278
1.19481399,4.39039278
1.19545399,4.39039278
1.19609399,4.21460629
1.19673399,4.39039278
1.19737399,4.39039278
1.19801399,4.21460629
1.19865399,4.21460629
1.19929399,4.03820896
1.19993399,4.03820896
1.20057399,4.03820896
1.20121399,4.03820896
1.20185399,4.03820896
1.20249399,3.86181211
1.20313399,3.86181211
1.20377399,3.86181211
1.20441399,3.68541527
1.20505399,3.68541527
1.20569399,3.68541527
1.20633399,3.68541527
1.20697399,3.50962853
1.20761399,3.33323169
1.20825399,3.33323169
1.20889399,3.33323169
1.20953399,3.15683460
1.21017399,3.15683460
1.21081399,3.15683460
1.21145399,2.98043752
1.21209399,2.98043752
1.21273399,2.80465102
1.21337399,2.62825394
1.21401399,2.62825394
1.21465399,2.62825394
1.21529399,2.45185709
1.21593399,2.45185709
1.21657399,2.27546000
1.21721399,2.09967351
1.21785399,2.09967351
1.21849399,1.92327642
1.21913399,1.92327642
1.21977399,1.74687946
1.22041399,1.74687946
1.22105399,1.74687946
1.22169399,1.57048249
1.22233399,1.39469588
1.22297399,1.39469588
1.22361399,1.21829891
1.22425399,1.21829891
1.22489399,1.04190195
1.22553399,1.04190195
1.22617399,0.86550492
1.22681399,0.86550492
1.22745399,0.68971831
1.22809399,0.51332134
1.22873399,0.51332134
1.22937399,0.33692434
1.23001399,0.33692434
1.23065399,0.33692434
1.23129399,0.16052736
1.23193399,0.16052736
1.23257399,-0.01525925
1.23321399,-0.19104587
1.23385399,-0.19104587
1.23449399,-0.19104587
1.23513399,-0.36744285
1.23577399,-0.36744285
1.23641399,-0.54383981
1.23705399,-0.72023684
1.23769399,-0.72023684
1.23833399,-0.72023684
1.23897399,-0.89602345
1.23961399,-0.89602345
1.24025399,-1.07242048
1.24089399,-1.07242048
1.24153399,-1.07242048
1.24217399,-1.24881744
1.24281399,-1.24881744
1.24345399,-1.24881744
1.24409399,-1.42521441
1.24473399,-1.42521441
1.24537399,-1.60100102
1.24601399,-1.60100102
1.24665399,-1.60100102
1.24729399,-1.77739799
1.24793399,-1.77739799
1.24857399,-1.77739799
1.24921399,-1.77739799
1.24985399,-1.95379496
1.25049399,-1.95379496
1.25113399,-1.95379496
1.25177399,-1.95379496
1.25241399,-1.95379496
1.25305399,-2.13019204
1.25369399,-2.13019204
1.25433399,-2.13019204
1.25497399,-2.13019204
1.25561399,-2.13019204
1.25625399,-2.13019204
1.25689399,-2.30597854
1.25753399,-2.30597854
1.25817399,-2.30597854
1.25881399,-2.30597854
1.25945399,-2.30597854
1.26009399,-2.30597854
1.26073399,-2.30597854
1.26137399,-2.30597854
1.26201399,-2.30597854
1.26265399,-2.30597854
1.26329399,-2.30597854
1.26393399,-2.30597854
1.26457399,-2.30597854
1.26521399,-2.30597854
1.26585399,-2.30597854
1.26649399,-2.30597854
1.26713399,-2.30597854
1.26777399,-2.30597854
1.26841399,-2.30597854
1.26905399,-2.13019204
1.26969399,-2.13019204
1.27033399,-2.13019204
1.27097399,-2.30597854
1.27161399,-2.13019204
1.27225399,-2.13019204
1.27289399,-2.13019204
1.27353399,-1.95379496
1.27417399,-1.95379496
1.27481399,-1.95379496
1.27545399,-1.95379496
1.27609399,-1.95379496
1.27673399,-1.95379496
1.27737399,-1.95379496
1.27801399,-1.95379496
1.27865399,-1.77739799
1.27929399,-1.77739799
1.27993399,-1.77739799
1.28057399,-1.77739799
1.28121399,-1.77739799
1.28185399,-1.77739799
1.28249399,-1.77739799
1.28313399,-1.60100102
1.28377399,-1.60100102
1.28441399,-1.60100102
1.28505399,-1.60100102
1.28569399,-1.60100102
1.28633399,-1.42521441
1.28697399,-1.42521441
1.28761399,-1.42521441
1.28825399,-1.24881744
1.28889399,-1.42521441
1.28953399,-1.24881744
1.29017399,-1.24881744
1.29081399,-1.24881744
1.29145399,-1.24881744
1.29209399,-1.24881744
1.29273399,-1.07242048
1.29337399,-1.07242048
1.29401399,-1.07242048
1.29465399,-0.89602345
1.29529399,-0.89602345
1.29593399,-0.89602345
1.29657399,-0.89602345
1.29721399,-0.89602345
1.29785399,-0.89602345
1.29849399,-0.89602345
1.29913399,-0.89602345
1.29977399,-0.89602345
1.30041399,-0.72023684
1.30105399,-0.54383981
1.30169399,-0.72023684
1.30233399,-0.72023684
1.30297399,-0.54383981
1.30361399,-0.54383981
1.30425399,-0.72023684
1.30489399,-0.72023684
1.30553399,-0.72023684
1.30617399,-0.54383981
1.30681399,-0.54383981
1.30745399,-0.54383981
1.30809399,-0.54383981
1.30873399,-0.54383981
1.30937399,-0.54383981
1.31001399,-0.54383981
1.31065399,-0.54383981
1.31129399,-0.54383981
1.31193399,-0.54383981
1.31257399,-0.54383981
1.31321399,-0.54383981
1.31385399,-0.54383981
1.31449399,-0.54383981
1.31513399,-0.54383981
1.31577399,-0.54383981
1.31641399,-0.36744285
1.31705399,-0.54383981
1.31769399,-0.54383981
1.31833399,-0.54383981
1.31897399,-0.54383981
1.31961399,-0.54383981
1.32025399,-0.54383981
1.32089399,-0.54383981
1.32153399,-0.54383981
1.32217399,-0.54383981
1.32281399,-0.72023684
1.32345399,-0.54383981
1.32409399,-0.54383981
1.32473399,-0.72023684
1.32537399,-0.54383981
1.32601399,-0.54383981
1.32665399,-0.72023684
1.32729399,-0.72023684
1.32793399,-0.72023684
1.32857399,-0.72023684
1.32921399,-0.89602345
1.32985399,-0.89602345
1.33049399,-0.89602345
1.33113399,-0.89602345
1.33177399,-0.89602345
1.33241399,-0.89602345
1.33305399,-0.89602345
1.33369399,-0.89602345
1.33433399,-0.89602345
1.33497399,-0.89602345
1.33561399,-1.07242048
1.33625399,-0.89602345
1.33689399,-1.07242048
1.33753399,-0.89602345
1.33817399,-1.07242048
1.33881399,-1.07242048
1.33945399,-1.07242048
1.34009399,-1.07242048
1.34073399,-1.07242048
1.34137399,-1.07242048
1.34201399,-1.07242048
1.34265399,-1.24881744
1.34329399,-1.07242048
1.34393399,-1.24881744
1.34457399,-1.24881744
1.34521399,-1.24881744
1.34585399,-1.24881744
1.34649399,-1.24881744
1.34713399,-1.24881744
1.34777399,-1.24881744
1.34841399,-1.24881744
1.34905399,-1.24881744
1.34969399,-1.24881744
1.35033399,-1.24881744
1.35097399,-1.24881744
1.35161399,-1.24881744
1.35225399,-1.24881744
1.35289399,-1.24881744
1.35353399,-1.24881744
1.35417399,-1.24881744
1.35481399,-1.24881744
1.35545399,-1.24881744
1.35609399,-1.24881744
1.35673399,-1.24881744
1.35737399,-1.24881744
1.35801399,-1.24881744
1.35865399,-1.24881744
1.35929399,-1.24881744
1.35993399,-1.07242048
1.36057399,-1.07242048
1.36121399,-1.24881744
1.36185399,-1.07242048
1.36249399,-1.07242048
1.36313399,-1.07242048
1.36377399,-0.89602345
1.36441399,-1.07242048
1.36505399,-0.89602345
1.36569399,-0.89602345
1.36633399,-0.89602345
1.36697399,-0.89602345
1.36761399,-0.89602345
1.36825399,-0.89602345
1.36889399,-0.72023684
1.36953399,-0.72023684
1.37017399,-0.72023684
1.37081399,-0.54383981
1.37145399,-0.54383981
1.37209399,-0.54383981
1.37273399,-0.36744285
1.37337399,-0.36744285
1.37401399,-0.36744285
1.37465399,-0.36744285
1.37529399,-0.19104587
1.37593399,-0.19104587
1.37657399,-0.19104587
1.37721399,-0.19104587
1.37785399,-0.01525925
1.37849399,0.16052736
1.37913399,0.16052736
1.37977399,0.16052736
1.38041399,0.16052736
1.38105399,0.33692434
1.38169399,0.33692434
1.38233399,0.33692434
1.38297399,0.51332134
1.38361399,0.51332134
1.38425399,0.68971831
1.38489399,0.68971831
1.38553399,0.68971831
1.38617399,0.86550492
1.38681399,0.86550492
1.38745399,0.86550492
1.38809399,1.04190195
1.38873399,1.21829891
1.38937399,1.21829891
1.39001399,1.21829891
1.39065399,1.21829891
1.39129399,1.39469588
1.39193399,1.39469588
1.39257399,1.57048249
1.39321399,1.57048249
1.39385399,1.57048249
1.39449399,1.74687946
1.39513399,1.74687946
1.39577399,1.74687946
1.39641399,1.92327642
1.39705399,1.92327642
1.39769399,2.09967351
1.39833399,2.09967351
1.39897399,2.09967351
1.39961399,2.27546000
1.40025399,2.27546000
1.40089399,2.45185709
1.40153399,2.45185709
1.40217399,2.45185709
1.40281399,2.62825394
1.40345399,2.62825394
1.40409399,2.62825394
1.40473399,2.62825394
1.40537399,2.80465102
1.40601399,2.98043752
1.40665399,2.98043752
1.40729399,2.98043752
1.40793399,2.98043752
1.40857399,3.15683460
1.40921399,3.15683460
1.40985399,3.15683460
1.41049399,3.15683460
1.41113399,3.15683460
1.41177399,3.33323169
1.41241399,3.33323169
1.41305399,3.33323169
1.41369399,3.33323169
1.41433399,3.33323169
1.41497399,3.33323169
1.41561399,3.33323169
1.41625399,3.50962853
1.41689399,3.50962853
1.41753399,3.50962853
1.41817399,3.50962853
1.41881399,3.50962853
1.41945399,3.50962853
1.42009399,3.50962853
1.42073399,3.50962853
1.42137399,3.50962853
1.42201399,3.50962853
1.42265399,3.50962853
1.42329399,3.68541527
1.42393399,3.68541527
1.42457399,3.50962853
1.42521399,3.50962853
1.42585399,3.50962853
1.42649399,3.50962853
1.42713399,3.50962853
1.42777399,3.50962853
1.42841399,3.50962853
1.42905399,3.33323169
1.42969399,3.33323169
1.43033399,3.33323169
1.43097399,3.33323169
1.43161399,3.33323169
1.43225399,3.33323169
1.43289399,3.33323169
1.43353399,3.15683460
1.43417399,3.15683460
1.43481399,3.15683460
1.43545399,2.98043752
1.43609399,3.15683460
1.43673399,2.80465102
1.43737399,2.98043752
1.43801399,2.80465102
1.43865399,2.62825394
1.43929399,2.62825394
1.43993399,2.45185709
1.44057399,2.62825394
1.44121399,2.45185709
1.44185399,2.45185709
1.44249399,2.27546000
1.44313399,2.27546000
1.44377399,2.09967351
1.44441399,2.09967351
1.44505399,1.92327642
1.44569399,1.92327642
1.44633399,1.92327642
1.44697399,1.74687946
1.44761399,1.74687946
1.44825399,1.74687946
1.44889399,1.57048249
1.44953399,1.57048249
1.45017399,1.39469588
1.45081399,1.21829891
1.45145399,1.21829891
1.45209399,1.04190195
1.45273399,1.04190195
1.45337399,1.04190195
1.45401399,0.86550492
1.45465399,0.68971831
1.45529399,0.68971831
1.45593399,0.51332134
1.45657399,0.51332134
1.45721399,0.33692434
1.45785399,0.33692434
1.45849399,0.33692434
1.45913399,0.16052736
1.45977399,-0.01525925
1.46041399,-0.19104587
1.46105399,-0.19104587
1.46169399,-0.19104587
1.46233399,-0.36744285
1.46297399,-0.36744285
1.46361399,-0.54383981
1.46425399,-0.54383981
1.46489399,-0.72023684
1.46553399,-0.89602345
1.46617399,-0.89602345
1.46681399,-1.07242048
1.46745399,-1.07242048
1.46809399,-1.24881744
1.46873399,-1.24881744
1.46937399,-1.42521441
1.47001399,-1.42521441
1.47065399,-1.60100102
1.47129399,-1.60100102
1.47193399,-1.77739799
1.47257399,-1.77739799
1.47321399,-1.77739799
1.47385399,-1.95379496
1.47449399,-1.95379496
1.47513399,-2.13019204
1.47577399,-2.13019204
1.47641399,-2.30597854
1.47705399,-2.30597854
1.47769399,-2.30597854
1.47833399,-2.30597854
1.47897399,-2.48237562
1.47961399,-2.48237562
1.48025399,-2.48237562
1.48089399,-2.48237562
1.48153399,-2.65877247
1.48217399,-2.65877247
1.48281399,-2.65877247
1.48345399,-2.83516955
1.48409399,-2.83516955
1.48473399,-2.83516955
1.48537399,-3.01095605
1.48601399,-3.01095605
1.48665399,-3.01095605
1.48729399,-3.18735313
1.48793399,-3.01095605
1.48857399,-3.01095605
1.48921399,-3.18735313
1.48985399,-3.18735313
1.49049399,-3.18735313
1.49113399,-3.18735313
1.49177399,-3.18735313
1.49241399,-3.18735313
1.49305399,-3.18735313
1.49369399,-3.18735313
1.49433399,-3.18735313
1.49497399,-3.18735313
1.49561399,-3.18735313
1.49625399,-3.18735313
1.49689399,-3.18735313
1.49753399,-3.18735313
1.49817399,-3.18735313
1.49881399,-3.18735313
1.49945399,-3.18735313
1.50009399,-3.18735313
1.50073399,-3.18735313
1.50137399,-3.18735313
1.50201399,-3.18735313
1.50265399,-3.18735313
1.50329399,-3.18735313
1.50393399,-3.01095605
1.50457399,-3.01095605
1.50521399,-3.01095605
1.50585399,-3.01095605
1.50649399,-3.01095605
1.50713399,-3.01095605
1.50777399,-3.01095605
1.50841399,-2.83516955
1.50905399,-2.83516955
1.50969399,-2.83516955
1.51033399,-2.65877247
1.51097399,-2.65877247
1.51161399,-2.65877247
1.51225399,-2.65877247
1.51289399,-2.48237562
1.51353399,-2.48237562
1.51417399,-2.48237562
1.51481399,-2.48237562
1.51545399,-2.30597854
1.51609399,-2.30597854
1.51673399,-2.30597854
1.51737399,-2.30597854
1.51801399,-2.13019204
1.51865399,-2.13019204
1.51929399,-2.13019204
1.51993399,-1.95379496
1.52057399,-1.95379496
1.52121399,-1.95379496
1.52185399,-1.95379496
1.52249399,-1.77739799
1.52313399,-1.60100102
1.52377399,-1.60100102
1.52441399,-1.60100102
1.52505399,-1.60100102
1.52569399,-1.42521441
1.52633399,-1.42521441
1.52697399,-1.24881744
1.52761399,-1.24881744
1.52825399,-1.24881744
1.52889399,-1.07242048
1.52953399,-1.07242048
1.53017399,-1.07242048
1.53081399,-0.89602345
1.53145399,-0.89602345
1.53209399,-0.89602345
1.53273399,-0.89602345
1.53337399,-0.72023684
1.53401399,-0.72023684
1.53465399,-0.54383981
1.53529399,-0.36744285
1.53593399,-0.36744285
1.53657399,-0.36744285
1.53721399,-0.36744285
1.53785399,-0.36744285
1.53849399,-0.36744285
1.53913399,-0.19104587
1.53977399,-0.19104587
1.54041399,-0.19104587
1.54105399,-0.01525925
1.54169399,-0.01525925
1.54233399,-0.01525925
1.54297399,0.16052736
1.54361399,0.16052736
1.54425399,0.16052736
1.54489399,0.16052736
1.54553399,0.16052736
1.54617399,0.33692434
1.54681399,0.33692434
1.54745399,0.33692434
1.54809399,0.51332134
1.54873399,0.51332134
1.54937399,0.51332134
1.55001399,0.51332134
1.55065399,0.51332134
1.55129399,0.51332134
1.55193399,0.51332134
1.55257399,0.51332134
1.55321399,0.51332134
1.55385399,0.68971831
1.55449399,0.68971831
1.55513399,0.68971831
1.55577399,0.68971831
1.55641399,0.68971831
1.55705399,0.86550492
1.55769399,0.68971831
1.55833399,0.86550492
1.55897399,0.86550492
1.55961399,0.68971831
1.56025399,0.86550492
1.56089399,0.86550492
1.56153399,0.86550492
1.56217399,0.86550492
1.56281399,0.86550492
1.56345399,0.86550492
1.56409399,0.86550492
1.56473399,0.86550492
1.56537399,0.86550492
1.56601399,0.86550492
1.56665399,0.86550492
1.56729399,0.86550492
1.56793399,0.86550492
1.56857399,0.86550492
1.56921399,0.86550492
1.56985399,0.86550492
1.57049399,0.86550492
1.57113399,0.86550492
1.57177399,0.86550492
1.57241399,0.86550492
1.57305399,0.86550492
1.57369399,0.86550492
1.57433399,0.86550492
1.57497399,0.86550492
1.57561399,0.86550492
1.57625399,0.86550492
1.57689399,0.86550492
1.57753399,0.86550492
1.57817399,0.68971831
1.57881399,0.68971831
1.57945399,0.68971831
1.58009399,0.68971831
1.58073399,0.68971831
1.58137399,0.68971831
1.58201399,0.68971831
1.58265399,0.68971831
1.58329399,0.51332134
1.58393399,0.51332134
1.58457399,0.68971831
1.58521399,0.51332134
1.58585399,0.51332134
1.58649399,0.68971831
1.58713399,0.51332134
1.58777399,0.51332134
1.58841399,0.51332134
1.58905399,0.51332134
1.58969399,0.51332134
1.59033399,0.51332134
1.59097399,0.51332134
1.59161399,0.51332134
1.59225399,0.51332134
1.59289399,0.51332134
1.59353399,0.51332134
1.59417399,0.51332134
1.59481399,0.51332134
1.59545399,0.51332134
1.59609399,0.51332134
1.59673399,0.51332134
1.59737399,0.51332134
1.59801399,0.51332134
1.59865399,0.51332134
1.59929399,0.51332134
1.59993399,0.51332134
1.60057399,0.33692434
1.60121399,0.51332134
1.60185399,0.51332134
1.60249399,0.51332134
1.60313399,0.33692434
1.60377399,0.51332134
1.60441399,0.51332134
1.60505399,0.51332134
1.60569399,0.51332134
1.60633399,0.51332134
1.60697399,0.51332134
1.60761399,0.51332134
1.60825399,0.51332134
1.60889399,0.51332134
1.60953399,0.51332134
1.61017399,0.51332134
1.61081399,0.51332134
1.61145399,0.51332134
1.61209399,0.51332134
1.61273399,0.51332134
1.61337399,0.51332134
1.61401399,0.51332134
1.61465399,0.51332134
1.61529399,0.68971831
1.61593399,0.68971831
1.61657399,0.68971831
1.61721399,0.68971831
1.61785399,0.68971831
1.61849399,0.86550492
1.61913399,0.86550492
1.61977399,0.86550492
1.62041399,0.86550492
1.62105399,0.86550492
1.62169399,0.86550492
1.62233399,1.04190195
1.62297399,1.04190195
1.62361399,1.04190195
1.62425399,1.04190195
1.62489399,1.04190195
1.62553399,1.04190195
1.62617399,1.04190195
1.62681399,1.21829891
1.62745399,1.21829891
1.62809399,1.21829891
1.62873399,1.21829891
1.62937399,1.21829891
1.63001399,1.21829891
1.63065399,1.21829891
1.63129399,1.39469588
1.63193399,1.21829891
1.63257399,1.39469588
1.63321399,1.39469588
1.63385399,1.57048249
1.63449399,1.57048249
1.63513399,1.57048249
1.63577399,1.57048249
1.63641399,1.57048249
1.63705399,1.57048249
1.63769399,1.57048249
1.63833399,1.57048249
1.63897399,1.57048249
1.63961399,1.74687946
1.64025399,1.74687946
1.64089399,1.74687946
1.64153399,1.74687946
1.64217399,1.74687946
1.64281399,1.74687946
1.64345399,1.92327642
1.64409399,1.74687946
1.64473399,1.92327642
1.64537399,1.92327642
1.64601399,1.92327642
1.64665399,1.92327642
1.64729399,1.92327642
1.64793399,1.92327642
1.64857399,1.92327642
1.64921399,1.92327642
1.64985399,1.92327642
1.65049399,1.92327642
1.65113399,1.92327642
1.65177399,1.92327642
1.65241399,1.92327642
1.65305399,1.92327642
1.65369399,1.92327642
1.65433399,1.92327642
1.65497399,1.92327642
1.65561399,1.92327642
1.65625399,1.92327642
1.65689399,1.92327642
1.65753399,1.92327642
1.65817399,1.92327642
1.65881399,1.92327642
1.65945399,1.92327642
1.66009399,1.74687946
1.66073399,1.92327642
1.66137399,1.92327642
1.66201399,1.92327642
1.66265399,1.74687946
1.66329399,1.74687946
1.66393399,1.74687946
1.66457399,1.74687946
1.66521399,1.74687946
1.66585399,1.74687946
1.66649399,1.74687946
1.66713399,1.57048249
1.66777399,1.57048249
1.66841399,1.57048249
1.66905399,1.57048249
1.66969399,1.39469588
1.67033399,1.57048249
1.67097399,1.39469588
1.67161399,1.39469588
1.67225399,1.21829891
1.67289399,1.21829891
1.67353399,1.21829891
1.67417399,1.21829891
1.67481399,1.21829891
1.67545399,1.04190195
1.67609399,1.04190195
1.67673399,1.04190195
1.67737399,0.86550492
1.67801399,0.86550492
1.67865399,0.86550492
1.67929399,0.68971831
1.67993399,0.68971831
1.68057399,0.51332134
1.68121399,0.51332134
1.68185399,0.51332134
1.68249399,0.33692434
1.68313399,0.33692434
1.68377399,0.33692434
1.68441399,0.16052736
1.68505399,0.16052736
1.68569399,0.16052736
1.68633399,-0.01525925
1.68697399,-0.01525925
1.68761399,-0.19104587
1.68825399,-0.19104587
1.68889399,-0.19104587
1.68953399,-0.36744285
1.69017399,-0.36744285
1.69081399,-0.36744285
1.69145399,-0.54383981
1.69209399,-0.54383981
1.69273399,-0.72023684
1.69337399,-0.72023684
1.69401399,-0.89602345
1.69465399,-0.89602345
1.69529399,-0.89602345
1.69593399,-1.07242048
1.69657399,-1.07242048
1.69721399,-1.24881744
1.69785399,-1.24881744
1.69849399,-1.24881744
1.69913399,-1.42521441
1.69977399,-1.42521441
1.70041399,-1.60100102
1.70105399,-1.60100102
1.70169399,-1.77739799
1.70233399,-1.77739799
1.70297399,-1.77739799
1.70361399,-1.77739799
1.70425399,-1.95379496
1.70489399,-1.95379496
1.70553399,-1.95379496
1.70617399,-2.13019204
1.70681399,-2.13019204
1.70745399,-2.30597854
1.70809399,-2.30597854
1.70873399,-2.30597854
1.70937399,-2.48237562
1.71001399,-2.48237562
1.71065399,-2.48237562
1.71129399,-2.48237562
1.71193399,-2.48237562
1.71257399,-2.65877247
1.71321399,-2.65877247
1.71385399,-2.65877247
1.71449399,-2.65877247
1.71513399,-2.65877247
1.71577399,-2.83516955
1.71641399,-2.83516955
1.71705399,-2.83516955
1.71769399,-3.01095605
1.71833399,-3.01095605
1.71897399,-3.01095605
1.71961399,-3.01095605
1.72025399,-3.01095605
1.72089399,-3.01095605
1.72153399,-3.18735313
1.72217399,-3.01095605
1.72281399,-3.18735313
1.72345399,-3.18735313
1.72409399,-3.18735313
1.72473399,-3.01095605
1.72537399,-3.18735313
1.72601399,-3.01095605
1.72665399,-3.18735313
1.72729399,-3.18735313
1.72793399,-3.18735313
1.72857399,-3.18735313
1.72921399,-3.18735313
1.72985399,-3.18735313
1.73049399,-3.01095605
1.73113399,-3.18735313
1.73177399,-3.01095605
1.73241399,-3.01095605
1.73305399,-3.01095605
1.73369399,-3.01095605
1.73433399,-3.01095605
1.73497399,-3.01095605
1.73561399,-3.01095605
1.73625399,-2.83516955
1.73689399,-3.01095605
1.73753399,-2.83516955
1.73817399,-2.83516955
1.73881399,-2.65877247
1.73945399,-2.83516955
1.74009399,-2.65877247
1.74073399,-2.65877247
1.74137399,-2.65877247
1.74201399,-2.65877247
1.74265399,-2.48237562
1.74329399,-2.48237562
1.74393399,-2.48237562
1.74457399,-2.30597854
1.74521399,-2.30597854
1.74585399,-2.30597854
1.74649399,-2.30597854
1.74713399,-2.13019204
1.74777399,-2.13019204
1.74841399,-2.13019204
1.74905399,-1.95379496
1.74969399,-1.95379496
1.75033399,-1.77739799
1.75097399,-1.77739799
1.75161399,-1.77739799
1.75225399,-1.77739799
1.75289399,-1.77739799
1.75353399,-1.60100102
1.75417399,-1.60100102
1.75481399,-1.42521441
1.75545399,-1.42521441
1.75609399,-1.24881744
1.75673399,-1.24881744
1.75737399,-1.07242048
1.75801399,-1.07242048
1.75865399,-1.07242048
1.75929399,-0.89602345
1.75993399,-0.89602345
1.76057399,-0.89602345
1.76121399,-0.72023684
1.76185399,-0.72023684
1.76249399,-0.54383981
1.76313399,-0.54383981
1.76377399,-0.36744285
1.76441399,-0.36744285
1.76505399,-0.36744285
1.76569399,-0.19104587
1.76633399,-0.19104587
1.76697399,-0.01525925
1.76761399,-0.01525925
1.76825399,0.16052736
1.76889399,0.16052736
1.76953399,0.33692434
1.77017399,0.33692434
1.77081399,0.33692434
1.77145399,0.33692434
1.77209399,0.51332134
1.77273399,0.51332134
1.77337399,0.68971831
1.77401399,0.68971831
1.77465399,0.68971831
1.77529399,0.86550492
1.77593399,0.86550492
1.77657399,0.86550492
1.77721399,1.04190195
1.77785399,1.04190195
1.77849399,1.04190195
1.77913399,1.21829891
1.77977399,1.21829891
1.78041399,1.21829891
1.78105399,1.21829891
1.78169399,1.39469588
1.78233399,1.39469588
1.78297399,1.57048249
1.78361399,1.57048249
1.78425399,1.57048249
1.78489399,1.57048249
1.78553399,1.74687946
1.78617399,1.74687946
1.78681399,1.74687946
1.78745399,1.74687946
1.78809399,1.74687946
1.78873399,1.74687946
1.78937399,1.74687946
1.79001399,1.92327642
1.79065399,1.92327642
1.79129399,1.92327642
1.79193399,1.92327642
1.79257399,1.92327642
1.79321399,2.09967351
1.79385399,1.92327642
1.79449399,2.09967351
1.79513399,1.92327642
1.79577399,2.09967351
1.79641399,2.09967351
1.79705399,2.09967351
1.79769399,2.09967351
1.79833399,2.09967351
1.79897399,2.09967351
1.79961399,2.09967351
1.80025399,2.09967351
1.80089399,2.09967351
1.80153399,2.09967351
1.80217399,2.09967351
1.80281399,2.09967351
1.80345399,2.09967351
1.80409399,2.09967351
1.80473399,2.09967351
1.80537399,2.09967351
1.80601399,2.09967351
1.80665399,1.92327642
1.80729399,2.09967351
1.80793399,1.92327642
1.80857399,2.09967351
1.80921399,1.92327642
1.80985399,1.92327642
1.81049399,1.92327642
1.81113399,1.92327642
1.81177399,1.92327642
1.81241399,1.92327642
1.81305399,1.92327642
1.81369399,1.92327642
1.81433399,1.92327642
1.81497399,1.74687946
1.81561399,1.74687946
1.81625399,1.74687946
1.81689399,1.74687946
1.81753399,1.74687946
1.81817399,1.74687946
1.81881399,1.74687946
1.81945399,1.74687946
1.82009399,1.74687946
1.82073399,1.57048249
1.82137399,1.57048249
1.82201399,1.57048249
1.82265399,1.57048249
1.82329399,1.57048249
1.82393399,1.39469588
1.82457399,1.39469588
1.82521399,1.39469588
1.82585399,1.39469588
1.82649399,1.21829891
1.82713399,1.21829891
1.82777399,1.21829891
1.82841399,1.21829891
1.82905399,1.21829891
1.82969399,1.21829891
1.83033399,1.21829891
1.83097399,1.04190195
1.83161399,1.04190195
1.83225399,1.04190195
1.83289399,1.04190195
1.83353399,1.04190195
1.83417399,0.86550492
1.83481399,0.86550492
1.83545399,0.86550492
1.83609399,0.86550492
1.83673399,0.68971831
1.83737399,0.86550492
1.83801399,0.68971831
1.83865399,0.68971831
1.83929399,0.68971831
1.83993399,0.51332134
1.84057399,0.51332134
1.84121399,0.51332134
1.84185399,0.51332134
1.84249399,0.51332134
1.84313399,0.51332134
1.84377399,0.51332134
1.84441399,0.51332134
1.84505399,0.51332134
1.84569399,0.33692434
1.84633399,0.33692434
1.84697399,0.51332134
1.84761399,0.33692434
1.84825399,0.33692434
1.84889399,0.33692434
1.84953399,0.33692434
1.85017399,0.33692434
1.85081399,0.33692434
1.85145399,0.16052736
1.85209399,0.33692434
1.85273399,0.16052736
1.85337399,0.33692434
1.85401399,0.33692434
1.85465399,0.33692434
1.85529399,0.16052736
1.85593399,0.33692434
1.85657399,0.16052736
1.85721399,0.16052736
1.85785399,0.16052736
1.85849399,0.16052736
1.85913399,0.16052736
1.85977399,0.16052736
1.86041399,0.16052736
1.86105399,0.16052736
1.86169399,0.16052736
1.86233399,0.16052736
1.86297399,0.16052736
1.86361399,0.16052736
1.86425399,0.16052736
1.86489399,0.16052736
1.86553399,0.16052736
1.86617399,0.16052736
1.86681399,0.16052736
1.86745399,0.16052736
1.86809399,0.16052736
1.86873399,0.16052736
1.86937399,0.16052736
1.87001399,0.16052736
1.87065399,0.16052736
1.87129399,0.16052736
1.87193399,0.16052736
1.87257399,0.16052736
1.87321399,0.16052736
1.87385399,0.16052736
1.87449399,0.16052736
1.87513399,0.16052736
1.87577399,0.33692434
1.87641399,0.16052736
1.87705399,0.33692434
1.87769399,0.33692434
1.87833399,0.33692434
1.87897399,0.33692434
1.87961399,0.33692434
1.88025399,0.33692434
1.88089399,0.33692434
1.88153399,0.33692434
1.88217399,0.16052736
1.88281399,0.33692434
1.88345399,0.33692434
1.88409399,0.33692434
1.88473399,0.33692434
1.88537399,0.33692434
1.88601399,0.33692434
1.88665399,0.33692434
1.88729399,0.33692434
1.88793399,0.33692434
1.88857399,0.33692434
1.88921399,0.33692434
1.88985399,0.33692434
1.89049399,0.33692434
1.89113399,0.33692434
1.89177399,0.33692434
1.89241399,0.33692434
1.89305399,0.33692434
1.89369399,0.33692434
1.89433399,0.33692434
1.89497399,0.33692434
1.89561399,0.33692434
1.89625399,0.33692434
1.89689399,0.33692434
1.89753399,0.16052736
1.89817399,0.16052736
1.89881399,0.33692434
1.89945399,0.16052736
1.90009399,0.16052736
1.90073399,0.16052736
1.90137399,0.16052736
1.90201399,0.16052736
1.90265399,0.16052736
1.90329399,0.16052736
1.90393399,0.16052736
1.90457399,0.16052736
1.90521399,0.16052736
1.90585399,-0.01525925
1.90649399,0.16052736
1.90713399,-0.01525925
1.90777399,-0.01525925
1.90841399,-0.01525925
1.90905399,-0.01525925
1.90969399,-0.01525925
1.91033399,-0.19104587
1.91097399,-0.19104587
1.91161399,-0.19104587
1.91225399,-0.19104587
1.91289399,-0.19104587
1.91353399,-0.19104587
1.91417399,-0.36744285
1.91481399,-0.36744285
1.91545399,-0.36744285
1.91609399,-0.36744285
1.91673399,-0.36744285
1.91737399,-0.36744285
1.91801399,-0.36744285
1.91865399,-0.54383981
1.91929399,-0.54383981
1.91993399,-0.54383981
1.92057399,-0.54383981
1.92121399,-0.54383981
1.92185399,-0.72023684
1.92249399,-0.72023684
1.92313399,-0.72023684
1.92377399,-0.89602345
1.92441399,-0.89602345
1.92505399,-0.89602345
1.92569399,-0.89602345
1.92633399,-0.89602345
1.92697399,-0.89602345
1.92761399,-1.07242048
1.92825399,-1.07242048
1.92889399,-1.07242048
1.92953399,-1.07242048
1.93017399,-1.24881744
1.93081399,-1.24881744
1.93145399,-1.24881744
1.93209399,-1.24881744
1.93273399,-1.42521441
1.93337399,-1.42521441
1.93401399,-1.42521441
1.93465399,-1.60100102
1.93529399,-1.60100102
1.93593399,-1.42521441
1.93657399,-1.60100102
1.93721399,-1.60100102
1.93785399,-1.60100102
1.93849399,-1.60100102
1.93913399,-1.60100102
1.93977399,-1.77739799
1.94041399,-1.77739799
1.94105399,-1.77739799
1.94169399,-1.77739799
1.94233399,-1.77739799
1.94297399,-1.77739799
1.94361399,-1.77739799
1.94425399,-1.95379496
1.94489399,-1.95379496
1.94553399,-1.95379496
1.94617399,-1.95379496
1.94681399,-1.95379496
1.94745399,-2.13019204
1.94809399,-2.13019204
1.94873399,-2.13019204
1.94937399,-2.13019204
1.95001399,-2.13019204
1.95065399,-2.13019204
1.95129399,-2.13019204
1.95193399,-2.13019204
1.95257399,-2.13019204
1.95321399,-2.13019204
1.95385399,-2.30597854
1.95449399,-2.13019204
1.95513399,-2.30597854
1.95577399,-2.30597854
1.95641399,-2.30597854
1.95705399,-2.30597854
1.95769399,-2.13019204
1.95833399,-2.30597854
1.95897399,-2.13019204
1.95961399,-2.30597854
1.96025399,-2.13019204
1.96089399,-2.30597854
1.96153399,-2.13019204
1.96217399,-2.30597854
1.96281399,-2.30597854
1.96345399,-2.13019204
1.96409399,-2.13019204
1.96473399,-2.13019204
1.96537399,-2.13019204
1.96601399,-2.13019204
1.96665399,-1.95379496
1.96729399,-2.13019204
1.96793399,-2.13019204
1.96857399,-1.95379496
1.96921399,-1.95379496
1.96985399,-1.95379496
1.97049399,-1.77739799
1.97113399,-1.95379496
1.97177399,-1.77739799
1.97241399,-1.77739799
1.97305399,-1.77739799
1.97369399,-1.77739799
1.97433399,-1.77739799
1.97497399,-1.77739799
1.97561399,-1.60100102
1.97625399,-1.60100102
1.97689399,-1.60100102
1.97753399,-1.60100102
1.97817399,-1.42521441
1.97881399,-1.42521441
1.97945399,-1.42521441
1.98009399,-1.24881744
1.98073399,-1.24881744
1.98137399,-1.24881744
1.98201399,-1.07242048
1.98265399,-1.07242048
1.98329399,-1.07242048
1.98393399,-0.89602345
1.98457399,-0.89602345
1.98521399,-0.89602345
1.98585399,-0.89602345
1.98649399,-0.72023684
1.98713399,-0.54383981
1.98777399,-0.54383981
1.98841399,-0.54383981
1.98905399,-0.54383981
1.98969399,-0.36744285
1.99033399,-0.36744285
1.99097399,-0.19104587
1.99161399,-0.19104587
1.99225399,-0.19104587
1.99289399,-0.19104587
1.99353399,-0.01525925
1.99417399,-0.01525925
1.99481399,0.16052736
1.99545399,0.16052736
1.99609399,0.33692434
1.99673399,0.33692434
1.99737399,0.33692434
1.99801399,0.33692434
1.99865399,0.33692434
1.99929399,0.51332134
1.99993399,0.51332134
2.00057399,0.68971831
2.00121399,0.68971831
2.00185399,0.68971831
2.00249399,0.86550492
2.00313399,0.86550492
2.00377399,0.86550492
2.00441399,1.04190195
2.00505399,1.04190195
2.00569399,1.21829891
2.00633399,1.21829891
2.00697399,1.21829891
2.00761399,1.21829891
2.00825399,1.39469588
2.00889399,1.39469588
2.00953399,1.57048249
2.01017399,1.57048249
2.01081399,1.57048249
2.01145399,1.57048249
2.01209399,1.74687946
2.01273399,1.74687946
2.01337399,1.74687946
2.01401399,1.74687946
2.01465399,1.92327642
2.01529399,1.92327642
2.01593399,1.92327642
2.01657399,1.92327642
2.01721399,1.92327642
2.01785399,2.09967351
2.01849399,2.09967351
2.01913399,2.09967351
2.01977399,2.27546000
2.02041399,2.27546000
2.02105399,2.09967351
2.02169399,2.27546000
2.02233399,2.27546000
2.02297399,2.45185709
2.02361399,2.45185709
2.02425399,2.27546000
2.02489399,2.45185709
2.02553399,2.45185709
2.02617399,2.45185709
2.02681399,2.45185709
2.02745399,2.45185709
2.02809399,2.45185709
2.02873399,2.45185709
2.02937399,2.45185709
2.03001399,2.45185709
2.03065399,2.45185709
2.03129399,2.45185709
2.03193399,2.62825394
2.03257399,2.45185709
2.03321399,2.45185709
2.03385399,2.45185709
2.03449399,2.45185709
2.03513399,2.45185709
2.03577399,2.45185709
2.03641399,2.45185709
2.03705399,2.45185709
2.03769399,2.45185709
2.03833399,2.45185709
2.03897399,2.45185709
2.03961399,2.45185709
2.04025399,2.45185709
2.04089399,2.45185709
2.04153399,2.45185709
2.04217399,2.45185709
2.04281399,2.45185709
2.04345399,2.27546000
2.04409399,2.27546000
2.04473399,2.27546000
2.04537399,2.27546000
2.04601399,2.09967351
2.04665399,2.09967351
2.04729399,2.09967351
2.04793399,2.09967351
2.04857399,2.09967351
2.04921399,1.92327642
2.04985399,1.92327642
2.05049399,1.92327642
2.05113399,1.92327642
2.05177399,1.92327642
2.05241399,1.92327642
2.05305399,1.74687946
2.05369399,1.74687946
2.05433399,1.74687946
2.05497399,1.74687946
2.05561399,1.57048249
2.05625399,1.57048249
2.05689399,1.57048249
2.05753399,1.57048249
2.05817399,1.39469588
2.05881399,1.39469588
2.05945399,1.39469588
2.06009399,1.21829891
2.06073399,1.21829891
2.06137399,1.21829891
2.06201399,1.21829891
2.06265399,1.04190195
2.06329399,1.04190195
2.06393399,1.04190195
2.06457399,1.04190195
2.06521399,0.86550492
2.06585399,0.86550492
2.06649399,0.86550492
2.06713399,0.68971831
2.06777399,0.68971831
2.06841399,0.68971831
2.06905399,0.51332134
2.06969399,0.51332134
2.07033399,0.51332134
2.07097399,0.33692434
2.07161399,0.33692434
2.07225399,0.33692434
2.07289399,0.33692434
2.07353399,0.33692434
2.07417399,0.16052736
2.07481399,0.16052736
2.07545399,0.16052736
2.07609399,-0.01525925
2.07673399,-0.01525925
2.07737399,-0.01525925
2.07801399,-0.19104587
2.07865399,-0.19104587
2.07929399,-0.19104587
2.07993399,-0.19104587
2.08057399,-0.19104587
2.08121399,-0.36744285
2.08185399,-0.36744285
2.08249399,-0.36744285
2.08313399,-0.36744285
2.08377399,-0.36744285
2.08441399,-0.54383981
2.08505399,-0.54383981
2.08569399,-0.54383981
2.08633399,-0.54383981
2.08697399,-0.54383981
2.08761399,-0.72023684
2.08825399,-0.54383981
2.08889399,-0.72023684
2.08953399,-0.72023684
2.09017399,-0.89602345
2.09081399,-0.72023684
2.09145399,-0.89602345
2.09209399,-0.89602345
2.09273399,-0.89602345
2.09337399,-0.89602345
2.09401399,-0.89602345
2.09465399,-0.89602345
2.09529399,-0.89602345
2.09593399,-0.89602345
2.09657399,-0.89602345
2.09721399,-0.89602345
2.09785399,-1.07242048
2.09849399,-0.89602345
2.09913399,-1.07242048
2.09977399,-1.07242048
2.10041399,-1.07242048
2.10105399,-1.07242048
2.10169399,-1.07242048
2.10233399,-1.07242048
2.10297399,-1.07242048
2.10361399,-1.07242048
2.10425399,-1.07242048
2.10489399,-1.07242048
2.10553399,-1.07242048
2.10617399,-1.07242048
2.10681399,-1.07242048
2.10745399,-1.07242048
2.10809399,-1.07242048
2.10873399,-1.07242048
2.10937399,-1.07242048
2.11001399,-1.07242048
2.11065399,-1.07242048
2.11129399,-1.07242048
2.11193399,-1.07242048
2.11257399,-1.07242048
2.11321399,-1.07242048
2.11385399,-1.07242048
2.11449399,-1.07242048
2.11513399,-1.07242048
2.11577399,-1.07242048
2.11641399,-1.07242048
2.11705399,-1.07242048
2.11769399,-0.89602345
2.11833399,-1.07242048
2.11897399,-0.89602345
2.11961399,-0.89602345
2.12025399,-0.89602345
2.12089399,-1.07242048
2.12153399,-0.89602345
2.12217399,-0.89602345
2.12281399,-0.89602345
2.12345399,-0.89602345
2.12409399,-0.89602345
2.12473399,-0.89602345
2.12537399,-0.89602345
2.12601399,-0.89602345
2.12665399,-0.72023684
2.12729399,-0.89602345
2.12793399,-0.89602345
2.12857399,-0.89602345
2.12921399,-0.72023684
2.12985399,-0.89602345
2.13049399,-0.72023684
2.13113399,-0.72023684
2.13177399,-0.72023684
2.13241399,-0.72023684
2.13305399,-0.72023684
2.13369399,-0.72023684
2.13433399,-0.72023684
2.13497399,-0.72023684
2.13561399,-0.54383981
2.13625399,-0.54383981
2.13689399,-0.72023684
2.13753399,-0.72023684
2.13817399,-0.54383981
2.13881399,-0.54383981
2.13945399,-0.72023684
2.14009399,-0.54383981
2.14073399,-0.54383981
2.14137399,-0.54383981
2.14201399,-0.54383981
2.14265399,-0.54383981
2.14329399,-0.54383981
2.14393399,-0.54383981
2.14457399,-0.54383981
2.14521399,-0.54383981
2.14585399,-0.54383981
2.14649399,-0.54383981
2.14713399,-0.54383981
2.14777399,-0.54383981
2.14841399,-0.54383981
2.14905399,-0.54383981
2.14969399,-0.36744285
2.15033399,-0.54383981
2.15097399,-0.36744285
2.15161399,-0.54383981
2.15225399,-0.54383981
2.15289399,-0.54383981
2.15353399,-0.36744285
2.15417399,-0.54383981
2.15481399,-0.54383981
2.15545399,-0.54383981
2.15609399,-0.54383981
2.15673399,-0.54383981
2.15737399,-0.54383981
2.15801399,-0.54383981
2.15865399,-0.54383981
2.15929399,-0.54383981
2.15993399,-0.54383981
2.16057399,-0.54383981
2.16121399,-0.54383981
2.16185399,-0.54383981
2.16249399,-0.54383981
2.16313399,-0.54383981
2.16377399,-0.54383981
2.16441399,-0.54383981
2.16505399,-0.54383981
2.16569399,-0.72023684
2.16633399,-0.72023684
2.16697399,-0.72023684
2.16761399,-0.72023684
2.16825399,-0.72023684
2.16889399,-0.72023684
2.16953399,-0.72023684
2.17017399,-0.72023684
2.17081399,-0.72023684
2.17145399,-0.72023684
2.17209399,-0.72023684
2.17273399,-0.72023684
2.17337399,-0.89602345
2.17401399,-0.89602345
2.17465399,-0.89602345
2.17529399,-0.89602345
2.17593399,-0.89602345
2.17657399,-0.89602345
2.17721399,-0.89602345
2.17785399,-0.89602345
2.17849399,-0.89602345
2.17913399,-0.89602345
2.17977399,-0.89602345
2.18041399,-0.89602345
2.18105399,-0.89602345
2.18169399,-0.89602345
2.18233399,-0.89602345
2.18297399,-0.89602345
2.18361399,-0.89602345
2.18425399,-1.07242048
2.18489399,-0.89602345
2.18553399,-0.89602345
2.18617399,-0.89602345
2.18681399,-0.89602345
2.18745399,-0.89602345
2.18809399,-0.89602345
2.18873399,-0.89602345
2.18937399,-0.89602345
2.19001399,-0.89602345
2.19065399,-0.89602345
2.19129399,-0.89602345
2.19193399,-0.89602345
2.19257399,-0.89602345
2.19321399,-0.89602345
2.19385399,-0.89602345
2.19449399,-0.89602345
2.19513399,-0.89602345
2.19577399,-0.89602345
2.19641399,-0.89602345
2.19705399,-0.89602345
2.19769399,-0.89602345
2.19833399,-0.89602345
2.19897399,-0.89602345
2.19961399,-0.89602345
2.20025399,-0.72023684
2.20089399,-0.72023684
2.20153399,-0.72023684
2.20217399,-0.72023684
2.20281399,-0.72023684
2.20345399,-0.54383981
2.20409399,-0.72023684
2.20473399,-0.72023684
2.20537399,-0.54383981
2.20601399,-0.54383981
2.20665399,-0.54383981
2.20729399,-0.54383981
2.20793399,-0.54383981
2.20857399,-0.54383981
2.20921399,-0.36744285
2.20985399,-0.36744285
2.21049399,-0.36744285
2.21113399,-0.36744285
2.21177399,-0.36744285
2.21241399,-0.36744285
2.21305399,-0.36744285
2.21369399,-0.36744285
2.21433399,-0.19104587
2.21497399,-0.19104587
2.21561399,-0.19104587
2.21625399,-0.19104587
2.21689399,-0.01525925
2.21753399,-0.19104587
2.21817399,-0.01525925
2.21881399,-0.01525925
2.21945399,0.16052736
2.22009399,-0.01525925
2.22073399,0.16052736
2.22137399,0.16052736
2.22201399,0.16052736
2.22265399,0.16052736
2.22329399,0.33692434
2.22393399,0.33692434
2.22457399,0.51332134
2.22521399,0.33692434
2.22585399,0.33692434
2.22649399,0.51332134
2.22713399,0.51332134
2.22777399,0.51332134
2.22841399,0.51332134
2.22905399,0.68971831
2.22969399,0.68971831
2.23033399,0.68971831
2.23097399,0.86550492
2.23161399,0.68971831
2.23225399,0.86550492
2.23289399,0.86550492
2.23353399,0.86550492
2.23417399,1.04190195
2.23481399,1.04190195
2.23545399,1.04190195
2.23609399,1.21829891
2.23673399,1.21829891
2.23737399,1.21829891
2.23801399,1.21829891
2.23865399,1.21829891
2.23929399,1.39469588
2.23993399,1.39469588
2.24057399,1.39469588
2.24121399,1.39469588
2.24185399,1.57048249
2.24249399,1.57048249
2.24313399,1.57048249
2.24377399,1.57048249
2.24441399,1.74687946
2.24505399,1.74687946
2.24569399,1.74687946
2.24633399,1.74687946
2.24697399,1.74687946
2.24761399,1.74687946
2.24825399,1.92327642
2.24889399,1.74687946
2.24953399,1.74687946
2.25017399,1.92327642
2.25081399,1.92327642
2.25145399,1.92327642
2.25209399,1.92327642
2.25273399,1.92327642
2.25337399,1.92327642
2.25401399,2.09967351
2.25465399,1.92327642
2.25529399,2.09967351
2.25593399,2.09967351
2.25657399,2.09967351
2.25721399,2.09967351
2.25785399,2.09967351
2.25849399,2.09967351
2.25913399,1.92327642
2.25977399,2.09967351
2.26041399,2.09967351
2.26105399,2.09967351
2.26169399,2.09967351
2.26233399,2.09967351
2.26297399,2.27546000
2.26361399,2.09967351
2.26425399,2.09967351
2.26489399,2.09967351
2.26553399,2.09967351
2.26617399,2.09967351
2.26681399,2.09967351
2.26745399,2.09967351
2.26809399,2.09967351
2.26873399,2.09967351
2.26937399,2.09967351
2.27001399,2.09967351
2.27065399,1.92327642
2.27129399,2.09967351
2.27193399,1.92327642
2.27257399,1.92327642
2.27321399,1.92327642
2.27385399,1.92327642
2.27449399,1.92327642
2.27513399,1.92327642
2.27577399,1.92327642
2.27641399,1.74687946
2.27705399,1.92327642
2.27769399,1.74687946
2.27833399,1.74687946
2.27897399,1.74687946
2.27961399,1.74687946
2.28025399,1.74687946
2.28089399,1.57048249
2.28153399,1.57048249
2.28217399,1.57048249
2.28281399,1.57048249
2.28345399,1.57048249
2.28409399,1.39469588
2.28473399,1.39469588
2.28537399,1.39469588
2.28601399,1.21829891
2.28665399,1.21829891
2.28729399,1.21829891
2.28793399,1.21829891
2.28857399,1.21829891
2.28921399,1.04190195
2.28985399,1.04190195
2.29049399,1.04190195
2.29113399,1.04190195
2.29177399,0.86550492
2.29241399,0.86550492
2.29305399,0.68971831
2.29369399,0.68971831
2.29433399,0.68971831
2.29497399,0.68971831
2.29561399,0.68971831
2.29625399,0.51332134
2.29689399,0.51332134
2.29753399,0.33692434
2.29817399,0.33692434
2.29881399,0.33692434
2.29945399,0.33692434
2.30009399,0.16052736
2.30073399,0.16052736
2.30137399,0.16052736
2.30201399,-0.01525925
2.30265399,-0.19104587
2.30329399,-0.01525925
2.30393399,-0.19104587
2.30457399,-0.19104587
2.30521399,-0.19104587
2.30585399,-0.19104587
2.30649399,-0.36744285
2.30713399,-0.36744285
2.30777399,-0.36744285
2.30841399,-0.36744285
2.30905399,-0.54383981
2.30969399,-0.54383981
2.31033399,-0.54383981
2.31097399,-0.72023684
2.31161399,-0.72023684
2.31225399,-0.89602345
2.31289399,-0.72023684
2.31353399,-0.89602345
2.31417399,-0.89602345
2.31481399,-0.89602345
2.31545399,-1.07242048
2.31609399,-1.07242048
2.31673399,-1.07242048
2.31737399,-1.07242048
2.31801399,-1.07242048
2.31865399,-1.07242048
2.31929399,-1.24881744
2.31993399,-1.24881744
2.32057399,-1.24881744
2.32121399,-1.42521441
2.32185399,-1.42521441
2.32249399,-1.42521441
2.32313399,-1.42521441
2.32377399,-1.60100102
2.32441399,-1.42521441
2.32505399,-1.60100102
2.32569399,-1.60100102
2.32633399,-1.60100102
2.32697399,-1.60100102
2.32761399,-1.60100102
2.32825399,-1.60100102
2.32889399,-1.77739799
2.32953399,-1.77739799
2.33017399,-1.77739799
2.33081399,-1.77739799
2.33145399,-1.60100102
2.33209399,-1.77739799
2.33273399,-1.77739799
2.33337399,-1.77739799
2.33401399,-1.77739799
2.33465399,-1.77739799
2.33529399,-1.77739799
2.33593399,-1.77739799
2.33657399,-1.77739799
2.33721399,-1.77739799
2.33785399,-1.77739799
2.33849399,-1.77739799
2.33913399,-1.77739799
2.33977399,-1.77739799
2.34041399,-1.77739799
2.34105399,-1.77739799
2.34169399,-1.77739799
2.34233399,-1.77739799
2.34297399,-1.77739799
2.34361399,-1.77739799
2.34425399,-1.77739799
2.34489399,-1.77739799
2.34553399,-1.77739799
2.34617399,-1.77739799
2.34681399,-1.77739799
2.34745399,-1.77739799
2.34809399,-1.77739799
2.34873399,-1.60100102
2.34937399,-1.77739799
2.35001399,-1.60100102
2.35065399,-1.60100102
2.35129399,-1.60100102
2.35193399,-1.60100102
2.35257399,-1.60100102
2.35321399,-1.60100102
2.35385399,-1.60100102
2.35449399,-1.60100102
2.35513399,-1.42521441
2.35577399,-1.42521441
2.35641399,-1.42521441
2.35705399,-1.42521441
2.35769399,-1.42521441
2.35833399,-1.24881744
2.35897399,-1.42521441
2.35961399,-1.24881744
2.36025399,-1.24881744
2.36089399,-1.24881744
2.36153399,-1.24881744
2.36217399,-1.24881744
2.36281399,-1.07242048
2.36345399,-1.07242048
2.36409399,-1.07242048
2.36473399,-1.07242048
2.36537399,-1.07242048
2.36601399,-0.89602345
2.36665399,-0.89602345
2.36729399,-0.89602345
2.36793399,-0.89602345
2.36857399,-0.89602345
2.36921399,-0.89602345
2.36985399,-0.89602345
2.37049399,-0.89602345
2.37113399,-0.72023684
2.37177399,-0.72023684
2.37241399,-0.72023684
2.37305399,-0.72023684
2.37369399,-0.54383981
2.37433399,-0.54383981
2.37497399,-0.54383981
2.37561399,-0.54383981
2.37625399,-0.54383981
2.37689399,-0.36744285
2.37753399,-0.36744285
2.37817399,-0.36744285
2.37881399,-0.36744285
2.37945399,-0.36744285
2.38009399,-0.36744285
2.38073399,-0.36744285
2.38137399,-0.19104587
2.38201399,-0.19104587
2.38265399,-0.19104587
2.38329399,-0.19104587
2.38393399,-0.19104587
2.38457399,-0.19104587
2.38521399,-0.19104587
2.38585399,-0.01525925
2.38649399,-0.01525925
2.38713399,-0.19104587
2.38777399,-0.19104587
2.38841399,-0.01525925
2.38905399,-0.01525925
2.38969399,-0.01525925
2.39033399,-0.01525925
2.39097399,-0.01525925
2.39161399,-0.01525925
2.39225399,0.16052736
2.39289399,0.16052736
2.39353399,-0.01525925
2.39417399,0.16052736
2.39481399,0.16052736
2.39545399,0.16052736
2.39609399,0.16052736
2.39673399,0.16052736
2.39737399,0.16052736
2.39801399,0.16052736
2.39865399,0.16052736
2.39929399,0.33692434
2.39993399,0.33692434
2.40057399,0.33692434
2.40121399,0.33692434
2.40185399,0.33692434
2.40249399,0.16052736
2.40313399,0.33692434
2.40377399,0.33692434
2.40441399,0.33692434
2.40505399,0.33692434
2.40569399,0.33692434
2.40633399,0.33692434
2.40697399,0.33692434
2.40761399,0.33692434
2.40825399,0.33692434
2.40889399,0.33692434
2.40953399,0.33692434
2.41017399,0.33692434
2.41081399,0.33692434
2.41145399,0.33692434
2.41209399,0.33692434
2.41273399,0.33692434
2.41337399,0.33692434
2.41401399,0.33692434
2.41465399,0.33692434
2.41529399,0.33692434
2.41593399,0.33692434
2.41657399,0.33692434
2.41721399,0.33692434
2.41785399,0.33692434
2.41849399,0.33692434
2.41913399,0.33692434
2.41977399,0.33692434
2.42041399,0.33692434
2.42105399,0.33692434
2.42169399,0.33692434
2.42233399,0.33692434
2.42297399,0.33692434
2.42361399,0.33692434
2.42425399,0.33692434
2.42489399,0.33692434
2.42553399,0.33692434
2.42617399,0.33692434
2.42681399,0.33692434
2.42745399,0.33692434
2.42809399,0.16052736
2.42873399,0.33692434
2.42937399,0.33692434
2.43001399,0.33692434
2.43065399,0.33692434
2.43129399,0.33692434
2.43193399,0.33692434
2.43257399,0.33692434
2.43321399,0.16052736
2.43385399,0.33692434
2.43449399,0.33692434
2.43513399,0.33692434
2.43577399,0.33692434
2.43641399,0.33692434
2.43705399,0.33692434
2.43769399,0.33692434
2.43833399,0.33692434
2.43897399,0.33692434
2.43961399,0.33692434
2.44025399,0.33692434
2.44089399,0.33692434
2.44153399,0.33692434
2.44217399,0.33692434
2.44281399,0.33692434
2.44345399,0.33692434
2.44409399,0.33692434
2.44473399,0.33692434
2.44537399,0.33692434
2.44601399,0.33692434
2.44665399,0.33692434
2.44729399,0.33692434
2.44793399,0.33692434
2.44857399,0.33692434
2.44921399,0.33692434
2.44985399,0.33692434
2.45049399,0.33692434
2.45113399,0.51332134
2.45177399,0.33692434
2.45241399,0.51332134
2.45305399,0.51332134
2.45369399,0.51332134
2.45433399,0.51332134
2.45497399,0.51332134
2.45561399,0.51332134
2.45625399,0.51332134
2.45689399,0.51332134
2.45753399,0.51332134
2.45817399,0.51332134
2.45881399,0.51332134
2.45945399,0.68971831
2.46009399,0.68971831
2.46073399,0.68971831
2.46137399,0.68971831
2.46201399,0.68971831
2.46265399,0.68971831
2.46329399,0.86550492
2.46393399,0.68971831
2.46457399,0.86550492
2.46521399,0.86550492
2.46585399,0.86550492
2.46649399,0.86550492
2.46713399,0.86550492
2.46777399,0.86550492
2.46841399,0.86550492
2.46905399,0.86550492
2.46969399,0.86550492
2.47033399,0.86550492
2.47097398,1.04190195
2.47161398,1.04190195
2.47225398,0.86550492
2.47289398,1.04190195
2.47353398,1.04190195
2.47417398,1.04190195
2.47481398,1.04190195
2.47545398,1.04190195
2.47609398,1.21829891
2.47673398,1.04190195
2.47737398,1.21829891
2.47801398,1.21829891
2.47865398,1.21829891
2.47929398,1.21829891
2.47993398,1.21829891
2.48057398,1.21829891
2.48121398,1.21829891
2.48185398,1.21829891
2.48249398,1.21829891
2.48313398,1.21829891
2.48377398,1.21829891
2.48441398,1.21829891
2.48505398,1.21829891
2.48569398,1.21829891
2.48633398,1.21829891
2.48697398,1.39469588
2.48761398,1.21829891
2.48825398,1.21829891
2.48889398,1.21829891
2.48953398,1.21829891
2.49017398,1.21829891
2.49081398,1.21829891
2.49145398,1.21829891
2.49209398,1.21829891
2.49273398,1.21829891
2.49337398,1.21829891
2.49401398,1.21829891
2.49465398,1.21829891
2.49529398,1.21829891
2.49593398,1.21829891
2.49657398,1.21829891
2.49721398,1.21829891
2.49785398,1.21829891
2.49849398,1.21829891
2.49913398,1.21829891
2.49977398,1.21829891
2.50041398,1.21829891
2.50105398,1.21829891
2.50169398,1.21829891
2.50233398,1.04190195
2.50297398,1.21829891
2.50361398,1.21829891
2.50425398,1.21829891
2.50489398,1.21829891
2.50553398,1.04190195
2.50617398,1.21829891
2.50681398,1.04190195
2.50745398,1.04190195
2.50809398,1.04190195
2.50873398,1.04190195
2.50937398,1.04190195
2.51001398,1.04190195
2.51065398,1.04190195
2.51129398,0.86550492
2.51193398,0.86550492
2.51257398,0.86550492
2.51321398,0.86550492
2.51385398,0.86550492
2.51449398,0.86550492
2.51513398,0.68971831
2.51577398,0.68971831
2.51641398,0.68971831
2.51705398,0.51332134
2.51769398,0.51332134
2.51833398,0.51332134
2.51897398,0.51332134
2.51961398,0.33692434
2.52025398,0.51332134
2.52089398,0.51332134
2.52153398,0.51332134
2.52217398,0.33692434
2.52281398,0.33692434
2.52345398,0.33692434
2.52409398,0.16052736
2.52473398,0.16052736
2.52537398,0.16052736
2.52601398,0.16052736
2.52665398,-0.01525925
2.52729398,0.16052736
2.52793398,-0.01525925
2.52857398,-0.01525925
2.52921398,-0.01525925
2.52985398,-0.19104587
2.53049398,-0.19104587
2.53113398,-0.19104587
2.53177398,-0.19104587
2.53241398,-0.36744285
2.53305398,-0.19104587
2.53369398,-0.36744285
2.53433398,-0.36744285
2.53497398,-0.36744285
2.53561398,-0.54383981
2.53625398,-0.54383981
2.53689398,-0.54383981
2.53753398,-0.54383981
2.53817398,-0.72023684
2.53881398,-0.72023684
2.53945398,-0.72023684
2.54009398,-0.72023684
2.54073398,-0.89602345
2.54137398,-0.89602345
2.54201398,-0.89602345
2.54265398,-0.89602345
2.54329398,-1.07242048
2.54393398,-1.07242048
2.54457398,-1.07242048
2.54521398,-1.07242048
2.54585398,-1.07242048
2.54649398,-1.07242048
2.54713398,-1.24881744
2.54777398,-1.24881744
2.54841398,-1.24881744
2.54905398,-1.24881744
2.54969398,-1.24881744
2.55033398,-1.24881744
2.55097398,-1.42521441
2.55161398,-1.42521441
2.55225398,-1.60100102
2.55289398,-1.60100102
2.55353398,-1.60100102
2.55417398,-1.60100102
2.55481398,-1.60100102
2.55545398,-1.60100102
2.55609398,-1.60100102
2.55673398,-1.60100102
2.55737398,-1.60100102
2.55801398,-1.60100102
2.55865398,-1.77739799
2.55929398,-1.77739799
2.55993398,-1.77739799
2.56057398,-1.77739799
2.56121398,-1.77739799
2.56185398,-1.77739799
2.56249398,-1.77739799
2.56313398,-1.77739799
2.56377398,-1.77739799
2.56441398,-1.77739799
2.56505398,-1.77739799
2.56569398,-1.77739799
2.56633398,-1.77739799
2.56697398,-1.77739799
2.56761398,-1.77739799
2.56825398,-1.77739799
2.56889398,-1.77739799
2.56953398,-1.77739799
2.57017398,-1.77739799
2.57081398,-1.95379496
2.57145398,-1.77739799
2.57209398,-1.95379496
2.57273398,-1.77739799
2.57337398,-1.77739799
2.57401398,-1.77739799
2.57465398,-1.77739799
2.57529398,-1.77739799
2.57593398,-1.77739799
2.57657398,-1.77739799
2.57721398,-1.77739799
2.57785398,-1.77739799
2.57849398,-1.77739799
2.57913398,-1.77739799
2.57977398,-1.77739799
2.58041398,-1.77739799
2.58105398,-1.60100102
2.58169398,-1.60100102
2.58233398,-1.60100102
2.58297398,-1.60100102
2.58361398,-1.60100102
2.58425398,-1.60100102
2.58489398,-1.60100102
2.58553398,-1.60100102
2.58617398,-1.60100102
2.58681398,-1.60100102
2.58745398,-1.42521441
2.58809398,-1.42521441
2.58873398,-1.24881744
2.58937398,-1.24881744
2.59001398,-1.24881744
2.59065398,-1.24881744
2.59129398,-1.24881744
2.59193398,-1.07242048
2.59257398,-1.07242048
2.59321398,-1.07242048
2.59385398,-1.07242048
2.59449398,-1.07242048
2.59513398,-0.89602345
2.59577398,-0.89602345
2.59641398,-0.89602345
2.59705398,-0.89602345
2.59769398,-0.89602345
2.59833398,-0.72023684
2.59897398,-0.72023684
2.59961398,-0.72023684
2.60025398,-0.72023684
2.60089398,-0.54383981
2.60153398,-0.54383981
2.60217398,-0.54383981
2.60281398,-0.54383981
2.60345398,-0.54383981
2.60409398,-0.36744285
2.60473398,-0.36744285
2.60537398,-0.36744285
2.60601398,-0.36744285
2.60665398,-0.36744285
2.60729398,-0.19104587
2.60793398,-0.19104587
2.60857398,-0.19104587
2.60921398,-0.19104587
2.60985398,-0.01525925
2.61049398,-0.01525925
2.61113398,-0.01525925
2.61177398,0.16052736
2.61241398,-0.01525925
2.61305398,0.16052736
2.61369398,0.16052736
2.61433398,0.16052736
2.61497398,0.16052736
2.61561398,0.33692434
2.61625398,0.33692434
2.61689398,0.33692434
2.61753398,0.33692434
2.61817398,0.33692434
2.61881398,0.51332134
2.61945398,0.51332134
2.62009398,0.51332134
2.62073398,0.51332134
2.62137398,0.51332134
2.62201398,0.51332134
2.62265398,0.51332134
2.62329398,0.68971831
2.62393398,0.68971831
2.62457398,0.86550492
2.62521398,0.68971831
2.62585398,0.68971831
2.62649398,0.68971831
2.62713398,0.68971831
2.62777398,0.86550492
2.62841398,0.86550492
2.62905398,0.86550492
2.62969398,1.04190195
2.63033398,0.86550492
2.63097398,0.86550492
2.63161398,0.86550492
2.63225398,0.86550492
2.63289398,1.04190195
2.63353398,1.04190195
2.63417398,1.04190195
2.63481398,1.04190195
2.63545398,1.04190195
2.63609398,1.04190195
2.63673398,1.04190195
2.63737398,1.04190195
2.63801398,1.04190195
2.63865398,1.04190195
2.63929398,1.04190195
2.63993398,1.04190195
2.64057398,1.04190195
2.64121398,1.04190195
2.64185398,1.04190195
2.64249398,1.21829891
2.64313398,1.21829891
2.64377398,1.21829891
2.64441398,1.04190195
2.64505398,1.04190195
2.64569398,1.04190195
2.64633398,1.04190195
2.64697398,1.04190195
2.64761398,1.04190195
2.64825398,1.21829891
2.64889398,1.04190195
2.64953398,1.21829891
2.65017398,1.04190195
2.65081398,1.21829891
2.65145398,1.21829891
2.65209398,1.04190195
2.65273398,1.04190195
2.65337398,1.04190195
2.65401398,1.04190195
2.65465398,1.21829891
2.65529398,1.04190195
2.65593398,1.04190195
2.65657398,1.04190195
2.65721398,1.04190195
2.65785398,1.04190195
2.65849398,1.04190195
2.65913398,1.04190195
2.65977398,1.04190195
2.66041398,1.04190195
2.66105398,1.04190195
2.66169398,0.86550492
2.66233398,0.86550492
2.66297398,0.86550492
2.66361398,1.04190195
2.66425398,0.86550492
2.66489398,0.86550492
2.66553398,0.86550492
2.66617398,0.86550492
2.66681398,0.86550492
2.66745398,0.86550492
2.66809398,0.86550492
2.66873398,0.86550492
2.66937398,0.86550492
2.67001398,0.68971831
2.67065398,0.68971831
2.67129398,0.68971831
2.67193398,0.68971831
2.67257398,0.68971831
2.67321398,0.68971831
2.67385398,0.68971831
2.67449398,0.51332134
2.67513398,0.51332134
2.67577398,0.68971831
2.67641398,0.68971831
2.67705398,0.51332134
2.67769398,0.51332134
2.67833398,0.51332134
2.67897398,0.51332134
2.67961398,0.51332134
2.68025398,0.51332134
2.68089398,0.51332134
2.68153398,0.51332134
2.68217398,0.51332134
2.68281398,0.51332134
2.68345398,0.51332134
2.68409398,0.51332134
2.68473398,0.51332134
2.68537398,0.33692434
2.68601398,0.51332134
2.68665398,0.51332134
2.68729398,0.33692434
2.68793398,0.33692434
2.68857398,0.33692434
2.68921398,0.33692434
2.68985398,0.33692434
2.69049398,0.33692434
2.69113398,0.33692434
2.69177398,0.33692434
2.69241398,0.33692434
2.69305398,0.33692434
2.69369398,0.33692434
2.69433398,0.33692434
2.69497398,0.33692434
2.69561398,0.33692434
2.69625398,0.33692434
2.69689398,0.33692434
2.69753398,0.33692434
2.69817398,0.33692434
2.69881398,0.33692434
2.69945398,0.33692434
2.70009398,0.33692434
2.70073398,0.33692434
2.70137398,0.33692434
2.70201398,0.33692434
2.70265398,0.33692434
2.70329398,0.33692434
2.70393398,0.33692434
2.70457398,0.33692434
2.70521398,0.33692434
2.70585398,0.33692434
2.70649398,0.33692434
2.70713398,0.33692434
2.70777398,0.33692434
2.70841398,0.33692434
2.70905398,0.33692434
2.70969398,0.33692434
2.71033398,0.33692434
2.71097398,0.33692434
2.71161398,0.33692434
2.71225398,0.33692434
2.71289398,0.33692434
2.71353398,0.33692434
2.71417398,0.33692434
2.71481398,0.33692434
2.71545398,0.33692434
2.71609398,0.33692434
2.71673398,0.33692434
2.71737398,0.33692434
2.71801398,0.33692434
2.71865398,0.33692434
2.71929398,0.33692434
2.71993398,0.33692434
2.72057398,0.33692434
2.72121398,0.33692434
2.72185398,0.33692434
2.72249398,0.33692434
2.72313398,0.33692434
2.72377398,0.33692434
2.72441398,0.33692434
2.72505398,0.33692434
2.72569398,0.33692434
2.72633398,0.33692434
2.72697398,0.33692434
2.72761398,0.33692434
2.72825398,0.33692434
2.72889398,0.33692434
2.72953398,0.33692434
2.73017398,0.33692434
2.73081398,0.33692434
2.73145398,0.33692434
2.73209398,0.33692434
2.73273398,0.33692434
2.73337398,0.33692434
2.73401398,0.33692434
2.73465398,0.33692434
2.73529398,0.33692434
2.73593398,0.16052736
2.73657398,0.16052736
2.73721398,0.16052736
2.73785398,0.16052736
2.73849398,0.16052736
2.73913398,0.16052736
2.73977398,0.16052736
2.74041398,0.16052736
2.74105398,0.16052736
2.74169398,0.16052736
2.74233398,0.16052736
2.74297398,0.16052736
2.74361398,0.16052736
2.74425398,0.16052736
2.74489398,0.16052736
2.74553398,0.16052736
2.74617398,0.16052736
2.74681398,0.16052736
2.74745398,-0.01525925
2.74809398,-0.01525925
2.74873398,-0.01525925
2.74937398,-0.01525925
2.75001398,-0.01525925
2.75065398,-0.01525925
2.75129398,-0.01525925
2.75193398,-0.19104587
2.75257398,-0.19104587
2.75321398,-0.19104587
2.75385398,-0.19104587
2.75449398,-0.19104587
2.75513398,-0.19104587
2.75577398,-0.19104587
2.75641398,-0.19104587
2.75705398,-0.19104587
2.75769398,-0.19104587
2.75833398,-0.36744285
2.75897398,-0.36744285
2.75961398,-0.36744285
2.76025398,-0.36744285
2.76089398,-0.36744285
2.76153398,-0.36744285
2.76217398,-0.36744285
2.76281398,-0.54383981
2.76345398,-0.54383981
2.76409398,-0.54383981
2.76473398,-0.54383981
2.76537398,-0.54383981
2.76601398,-0.54383981
2.76665398,-0.54383981
2.76729398,-0.54383981
2.76793398,-0.54383981
2.76857398,-0.72023684
2.76921398,-0.72023684
2.76985398,-0.72023684
2.77049398,-0.72023684
2.77113398,-0.89602345
2.77177398,-0.72023684
2.77241398,-0.89602345
2.77305398,-0.89602345
2.77369398,-0.89602345
2.77433398,-0.89602345
2.77497398,-0.89602345
2.77561398,-0.89602345
2.77625398,-0.89602345
2.77689398,-0.89602345
2.77753398,-0.89602345
2.77817398,-0.89602345
2.77881398,-1.07242048
2.77945398,-1.07242048
2.78009398,-1.07242048
2.78073398,-1.07242048
2.78137398,-1.07242048
2.78201398,-1.24881744
2.78265398,-1.07242048
2.78329398,-1.24881744
2.78393398,-1.24881744
2.78457398,-1.24881744
2.78521398,-1.24881744
2.78585398,-1.24881744
2.78649398,-1.24881744
2.78713398,-1.24881744
2.78777398,-1.24881744
2.78841398,-1.24881744
2.78905398,-1.42521441
2.78969398,-1.42521441
2.79033398,-1.42521441
2.79097398,-1.42521441
2.79161398,-1.24881744
2.79225398,-1.42521441
2.79289398,-1.42521441
2.79353398,-1.42521441
2.79417398,-1.42521441
2.79481398,-1.42521441
2.79545398,-1.42521441
2.79609398,-1.42521441
2.79673398,-1.24881744
2.79737398,-1.42521441
2.79801398,-1.42521441
2.79865398,-1.42521441
2.79929398,-1.24881744
2.79993398,-1.42521441
2.80057398,-1.42521441
2.80121398,-1.42521441
2.80185398,-1.42521441
2.80249398,-1.42521441
2.80313398,-1.42521441
2.80377398,-1.42521441
2.80441398,-1.42521441
2.80505398,-1.42521441
2.80569398,-1.42521441
2.80633398,-1.42521441
2.80697398,-1.42521441
2.80761398,-1.24881744
2.80825398,-1.24881744
2.80889398,-1.24881744
2.80953398,-1.24881744
2.81017398,-1.24881744
2.81081398,-1.24881744
2.81145398,-1.24881744
2.81209398,-1.24881744
2.81273398,-1.24881744
2.81337398,-1.24881744
2.81401398,-1.24881744
2.81465398,-1.07242048
2.81529398,-1.07242048
2.81593398,-1.07242048
2.81657398,-1.07242048
2.81721398,-1.07242048
2.81785398,-0.89602345
2.81849398,-0.89602345
2.81913398,-0.89602345
2.81977398,-0.89602345
2.82041398,-0.89602345
2.82105398,-0.89602345
2.82169398,-0.89602345
2.82233398,-0.72023684
2.82297398,-0.89602345
2.82361398,-0.72023684
2.82425398,-0.72023684
2.82489398,-0.54383981
2.82553398,-0.54383981
2.82617398,-0.54383981
2.82681398,-0.54383981
2.82745398,-0.54383981
2.82809398,-0.36744285
2.82873398,-0.36744285
2.82937398,-0.36744285
2.83001398,-0.36744285
2.83065398,-0.36744285
2.83129398,-0.36744285
2.83193398,-0.19104587
2.83257398,-0.19104587
2.83321398,-0.19104587
2.83385398,-0.19104587
2.83449398,-0.19104587
2.83513398,-0.01525925
2.83577398,-0.19104587
2.83641398,-0.01525925
2.83705398,0.16052736
2.83769398,0.16052736
2.83833398,0.16052736
2.83897398,0.16052736
2.83961398,0.16052736
2.84025398,0.16052736
2.84089398,0.33692434
2.84153398,0.33692434
2.84217398,0.33692434
2.84281398,0.33692434
2.84345398,0.51332134
2.84409398,0.33692434
2.84473398,0.51332134
2.84537398,0.51332134
2.84601398,0.51332134
2.84665398,0.51332134
2.84729398,0.68971831
2.84793398,0.68971831
2.84857398,0.68971831
2.84921398,0.68971831
2.84985398,0.68971831
2.85049398,0.68971831
2.85113398,0.86550492
2.85177398,0.86550492
2.85241398,0.86550492
2.85305398,0.86550492
2.85369398,0.86550492
2.85433398,1.04190195
2.85497398,1.04190195
2.85561398,1.04190195
2.85625398,1.04190195
2.85689398,1.04190195
2.85753398,1.04190195
2.85817398,1.04190195
2.85881398,1.21829891
2.85945398,1.21829891
2.86009398,1.21829891
2.86073398,1.21829891
2.86137398,1.21829891
2.86201398,1.21829891
2.86265398,1.21829891
2.86329398,1.21829891
2.86393398,1.21829891
2.86457398,1.39469588
2.86521398,1.39469588
2.86585398,1.39469588
2.86649398,1.39469588
2.86713398,1.39469588
2.86777398,1.39469588
2.86841398,1.39469588
2.86905398,1.39469588
2.86969398,1.57048249
2.87033398,1.57048249
2.87097398,1.39469588
2.87161398,1.39469588
2.87225398,1.57048249
2.87289398,1.57048249
2.87353398,1.39469588
2.87417398,1.57048249
2.87481398,1.39469588
2.87545398,1.57048249
2.87609398,1.57048249
2.87673398,1.57048249
2.87737398,1.39469588
2.87801398,1.39469588
2.87865398,1.39469588
2.87929398,1.39469588
2.87993398,1.39469588
2.88057398,1.39469588
2.88121398,1.39469588
2.88185398,1.39469588
2.88249398,1.39469588
2.88313398,1.39469588
2.88377398,1.39469588
2.88441398,1.39469588
2.88505398,1.39469588
2.88569398,1.21829891
2.88633398,1.39469588
2.88697398,1.21829891
2.88761398,1.21829891
2.88825398,1.21829891
2.88889398,1.21829891
2.88953398,1.21829891
2.89017398,1.21829891
2.89081398,1.21829891
2.89145398,1.21829891
2.89209398,1.21829891
2.89273398,1.21829891
2.89337398,1.04190195
2.89401398,1.21829891
2.89465398,1.21829891
2.89529398,1.04190195
2.89593398,1.04190195
2.89657398,1.04190195
2.89721398,1.04190195
2.89785398,1.04190195
2.89849398,0.86550492
2.89913398,0.86550492
2.89977398,0.86550492
2.90041398,0.86550492
2.90105398,0.86550492
2.90169398,0.86550492
2.90233398,0.86550492
2.90297398,0.86550492
2.90361398,0.68971831
2.90425398,0.68971831
2.90489398,0.68971831
2.90553398,0.68971831
2.90617398,0.68971831
2.90681398,0.68971831
2.90745398,0.51332134
2.90809398,0.51332134
2.90873398,0.51332134
2.90937398,0.51332134
2.91001398,0.51332134
2.91065398,0.51332134
2.91129398,0.33692434
2.91193398,0.33692434
2.91257398,0.33692434
2.91321398,0.33692434
2.91385398,0.33692434
2.91449398,0.33692434
2.91513398,0.33692434
2.91577398,0.33692434
2.91641398,0.33692434
2.91705398,0.16052736
2.91769398,0.16052736
2.91833398,0.16052736
2.91897398,0.16052736
2.91961398,0.16052736
2.92025398,0.16052736
2.92089398,0.16052736
2.92153398,-0.01525925
2.92217398,-0.01525925
2.92281398,-0.01525925
2.92345398,-0.19104587
2.92409398,-0.01525925
2.92473398,-0.19104587
2.92537398,-0.19104587
2.92601398,-0.19104587
2.92665398,-0.19104587
2.92729398,-0.19104587
2.92793398,-0.19104587
2.92857398,-0.19104587
2.92921398,-0.19104587
2.92985398,-0.19104587
2.93049398,-0.36744285
2.93113398,-0.36744285
2.93177398,-0.19104587
2.93241398,-0.36744285
2.93305398,-0.19104587
2.93369398,-0.36744285
2.93433398,-0.36744285
2.93497398,-0.36744285
2.93561398,-0.36744285
2.93625398,-0.36744285
2.93689398,-0.36744285
2.93753398,-0.36744285
2.93817398,-0.36744285
2.93881398,-0.36744285
2.93945398,-0.36744285
2.94009398,-0.36744285
2.94073398,-0.36744285
2.94137398,-0.36744285
2.94201398,-0.36744285
2.94265398,-0.36744285
2.94329398,-0.36744285
2.94393398,-0.36744285
2.94457398,-0.54383981
2.94521398,-0.54383981
2.94585398,-0.54383981
2.94649398,-0.36744285
2.94713398,-0.54383981
2.94777398,-0.36744285
2.94841398,-0.54383981
2.94905398,-0.36744285
2.94969398,-0.54383981
2.95033398,-0.36744285
2.95097398,-0.54383981
2.95161398,-0.54383981
2.95225398,-0.54383981
2.95289398,-0.54383981
2.95353398,-0.54383981
2.95417398,-0.54383981
2.95481398,-0.54383981
2.95545398,-0.54383981
2.95609398,-0.54383981
2.95673398,-0.54383981
2.95737398,-0.36744285
2.95801398,-0.54383981
2.95865398,-0.36744285
2.95929398,-0.36744285
2.95993398,-0.54383981
2.96057398,-0.54383981
2.96121398,-0.54383981
2.96185398,-0.36744285
2.96249398,-0.54383981
2.96313398,-0.36744285
2.96377398,-0.36744285
2.96441398,-0.54383981
2.96505398,-0.36744285
2.96569398,-0.36744285
2.96633398,-0.54383981
2.96697398,-0.54383981
2.96761398,-0.36744285
2.96825398,-0.36744285
2.96889398,-0.54383981
2.96953398,-0.36744285
2.97017398,-0.36744285
2.97081398,-0.36744285
2.97145398,-0.36744285
2.97209398,-0.36744285
2.97273398,-0.36744285
2.97337398,-0.36744285
2.97401398,-0.36744285
2.97465398,-0.36744285
2.97529398,-0.36744285
2.97593398,-0.36744285
2.97657398,-0.36744285
2.97721398,-0.36744285
2.97785398,-0.36744285
2.97849398,-0.36744285
2.97913398,-0.36744285
2.97977398,-0.36744285
2.98041398,-0.36744285
2.98105398,-0.36744285
2.98169398,-0.36744285
2.98233398,-0.36744285
2.98297398,-0.36744285
2.98361398,-0.36744285
2.98425398,-0.36744285
2.98489398,-0.36744285
2.98553398,-0.36744285
2.98617398,-0.36744285
2.98681398,-0.36744285
2.98745398,-0.36744285
2.98809398,-0.36744285
2.98873398,-0.54383981
2.98937398,-0.36744285
2.99001398,-0.36744285
2.99065398,-0.36744285
2.99129398,-0.36744285
2.99193398,-0.36744285
2.99257398,-0.36744285
2.99321398,-0.36744285
2.99385398,-0.36744285
2.99449398,-0.36744285
2.99513398,-0.36744285
2.99577398,-0.54383981
2.99641398,-0.36744285
2.99705398,-0.36744285
2.99769398,-0.36744285
2.99833398,-0.54383981
2.99897398,-0.36744285
2.99961398,-0.36744285
3.00025398,-0.54383981
3.00089398,-0.36744285
3.00153398,-0.54383981
3.00217398,-0.54383981
3.00281398,-0.54383981
3.00345398,-0.54383981
3.00409398,-0.54383981
3.00473398,-0.54383981
3.00537398,-0.54383981
3.00601398,-0.54383981
3.00665398,-0.54383981
3.00729398,-0.54383981
3.00793398,-0.54383981
3.00857398,-0.54383981
3.00921398,-0.54383981
3.00985398,-0.54383981
3.01049398,-0.54383981
3.01113398,-0.54383981
3.01177398,-0.54383981
3.01241398,-0.54383981
3.01305398,-0.72023684
3.01369398,-0.54383981
3.01433398,-0.54383981
3.01497398,-0.54383981
3.01561398,-0.54383981
3.01625398,-0.72023684
3.01689398,-0.54383981
3.01753398,-0.72023684
3.01817398,-0.54383981
3.01881398,-0.54383981
3.01945398,-0.54383981
3.02009398,-0.54383981
3.02073398,-0.54383981
3.02137398,-0.72023684
3.02201398,-0.54383981
3.02265398,-0.72023684
3.02329398,-0.72023684
3.02393398,-0.54383981
3.02457398,-0.54383981
3.02521398,-0.54383981
3.02585398,-0.72023684
3.02649398,-0.72023684
3.02713398,-0.54383981
3.02777398,-0.54383981
3.02841398,-0.54383981
3.02905398,-0.54383981
3.02969398,-0.54383981
3.03033398,-0.72023684
3.03097398,-0.72023684
3.03161398,-0.54383981
3.03225398,-0.54383981
3.03289398,-0.54383981
3.03353398,-0.72023684
3.03417398,-0.54383981
3.03481398,-0.54383981
3.03545398,-0.54383981
3.03609398,-0.54383981
3.03673398,-0.54383981
3.03737398,-0.54383981
3.03801398,-0.54383981
3.03865398,-0.54383981
3.03929398,-0.54383981
3.03993398,-0.54383981
3.04057398,-0.54383981
3.04121398,-0.54383981
3.04185398,-0.54383981
3.04249398,-0.54383981
3.04313398,-0.54383981
3.04377398,-0.36744285
3.04441398,-0.36744285
3.04505398,-0.36744285
3.04569398,-0.36744285
3.04633398,-0.36744285
3.04697398,-0.36744285
3.04761398,-0.36744285
3.04825398,-0.36744285
3.04889398,-0.36744285
3.04953398,-0.36744285
3.05017398,-0.36744285
3.05081398,-0.36744285
3.05145398,-0.36744285
3.05209398,-0.36744285
3.05273398,-0.36744285
3.05337398,-0.36744285
3.05401398,-0.19104587
3.05465398,-0.19104587
3.05529398,-0.19104587
3.05593398,-0.19104587
3.05657398,-0.19104587
3.05721398,-0.19104587
3.05785398,-0.01525925
3.05849398,-0.19104587
3.05913398,-0.19104587
3.05977398,-0.01525925
3.06041398,-0.01525925
3.06105398,-0.01525925
3.06169398,0.16052736
3.06233398,-0.01525925
3.06297398,0.16052736
3.06361398,0.16052736
3.06425398,0.16052736
3.06489398,0.16052736
3.06553398,0.16052736
3.06617398,0.33692434
3.06681398,0.33692434
3.06745398,0.33692434
3.06809398,0.33692434
3.06873398,0.33692434
3.06937398,0.33692434
3.07001398,0.33692434
3.07065398,0.33692434
3.07129398,0.33692434
3.07193398,0.51332134
3.07257398,0.33692434
3.07321398,0.51332134
3.07385398,0.51332134
3.07449398,0.51332134
3.07513398,0.68971831
3.07577398,0.51332134
3.07641398,0.68971831
3.07705398,0.68971831
3.07769398,0.68971831
3.07833398,0.68971831
3.07897398,0.68971831
3.07961398,0.86550492
3.08025398,0.68971831
3.08089398,0.68971831
3.08153398,0.86550492
3.08217398,0.86550492
3.08281398,1.04190195
3.08345398,0.86550492
3.08409398,0.86550492
3.08473398,0.86550492
3.08537398,0.86550492
3.08601398,0.86550492
3.08665398,1.04190195
3.08729398,1.04190195
3.08793398,1.04190195
3.08857398,1.04190195
3.08921398,1.21829891
3.08985398,1.04190195
3.09049398,1.21829891
3.09113398,1.21829891
3.09177398,1.21829891
3.09241398,1.21829891
3.09305398,1.21829891
3.09369398,1.21829891
3.09433398,1.21829891
3.09497398,1.21829891
3.09561398,1.21829891
3.09625398,1.21829891
3.09689398,1.21829891
3.09753398,1.21829891
3.09817398,1.21829891
3.09881398,1.39469588
3.09945398,1.21829891
3.10009398,1.39469588
3.10073398,1.21829891
3.10137398,1.39469588
3.10201398,1.21829891
3.10265398,1.21829891
3.10329398,1.39469588
3.10393398,1.39469588
3.10457398,1.21829891
3.10521398,1.21829891
3.10585398,1.39469588
3.10649398,1.39469588
3.10713398,1.21829891
3.10777398,1.21829891
3.10841398,1.21829891
3.10905398,1.21829891
3.10969398,1.21829891
3.11033398,1.21829891
3.11097398,1.21829891
3.11161398,1.21829891
3.11225398,1.21829891
3.11289398,1.21829891
3.11353398,1.21829891
3.11417398,1.21829891
3.11481398,1.21829891
3.11545398,1.21829891
3.11609398,1.21829891
3.11673398,1.04190195
3.11737398,1.21829891
3.11801398,1.04190195
3.11865398,1.04190195
3.11929398,1.04190195
3.11993398,1.04190195
3.12057398,1.04190195
3.12121398,1.04190195
3.12185398,1.04190195
3.12249398,1.04190195
3.12313398,1.04190195
3.12377398,0.86550492
3.12441398,0.86550492
3.12505398,0.86550492
3.12569398,0.86550492
3.12633398,0.86550492
3.12697398,0.86550492
3.12761398,0.86550492
3.12825398,0.86550492
3.12889398,0.68971831
3.12953398,0.68971831
3.13017398,0.68971831
3.13081398,0.68971831
3.13145398,0.68971831
3.13209398,0.68971831
3.13273398,0.51332134
3.13337398,0.51332134
3.13401398,0.51332134
3.13465398,0.51332134
3.13529398,0.51332134
3.13593398,0.51332134
3.13657398,0.33692434
3.13721398,0.33692434
3.13785398,0.33692434
3.13849398,0.33692434
3.13913398,0.33692434
3.13977398,0.33692434
3.14041398,0.33692434
3.14105398,0.16052736
3.14169398,0.16052736
3.14233398,0.16052736
3.14297398,0.16052736
3.14361398,-0.01525925
3.14425398,0.16052736
3.14489398,0.16052736
3.14553398,-0.01525925
3.14617398,-0.01525925
3.14681398,-0.19104587
3.14745398,-0.01525925
3.14809398,-0.19104587
3.14873398,-0.19104587
3.14937398,-0.19104587
3.15001398,-0.19104587
3.15065398,-0.19104587
3.15129398,-0.19104587
3.15193398,-0.36744285
3.15257398,-0.36744285
3.15321398,-0.36744285
3.15385398,-0.36744285
3.15449398,-0.36744285
3.15513398,-0.36744285
3.15577398,-0.36744285
3.15641398,-0.36744285
3.15705398,-0.36744285
3.15769398,-0.54383981
3.15833398,-0.54383981
3.15897398,-0.54383981
3.15961398,-0.54383981
3.16025398,-0.54383981
3.16089398,-0.54383981
3.16153398,-0.72023684
3.16217398,-0.54383981
3.16281398,-0.72023684
3.16345398,-0.72023684
3.16409398,-0.72023684
3.16473398,-0.72023684
3.16537398,-0.72023684
3.16601398,-0.72023684
3.16665398,-0.89602345
3.16729398,-0.72023684
3.16793398,-0.89602345
3.16857398,-0.89602345
3.16921398,-0.89602345
3.16985398,-0.89602345
3.17049398,-0.89602345
3.17113398,-0.89602345
3.17177398,-0.89602345
3.17241398,-0.89602345
3.17305398,-0.89602345
3.17369398,-0.89602345
3.17433398,-0.89602345
3.17497398,-0.89602345
3.17561398,-0.89602345
3.17625398,-0.89602345
3.17689398,-0.89602345
3.17753398,-0.89602345
3.17817398,-0.89602345
3.17881398,-1.07242048
3.17945398,-1.07242048
3.18009398,-1.07242048
3.18073398,-0.89602345
3.18137398,-1.07242048
3.18201398,-0.89602345
3.18265398,-0.89602345
3.18329398,-1.07242048
3.18393398,-1.07242048
3.18457398,-0.89602345
3.18521398,-0.89602345
3.18585398,-0.89602345
3.18649398,-1.07242048
3.18713398,-1.07242048
3.18777398,-0.89602345
3.18841398,-0.89602345
3.18905398,-1.07242048
3.18969398,-0.89602345
3.19033398,-0.89602345
3.19097398,-0.89602345
3.19161398,-0.89602345
3.19225398,-0.89602345
3.19289398,-0.89602345
3.19353398,-0.89602345
3.19417398,-0.89602345
3.19481398,-0.89602345
3.19545398,-0.89602345
3.19609398,-0.89602345
3.19673398,-0.89602345
3.19737398,-0.89602345
3.19801398,-0.89602345
3.19865398,-0.89602345
3.19929398,-0.72023684
3.19993398,-0.89602345
3.20057398,-0.72023684
3.20121398,-0.89602345
3.20185398,-0.72023684
3.20249398,-0.72023684
3.20313398,-0.72023684
3.20377398,-0.72023684
3.20441398,-0.54383981
3.20505398,-0.72023684
3.20569398,-0.54383981
3.20633398,-0.72023684
3.20697398,-0.72023684
3.20761398,-0.54383981
3.20825398,-0.72023684
3.20889398,-0.54383981
3.20953398,-0.54383981
3.21017398,-0.54383981
3.21081398,-0.54383981
3.21145398,-0.54383981
3.21209398,-0.54383981
3.21273398,-0.54383981
3.21337398,-0.54383981
3.21401398,-0.36744285
3.21465398,-0.54383981
3.21529398,-0.36744285
3.21593398,-0.36744285
3.21657398,-0.36744285
3.21721398,-0.36744285
3.21785398,-0.36744285
3.21849398,-0.36744285
3.21913398,-0.36744285
3.21977398,-0.36744285
3.22041398,-0.36744285
3.22105398,-0.36744285
3.22169398,-0.36744285
3.22233398,-0.36744285
3.22297398,-0.19104587
3.22361398,-0.19104587
3.22425398,-0.19104587
3.22489398,-0.19104587
3.22553398,-0.19104587
3.22617398,-0.19104587
3.22681398,-0.19104587
3.22745398,-0.19104587
3.22809398,-0.19104587
3.22873398,-0.19104587
3.22937398,-0.19104587
3.23001398,-0.19104587
3.23065398,-0.19104587
3.23129398,-0.19104587
3.23193398,-0.19104587
3.23257398,-0.19104587
3.23321398,-0.19104587
3.23385398,-0.19104587
3.23449398,-0.19104587
3.23513398,-0.19104587
3.23577398,-0.01525925
3.23641398,-0.19104587
3.23705398,-0.01525925
3.23769398,-0.01525925
3.23833398,-0.01525925
3.23897398,-0.01525925
3.23961398,-0.01525925
3.24025398,-0.01525925
3.24089398,-0.01525925
3.24153398,-0.01525925
3.24217398,-0.01525925
3.24281398,-0.01525925
3.24345398,-0.01525925
3.24409398,-0.01525925
3.24473398,-0.01525925
3.24537398,-0.01525925
3.24601398,-0.01525925
3.24665398,0.16052736
3.24729398,-0.01525925
3.24793398,-0.01525925
3.24857398,-0.01525925
3.24921398,0.16052736
3.24985398,-0.01525925
3.25049398,-0.01525925
3.25113398,0.16052736
3.25177398,-0.01525925
3.25241398,-0.01525925
3.25305398,-0.01525925
3.25369398,-0.01525925
3.25433398,0.16052736
3.25497398,-0.01525925
3.25561398,0.16052736
3.25625398,0.16052736
3.25689398,-0.01525925
3.25753398,-0.01525925
3.25817398,0.16052736
3.25881398,-0.01525925
3.25945398,-0.01525925
3.26009398,0.16052736
3.26073398,0.16052736
3.26137398,0.16052736
3.26201398,0.16052736
3.26265398,0.16052736
3.26329398,-0.01525925
3.26393398,-0.01525925
3.26457398,0.16052736
3.26521398,0.16052736
3.26585398,0.16052736
3.26649398,0.16052736
3.26713398,0.16052736
3.26777398,0.16052736
3.26841398,0.16052736
3.26905398,0.16052736
3.26969398,0.16052736
3.27033398,0.16052736
3.27097398,0.16052736
3.27161398,0.16052736
3.27225398,0.16052736
3.27289398,0.16052736
3.27353398,0.16052736
3.27417398,0.16052736
3.27481398,0.16052736
3.27545398,0.16052736
3.27609398,0.16052736
3.27673398,0.16052736
3.27737398,0.16052736
3.27801398,0.16052736
3.27865398,0.16052736
3.27929398,0.16052736
3.27993398,0.16052736
3.28057398,0.16052736
3.28121398,0.16052736
3.28185398,0.16052736
3.28249398,0.16052736
3.28313398,0.16052736
3.28377398,0.16052736
3.28441398,0.16052736
3.28505398,0.33692434
3.28569398,0.33692434
3.28633398,0.16052736
3.28697398,0.33692434
3.28761398,0.33692434
3.28825398,0.33692434
3.28889398,0.33692434
3.28953398,0.33692434
3.29017398,0.33692434
3.29081398,0.33692434
3.29145398,0.33692434
3.29209398,0.33692434
3.29273398,0.33692434
3.29337398,0.33692434
3.29401398,0.33692434
3.29465398,0.33692434
3.29529398,0.33692434
3.29593398,0.33692434
3.29657398,0.33692434
3.29721398,0.33692434
3.29785398,0.33692434
3.29849398,0.33692434
3.29913398,0.33692434
3.29977398,0.33692434
3.30041398,0.51332134
3.30105398,0.51332134
3.30169398,0.51332134
3.30233398,0.51332134
3.30297398,0.51332134
3.30361398,0.51332134
3.30425398,0.51332134
3.30489398,0.51332134
3.30553398,0.51332134
3.30617398,0.51332134
3.30681398,0.51332134
3.30745398,0.51332134
3.30809398,0.51332134
3.30873398,0.51332134
3.30937398,0.51332134
3.31001398,0.51332134
3.31065398,0.68971831
3.31129398,0.68971831
3.31193398,0.51332134
3.31257398,0.68971831
3.31321398,0.68971831
3.31385398,0.68971831
3.31449398,0.68971831
3.31513398,0.51332134
3.31577398,0.68971831
3.31641398,0.68971831
3.31705398,0.68971831
3.31769398,0.68971831
3.31833398,0.68971831
3.31897398,0.68971831
3.31961398,0.68971831
3.32025398,0.68971831
3.32089398,0.86550492
3.32153398,0.86550492
3.32217398,0.86550492
3.32281398,0.86550492
3.32345398,0.68971831
3.32409398,0.86550492
3.32473398,0.86550492
3.32537398,0.86550492
3.32601398,0.86550492
3.32665398,0.86550492
3.32729398,0.86550492
3.32793398,0.86550492
3.32857398,0.86550492
3.32921398,0.68971831
3.32985398,0.86550492
3.33049398,0.86550492
3.33113398,0.86550492
3.33177398,0.86550492
3.33241398,0.86550492
3.33305398,0.86550492
3.33369398,0.86550492
3.33433398,0.86550492
3.33497398,0.86550492
3.33561398,0.86550492
3.33625398,0.86550492
3.33689398,0.86550492
3.33753398,0.86550492
3.33817398,0.86550492
3.33881398,0.86550492
3.33945398,0.86550492
3.34009398,0.86550492
3.34073398,0.86550492
3.34137398,0.86550492
3.34201398,0.68971831
3.34265398,0.68971831
3.34329398,0.68971831
3.34393398,0.86550492
3.34457398,0.68971831
3.34521398,0.68971831
3.34585398,0.68971831
3.34649398,0.68971831
3.34713398,0.68971831
3.34777398,0.68971831
3.34841398,0.68971831
3.34905398,0.51332134
3.34969398,0.68971831
3.35033398,0.51332134
3.35097398,0.68971831
3.35161398,0.51332134
3.35225398,0.51332134
3.35289398,0.51332134
3.35353398,0.51332134
3.35417398,0.51332134
3.35481398,0.51332134
3.35545398,0.51332134
3.35609398,0.51332134
3.35673398,0.51332134
3.35737398,0.51332134
3.35801398,0.51332134
3.35865398,0.33692434
3.35929398,0.33692434
3.35993398,0.33692434
3.36057398,0.33692434
3.36121398,0.33692434
3.36185398,0.33692434
3.36249398,0.33692434
3.36313398,0.33692434
3.36377398,0.33692434
3.36441398,0.33692434
3.36505398,0.16052736
3.36569398,0.16052736
3.36633398,0.16052736
3.36697398,0.16052736
3.36761398,0.16052736
3.36825398,-0.01525925
3.36889398,-0.01525925
3.36953398,0.16052736
3.37017398,0.16052736
3.37081398,-0.01525925
3.37145398,-0.01525925
3.37209398,-0.01525925
3.37273398,-0.01525925
3.37337398,-0.19104587
3.37401398,-0.19104587
3.37465398,-0.19104587
3.37529398,-0.19104587
3.37593398,-0.19104587
3.37657398,-0.19104587
3.37721398,-0.19104587
3.37785398,-0.36744285
3.37849398,-0.36744285
3.37913398,-0.36744285
3.37977398,-0.36744285
3.38041398,-0.36744285
3.38105398,-0.36744285
3.38169398,-0.36744285
3.38233398,-0.36744285
3.38297398,-0.36744285
3.38361398,-0.36744285
3.38425398,-0.54383981
3.38489398,-0.54383981
3.38553398,-0.54383981
3.38617398,-0.54383981
3.38681398,-0.54383981
3.38745398,-0.54383981
3.38809398,-0.72023684
3.38873398,-0.72023684
3.38937398,-0.72023684
3.39001398,-0.72023684
3.39065398,-0.72023684
3.39129398,-0.72023684
3.39193398,-0.89602345
3.39257398,-0.89602345
3.39321398,-0.89602345
3.39385398,-0.89602345
3.39449398,-0.89602345
3.39513398,-0.89602345
3.39577398,-0.89602345
3.39641398,-0.89602345
3.39705398,-0.89602345
3.39769398,-0.89602345
3.39833398,-1.07242048
3.39897398,-0.89602345
3.39961398,-1.07242048
3.40025398,-1.07242048
3.40089398,-1.07242048
3.40153398,-1.07242048
3.40217398,-0.89602345
3.40281398,-1.07242048
3.40345398,-1.07242048
3.40409398,-0.89602345
3.40473398,-1.07242048
3.40537398,-1.07242048
3.40601398,-1.07242048
3.40665398,-1.07242048
3.40729398,-1.07242048
3.40793398,-0.89602345
3.40857398,-1.07242048
3.40921398,-1.07242048
3.40985398,-1.07242048
3.41049398,-1.07242048
3.41113398,-1.07242048
3.41177398,-1.07242048
3.41241398,-1.07242048
3.41305398,-1.07242048
3.41369398,-1.07242048
3.41433398,-1.07242048
3.41497398,-1.07242048
3.41561398,-1.07242048
3.41625398,-1.07242048
3.41689398,-1.07242048
3.41753398,-1.07242048
3.41817398,-0.89602345
3.41881398,-1.07242048
3.41945398,-1.07242048
3.42009398,-0.89602345
3.42073398,-0.89602345
3.42137398,-1.07242048
3.42201398,-0.89602345
3.42265398,-0.89602345
3.42329398,-1.07242048
3.42393398,-0.89602345
3.42457398,-0.89602345
3.42521398,-0.89602345
3.42585398,-0.89602345
3.42649398,-0.89602345
3.42713398,-0.89602345
3.42777398,-0.89602345
3.42841398,-0.89602345
3.42905398,-0.89602345
3.42969398,-0.89602345
3.43033398,-0.89602345
3.43097398,-0.72023684
3.43161398,-0.72023684
3.43225398,-0.72023684
3.43289398,-0.72023684
3.43353398,-0.72023684
3.43417398,-0.72023684
3.43481398,-0.72023684
3.43545398,-0.54383981
3.43609398,-0.54383981
3.43673398,-0.54383981
3.43737398,-0.54383981
3.43801398,-0.54383981
3.43865398,-0.54383981
3.43929398,-0.54383981
3.43993398,-0.54383981
3.44057398,-0.54383981
3.44121398,-0.36744285
3.44185398,-0.36744285
3.44249398,-0.36744285
3.44313398,-0.36744285
3.44377398,-0.36744285
3.44441398,-0.36744285
3.44505398,-0.36744285
3.44569398,-0.36744285
3.44633398,-0.36744285
3.44697398,-0.36744285
3.44761398,-0.19104587
3.44825398,-0.19104587
3.44889398,-0.19104587
3.44953398,-0.19104587
3.45017398,-0.19104587
3.45081398,-0.19104587
3.45145398,-0.19104587
3.45209398,-0.19104587
3.45273398,-0.01525925
3.45337398,-0.19104587
3.45401398,-0.01525925
3.45465398,-0.01525925
3.45529398,-0.01525925
3.45593398,0.16052736
3.45657398,0.16052736
3.45721398,-0.01525925
3.45785398,0.16052736
3.45849398,0.16052736
3.45913398,0.16052736
3.45977398,0.16052736
3.46041398,0.16052736
3.46105398,0.16052736
3.46169398,0.16052736
3.46233398,0.33692434
3.46297398,0.33692434
3.46361398,0.33692434
3.46425398,0.33692434
3.46489398,0.33692434
3.46553398,0.33692434
3.46617398,0.33692434
3.46681398,0.33692434
3.46745398,0.33692434
3.46809398,0.33692434
3.46873398,0.33692434
3.46937398,0.33692434
3.47001398,0.33692434
3.47065398,0.33692434
3.47129398,0.33692434
3.47193398,0.33692434
3.47257398,0.33692434
3.47321398,0.51332134
3.47385398,0.51332134
3.47449398,0.51332134
3.47513398,0.51332134
3.47577398,0.51332134
3.47641398,0.51332134
3.47705398,0.51332134
3.47769398,0.51332134
3.47833398,0.51332134
3.47897398,0.51332134
3.47961398,0.51332134
3.48025398,0.51332134
3.48089398,0.51332134
3.48153398,0.51332134
3.48217398,0.51332134
3.48281398,0.51332134
3.48345398,0.51332134
3.48409398,0.51332134
3.48473398,0.51332134
3.48537398,0.51332134
3.48601398,0.51332134
3.48665398,0.51332134
3.48729398,0.51332134
3.48793398,0.51332134
3.48857398,0.51332134
3.48921398,0.51332134
3.48985398,0.51332134
3.49049398,0.51332134
3.49113398,0.51332134
3.49177398,0.51332134
3.49241398,0.51332134
3.49305398,0.68971831
3.49369398,0.51332134
3.49433398,0.68971831
3.49497398,0.51332134
3.49561398,0.51332134
3.49625398,0.51332134
3.49689398,0.51332134
3.49753398,0.51332134
3.49817398,0.51332134
3.49881398,0.51332134
3.49945398,0.51332134
3.50009398,0.51332134
3.50073398,0.51332134
3.50137398,0.51332134
3.50201398,0.51332134
3.50265398,0.51332134
3.50329398,0.51332134
3.50393398,0.51332134
3.50457398,0.51332134
3.50521398,0.51332134
3.50585398,0.51332134
3.50649398,0.51332134
3.50713398,0.51332134
3.50777398,0.51332134
3.50841398,0.51332134
3.50905398,0.51332134
3.50969398,0.51332134
3.51033398,0.51332134
3.51097398,0.51332134
3.51161398,0.51332134
3.51225398,0.51332134
3.51289398,0.51332134
3.51353398,0.51332134
3.51417398,0.51332134
3.51481398,0.51332134
3.51545398,0.51332134
3.51609398,0.33692434
3.51673398,0.51332134
3.51737398,0.33692434
3.51801398,0.33692434
3.51865398,0.33692434
3.51929398,0.51332134
3.51993398,0.51332134
3.52057398,0.51332134
3.52121398,0.33692434
3.52185398,0.33692434
3.52249398,0.33692434
3.52313398,0.33692434
3.52377398,0.33692434
3.52441398,0.51332134
3.52505398,0.33692434
3.52569398,0.33692434
3.52633398,0.33692434
3.52697398,0.33692434
3.52761398,0.33692434
3.52825398,0.33692434
3.52889398,0.33692434
3.52953398,0.33692434
3.53017398,0.33692434
3.53081398,0.33692434
3.53145398,0.33692434
3.53209398,0.33692434
3.53273398,0.33692434
3.53337398,0.33692434
3.53401398,0.33692434
3.53465398,0.33692434
3.53529398,0.33692434
3.53593398,0.33692434
3.53657398,0.33692434
3.53721398,0.33692434
3.53785398,0.33692434
3.53849398,0.33692434
3.53913398,0.33692434
3.53977398,0.33692434
3.54041398,0.33692434
3.54105398,0.33692434
3.54169398,0.33692434
3.54233398,0.33692434
3.54297398,0.33692434
3.54361398,0.33692434
3.54425398,0.33692434
3.54489398,0.33692434
3.54553398,0.33692434
3.54617398,0.33692434
3.54681398,0.33692434
3.54745398,0.33692434
3.54809398,0.33692434
3.54873398,0.33692434
3.54937398,0.33692434
3.55001398,0.33692434
3.55065398,0.33692434
3.55129398,0.33692434
3.55193398,0.33692434
3.55257398,0.33692434
3.55321398,0.33692434
3.55385398,0.33692434
3.55449398,0.33692434
3.55513398,0.33692434
3.55577398,0.33692434
3.55641398,0.33692434
3.55705398,0.33692434
3.55769398,0.33692434
3.55833398,0.33692434
3.55897398,0.33692434
3.55961398,0.33692434
3.56025398,0.33692434
3.56089398,0.33692434
3.56153398,0.33692434
3.56217398,0.33692434
3.56281398,0.33692434
3.56345398,0.33692434
3.56409398,0.33692434
3.56473398,0.33692434
3.56537398,0.33692434
3.56601398,0.33692434
3.56665398,0.33692434
3.56729398,0.33692434
3.56793398,0.33692434
3.56857398,0.33692434
3.56921398,0.33692434
3.56985398,0.33692434
3.57049398,0.33692434
3.57113398,0.16052736
3.57177398,0.16052736
3.57241398,0.33692434
3.57305398,0.33692434
3.57369398,0.16052736
3.57433398,0.16052736
3.57497398,0.16052736
3.57561398,0.33692434
3.57625398,0.33692434
3.57689398,0.16052736
3.57753398,0.16052736
3.57817398,0.16052736
3.57881398,0.16052736
3.57945398,0.16052736
3.58009398,0.16052736
3.58073398,0.16052736
3.58137398,0.16052736
3.58201398,0.16052736
3.58265398,0.16052736
3.58329398,0.16052736
3.58393398,0.16052736
3.58457398,0.16052736
3.58521398,0.16052736
3.58585398,0.16052736
3.58649398,0.16052736
3.58713398,0.16052736
3.58777398,-0.01525925
3.58841398,-0.01525925
3.58905398,-0.01525925
3.58969398,-0.01525925
3.59033398,-0.01525925
3.59097398,-0.01525925
3.59161398,-0.01525925
3.59225398,-0.01525925
3.59289398,-0.01525925
3.59353398,-0.01525925
3.59417398,-0.19104587
3.59481398,-0.01525925
3.59545398,-0.19104587
3.59609398,-0.19104587
3.59673398,-0.19104587
3.59737398,-0.19104587
3.59801398,-0.19104587
3.59865398,-0.19104587
3.59929398,-0.19104587
3.59993398,-0.19104587
3.60057398,-0.19104587
3.60121398,-0.19104587
3.60185398,-0.19104587
3.60249398,-0.19104587
3.60313398,-0.36744285
3.60377398,-0.19104587
3.60441398,-0.36744285
3.60505398,-0.36744285
3.60569398,-0.36744285
3.60633398,-0.36744285
3.60697398,-0.36744285
3.60761398,-0.36744285
3.60825398,-0.36744285
3.60889398,-0.36744285
3.60953398,-0.36744285
3.61017398,-0.36744285
3.61081398,-0.54383981
3.61145398,-0.54383981
3.61209398,-0.36744285
3.61273398,-0.36744285
3.61337398,-0.54383981
3.61401398,-0.54383981
3.61465398,-0.54383981
3.61529398,-0.54383981
3.61593398,-0.54383981
3.61657398,-0.54383981
3.61721398,-0.54383981
3.61785398,-0.54383981
3.61849398,-0.54383981
3.61913398,-0.54383981
3.61977398,-0.54383981
3.62041398,-0.54383981
3.62105398,-0.54383981
3.62169398,-0.72023684
3.62233398,-0.72023684
3.62297398,-0.54383981
3.62361398,-0.72023684
3.62425398,-0.72023684
3.62489398,-0.72023684
3.62553398,-0.72023684
3.62617398,-0.72023684
3.62681398,-0.72023684
3.62745398,-0.72023684
3.62809398,-0.72023684
3.62873398,-0.72023684
3.62937398,-0.72023684
3.63001398,-0.72023684
3.63065398,-0.89602345
3.63129398,-0.89602345
3.63193398,-0.89602345
3.63257398,-0.89602345
3.63321398,-0.89602345
3.63385398,-0.89602345
3.63449398,-0.89602345
3.63513398,-0.89602345
3.63577398,-0.89602345
3.63641398,-0.89602345
3.63705398,-0.89602345
3.63769398,-0.89602345
3.63833398,-0.89602345
3.63897398,-0.89602345
3.63961398,-0.89602345
3.64025398,-0.89602345
3.64089398,-0.89602345
3.64153398,-0.89602345
3.64217398,-0.89602345
3.64281398,-0.89602345
3.64345398,-0.89602345
3.64409398,-0.72023684
3.64473398,-0.89602345
3.64537398,-0.89602345
3.64601398,-0.89602345
3.64665398,-0.89602345
3.64729398,-0.72023684
3.64793398,-0.72023684
3.64857398,-0.72023684
3.64921398,-0.72023684
3.64985398,-0.89602345
3.65049398,-0.89602345
3.65113398,-0.72023684
3.65177398,-0.72023684
3.65241398,-0.72023684
3.65305398,-0.72023684
3.65369398,-0.89602345
3.65433398,-0.72023684
3.65497398,-0.72023684
3.65561398,-0.72023684
3.65625398,-0.72023684
3.65689398,-0.72023684
3.65753398,-0.72023684
3.65817398,-0.72023684
3.65881398,-0.72023684
3.65945398,-0.54383981
3.66009398,-0.54383981
3.66073398,-0.54383981
3.66137398,-0.54383981
3.66201398,-0.54383981
3.66265398,-0.54383981
3.66329398,-0.36744285
3.66393398,-0.54383981
3.66457398,-0.36744285
3.66521398,-0.36744285
3.66585398,-0.36744285
3.66649398,-0.36744285
3.66713398,-0.36744285
3.66777398,-0.36744285
3.66841398,-0.36744285
3.66905398,-0.36744285
3.66969398,-0.36744285
3.67033398,-0.19104587
3.67097398,-0.19104587
3.67161398,-0.19104587
3.67225398,-0.19104587
3.67289398,-0.19104587
3.67353398,-0.19104587
3.67417398,-0.19104587
3.67481398,-0.19104587
3.67545398,-0.01525925
3.67609398,-0.01525925
3.67673398,-0.01525925
3.67737398,-0.01525925
3.67801398,-0.01525925
3.67865398,-0.01525925
3.67929398,-0.01525925
3.67993398,-0.01525925
3.68057398,-0.01525925
3.68121398,0.16052736
3.68185398,0.16052736
3.68249398,0.16052736
3.68313398,0.16052736
3.68377398,0.16052736
3.68441398,0.16052736
3.68505398,0.33692434
3.68569398,0.16052736
3.68633398,0.33692434
3.68697398,0.33692434
3.68761398,0.33692434
3.68825398,0.33692434
3.68889398,0.33692434
3.68953398,0.33692434
3.69017398,0.33692434
3.69081398,0.33692434
3.69145398,0.33692434
3.69209398,0.33692434
3.69273398,0.33692434
3.69337398,0.51332134
3.69401398,0.51332134
3.69465398,0.51332134
3.69529398,0.51332134
3.69593398,0.51332134
3.69657398,0.51332134
3.69721398,0.51332134
3.69785398,0.51332134
3.69849398,0.51332134
3.69913398,0.51332134
3.69977398,0.68971831
3.70041398,0.68971831
3.70105398,0.51332134
3.70169398,0.68971831
3.70233398,0.68971831
3.70297398,0.68971831
3.70361398,0.68971831
3.70425398,0.68971831
3.70489398,0.68971831
3.70553398,0.86550492
3.70617398,0.68971831
3.70681398,0.68971831
3.70745398,0.68971831
3.70809398,0.86550492
3.70873398,0.86550492
3.70937398,0.86550492
3.71001398,0.86550492
3.71065398,0.86550492
3.71129398,0.68971831
3.71193398,0.86550492
3.71257398,0.68971831
3.71321398,0.86550492
3.71385398,0.86550492
3.71449398,0.86550492
3.71513398,0.86550492
3.71577398,0.86550492
3.71641398,0.86550492
3.71705398,0.86550492
3.71769398,0.86550492
3.71833398,0.86550492
3.71897398,0.86550492
3.71961398,0.86550492
3.72025398,0.86550492
3.72089398,0.86550492
3.72153398,0.86550492
3.72217398,0.86550492
3.72281398,0.86550492
3.72345398,0.86550492
3.72409398,0.86550492
3.72473398,0.86550492
3.72537398,0.86550492
3.72601398,0.86550492
3.72665398,0.86550492
3.72729398,0.86550492
3.72793398,0.86550492
3.72857398,0.86550492
3.72921398,0.68971831
3.72985398,0.86550492
3.73049398,0.68971831
3.73113398,0.86550492
3.73177398,0.68971831
3.73241398,0.86550492
3.73305398,0.68971831
3.73369398,0.68971831
3.73433398,0.68971831
3.73497398,0.68971831
3.73561398,0.68971831
3.73625398,0.68971831
3.73689398,0.68971831
3.73753398,0.68971831
3.73817398,0.68971831
3.73881398,0.51332134
3.73945398,0.51332134
3.74009398,0.51332134
3.74073398,0.51332134
3.74137398,0.51332134
3.74201398,0.51332134
3.74265398,0.51332134
3.74329398,0.51332134
3.74393398,0.51332134
3.74457398,0.51332134
3.74521398,0.51332134
3.74585398,0.51332134
3.74649398,0.51332134
3.74713398,0.51332134
3.74777398,0.51332134
3.74841398,0.33692434
3.74905398,0.33692434
3.74969398,0.33692434
3.75033398,0.33692434
3.75097398,0.33692434
3.75161398,0.33692434
3.75225398,0.33692434
3.75289398,0.33692434
3.75353398,0.33692434
3.75417398,0.33692434
3.75481398,0.33692434
3.75545398,0.33692434
3.75609398,0.16052736
3.75673398,0.33692434
3.75737398,0.16052736
3.75801398,0.16052736
3.75865398,0.33692434
3.75929398,0.16052736
3.75993398,0.16052736
3.76057398,0.16052736
3.76121398,0.16052736
3.76185398,0.16052736
3.76249398,0.16052736
3.76313398,0.16052736
3.76377398,0.16052736
3.76441398,0.16052736
3.76505398,0.16052736
3.76569398,0.16052736
3.76633398,0.16052736
3.76697398,0.16052736
3.76761398,0.16052736
3.76825398,-0.01525925
3.76889398,-0.01525925
3.76953398,-0.01525925
3.77017398,-0.01525925
3.77081398,-0.01525925
3.77145398,-0.01525925
3.77209398,-0.01525925
3.77273398,-0.01525925
3.77337398,-0.01525925
3.77401398,-0.19104587
3.77465398,-0.01525925
3.77529398,-0.01525925
3.77593398,-0.01525925
3.77657398,-0.01525925
3.77721398,-0.01525925
3.77785398,-0.01525925
3.77849398,-0.19104587
3.77913398,-0.19104587
3.77977398,-0.19104587
3.78041398,-0.19104587
3.78105398,-0.19104587
3.78169398,-0.19104587
3.78233398,-0.19104587
3.78297398,-0.19104587
3.78361398,-0.19104587
3.78425398,-0.19104587
3.78489398,-0.19104587
3.78553398,-0.19104587
3.78617398,-0.19104587
3.78681398,-0.19104587
3.78745398,-0.19104587
3.78809398,-0.19104587
3.78873398,-0.19104587
3.78937398,-0.19104587
3.79001398,-0.19104587
3.79065398,-0.19104587
3.79129398,-0.19104587
3.79193398,-0.19104587
3.79257398,-0.19104587
3.79321398,-0.19104587
3.79385398,-0.19104587
3.79449398,-0.19104587
3.79513398,-0.19104587
3.79577398,-0.19104587
3.79641398,-0.19104587
3.79705398,-0.19104587
3.79769398,-0.19104587
3.79833398,-0.19104587
3.79897398,-0.19104587
3.79961398,-0.19104587
3.80025398,-0.19104587
3.80089398,-0.19104587
3.80153398,-0.19104587
3.80217398,-0.19104587
3.80281398,-0.19104587
3.80345398,-0.19104587
3.80409398,-0.19104587
3.80473398,-0.19104587
3.80537398,-0.19104587
3.80601398,-0.19104587
3.80665398,-0.19104587
3.80729398,-0.19104587
3.80793398,-0.19104587
3.80857398,-0.19104587
3.80921398,-0.19104587
3.80985398,-0.19104587
3.81049398,-0.36744285
3.81113398,-0.19104587
3.81177398,-0.19104587
3.81241398,-0.19104587
3.81305398,-0.19104587
3.81369398,-0.36744285
3.81433398,-0.19104587
3.81497398,-0.36744285
3.81561398,-0.19104587
3.81625398,-0.19104587
3.81689398,-0.19104587
3.81753398,-0.36744285
3.81817398,-0.36744285
3.81881398,-0.36744285
3.81945398,-0.36744285
3.82009398,-0.19104587
3.82073398,-0.36744285
3.82137398,-0.36744285
3.82201398,-0.19104587
3.82265398,-0.36744285
3.82329398,-0.19104587
3.82393398,-0.36744285
3.82457398,-0.36744285
3.82521398,-0.19104587
3.82585398,-0.36744285
3.82649398,-0.19104587
3.82713398,-0.36744285
3.82777398,-0.19104587
3.82841398,-0.36744285
3.82905398,-0.36744285
3.82969398,-0.36744285
3.83033398,-0.19104587
3.83097398,-0.36744285
3.83161398,-0.19104587
3.83225398,-0.36744285
3.83289398,-0.36744285
3.83353398,-0.36744285
3.83417398,-0.36744285
3.83481398,-0.36744285
3.83545398,-0.36744285
3.83609398,-0.36744285
3.83673398,-0.36744285
3.83737398,-0.36744285
3.83801398,-0.36744285
3.83865398,-0.36744285
3.83929398,-0.36744285
3.83993398,-0.36744285
3.84057398,-0.36744285
3.84121398,-0.36744285
3.84185398,-0.36744285
3.84249398,-0.36744285
3.84313398,-0.36744285
3.84377398,-0.36744285
3.84441398,-0.36744285
3.84505398,-0.36744285
3.84569398,-0.36744285
3.84633398,-0.36744285
3.84697398,-0.36744285
3.84761398,-0.36744285
3.84825398,-0.36744285
3.84889398,-0.36744285
3.84953398,-0.36744285
3.85017398,-0.36744285
3.85081398,-0.54383981
3.85145398,-0.36744285
3.85209398,-0.36744285
3.85273398,-0.36744285
3.85337398,-0.36744285
3.85401398,-0.36744285
3.85465398,-0.36744285
3.85529398,-0.36744285
3.85593398,-0.36744285
3.85657398,-0.36744285
3.85721398,-0.36744285
3.85785398,-0.36744285
3.85849398,-0.36744285
3.85913398,-0.36744285
3.85977398,-0.36744285
3.86041398,-0.54383981
3.86105398,-0.36744285
3.86169398,-0.36744285
3.86233398,-0.36744285
3.86297398,-0.36744285
3.86361398,-0.36744285
3.86425398,-0.36744285
3.86489398,-0.36744285
3.86553398,-0.36744285
3.86617398,-0.36744285
3.86681398,-0.36744285
3.86745398,-0.36744285
3.86809398,-0.36744285
3.86873398,-0.36744285
3.86937398,-0.36744285
3.87001398,-0.36744285
3.87065398,-0.36744285
3.87129398,-0.36744285
3.87193398,-0.36744285
3.87257398,-0.36744285
3.87321398,-0.36744285
3.87385398,-0.36744285
3.87449398,-0.36744285
3.87513398,-0.36744285
3.87577398,-0.36744285
3.87641398,-0.36744285
3.87705398,-0.36744285
3.87769398,-0.36744285
3.87833398,-0.36744285
3.87897398,-0.36744285
3.87961398,-0.36744285
3.88025398,-0.36744285
3.88089398,-0.36744285
3.88153398,-0.36744285
3.88217398,-0.36744285
3.88281398,-0.36744285
3.88345398,-0.36744285
3.88409398,-0.36744285
3.88473398,-0.36744285
3.88537398,-0.36744285
3.88601398,-0.19104587
3.88665398,-0.36744285
3.88729398,-0.36744285
3.88793398,-0.36744285
3.88857398,-0.19104587
3.88921398,-0.19104587
3.88985398,-0.19104587
3.89049398,-0.19104587
3.89113398,-0.19104587
3.89177398,-0.19104587
3.89241398,-0.19104587
3.89305398,-0.19104587
3.89369398,-0.19104587
3.89433398,-0.19104587
3.89497398,-0.19104587
3.89561398,-0.19104587
3.89625398,-0.19104587
3.89689398,-0.19104587
3.89753398,-0.19104587
3.89817398,-0.01525925
3.89881398,-0.01525925
3.89945398,-0.19104587
3.90009398,-0.19104587
3.90073398,-0.01525925
3.90137398,-0.01525925
3.90201398,-0.01525925
3.90265398,-0.01525925
3.90329398,-0.01525925
3.90393398,-0.01525925
3.90457398,-0.01525925
3.90521398,0.16052736
3.90585398,-0.01525925
3.90649398,0.16052736
3.90713398,0.16052736
3.90777398,0.16052736
3.90841398,0.16052736
3.90905398,0.16052736
3.90969398,0.16052736
3.91033398,0.16052736
3.91097398,0.16052736
3.91161398,0.16052736
3.91225398,0.33692434
3.91289398,0.33692434
3.91353398,0.33692434
3.91417398,0.33692434
3.91481398,0.33692434
3.91545398,0.33692434
3.91609398,0.33692434
3.91673398,0.33692434
3.91737398,0.33692434
3.91801398,0.33692434
3.91865398,0.33692434
3.91929398,0.33692434
3.91993398,0.33692434
3.92057398,0.33692434
3.92121398,0.51332134
3.92185398,0.33692434
3.92249398,0.51332134
3.92313398,0.51332134
3.92377398,0.51332134
3.92441398,0.51332134
3.92505398,0.51332134
3.92569398,0.51332134
3.92633398,0.51332134
3.92697398,0.51332134
3.92761398,0.51332134
3.92825398,0.51332134
3.92889398,0.51332134
3.92953398,0.51332134
3.93017398,0.51332134
3.93081398,0.68971831
3.93145398,0.68971831
3.93209398,0.68971831
3.93273398,0.68971831
3.93337398,0.68971831
3.93401398,0.68971831
3.93465398,0.68971831
3.93529398,0.68971831
3.93593398,0.68971831
3.93657398,0.86550492
3.93721398,0.68971831
3.93785398,0.68971831
3.93849398,0.86550492
3.93913398,0.86550492
3.93977398,0.86550492
3.94041398,0.86550492
3.94105398,0.86550492
3.94169398,0.68971831
3.94233398,0.86550492
3.94297398,0.86550492
3.94361398,0.68971831
3.94425398,0.68971831
3.94489398,0.86550492
3.94553398,0.68971831
3.94617398,0.68971831
3.94681398,0.86550492
3.94745398,0.86550492
3.94809398,0.68971831
3.94873398,0.86550492
3.94937398,0.86550492
3.95001398,0.68971831
3.95065398,0.68971831
3.95129398,0.68971831
3.95193398,0.86550492
3.95257398,0.68971831
3.95321398,0.68971831
3.95385398,0.68971831
3.95449398,0.68971831
3.95513398,0.68971831
3.95577398,0.86550492
3.95641398,0.86550492
3.95705398,0.68971831
3.95769398,0.68971831
3.95833398,0.68971831
3.95897398,0.68971831
3.95961398,0.68971831
3.96025398,0.51332134
3.96089398,0.68971831
3.96153398,0.68971831
3.96217398,0.68971831
3.96281398,0.51332134
3.96345398,0.51332134
3.96409398,0.68971831
3.96473398,0.51332134
3.96537398,0.68971831
3.96601398,0.51332134
3.96665398,0.51332134
3.96729398,0.51332134
3.96793398,0.51332134
3.96857398,0.51332134
3.96921398,0.51332134
3.96985398,0.51332134
3.97049398,0.51332134
3.97113398,0.51332134
3.97177398,0.33692434
3.97241398,0.33692434
3.97305398,0.33692434
3.97369398,0.51332134
3.97433398,0.33692434
3.97497398,0.33692434
3.97561398,0.33692434
3.97625398,0.33692434
3.97689398,0.33692434
3.97753398,0.33692434
3.97817398,0.33692434
3.97881398,0.33692434
3.97945398,0.33692434
3.98009398,0.33692434
3.98073398,0.16052736
3.98137398,0.16052736
3.98201398,0.16052736
3.98265398,0.16052736
3.98329398,0.16052736
3.98393398,0.16052736
3.98457398,0.16052736
3.98521398,0.16052736
3.98585398,0.16052736
3.98649398,-0.01525925
3.98713398,0.16052736
3.98777398,0.16052736
3.98841398,-0.01525925
3.98905398,-0.01525925
3.98969398,-0.01525925
3.99033398,-0.01525925
3.99097398,-0.01525925
3.99161398,-0.19104587
3.99225398,-0.01525925
3.99289398,-0.19104587
3.99353398,-0.01525925
3.99417398,-0.01525925
3.99481398,-0.19104587
3.99545398,-0.19104587
3.99609398,-0.19104587
3.99673398,-0.19104587
3.99737398,-0.19104587
3.99801398,-0.19104587
3.99865398,-0.19104587
3.99929398,-0.36744285
3.99993398,-0.19104587
4.00057398,-0.19104587
4.00121398,-0.36744285
4.00185398,-0.36744285
4.00249398,-0.19104587
4.00313398,-0.36744285
4.00377398,-0.36744285
4.00441398,-0.36744285
4.00505398,-0.36744285
4.00569398,-0.36744285
4.00633398,-0.36744285
4.00697398,-0.36744285
4.00761398,-0.36744285
4.00825398,-0.36744285
4.00889398,-0.36744285
4.00953398,-0.36744285
4.01017398,-0.36744285
4.01081398,-0.36744285
4.01145398,-0.36744285
4.01209398,-0.36744285
4.01273398,-0.36744285
4.01337398,-0.54383981
4.01401398,-0.36744285
4.01465398,-0.36744285
4.01529398,-0.36744285
4.01593398,-0.36744285
4.01657398,-0.54383981
4.01721398,-0.54383981
4.01785398,-0.54383981
4.01849398,-0.54383981
4.01913398,-0.54383981
4.01977398,-0.54383981
4.02041398,-0.36744285
4.02105398,-0.54383981
4.02169398,-0.54383981
4.02233398,-0.54383981
4.02297398,-0.54383981
4.02361398,-0.36744285
4.02425398,-0.36744285
4.02489398,-0.54383981
4.02553398,-0.54383981
4.02617398,-0.54383981
4.02681398,-0.54383981
4.02745398,-0.54383981
4.02809398,-0.54383981
4.02873398,-0.36744285
4.02937398,-0.54383981
4.03001398,-0.54383981
4.03065398,-0.54383981
4.03129398,-0.54383981
4.03193398,-0.54383981
4.03257398,-0.54383981
4.03321398,-0.54383981
4.03385398,-0.36744285
4.03449398,-0.54383981
4.03513398,-0.36744285
4.03577398,-0.54383981
4.03641398,-0.54383981
4.03705398,-0.54383981
4.03769398,-0.36744285
4.03833398,-0.54383981
4.03897398,-0.54383981
4.03961398,-0.36744285
4.04025398,-0.54383981
4.04089398,-0.36744285
4.04153398,-0.36744285
4.04217398,-0.36744285
4.04281398,-0.36744285
4.04345398,-0.36744285
4.04409398,-0.36744285
4.04473398,-0.36744285
4.04537398,-0.36744285
4.04601398,-0.36744285
4.04665398,-0.36744285
4.04729398,-0.36744285
4.04793398,-0.36744285
4.04857398,-0.36744285
4.04921398,-0.36744285
4.04985398,-0.36744285
4.05049398,-0.36744285
4.05113398,-0.36744285
4.05177398,-0.36744285
4.05241398,-0.36744285
4.05305398,-0.36744285
4.05369398,-0.36744285
4.05433398,-0.36744285
4.05497398,-0.36744285
4.05561398,-0.36744285
4.05625398,-0.36744285
4.05689398,-0.36744285
4.05753398,-0.36744285
4.05817398,-0.19104587
4.05881398,-0.36744285
4.05945398,-0.19104587
4.06009398,-0.36744285
4.06073398,-0.36744285
4.06137398,-0.19104587
4.06201398,-0.36744285
4.06265398,-0.19104587
4.06329398,-0.19104587
4.06393398,-0.36744285
4.06457398,-0.19104587
4.06521398,-0.19104587
4.06585398,-0.19104587
4.06649398,-0.19104587
4.06713398,-0.19104587
4.06777398,-0.19104587
4.06841398,-0.19104587
4.06905398,-0.19104587
4.06969398,-0.19104587
4.07033398,-0.19104587
4.07097398,-0.19104587
4.07161398,-0.19104587
4.07225398,-0.19104587
4.07289398,-0.19104587
4.07353398,-0.19104587
4.07417398,-0.19104587
4.07481398,-0.19104587
4.07545398,-0.19104587
4.07609398,-0.19104587
4.07673398,-0.19104587
4.07737398,-0.19104587
4.07801398,-0.19104587
4.07865398,-0.19104587
4.07929398,-0.01525925
4.07993398,-0.19104587
4.08057398,-0.19104587
4.08121398,-0.19104587
4.08185398,-0.19104587
4.08249398,-0.19104587
4.08313398,-0.19104587
4.08377398,-0.01525925
4.08441398,-0.01525925
4.08505398,-0.19104587
4.08569398,-0.19104587
4.08633398,-0.19104587
4.08697398,-0.01525925
4.08761398,-0.01525925
4.08825398,-0.19104587
4.08889398,-0.01525925
4.08953398,-0.19104587
4.09017398,-0.01525925
4.09081398,-0.19104587
4.09145398,-0.01525925
4.09209398,-0.19104587
4.09273398,-0.01525925
4.09337398,-0.19104587
4.09401398,-0.01525925
4.09465398,-0.01525925
4.09529398,-0.01525925
4.09593398,-0.01525925
4.09657398,-0.01525925
4.09721398,-0.19104587
4.09785398,-0.01525925
4.09849398,-0.01525925
4.09913398,-0.01525925
4.09977398,-0.01525925
4.10041398,-0.01525925
4.10105398,-0.19104587
4.10169398,-0.01525925
4.10233398,-0.01525925
4.10297398,-0.01525925
4.10361398,-0.01525925
4.10425398,-0.01525925
4.10489398,-0.01525925
4.10553398,-0.01525925
4.10617398,-0.01525925
4.10681398,-0.01525925
4.10745398,0.16052736
4.10809398,-0.01525925
4.10873398,-0.01525925
4.10937398,-0.01525925
4.11001398,-0.01525925
4.11065398,-0.01525925
4.11129398,-0.01525925
4.11193398,-0.01525925
4.11257398,-0.01525925
4.11321398,0.16052736
4.11385398,-0.01525925
4.11449398,0.16052736
4.11513398,-0.01525925
4.11577398,0.16052736
4.11641397,-0.01525925
4.11705397,0.16052736
4.11769397,0.16052736
4.11833397,0.16052736
4.11897397,-0.01525925
4.11961397,0.16052736
4.12025397,-0.01525925
4.12089397,0.16052736
4.12153397,0.16052736
4.12217397,-0.01525925
4.12281397,0.16052736
4.12345397,0.16052736
4.12409397,0.16052736
4.12473397,0.16052736
4.12537397,0.16052736
4.12601397,0.16052736
4.12665397,0.16052736
4.12729397,0.16052736
4.12793397,0.16052736
4.12857397,0.16052736
4.12921397,0.16052736
4.12985397,0.16052736
4.13049397,0.16052736
4.13113397,0.33692434
4.13177397,0.16052736
4.13241397,0.33692434
4.13305397,0.16052736
4.13369397,0.16052736
4.13433397,0.33692434
4.13497397,0.16052736
4.13561397,0.33692434
4.13625397,0.33692434
4.13689397,0.33692434
4.13753397,0.33692434
4.13817397,0.16052736
4.13881397,0.33692434
4.13945397,0.33692434
4.14009397,0.33692434
4.14073397,0.33692434
4.14137397,0.33692434
4.14201397,0.33692434
4.14265397,0.33692434
4.14329397,0.33692434
4.14393397,0.33692434
4.14457397,0.33692434
4.14521397,0.33692434
4.14585397,0.33692434
4.14649397,0.33692434
4.14713397,0.33692434
4.14777397,0.33692434
4.14841397,0.33692434
4.14905397,0.33692434
4.14969397,0.33692434
4.15033397,0.33692434
4.15097397,0.51332134
4.15161397,0.33692434
4.15225397,0.33692434
4.15289397,0.51332134
4.15353397,0.33692434
4.15417397,0.51332134
4.15481397,0.33692434
4.15545397,0.33692434
4.15609397,0.33692434
4.15673397,0.33692434
4.15737397,0.51332134
4.15801397,0.51332134
4.15865397,0.51332134
4.15929397,0.51332134
4.15993397,0.51332134
4.16057397,0.33692434
4.16121397,0.51332134
4.16185397,0.51332134
4.16249397,0.51332134
4.16313397,0.51332134
4.16377397,0.51332134
4.16441397,0.51332134
4.16505397,0.51332134
4.16569397,0.51332134
4.16633397,0.51332134
4.16697397,0.51332134
4.16761397,0.51332134
4.16825397,0.51332134
4.16889397,0.51332134
4.16953397,0.51332134
4.17017397,0.51332134
4.17081397,0.51332134
4.17145397,0.51332134
4.17209397,0.51332134
4.17273397,0.51332134
4.17337397,0.51332134
4.17401397,0.51332134
4.17465397,0.51332134
4.17529397,0.51332134
4.17593397,0.51332134
4.17657397,0.51332134
4.17721397,0.51332134
4.17785397,0.51332134
4.17849397,0.51332134
4.17913397,0.51332134
4.17977397,0.51332134
4.18041397,0.51332134
4.18105397,0.51332134
4.18169397,0.51332134
4.18233397,0.51332134
4.18297397,0.51332134
4.18361397,0.51332134
4.18425397,0.51332134
4.18489397,0.51332134
4.18553397,0.51332134
4.18617397,0.51332134
4.18681397,0.51332134
4.18745397,0.51332134
4.18809397,0.51332134
4.18873397,0.51332134
4.18937397,0.51332134
4.19001397,0.33692434
4.19065397,0.33692434
4.19129397,0.33692434
4.19193397,0.33692434
4.19257397,0.33692434
4.19321397,0.33692434
4.19385397,0.33692434
4.19449397,0.33692434
4.19513397,0.33692434
4.19577397,0.33692434
4.19641397,0.33692434
4.19705397,0.33692434
4.19769397,0.33692434
4.19833397,0.33692434
4.19897397,0.33692434
4.19961397,0.33692434
4.20025397,0.33692434
4.20089397,0.33692434
4.20153397,0.16052736
4.20217397,0.33692434
4.20281397,0.33692434
4.20345397,0.16052736
4.20409397,0.33692434
4.20473397,0.16052736
4.20537397,0.16052736
4.20601397,0.16052736
4.20665397,0.16052736
4.20729397,0.16052736
4.20793397,0.16052736
4.20857397,0.16052736
4.20921397,0.16052736
4.20985397,0.16052736
4.21049397,-0.01525925
4.21113397,-0.01525925
4.21177397,-0.01525925
4.21241397,-0.01525925
4.21305397,-0.01525925
4.21369397,-0.01525925
4.21433397,-0.01525925
4.21497397,-0.01525925
4.21561397,-0.01525925
4.21625397,-0.01525925
4.21689397,-0.01525925
4.21753397,-0.19104587
4.21817397,-0.19104587
4.21881397,-0.19104587
4.21945397,-0.19104587
4.22009397,-0.19104587
4.22073397,-0.19104587
4.22137397,-0.19104587
4.22201397,-0.19104587
4.22265397,-0.36744285
4.22329397,-0.19104587
4.22393397,-0.19104587
4.22457397,-0.19104587
4.22521397,-0.19104587
4.22585397,-0.36744285
4.22649397,-0.36744285
4.22713397,-0.36744285
4.22777397,-0.36744285
4.22841397,-0.36744285
4.22905397,-0.36744285
4.22969397,-0.36744285
4.23033397,-0.36744285
4.23097397,-0.36744285
4.23161397,-0.36744285
4.23225397,-0.36744285
4.23289397,-0.36744285
4.23353397,-0.36744285
4.23417397,-0.36744285
4.23481397,-0.36744285
4.23545397,-0.36744285
4.23609397,-0.36744285
4.23673397,-0.54383981
4.23737397,-0.36744285
4.23801397,-0.54383981
4.23865397,-0.54383981
4.23929397,-0.54383981
4.23993397,-0.54383981
4.24057397,-0.54383981
4.24121397,-0.54383981
4.24185397,-0.54383981
4.24249397,-0.54383981
4.24313397,-0.54383981
4.24377397,-0.54383981
4.24441397,-0.54383981
4.24505397,-0.54383981
4.24569397,-0.54383981
4.24633397,-0.54383981
4.24697397,-0.54383981
4.24761397,-0.72023684
4.24825397,-0.54383981
4.24889397,-0.54383981
4.24953397,-0.54383981
4.25017397,-0.54383981
4.25081397,-0.72023684
4.25145397,-0.72023684
4.25209397,-0.72023684
4.25273397,-0.54383981
4.25337397,-0.72023684
4.25401397,-0.54383981
4.25465397,-0.54383981
4.25529397,-0.72023684
4.25593397,-0.54383981
4.25657397,-0.54383981
4.25721397,-0.72023684
4.25785397,-0.54383981
4.25849397,-0.54383981
4.25913397,-0.54383981
4.25977397,-0.72023684
4.26041397,-0.54383981
4.26105397,-0.54383981
4.26169397,-0.54383981
4.26233397,-0.54383981
4.26297397,-0.54383981
4.26361397,-0.54383981
4.26425397,-0.54383981
4.26489397,-0.54383981
4.26553397,-0.54383981
4.26617397,-0.54383981
4.26681397,-0.54383981
4.26745397,-0.54383981
4.26809397,-0.54383981
4.26873397,-0.54383981
4.26937397,-0.54383981
4.27001397,-0.54383981
4.27065397,-0.54383981
4.27129397,-0.54383981
4.27193397,-0.54383981
4.27257397,-0.36744285
4.27321397,-0.54383981
4.27385397,-0.36744285
4.27449397,-0.36744285
4.27513397,-0.36744285
4.27577397,-0.36744285
4.27641397,-0.36744285
4.27705397,-0.36744285
4.27769397,-0.36744285
4.27833397,-0.36744285
4.27897397,-0.36744285
4.27961397,-0.36744285
4.28025397,-0.36744285
4.28089397,-0.36744285
4.28153397,-0.36744285
4.28217397,-0.36744285
4.28281397,-0.36744285
4.28345397,-0.36744285
4.28409397,-0.36744285
4.28473397,-0.19104587
4.28537397,-0.36744285
4.28601397,-0.19104587
4.28665397,-0.19104587
4.28729397,-0.19104587
4.28793397,-0.19104587
4.28857397,-0.19104587
4.28921397,-0.19104587
4.28985397,-0.19104587
4.29049397,-0.19104587
4.29113397,-0.19104587
4.29177397,-0.19104587
4.29241397,-0.19104587
4.29305397,-0.19104587
4.29369397,-0.19104587
4.29433397,-0.19104587
4.29497397,-0.19104587
4.29561397,-0.01525925
4.29625397,-0.19104587
4.29689397,-0.01525925
4.29753397,-0.19104587
4.29817397,-0.01525925
4.29881397,-0.01525925
4.29945397,-0.01525925
4.30009397,-0.01525925
4.30073397,-0.01525925
4.30137397,-0.01525925
4.30201397,-0.01525925
4.30265397,-0.01525925
4.30329397,-0.01525925
4.30393397,0.16052736
4.30457397,0.16052736
4.30521397,0.16052736
4.30585397,0.16052736
4.30649397,-0.01525925
4.30713397,0.16052736
4.30777397,0.16052736
4.30841397,0.16052736
4.30905397,0.16052736
4.30969397,0.16052736
4.31033397,0.16052736
4.31097397,0.16052736
4.31161397,0.16052736
4.31225397,0.16052736
4.31289397,0.16052736
4.31353397,0.33692434
4.31417397,0.16052736
4.31481397,0.16052736
4.31545397,0.33692434
4.31609397,0.16052736
4.31673397,0.33692434
4.31737397,0.33692434
4.31801397,0.33692434
4.31865397,0.33692434
4.31929397,0.16052736
4.31993397,0.33692434
4.32057397,0.16052736
4.32121397,0.33692434
4.32185397,0.33692434
4.32249397,0.33692434
4.32313397,0.33692434
4.32377397,0.33692434
4.32441397,0.33692434
4.32505397,0.33692434
4.32569397,0.33692434
4.32633397,0.33692434
4.32697397,0.33692434
4.32761397,0.33692434
4.32825397,0.33692434
4.32889397,0.33692434
4.32953397,0.33692434
4.33017397,0.33692434
4.33081397,0.33692434
4.33145397,0.33692434
4.33209397,0.33692434
4.33273397,0.33692434
4.33337397,0.33692434
4.33401397,0.33692434
4.33465397,0.33692434
4.33529397,0.33692434
4.33593397,0.33692434
4.33657397,0.33692434
4.33721397,0.16052736
4.33785397,0.33692434
4.33849397,0.33692434
4.33913397,0.33692434
4.33977397,0.33692434
4.34041397,0.33692434
4.34105397,0.33692434
4.34169397,0.33692434
4.34233397,0.33692434
4.34297397,0.33692434
4.34361397,0.33692434
4.34425397,0.33692434
4.34489397,0.33692434
4.34553397,0.33692434
4.34617397,0.33692434
4.34681397,0.33692434
4.34745397,0.33692434
4.34809397,0.33692434
4.34873397,0.33692434
4.34937397,0.33692434
4.35001397,0.33692434
4.35065397,0.33692434
4.35129397,0.33692434
4.35193397,0.33692434
4.35257397,0.33692434
4.35321397,0.33692434
4.35385397,0.33692434
4.35449397,0.16052736
4.35513397,0.33692434
4.35577397,0.33692434
4.35641397,0.33692434
4.35705397,0.33692434
4.35769397,0.33692434
4.35833397,0.33692434
4.35897397,0.33692434
4.35961397,0.33692434
4.36025397,0.33692434
4.36089397,0.33692434
4.36153397,0.33692434
4.36217397,0.33692434
4.36281397,0.16052736
4.36345397,0.33692434
4.36409397,0.33692434
4.36473397,0.33692434
4.36537397,0.33692434
4.36601397,0.33692434
4.36665397,0.33692434
4.36729397,0.33692434
4.36793397,0.33692434
4.36857397,0.33692434
4.36921397,0.33692434
4.36985397,0.16052736
4.37049397,0.33692434
4.37113397,0.33692434
4.37177397,0.33692434
4.37241397,0.33692434
4.37305397,0.33692434
4.37369397,0.33692434
4.37433397,0.33692434
4.37497397,0.33692434
4.37561397,0.33692434
4.37625397,0.16052736
4.37689397,0.33692434
4.37753397,0.16052736
4.37817397,0.33692434
4.37881397,0.33692434
4.37945397,0.33692434
4.38009397,0.33692434
4.38073397,0.33692434
4.38137397,0.33692434
4.38201397,0.33692434
4.38265397,0.33692434
4.38329397,0.33692434
4.38393397,0.33692434
4.38457397,0.16052736
4.38521397,0.33692434
4.38585397,0.33692434
4.38649397,0.33692434
4.38713397,0.33692434
4.38777397,0.33692434
4.38841397,0.33692434
4.38905397,0.33692434
4.38969397,0.33692434
4.39033397,0.33692434
4.39097397,0.16052736
4.39161397,0.33692434
4.39225397,0.33692434
4.39289397,0.33692434
4.39353397,0.33692434
4.39417397,0.16052736
4.39481397,0.16052736
4.39545397,0.16052736
4.39609397,0.33692434
4.39673397,0.16052736
4.39737397,0.33692434
4.39801397,0.16052736
4.39865397,0.33692434
4.39929397,0.16052736
4.39993397,0.33692434
4.40057397,0.33692434
4.40121397,0.16052736
4.40185397,0.33692434
4.40249397,0.33692434
4.40313397,0.33692434
4.40377397,0.33692434
4.40441397,0.16052736
4.40505397,0.33692434
4.40569397,0.33692434
4.40633397,0.16052736
4.40697397,0.16052736
4.40761397,0.16052736
4.40825397,0.16052736
4.40889397,0.16052736
4.40953397,0.16052736
4.41017397,0.16052736
4.41081397,0.16052736
4.41145397,0.16052736
4.41209397,0.16052736
4.41273397,0.16052736
4.41337397,0.16052736
4.41401397,0.16052736
4.41465397,0.16052736
4.41529397,0.16052736
4.41593397,0.16052736
4.41657397,0.16052736
4.41721397,0.16052736
4.41785397,0.16052736
4.41849397,0.16052736
4.41913397,0.16052736
4.41977397,0.16052736
4.42041397,0.16052736
4.42105397,0.16052736
4.42169397,0.16052736
4.42233397,0.16052736
4.42297397,0.16052736
4.42361397,0.16052736
4.42425397,0.16052736
4.42489397,0.16052736
4.42553397,0.16052736
4.42617397,0.16052736
4.42681397,0.16052736
4.42745397,0.16052736
4.42809397,-0.01525925
4.42873397,0.16052736
4.42937397,-0.01525925
4.43001397,-0.01525925
4.43065397,-0.01525925
4.43129397,-0.01525925
4.43193397,-0.01525925
4.43257397,-0.01525925
4.43321397,-0.01525925
4.43385397,-0.01525925
4.43449397,-0.01525925
4.43513397,-0.01525925
4.43577397,-0.01525925
4.43641397,-0.01525925
4.43705397,-0.01525925
4.43769397,-0.01525925
4.43833397,-0.01525925
4.43897397,-0.19104587
4.43961397,-0.01525925
4.44025397,-0.19104587
4.44089397,-0.01525925
4.44153397,-0.01525925
4.44217397,-0.19104587
4.44281397,-0.19104587
4.44345397,-0.19104587
4.44409397,-0.19104587
4.44473397,-0.19104587
4.44537397,-0.19104587
4.44601397,-0.19104587
4.44665397,-0.19104587
4.44729397,-0.19104587
4.44793397,-0.19104587
4.44857397,-0.19104587
4.44921397,-0.19104587
4.44985397,-0.19104587
4.45049397,-0.19104587
4.45113397,-0.36744285
4.45177397,-0.19104587
4.45241397,-0.36744285
4.45305397,-0.36744285
4.45369397,-0.36744285
4.45433397,-0.36744285
4.45497397,-0.36744285
4.45561397,-0.36744285
4.45625397,-0.36744285
4.45689397,-0.36744285
4.45753397,-0.36744285
4.45817397,-0.36744285
4.45881397,-0.36744285
4.45945397,-0.36744285
4.46009397,-0.36744285
4.46073397,-0.36744285
4.46137397,-0.36744285
4.46201397,-0.36744285
4.46265397,-0.36744285
4.46329397,-0.36744285
4.46393397,-0.36744285
4.46457397,-0.36744285
4.46521397,-0.36744285
4.46585397,-0.36744285
4.46649397,-0.36744285
4.46713397,-0.54383981
4.46777397,-0.36744285
4.46841397,-0.36744285
4.46905397,-0.36744285
4.46969397,-0.54383981
4.47033397,-0.54383981
4.47097397,-0.36744285
4.47161397,-0.36744285
4.47225397,-0.36744285
4.47289397,-0.54383981
4.47353397,-0.54383981
4.47417397,-0.54383981
4.47481397,-0.54383981
4.47545397,-0.54383981
4.47609397,-0.54383981
4.47673397,-0.54383981
4.47737397,-0.54383981
4.47801397,-0.54383981
4.47865397,-0.54383981
4.47929397,-0.54383981
4.47993397,-0.54383981
4.48057397,-0.54383981
4.48121397,-0.54383981
4.48185397,-0.54383981
4.48249397,-0.54383981
4.48313397,-0.54383981
4.48377397,-0.54383981
4.48441397,-0.54383981
4.48505397,-0.36744285
4.48569397,-0.54383981
4.48633397,-0.54383981
4.48697397,-0.36744285
4.48761397,-0.54383981
4.48825397,-0.54383981
4.48889397,-0.54383981
4.48953397,-0.36744285
4.49017397,-0.54383981
4.49081397,-0.54383981
4.49145397,-0.36744285
4.49209397,-0.54383981
4.49273397,-0.36744285
4.49337397,-0.54383981
4.49401397,-0.36744285
4.49465397,-0.36744285
4.49529397,-0.36744285
4.49593397,-0.36744285
4.49657397,-0.36744285
4.49721397,-0.36744285
4.49785397,-0.36744285
4.49849397,-0.36744285
4.49913397,-0.36744285
4.49977397,-0.36744285
4.50041397,-0.36744285
4.50105397,-0.36744285
4.50169397,-0.36744285
4.50233397,-0.36744285
4.50297397,-0.36744285
4.50361397,-0.36744285
4.50425397,-0.36744285
4.50489397,-0.36744285
4.50553397,-0.36744285
4.50617397,-0.19104587
4.50681397,-0.36744285
4.50745397,-0.36744285
4.50809397,-0.36744285
4.50873397,-0.36744285
4.50937397,-0.19104587
4.51001397,-0.36744285
4.51065397,-0.19104587
4.51129397,-0.19104587
4.51193397,-0.19104587
4.51257397,-0.19104587
4.51321397,-0.19104587
4.51385397,-0.19104587
4.51449397,-0.19104587
4.51513397,-0.19104587
4.51577397,-0.19104587
4.51641397,-0.01525925
4.51705397,-0.01525925
4.51769397,-0.19104587
4.51833397,-0.19104587
4.51897397,-0.01525925
4.51961397,-0.01525925
4.52025397,-0.01525925
4.52089397,-0.01525925
4.52153397,-0.01525925
4.52217397,-0.01525925
4.52281397,-0.01525925
4.52345397,-0.01525925
4.52409397,-0.01525925
4.52473397,-0.01525925
4.52537397,0.16052736
4.52601397,0.16052736
4.52665397,0.16052736
4.52729397,0.16052736
4.52793397,0.16052736
4.52857397,0.16052736
4.52921397,0.16052736
4.52985397,0.16052736
4.53049397,0.16052736
4.53113397,0.16052736
4.53177397,0.33692434
4.53241397,0.33692434
4.53305397,0.16052736
4.53369397,0.16052736
4.53433397,0.16052736
4.53497397,0.33692434
4.53561397,0.33692434
4.53625397,0.33692434
4.53689397,0.33692434
4.53753397,0.33692434
4.53817397,0.33692434
4.53881397,0.33692434
4.53945397,0.33692434
4.54009397,0.33692434
4.54073397,0.33692434
4.54137397,0.33692434
4.54201397,0.33692434
4.54265397,0.33692434
4.54329397,0.33692434
4.54393397,0.33692434
4.54457397,0.33692434
4.54521397,0.33692434
4.54585397,0.33692434
4.54649397,0.33692434
4.54713397,0.33692434
4.54777397,0.33692434
4.54841397,0.33692434
4.54905397,0.33692434
4.54969397,0.33692434
4.55033397,0.51332134
4.55097397,0.51332134
4.55161397,0.33692434
4.55225397,0.51332134
4.55289397,0.33692434
4.55353397,0.33692434
4.55417397,0.51332134
4.55481397,0.33692434
4.55545397,0.51332134
4.55609397,0.33692434
4.55673397,0.51332134
4.55737397,0.33692434
4.55801397,0.33692434
4.55865397,0.51332134
4.55929397,0.33692434
4.55993397,0.51332134
4.56057397,0.33692434
4.56121397,0.51332134
4.56185397,0.51332134
4.56249397,0.51332134
4.56313397,0.51332134
4.56377397,0.51332134
4.56441397,0.51332134
4.56505397,0.51332134
4.56569397,0.51332134
4.56633397,0.51332134
4.56697397,0.51332134
4.56761397,0.51332134
4.56825397,0.33692434
4.56889397,0.33692434
4.56953397,0.33692434
4.57017397,0.33692434
4.57081397,0.51332134
4.57145397,0.33692434
4.57209397,0.51332134
4.57273397,0.51332134
4.57337397,0.51332134
4.57401397,0.33692434
4.57465397,0.33692434
4.57529397,0.51332134
4.57593397,0.33692434
4.57657397,0.33692434
4.57721397,0.33692434
4.57785397,0.33692434
4.57849397,0.33692434
4.57913397,0.33692434
4.57977397,0.33692434
4.58041397,0.51332134
4.58105397,0.33692434
4.58169397,0.33692434
4.58233397,0.33692434
4.58297397,0.33692434
4.58361397,0.33692434
4.58425397,0.33692434
4.58489397,0.33692434
4.58553397,0.33692434
4.58617397,0.33692434
4.58681397,0.33692434
4.58745397,0.33692434
4.58809397,0.33692434
4.58873397,0.33692434
4.58937397,0.33692434
4.59001397,0.33692434
4.59065397,0.33692434
4.59129397,0.33692434
4.59193397,0.33692434
4.59257397,0.33692434
4.59321397,0.33692434
4.59385397,0.33692434
4.59449397,0.33692434
4.59513397,0.16052736
4.59577397,0.16052736
4.59641397,0.33692434
4.59705397,0.16052736
4.59769397,0.16052736
4.59833397,0.16052736
4.59897397,0.16052736
4.59961397,0.16052736
4.60025397,0.16052736
4.60089397,0.16052736
4.60153397,0.16052736
4.60217397,0.16052736
4.60281397,0.16052736
4.60345397,0.16052736
4.60409397,0.16052736
4.60473397,0.16052736
4.60537397,0.16052736
4.60601397,0.16052736
4.60665397,0.16052736
4.60729397,0.16052736
4.60793397,0.16052736
4.60857397,0.16052736
4.60921397,0.16052736
4.60985397,0.16052736
4.61049397,0.16052736
4.61113397,-0.01525925
4.61177397,-0.01525925
4.61241397,0.16052736
4.61305397,-0.01525925
4.61369397,0.16052736
4.61433397,-0.01525925
4.61497397,-0.01525925
4.61561397,-0.01525925
4.61625397,-0.01525925
4.61689397,-0.01525925
4.61753397,0.16052736
4.61817397,-0.01525925
4.61881397,-0.01525925
4.61945397,-0.01525925
4.62009397,-0.01525925
4.62073397,-0.01525925
4.62137397,-0.01525925
4.62201397,0.16052736
4.62265397,-0.01525925
4.62329397,-0.01525925
4.62393397,-0.01525925
4.62457397,-0.01525925
4.62521397,-0.01525925
4.62585397,-0.01525925
4.62649397,-0.01525925
4.62713397,-0.01525925
4.62777397,-0.01525925
4.62841397,-0.01525925
4.62905397,-0.01525925
4.62969397,-0.01525925
4.63033397,-0.01525925
4.63097397,-0.01525925
4.63161397,-0.01525925
4.63225397,-0.01525925
4.63289397,-0.19104587
4.63353397,-0.19104587
4.63417397,-0.19104587
4.63481397,-0.19104587
4.63545397,-0.01525925
4.63609397,-0.19104587
4.63673397,-0.19104587
4.63737397,-0.19104587
4.63801397,-0.01525925
4.63865397,-0.19104587
4.63929397,-0.19104587
4.63993397,-0.19104587
4.64057397,-0.19104587
4.64121397,-0.01525925
4.64185397,-0.19104587
4.64249397,-0.19104587
4.64313397,-0.19104587
4.64377397,-0.19104587
4.64441397,-0.19104587
4.64505397,-0.19104587
4.64569397,-0.19104587
4.64633397,-0.19104587
4.64697397,-0.19104587
4.64761397,-0.19104587
4.64825397,-0.19104587
4.64889397,-0.19104587
4.64953397,-0.19104587
4.65017397,-0.19104587
4.65081397,-0.19104587
4.65145397,-0.19104587
4.65209397,-0.19104587
4.65273397,-0.19104587
4.65337397,-0.19104587
4.65401397,-0.19104587
4.65465397,-0.19104587
4.65529397,-0.19104587
4.65593397,-0.19104587
4.65657397,-0.19104587
4.65721397,-0.19104587
4.65785397,-0.19104587
4.65849397,-0.19104587
4.65913397,-0.19104587
4.65977397,-0.19104587
4.66041397,-0.19104587
4.66105397,-0.19104587
4.66169397,-0.19104587
4.66233397,-0.19104587
4.66297397,-0.19104587
4.66361397,-0.19104587
4.66425397,-0.19104587
4.66489397,-0.19104587
4.66553397,-0.19104587
4.66617397,-0.19104587
4.66681397,-0.19104587
4.66745397,-0.19104587
4.66809397,-0.19104587
4.66873397,-0.19104587
4.66937397,-0.19104587
4.67001397,-0.19104587
4.67065397,-0.19104587
4.67129397,-0.19104587
4.67193397,-0.19104587
4.67257397,-0.19104587
4.67321397,-0.19104587
4.67385397,-0.19104587
4.67449397,-0.19104587
4.67513397,-0.19104587
4.67577397,-0.19104587
4.67641397,-0.19104587
4.67705397,-0.19104587
4.67769397,-0.19104587
4.67833397,-0.36744285
4.67897397,-0.19104587
4.67961397,-0.36744285
4.68025397,-0.19104587
4.68089397,-0.19104587
4.68153397,-0.19104587
4.68217397,-0.36744285
4.68281397,-0.19104587
4.68345397,-0.19104587
4.68409397,-0.36744285
4.68473397,-0.19104587
4.68537397,-0.19104587
4.68601397,-0.36744285
4.68665397,-0.36744285
4.68729397,-0.36744285
4.68793397,-0.36744285
4.68857397,-0.19104587
4.68921397,-0.36744285
4.68985397,-0.36744285
4.69049397,-0.36744285
4.69113397,-0.19104587
4.69177397,-0.36744285
4.69241397,-0.36744285
4.69305397,-0.36744285
4.69369397,-0.36744285
4.69433397,-0.36744285
4.69497397,-0.36744285
4.69561397,-0.36744285
4.69625397,-0.36744285
4.69689397,-0.36744285
4.69753397,-0.36744285
4.69817397,-0.19104587
4.69881397,-0.36744285
4.69945397,-0.19104587
4.70009397,-0.36744285
4.70073397,-0.36744285
4.70137397,-0.36744285
4.70201397,-0.36744285
4.70265397,-0.36744285
4.70329397,-0.36744285
4.70393397,-0.36744285
4.70457397,-0.36744285
4.70521397,-0.36744285
4.70585397,-0.36744285
4.70649397,-0.36744285
4.70713397,-0.36744285
4.70777397,-0.36744285
4.70841397,-0.36744285
4.70905397,-0.36744285
4.70969397,-0.36744285
4.71033397,-0.36744285
4.71097397,-0.36744285
4.71161397,-0.36744285
4.71225397,-0.36744285
4.71289397,-0.36744285
4.71353397,-0.36744285
4.71417397,-0.19104587
4.71481397,-0.19104587
4.71545397,-0.19104587
4.71609397,-0.36744285
4.71673397,-0.19104587
4.71737397,-0.36744285
4.71801397,-0.36744285
4.71865397,-0.19104587
4.71929397,-0.19104587
4.71993397,-0.36744285
4.72057397,-0.19104587
4.72121397,-0.36744285
4.72185397,-0.19104587
4.72249397,-0.36744285
4.72313397,-0.19104587
4.72377397,-0.36744285
4.72441397,-0.19104587
4.72505397,-0.19104587
4.72569397,-0.19104587
4.72633397,-0.19104587
4.72697397,-0.19104587
4.72761397,-0.19104587
4.72825397,-0.19104587
4.72889397,-0.19104587
4.72953397,-0.19104587
4.73017397,-0.19104587
4.73081397,-0.19104587
4.73145397,-0.19104587
4.73209397,-0.19104587
4.73273397,-0.19104587
4.73337397,-0.19104587
4.73401397,-0.19104587
4.73465397,-0.19104587
4.73529397,-0.01525925
4.73593397,-0.19104587
4.73657397,-0.19104587
4.73721397,-0.19104587
4.73785397,-0.01525925
4.73849397,-0.01525925
4.73913397,-0.01525925
4.73977397,-0.01525925
4.74041397,-0.01525925
4.74105397,-0.01525925
4.74169397,-0.01525925
4.74233397,-0.01525925
4.74297397,-0.01525925
4.74361397,-0.01525925
4.74425397,-0.01525925
4.74489397,-0.01525925
4.74553397,-0.01525925
4.74617397,-0.01525925
4.74681397,-0.01525925
4.74745397,0.16052736
4.74809397,0.16052736
4.74873397,-0.01525925
4.74937397,-0.01525925
4.75001397,0.16052736
4.75065397,0.16052736
4.75129397,0.16052736
4.75193397,0.16052736
4.75257397,0.16052736
4.75321397,0.16052736
4.75385397,0.16052736
4.75449397,0.16052736
4.75513397,0.16052736
4.75577397,0.16052736
4.75641397,0.16052736
4.75705397,0.16052736
4.75769397,0.16052736
4.75833397,0.16052736
4.75897397,0.33692434
4.75961397,0.33692434
4.76025397,0.33692434
4.76089397,0.16052736
4.76153397,0.33692434
4.76217397,0.16052736
4.76281397,0.33692434
4.76345397,0.33692434
4.76409397,0.33692434
4.76473397,0.33692434
4.76537397,0.33692434
4.76601397,0.33692434
4.76665397,0.33692434
4.76729397,0.33692434
4.76793397,0.33692434
4.76857397,0.33692434
4.76921397,0.33692434
4.76985397,0.33692434
4.77049397,0.33692434
4.77113397,0.33692434
4.77177397,0.33692434
4.77241397,0.33692434
4.77305397,0.33692434
4.77369397,0.33692434
4.77433397,0.33692434
4.77497397,0.33692434
4.77561397,0.33692434
4.77625397,0.33692434
4.77689397,0.33692434
4.77753397,0.33692434
4.77817397,0.33692434
4.77881397,0.51332134
4.77945397,0.51332134
4.78009397,0.33692434
4.78073397,0.51332134
4.78137397,0.51332134
4.78201397,0.51332134
4.78265397,0.51332134
4.78329397,0.51332134
4.78393397,0.51332134
4.78457397,0.51332134
4.78521397,0.51332134
4.78585397,0.51332134
4.78649397,0.33692434
4.78713397,0.51332134
4.78777397,0.51332134
4.78841397,0.51332134
4.78905397,0.51332134
4.78969397,0.51332134
4.79033397,0.51332134
4.79097397,0.51332134
4.79161397,0.51332134
4.79225397,0.51332134
4.79289397,0.51332134
4.79353397,0.51332134
4.79417397,0.51332134
4.79481397,0.51332134
4.79545397,0.33692434
4.79609397,0.51332134
4.79673397,0.51332134
4.79737397,0.51332134
4.79801397,0.33692434
4.79865397,0.33692434
4.79929397,0.51332134
4.79993397,0.33692434
4.80057397,0.33692434
4.80121397,0.51332134
4.80185397,0.51332134
4.80249397,0.51332134
4.80313397,0.33692434
4.80377397,0.33692434
4.80441397,0.33692434
4.80505397,0.33692434
4.80569397,0.33692434
4.80633397,0.33692434
4.80697397,0.33692434
4.80761397,0.33692434
4.80825397,0.33692434
4.80889397,0.33692434
4.80953397,0.33692434
4.81017397,0.33692434
4.81081397,0.33692434
4.81145397,0.33692434
4.81209397,0.33692434
4.81273397,0.33692434
4.81337397,0.33692434
4.81401397,0.33692434
4.81465397,0.33692434
4.81529397,0.33692434
4.81593397,0.33692434
4.81657397,0.33692434
4.81721397,0.33692434
4.81785397,0.33692434
4.81849397,0.16052736
4.81913397,0.33692434
4.81977397,0.16052736
4.82041397,0.16052736
4.82105397,0.16052736
4.82169397,0.16052736
4.82233397,0.16052736
4.82297397,0.16052736
4.82361397,0.16052736
4.82425397,0.16052736
4.82489397,0.16052736
4.82553397,0.16052736
4.82617397,0.16052736
4.82681397,0.16052736
4.82745397,0.16052736
4.82809397,0.16052736
4.82873397,0.16052736
4.82937397,0.16052736
4.83001397,-0.01525925
4.83065397,0.16052736
4.83129397,-0.01525925
4.83193397,0.16052736
4.83257397,-0.01525925
4.83321397,-0.01525925
4.83385397,-0.01525925
4.83449397,-0.01525925
4.83513397,-0.01525925
4.83577397,-0.19104587
4.83641397,-0.01525925
4.83705397,-0.01525925
4.83769397,-0.01525925
4.83833397,-0.01525925
4.83897397,-0.01525925
4.83961397,-0.01525925
4.84025397,-0.01525925
4.84089397,-0.01525925
4.84153397,-0.19104587
4.84217397,-0.19104587
4.84281397,-0.19104587
4.84345397,-0.19104587
4.84409397,-0.19104587
4.84473397,-0.19104587
4.84537397,-0.19104587
4.84601397,-0.19104587
4.84665397,-0.19104587
4.84729397,-0.19104587
4.84793397,-0.19104587
4.84857397,-0.19104587
4.84921397,-0.19104587
4.84985397,-0.19104587
4.85049397,-0.19104587
4.85113397,-0.19104587
4.85177397,-0.19104587
4.85241397,-0.19104587
4.85305397,-0.19104587
4.85369397,-0.19104587
4.85433397,-0.19104587
4.85497397,-0.36744285
4.85561397,-0.19104587
4.85625397,-0.19104587
4.85689397,-0.19104587
4.85753397,-0.19104587
4.85817397,-0.19104587
4.85881397,-0.36744285
4.85945397,-0.19104587
4.86009397,-0.19104587
4.86073397,-0.19104587
4.86137397,-0.36744285
4.86201397,-0.19104587
4.86265397,-0.19104587
4.86329397,-0.36744285
4.86393397,-0.19104587
4.86457397,-0.36744285
4.86521397,-0.36744285
4.86585397,-0.19104587
4.86649397,-0.36744285
4.86713397,-0.19104587
4.86777397,-0.36744285
4.86841397,-0.19104587
4.86905397,-0.19104587
4.86969397,-0.36744285
4.87033397,-0.36744285
4.87097397,-0.36744285
4.87161397,-0.36744285
4.87225397,-0.19104587
4.87289397,-0.36744285
4.87353397,-0.36744285
4.87417397,-0.36744285
4.87481397,-0.19104587
4.87545397,-0.19104587
4.87609397,-0.19104587
4.87673397,-0.19104587
4.87737397,-0.36744285
4.87801397,-0.19104587
4.87865397,-0.19104587
4.87929397,-0.36744285
4.87993397,-0.36744285
4.88057397,-0.19104587
4.88121397,-0.36744285
4.88185397,-0.19104587
4.88249397,-0.36744285
4.88313397,-0.36744285
4.88377397,-0.36744285
4.88441397,-0.36744285
4.88505397,-0.19104587
4.88569397,-0.36744285
4.88633397,-0.19104587
4.88697397,-0.19104587
4.88761397,-0.36744285
4.88825397,-0.19104587
4.88889397,-0.36744285
4.88953397,-0.19104587
4.89017397,-0.19104587
4.89081397,-0.36744285
4.89145397,-0.19104587
4.89209397,-0.19104587
4.89273397,-0.19104587
4.89337397,-0.19104587
4.89401397,-0.19104587
4.89465397,-0.19104587
4.89529397,-0.36744285
4.89593397,-0.19104587
4.89657397,-0.19104587
4.89721397,-0.19104587
4.89785397,-0.19104587
4.89849397,-0.19104587
4.89913397,-0.19104587
4.89977397,-0.19104587
4.90041397,-0.19104587
4.90105397,-0.19104587
4.90169397,-0.19104587
4.90233397,-0.19104587
4.90297397,-0.19104587
4.90361397,-0.19104587
4.90425397,-0.19104587
4.90489397,-0.19104587
4.90553397,-0.19104587
4.90617397,-0.19104587
4.90681397,-0.19104587
4.90745397,-0.19104587
4.90809397,-0.19104587
4.90873397,-0.19104587
4.90937397,-0.19104587
4.91001397,-0.19104587
4.91065397,-0.19104587
4.91129397,-0.19104587
4.91193397,-0.01525925
4.91257397,-0.19104587
4.91321397,-0.19104587
4.91385397,-0.19104587
4.91449397,-0.19104587
4.91513397,-0.19104587
4.91577397,-0.19104587
4.91641397,-0.19104587
4.91705397,-0.19104587
4.91769397,-0.19104587
4.91833397,-0.19104587
4.91897397,-0.19104587
4.91961397,-0.19104587
4.92025397,-0.19104587
4.92089397,-0.19104587
4.92153397,-0.19104587
4.92217397,-0.19104587
4.92281397,-0.19104587
4.92345397,-0.19104587
4.92409397,-0.19104587
4.92473397,-0.19104587
4.92537397,-0.19104587
4.92601397,-0.19104587
4.92665397,-0.01525925
4.92729397,-0.01525925
4.92793397,-0.19104587
4.92857397,-0.19104587
4.92921397,-0.19104587
4.92985397,-0.01525925
4.93049397,-0.19104587
4.93113397,-0.19104587
4.93177397,-0.01525925
4.93241397,-0.01525925
4.93305397,-0.01525925
4.93369397,-0.01525925
4.93433397,-0.19104587
4.93497397,-0.01525925
4.93561397,-0.01525925
4.93625397,-0.01525925
4.93689397,-0.01525925
4.93753397,-0.19104587
4.93817397,-0.01525925
4.93881397,-0.01525925
4.93945397,-0.19104587
4.94009397,-0.19104587
4.94073397,-0.19104587
4.94137397,-0.01525925
4.94201397,-0.01525925
4.94265397,-0.01525925
4.94329397,-0.01525925
4.94393397,-0.01525925
4.94457397,-0.01525925
4.94521397,-0.01525925
4.94585397,-0.01525925
4.94649397,-0.01525925
4.94713397,-0.01525925
4.94777397,-0.01525925
4.94841397,-0.01525925
4.94905397,-0.01525925
4.94969397,-0.01525925
4.95033397,-0.01525925
4.95097397,-0.01525925
4.95161397,-0.01525925
4.95225397,-0.01525925
4.95289397,-0.01525925
4.95353397,-0.01525925
4.95417397,-0.01525925
4.95481397,-0.01525925
4.95545397,-0.01525925
4.95609397,-0.01525925
4.95673397,-0.01525925
4.95737397,-0.01525925
4.95801397,0.16052736
4.95865397,-0.01525925
4.95929397,-0.01525925
4.95993397,0.16052736
4.96057397,0.16052736
4.96121397,-0.01525925
4.96185397,-0.01525925
4.96249397,-0.01525925
4.96313397,0.16052736
4.96377397,0.16052736
4.96441397,0.16052736
4.96505397,-0.01525925
4.96569397,-0.01525925
4.96633397,-0.01525925
4.96697397,0.16052736
4.96761397,-0.01525925
4.96825397,0.16052736
4.96889397,0.16052736
4.96953397,0.16052736
4.97017397,-0.01525925
4.97081397,0.16052736
4.97145397,0.16052736
4.97209397,0.16052736
4.97273397,0.16052736
4.97337397,0.16052736
4.97401397,0.16052736
4.97465397,0.16052736
4.97529397,0.16052736
4.97593397,0.16052736
4.97657397,0.16052736
4.97721397,0.16052736
4.97785397,0.16052736
4.97849397,0.16052736
4.97913397,0.16052736
4.97977397,0.16052736
4.98041397,0.16052736
4.98105397,0.16052736
4.98169397,0.16052736
4.98233397,0.16052736
4.98297397,0.16052736
4.98361397,0.16052736
4.98425397,0.16052736
4.98489397,0.33692434
4.98553397,0.33692434
4.98617397,0.16052736
4.98681397,0.33692434
4.98745397,0.33692434
4.98809397,0.33692434
4.98873397,0.33692434
4.98937397,0.33692434
4.99001397,0.16052736
4.99065397,0.33692434
4.99129397,0.33692434
4.99193397,0.33692434
4.99257397,0.16052736
4.99321397,0.33692434
4.99385397,0.33692434
4.99449397,0.33692434
4.99513397,0.33692434
4.99577397,0.33692434
4.99641397,0.33692434
4.99705397,0.33692434
4.99769397,0.33692434
4.99833397,0.33692434
4.99897397,0.33692434
4.99961397,0.33692434
5.00025397,0.33692434
5.00089397,0.33692434
