Time,Channel 
(ms),(V)

-0.00173900,2.09967351
-0.00109900,1.92327642
-0.00045900,1.57048249
0.00018100,1.21829891
0.00082100,1.04190195
0.00146100,0.68971831
0.00210100,0.33692434
0.00274100,-0.01525925
0.00338100,-0.36744285
0.00402100,-0.72023684
0.00466100,-1.07242048
0.00530100,-1.42521441
0.00594100,-1.77739799
0.00658100,-1.95379496
0.00722100,-2.30597854
0.00786100,-2.65877247
0.00850100,-3.01095605
0.00914100,-3.18735313
0.00978100,-3.54014707
0.01042100,-3.89233065
0.01106100,-4.06872749
0.01170100,-4.42091131
0.01234100,-4.77370548
0.01298100,-4.95010233
0.01362100,-5.30228567
0.01426100,-5.47868299
0.01490100,-5.65507984
0.01554100,-6.00726318
0.01618100,-6.00726318
0.01682100,-6.36005735
0.01746100,-6.53584385
0.01810100,-6.71224117
0.01874100,-6.88863802
0.01938100,-7.06503487
0.02002100,-7.06503487
0.02066100,-7.24082136
0.02130100,-7.41721869
0.02194100,-7.41721869
0.02258100,-7.41721869
0.02322100,-7.59361553
0.02386100,-7.59361553
0.02450100,-7.77001238
0.02514100,-7.77001238
0.02578100,-7.77001238
0.02642100,-7.77001238
0.02706100,-7.77001238
0.02770100,-7.77001238
0.02834100,-7.77001238
0.02898100,-7.59361553
0.02962100,-7.59361553
0.03026100,-7.59361553
0.03090100,-7.41721869
0.03154100,-7.24082136
0.03218100,-7.24082136
0.03282100,-7.06503487
0.03346100,-6.88863802
0.03410100,-6.88863802
0.03474100,-6.71224117
0.03538100,-6.53584385
0.03602100,-6.53584385
0.03666100,-6.18366051
0.03730100,-6.00726318
0.03794100,-6.00726318
0.03858100,-5.83086634
0.03922100,-5.65507984
0.03986100,-5.30228567
0.04050100,-5.12588882
0.04114100,-5.12588882
0.04178100,-4.77370548
0.04242100,-4.59730816
0.04306100,-4.24512482
0.04370100,-4.06872749
0.04434100,-3.89233065
0.04498100,-3.71593380
0.04562100,-3.54014707
0.04626100,-3.36375022
0.04690100,-3.18735313
0.04754100,-3.01095605
0.04818100,-2.65877247
0.04882100,-2.48237562
0.04946100,-2.48237562
0.05010100,-2.30597854
0.05074100,-2.13019204
0.05138100,-1.95379496
0.05202100,-1.77739799
0.05266100,-1.60100102
0.05330100,-1.42521441
0.05394100,-1.24881744
0.05458100,-1.07242048
0.05522100,-1.07242048
0.05586100,-0.89602345
0.05650100,-0.89602345
0.05714100,-0.72023684
0.05778100,-0.72023684
0.05842100,-0.54383981
0.05906100,-0.54383981
0.05970100,-0.36744285
0.06034100,-0.36744285
0.06098100,-0.36744285
0.06162100,-0.36744285
0.06226100,-0.36744285
0.06290100,-0.36744285
0.06354100,-0.36744285
0.06418100,-0.36744285
0.06482100,-0.36744285
0.06546100,-0.36744285
0.06610100,-0.36744285
0.06674100,-0.54383981
0.06738100,-0.54383981
0.06802100,-0.72023684
0.06866100,-0.72023684
0.06930100,-0.89602345
0.06994100,-0.89602345
0.07058100,-0.89602345
0.07122100,-1.07242048
0.07186100,-1.24881744
0.07250100,-1.42521441
0.07314100,-1.42521441
0.07378100,-1.60100102
0.07442100,-1.77739799
0.07506100,-1.77739799
0.07570100,-1.95379496
0.07634100,-2.13019204
0.07698100,-2.30597854
0.07762100,-2.48237562
0.07826100,-2.48237562
0.07890100,-2.65877247
0.07954100,-3.01095605
0.08018100,-3.01095605
0.08082100,-3.18735313
0.08146100,-3.18735313
0.08210100,-3.54014707
0.08274100,-3.71593380
0.08338100,-3.71593380
0.08402100,-3.89233065
0.08466100,-4.06872749
0.08530100,-4.24512482
0.08594100,-4.24512482
0.08658100,-4.42091131
0.08722100,-4.42091131
0.08786100,-4.59730816
0.08850100,-4.77370548
0.08914100,-4.77370548
0.08978100,-4.77370548
0.09042100,-4.95010233
0.09106100,-5.12588882
0.09170100,-5.12588882
0.09234100,-5.12588882
0.09298100,-5.30228567
0.09362100,-5.12588882
0.09426100,-5.30228567
0.09490100,-5.12588882
0.09554100,-5.12588882
0.09618100,-5.12588882
0.09682100,-5.12588882
0.09746100,-5.12588882
0.09810100,-5.12588882
0.09874100,-4.95010233
0.09938100,-4.95010233
0.10002100,-4.77370548
0.10066100,-4.59730816
0.10130100,-4.59730816
0.10194100,-4.42091131
0.10258100,-4.24512482
0.10322100,-4.06872749
0.10386100,-3.89233065
0.10450100,-3.71593380
0.10514100,-3.54014707
0.10578100,-3.36375022
0.10642100,-3.18735313
0.10706100,-3.01095605
0.10770100,-2.83516955
0.10834100,-2.65877247
0.10898100,-2.30597854
0.10962100,-2.13019204
0.11026100,-1.95379496
0.11090100,-1.60100102
0.11154100,-1.42521441
0.11218100,-1.07242048
0.11282100,-0.89602345
0.11346100,-0.54383981
0.11410100,-0.19104587
0.11474100,-0.01525925
0.11538100,0.33692434
0.11602100,0.51332134
0.11666100,0.86550492
0.11730100,1.04190195
0.11794100,1.39469588
0.11858100,1.74687946
0.11922100,1.92327642
0.11986100,2.27546000
0.12050100,2.45185709
0.12114100,2.80465102
0.12178100,3.15683460
0.12242100,3.33323169
0.12306100,3.68541527
0.12370100,3.86181211
0.12434100,4.21460629
0.12498100,4.56678963
0.12562100,4.74318695
0.12626100,4.91958380
0.12690100,5.27176714
0.12754100,5.44816446
0.12818100,5.62456131
0.12882100,5.80034781
0.12946100,6.15314198
0.13010100,6.15314198
0.13074100,6.50532532
0.13138100,6.50532532
0.13202100,6.85811949
0.13266100,6.85811949
0.13330100,7.03451633
0.13394100,7.21030283
0.13458100,7.21030283
0.13522100,7.38670015
0.13586100,7.56309700
0.13650100,7.56309700
0.13714100,7.56309700
0.13778100,7.56309700
0.13842100,7.73949385
0.13906100,7.56309700
0.13970100,7.73949385
0.14034100,7.73949385
0.14098100,7.73949385
0.14162100,7.73949385
0.14226100,7.73949385
0.14290100,7.73949385
0.14354100,7.56309700
0.14418100,7.56309700
0.14482100,7.56309700
0.14546100,7.38670015
0.14610100,7.38670015
0.14674100,7.21030283
0.14738100,7.21030283
0.14802100,6.85811949
0.14866100,6.85811949
0.14930100,6.68172264
0.14994100,6.68172264
0.15058100,6.50532532
0.15122100,6.32953882
0.15186100,6.15314198
0.15250100,5.97674465
0.15314100,5.80034781
0.15378100,5.62456131
0.15442100,5.44816446
0.15506100,5.27176714
0.15570100,4.91958380
0.15634100,4.74318695
0.15698100,4.56678963
0.15762100,4.39039278
0.15826100,4.21460629
0.15890100,4.03820896
0.15954100,3.86181211
0.16018100,3.50962853
0.16082100,3.50962853
0.16146100,3.15683460
0.16210100,3.15683460
0.16274100,2.80465102
0.16338100,2.62825394
0.16402100,2.45185709
0.16466100,2.27546000
0.16530100,2.09967351
0.16594100,1.92327642
0.16658100,1.92327642
0.16722100,1.57048249
0.16786100,1.39469588
0.16850100,1.39469588
0.16914100,1.21829891
0.16978100,1.04190195
0.17042100,0.86550492
0.17106100,0.86550492
0.17170100,0.68971831
0.17234100,0.51332134
0.17298100,0.51332134
0.17362100,0.51332134
0.17426100,0.33692434
0.17490100,0.33692434
0.17554100,0.33692434
0.17618100,0.16052736
0.17682100,0.16052736
0.17746100,0.16052736
0.17810100,-0.01525925
0.17874100,0.16052736
0.17938100,-0.01525925
0.18002100,0.16052736
0.18066100,0.16052736
0.18130100,0.16052736
0.18194100,0.16052736
0.18258100,0.33692434
0.18322100,0.33692434
0.18386100,0.33692434
0.18450100,0.33692434
0.18514100,0.33692434
0.18578100,0.33692434
0.18642100,0.51332134
0.18706100,0.51332134
0.18770100,0.68971831
0.18834100,0.86550492
0.18898100,0.86550492
0.18962100,1.04190195
0.19026100,1.04190195
0.19090100,1.21829891
0.19154100,1.21829891
0.19218100,1.39469588
0.19282100,1.57048249
0.19346100,1.74687946
0.19410100,1.74687946
0.19474100,1.92327642
0.19538100,1.92327642
0.19602100,2.09967351
0.19666100,2.27546000
0.19730100,2.27546000
0.19794100,2.45185709
0.19858100,2.62825394
0.19922100,2.62825394
0.19986100,2.62825394
0.20050100,2.80465102
0.20114100,2.98043752
0.20178100,2.98043752
0.20242100,2.98043752
0.20306100,3.15683460
0.20370100,3.15683460
0.20434100,3.33323169
0.20498100,3.33323169
0.20562100,3.33323169
0.20626100,3.33323169
0.20690100,3.33323169
0.20754100,3.33323169
0.20818100,3.50962853
0.20882100,3.33323169
0.20946100,3.50962853
0.21010100,3.50962853
0.21074100,3.50962853
0.21138100,3.33323169
0.21202100,3.33323169
0.21266100,3.33323169
0.21330100,3.15683460
0.21394100,3.15683460
0.21458100,3.15683460
0.21522100,2.98043752
0.21586100,2.98043752
0.21650100,2.80465102
0.21714100,2.62825394
0.21778100,2.45185709
0.21842100,2.45185709
0.21906100,2.27546000
0.21970100,1.92327642
0.22034100,1.92327642
0.22098100,1.74687946
0.22162100,1.57048249
0.22226100,1.39469588
0.22290100,1.21829891
0.22354100,0.86550492
0.22418100,0.86550492
0.22482100,0.51332134
0.22546100,0.33692434
0.22610100,0.16052736
0.22674100,-0.19104587
0.22738100,-0.36744285
0.22802100,-0.54383981
0.22866100,-0.72023684
0.22930100,-1.07242048
0.22994100,-1.24881744
0.23058100,-1.60100102
0.23122100,-1.77739799
0.23186100,-1.95379496
0.23250100,-2.30597854
0.23314100,-2.48237562
0.23378100,-2.65877247
0.23442100,-3.01095605
0.23506100,-3.18735313
0.23570100,-3.36375022
0.23634100,-3.71593380
0.23698100,-3.89233065
0.23762100,-4.06872749
0.23826100,-4.24512482
0.23890100,-4.59730816
0.23954100,-4.95010233
0.24018100,-5.12588882
0.24082100,-5.30228567
0.24146100,-5.47868299
0.24210100,-5.65507984
0.24274100,-5.83086634
0.24338100,-6.00726318
0.24402100,-6.18366051
0.24466100,-6.18366051
0.24530100,-6.53584385
0.24594100,-6.71224117
0.24658100,-6.71224117
0.24722100,-6.88863802
0.24786100,-6.88863802
0.24850100,-7.06503487
0.24914100,-7.24082136
0.24978100,-7.24082136
0.25042100,-7.41721869
0.25106100,-7.41721869
0.25170100,-7.41721869
0.25234100,-7.41721869
0.25298100,-7.41721869
0.25362100,-7.41721869
0.25426100,-7.41721869
0.25490100,-7.41721869
0.25554100,-7.41721869
0.25618100,-7.41721869
0.25682100,-7.41721869
0.25746100,-7.41721869
0.25810100,-7.24082136
0.25874100,-7.24082136
0.25938100,-7.24082136
0.26002100,-7.06503487
0.26066100,-6.88863802
0.26130100,-6.88863802
0.26194100,-6.71224117
0.26258100,-6.53584385
0.26322100,-6.53584385
0.26386100,-6.36005735
0.26450100,-6.18366051
0.26514100,-6.00726318
0.26578100,-6.00726318
0.26642100,-5.83086634
0.26706100,-5.47868299
0.26770100,-5.30228567
0.26834100,-5.12588882
0.26898100,-5.12588882
0.26962100,-4.77370548
0.27026100,-4.59730816
0.27090100,-4.42091131
0.27154100,-4.24512482
0.27218100,-3.89233065
0.27282100,-3.89233065
0.27346100,-3.71593380
0.27410100,-3.54014707
0.27474100,-3.18735313
0.27538100,-3.18735313
0.27602100,-3.01095605
0.27666100,-2.65877247
0.27730100,-2.48237562
0.27794100,-2.30597854
0.27858100,-2.13019204
0.27922100,-1.95379496
0.27986100,-1.77739799
0.28050100,-1.60100102
0.28114100,-1.60100102
0.28178100,-1.24881744
0.28242100,-1.07242048
0.28306100,-0.89602345
0.28370100,-0.89602345
0.28434100,-0.72023684
0.28498100,-0.54383981
0.28562100,-0.36744285
0.28626100,-0.36744285
0.28690100,-0.19104587
0.28754100,-0.19104587
0.28818100,-0.01525925
0.28882100,-0.01525925
0.28946100,0.16052736
0.29010100,0.33692434
0.29074100,0.33692434
0.29138100,0.33692434
0.29202100,0.33692434
0.29266100,0.51332134
0.29330100,0.51332134
0.29394100,0.51332134
0.29458100,0.51332134
0.29522100,0.51332134
0.29586100,0.51332134
0.29650100,0.51332134
0.29714100,0.51332134
0.29778100,0.51332134
0.29842100,0.51332134
0.29906100,0.51332134
0.29970100,0.51332134
0.30034100,0.33692434
0.30098100,0.33692434
0.30162100,0.33692434
0.30226100,0.33692434
0.30290100,0.16052736
0.30354100,0.16052736
0.30418100,0.16052736
0.30482100,-0.01525925
0.30546100,-0.19104587
0.30610100,-0.19104587
0.30674100,-0.19104587
0.30738100,-0.36744285
0.30802100,-0.36744285
0.30866100,-0.54383981
0.30930100,-0.54383981
0.30994100,-0.72023684
0.31058100,-0.72023684
0.31122100,-0.89602345
0.31186100,-0.89602345
0.31250100,-1.07242048
0.31314100,-1.07242048
0.31378100,-1.24881744
0.31442100,-1.24881744
0.31506100,-1.42521441
0.31570100,-1.60100102
0.31634100,-1.60100102
0.31698100,-1.60100102
0.31762100,-1.60100102
0.31826100,-1.60100102
0.31890100,-1.60100102
0.31954100,-1.77739799
0.32018100,-1.77739799
0.32082100,-1.77739799
0.32146100,-1.95379496
0.32210100,-1.77739799
0.32274100,-1.77739799
0.32338100,-1.95379496
0.32402100,-1.77739799
0.32466100,-1.77739799
0.32530100,-1.77739799
0.32594100,-1.77739799
0.32658100,-1.77739799
0.32722100,-1.60100102
0.32786100,-1.60100102
0.32850100,-1.60100102
0.32914100,-1.60100102
0.32978100,-1.60100102
0.33042100,-1.42521441
0.33106100,-1.24881744
0.33170100,-1.07242048
0.33234100,-1.07242048
0.33298100,-1.07242048
0.33362100,-0.89602345
0.33426100,-0.72023684
0.33490100,-0.72023684
0.33554100,-0.36744285
0.33618100,-0.36744285
0.33682100,-0.19104587
0.33746100,-0.01525925
0.33810100,0.16052736
0.33874100,0.33692434
0.33938100,0.51332134
0.34002100,0.68971831
0.34066100,0.86550492
0.34130100,1.21829891
0.34194100,1.21829891
0.34258100,1.39469588
0.34322100,1.74687946
0.34386100,1.74687946
0.34450100,1.92327642
0.34514100,2.27546000
0.34578100,2.45185709
0.34642100,2.62825394
0.34706100,2.80465102
0.34770100,3.15683460
0.34834100,3.33323169
0.34898100,3.33323169
0.34962100,3.68541527
0.35026100,3.86181211
0.35090100,4.03820896
0.35154100,4.21460629
0.35218100,4.39039278
0.35282100,4.56678963
0.35346100,4.74318695
0.35410100,4.91958380
0.35474100,5.09537029
0.35538100,5.27176714
0.35602100,5.44816446
0.35666100,5.62456131
0.35730100,5.80034781
0.35794100,5.97674465
0.35858100,5.97674465
0.35922100,6.15314198
0.35986100,6.32953882
0.36050100,6.50532532
0.36114100,6.50532532
0.36178100,6.68172264
0.36242100,6.68172264
0.36306100,6.68172264
0.36370100,6.85811949
0.36434100,6.85811949
0.36498100,6.85811949
0.36562100,7.03451633
0.36626100,6.85811949
0.36690100,7.03451633
0.36754100,7.03451633
0.36818100,7.03451633
0.36882100,6.85811949
0.36946100,6.85811949
0.37010100,7.03451633
0.37074100,6.85811949
0.37138100,6.85811949
0.37202100,6.85811949
0.37266100,6.68172264
0.37330100,6.68172264
0.37394100,6.50532532
0.37458100,6.50532532
0.37522100,6.32953882
0.37586100,6.32953882
0.37650100,6.15314198
0.37714100,5.97674465
0.37778100,5.97674465
0.37842100,5.80034781
0.37906100,5.62456131
0.37970100,5.44816446
0.38034100,5.27176714
0.38098100,5.27176714
0.38162100,4.91958380
0.38226100,4.74318695
0.38290100,4.56678963
0.38354100,4.56678963
0.38418100,4.21460629
0.38482100,4.03820896
0.38546100,3.86181211
0.38610100,3.86181211
0.38674100,3.68541527
0.38738100,3.33323169
0.38802100,3.15683460
0.38866100,2.98043752
0.38930100,2.80465102
0.38994100,2.62825394
0.39058100,2.45185709
0.39122100,2.27546000
0.39186100,2.09967351
0.39250100,1.92327642
0.39314100,1.57048249
0.39378100,1.39469588
0.39442100,1.21829891
0.39506100,1.04190195
0.39570100,1.04190195
0.39634100,0.86550492
0.39698100,0.68971831
0.39762100,0.33692434
0.39826100,0.33692434
0.39890100,0.16052736
0.39954100,0.16052736
0.40018100,-0.19104587
0.40082100,-0.19104587
0.40146100,-0.36744285
0.40210100,-0.36744285
0.40274100,-0.54383981
0.40338100,-0.54383981
0.40402100,-0.72023684
0.40466100,-0.72023684
0.40530100,-0.89602345
0.40594100,-0.89602345
0.40658100,-1.07242048
0.40722100,-1.07242048
0.40786100,-1.07242048
0.40850100,-1.07242048
0.40914100,-1.24881744
0.40978100,-1.24881744
0.41042100,-1.24881744
0.41106100,-1.24881744
0.41170100,-1.24881744
0.41234100,-1.24881744
0.41298100,-1.24881744
0.41362100,-1.24881744
0.41426100,-1.24881744
0.41490100,-1.24881744
0.41554100,-1.24881744
0.41618100,-1.24881744
0.41682100,-1.07242048
0.41746100,-1.07242048
0.41810100,-1.07242048
0.41874100,-1.07242048
0.41938100,-0.89602345
0.42002100,-0.89602345
0.42066100,-0.89602345
0.42130100,-0.72023684
0.42194100,-0.72023684
0.42258100,-0.72023684
0.42322100,-0.54383981
0.42386100,-0.54383981
0.42450100,-0.36744285
0.42514100,-0.36744285
0.42578100,-0.36744285
0.42642100,-0.19104587
0.42706100,-0.19104587
0.42770100,-0.01525925
0.42834100,-0.01525925
0.42898100,0.16052736
0.42962100,0.16052736
0.43026100,0.16052736
0.43090100,0.33692434
0.43154100,0.33692434
0.43218100,0.33692434
0.43282100,0.33692434
0.43346100,0.33692434
0.43410100,0.51332134
0.43474100,0.51332134
0.43538100,0.51332134
0.43602100,0.51332134
0.43666100,0.51332134
0.43730100,0.51332134
0.43794100,0.51332134
0.43858100,0.51332134
0.43922100,0.51332134
0.43986100,0.51332134
0.44050100,0.51332134
0.44114100,0.51332134
0.44178100,0.51332134
0.44242100,0.51332134
0.44306100,0.33692434
0.44370100,0.33692434
0.44434100,0.33692434
0.44498100,0.33692434
0.44562100,0.16052736
0.44626100,0.16052736
0.44690100,-0.01525925
0.44754100,-0.19104587
0.44818100,-0.19104587
0.44882100,-0.19104587
0.44946100,-0.36744285
0.45010100,-0.54383981
0.45074100,-0.54383981
0.45138100,-0.72023684
0.45202100,-0.89602345
0.45266100,-0.89602345
0.45330100,-1.07242048
0.45394100,-1.24881744
0.45458100,-1.42521441
0.45522100,-1.60100102
0.45586100,-1.77739799
0.45650100,-1.77739799
0.45714100,-1.95379496
0.45778100,-2.13019204
0.45842100,-2.30597854
0.45906100,-2.48237562
0.45970100,-2.65877247
0.46034100,-2.83516955
0.46098100,-3.01095605
0.46162100,-3.18735313
0.46226100,-3.18735313
0.46290100,-3.36375022
0.46354100,-3.54014707
0.46418100,-3.71593380
0.46482100,-3.89233065
0.46546100,-4.06872749
0.46610100,-4.06872749
0.46674100,-4.24512482
0.46738100,-4.59730816
0.46802100,-4.77370548
0.46866100,-4.77370548
0.46930100,-5.12588882
0.46994100,-5.12588882
0.47058100,-5.12588882
0.47122100,-5.30228567
0.47186100,-5.30228567
0.47250100,-5.47868299
0.47314100,-5.47868299
0.47378100,-5.65507984
0.47442100,-5.83086634
0.47506100,-5.83086634
0.47570100,-6.00726318
0.47634100,-6.00726318
0.47698100,-6.00726318
0.47762100,-6.00726318
0.47826100,-6.18366051
0.47890100,-6.18366051
0.47954100,-6.18366051
0.48018100,-6.18366051
0.48082100,-6.36005735
0.48146100,-6.18366051
0.48210100,-6.18366051
0.48274100,-6.18366051
0.48338100,-6.18366051
0.48402100,-6.18366051
0.48466100,-6.00726318
0.48530100,-6.18366051
0.48594100,-6.00726318
0.48658100,-6.00726318
0.48722100,-5.83086634
0.48786100,-5.83086634
0.48850100,-5.83086634
0.48914100,-5.65507984
0.48978100,-5.47868299
0.49042100,-5.30228567
0.49106100,-5.30228567
0.49170100,-5.12588882
0.49234100,-5.12588882
0.49298100,-4.95010233
0.49362100,-4.77370548
0.49426100,-4.59730816
0.49490100,-4.42091131
0.49554100,-4.24512482
0.49618100,-4.06872749
0.49682100,-3.89233065
0.49746100,-3.89233065
0.49810100,-3.71593380
0.49874100,-3.54014707
0.49938100,-3.18735313
0.50002100,-3.18735313
0.50066100,-3.01095605
0.50130100,-2.83516955
0.50194100,-2.48237562
0.50258100,-2.30597854
0.50322100,-2.30597854
0.50386100,-1.95379496
0.50450100,-1.95379496
0.50514100,-1.60100102
0.50578100,-1.60100102
0.50642100,-1.24881744
0.50706100,-1.07242048
0.50770100,-0.89602345
0.50834100,-0.72023684
0.50898100,-0.54383981
0.50962100,-0.36744285
0.51026100,-0.36744285
0.51090100,-0.19104587
0.51154100,-0.01525925
0.51218100,0.16052736
0.51282100,0.33692434
0.51346100,0.51332134
0.51410100,0.51332134
0.51474100,0.68971831
0.51538100,0.86550492
0.51602100,1.04190195
0.51666100,1.21829891
0.51730100,1.21829891
0.51794100,1.21829891
0.51858100,1.39469588
0.51922100,1.57048249
0.51986100,1.57048249
0.52050100,1.57048249
0.52114100,1.74687946
0.52178100,1.74687946
0.52242100,1.92327642
0.52306100,1.92327642
0.52370100,1.92327642
0.52434100,1.92327642
0.52498100,1.92327642
0.52562100,2.09967351
0.52626100,2.09967351
0.52690100,1.92327642
0.52754100,2.09967351
0.52818100,1.92327642
0.52882100,2.09967351
0.52946100,2.09967351
0.53010100,2.09967351
0.53074100,2.09967351
0.53138100,1.92327642
0.53202100,1.92327642
0.53266100,1.92327642
0.53330100,1.92327642
0.53394100,1.92327642
0.53458100,1.92327642
0.53522100,1.74687946
0.53586100,1.74687946
0.53650100,1.74687946
0.53714100,1.74687946
0.53778100,1.57048249
0.53842100,1.57048249
0.53906100,1.57048249
0.53970100,1.39469588
0.54034100,1.21829891
0.54098100,1.21829891
0.54162100,1.21829891
0.54226100,1.21829891
0.54290100,1.04190195
0.54354100,1.04190195
0.54418100,1.04190195
0.54482100,1.04190195
0.54546100,0.86550492
0.54610100,0.86550492
0.54674100,0.68971831
0.54738100,0.68971831
0.54802100,0.68971831
0.54866100,0.51332134
0.54930100,0.51332134
0.54994100,0.51332134
0.55058100,0.51332134
0.55122100,0.51332134
0.55186100,0.51332134
0.55250100,0.51332134
0.55314100,0.51332134
0.55378100,0.33692434
0.55442100,0.51332134
0.55506100,0.33692434
0.55570100,0.51332134
0.55634100,0.51332134
0.55698100,0.51332134
0.55762100,0.51332134
0.55826100,0.51332134
0.55890100,0.51332134
0.55954100,0.51332134
0.56018100,0.68971831
0.56082100,0.86550492
0.56146100,0.68971831
0.56210100,0.86550492
0.56274100,0.86550492
0.56338100,1.04190195
0.56402100,1.04190195
0.56466100,1.04190195
0.56530100,1.21829891
0.56594100,1.39469588
0.56658100,1.39469588
0.56722100,1.57048249
0.56786100,1.57048249
0.56850100,1.74687946
0.56914100,1.74687946
0.56978100,1.92327642
0.57042100,2.09967351
0.57106100,2.09967351
0.57170100,2.27546000
0.57234100,2.45185709
0.57298100,2.45185709
0.57362100,2.62825394
0.57426100,2.80465102
0.57490100,2.98043752
0.57554100,3.15683460
0.57618100,3.15683460
0.57682100,3.33323169
0.57746100,3.33323169
0.57810100,3.50962853
0.57874100,3.68541527
0.57938100,3.86181211
0.58002100,3.86181211
0.58066100,4.03820896
0.58130100,4.03820896
0.58194100,4.21460629
0.58258100,4.39039278
0.58322100,4.39039278
0.58386100,4.56678963
0.58450100,4.74318695
0.58514100,4.74318695
0.58578100,4.91958380
0.58642100,4.91958380
0.58706100,5.09537029
0.58770100,5.09537029
0.58834100,5.27176714
0.58898100,5.27176714
0.58962100,5.27176714
0.59026100,5.27176714
0.59090100,5.27176714
0.59154100,5.27176714
0.59218100,5.44816446
0.59282100,5.44816446
0.59346100,5.44816446
0.59410100,5.44816446
0.59474100,5.44816446
0.59538100,5.44816446
0.59602100,5.44816446
0.59666100,5.44816446
0.59730100,5.27176714
0.59794100,5.27176714
0.59858100,5.27176714
0.59922100,5.27176714
0.59986100,5.27176714
0.60050100,5.27176714
0.60114100,5.09537029
0.60178100,4.91958380
0.60242100,4.91958380
0.60306100,4.74318695
0.60370100,4.74318695
0.60434100,4.56678963
0.60498100,4.56678963
0.60562100,4.39039278
0.60626100,4.21460629
0.60690100,4.03820896
0.60754100,4.03820896
0.60818100,3.86181211
0.60882100,3.68541527
0.60946100,3.50962853
0.61010100,3.50962853
0.61074100,3.33323169
0.61138100,3.15683460
0.61202100,2.98043752
0.61266100,2.80465102
0.61330100,2.62825394
0.61394100,2.45185709
0.61458100,2.27546000
0.61522100,2.09967351
0.61586100,1.92327642
0.61650100,1.74687946
0.61714100,1.57048249
0.61778100,1.39469588
0.61842100,1.21829891
0.61906100,1.04190195
0.61970100,0.86550492
0.62034100,0.68971831
0.62098100,0.51332134
0.62162100,0.33692434
0.62226100,0.16052736
0.62290100,-0.01525925
0.62354100,-0.01525925
0.62418100,-0.36744285
0.62482100,-0.36744285
0.62546100,-0.54383981
0.62610100,-0.72023684
0.62674100,-0.89602345
0.62738100,-1.07242048
0.62802100,-1.07242048
0.62866100,-1.24881744
0.62930100,-1.42521441
0.62994100,-1.60100102
0.63058100,-1.77739799
0.63122100,-1.77739799
0.63186100,-1.95379496
0.63250100,-1.95379496
0.63314100,-1.95379496
0.63378100,-2.13019204
0.63442100,-2.13019204
0.63506100,-2.30597854
0.63570100,-2.30597854
0.63634100,-2.48237562
0.63698100,-2.48237562
0.63762100,-2.48237562
0.63826100,-2.48237562
0.63890100,-2.65877247
0.63954100,-2.65877247
0.64018100,-2.65877247
0.64082100,-2.65877247
0.64146100,-2.83516955
0.64210100,-2.65877247
0.64274100,-2.65877247
0.64338100,-2.65877247
0.64402100,-2.65877247
0.64466100,-2.65877247
0.64530100,-2.65877247
0.64594100,-2.65877247
0.64658100,-2.65877247
0.64722100,-2.65877247
0.64786100,-2.48237562
0.64850100,-2.65877247
0.64914100,-2.48237562
0.64978100,-2.48237562
0.65042100,-2.48237562
0.65106100,-2.30597854
0.65170100,-2.30597854
0.65234100,-2.30597854
0.65298100,-2.30597854
0.65362100,-2.13019204
0.65426100,-2.13019204
0.65490100,-1.95379496
0.65554100,-1.95379496
0.65618100,-1.95379496
0.65682100,-1.95379496
0.65746100,-1.77739799
0.65810100,-1.77739799
0.65874100,-1.77739799
0.65938100,-1.60100102
0.66002100,-1.60100102
0.66066100,-1.60100102
0.66130100,-1.60100102
0.66194100,-1.42521441
0.66258100,-1.42521441
0.66322100,-1.42521441
0.66386100,-1.24881744
0.66450100,-1.24881744
0.66514100,-1.24881744
0.66578100,-1.24881744
0.66642100,-1.24881744
0.66706100,-1.24881744
0.66770100,-1.24881744
0.66834100,-1.07242048
0.66898100,-1.07242048
0.66962100,-1.07242048
0.67026100,-1.07242048
0.67090100,-1.07242048
0.67154100,-1.07242048
0.67218100,-1.07242048
0.67282100,-1.07242048
0.67346100,-1.07242048
0.67410100,-1.07242048
0.67474100,-1.07242048
0.67538100,-1.24881744
0.67602100,-1.07242048
0.67666100,-1.24881744
0.67730100,-1.24881744
0.67794100,-1.24881744
0.67858100,-1.60100102
0.67922100,-1.42521441
0.67986100,-1.60100102
0.68050100,-1.60100102
0.68114100,-1.60100102
0.68178100,-1.77739799
0.68242100,-1.77739799
0.68306100,-1.77739799
0.68370100,-1.95379496
0.68434100,-1.95379496
0.68498100,-2.13019204
0.68562100,-2.30597854
0.68626100,-2.30597854
0.68690100,-2.30597854
0.68754100,-2.48237562
0.68818100,-2.48237562
0.68882100,-2.48237562
0.68946100,-2.65877247
0.69010100,-2.83516955
0.69074100,-2.83516955
0.69138100,-3.01095605
0.69202100,-3.01095605
0.69266100,-3.18735313
0.69330100,-3.18735313
0.69394100,-3.36375022
0.69458100,-3.54014707
0.69522100,-3.54014707
0.69586100,-3.54014707
0.69650100,-3.71593380
0.69714100,-3.71593380
0.69778100,-3.89233065
0.69842100,-3.89233065
0.69906100,-3.89233065
0.69970100,-4.06872749
0.70034100,-4.06872749
0.70098100,-4.06872749
0.70162100,-4.06872749
0.70226100,-4.24512482
0.70290100,-4.24512482
0.70354100,-4.24512482
0.70418100,-4.42091131
0.70482100,-4.42091131
0.70546100,-4.42091131
0.70610100,-4.42091131
0.70674100,-4.59730816
0.70738100,-4.42091131
0.70802100,-4.42091131
0.70866100,-4.42091131
0.70930100,-4.42091131
0.70994100,-4.42091131
0.71058100,-4.42091131
0.71122100,-4.42091131
0.71186100,-4.24512482
0.71250100,-4.24512482
0.71314100,-4.06872749
0.71378100,-4.06872749
0.71442100,-4.06872749
0.71506100,-3.89233065
0.71570100,-3.89233065
0.71634100,-3.89233065
0.71698100,-3.71593380
0.71762100,-3.71593380
0.71826100,-3.71593380
0.71890100,-3.54014707
0.71954100,-3.36375022
0.72018100,-3.36375022
0.72082100,-3.18735313
0.72146100,-3.01095605
0.72210100,-3.01095605
0.72274100,-2.83516955
0.72338100,-2.65877247
0.72402100,-2.48237562
0.72466100,-2.48237562
0.72530100,-2.30597854
0.72594100,-2.13019204
0.72658100,-1.95379496
0.72722100,-1.77739799
0.72786100,-1.60100102
0.72850100,-1.60100102
0.72914100,-1.42521441
0.72978100,-1.07242048
0.73042100,-1.07242048
0.73106100,-0.89602345
0.73170100,-0.72023684
0.73234100,-0.54383981
0.73298100,-0.36744285
0.73362100,-0.19104587
0.73426100,-0.01525925
0.73490100,0.16052736
0.73554100,0.33692434
0.73618100,0.51332134
0.73682100,0.51332134
0.73746100,0.68971831
0.73810100,0.86550492
0.73874100,1.04190195
0.73938100,1.04190195
0.74002100,1.39469588
0.74066100,1.39469588
0.74130100,1.57048249
0.74194100,1.74687946
0.74258100,1.74687946
0.74322100,1.92327642
0.74386100,1.92327642
0.74450100,2.09967351
0.74514100,2.27546000
0.74578100,2.45185709
0.74642100,2.45185709
0.74706100,2.62825394
0.74770100,2.80465102
0.74834100,2.62825394
0.74898100,2.80465102
0.74962100,2.98043752
0.75026100,2.98043752
0.75090100,3.15683460
0.75154100,3.15683460
0.75218100,3.15683460
0.75282100,3.15683460
0.75346100,3.15683460
0.75410100,3.33323169
0.75474100,3.33323169
0.75538100,3.33323169
0.75602100,3.15683460
0.75666100,3.33323169
0.75730100,3.33323169
0.75794100,3.15683460
0.75858100,3.33323169
0.75922100,3.33323169
0.75986100,3.33323169
0.76050100,3.33323169
0.76114100,3.15683460
0.76178100,3.15683460
0.76242100,3.33323169
0.76306100,3.15683460
0.76370100,3.15683460
0.76434100,3.15683460
0.76498100,3.15683460
0.76562100,2.98043752
0.76626100,2.98043752
0.76690100,2.98043752
0.76754100,2.80465102
0.76818100,2.62825394
0.76882100,2.62825394
0.76946100,2.62825394
0.77010100,2.45185709
0.77074100,2.45185709
0.77138100,2.45185709
0.77202100,2.45185709
0.77266100,2.27546000
0.77330100,2.27546000
0.77394100,2.27546000
0.77458100,2.09967351
0.77522100,2.09967351
0.77586100,1.92327642
0.77650100,1.92327642
0.77714100,1.92327642
0.77778100,1.92327642
0.77842100,1.92327642
0.77906100,1.74687946
0.77970100,1.74687946
0.78034100,1.74687946
0.78098100,1.74687946
0.78162100,1.57048249
0.78226100,1.57048249
0.78290100,1.57048249
0.78354100,1.57048249
0.78418100,1.57048249
0.78482100,1.57048249
0.78546100,1.57048249
0.78610100,1.39469588
0.78674100,1.57048249
0.78738100,1.39469588
0.78802100,1.39469588
0.78866100,1.39469588
0.78930100,1.39469588
0.78994100,1.39469588
0.79058100,1.57048249
0.79122100,1.39469588
0.79186100,1.57048249
0.79250100,1.57048249
0.79314100,1.57048249
0.79378100,1.57048249
0.79442100,1.74687946
0.79506100,1.74687946
0.79570100,1.74687946
0.79634100,1.74687946
0.79698100,1.74687946
0.79762100,1.74687946
0.79826100,1.92327642
0.79890100,1.92327642
0.79954100,1.92327642
0.80018100,1.92327642
0.80082100,2.09967351
0.80146100,2.09967351
0.80210100,2.09967351
0.80274100,2.27546000
0.80338100,2.27546000
0.80402100,2.45185709
0.80466100,2.45185709
0.80530100,2.45185709
0.80594100,2.62825394
0.80658100,2.62825394
0.80722100,2.62825394
0.80786100,2.80465102
0.80850100,2.80465102
0.80914100,2.98043752
0.80978100,2.98043752
0.81042100,3.15683460
0.81106100,3.15683460
0.81170100,3.15683460
0.81234100,3.15683460
0.81298100,3.33323169
0.81362100,3.33323169
0.81426100,3.33323169
0.81490100,3.33323169
0.81554100,3.33323169
0.81618100,3.33323169
0.81682099,3.33323169
0.81746099,3.50962853
0.81810099,3.68541527
0.81874099,3.50962853
0.81938099,3.50962853
0.82002099,3.50962853
0.82066099,3.50962853
0.82130099,3.50962853
0.82194099,3.50962853
0.82258099,3.50962853
0.82322099,3.50962853
0.82386099,3.50962853
0.82450099,3.33323169
0.82514099,3.33323169
0.82578099,3.33323169
0.82642099,3.33323169
0.82706099,3.33323169
0.82770099,3.33323169
0.82834099,3.15683460
0.82898099,3.15683460
0.82962099,3.15683460
0.83026099,2.98043752
0.83090099,2.80465102
0.83154099,2.98043752
0.83218099,2.62825394
0.83282099,2.62825394
0.83346099,2.45185709
0.83410099,2.45185709
0.83474099,2.27546000
0.83538099,2.27546000
0.83602099,1.92327642
0.83666099,1.92327642
0.83730099,1.92327642
0.83794099,1.74687946
0.83858099,1.74687946
0.83922099,1.39469588
0.83986099,1.21829891
0.84050099,1.21829891
0.84114099,1.04190195
0.84178099,0.86550492
0.84242099,0.86550492
0.84306099,0.51332134
0.84370099,0.51332134
0.84434099,0.33692434
0.84498099,0.16052736
0.84562099,-0.01525925
0.84626099,-0.01525925
0.84690099,-0.19104587
0.84754099,-0.36744285
0.84818099,-0.36744285
0.84882099,-0.72023684
0.84946099,-0.89602345
0.85010099,-0.89602345
0.85074099,-1.07242048
0.85138099,-1.24881744
0.85202099,-1.42521441
0.85266099,-1.60100102
0.85330099,-1.60100102
0.85394099,-1.77739799
0.85458099,-1.77739799
0.85522099,-1.95379496
0.85586099,-2.13019204
0.85650099,-2.30597854
0.85714099,-2.30597854
0.85778099,-2.48237562
0.85842099,-2.65877247
0.85906099,-2.65877247
0.85970099,-2.65877247
0.86034099,-2.83516955
0.86098099,-3.01095605
0.86162099,-3.01095605
0.86226099,-3.18735313
0.86290099,-3.18735313
0.86354099,-3.18735313
0.86418099,-3.18735313
0.86482099,-3.18735313
0.86546099,-3.36375022
0.86610099,-3.36375022
0.86674099,-3.36375022
0.86738099,-3.54014707
0.86802099,-3.54014707
0.86866099,-3.54014707
0.86930099,-3.54014707
0.86994099,-3.54014707
0.87058099,-3.54014707
0.87122099,-3.54014707
0.87186099,-3.54014707
0.87250099,-3.54014707
0.87314099,-3.54014707
0.87378099,-3.54014707
0.87442099,-3.54014707
0.87506099,-3.54014707
0.87570099,-3.54014707
0.87634099,-3.54014707
0.87698099,-3.36375022
0.87762099,-3.36375022
0.87826099,-3.36375022
0.87890099,-3.36375022
0.87954099,-3.18735313
0.88018099,-3.18735313
0.88082099,-3.18735313
0.88146099,-3.18735313
0.88210099,-3.01095605
0.88274099,-3.01095605
0.88338099,-3.01095605
0.88402099,-2.83516955
0.88466099,-2.83516955
0.88530099,-2.65877247
0.88594099,-2.65877247
0.88658099,-2.65877247
0.88722099,-2.48237562
0.88786099,-2.48237562
0.88850099,-2.48237562
0.88914099,-2.30597854
0.88978099,-2.30597854
0.89042099,-2.30597854
0.89106099,-2.30597854
0.89170099,-2.13019204
0.89234099,-2.13019204
0.89298099,-1.95379496
0.89362099,-1.95379496
0.89426099,-1.77739799
0.89490099,-1.77739799
0.89554099,-1.77739799
0.89618099,-1.77739799
0.89682099,-1.60100102
0.89746099,-1.77739799
0.89810099,-1.60100102
0.89874099,-1.60100102
0.89938099,-1.60100102
0.90002099,-1.60100102
0.90066099,-1.60100102
0.90130099,-1.60100102
0.90194099,-1.60100102
0.90258099,-1.42521441
0.90322099,-1.42521441
0.90386099,-1.42521441
0.90450099,-1.42521441
0.90514099,-1.42521441
0.90578099,-1.24881744
0.90642099,-1.42521441
0.90706099,-1.42521441
0.90770099,-1.42521441
0.90834099,-1.42521441
0.90898099,-1.24881744
0.90962099,-1.42521441
0.91026099,-1.42521441
0.91090099,-1.42521441
0.91154099,-1.42521441
0.91218099,-1.60100102
0.91282099,-1.60100102
0.91346099,-1.60100102
0.91410099,-1.60100102
0.91474099,-1.60100102
0.91538099,-1.60100102
0.91602099,-1.60100102
0.91666099,-1.77739799
0.91730099,-1.77739799
0.91794099,-1.77739799
0.91858099,-1.95379496
0.91922099,-1.95379496
0.91986099,-1.95379496
0.92050099,-1.95379496
0.92114099,-1.95379496
0.92178099,-1.95379496
0.92242099,-1.95379496
0.92306099,-2.13019204
0.92370099,-2.13019204
0.92434099,-2.13019204
0.92498099,-2.30597854
0.92562099,-2.30597854
0.92626099,-2.30597854
0.92690099,-2.48237562
0.92754099,-2.48237562
0.92818099,-2.48237562
0.92882099,-2.48237562
0.92946099,-2.48237562
0.93010099,-2.48237562
0.93074099,-2.48237562
0.93138099,-2.48237562
0.93202099,-2.48237562
0.93266099,-2.48237562
0.93330099,-2.48237562
0.93394099,-2.48237562
0.93458099,-2.48237562
0.93522099,-2.48237562
0.93586099,-2.48237562
0.93650099,-2.48237562
0.93714099,-2.48237562
0.93778099,-2.48237562
0.93842099,-2.30597854
0.93906099,-2.48237562
0.93970099,-2.30597854
0.94034099,-2.30597854
0.94098099,-2.30597854
0.94162099,-2.30597854
0.94226099,-2.13019204
0.94290099,-1.95379496
0.94354099,-2.13019204
0.94418099,-1.95379496
0.94482099,-1.95379496
0.94546099,-1.77739799
0.94610099,-1.77739799
0.94674099,-1.77739799
0.94738099,-1.60100102
0.94802099,-1.60100102
0.94866099,-1.42521441
0.94930099,-1.24881744
0.94994099,-1.24881744
0.95058099,-1.07242048
0.95122099,-0.89602345
0.95186099,-0.89602345
0.95250099,-0.72023684
0.95314099,-0.72023684
0.95378099,-0.54383981
0.95442099,-0.36744285
0.95506099,-0.36744285
0.95570099,-0.19104587
0.95634099,-0.01525925
0.95698099,0.16052736
0.95762099,0.16052736
0.95826099,0.33692434
0.95890099,0.33692434
0.95954099,0.51332134
0.96018099,0.68971831
0.96082099,0.86550492
0.96146099,1.04190195
0.96210099,1.04190195
0.96274099,1.21829891
0.96338099,1.21829891
0.96402099,1.57048249
0.96466099,1.57048249
0.96530099,1.74687946
0.96594099,1.74687946
0.96658099,1.92327642
0.96722099,1.92327642
0.96786099,2.09967351
0.96850099,2.27546000
0.96914099,2.45185709
0.96978099,2.45185709
0.97042099,2.62825394
0.97106099,2.62825394
0.97170099,2.62825394
0.97234099,2.98043752
0.97298099,2.98043752
0.97362099,3.15683460
0.97426099,3.15683460
0.97490099,3.15683460
0.97554099,3.33323169
0.97618099,3.33323169
0.97682099,3.33323169
0.97746099,3.50962853
0.97810099,3.50962853
0.97874099,3.50962853
0.97938099,3.68541527
0.98002099,3.68541527
0.98066099,3.68541527
0.98130099,3.68541527
0.98194099,3.68541527
0.98258099,3.68541527
0.98322099,3.86181211
0.98386099,3.86181211
0.98450099,3.86181211
0.98514099,3.86181211
0.98578099,3.68541527
0.98642099,3.86181211
0.98706099,3.86181211
0.98770099,3.68541527
0.98834099,3.86181211
0.98898099,3.68541527
0.98962099,3.68541527
0.99026099,3.68541527
0.99090099,3.50962853
0.99154099,3.68541527
0.99218099,3.50962853
0.99282099,3.50962853
0.99346099,3.50962853
0.99410099,3.33323169
0.99474099,3.33323169
0.99538099,3.33323169
0.99602099,3.33323169
0.99666099,3.15683460
0.99730099,3.15683460
0.99794099,2.98043752
0.99858099,2.98043752
0.99922099,2.80465102
0.99986099,2.98043752
1.00050099,2.80465102
1.00114099,2.62825394
1.00178099,2.62825394
1.00242099,2.62825394
1.00306099,2.45185709
1.00370099,2.45185709
1.00434099,2.27546000
1.00498099,2.27546000
1.00562099,2.27546000
1.00626099,2.09967351
1.00690099,2.09967351
1.00754099,1.92327642
1.00818099,1.92327642
1.00882099,1.92327642
1.00946099,1.74687946
1.01010099,1.74687946
1.01074099,1.74687946
1.01138099,1.74687946
1.01202099,1.57048249
1.01266099,1.57048249
1.01330099,1.57048249
1.01394099,1.39469588
1.01458099,1.39469588
1.01522099,1.39469588
1.01586099,1.21829891
1.01650099,1.21829891
1.01714099,1.21829891
1.01778099,1.21829891
1.01842099,1.21829891
1.01906099,1.21829891
1.01970099,1.21829891
1.02034099,1.21829891
1.02098099,1.21829891
1.02162099,1.04190195
1.02226099,1.21829891
1.02290099,1.04190195
1.02354099,1.04190195
1.02418099,1.21829891
1.02482099,1.04190195
1.02546099,1.04190195
1.02610099,1.04190195
1.02674099,1.04190195
1.02738099,1.04190195
1.02802099,1.04190195
1.02866099,1.04190195
1.02930099,1.21829891
1.02994099,1.21829891
1.03058099,1.21829891
1.03122099,1.21829891
1.03186099,1.21829891
1.03250099,1.21829891
1.03314099,1.21829891
1.03378099,1.21829891
1.03442099,1.39469588
1.03506099,1.39469588
1.03570099,1.39469588
1.03634099,1.39469588
1.03698099,1.39469588
1.03762099,1.57048249
1.03826099,1.39469588
1.03890099,1.57048249
1.03954099,1.57048249
1.04018099,1.57048249
1.04082099,1.57048249
1.04146099,1.57048249
1.04210099,1.57048249
1.04274099,1.57048249
1.04338099,1.57048249
1.04402099,1.57048249
1.04466099,1.57048249
1.04530099,1.74687946
1.04594099,1.57048249
1.04658099,1.57048249
1.04722099,1.57048249
1.04786099,1.57048249
1.04850099,1.57048249
1.04914099,1.57048249
1.04978099,1.57048249
1.05042099,1.57048249
1.05106099,1.57048249
1.05170099,1.57048249
1.05234099,1.57048249
1.05298099,1.57048249
1.05362099,1.57048249
1.05426099,1.39469588
1.05490099,1.39469588
1.05554099,1.39469588
1.05618099,1.39469588
1.05682099,1.21829891
1.05746099,1.21829891
1.05810099,1.04190195
1.05874099,1.04190195
1.05938099,1.04190195
1.06002099,0.86550492
1.06066099,0.86550492
1.06130099,0.68971831
1.06194099,0.68971831
1.06258099,0.68971831
1.06322099,0.51332134
1.06386099,0.51332134
1.06450099,0.33692434
1.06514099,0.33692434
1.06578099,0.16052736
1.06642099,0.16052736
1.06706099,-0.01525925
1.06770099,-0.19104587
1.06834099,-0.19104587
1.06898099,-0.19104587
1.06962099,-0.36744285
1.07026099,-0.54383981
1.07090099,-0.54383981
1.07154099,-0.72023684
1.07218099,-0.89602345
1.07282099,-0.89602345
1.07346099,-1.07242048
1.07410099,-1.07242048
1.07474099,-1.24881744
1.07538099,-1.42521441
1.07602099,-1.60100102
1.07666099,-1.60100102
1.07730099,-1.77739799
1.07794099,-1.77739799
1.07858099,-1.95379496
1.07922099,-1.95379496
1.07986099,-2.13019204
1.08050099,-2.30597854
1.08114099,-2.30597854
1.08178099,-2.30597854
1.08242099,-2.48237562
1.08306099,-2.48237562
1.08370099,-2.65877247
1.08434099,-2.65877247
1.08498099,-2.83516955
1.08562099,-3.01095605
1.08626099,-3.01095605
1.08690099,-3.01095605
1.08754099,-3.18735313
1.08818099,-3.18735313
1.08882099,-3.18735313
1.08946099,-3.36375022
1.09010099,-3.36375022
1.09074099,-3.36375022
1.09138099,-3.54014707
1.09202099,-3.54014707
1.09266099,-3.54014707
1.09330099,-3.54014707
1.09394099,-3.71593380
1.09458099,-3.71593380
1.09522099,-3.71593380
1.09586099,-3.71593380
1.09650099,-3.71593380
1.09714099,-3.71593380
1.09778099,-3.71593380
1.09842099,-3.71593380
1.09906099,-3.71593380
1.09970099,-3.71593380
1.10034099,-3.71593380
1.10098099,-3.71593380
1.10162099,-3.71593380
1.10226099,-3.71593380
1.10290099,-3.71593380
1.10354099,-3.54014707
1.10418099,-3.71593380
1.10482099,-3.54014707
1.10546099,-3.54014707
1.10610099,-3.36375022
1.10674099,-3.36375022
1.10738099,-3.36375022
1.10802099,-3.18735313
1.10866099,-3.18735313
1.10930099,-3.18735313
1.10994099,-3.18735313
1.11058099,-3.01095605
1.11122099,-3.01095605
1.11186099,-2.83516955
1.11250099,-2.83516955
1.11314099,-2.65877247
1.11378099,-2.83516955
1.11442099,-2.65877247
1.11506099,-2.65877247
1.11570099,-2.48237562
1.11634099,-2.48237562
1.11698099,-2.48237562
1.11762099,-2.30597854
1.11826099,-2.30597854
1.11890099,-2.13019204
1.11954099,-2.13019204
1.12018099,-1.95379496
1.12082099,-1.95379496
1.12146099,-1.77739799
1.12210099,-1.77739799
1.12274099,-1.77739799
1.12338099,-1.60100102
1.12402099,-1.60100102
1.12466099,-1.60100102
1.12530099,-1.42521441
1.12594099,-1.42521441
1.12658099,-1.24881744
1.12722099,-1.24881744
1.12786099,-1.24881744
1.12850099,-1.07242048
1.12914099,-1.07242048
1.12978099,-1.07242048
1.13042099,-0.89602345
1.13106099,-0.89602345
1.13170099,-0.89602345
1.13234099,-0.89602345
1.13298099,-0.89602345
1.13362099,-0.72023684
1.13426099,-0.72023684
1.13490099,-0.72023684
1.13554099,-0.72023684
1.13618099,-0.54383981
1.13682099,-0.72023684
1.13746099,-0.54383981
1.13810099,-0.54383981
1.13874099,-0.54383981
1.13938099,-0.54383981
1.14002099,-0.54383981
1.14066099,-0.54383981
1.14130099,-0.36744285
1.14194099,-0.54383981
1.14258099,-0.54383981
1.14322099,-0.36744285
1.14386099,-0.54383981
1.14450099,-0.54383981
1.14514099,-0.54383981
1.14578099,-0.54383981
1.14642099,-0.54383981
1.14706099,-0.54383981
1.14770099,-0.54383981
1.14834099,-0.54383981
1.14898099,-0.54383981
1.14962099,-0.54383981
1.15026099,-0.54383981
1.15090099,-0.54383981
1.15154099,-0.72023684
1.15218099,-0.54383981
1.15282099,-0.54383981
1.15346099,-0.54383981
1.15410099,-0.72023684
1.15474099,-0.72023684
1.15538099,-0.54383981
1.15602099,-0.72023684
1.15666099,-0.72023684
1.15730099,-0.72023684
1.15794099,-0.54383981
1.15858099,-0.72023684
1.15922099,-0.72023684
1.15986099,-0.72023684
1.16050099,-0.72023684
1.16114099,-0.72023684
1.16178099,-0.72023684
1.16242099,-0.72023684
1.16306099,-0.72023684
1.16370099,-0.72023684
1.16434099,-0.72023684
1.16498099,-0.72023684
1.16562099,-0.54383981
1.16626099,-0.54383981
1.16690099,-0.54383981
1.16754099,-0.54383981
1.16818099,-0.54383981
1.16882099,-0.54383981
1.16946099,-0.54383981
1.17010099,-0.36744285
1.17074099,-0.36744285
1.17138099,-0.36744285
1.17202099,-0.36744285
1.17266099,-0.19104587
1.17330099,-0.19104587
1.17394099,-0.19104587
1.17458099,-0.19104587
1.17522099,-0.01525925
1.17586099,-0.01525925
1.17650099,0.16052736
1.17714099,0.16052736
1.17778099,0.16052736
1.17842099,0.33692434
1.17906099,0.33692434
1.17970099,0.33692434
1.18034099,0.51332134
1.18098099,0.51332134
1.18162099,0.68971831
1.18226099,0.68971831
1.18290099,0.86550492
1.18354099,0.86550492
1.18418099,1.04190195
1.18482099,1.21829891
1.18546099,1.21829891
1.18610099,1.21829891
1.18674099,1.39469588
1.18738099,1.39469588
1.18802099,1.57048249
1.18866099,1.57048249
1.18930099,1.74687946
1.18994099,1.74687946
1.19058099,1.92327642
1.19122099,1.92327642
1.19186099,2.09967351
1.19250099,2.09967351
1.19314099,2.27546000
1.19378099,2.27546000
1.19442099,2.45185709
1.19506099,2.45185709
1.19570099,2.62825394
1.19634099,2.62825394
1.19698099,2.62825394
1.19762099,2.80465102
1.19826099,2.80465102
1.19890099,2.98043752
1.19954099,3.15683460
1.20018099,3.15683460
1.20082099,3.15683460
1.20146099,3.15683460
1.20210099,3.33323169
1.20274099,3.33323169
1.20338099,3.33323169
1.20402099,3.33323169
1.20466099,3.50962853
1.20530099,3.50962853
1.20594099,3.50962853
1.20658099,3.50962853
1.20722099,3.50962853
1.20786099,3.68541527
1.20850099,3.50962853
1.20914099,3.68541527
1.20978099,3.50962853
1.21042099,3.68541527
1.21106099,3.50962853
1.21170099,3.68541527
1.21234099,3.68541527
1.21298099,3.68541527
1.21362099,3.50962853
1.21426099,3.68541527
1.21490099,3.50962853
1.21554099,3.50962853
1.21618099,3.50962853
1.21682099,3.33323169
1.21746099,3.33323169
1.21810099,3.33323169
1.21874099,3.33323169
1.21938099,3.33323169
1.22002099,3.33323169
1.22066099,3.33323169
1.22130099,3.15683460
1.22194099,3.15683460
1.22258099,3.15683460
1.22322099,2.98043752
1.22386099,2.80465102
1.22450099,2.98043752
1.22514099,2.80465102
1.22578099,2.80465102
1.22642099,2.62825394
1.22706099,2.62825394
1.22770099,2.45185709
1.22834099,2.45185709
1.22898099,2.45185709
1.22962099,2.27546000
1.23026099,2.27546000
1.23090099,2.09967351
1.23154099,1.92327642
1.23218099,1.92327642
1.23282099,1.92327642
1.23346099,1.74687946
1.23410099,1.74687946
1.23474099,1.74687946
1.23538099,1.57048249
1.23602099,1.57048249
1.23666099,1.39469588
1.23730099,1.39469588
1.23794099,1.21829891
1.23858099,1.21829891
1.23922099,1.04190195
1.23986099,1.04190195
1.24050099,1.04190195
1.24114099,0.86550492
1.24178099,0.86550492
1.24242099,0.86550492
1.24306099,0.86550492
1.24370099,0.68971831
1.24434099,0.51332134
1.24498099,0.51332134
1.24562099,0.51332134
1.24626099,0.51332134
1.24690099,0.51332134
1.24754099,0.33692434
1.24818099,0.33692434
1.24882099,0.33692434
1.24946099,0.16052736
1.25010099,0.16052736
1.25074099,0.16052736
1.25138099,0.16052736
1.25202099,0.16052736
1.25266099,0.16052736
1.25330099,0.16052736
1.25394099,-0.01525925
1.25458099,-0.01525925
1.25522099,0.16052736
1.25586099,-0.01525925
1.25650099,-0.01525925
1.25714099,-0.01525925
1.25778099,-0.01525925
1.25842099,-0.01525925
1.25906099,-0.01525925
1.25970099,-0.01525925
1.26034099,-0.19104587
1.26098099,-0.19104587
1.26162099,-0.01525925
1.26226099,-0.19104587
1.26290099,-0.19104587
1.26354099,-0.01525925
1.26418099,-0.01525925
1.26482099,-0.01525925
1.26546099,-0.01525925
1.26610099,-0.01525925
1.26674099,-0.01525925
1.26738099,-0.01525925
1.26802099,-0.01525925
1.26866099,-0.01525925
1.26930099,0.16052736
1.26994099,-0.01525925
1.27058099,-0.01525925
1.27122099,-0.01525925
1.27186099,-0.01525925
1.27250099,-0.01525925
1.27314099,-0.01525925
1.27378099,-0.01525925
1.27442099,-0.01525925
1.27506099,-0.01525925
1.27570099,-0.01525925
1.27634099,-0.01525925
1.27698099,-0.01525925
1.27762099,-0.01525925
1.27826099,-0.01525925
1.27890099,-0.01525925
1.27954099,-0.01525925
1.28018099,-0.01525925
1.28082099,-0.01525925
1.28146099,-0.19104587
1.28210099,-0.19104587
1.28274099,-0.19104587
1.28338099,-0.19104587
1.28402099,-0.19104587
1.28466099,-0.19104587
1.28530099,-0.19104587
1.28594099,-0.19104587
1.28658099,-0.36744285
1.28722099,-0.36744285
1.28786099,-0.36744285
1.28850099,-0.36744285
1.28914099,-0.36744285
1.28978099,-0.54383981
1.29042099,-0.54383981
1.29106099,-0.72023684
1.29170099,-0.72023684
1.29234099,-0.72023684
1.29298099,-0.89602345
1.29362099,-0.89602345
1.29426099,-0.89602345
1.29490099,-1.07242048
1.29554099,-1.07242048
1.29618099,-1.07242048
1.29682099,-1.24881744
1.29746099,-1.24881744
1.29810099,-1.24881744
1.29874099,-1.42521441
1.29938099,-1.42521441
1.30002099,-1.60100102
1.30066099,-1.60100102
1.30130099,-1.77739799
1.30194099,-1.77739799
1.30258099,-1.77739799
1.30322099,-1.95379496
1.30386099,-1.95379496
1.30450099,-2.13019204
1.30514099,-2.13019204
1.30578099,-2.13019204
1.30642099,-2.30597854
1.30706099,-2.30597854
1.30770099,-2.30597854
1.30834099,-2.30597854
1.30898099,-2.48237562
1.30962099,-2.48237562
1.31026099,-2.48237562
1.31090099,-2.65877247
1.31154099,-2.65877247
1.31218099,-2.65877247
1.31282099,-2.83516955
1.31346099,-2.83516955
1.31410099,-3.01095605
1.31474099,-3.01095605
1.31538099,-3.01095605
1.31602099,-3.01095605
1.31666099,-3.01095605
1.31730099,-3.01095605
1.31794099,-3.01095605
1.31858099,-3.18735313
1.31922099,-3.18735313
1.31986099,-3.18735313
1.32050099,-3.18735313
1.32114099,-3.18735313
1.32178099,-3.18735313
1.32242099,-3.18735313
1.32306099,-3.18735313
1.32370099,-3.36375022
1.32434099,-3.18735313
1.32498099,-3.18735313
1.32562099,-3.18735313
1.32626099,-3.18735313
1.32690099,-3.18735313
1.32754099,-3.18735313
1.32818099,-3.18735313
1.32882099,-3.18735313
1.32946099,-3.18735313
1.33010099,-3.18735313
1.33074099,-3.01095605
1.33138099,-3.01095605
1.33202099,-3.01095605
1.33266099,-3.01095605
1.33330099,-2.83516955
1.33394099,-2.83516955
1.33458099,-2.83516955
1.33522099,-2.65877247
1.33586099,-2.65877247
1.33650099,-2.48237562
1.33714099,-2.48237562
1.33778099,-2.48237562
1.33842099,-2.48237562
1.33906099,-2.30597854
1.33970099,-2.30597854
1.34034099,-2.30597854
1.34098099,-2.13019204
1.34162099,-2.13019204
1.34226099,-1.95379496
1.34290099,-1.95379496
1.34354099,-1.95379496
1.34418099,-1.77739799
1.34482099,-1.77739799
1.34546099,-1.60100102
1.34610099,-1.60100102
1.34674099,-1.60100102
1.34738099,-1.42521441
1.34802099,-1.24881744
1.34866099,-1.24881744
1.34930099,-1.07242048
1.34994099,-1.07242048
1.35058099,-1.07242048
1.35122099,-0.89602345
1.35186099,-0.89602345
1.35250099,-0.72023684
1.35314099,-0.72023684
1.35378099,-0.54383981
1.35442099,-0.54383981
1.35506099,-0.54383981
1.35570099,-0.36744285
1.35634099,-0.36744285
1.35698099,-0.36744285
1.35762099,-0.19104587
1.35826099,-0.19104587
1.35890099,-0.19104587
1.35954099,-0.01525925
1.36018099,-0.01525925
1.36082099,0.16052736
1.36146099,0.16052736
1.36210099,0.16052736
1.36274099,0.16052736
1.36338099,0.33692434
1.36402099,0.33692434
1.36466099,0.33692434
1.36530099,0.33692434
1.36594099,0.33692434
1.36658099,0.51332134
1.36722099,0.51332134
1.36786099,0.33692434
1.36850099,0.51332134
1.36914099,0.51332134
1.36978099,0.51332134
1.37042099,0.51332134
1.37106099,0.51332134
1.37170099,0.51332134
1.37234099,0.68971831
1.37298099,0.51332134
1.37362099,0.68971831
1.37426099,0.68971831
1.37490099,0.68971831
1.37554099,0.68971831
1.37618099,0.68971831
1.37682099,0.68971831
1.37746099,0.68971831
1.37810099,0.68971831
1.37874099,0.68971831
1.37938099,0.68971831
1.38002099,0.68971831
1.38066099,0.68971831
1.38130099,0.68971831
1.38194099,0.68971831
1.38258099,0.68971831
1.38322099,0.68971831
1.38386099,0.68971831
1.38450099,0.68971831
1.38514099,0.68971831
1.38578099,0.51332134
1.38642099,0.51332134
1.38706099,0.68971831
1.38770099,0.68971831
1.38834099,0.68971831
1.38898099,0.68971831
1.38962099,0.68971831
1.39026099,0.68971831
1.39090099,0.68971831
1.39154099,0.68971831
1.39218099,0.68971831
1.39282099,0.68971831
1.39346099,0.68971831
1.39410099,0.68971831
1.39474099,0.68971831
1.39538099,0.68971831
1.39602099,0.68971831
1.39666099,0.68971831
1.39730099,0.68971831
1.39794099,0.68971831
1.39858099,0.68971831
1.39922099,0.86550492
1.39986099,0.86550492
1.40050099,0.86550492
1.40114099,0.86550492
1.40178099,0.86550492
1.40242099,0.86550492
1.40306099,1.04190195
1.40370099,1.04190195
1.40434099,0.86550492
1.40498099,1.04190195
1.40562099,1.04190195
1.40626099,1.21829891
1.40690099,1.21829891
1.40754099,1.21829891
1.40818099,1.21829891
1.40882099,1.21829891
1.40946099,1.39469588
1.41010099,1.39469588
1.41074099,1.57048249
1.41138099,1.57048249
1.41202099,1.39469588
1.41266099,1.57048249
1.41330099,1.57048249
1.41394099,1.74687946
1.41458099,1.74687946
1.41522099,1.74687946
1.41586099,1.74687946
1.41650099,1.92327642
1.41714099,1.92327642
1.41778099,1.92327642
1.41842099,1.92327642
1.41906099,2.09967351
1.41970099,2.09967351
1.42034099,2.27546000
1.42098099,2.27546000
1.42162099,2.27546000
1.42226099,2.45185709
1.42290099,2.27546000
1.42354099,2.45185709
1.42418099,2.45185709
1.42482099,2.45185709
1.42546099,2.45185709
1.42610099,2.62825394
1.42674099,2.62825394
1.42738099,2.62825394
1.42802099,2.62825394
1.42866099,2.62825394
1.42930099,2.80465102
1.42994099,2.98043752
1.43058099,2.80465102
1.43122099,2.80465102
1.43186099,2.80465102
1.43250099,2.98043752
1.43314099,2.98043752
1.43378099,2.80465102
1.43442099,2.98043752
1.43506099,2.98043752
1.43570099,2.98043752
1.43634099,2.98043752
1.43698099,2.80465102
1.43762099,2.98043752
1.43826099,2.98043752
1.43890099,2.80465102
1.43954099,2.98043752
1.44018099,2.80465102
1.44082099,2.80465102
1.44146099,2.80465102
1.44210099,2.80465102
1.44274099,2.62825394
1.44338099,2.80465102
1.44402099,2.62825394
1.44466099,2.62825394
1.44530099,2.62825394
1.44594099,2.45185709
1.44658099,2.62825394
1.44722099,2.45185709
1.44786099,2.45185709
1.44850099,2.45185709
1.44914099,2.27546000
1.44978099,2.27546000
1.45042099,2.09967351
1.45106099,2.09967351
1.45170099,2.09967351
1.45234099,1.92327642
1.45298099,1.92327642
1.45362099,1.92327642
1.45426099,1.74687946
1.45490099,1.74687946
1.45554099,1.74687946
1.45618099,1.57048249
1.45682099,1.57048249
1.45746099,1.57048249
1.45810099,1.39469588
1.45874099,1.21829891
1.45938099,1.21829891
1.46002099,1.04190195
1.46066099,1.04190195
1.46130099,0.86550492
1.46194099,0.86550492
1.46258099,0.68971831
1.46322099,0.68971831
1.46386099,0.68971831
1.46450099,0.51332134
1.46514099,0.51332134
1.46578099,0.33692434
1.46642099,0.33692434
1.46706099,0.33692434
1.46770099,0.16052736
1.46834099,0.16052736
1.46898099,0.16052736
1.46962099,-0.01525925
1.47026099,-0.01525925
1.47090099,-0.01525925
1.47154099,-0.19104587
1.47218099,-0.36744285
1.47282099,-0.36744285
1.47346099,-0.36744285
1.47410099,-0.36744285
1.47474099,-0.54383981
1.47538099,-0.54383981
1.47602099,-0.54383981
1.47666099,-0.54383981
1.47730099,-0.72023684
1.47794099,-0.72023684
1.47858099,-0.72023684
1.47922099,-0.72023684
1.47986099,-0.89602345
1.48050099,-0.89602345
1.48114099,-0.89602345
1.48178099,-0.89602345
1.48242099,-1.07242048
1.48306099,-1.07242048
1.48370099,-1.07242048
1.48434099,-1.07242048
1.48498099,-1.07242048
1.48562099,-1.07242048
1.48626099,-1.07242048
1.48690099,-1.07242048
1.48754099,-1.07242048
1.48818099,-1.07242048
1.48882099,-1.24881744
1.48946099,-1.07242048
1.49010099,-1.24881744
1.49074099,-1.07242048
1.49138099,-1.24881744
1.49202099,-1.24881744
1.49266099,-1.07242048
1.49330099,-1.24881744
1.49394099,-1.24881744
1.49458099,-1.24881744
1.49522099,-1.24881744
1.49586099,-1.24881744
1.49650099,-1.07242048
1.49714099,-1.07242048
1.49778099,-1.07242048
1.49842099,-1.07242048
1.49906099,-1.07242048
1.49970099,-1.07242048
1.50034099,-1.07242048
1.50098099,-1.07242048
1.50162099,-1.07242048
1.50226099,-1.07242048
1.50290099,-1.07242048
1.50354099,-1.07242048
1.50418099,-1.07242048
1.50482099,-1.07242048
1.50546099,-1.07242048
1.50610099,-1.07242048
1.50674099,-1.07242048
1.50738099,-1.07242048
1.50802099,-1.07242048
1.50866099,-1.07242048
1.50930099,-1.07242048
1.50994099,-1.07242048
1.51058099,-1.07242048
1.51122099,-1.07242048
1.51186099,-1.07242048
1.51250099,-1.07242048
1.51314099,-1.07242048
1.51378099,-1.07242048
1.51442099,-1.24881744
1.51506099,-1.24881744
1.51570099,-1.24881744
1.51634099,-1.24881744
1.51698099,-1.24881744
1.51762099,-1.24881744
1.51826099,-1.24881744
1.51890099,-1.24881744
1.51954099,-1.24881744
1.52018099,-1.24881744
1.52082099,-1.24881744
1.52146099,-1.24881744
1.52210099,-1.42521441
1.52274099,-1.42521441
1.52338099,-1.42521441
1.52402099,-1.60100102
1.52466099,-1.60100102
1.52530099,-1.60100102
1.52594099,-1.60100102
1.52658099,-1.60100102
1.52722099,-1.60100102
1.52786099,-1.60100102
1.52850099,-1.77739799
1.52914099,-1.77739799
1.52978099,-1.77739799
1.53042099,-1.95379496
1.53106099,-1.77739799
1.53170099,-1.95379496
1.53234099,-1.95379496
1.53298099,-1.95379496
1.53362099,-1.95379496
1.53426099,-1.95379496
1.53490099,-1.95379496
1.53554099,-2.13019204
1.53618099,-2.13019204
1.53682099,-2.13019204
1.53746099,-2.13019204
1.53810099,-2.30597854
1.53874099,-2.13019204
1.53938099,-2.30597854
1.54002099,-2.30597854
1.54066099,-2.30597854
1.54130099,-2.30597854
1.54194099,-2.30597854
1.54258099,-2.30597854
1.54322099,-2.30597854
1.54386099,-2.30597854
1.54450099,-2.30597854
1.54514099,-2.48237562
1.54578099,-2.48237562
1.54642099,-2.30597854
1.54706099,-2.48237562
1.54770099,-2.48237562
1.54834099,-2.48237562
1.54898099,-2.48237562
1.54962099,-2.30597854
1.55026099,-2.30597854
1.55090099,-2.48237562
1.55154099,-2.48237562
1.55218099,-2.48237562
1.55282099,-2.30597854
1.55346099,-2.30597854
1.55410099,-2.30597854
1.55474099,-2.30597854
1.55538099,-2.30597854
1.55602099,-2.30597854
1.55666099,-2.30597854
1.55730099,-2.30597854
1.55794099,-2.13019204
1.55858099,-2.13019204
1.55922099,-2.13019204
1.55986099,-1.95379496
1.56050099,-1.95379496
1.56114099,-1.95379496
1.56178099,-1.95379496
1.56242099,-1.95379496
1.56306099,-1.77739799
1.56370099,-1.77739799
1.56434099,-1.60100102
1.56498099,-1.60100102
1.56562099,-1.60100102
1.56626099,-1.60100102
1.56690099,-1.42521441
1.56754099,-1.42521441
1.56818099,-1.24881744
1.56882099,-1.07242048
1.56946099,-1.07242048
1.57010099,-1.07242048
1.57074099,-0.89602345
1.57138099,-0.89602345
1.57202099,-0.89602345
1.57266099,-0.72023684
1.57330099,-0.72023684
1.57394099,-0.54383981
1.57458099,-0.54383981
1.57522099,-0.36744285
1.57586099,-0.36744285
1.57650099,-0.36744285
1.57714099,-0.19104587
1.57778099,-0.19104587
1.57842099,-0.19104587
1.57906099,-0.19104587
1.57970099,-0.01525925
1.58034099,0.16052736
1.58098099,0.16052736
1.58162099,0.33692434
1.58226099,0.33692434
1.58290099,0.33692434
1.58354099,0.33692434
1.58418099,0.51332134
1.58482099,0.51332134
1.58546099,0.51332134
1.58610099,0.68971831
1.58674099,0.68971831
1.58738099,0.86550492
1.58802099,0.86550492
1.58866099,0.86550492
1.58930099,1.04190195
1.58994099,0.86550492
1.59058099,1.04190195
1.59122099,1.04190195
1.59186099,1.21829891
1.59250099,1.21829891
1.59314099,1.21829891
1.59378099,1.21829891
1.59442099,1.21829891
1.59506099,1.21829891
1.59570099,1.39469588
1.59634099,1.39469588
1.59698099,1.39469588
1.59762099,1.39469588
1.59826099,1.57048249
1.59890099,1.57048249
1.59954099,1.57048249
1.60018099,1.57048249
1.60082099,1.57048249
1.60146099,1.57048249
1.60210099,1.57048249
1.60274099,1.57048249
1.60338099,1.57048249
1.60402099,1.57048249
1.60466099,1.57048249
1.60530099,1.57048249
1.60594099,1.57048249
1.60658099,1.57048249
1.60722099,1.57048249
1.60786099,1.57048249
1.60850099,1.57048249
1.60914099,1.57048249
1.60978099,1.57048249
1.61042099,1.57048249
1.61106099,1.57048249
1.61170099,1.57048249
1.61234099,1.57048249
1.61298099,1.57048249
1.61362099,1.57048249
1.61426099,1.39469588
1.61490099,1.57048249
1.61554099,1.57048249
1.61618099,1.57048249
1.61682099,1.39469588
1.61746099,1.39469588
1.61810099,1.39469588
1.61874099,1.39469588
1.61938099,1.39469588
1.62002099,1.39469588
1.62066099,1.39469588
1.62130099,1.39469588
1.62194099,1.39469588
1.62258099,1.39469588
1.62322099,1.39469588
1.62386099,1.39469588
1.62450099,1.21829891
1.62514099,1.39469588
1.62578099,1.39469588
1.62642099,1.39469588
1.62706099,1.39469588
1.62770099,1.39469588
1.62834099,1.39469588
1.62898099,1.39469588
1.62962099,1.39469588
1.63026099,1.21829891
1.63090099,1.21829891
1.63154099,1.39469588
1.63218099,1.39469588
1.63282099,1.39469588
1.63346099,1.39469588
1.63410099,1.39469588
1.63474099,1.39469588
1.63538099,1.39469588
1.63602099,1.39469588
1.63666099,1.39469588
1.63730099,1.39469588
1.63794099,1.57048249
1.63858099,1.39469588
1.63922099,1.57048249
1.63986099,1.57048249
1.64050099,1.57048249
1.64114099,1.57048249
1.64178099,1.57048249
1.64242099,1.57048249
1.64306099,1.57048249
1.64370099,1.57048249
1.64434099,1.57048249
1.64498099,1.74687946
1.64562099,1.74687946
1.64626099,1.74687946
1.64690099,1.74687946
1.64754099,1.74687946
1.64818099,1.74687946
1.64882099,1.74687946
1.64946099,1.74687946
1.65010099,1.74687946
1.65074099,1.74687946
1.65138099,1.74687946
1.65202099,1.92327642
1.65266099,1.92327642
1.65330099,1.92327642
1.65394099,1.92327642
1.65458099,1.92327642
1.65522099,1.92327642
1.65586099,1.92327642
1.65650099,1.92327642
1.65714099,1.92327642
1.65778099,1.92327642
1.65842099,1.92327642
1.65906099,1.92327642
1.65970099,1.92327642
1.66034099,1.92327642
1.66098099,1.92327642
1.66162099,1.92327642
1.66226099,1.92327642
1.66290099,1.92327642
1.66354099,1.92327642
1.66418099,1.92327642
1.66482099,1.92327642
1.66546099,1.92327642
1.66610099,1.92327642
1.66674099,1.92327642
1.66738099,1.92327642
1.66802099,1.74687946
1.66866099,1.74687946
1.66930099,1.74687946
1.66994099,1.74687946
1.67058099,1.74687946
1.67122099,1.74687946
1.67186099,1.57048249
1.67250099,1.57048249
1.67314099,1.57048249
1.67378099,1.39469588
1.67442099,1.57048249
1.67506099,1.39469588
1.67570099,1.39469588
1.67634099,1.39469588
1.67698099,1.21829891
1.67762099,1.21829891
1.67826099,1.21829891
1.67890099,1.21829891
1.67954099,1.04190195
1.68018099,0.86550492
1.68082099,0.86550492
1.68146099,0.86550492
1.68210099,0.86550492
1.68274099,0.68971831
1.68338099,0.68971831
1.68402099,0.51332134
1.68466099,0.51332134
1.68530099,0.51332134
1.68594099,0.33692434
1.68658099,0.33692434
1.68722099,0.33692434
1.68786099,0.16052736
1.68850099,0.16052736
1.68914099,-0.01525925
1.68978099,-0.01525925
1.69042099,-0.01525925
1.69106099,-0.19104587
1.69170099,-0.19104587
1.69234099,-0.36744285
1.69298099,-0.36744285
1.69362099,-0.36744285
1.69426099,-0.54383981
1.69490099,-0.36744285
1.69554099,-0.54383981
1.69618099,-0.72023684
1.69682099,-0.72023684
1.69746099,-0.89602345
1.69810099,-0.89602345
1.69874099,-0.89602345
1.69938099,-0.89602345
1.70002099,-1.07242048
1.70066099,-1.07242048
1.70130099,-1.07242048
1.70194099,-1.24881744
1.70258099,-1.24881744
1.70322099,-1.24881744
1.70386099,-1.42521441
1.70450099,-1.24881744
1.70514099,-1.42521441
1.70578099,-1.42521441
1.70642099,-1.60100102
1.70706099,-1.60100102
1.70770099,-1.60100102
1.70834099,-1.60100102
1.70898099,-1.60100102
1.70962099,-1.77739799
1.71026099,-1.60100102
1.71090099,-1.77739799
1.71154099,-1.77739799
1.71218099,-1.77739799
1.71282099,-1.77739799
1.71346099,-1.77739799
1.71410099,-1.77739799
1.71474099,-1.77739799
1.71538099,-1.77739799
1.71602099,-1.77739799
1.71666099,-1.77739799
1.71730099,-1.77739799
1.71794099,-1.77739799
1.71858099,-1.77739799
1.71922099,-1.77739799
1.71986099,-1.77739799
1.72050099,-1.77739799
1.72114099,-1.77739799
1.72178099,-1.77739799
1.72242099,-1.77739799
1.72306099,-1.77739799
1.72370099,-1.77739799
1.72434099,-1.77739799
1.72498099,-1.77739799
1.72562099,-1.77739799
1.72626099,-1.77739799
1.72690099,-1.77739799
1.72754099,-1.77739799
1.72818099,-1.77739799
1.72882099,-1.60100102
1.72946099,-1.60100102
1.73010099,-1.60100102
1.73074099,-1.77739799
1.73138099,-1.60100102
1.73202099,-1.60100102
1.73266099,-1.60100102
1.73330099,-1.60100102
1.73394099,-1.60100102
1.73458099,-1.42521441
1.73522099,-1.60100102
1.73586099,-1.60100102
1.73650099,-1.42521441
1.73714099,-1.60100102
1.73778099,-1.42521441
1.73842099,-1.42521441
1.73906099,-1.42521441
1.73970099,-1.42521441
1.74034099,-1.42521441
1.74098099,-1.42521441
1.74162099,-1.42521441
1.74226099,-1.24881744
1.74290099,-1.24881744
1.74354099,-1.42521441
1.74418099,-1.24881744
1.74482099,-1.42521441
1.74546099,-1.42521441
1.74610099,-1.42521441
1.74674099,-1.24881744
1.74738099,-1.24881744
1.74802099,-1.24881744
1.74866099,-1.24881744
1.74930099,-1.24881744
1.74994099,-1.24881744
1.75058099,-1.24881744
1.75122099,-1.24881744
1.75186099,-1.24881744
1.75250099,-1.24881744
1.75314099,-1.24881744
1.75378099,-1.24881744
1.75442099,-1.42521441
1.75506099,-1.24881744
1.75570099,-1.24881744
1.75634099,-1.42521441
1.75698099,-1.42521441
1.75762099,-1.24881744
1.75826099,-1.42521441
1.75890099,-1.42521441
1.75954099,-1.24881744
1.76018099,-1.42521441
1.76082099,-1.42521441
1.76146099,-1.42521441
1.76210099,-1.42521441
1.76274099,-1.24881744
1.76338099,-1.42521441
1.76402099,-1.42521441
1.76466099,-1.42521441
1.76530099,-1.60100102
1.76594099,-1.42521441
1.76658099,-1.42521441
1.76722099,-1.42521441
1.76786099,-1.60100102
1.76850099,-1.42521441
1.76914099,-1.60100102
1.76978099,-1.42521441
1.77042099,-1.42521441
1.77106099,-1.42521441
1.77170099,-1.60100102
1.77234099,-1.60100102
1.77298099,-1.60100102
1.77362099,-1.60100102
1.77426099,-1.42521441
1.77490099,-1.42521441
1.77554099,-1.42521441
1.77618099,-1.42521441
1.77682099,-1.42521441
1.77746099,-1.24881744
1.77810099,-1.24881744
1.77874099,-1.42521441
1.77938099,-1.42521441
1.78002099,-1.24881744
1.78066099,-1.24881744
1.78130099,-1.24881744
1.78194099,-1.24881744
1.78258099,-1.07242048
1.78322099,-1.24881744
1.78386099,-1.24881744
1.78450099,-1.07242048
1.78514099,-1.07242048
1.78578099,-1.07242048
1.78642099,-1.07242048
1.78706099,-0.89602345
1.78770099,-0.89602345
1.78834099,-0.89602345
1.78898099,-0.89602345
1.78962099,-0.89602345
1.79026099,-0.72023684
1.79090099,-0.72023684
1.79154099,-0.54383981
1.79218099,-0.54383981
1.79282099,-0.54383981
1.79346099,-0.54383981
1.79410099,-0.36744285
1.79474099,-0.36744285
1.79538099,-0.36744285
1.79602099,-0.36744285
1.79666099,-0.19104587
1.79730099,-0.19104587
1.79794099,-0.19104587
1.79858099,-0.19104587
1.79922099,-0.01525925
1.79986099,0.16052736
1.80050099,-0.01525925
1.80114099,0.16052736
1.80178099,0.33692434
1.80242099,0.33692434
1.80306099,0.33692434
1.80370099,0.33692434
1.80434099,0.51332134
1.80498099,0.51332134
1.80562099,0.68971831
1.80626099,0.68971831
1.80690099,0.68971831
1.80754099,0.86550492
1.80818099,0.86550492
1.80882099,0.86550492
1.80946099,0.86550492
1.81010099,1.04190195
1.81074099,1.04190195
1.81138099,1.21829891
1.81202099,1.04190195
1.81266099,1.21829891
1.81330099,1.21829891
1.81394099,1.39469588
1.81458099,1.39469588
1.81522099,1.39469588
1.81586099,1.57048249
1.81650099,1.57048249
1.81714099,1.57048249
1.81778099,1.57048249
1.81842099,1.74687946
1.81906099,1.74687946
1.81970099,1.74687946
1.82034099,1.74687946
1.82098099,1.74687946
1.82162099,1.74687946
1.82226099,1.74687946
1.82290099,1.92327642
1.82354099,1.74687946
1.82418099,1.92327642
1.82482099,1.92327642
1.82546099,1.92327642
1.82610099,1.92327642
1.82674099,1.92327642
1.82738099,1.92327642
1.82802099,1.92327642
1.82866099,1.92327642
1.82930099,1.92327642
1.82994099,1.92327642
1.83058099,1.92327642
1.83122099,1.92327642
1.83186099,1.92327642
1.83250099,1.92327642
1.83314099,1.92327642
1.83378099,1.92327642
1.83442099,1.92327642
1.83506099,1.92327642
1.83570099,1.92327642
1.83634099,1.92327642
1.83698099,1.92327642
1.83762099,1.92327642
1.83826099,1.92327642
1.83890099,1.92327642
1.83954099,1.92327642
1.84018099,1.92327642
1.84082099,1.74687946
1.84146099,1.74687946
1.84210099,1.74687946
1.84274099,1.74687946
1.84338099,1.74687946
1.84402099,1.74687946
1.84466099,1.74687946
1.84530099,1.74687946
1.84594099,1.57048249
1.84658099,1.57048249
1.84722099,1.57048249
1.84786099,1.57048249
1.84850099,1.57048249
1.84914099,1.57048249
1.84978099,1.57048249
1.85042099,1.57048249
1.85106099,1.57048249
1.85170099,1.57048249
1.85234099,1.39469588
1.85298099,1.39469588
1.85362099,1.39469588
1.85426099,1.39469588
1.85490099,1.39469588
1.85554099,1.39469588
1.85618099,1.21829891
1.85682099,1.39469588
1.85746099,1.21829891
1.85810099,1.21829891
1.85874099,1.21829891
1.85938099,1.21829891
1.86002099,1.21829891
1.86066099,1.21829891
1.86130099,1.21829891
1.86194099,1.04190195
1.86258099,1.21829891
1.86322099,1.04190195
1.86386099,1.21829891
1.86450099,1.04190195
1.86514099,1.21829891
1.86578099,1.04190195
1.86642099,1.04190195
1.86706099,1.04190195
1.86770099,1.04190195
1.86834099,1.04190195
1.86898099,1.04190195
1.86962099,1.04190195
1.87026099,1.04190195
1.87090099,1.04190195
1.87154099,1.04190195
1.87218099,1.04190195
1.87282099,1.04190195
1.87346099,1.04190195
1.87410099,1.04190195
1.87474099,1.04190195
1.87538099,1.04190195
1.87602099,1.04190195
1.87666099,1.04190195
1.87730099,1.04190195
1.87794099,1.04190195
1.87858099,1.04190195
1.87922099,1.04190195
1.87986099,1.04190195
1.88050099,1.04190195
1.88114099,1.04190195
1.88178099,1.04190195
1.88242099,1.04190195
1.88306099,1.04190195
1.88370099,1.04190195
1.88434099,1.04190195
1.88498099,1.04190195
1.88562099,1.04190195
1.88626099,1.04190195
1.88690099,1.04190195
1.88754099,0.86550492
1.88818099,0.86550492
1.88882099,0.86550492
1.88946099,0.86550492
1.89010099,0.86550492
1.89074099,0.86550492
1.89138099,0.86550492
1.89202099,0.86550492
1.89266099,0.86550492
1.89330099,0.86550492
1.89394099,0.86550492
1.89458099,0.86550492
1.89522099,0.68971831
1.89586099,0.68971831
1.89650099,0.68971831
1.89714099,0.68971831
1.89778099,0.68971831
1.89842099,0.51332134
1.89906099,0.51332134
1.89970099,0.51332134
1.90034099,0.33692434
1.90098099,0.51332134
1.90162099,0.51332134
1.90226099,0.33692434
1.90290099,0.33692434
1.90354099,0.33692434
1.90418099,0.33692434
1.90482099,0.16052736
1.90546099,0.16052736
1.90610099,0.33692434
1.90674099,0.16052736
1.90738099,0.16052736
1.90802099,-0.01525925
1.90866099,-0.01525925
1.90930099,-0.01525925
1.90994099,-0.19104587
1.91058099,-0.19104587
1.91122099,-0.19104587
1.91186099,-0.19104587
1.91250099,-0.36744285
1.91314099,-0.36744285
1.91378099,-0.36744285
1.91442099,-0.36744285
1.91506099,-0.54383981
1.91570099,-0.54383981
1.91634099,-0.54383981
1.91698099,-0.72023684
1.91762099,-0.72023684
1.91826099,-0.89602345
1.91890099,-0.89602345
1.91954099,-0.89602345
1.92018099,-0.89602345
1.92082099,-1.07242048
1.92146099,-1.07242048
1.92210099,-1.07242048
1.92274099,-1.07242048
1.92338099,-1.07242048
1.92402099,-1.24881744
1.92466099,-1.24881744
1.92530099,-1.24881744
1.92594099,-1.42521441
1.92658099,-1.42521441
1.92722099,-1.60100102
1.92786099,-1.60100102
1.92850099,-1.60100102
1.92914099,-1.60100102
1.92978099,-1.77739799
1.93042099,-1.77739799
1.93106099,-1.60100102
1.93170099,-1.77739799
1.93234099,-1.77739799
1.93298099,-1.77739799
1.93362099,-1.77739799
1.93426099,-1.77739799
1.93490099,-1.77739799
1.93554099,-1.95379496
1.93618099,-1.95379496
1.93682099,-1.95379496
1.93746099,-1.95379496
1.93810099,-1.95379496
1.93874099,-1.95379496
1.93938099,-1.95379496
1.94002099,-1.95379496
1.94066099,-1.95379496
1.94130099,-1.95379496
1.94194099,-1.95379496
1.94258099,-1.95379496
1.94322099,-1.95379496
1.94386099,-1.95379496
1.94450099,-1.95379496
1.94514099,-2.13019204
1.94578099,-1.95379496
1.94642099,-1.95379496
1.94706099,-1.95379496
1.94770099,-1.95379496
1.94834099,-1.95379496
1.94898099,-1.95379496
1.94962099,-1.77739799
1.95026099,-1.95379496
1.95090099,-1.77739799
1.95154099,-1.95379496
1.95218099,-1.77739799
1.95282099,-1.77739799
1.95346099,-1.77739799
1.95410099,-1.77739799
1.95474099,-1.77739799
1.95538099,-1.77739799
1.95602099,-1.77739799
1.95666099,-1.77739799
1.95730099,-1.77739799
1.95794099,-1.60100102
1.95858099,-1.60100102
1.95922099,-1.60100102
1.95986099,-1.60100102
1.96050099,-1.60100102
1.96114099,-1.42521441
1.96178099,-1.60100102
1.96242099,-1.42521441
1.96306099,-1.42521441
1.96370099,-1.42521441
1.96434099,-1.24881744
1.96498099,-1.42521441
1.96562099,-1.24881744
1.96626099,-1.24881744
1.96690099,-1.24881744
1.96754099,-1.07242048
1.96818099,-1.24881744
1.96882099,-1.24881744
1.96946099,-1.24881744
1.97010099,-1.07242048
1.97074099,-1.07242048
1.97138099,-1.07242048
1.97202099,-1.07242048
1.97266099,-1.07242048
1.97330099,-0.89602345
1.97394099,-1.07242048
1.97458099,-0.89602345
1.97522099,-0.89602345
1.97586099,-0.89602345
1.97650099,-0.89602345
1.97714099,-0.89602345
1.97778099,-0.89602345
1.97842099,-0.89602345
1.97906099,-0.72023684
1.97970099,-0.89602345
1.98034099,-0.72023684
1.98098099,-0.72023684
1.98162099,-0.72023684
1.98226099,-0.72023684
1.98290099,-0.72023684
1.98354099,-0.72023684
1.98418099,-0.72023684
1.98482099,-0.54383981
1.98546099,-0.72023684
1.98610099,-0.54383981
1.98674099,-0.54383981
1.98738099,-0.72023684
1.98802099,-0.72023684
1.98866099,-0.54383981
1.98930099,-0.54383981
1.98994099,-0.54383981
1.99058099,-0.54383981
1.99122099,-0.54383981
1.99186099,-0.54383981
1.99250099,-0.54383981
1.99314099,-0.54383981
1.99378099,-0.54383981
1.99442099,-0.54383981
1.99506099,-0.54383981
1.99570099,-0.54383981
1.99634099,-0.36744285
1.99698099,-0.54383981
1.99762099,-0.54383981
1.99826099,-0.36744285
1.99890099,-0.36744285
1.99954099,-0.54383981
2.00018099,-0.36744285
2.00082099,-0.36744285
2.00146099,-0.36744285
2.00210099,-0.36744285
2.00274099,-0.36744285
2.00338099,-0.36744285
2.00402099,-0.36744285
2.00466099,-0.36744285
2.00530099,-0.36744285
2.00594099,-0.36744285
2.00658099,-0.36744285
2.00722099,-0.36744285
2.00786099,-0.36744285
2.00850099,-0.19104587
2.00914099,-0.19104587
2.00978099,-0.36744285
2.01042099,-0.19104587
2.01106099,-0.19104587
2.01170099,-0.19104587
2.01234099,-0.19104587
2.01298099,-0.01525925
2.01362099,-0.01525925
2.01426099,-0.01525925
2.01490099,-0.01525925
2.01554099,-0.01525925
2.01618099,0.16052736
2.01682099,0.16052736
2.01746099,0.16052736
2.01810099,0.16052736
2.01874099,0.16052736
2.01938099,0.33692434
2.02002099,0.33692434
2.02066099,0.33692434
2.02130099,0.33692434
2.02194099,0.33692434
2.02258099,0.33692434
2.02322099,0.51332134
2.02386099,0.51332134
2.02450099,0.51332134
2.02514099,0.51332134
2.02578099,0.68971831
2.02642099,0.68971831
2.02706099,0.68971831
2.02770099,0.68971831
2.02834099,0.86550492
2.02898099,0.86550492
2.02962099,0.86550492
2.03026099,0.86550492
2.03090099,1.04190195
2.03154099,1.04190195
2.03218099,1.04190195
2.03282099,1.04190195
2.03346099,1.04190195
2.03410099,1.21829891
2.03474099,1.21829891
2.03538099,1.21829891
2.03602099,1.21829891
2.03666099,1.39469588
2.03730099,1.39469588
2.03794099,1.39469588
2.03858099,1.39469588
2.03922099,1.57048249
2.03986099,1.57048249
2.04050099,1.57048249
2.04114099,1.74687946
2.04178099,1.74687946
2.04242099,1.74687946
2.04306099,1.74687946
2.04370099,1.74687946
2.04434099,1.74687946
2.04498099,1.74687946
2.04562099,1.74687946
2.04626099,1.74687946
2.04690099,1.74687946
2.04754099,1.92327642
2.04818099,1.92327642
2.04882099,1.92327642
2.04946099,1.92327642
2.05010099,1.92327642
2.05074099,1.92327642
2.05138099,1.92327642
2.05202099,1.92327642
2.05266099,1.92327642
2.05330099,1.92327642
2.05394099,1.92327642
2.05458099,1.92327642
2.05522099,1.92327642
2.05586099,1.92327642
2.05650099,1.92327642
2.05714099,1.92327642
2.05778099,1.92327642
2.05842099,1.92327642
2.05906099,1.92327642
2.05970099,1.92327642
2.06034099,1.92327642
2.06098099,1.92327642
2.06162099,1.92327642
2.06226099,1.74687946
2.06290099,1.74687946
2.06354099,1.74687946
2.06418099,1.74687946
2.06482099,1.74687946
2.06546099,1.74687946
2.06610099,1.74687946
2.06674099,1.74687946
2.06738099,1.74687946
2.06802099,1.74687946
2.06866099,1.74687946
2.06930099,1.57048249
2.06994099,1.57048249
2.07058099,1.57048249
2.07122099,1.57048249
2.07186099,1.57048249
2.07250099,1.39469588
2.07314099,1.39469588
2.07378099,1.39469588
2.07442099,1.39469588
2.07506099,1.39469588
2.07570099,1.39469588
2.07634099,1.21829891
2.07698099,1.21829891
2.07762099,1.21829891
2.07826099,1.21829891
2.07890099,1.21829891
2.07954099,1.04190195
2.08018099,1.04190195
2.08082099,1.04190195
2.08146099,1.04190195
2.08210099,1.04190195
2.08274099,0.86550492
2.08338099,0.86550492
2.08402099,0.86550492
2.08466099,0.86550492
2.08530099,0.86550492
2.08594099,0.86550492
2.08658099,0.68971831
2.08722099,0.68971831
2.08786099,0.86550492
2.08850099,0.68971831
2.08914099,0.68971831
2.08978099,0.68971831
2.09042099,0.51332134
2.09106099,0.51332134
2.09170099,0.51332134
2.09234099,0.51332134
2.09298099,0.51332134
2.09362099,0.51332134
2.09426099,0.51332134
2.09490099,0.33692434
2.09554099,0.33692434
2.09618099,0.33692434
2.09682099,0.33692434
2.09746099,0.33692434
2.09810099,0.33692434
2.09874099,0.33692434
2.09938099,0.33692434
2.10002099,0.33692434
2.10066099,0.33692434
2.10130099,0.33692434
2.10194099,0.33692434
2.10258099,0.33692434
2.10322099,0.16052736
2.10386099,0.16052736
2.10450099,0.16052736
2.10514099,0.16052736
2.10578099,0.16052736
2.10642099,0.16052736
2.10706099,0.16052736
2.10770099,0.16052736
2.10834099,0.16052736
2.10898099,0.16052736
2.10962099,0.16052736
2.11026099,0.16052736
2.11090099,0.16052736
2.11154099,0.16052736
2.11218099,0.16052736
2.11282099,0.16052736
2.11346099,-0.01525925
2.11410099,-0.01525925
2.11474099,-0.01525925
2.11538099,-0.01525925
2.11602099,-0.01525925
2.11666099,-0.01525925
2.11730099,-0.01525925
2.11794099,-0.01525925
2.11858099,-0.01525925
2.11922099,-0.01525925
2.11986099,-0.19104587
2.12050099,-0.01525925
2.12114099,-0.01525925
2.12178099,-0.19104587
2.12242099,-0.19104587
2.12306099,-0.19104587
2.12370099,-0.19104587
2.12434099,-0.19104587
2.12498099,-0.19104587
2.12562099,-0.19104587
2.12626099,-0.19104587
2.12690099,-0.19104587
2.12754099,-0.36744285
2.12818099,-0.19104587
2.12882099,-0.36744285
2.12946099,-0.36744285
2.13010099,-0.36744285
2.13074099,-0.36744285
2.13138099,-0.36744285
2.13202099,-0.36744285
2.13266099,-0.54383981
2.13330099,-0.54383981
2.13394099,-0.36744285
2.13458099,-0.54383981
2.13522099,-0.54383981
2.13586099,-0.54383981
2.13650099,-0.54383981
2.13714099,-0.72023684
2.13778099,-0.72023684
2.13842099,-0.72023684
2.13906099,-0.72023684
2.13970099,-0.89602345
2.14034099,-0.89602345
2.14098099,-0.89602345
2.14162099,-0.89602345
2.14226099,-1.07242048
2.14290099,-1.07242048
2.14354099,-1.07242048
2.14418099,-1.07242048
2.14482099,-1.07242048
2.14546099,-1.07242048
2.14610099,-1.24881744
2.14674099,-1.24881744
2.14738099,-1.24881744
2.14802099,-1.24881744
2.14866099,-1.24881744
2.14930099,-1.42521441
2.14994099,-1.42521441
2.15058099,-1.42521441
2.15122099,-1.60100102
2.15186099,-1.42521441
2.15250099,-1.60100102
2.15314099,-1.60100102
2.15378099,-1.60100102
2.15442099,-1.60100102
2.15506099,-1.60100102
2.15570099,-1.60100102
2.15634099,-1.60100102
2.15698099,-1.77739799
2.15762099,-1.60100102
2.15826099,-1.77739799
2.15890099,-1.77739799
2.15954099,-1.77739799
2.16018099,-1.77739799
2.16082099,-1.77739799
2.16146099,-1.77739799
2.16210099,-1.77739799
2.16274099,-1.77739799
2.16338099,-1.77739799
2.16402099,-1.77739799
2.16466099,-1.77739799
2.16530099,-1.77739799
2.16594099,-1.77739799
2.16658099,-1.77739799
2.16722099,-1.95379496
2.16786099,-1.77739799
2.16850099,-1.77739799
2.16914099,-1.77739799
2.16978099,-1.77739799
2.17042099,-1.77739799
2.17106099,-1.77739799
2.17170099,-1.77739799
2.17234099,-1.77739799
2.17298099,-1.77739799
2.17362099,-1.77739799
2.17426099,-1.77739799
2.17490099,-1.77739799
2.17554099,-1.60100102
2.17618099,-1.77739799
2.17682099,-1.60100102
2.17746099,-1.60100102
2.17810099,-1.60100102
2.17874099,-1.60100102
2.17938099,-1.60100102
2.18002099,-1.60100102
2.18066099,-1.42521441
2.18130099,-1.60100102
2.18194099,-1.42521441
2.18258099,-1.42521441
2.18322099,-1.24881744
2.18386099,-1.24881744
2.18450099,-1.24881744
2.18514099,-1.24881744
2.18578099,-1.24881744
2.18642099,-1.24881744
2.18706099,-1.07242048
2.18770099,-1.07242048
2.18834099,-1.07242048
2.18898099,-1.07242048
2.18962099,-1.07242048
2.19026099,-0.89602345
2.19090099,-0.89602345
2.19154099,-0.89602345
2.19218099,-0.89602345
2.19282099,-0.89602345
2.19346099,-0.89602345
2.19410099,-0.72023684
2.19474099,-0.72023684
2.19538099,-0.72023684
2.19602099,-0.72023684
2.19666099,-0.72023684
2.19730099,-0.54383981
2.19794099,-0.54383981
2.19858099,-0.54383981
2.19922099,-0.54383981
2.19986099,-0.54383981
2.20050099,-0.36744285
2.20114099,-0.36744285
2.20178099,-0.36744285
2.20242099,-0.36744285
2.20306099,-0.36744285
2.20370099,-0.36744285
2.20434099,-0.19104587
2.20498099,-0.19104587
2.20562099,-0.19104587
2.20626099,-0.19104587
2.20690099,-0.19104587
2.20754099,-0.19104587
2.20818099,-0.19104587
2.20882099,-0.01525925
2.20946099,-0.19104587
2.21010099,-0.01525925
2.21074099,-0.01525925
2.21138099,-0.01525925
2.21202099,0.16052736
2.21266099,0.16052736
2.21330099,-0.01525925
2.21394099,0.16052736
2.21458099,0.16052736
2.21522099,0.16052736
2.21586099,0.16052736
2.21650099,0.16052736
2.21714099,0.16052736
2.21778099,0.16052736
2.21842099,0.16052736
2.21906099,0.16052736
2.21970099,0.33692434
2.22034099,0.16052736
2.22098099,0.33692434
2.22162099,0.33692434
2.22226099,0.33692434
2.22290099,0.33692434
2.22354099,0.33692434
2.22418099,0.33692434
2.22482099,0.33692434
2.22546099,0.33692434
2.22610099,0.33692434
2.22674099,0.33692434
2.22738099,0.33692434
2.22802099,0.33692434
2.22866099,0.33692434
2.22930099,0.33692434
2.22994099,0.33692434
2.23058099,0.33692434
2.23122099,0.33692434
2.23186099,0.51332134
2.23250099,0.33692434
2.23314099,0.51332134
2.23378099,0.51332134
2.23442099,0.51332134
2.23506099,0.33692434
2.23570099,0.51332134
2.23634099,0.51332134
2.23698099,0.51332134
2.23762099,0.51332134
2.23826099,0.51332134
2.23890099,0.51332134
2.23954099,0.68971831
2.24018099,0.51332134
2.24082099,0.68971831
2.24146099,0.51332134
2.24210099,0.68971831
2.24274099,0.68971831
2.24338099,0.68971831
2.24402099,0.68971831
2.24466099,0.68971831
2.24530099,0.68971831
2.24594099,0.68971831
2.24658099,0.86550492
2.24722099,0.68971831
2.24786099,0.86550492
2.24850099,0.86550492
2.24914099,0.86550492
2.24978099,0.86550492
2.25042099,0.86550492
2.25106099,0.86550492
2.25170099,0.86550492
2.25234099,1.04190195
2.25298099,1.04190195
2.25362099,1.04190195
2.25426099,1.04190195
2.25490099,1.04190195
2.25554099,1.04190195
2.25618099,1.04190195
2.25682099,1.21829891
2.25746099,1.21829891
2.25810099,1.21829891
2.25874099,1.21829891
2.25938099,1.21829891
2.26002099,1.21829891
2.26066099,1.21829891
2.26130099,1.21829891
2.26194099,1.39469588
2.26258099,1.39469588
2.26322099,1.39469588
2.26386099,1.57048249
2.26450099,1.39469588
2.26514099,1.39469588
2.26578099,1.57048249
2.26642099,1.57048249
2.26706099,1.57048249
2.26770099,1.57048249
2.26834099,1.57048249
2.26898099,1.57048249
2.26962099,1.57048249
2.27026099,1.57048249
2.27090099,1.57048249
2.27154099,1.57048249
2.27218099,1.57048249
2.27282099,1.74687946
2.27346099,1.74687946
2.27410099,1.57048249
2.27474099,1.57048249
2.27538099,1.57048249
2.27602099,1.74687946
2.27666099,1.74687946
2.27730099,1.57048249
2.27794099,1.74687946
2.27858099,1.57048249
2.27922099,1.57048249
2.27986099,1.74687946
2.28050099,1.57048249
2.28114099,1.74687946
2.28178099,1.74687946
2.28242099,1.57048249
2.28306099,1.57048249
2.28370099,1.74687946
2.28434099,1.74687946
2.28498099,1.57048249
2.28562099,1.57048249
2.28626099,1.57048249
2.28690099,1.57048249
2.28754099,1.57048249
2.28818099,1.57048249
2.28882099,1.57048249
2.28946099,1.57048249
2.29010099,1.39469588
2.29074099,1.39469588
2.29138099,1.39469588
2.29202099,1.39469588
2.29266099,1.39469588
2.29330099,1.21829891
2.29394099,1.21829891
2.29458099,1.21829891
2.29522099,1.21829891
2.29586099,1.21829891
2.29650099,1.21829891
2.29714099,1.21829891
2.29778099,1.04190195
2.29842099,1.04190195
2.29906099,1.04190195
2.29970099,1.04190195
2.30034099,1.04190195
2.30098099,0.86550492
2.30162099,0.86550492
2.30226099,0.86550492
2.30290099,0.86550492
2.30354099,0.68971831
2.30418099,0.68971831
2.30482099,0.68971831
2.30546099,0.68971831
2.30610099,0.68971831
2.30674099,0.68971831
2.30738099,0.51332134
2.30802099,0.51332134
2.30866099,0.51332134
2.30930099,0.33692434
2.30994099,0.33692434
2.31058099,0.33692434
2.31122099,0.33692434
2.31186099,0.33692434
2.31250099,0.33692434
2.31314099,0.16052736
2.31378099,0.16052736
2.31442099,0.16052736
2.31506099,0.16052736
2.31570099,-0.01525925
2.31634099,-0.01525925
2.31698099,0.16052736
2.31762099,0.16052736
2.31826099,-0.01525925
2.31890099,-0.01525925
2.31954099,-0.19104587
2.32018099,-0.19104587
2.32082099,-0.19104587
2.32146099,-0.19104587
2.32210099,-0.19104587
2.32274099,-0.19104587
2.32338099,-0.19104587
2.32402099,-0.19104587
2.32466099,-0.36744285
2.32530099,-0.36744285
2.32594099,-0.36744285
2.32658099,-0.36744285
2.32722099,-0.36744285
2.32786099,-0.36744285
2.32850099,-0.36744285
2.32914099,-0.36744285
2.32978099,-0.54383981
2.33042099,-0.36744285
2.33106099,-0.36744285
2.33170099,-0.36744285
2.33234099,-0.54383981
2.33298099,-0.36744285
2.33362099,-0.54383981
2.33426099,-0.54383981
2.33490099,-0.54383981
2.33554099,-0.54383981
2.33618099,-0.54383981
2.33682099,-0.54383981
2.33746099,-0.54383981
2.33810099,-0.54383981
2.33874099,-0.54383981
2.33938099,-0.54383981
2.34002099,-0.54383981
2.34066099,-0.72023684
2.34130099,-0.54383981
2.34194099,-0.54383981
2.34258099,-0.72023684
2.34322099,-0.72023684
2.34386099,-0.72023684
2.34450099,-0.72023684
2.34514099,-0.72023684
2.34578099,-0.72023684
2.34642099,-0.72023684
2.34706099,-0.54383981
2.34770099,-0.72023684
2.34834099,-0.72023684
2.34898099,-0.72023684
2.34962099,-0.72023684
2.35026099,-0.72023684
2.35090099,-0.72023684
2.35154099,-0.89602345
2.35218099,-0.72023684
2.35282099,-0.72023684
2.35346099,-0.72023684
2.35410099,-0.89602345
2.35474099,-0.89602345
2.35538099,-0.89602345
2.35602099,-0.89602345
2.35666099,-0.89602345
2.35730099,-0.89602345
2.35794099,-0.89602345
2.35858099,-0.89602345
2.35922099,-0.89602345
2.35986099,-0.89602345
2.36050099,-0.89602345
2.36114099,-0.89602345
2.36178099,-0.89602345
2.36242099,-1.07242048
2.36306099,-0.89602345
2.36370099,-0.89602345
2.36434099,-0.89602345
2.36498099,-1.07242048
2.36562099,-0.89602345
2.36626099,-1.07242048
2.36690099,-1.07242048
2.36754099,-1.07242048
2.36818099,-1.07242048
2.36882099,-1.07242048
2.36946099,-1.07242048
2.37010099,-1.24881744
2.37074099,-1.07242048
2.37138099,-1.24881744
2.37202099,-1.24881744
2.37266099,-1.07242048
2.37330099,-1.24881744
2.37394099,-1.24881744
2.37458099,-1.24881744
2.37522099,-1.24881744
2.37586099,-1.24881744
2.37650099,-1.24881744
2.37714099,-1.24881744
2.37778099,-1.24881744
2.37842099,-1.24881744
2.37906099,-1.42521441
2.37970099,-1.42521441
2.38034099,-1.24881744
2.38098099,-1.42521441
2.38162099,-1.42521441
2.38226099,-1.42521441
2.38290099,-1.42521441
2.38354099,-1.42521441
2.38418099,-1.42521441
2.38482099,-1.42521441
2.38546099,-1.42521441
2.38610099,-1.42521441
2.38674099,-1.42521441
2.38738099,-1.42521441
2.38802099,-1.42521441
2.38866099,-1.42521441
2.38930099,-1.42521441
2.38994099,-1.42521441
2.39058099,-1.42521441
2.39122099,-1.42521441
2.39186099,-1.42521441
2.39250099,-1.42521441
2.39314099,-1.42521441
2.39378099,-1.42521441
2.39442099,-1.42521441
2.39506099,-1.42521441
2.39570099,-1.24881744
2.39634099,-1.24881744
2.39698099,-1.24881744
2.39762099,-1.24881744
2.39826099,-1.24881744
2.39890099,-1.24881744
2.39954099,-1.24881744
2.40018099,-1.24881744
2.40082099,-1.24881744
2.40146099,-1.24881744
2.40210099,-1.24881744
2.40274099,-1.24881744
2.40338099,-1.07242048
2.40402099,-1.07242048
2.40466099,-1.07242048
2.40530099,-1.07242048
2.40594099,-1.07242048
2.40658099,-0.89602345
2.40722099,-1.07242048
2.40786099,-0.89602345
2.40850099,-0.89602345
2.40914099,-0.89602345
2.40978099,-0.89602345
2.41042099,-0.89602345
2.41106099,-0.89602345
2.41170099,-0.72023684
2.41234099,-0.72023684
2.41298099,-0.72023684
2.41362099,-0.54383981
2.41426099,-0.72023684
2.41490099,-0.54383981
2.41554099,-0.54383981
2.41618099,-0.54383981
2.41682099,-0.36744285
2.41746099,-0.36744285
2.41810099,-0.36744285
2.41874099,-0.36744285
2.41938099,-0.36744285
2.42002099,-0.19104587
2.42066099,-0.19104587
2.42130099,-0.19104587
2.42194099,-0.19104587
2.42258099,-0.19104587
2.42322099,-0.01525925
2.42386099,-0.19104587
2.42450099,-0.01525925
2.42514099,-0.01525925
2.42578099,0.16052736
2.42642099,0.16052736
2.42706099,0.16052736
2.42770099,0.16052736
2.42834099,0.16052736
2.42898099,0.16052736
2.42962099,0.33692434
2.43026099,0.33692434
2.43090099,0.33692434
2.43154099,0.33692434
2.43218099,0.33692434
2.43282099,0.33692434
2.43346099,0.33692434
2.43410099,0.33692434
2.43474099,0.51332134
2.43538099,0.51332134
2.43602099,0.51332134
2.43666099,0.51332134
2.43730099,0.51332134
2.43794099,0.51332134
2.43858099,0.51332134
2.43922099,0.68971831
2.43986099,0.51332134
2.44050099,0.68971831
2.44114099,0.68971831
2.44178099,0.68971831
2.44242099,0.68971831
2.44306099,0.68971831
2.44370099,0.68971831
2.44434099,0.68971831
2.44498099,0.86550492
2.44562099,0.68971831
2.44626099,0.68971831
2.44690099,0.68971831
2.44754099,0.86550492
2.44818099,0.86550492
2.44882099,0.86550492
2.44946099,0.86550492
2.45010099,0.86550492
2.45074099,0.86550492
2.45138099,0.86550492
2.45202099,0.86550492
2.45266099,0.86550492
2.45330099,0.86550492
2.45394099,0.86550492
2.45458099,0.86550492
2.45522099,0.86550492
2.45586099,0.86550492
2.45650099,0.86550492
2.45714099,0.86550492
2.45778099,0.86550492
2.45842099,0.86550492
2.45906099,0.86550492
2.45970099,0.86550492
2.46034099,0.86550492
2.46098099,0.86550492
2.46162099,0.86550492
2.46226098,1.04190195
2.46290098,0.86550492
2.46354098,0.86550492
2.46418098,0.86550492
2.46482098,0.86550492
2.46546098,1.04190195
2.46610098,1.04190195
2.46674098,0.86550492
2.46738098,0.86550492
2.46802098,1.04190195
2.46866098,1.04190195
2.46930098,1.04190195
2.46994098,0.86550492
2.47058098,1.04190195
2.47122098,1.04190195
2.47186098,1.04190195
2.47250098,1.04190195
2.47314098,1.04190195
2.47378098,1.04190195
2.47442098,1.04190195
2.47506098,1.04190195
2.47570098,1.04190195
2.47634098,0.86550492
2.47698098,1.04190195
2.47762098,1.04190195
2.47826098,1.04190195
2.47890098,1.04190195
2.47954098,1.04190195
2.48018098,1.04190195
2.48082098,1.04190195
2.48146098,1.04190195
2.48210098,1.04190195
2.48274098,1.04190195
2.48338098,1.21829891
2.48402098,1.04190195
2.48466098,1.21829891
2.48530098,1.04190195
2.48594098,1.04190195
2.48658098,1.21829891
2.48722098,1.04190195
2.48786098,1.21829891
2.48850098,1.21829891
2.48914098,1.21829891
2.48978098,1.21829891
2.49042098,1.21829891
2.49106098,1.21829891
2.49170098,1.21829891
2.49234098,1.21829891
2.49298098,1.21829891
2.49362098,1.21829891
2.49426098,1.21829891
2.49490098,1.21829891
2.49554098,1.21829891
2.49618098,1.21829891
2.49682098,1.21829891
2.49746098,1.21829891
2.49810098,1.21829891
2.49874098,1.21829891
2.49938098,1.21829891
2.50002098,1.21829891
2.50066098,1.21829891
2.50130098,1.21829891
2.50194098,1.21829891
2.50258098,1.21829891
2.50322098,1.21829891
2.50386098,1.21829891
2.50450098,1.21829891
2.50514098,1.21829891
2.50578098,1.21829891
2.50642098,1.04190195
2.50706098,1.21829891
2.50770098,1.21829891
2.50834098,1.04190195
2.50898098,1.04190195
2.50962098,1.04190195
2.51026098,1.04190195
2.51090098,1.04190195
2.51154098,1.04190195
2.51218098,1.04190195
2.51282098,0.86550492
2.51346098,1.04190195
2.51410098,0.86550492
2.51474098,0.86550492
2.51538098,1.04190195
2.51602098,0.86550492
2.51666098,0.86550492
2.51730098,0.86550492
2.51794098,0.86550492
2.51858098,0.86550492
2.51922098,0.86550492
2.51986098,0.68971831
2.52050098,0.68971831
2.52114098,0.68971831
2.52178098,0.68971831
2.52242098,0.68971831
2.52306098,0.51332134
2.52370098,0.51332134
2.52434098,0.51332134
2.52498098,0.51332134
2.52562098,0.33692434
2.52626098,0.33692434
2.52690098,0.33692434
2.52754098,0.33692434
2.52818098,0.33692434
2.52882098,0.33692434
2.52946098,0.33692434
2.53010098,0.33692434
2.53074098,0.16052736
2.53138098,0.16052736
2.53202098,0.16052736
2.53266098,0.16052736
2.53330098,0.16052736
2.53394098,-0.01525925
2.53458098,-0.01525925
2.53522098,-0.01525925
2.53586098,-0.19104587
2.53650098,-0.19104587
2.53714098,-0.19104587
2.53778098,-0.19104587
2.53842098,-0.19104587
2.53906098,-0.19104587
2.53970098,-0.36744285
2.54034098,-0.36744285
2.54098098,-0.36744285
2.54162098,-0.36744285
2.54226098,-0.36744285
2.54290098,-0.36744285
2.54354098,-0.36744285
2.54418098,-0.54383981
2.54482098,-0.54383981
2.54546098,-0.54383981
2.54610098,-0.54383981
2.54674098,-0.54383981
2.54738098,-0.54383981
2.54802098,-0.54383981
2.54866098,-0.72023684
2.54930098,-0.72023684
2.54994098,-0.72023684
2.55058098,-0.72023684
2.55122098,-0.72023684
2.55186098,-0.72023684
2.55250098,-0.72023684
2.55314098,-0.89602345
2.55378098,-0.72023684
2.55442098,-0.89602345
2.55506098,-0.89602345
2.55570098,-0.89602345
2.55634098,-0.89602345
2.55698098,-0.89602345
2.55762098,-0.89602345
2.55826098,-0.89602345
2.55890098,-0.89602345
2.55954098,-0.89602345
2.56018098,-0.89602345
2.56082098,-1.07242048
2.56146098,-0.89602345
2.56210098,-0.89602345
2.56274098,-1.07242048
2.56338098,-1.07242048
2.56402098,-1.07242048
2.56466098,-0.89602345
2.56530098,-1.07242048
2.56594098,-1.07242048
2.56658098,-1.07242048
2.56722098,-1.07242048
2.56786098,-1.07242048
2.56850098,-1.07242048
2.56914098,-1.07242048
2.56978098,-0.89602345
2.57042098,-1.07242048
2.57106098,-0.89602345
2.57170098,-1.07242048
2.57234098,-1.07242048
2.57298098,-1.07242048
2.57362098,-0.89602345
2.57426098,-0.89602345
2.57490098,-1.07242048
2.57554098,-1.07242048
2.57618098,-1.07242048
2.57682098,-1.07242048
2.57746098,-1.07242048
2.57810098,-0.89602345
2.57874098,-1.07242048
2.57938098,-0.89602345
2.58002098,-0.89602345
2.58066098,-0.89602345
2.58130098,-0.89602345
2.58194098,-0.89602345
2.58258098,-0.89602345
2.58322098,-0.89602345
2.58386098,-1.07242048
2.58450098,-1.07242048
2.58514098,-1.07242048
2.58578098,-0.89602345
2.58642098,-0.89602345
2.58706098,-0.89602345
2.58770098,-0.89602345
2.58834098,-0.89602345
2.58898098,-0.89602345
2.58962098,-0.89602345
2.59026098,-0.89602345
2.59090098,-0.89602345
2.59154098,-0.89602345
2.59218098,-0.89602345
2.59282098,-0.89602345
2.59346098,-0.89602345
2.59410098,-1.07242048
2.59474098,-0.89602345
2.59538098,-0.89602345
2.59602098,-0.89602345
2.59666098,-0.89602345
2.59730098,-0.89602345
2.59794098,-0.89602345
2.59858098,-0.89602345
2.59922098,-0.89602345
2.59986098,-0.89602345
2.60050098,-1.07242048
2.60114098,-0.89602345
2.60178098,-0.89602345
2.60242098,-0.89602345
2.60306098,-0.89602345
2.60370098,-0.89602345
2.60434098,-0.89602345
2.60498098,-0.89602345
2.60562098,-0.89602345
2.60626098,-0.89602345
2.60690098,-0.89602345
2.60754098,-0.89602345
2.60818098,-0.89602345
2.60882098,-0.89602345
2.60946098,-0.89602345
2.61010098,-0.89602345
2.61074098,-0.89602345
2.61138098,-0.89602345
2.61202098,-0.89602345
2.61266098,-0.89602345
2.61330098,-0.89602345
2.61394098,-0.89602345
2.61458098,-0.89602345
2.61522098,-0.89602345
2.61586098,-0.89602345
2.61650098,-0.89602345
2.61714098,-0.89602345
2.61778098,-0.89602345
2.61842098,-0.89602345
2.61906098,-0.89602345
2.61970098,-0.72023684
2.62034098,-0.72023684
2.62098098,-0.72023684
2.62162098,-0.72023684
2.62226098,-0.89602345
2.62290098,-0.72023684
2.62354098,-0.72023684
2.62418098,-0.72023684
2.62482098,-0.72023684
2.62546098,-0.72023684
2.62610098,-0.72023684
2.62674098,-0.54383981
2.62738098,-0.72023684
2.62802098,-0.54383981
2.62866098,-0.54383981
2.62930098,-0.54383981
2.62994098,-0.54383981
2.63058098,-0.54383981
2.63122098,-0.54383981
2.63186098,-0.36744285
2.63250098,-0.36744285
2.63314098,-0.36744285
2.63378098,-0.36744285
2.63442098,-0.36744285
2.63506098,-0.36744285
2.63570098,-0.36744285
2.63634098,-0.19104587
2.63698098,-0.19104587
2.63762098,-0.19104587
2.63826098,-0.19104587
2.63890098,-0.19104587
2.63954098,-0.19104587
2.64018098,-0.01525925
2.64082098,-0.01525925
2.64146098,-0.01525925
2.64210098,-0.01525925
2.64274098,-0.01525925
2.64338098,-0.01525925
2.64402098,0.16052736
2.64466098,0.16052736
2.64530098,0.16052736
2.64594098,0.16052736
2.64658098,0.16052736
2.64722098,0.33692434
2.64786098,0.33692434
2.64850098,0.33692434
2.64914098,0.33692434
2.64978098,0.33692434
2.65042098,0.33692434
2.65106098,0.33692434
2.65170098,0.51332134
2.65234098,0.51332134
2.65298098,0.51332134
2.65362098,0.51332134
2.65426098,0.51332134
2.65490098,0.51332134
2.65554098,0.51332134
2.65618098,0.51332134
2.65682098,0.68971831
2.65746098,0.86550492
2.65810098,0.68971831
2.65874098,0.68971831
2.65938098,0.86550492
2.66002098,0.86550492
2.66066098,0.68971831
2.66130098,0.86550492
2.66194098,0.86550492
2.66258098,0.86550492
2.66322098,0.86550492
2.66386098,0.86550492
2.66450098,1.04190195
2.66514098,1.04190195
2.66578098,1.04190195
2.66642098,0.86550492
2.66706098,1.04190195
2.66770098,1.04190195
2.66834098,1.04190195
2.66898098,1.04190195
2.66962098,1.04190195
2.67026098,1.04190195
2.67090098,1.04190195
2.67154098,1.21829891
2.67218098,1.04190195
2.67282098,1.04190195
2.67346098,1.04190195
2.67410098,1.21829891
2.67474098,1.21829891
2.67538098,1.04190195
2.67602098,1.04190195
2.67666098,1.04190195
2.67730098,1.21829891
2.67794098,1.21829891
2.67858098,1.04190195
2.67922098,1.21829891
2.67986098,1.04190195
2.68050098,1.21829891
2.68114098,1.04190195
2.68178098,1.04190195
2.68242098,1.04190195
2.68306098,1.04190195
2.68370098,1.21829891
2.68434098,1.04190195
2.68498098,1.04190195
2.68562098,1.04190195
2.68626098,1.21829891
2.68690098,1.21829891
2.68754098,1.21829891
2.68818098,1.04190195
2.68882098,1.04190195
2.68946098,1.04190195
2.69010098,1.04190195
2.69074098,1.04190195
2.69138098,1.04190195
2.69202098,1.04190195
2.69266098,1.04190195
2.69330098,1.04190195
2.69394098,1.04190195
2.69458098,1.04190195
2.69522098,1.04190195
2.69586098,0.86550492
2.69650098,1.04190195
2.69714098,1.04190195
2.69778098,1.04190195
2.69842098,1.04190195
2.69906098,1.04190195
2.69970098,0.86550492
2.70034098,0.86550492
2.70098098,0.86550492
2.70162098,0.86550492
2.70226098,0.86550492
2.70290098,0.86550492
2.70354098,0.86550492
2.70418098,0.86550492
2.70482098,0.86550492
2.70546098,0.86550492
2.70610098,0.86550492
2.70674098,0.86550492
2.70738098,0.86550492
2.70802098,0.86550492
2.70866098,0.86550492
2.70930098,0.86550492
2.70994098,0.86550492
2.71058098,0.86550492
2.71122098,0.86550492
2.71186098,0.86550492
2.71250098,0.86550492
2.71314098,0.68971831
2.71378098,0.86550492
2.71442098,0.86550492
2.71506098,0.68971831
2.71570098,0.86550492
2.71634098,0.86550492
2.71698098,0.86550492
2.71762098,0.68971831
2.71826098,0.68971831
2.71890098,0.86550492
2.71954098,0.68971831
2.72018098,0.68971831
2.72082098,0.68971831
2.72146098,0.68971831
2.72210098,0.68971831
2.72274098,0.68971831
2.72338098,0.68971831
2.72402098,0.68971831
2.72466098,0.68971831
2.72530098,0.68971831
2.72594098,0.68971831
2.72658098,0.68971831
2.72722098,0.68971831
2.72786098,0.51332134
2.72850098,0.68971831
2.72914098,0.68971831
2.72978098,0.51332134
2.73042098,0.51332134
2.73106098,0.68971831
2.73170098,0.51332134
2.73234098,0.51332134
2.73298098,0.51332134
2.73362098,0.51332134
2.73426098,0.51332134
2.73490098,0.51332134
2.73554098,0.51332134
2.73618098,0.51332134
2.73682098,0.51332134
2.73746098,0.51332134
2.73810098,0.51332134
2.73874098,0.51332134
2.73938098,0.33692434
2.74002098,0.33692434
2.74066098,0.33692434
2.74130098,0.33692434
2.74194098,0.33692434
2.74258098,0.33692434
2.74322098,0.33692434
2.74386098,0.16052736
2.74450098,0.33692434
2.74514098,0.33692434
2.74578098,0.16052736
2.74642098,0.16052736
2.74706098,0.16052736
2.74770098,0.16052736
2.74834098,0.16052736
2.74898098,0.16052736
2.74962098,-0.01525925
2.75026098,-0.01525925
2.75090098,0.16052736
2.75154098,-0.01525925
2.75218098,-0.19104587
2.75282098,-0.19104587
2.75346098,-0.19104587
2.75410098,-0.19104587
2.75474098,-0.19104587
2.75538098,-0.19104587
2.75602098,-0.19104587
2.75666098,-0.19104587
2.75730098,-0.36744285
2.75794098,-0.36744285
2.75858098,-0.19104587
2.75922098,-0.36744285
2.75986098,-0.36744285
2.76050098,-0.36744285
2.76114098,-0.36744285
2.76178098,-0.36744285
2.76242098,-0.36744285
2.76306098,-0.54383981
2.76370098,-0.54383981
2.76434098,-0.54383981
2.76498098,-0.54383981
2.76562098,-0.54383981
2.76626098,-0.54383981
2.76690098,-0.72023684
2.76754098,-0.72023684
2.76818098,-0.72023684
2.76882098,-0.72023684
2.76946098,-0.72023684
2.77010098,-0.89602345
2.77074098,-0.72023684
2.77138098,-0.89602345
2.77202098,-0.89602345
2.77266098,-0.89602345
2.77330098,-0.89602345
2.77394098,-0.89602345
2.77458098,-0.89602345
2.77522098,-1.07242048
2.77586098,-0.89602345
2.77650098,-0.89602345
2.77714098,-1.07242048
2.77778098,-1.07242048
2.77842098,-1.07242048
2.77906098,-1.07242048
2.77970098,-1.07242048
2.78034098,-1.07242048
2.78098098,-1.07242048
2.78162098,-1.07242048
2.78226098,-1.07242048
2.78290098,-1.07242048
2.78354098,-1.07242048
2.78418098,-1.07242048
2.78482098,-1.07242048
2.78546098,-1.07242048
2.78610098,-1.07242048
2.78674098,-1.07242048
2.78738098,-1.07242048
2.78802098,-1.07242048
2.78866098,-1.24881744
2.78930098,-1.07242048
2.78994098,-1.07242048
2.79058098,-1.07242048
2.79122098,-1.07242048
2.79186098,-1.07242048
2.79250098,-1.07242048
2.79314098,-1.07242048
2.79378098,-1.07242048
2.79442098,-1.07242048
2.79506098,-1.07242048
2.79570098,-1.07242048
2.79634098,-1.07242048
2.79698098,-1.07242048
2.79762098,-1.07242048
2.79826098,-1.07242048
2.79890098,-1.07242048
2.79954098,-0.89602345
2.80018098,-1.07242048
2.80082098,-1.07242048
2.80146098,-1.07242048
2.80210098,-1.07242048
2.80274098,-1.07242048
2.80338098,-1.07242048
2.80402098,-1.07242048
2.80466098,-0.89602345
2.80530098,-1.07242048
2.80594098,-0.89602345
2.80658098,-0.89602345
2.80722098,-0.89602345
2.80786098,-0.89602345
2.80850098,-0.89602345
2.80914098,-0.89602345
2.80978098,-0.89602345
2.81042098,-0.89602345
2.81106098,-0.89602345
2.81170098,-0.89602345
2.81234098,-0.89602345
2.81298098,-0.89602345
2.81362098,-0.72023684
2.81426098,-0.72023684
2.81490098,-0.89602345
2.81554098,-0.72023684
2.81618098,-0.72023684
2.81682098,-0.72023684
2.81746098,-0.72023684
2.81810098,-0.72023684
2.81874098,-0.72023684
2.81938098,-0.72023684
2.82002098,-0.72023684
2.82066098,-0.72023684
2.82130098,-0.54383981
2.82194098,-0.54383981
2.82258098,-0.72023684
2.82322098,-0.54383981
2.82386098,-0.54383981
2.82450098,-0.54383981
2.82514098,-0.54383981
2.82578098,-0.54383981
2.82642098,-0.54383981
2.82706098,-0.54383981
2.82770098,-0.36744285
2.82834098,-0.54383981
2.82898098,-0.54383981
2.82962098,-0.54383981
2.83026098,-0.54383981
2.83090098,-0.36744285
2.83154098,-0.54383981
2.83218098,-0.36744285
2.83282098,-0.36744285
2.83346098,-0.36744285
2.83410098,-0.36744285
2.83474098,-0.36744285
2.83538098,-0.36744285
2.83602098,-0.36744285
2.83666098,-0.36744285
2.83730098,-0.36744285
2.83794098,-0.36744285
2.83858098,-0.36744285
2.83922098,-0.36744285
2.83986098,-0.36744285
2.84050098,-0.36744285
2.84114098,-0.36744285
2.84178098,-0.36744285
2.84242098,-0.36744285
2.84306098,-0.36744285
2.84370098,-0.36744285
2.84434098,-0.36744285
2.84498098,-0.36744285
2.84562098,-0.19104587
2.84626098,-0.36744285
2.84690098,-0.19104587
2.84754098,-0.19104587
2.84818098,-0.19104587
2.84882098,-0.19104587
2.84946098,-0.19104587
2.85010098,-0.19104587
2.85074098,-0.19104587
2.85138098,-0.19104587
2.85202098,-0.19104587
2.85266098,-0.19104587
2.85330098,-0.01525925
2.85394098,-0.01525925
2.85458098,-0.01525925
2.85522098,-0.01525925
2.85586098,-0.01525925
2.85650098,0.16052736
2.85714098,0.16052736
2.85778098,-0.01525925
2.85842098,0.16052736
2.85906098,0.16052736
2.85970098,-0.01525925
2.86034098,0.16052736
2.86098098,0.16052736
2.86162098,0.16052736
2.86226098,0.33692434
2.86290098,0.16052736
2.86354098,0.33692434
2.86418098,0.33692434
2.86482098,0.33692434
2.86546098,0.33692434
2.86610098,0.33692434
2.86674098,0.33692434
2.86738098,0.33692434
2.86802098,0.33692434
2.86866098,0.33692434
2.86930098,0.51332134
2.86994098,0.51332134
2.87058098,0.51332134
2.87122098,0.33692434
2.87186098,0.51332134
2.87250098,0.51332134
2.87314098,0.51332134
2.87378098,0.51332134
2.87442098,0.51332134
2.87506098,0.68971831
2.87570098,0.68971831
2.87634098,0.68971831
2.87698098,0.68971831
2.87762098,0.68971831
2.87826098,0.68971831
2.87890098,0.86550492
2.87954098,0.68971831
2.88018098,0.86550492
2.88082098,0.86550492
2.88146098,0.86550492
2.88210098,0.86550492
2.88274098,0.86550492
2.88338098,0.86550492
2.88402098,1.04190195
2.88466098,0.86550492
2.88530098,1.04190195
2.88594098,1.04190195
2.88658098,0.86550492
2.88722098,1.04190195
2.88786098,1.04190195
2.88850098,1.04190195
2.88914098,1.04190195
2.88978098,1.04190195
2.89042098,1.04190195
2.89106098,1.21829891
2.89170098,1.21829891
2.89234098,1.04190195
2.89298098,1.04190195
2.89362098,1.04190195
2.89426098,1.04190195
2.89490098,1.21829891
2.89554098,1.21829891
2.89618098,1.21829891
2.89682098,1.21829891
2.89746098,1.21829891
2.89810098,1.04190195
2.89874098,1.21829891
2.89938098,1.04190195
2.90002098,1.21829891
2.90066098,1.21829891
2.90130098,1.21829891
2.90194098,1.21829891
2.90258098,1.21829891
2.90322098,1.04190195
2.90386098,1.04190195
2.90450098,1.21829891
2.90514098,1.21829891
2.90578098,1.04190195
2.90642098,1.21829891
2.90706098,1.04190195
2.90770098,1.04190195
2.90834098,1.04190195
2.90898098,1.04190195
2.90962098,1.04190195
2.91026098,1.04190195
2.91090098,1.04190195
2.91154098,1.04190195
2.91218098,1.04190195
2.91282098,1.04190195
2.91346098,1.04190195
2.91410098,1.04190195
2.91474098,1.04190195
2.91538098,0.86550492
2.91602098,0.86550492
2.91666098,0.86550492
2.91730098,0.86550492
2.91794098,0.86550492
2.91858098,0.86550492
2.91922098,0.86550492
2.91986098,0.68971831
2.92050098,0.86550492
2.92114098,0.68971831
2.92178098,0.68971831
2.92242098,0.86550492
2.92306098,0.68971831
2.92370098,0.68971831
2.92434098,0.68971831
2.92498098,0.68971831
2.92562098,0.68971831
2.92626098,0.68971831
2.92690098,0.68971831
2.92754098,0.68971831
2.92818098,0.51332134
2.92882098,0.51332134
2.92946098,0.68971831
2.93010098,0.68971831
2.93074098,0.68971831
2.93138098,0.68971831
2.93202098,0.51332134
2.93266098,0.51332134
2.93330098,0.51332134
2.93394098,0.51332134
2.93458098,0.51332134
2.93522098,0.33692434
2.93586098,0.51332134
2.93650098,0.51332134
2.93714098,0.33692434
2.93778098,0.33692434
2.93842098,0.33692434
2.93906098,0.33692434
2.93970098,0.33692434
2.94034098,0.33692434
2.94098098,0.33692434
2.94162098,0.33692434
2.94226098,0.33692434
2.94290098,0.33692434
2.94354098,0.33692434
2.94418098,0.33692434
2.94482098,0.33692434
2.94546098,0.33692434
2.94610098,0.33692434
2.94674098,0.33692434
2.94738098,0.33692434
2.94802098,0.33692434
2.94866098,0.16052736
2.94930098,0.33692434
2.94994098,0.16052736
2.95058098,0.16052736
2.95122098,0.16052736
2.95186098,0.16052736
2.95250098,0.16052736
2.95314098,0.16052736
2.95378098,0.16052736
2.95442098,0.16052736
2.95506098,0.16052736
2.95570098,0.16052736
2.95634098,0.16052736
2.95698098,0.16052736
2.95762098,0.16052736
2.95826098,0.16052736
2.95890098,-0.01525925
2.95954098,0.16052736
2.96018098,-0.01525925
2.96082098,-0.01525925
2.96146098,-0.01525925
2.96210098,-0.01525925
2.96274098,-0.01525925
2.96338098,-0.01525925
2.96402098,-0.01525925
2.96466098,-0.01525925
2.96530098,-0.19104587
2.96594098,-0.19104587
2.96658098,-0.19104587
2.96722098,-0.19104587
2.96786098,-0.19104587
2.96850098,-0.19104587
2.96914098,-0.19104587
2.96978098,-0.19104587
2.97042098,-0.19104587
2.97106098,-0.19104587
2.97170098,-0.19104587
2.97234098,-0.19104587
2.97298098,-0.36744285
2.97362098,-0.36744285
2.97426098,-0.36744285
2.97490098,-0.36744285
2.97554098,-0.36744285
2.97618098,-0.36744285
2.97682098,-0.36744285
2.97746098,-0.36744285
2.97810098,-0.36744285
2.97874098,-0.36744285
2.97938098,-0.36744285
2.98002098,-0.36744285
2.98066098,-0.36744285
2.98130098,-0.54383981
2.98194098,-0.54383981
2.98258098,-0.54383981
2.98322098,-0.54383981
2.98386098,-0.54383981
2.98450098,-0.54383981
2.98514098,-0.54383981
2.98578098,-0.54383981
2.98642098,-0.72023684
2.98706098,-0.72023684
2.98770098,-0.72023684
2.98834098,-0.72023684
2.98898098,-0.72023684
2.98962098,-0.72023684
2.99026098,-0.72023684
2.99090098,-0.72023684
2.99154098,-0.89602345
2.99218098,-0.72023684
2.99282098,-0.72023684
2.99346098,-0.89602345
2.99410098,-0.89602345
2.99474098,-0.89602345
2.99538098,-0.89602345
2.99602098,-0.89602345
2.99666098,-0.89602345
2.99730098,-0.89602345
2.99794098,-0.89602345
2.99858098,-0.89602345
2.99922098,-0.89602345
2.99986098,-0.89602345
3.00050098,-0.89602345
3.00114098,-1.07242048
3.00178098,-1.07242048
3.00242098,-0.89602345
3.00306098,-1.07242048
3.00370098,-1.07242048
3.00434098,-0.89602345
3.00498098,-1.07242048
3.00562098,-1.07242048
3.00626098,-0.89602345
3.00690098,-1.07242048
3.00754098,-1.07242048
3.00818098,-1.07242048
3.00882098,-1.07242048
3.00946098,-1.07242048
3.01010098,-1.07242048
3.01074098,-1.07242048
3.01138098,-1.07242048
3.01202098,-1.07242048
3.01266098,-1.07242048
3.01330098,-1.07242048
3.01394098,-1.07242048
3.01458098,-1.07242048
3.01522098,-1.07242048
3.01586098,-1.07242048
3.01650098,-0.89602345
3.01714098,-1.07242048
3.01778098,-0.89602345
3.01842098,-1.07242048
3.01906098,-0.89602345
3.01970098,-0.89602345
3.02034098,-0.89602345
3.02098098,-0.89602345
3.02162098,-0.89602345
3.02226098,-0.89602345
3.02290098,-0.89602345
3.02354098,-0.89602345
3.02418098,-0.89602345
3.02482098,-0.89602345
3.02546098,-0.89602345
3.02610098,-0.89602345
3.02674098,-0.89602345
3.02738098,-0.89602345
3.02802098,-0.72023684
3.02866098,-0.72023684
3.02930098,-0.72023684
3.02994098,-0.72023684
3.03058098,-0.72023684
3.03122098,-0.72023684
3.03186098,-0.72023684
3.03250098,-0.89602345
3.03314098,-0.72023684
3.03378098,-0.72023684
3.03442098,-0.72023684
3.03506098,-0.54383981
3.03570098,-0.54383981
3.03634098,-0.54383981
3.03698098,-0.54383981
3.03762098,-0.54383981
3.03826098,-0.54383981
3.03890098,-0.54383981
3.03954098,-0.54383981
3.04018098,-0.36744285
3.04082098,-0.36744285
3.04146098,-0.36744285
3.04210098,-0.36744285
3.04274098,-0.36744285
3.04338098,-0.36744285
3.04402098,-0.36744285
3.04466098,-0.36744285
3.04530098,-0.36744285
3.04594098,-0.36744285
3.04658098,-0.19104587
3.04722098,-0.36744285
3.04786098,-0.19104587
3.04850098,-0.36744285
3.04914098,-0.19104587
3.04978098,-0.19104587
3.05042098,-0.19104587
3.05106098,-0.19104587
3.05170098,-0.19104587
3.05234098,-0.19104587
3.05298098,-0.19104587
3.05362098,-0.19104587
3.05426098,-0.19104587
3.05490098,-0.01525925
3.05554098,-0.19104587
3.05618098,-0.19104587
3.05682098,-0.19104587
3.05746098,-0.01525925
3.05810098,-0.01525925
3.05874098,-0.01525925
3.05938098,-0.01525925
3.06002098,-0.01525925
3.06066098,-0.01525925
3.06130098,-0.01525925
3.06194098,-0.01525925
3.06258098,-0.01525925
3.06322098,0.16052736
3.06386098,0.16052736
3.06450098,0.16052736
3.06514098,0.16052736
3.06578098,0.16052736
3.06642098,0.16052736
3.06706098,0.16052736
3.06770098,0.16052736
3.06834098,0.16052736
3.06898098,0.16052736
3.06962098,0.16052736
3.07026098,0.16052736
3.07090098,0.16052736
3.07154098,0.16052736
3.07218098,0.16052736
3.07282098,0.16052736
3.07346098,0.16052736
3.07410098,0.33692434
3.07474098,0.33692434
3.07538098,0.33692434
3.07602098,0.33692434
3.07666098,0.33692434
3.07730098,0.33692434
3.07794098,0.33692434
3.07858098,0.33692434
3.07922098,0.33692434
3.07986098,0.33692434
3.08050098,0.33692434
3.08114098,0.33692434
3.08178098,0.33692434
3.08242098,0.33692434
3.08306098,0.33692434
3.08370098,0.33692434
3.08434098,0.33692434
3.08498098,0.51332134
3.08562098,0.51332134
3.08626098,0.51332134
3.08690098,0.51332134
3.08754098,0.51332134
3.08818098,0.51332134
3.08882098,0.51332134
3.08946098,0.51332134
3.09010098,0.51332134
3.09074098,0.51332134
3.09138098,0.51332134
3.09202098,0.51332134
3.09266098,0.51332134
3.09330098,0.68971831
3.09394098,0.51332134
3.09458098,0.51332134
3.09522098,0.51332134
3.09586098,0.68971831
3.09650098,0.68971831
3.09714098,0.68971831
3.09778098,0.68971831
3.09842098,0.68971831
3.09906098,0.68971831
3.09970098,0.68971831
3.10034098,0.68971831
3.10098098,0.86550492
3.10162098,0.86550492
3.10226098,0.86550492
3.10290098,0.86550492
3.10354098,0.86550492
3.10418098,0.86550492
3.10482098,0.86550492
3.10546098,0.86550492
3.10610098,0.86550492
3.10674098,0.86550492
3.10738098,0.86550492
3.10802098,0.86550492
3.10866098,0.86550492
3.10930098,0.86550492
3.10994098,0.86550492
3.11058098,1.04190195
3.11122098,0.86550492
3.11186098,1.04190195
3.11250098,1.04190195
3.11314098,1.04190195
3.11378098,1.04190195
3.11442098,0.86550492
3.11506098,0.86550492
3.11570098,1.04190195
3.11634098,0.86550492
3.11698098,1.04190195
3.11762098,0.86550492
3.11826098,1.04190195
3.11890098,1.04190195
3.11954098,1.04190195
3.12018098,1.04190195
3.12082098,1.04190195
3.12146098,1.04190195
3.12210098,1.04190195
3.12274098,1.04190195
3.12338098,0.86550492
3.12402098,1.04190195
3.12466098,1.04190195
3.12530098,1.04190195
3.12594098,0.86550492
3.12658098,1.04190195
3.12722098,1.04190195
3.12786098,1.04190195
3.12850098,0.86550492
3.12914098,0.86550492
3.12978098,0.86550492
3.13042098,0.86550492
3.13106098,0.86550492
3.13170098,0.86550492
3.13234098,0.86550492
3.13298098,0.86550492
3.13362098,0.86550492
3.13426098,0.86550492
3.13490098,0.86550492
3.13554098,0.86550492
3.13618098,0.86550492
3.13682098,0.86550492
3.13746098,0.68971831
3.13810098,0.86550492
3.13874098,0.68971831
3.13938098,0.68971831
3.14002098,0.68971831
3.14066098,0.68971831
3.14130098,0.68971831
3.14194098,0.68971831
3.14258098,0.68971831
3.14322098,0.68971831
3.14386098,0.51332134
3.14450098,0.51332134
3.14514098,0.51332134
3.14578098,0.51332134
3.14642098,0.51332134
3.14706098,0.51332134
3.14770098,0.51332134
3.14834098,0.51332134
3.14898098,0.51332134
3.14962098,0.51332134
3.15026098,0.33692434
3.15090098,0.33692434
3.15154098,0.33692434
3.15218098,0.33692434
3.15282098,0.33692434
3.15346098,0.33692434
3.15410098,0.33692434
3.15474098,0.33692434
3.15538098,0.33692434
3.15602098,0.16052736
3.15666098,0.33692434
3.15730098,0.16052736
3.15794098,0.16052736
3.15858098,0.16052736
3.15922098,0.16052736
3.15986098,0.16052736
3.16050098,0.16052736
3.16114098,0.16052736
3.16178098,0.16052736
3.16242098,0.16052736
3.16306098,0.16052736
3.16370098,-0.01525925
3.16434098,-0.01525925
3.16498098,-0.01525925
3.16562098,-0.01525925
3.16626098,-0.01525925
3.16690098,-0.01525925
3.16754098,-0.01525925
3.16818098,-0.01525925
3.16882098,-0.19104587
3.16946098,-0.01525925
3.17010098,-0.19104587
3.17074098,-0.19104587
3.17138098,-0.19104587
3.17202098,-0.19104587
3.17266098,-0.19104587
3.17330098,-0.19104587
3.17394098,-0.19104587
3.17458098,-0.19104587
3.17522098,-0.19104587
3.17586098,-0.19104587
3.17650098,-0.36744285
3.17714098,-0.19104587
3.17778098,-0.19104587
3.17842098,-0.19104587
3.17906098,-0.36744285
3.17970098,-0.36744285
3.18034098,-0.36744285
3.18098098,-0.36744285
3.18162098,-0.36744285
3.18226098,-0.36744285
3.18290098,-0.36744285
3.18354098,-0.36744285
3.18418098,-0.36744285
3.18482098,-0.36744285
3.18546098,-0.36744285
3.18610098,-0.36744285
3.18674098,-0.36744285
3.18738098,-0.36744285
3.18802098,-0.36744285
3.18866098,-0.36744285
3.18930098,-0.36744285
3.18994098,-0.36744285
3.19058098,-0.36744285
3.19122098,-0.36744285
3.19186098,-0.36744285
3.19250098,-0.36744285
3.19314098,-0.36744285
3.19378098,-0.36744285
3.19442098,-0.54383981
3.19506098,-0.36744285
3.19570098,-0.54383981
3.19634098,-0.36744285
3.19698098,-0.54383981
3.19762098,-0.36744285
3.19826098,-0.36744285
3.19890098,-0.54383981
3.19954098,-0.54383981
3.20018098,-0.54383981
3.20082098,-0.54383981
3.20146098,-0.54383981
3.20210098,-0.54383981
3.20274098,-0.54383981
3.20338098,-0.54383981
3.20402098,-0.54383981
3.20466098,-0.54383981
3.20530098,-0.54383981
3.20594098,-0.72023684
3.20658098,-0.54383981
3.20722098,-0.72023684
3.20786098,-0.54383981
3.20850098,-0.72023684
3.20914098,-0.72023684
3.20978098,-0.72023684
3.21042098,-0.72023684
3.21106098,-0.54383981
3.21170098,-0.72023684
3.21234098,-0.72023684
3.21298098,-0.72023684
3.21362098,-0.72023684
3.21426098,-0.72023684
3.21490098,-0.72023684
3.21554098,-0.72023684
3.21618098,-0.72023684
3.21682098,-0.72023684
3.21746098,-0.89602345
3.21810098,-0.72023684
3.21874098,-0.72023684
3.21938098,-0.89602345
3.22002098,-0.72023684
3.22066098,-0.89602345
3.22130098,-0.72023684
3.22194098,-0.72023684
3.22258098,-0.89602345
3.22322098,-0.72023684
3.22386098,-0.89602345
3.22450098,-0.89602345
3.22514098,-0.89602345
3.22578098,-0.89602345
3.22642098,-0.89602345
3.22706098,-0.89602345
3.22770098,-0.89602345
3.22834098,-0.89602345
3.22898098,-0.72023684
3.22962098,-0.89602345
3.23026098,-0.89602345
3.23090098,-0.89602345
3.23154098,-0.72023684
3.23218098,-0.89602345
3.23282098,-0.89602345
3.23346098,-0.72023684
3.23410098,-0.89602345
3.23474098,-0.89602345
3.23538098,-0.89602345
3.23602098,-0.89602345
3.23666098,-0.72023684
3.23730098,-0.89602345
3.23794098,-0.89602345
3.23858098,-0.89602345
3.23922098,-0.89602345
3.23986098,-0.89602345
3.24050098,-0.72023684
3.24114098,-0.89602345
3.24178098,-0.72023684
3.24242098,-0.72023684
3.24306098,-0.89602345
3.24370098,-0.72023684
3.24434098,-0.72023684
3.24498098,-0.72023684
3.24562098,-0.72023684
3.24626098,-0.72023684
3.24690098,-0.72023684
3.24754098,-0.54383981
3.24818098,-0.54383981
3.24882098,-0.54383981
3.24946098,-0.54383981
3.25010098,-0.54383981
3.25074098,-0.54383981
3.25138098,-0.54383981
3.25202098,-0.54383981
3.25266098,-0.54383981
3.25330098,-0.36744285
3.25394098,-0.54383981
3.25458098,-0.54383981
3.25522098,-0.36744285
3.25586098,-0.54383981
3.25650098,-0.36744285
3.25714098,-0.36744285
3.25778098,-0.36744285
3.25842098,-0.36744285
3.25906098,-0.36744285
3.25970098,-0.36744285
3.26034098,-0.36744285
3.26098098,-0.36744285
3.26162098,-0.36744285
3.26226098,-0.19104587
3.26290098,-0.36744285
3.26354098,-0.19104587
3.26418098,-0.19104587
3.26482098,-0.19104587
3.26546098,-0.19104587
3.26610098,-0.19104587
3.26674098,-0.19104587
3.26738098,-0.19104587
3.26802098,-0.01525925
3.26866098,-0.01525925
3.26930098,-0.01525925
3.26994098,-0.01525925
3.27058098,-0.01525925
3.27122098,-0.01525925
3.27186098,-0.01525925
3.27250098,0.16052736
3.27314098,-0.01525925
3.27378098,0.16052736
3.27442098,0.16052736
3.27506098,0.16052736
3.27570098,0.16052736
3.27634098,0.16052736
3.27698098,0.16052736
3.27762098,0.16052736
3.27826098,0.16052736
3.27890098,0.16052736
3.27954098,0.16052736
3.28018098,0.33692434
3.28082098,0.33692434
3.28146098,0.33692434
3.28210098,0.33692434
3.28274098,0.33692434
3.28338098,0.33692434
3.28402098,0.33692434
3.28466098,0.33692434
3.28530098,0.33692434
3.28594098,0.33692434
3.28658098,0.33692434
3.28722098,0.33692434
3.28786098,0.33692434
3.28850098,0.33692434
3.28914098,0.33692434
3.28978098,0.33692434
3.29042098,0.51332134
3.29106098,0.33692434
3.29170098,0.51332134
3.29234098,0.33692434
3.29298098,0.51332134
3.29362098,0.33692434
3.29426098,0.51332134
3.29490098,0.51332134
3.29554098,0.33692434
3.29618098,0.51332134
3.29682098,0.51332134
3.29746098,0.51332134
3.29810098,0.51332134
3.29874098,0.51332134
3.29938098,0.51332134
3.30002098,0.51332134
3.30066098,0.51332134
3.30130098,0.51332134
3.30194098,0.51332134
3.30258098,0.51332134
3.30322098,0.51332134
3.30386098,0.51332134
3.30450098,0.51332134
3.30514098,0.51332134
3.30578098,0.51332134
3.30642098,0.51332134
3.30706098,0.68971831
3.30770098,0.51332134
3.30834098,0.51332134
3.30898098,0.51332134
3.30962098,0.51332134
3.31026098,0.51332134
3.31090098,0.51332134
3.31154098,0.68971831
3.31218098,0.51332134
3.31282098,0.68971831
3.31346098,0.68971831
3.31410098,0.68971831
3.31474098,0.51332134
3.31538098,0.68971831
3.31602098,0.68971831
3.31666098,0.68971831
3.31730098,0.68971831
3.31794098,0.68971831
3.31858098,0.68971831
3.31922098,0.68971831
3.31986098,0.68971831
3.32050098,0.68971831
3.32114098,0.68971831
3.32178098,0.86550492
3.32242098,0.68971831
3.32306098,0.68971831
3.32370098,0.86550492
3.32434098,0.68971831
3.32498098,0.68971831
3.32562098,0.68971831
3.32626098,0.68971831
3.32690098,0.68971831
3.32754098,0.68971831
3.32818098,0.86550492
3.32882098,0.68971831
3.32946098,0.68971831
3.33010098,0.86550492
3.33074098,0.68971831
3.33138098,0.68971831
3.33202098,0.68971831
3.33266098,0.68971831
3.33330098,0.68971831
3.33394098,0.68971831
3.33458098,0.68971831
3.33522098,0.68971831
3.33586098,0.68971831
3.33650098,0.68971831
3.33714098,0.68971831
3.33778098,0.86550492
3.33842098,0.68971831
3.33906098,0.86550492
3.33970098,0.68971831
3.34034098,0.86550492
3.34098098,0.86550492
3.34162098,0.68971831
3.34226098,0.68971831
3.34290098,0.68971831
3.34354098,0.68971831
3.34418098,0.68971831
3.34482098,0.68971831
3.34546098,0.68971831
3.34610098,0.86550492
3.34674098,0.68971831
3.34738098,0.68971831
3.34802098,0.68971831
3.34866098,0.68971831
3.34930098,0.68971831
3.34994098,0.68971831
3.35058098,0.68971831
3.35122098,0.68971831
3.35186098,0.68971831
3.35250098,0.68971831
3.35314098,0.51332134
3.35378098,0.51332134
3.35442098,0.51332134
3.35506098,0.51332134
3.35570098,0.68971831
3.35634098,0.51332134
3.35698098,0.51332134
3.35762098,0.51332134
3.35826098,0.51332134
3.35890098,0.51332134
3.35954098,0.51332134
3.36018098,0.51332134
3.36082098,0.51332134
3.36146098,0.51332134
3.36210098,0.33692434
3.36274098,0.51332134
3.36338098,0.51332134
3.36402098,0.51332134
3.36466098,0.33692434
3.36530098,0.33692434
3.36594098,0.33692434
3.36658098,0.33692434
3.36722098,0.33692434
3.36786098,0.33692434
3.36850098,0.33692434
3.36914098,0.33692434
3.36978098,0.33692434
3.37042098,0.33692434
3.37106098,0.16052736
3.37170098,0.33692434
3.37234098,0.16052736
3.37298098,0.16052736
3.37362098,0.16052736
3.37426098,0.16052736
3.37490098,0.16052736
3.37554098,0.16052736
3.37618098,-0.01525925
3.37682098,0.16052736
3.37746098,0.16052736
3.37810098,0.16052736
3.37874098,-0.01525925
3.37938098,-0.01525925
3.38002098,-0.01525925
3.38066098,-0.19104587
3.38130098,-0.01525925
3.38194098,-0.01525925
3.38258098,-0.01525925
3.38322098,-0.19104587
3.38386098,-0.19104587
3.38450098,-0.19104587
3.38514098,-0.19104587
3.38578098,-0.19104587
3.38642098,-0.19104587
3.38706098,-0.19104587
3.38770098,-0.19104587
3.38834098,-0.19104587
3.38898098,-0.19104587
3.38962098,-0.36744285
3.39026098,-0.36744285
3.39090098,-0.36744285
3.39154098,-0.36744285
3.39218098,-0.36744285
3.39282098,-0.36744285
3.39346098,-0.36744285
3.39410098,-0.36744285
3.39474098,-0.36744285
3.39538098,-0.36744285
3.39602098,-0.36744285
3.39666098,-0.36744285
3.39730098,-0.36744285
3.39794098,-0.36744285
3.39858098,-0.36744285
3.39922098,-0.36744285
3.39986098,-0.54383981
3.40050098,-0.54383981
3.40114098,-0.36744285
3.40178098,-0.54383981
3.40242098,-0.54383981
3.40306098,-0.36744285
3.40370098,-0.36744285
3.40434098,-0.54383981
3.40498098,-0.54383981
3.40562098,-0.54383981
3.40626098,-0.54383981
3.40690098,-0.54383981
3.40754098,-0.54383981
3.40818098,-0.54383981
3.40882098,-0.54383981
3.40946098,-0.54383981
3.41010098,-0.54383981
3.41074098,-0.54383981
3.41138098,-0.54383981
3.41202098,-0.54383981
3.41266098,-0.54383981
3.41330098,-0.54383981
3.41394098,-0.54383981
3.41458098,-0.54383981
3.41522098,-0.72023684
3.41586098,-0.72023684
3.41650098,-0.72023684
3.41714098,-0.54383981
3.41778098,-0.54383981
3.41842098,-0.54383981
3.41906098,-0.54383981
3.41970098,-0.54383981
3.42034098,-0.54383981
3.42098098,-0.72023684
3.42162098,-0.54383981
3.42226098,-0.72023684
3.42290098,-0.54383981
3.42354098,-0.72023684
3.42418098,-0.72023684
3.42482098,-0.54383981
3.42546098,-0.54383981
3.42610098,-0.54383981
3.42674098,-0.54383981
3.42738098,-0.54383981
3.42802098,-0.54383981
3.42866098,-0.54383981
3.42930098,-0.54383981
3.42994098,-0.72023684
3.43058098,-0.54383981
3.43122098,-0.72023684
3.43186098,-0.54383981
3.43250098,-0.72023684
3.43314098,-0.54383981
3.43378098,-0.72023684
3.43442098,-0.54383981
3.43506098,-0.72023684
3.43570098,-0.72023684
3.43634098,-0.72023684
3.43698098,-0.72023684
3.43762098,-0.72023684
3.43826098,-0.54383981
3.43890098,-0.72023684
3.43954098,-0.72023684
3.44018098,-0.72023684
3.44082098,-0.72023684
3.44146098,-0.54383981
3.44210098,-0.54383981
3.44274098,-0.54383981
3.44338098,-0.54383981
3.44402098,-0.54383981
3.44466098,-0.72023684
3.44530098,-0.54383981
3.44594098,-0.54383981
3.44658098,-0.54383981
3.44722098,-0.72023684
3.44786098,-0.54383981
3.44850098,-0.54383981
3.44914098,-0.54383981
3.44978098,-0.72023684
3.45042098,-0.54383981
3.45106098,-0.54383981
3.45170098,-0.54383981
3.45234098,-0.54383981
3.45298098,-0.54383981
3.45362098,-0.54383981
3.45426098,-0.54383981
3.45490098,-0.54383981
3.45554098,-0.54383981
3.45618098,-0.54383981
3.45682098,-0.54383981
3.45746098,-0.54383981
3.45810098,-0.54383981
3.45874098,-0.54383981
3.45938098,-0.54383981
3.46002098,-0.54383981
3.46066098,-0.54383981
3.46130098,-0.54383981
3.46194098,-0.36744285
3.46258098,-0.54383981
3.46322098,-0.54383981
3.46386098,-0.54383981
3.46450098,-0.36744285
3.46514098,-0.36744285
3.46578098,-0.36744285
3.46642098,-0.36744285
3.46706098,-0.36744285
3.46770098,-0.36744285
3.46834098,-0.36744285
3.46898098,-0.36744285
3.46962098,-0.36744285
3.47026098,-0.36744285
3.47090098,-0.36744285
3.47154098,-0.36744285
3.47218098,-0.36744285
3.47282098,-0.36744285
3.47346098,-0.36744285
3.47410098,-0.19104587
3.47474098,-0.36744285
3.47538098,-0.36744285
3.47602098,-0.19104587
3.47666098,-0.19104587
3.47730098,-0.19104587
3.47794098,-0.19104587
3.47858098,-0.19104587
3.47922098,-0.19104587
3.47986098,-0.19104587
3.48050098,-0.19104587
3.48114098,-0.19104587
3.48178098,-0.19104587
3.48242098,-0.01525925
3.48306098,-0.19104587
3.48370098,-0.19104587
3.48434098,-0.01525925
3.48498098,-0.01525925
3.48562098,-0.01525925
3.48626098,-0.01525925
3.48690098,-0.01525925
3.48754098,0.16052736
3.48818098,-0.01525925
3.48882098,0.16052736
3.48946098,0.16052736
3.49010098,0.16052736
3.49074098,0.16052736
3.49138098,0.16052736
3.49202098,0.16052736
3.49266098,0.16052736
3.49330098,0.16052736
3.49394098,0.16052736
3.49458098,0.16052736
3.49522098,0.33692434
3.49586098,0.33692434
3.49650098,0.33692434
3.49714098,0.33692434
3.49778098,0.33692434
3.49842098,0.33692434
3.49906098,0.33692434
3.49970098,0.33692434
3.50034098,0.33692434
3.50098098,0.33692434
3.50162098,0.33692434
3.50226098,0.51332134
3.50290098,0.33692434
3.50354098,0.33692434
3.50418098,0.51332134
3.50482098,0.51332134
3.50546098,0.33692434
3.50610098,0.51332134
3.50674098,0.51332134
3.50738098,0.51332134
3.50802098,0.51332134
3.50866098,0.51332134
3.50930098,0.51332134
3.50994098,0.51332134
3.51058098,0.51332134
3.51122098,0.51332134
3.51186098,0.51332134
3.51250098,0.51332134
3.51314098,0.51332134
3.51378098,0.68971831
3.51442098,0.68971831
3.51506098,0.51332134
3.51570098,0.68971831
3.51634098,0.68971831
3.51698098,0.68971831
3.51762098,0.68971831
3.51826098,0.68971831
3.51890098,0.68971831
3.51954098,0.68971831
3.52018098,0.68971831
3.52082098,0.51332134
3.52146098,0.68971831
3.52210098,0.68971831
3.52274098,0.68971831
3.52338098,0.68971831
3.52402098,0.68971831
3.52466098,0.68971831
3.52530098,0.68971831
3.52594098,0.68971831
3.52658098,0.68971831
3.52722098,0.68971831
3.52786098,0.68971831
3.52850098,0.68971831
3.52914098,0.68971831
3.52978098,0.68971831
3.53042098,0.68971831
3.53106098,0.51332134
3.53170098,0.68971831
3.53234098,0.68971831
3.53298098,0.68971831
3.53362098,0.68971831
3.53426098,0.51332134
3.53490098,0.68971831
3.53554098,0.68971831
3.53618098,0.68971831
3.53682098,0.68971831
3.53746098,0.68971831
3.53810098,0.68971831
3.53874098,0.68971831
3.53938098,0.68971831
3.54002098,0.68971831
3.54066098,0.51332134
3.54130098,0.51332134
3.54194098,0.68971831
3.54258098,0.51332134
3.54322098,0.68971831
3.54386098,0.51332134
3.54450098,0.68971831
3.54514098,0.68971831
3.54578098,0.51332134
3.54642098,0.68971831
3.54706098,0.51332134
3.54770098,0.51332134
3.54834098,0.51332134
3.54898098,0.51332134
3.54962098,0.51332134
3.55026098,0.51332134
3.55090098,0.51332134
3.55154098,0.51332134
3.55218098,0.51332134
3.55282098,0.51332134
3.55346098,0.51332134
3.55410098,0.51332134
3.55474098,0.51332134
3.55538098,0.51332134
3.55602098,0.51332134
3.55666098,0.51332134
3.55730098,0.51332134
3.55794098,0.51332134
3.55858098,0.51332134
3.55922098,0.51332134
3.55986098,0.51332134
3.56050098,0.51332134
3.56114098,0.51332134
3.56178098,0.51332134
3.56242098,0.51332134
3.56306098,0.51332134
3.56370098,0.51332134
3.56434098,0.51332134
3.56498098,0.51332134
3.56562098,0.51332134
3.56626098,0.51332134
3.56690098,0.51332134
3.56754098,0.51332134
3.56818098,0.51332134
3.56882098,0.51332134
3.56946098,0.33692434
3.57010098,0.33692434
3.57074098,0.51332134
3.57138098,0.33692434
3.57202098,0.33692434
3.57266098,0.33692434
3.57330098,0.33692434
3.57394098,0.33692434
3.57458098,0.33692434
3.57522098,0.33692434
3.57586098,0.33692434
3.57650098,0.33692434
3.57714098,0.33692434
3.57778098,0.33692434
3.57842098,0.33692434
3.57906098,0.33692434
3.57970098,0.33692434
3.58034098,0.33692434
3.58098098,0.33692434
3.58162098,0.33692434
3.58226098,0.33692434
3.58290098,0.33692434
3.58354098,0.16052736
3.58418098,0.33692434
3.58482098,0.16052736
3.58546098,0.16052736
3.58610098,0.33692434
3.58674098,0.16052736
3.58738098,0.16052736
3.58802098,0.16052736
3.58866098,0.16052736
3.58930098,0.16052736
3.58994098,0.16052736
3.59058098,0.16052736
3.59122098,-0.01525925
3.59186098,-0.01525925
3.59250098,-0.01525925
3.59314098,-0.01525925
3.59378098,-0.01525925
3.59442098,-0.01525925
3.59506098,-0.01525925
3.59570098,-0.01525925
3.59634098,-0.19104587
3.59698098,-0.01525925
3.59762098,-0.19104587
3.59826098,-0.19104587
3.59890098,-0.19104587
3.59954098,-0.19104587
3.60018098,-0.19104587
3.60082098,-0.19104587
3.60146098,-0.19104587
3.60210098,-0.19104587
3.60274098,-0.19104587
3.60338098,-0.19104587
3.60402098,-0.19104587
3.60466098,-0.19104587
3.60530098,-0.19104587
3.60594098,-0.36744285
3.60658098,-0.36744285
3.60722098,-0.36744285
3.60786098,-0.36744285
3.60850098,-0.36744285
3.60914098,-0.36744285
3.60978098,-0.36744285
3.61042098,-0.36744285
3.61106098,-0.36744285
3.61170098,-0.36744285
3.61234098,-0.36744285
3.61298098,-0.36744285
3.61362098,-0.36744285
3.61426098,-0.36744285
3.61490098,-0.36744285
3.61554098,-0.36744285
3.61618098,-0.54383981
3.61682098,-0.54383981
3.61746098,-0.54383981
3.61810098,-0.54383981
3.61874098,-0.54383981
3.61938098,-0.54383981
3.62002098,-0.54383981
3.62066098,-0.54383981
3.62130098,-0.54383981
3.62194098,-0.54383981
3.62258098,-0.54383981
3.62322098,-0.54383981
3.62386098,-0.54383981
3.62450098,-0.54383981
3.62514098,-0.54383981
3.62578098,-0.72023684
3.62642098,-0.54383981
3.62706098,-0.72023684
3.62770098,-0.54383981
3.62834098,-0.72023684
3.62898098,-0.54383981
3.62962098,-0.72023684
3.63026098,-0.72023684
3.63090098,-0.54383981
3.63154098,-0.54383981
3.63218098,-0.54383981
3.63282098,-0.72023684
3.63346098,-0.72023684
3.63410098,-0.54383981
3.63474098,-0.72023684
3.63538098,-0.72023684
3.63602098,-0.54383981
3.63666098,-0.72023684
3.63730098,-0.72023684
3.63794098,-0.54383981
3.63858098,-0.72023684
3.63922098,-0.54383981
3.63986098,-0.72023684
3.64050098,-0.54383981
3.64114098,-0.72023684
3.64178098,-0.72023684
3.64242098,-0.72023684
3.64306098,-0.54383981
3.64370098,-0.54383981
3.64434098,-0.54383981
3.64498098,-0.54383981
3.64562098,-0.54383981
3.64626098,-0.54383981
3.64690098,-0.54383981
3.64754098,-0.54383981
3.64818098,-0.54383981
3.64882098,-0.54383981
3.64946098,-0.54383981
3.65010098,-0.72023684
3.65074098,-0.54383981
3.65138098,-0.54383981
3.65202098,-0.54383981
3.65266098,-0.54383981
3.65330098,-0.54383981
3.65394098,-0.54383981
3.65458098,-0.54383981
3.65522098,-0.54383981
3.65586098,-0.54383981
3.65650098,-0.54383981
3.65714098,-0.54383981
3.65778098,-0.54383981
3.65842098,-0.54383981
3.65906098,-0.54383981
3.65970098,-0.54383981
3.66034098,-0.54383981
3.66098098,-0.54383981
3.66162098,-0.36744285
3.66226098,-0.36744285
3.66290098,-0.36744285
3.66354098,-0.36744285
3.66418098,-0.36744285
3.66482098,-0.36744285
3.66546098,-0.36744285
3.66610098,-0.36744285
3.66674098,-0.54383981
3.66738098,-0.36744285
3.66802098,-0.36744285
3.66866098,-0.36744285
3.66930098,-0.36744285
3.66994098,-0.36744285
3.67058098,-0.36744285
3.67122098,-0.36744285
3.67186098,-0.36744285
3.67250098,-0.36744285
3.67314098,-0.36744285
3.67378098,-0.36744285
3.67442098,-0.36744285
3.67506098,-0.36744285
3.67570098,-0.36744285
3.67634098,-0.36744285
3.67698098,-0.36744285
3.67762098,-0.36744285
3.67826098,-0.36744285
3.67890098,-0.36744285
3.67954098,-0.36744285
3.68018098,-0.36744285
3.68082098,-0.19104587
3.68146098,-0.19104587
3.68210098,-0.19104587
3.68274098,-0.36744285
3.68338098,-0.19104587
3.68402098,-0.19104587
3.68466098,-0.19104587
3.68530098,-0.19104587
3.68594098,-0.19104587
3.68658098,-0.19104587
3.68722098,-0.19104587
3.68786098,-0.19104587
3.68850098,-0.19104587
3.68914098,-0.19104587
3.68978098,-0.19104587
3.69042098,-0.19104587
3.69106098,-0.19104587
3.69170098,-0.19104587
3.69234098,-0.19104587
3.69298098,-0.19104587
3.69362098,-0.01525925
3.69426098,-0.01525925
3.69490098,-0.01525925
3.69554098,-0.19104587
3.69618098,-0.01525925
3.69682098,-0.01525925
3.69746098,-0.01525925
3.69810098,-0.01525925
3.69874098,-0.01525925
3.69938098,-0.01525925
3.70002098,-0.01525925
3.70066098,-0.01525925
3.70130098,-0.01525925
3.70194098,0.16052736
3.70258098,0.16052736
3.70322098,-0.01525925
3.70386098,0.16052736
3.70450098,0.16052736
3.70514098,0.16052736
3.70578098,0.16052736
3.70642098,0.16052736
3.70706098,0.16052736
3.70770098,0.16052736
3.70834098,0.16052736
3.70898098,0.16052736
3.70962098,0.33692434
3.71026098,0.33692434
3.71090098,0.33692434
3.71154098,0.33692434
3.71218098,0.16052736
3.71282098,0.33692434
3.71346098,0.33692434
3.71410098,0.33692434
3.71474098,0.33692434
3.71538098,0.33692434
3.71602098,0.33692434
3.71666098,0.33692434
3.71730098,0.33692434
3.71794098,0.51332134
3.71858098,0.33692434
3.71922098,0.33692434
3.71986098,0.33692434
3.72050098,0.51332134
3.72114098,0.33692434
3.72178098,0.33692434
3.72242098,0.33692434
3.72306098,0.51332134
3.72370098,0.51332134
3.72434098,0.51332134
3.72498098,0.51332134
3.72562098,0.51332134
3.72626098,0.51332134
3.72690098,0.51332134
3.72754098,0.51332134
3.72818098,0.51332134
3.72882098,0.51332134
3.72946098,0.51332134
3.73010098,0.51332134
3.73074098,0.51332134
3.73138098,0.51332134
3.73202098,0.51332134
3.73266098,0.51332134
3.73330098,0.51332134
3.73394098,0.51332134
3.73458098,0.68971831
3.73522098,0.51332134
3.73586098,0.51332134
3.73650098,0.51332134
3.73714098,0.68971831
3.73778098,0.68971831
3.73842098,0.68971831
3.73906098,0.68971831
3.73970098,0.68971831
3.74034098,0.68971831
3.74098098,0.51332134
3.74162098,0.68971831
3.74226098,0.68971831
3.74290098,0.68971831
3.74354098,0.68971831
3.74418098,0.68971831
3.74482098,0.68971831
3.74546098,0.68971831
3.74610098,0.68971831
3.74674098,0.68971831
3.74738098,0.68971831
3.74802098,0.68971831
3.74866098,0.68971831
3.74930098,0.68971831
3.74994098,0.68971831
3.75058098,0.68971831
3.75122098,0.51332134
3.75186098,0.68971831
3.75250098,0.68971831
3.75314098,0.68971831
3.75378098,0.68971831
3.75442098,0.51332134
3.75506098,0.68971831
3.75570098,0.51332134
3.75634098,0.51332134
3.75698098,0.51332134
3.75762098,0.68971831
3.75826098,0.68971831
3.75890098,0.51332134
3.75954098,0.51332134
3.76018098,0.68971831
3.76082098,0.68971831
3.76146098,0.51332134
3.76210098,0.51332134
3.76274098,0.51332134
3.76338098,0.51332134
3.76402098,0.51332134
3.76466098,0.51332134
3.76530098,0.51332134
3.76594098,0.51332134
3.76658098,0.51332134
3.76722098,0.51332134
3.76786098,0.51332134
3.76850098,0.51332134
3.76914098,0.51332134
3.76978098,0.51332134
3.77042098,0.51332134
3.77106098,0.51332134
3.77170098,0.51332134
3.77234098,0.51332134
3.77298098,0.33692434
3.77362098,0.33692434
3.77426098,0.51332134
3.77490098,0.33692434
3.77554098,0.51332134
3.77618098,0.33692434
3.77682098,0.33692434
3.77746098,0.33692434
3.77810098,0.33692434
3.77874098,0.33692434
3.77938098,0.33692434
3.78002098,0.33692434
3.78066098,0.33692434
3.78130098,0.33692434
3.78194098,0.33692434
3.78258098,0.33692434
3.78322098,0.33692434
3.78386098,0.33692434
3.78450098,0.33692434
3.78514098,0.33692434
3.78578098,0.33692434
3.78642098,0.33692434
3.78706098,0.33692434
3.78770098,0.33692434
3.78834098,0.33692434
3.78898098,0.33692434
3.78962098,0.33692434
3.79026098,0.16052736
3.79090098,0.16052736
3.79154098,0.16052736
3.79218098,0.16052736
3.79282098,0.16052736
3.79346098,0.16052736
3.79410098,0.16052736
3.79474098,0.16052736
3.79538098,0.16052736
3.79602098,0.16052736
3.79666098,0.16052736
3.79730098,0.16052736
3.79794098,0.16052736
3.79858098,0.16052736
3.79922098,0.16052736
3.79986098,0.16052736
3.80050098,0.16052736
3.80114098,-0.01525925
3.80178098,0.16052736
3.80242098,-0.01525925
3.80306098,0.16052736
3.80370098,0.16052736
3.80434098,-0.01525925
3.80498098,-0.01525925
3.80562098,-0.01525925
3.80626098,-0.01525925
3.80690098,-0.01525925
3.80754098,-0.01525925
3.80818098,-0.01525925
3.80882098,-0.01525925
3.80946098,-0.01525925
3.81010098,-0.19104587
3.81074098,-0.19104587
3.81138098,-0.01525925
3.81202098,-0.01525925
3.81266098,-0.19104587
3.81330098,-0.19104587
3.81394098,-0.19104587
3.81458098,-0.19104587
3.81522098,-0.19104587
3.81586098,-0.19104587
3.81650098,-0.19104587
3.81714098,-0.19104587
3.81778098,-0.19104587
3.81842098,-0.19104587
3.81906098,-0.19104587
3.81970098,-0.19104587
3.82034098,-0.19104587
3.82098098,-0.19104587
3.82162098,-0.36744285
3.82226098,-0.36744285
3.82290098,-0.36744285
3.82354098,-0.36744285
3.82418098,-0.36744285
3.82482098,-0.36744285
3.82546098,-0.36744285
3.82610098,-0.36744285
3.82674098,-0.36744285
3.82738098,-0.36744285
3.82802098,-0.36744285
3.82866098,-0.36744285
3.82930098,-0.36744285
3.82994098,-0.36744285
3.83058098,-0.36744285
3.83122098,-0.36744285
3.83186098,-0.36744285
3.83250098,-0.36744285
3.83314098,-0.36744285
3.83378098,-0.36744285
3.83442098,-0.36744285
3.83506098,-0.36744285
3.83570098,-0.36744285
3.83634098,-0.36744285
3.83698098,-0.36744285
3.83762098,-0.54383981
3.83826098,-0.54383981
3.83890098,-0.54383981
3.83954098,-0.54383981
3.84018098,-0.54383981
3.84082098,-0.54383981
3.84146098,-0.54383981
3.84210098,-0.54383981
3.84274098,-0.54383981
3.84338098,-0.54383981
3.84402098,-0.54383981
3.84466098,-0.54383981
3.84530098,-0.54383981
3.84594098,-0.54383981
3.84658098,-0.54383981
3.84722098,-0.54383981
3.84786098,-0.54383981
3.84850098,-0.54383981
3.84914098,-0.72023684
3.84978098,-0.54383981
3.85042098,-0.54383981
3.85106098,-0.54383981
3.85170098,-0.54383981
3.85234098,-0.54383981
3.85298098,-0.54383981
3.85362098,-0.54383981
3.85426098,-0.54383981
3.85490098,-0.54383981
3.85554098,-0.72023684
3.85618098,-0.54383981
3.85682098,-0.54383981
3.85746098,-0.54383981
3.85810098,-0.54383981
3.85874098,-0.54383981
3.85938098,-0.54383981
3.86002098,-0.54383981
3.86066098,-0.54383981
3.86130098,-0.54383981
3.86194098,-0.54383981
3.86258098,-0.54383981
3.86322098,-0.54383981
3.86386098,-0.54383981
3.86450098,-0.54383981
3.86514098,-0.54383981
3.86578098,-0.54383981
3.86642098,-0.36744285
3.86706098,-0.54383981
3.86770098,-0.54383981
3.86834098,-0.54383981
3.86898098,-0.54383981
3.86962098,-0.54383981
3.87026098,-0.36744285
3.87090098,-0.54383981
3.87154098,-0.54383981
3.87218098,-0.36744285
3.87282098,-0.36744285
3.87346098,-0.36744285
3.87410098,-0.36744285
3.87474098,-0.36744285
3.87538098,-0.36744285
3.87602098,-0.36744285
3.87666098,-0.36744285
3.87730098,-0.36744285
3.87794098,-0.36744285
3.87858098,-0.36744285
3.87922098,-0.36744285
3.87986098,-0.36744285
3.88050098,-0.36744285
3.88114098,-0.36744285
3.88178098,-0.36744285
3.88242098,-0.36744285
3.88306098,-0.36744285
3.88370098,-0.36744285
3.88434098,-0.36744285
3.88498098,-0.36744285
3.88562098,-0.36744285
3.88626098,-0.19104587
3.88690098,-0.36744285
3.88754098,-0.36744285
3.88818098,-0.19104587
3.88882098,-0.36744285
3.88946098,-0.19104587
3.89010098,-0.19104587
3.89074098,-0.19104587
3.89138098,-0.19104587
3.89202098,-0.19104587
3.89266098,-0.19104587
3.89330098,-0.19104587
3.89394098,-0.19104587
3.89458098,-0.19104587
3.89522098,-0.19104587
3.89586098,-0.19104587
3.89650098,-0.19104587
3.89714098,-0.19104587
3.89778098,-0.19104587
3.89842098,-0.19104587
3.89906098,-0.19104587
3.89970098,-0.19104587
3.90034098,-0.19104587
3.90098098,-0.19104587
3.90162098,-0.01525925
3.90226098,-0.19104587
3.90290098,-0.01525925
3.90354098,-0.01525925
3.90418098,-0.01525925
3.90482098,-0.01525925
3.90546098,-0.01525925
3.90610098,-0.01525925
3.90674098,-0.01525925
3.90738098,-0.01525925
3.90802098,-0.01525925
3.90866098,0.16052736
3.90930098,0.16052736
3.90994098,0.16052736
3.91058098,-0.01525925
3.91122098,-0.01525925
3.91186098,0.16052736
3.91250098,0.16052736
3.91314098,-0.01525925
3.91378098,0.16052736
3.91442098,0.16052736
3.91506098,0.16052736
3.91570098,0.16052736
3.91634098,0.16052736
3.91698098,0.16052736
3.91762098,0.16052736
3.91826098,0.16052736
3.91890098,0.16052736
3.91954098,0.16052736
3.92018098,0.16052736
3.92082098,0.16052736
3.92146098,0.16052736
3.92210098,0.16052736
3.92274098,0.33692434
3.92338098,0.16052736
3.92402098,0.33692434
3.92466098,0.16052736
3.92530098,0.16052736
3.92594098,0.33692434
3.92658098,0.33692434
3.92722098,0.33692434
3.92786098,0.33692434
3.92850098,0.33692434
3.92914098,0.33692434
3.92978098,0.33692434
3.93042098,0.33692434
3.93106098,0.33692434
3.93170098,0.33692434
3.93234098,0.33692434
3.93298098,0.33692434
3.93362098,0.33692434
3.93426098,0.33692434
3.93490098,0.33692434
3.93554098,0.33692434
3.93618098,0.33692434
3.93682098,0.33692434
3.93746098,0.33692434
3.93810098,0.33692434
3.93874098,0.33692434
3.93938098,0.51332134
3.94002098,0.33692434
3.94066098,0.51332134
3.94130098,0.33692434
3.94194098,0.51332134
3.94258098,0.51332134
3.94322098,0.51332134
3.94386098,0.51332134
3.94450098,0.51332134
3.94514098,0.51332134
3.94578098,0.51332134
3.94642098,0.51332134
3.94706098,0.51332134
3.94770098,0.51332134
3.94834098,0.51332134
3.94898098,0.51332134
3.94962098,0.51332134
3.95026098,0.51332134
3.95090098,0.51332134
3.95154098,0.51332134
3.95218098,0.51332134
3.95282098,0.51332134
3.95346098,0.51332134
3.95410098,0.51332134
3.95474098,0.51332134
3.95538098,0.51332134
3.95602098,0.51332134
3.95666098,0.51332134
3.95730098,0.51332134
3.95794098,0.51332134
3.95858098,0.51332134
3.95922098,0.51332134
3.95986098,0.51332134
3.96050098,0.51332134
3.96114098,0.51332134
3.96178098,0.51332134
3.96242098,0.51332134
3.96306098,0.51332134
3.96370098,0.51332134
3.96434098,0.51332134
3.96498098,0.51332134
3.96562098,0.68971831
3.96626098,0.51332134
3.96690098,0.51332134
3.96754098,0.51332134
3.96818098,0.51332134
3.96882098,0.51332134
3.96946098,0.51332134
3.97010098,0.51332134
3.97074098,0.51332134
3.97138098,0.51332134
3.97202098,0.51332134
3.97266098,0.51332134
3.97330098,0.51332134
3.97394098,0.51332134
3.97458098,0.51332134
3.97522098,0.51332134
3.97586098,0.51332134
3.97650098,0.51332134
3.97714098,0.51332134
3.97778098,0.51332134
3.97842098,0.51332134
3.97906098,0.51332134
3.97970098,0.51332134
3.98034098,0.51332134
3.98098098,0.51332134
3.98162098,0.51332134
3.98226098,0.51332134
3.98290098,0.33692434
3.98354098,0.33692434
3.98418098,0.33692434
3.98482098,0.51332134
3.98546098,0.33692434
3.98610098,0.33692434
3.98674098,0.51332134
3.98738098,0.33692434
3.98802098,0.33692434
3.98866098,0.33692434
3.98930098,0.33692434
3.98994098,0.33692434
3.99058098,0.33692434
3.99122098,0.33692434
3.99186098,0.33692434
3.99250098,0.33692434
3.99314098,0.33692434
3.99378098,0.33692434
3.99442098,0.33692434
3.99506098,0.33692434
3.99570098,0.33692434
3.99634098,0.33692434
3.99698098,0.33692434
3.99762098,0.33692434
3.99826098,0.16052736
3.99890098,0.16052736
3.99954098,0.16052736
4.00018098,0.16052736
4.00082098,0.16052736
4.00146098,0.16052736
4.00210098,0.16052736
4.00274098,0.16052736
4.00338098,0.16052736
4.00402098,0.16052736
4.00466098,0.16052736
4.00530098,0.16052736
4.00594098,0.16052736
4.00658098,0.16052736
4.00722098,0.16052736
4.00786098,-0.01525925
4.00850098,0.16052736
4.00914098,0.16052736
4.00978098,0.16052736
4.01042098,0.16052736
4.01106098,-0.01525925
4.01170098,0.16052736
4.01234098,-0.01525925
4.01298098,-0.01525925
4.01362098,-0.01525925
4.01426098,-0.01525925
4.01490098,-0.01525925
4.01554098,-0.01525925
4.01618098,-0.19104587
4.01682098,-0.01525925
4.01746098,-0.19104587
4.01810098,-0.01525925
4.01874098,-0.01525925
4.01938098,-0.19104587
4.02002098,-0.19104587
4.02066098,-0.19104587
4.02130098,-0.19104587
4.02194098,-0.19104587
4.02258098,-0.19104587
4.02322098,-0.19104587
4.02386098,-0.19104587
4.02450098,-0.19104587
4.02514098,-0.19104587
4.02578098,-0.19104587
4.02642098,-0.19104587
4.02706098,-0.19104587
4.02770098,-0.19104587
4.02834098,-0.19104587
4.02898098,-0.36744285
4.02962098,-0.19104587
4.03026098,-0.19104587
4.03090098,-0.19104587
4.03154098,-0.19104587
4.03218098,-0.19104587
4.03282098,-0.19104587
4.03346098,-0.19104587
4.03410098,-0.19104587
4.03474098,-0.36744285
4.03538098,-0.19104587
4.03602098,-0.36744285
4.03666098,-0.19104587
4.03730098,-0.19104587
4.03794098,-0.19104587
4.03858098,-0.36744285
4.03922098,-0.36744285
4.03986098,-0.36744285
4.04050098,-0.36744285
4.04114098,-0.36744285
4.04178098,-0.36744285
4.04242098,-0.36744285
4.04306098,-0.36744285
4.04370098,-0.36744285
4.04434098,-0.36744285
4.04498098,-0.36744285
4.04562098,-0.36744285
4.04626098,-0.36744285
4.04690098,-0.36744285
4.04754098,-0.36744285
4.04818098,-0.36744285
4.04882098,-0.36744285
4.04946098,-0.36744285
4.05010098,-0.36744285
4.05074098,-0.36744285
4.05138098,-0.36744285
4.05202098,-0.36744285
4.05266098,-0.36744285
4.05330098,-0.36744285
4.05394098,-0.36744285
4.05458098,-0.36744285
4.05522098,-0.36744285
4.05586098,-0.36744285
4.05650098,-0.36744285
4.05714098,-0.36744285
4.05778098,-0.36744285
4.05842098,-0.54383981
4.05906098,-0.36744285
4.05970098,-0.36744285
4.06034098,-0.36744285
4.06098098,-0.36744285
4.06162098,-0.36744285
4.06226098,-0.36744285
4.06290098,-0.36744285
4.06354098,-0.36744285
4.06418098,-0.54383981
4.06482098,-0.36744285
4.06546098,-0.36744285
4.06610098,-0.36744285
4.06674098,-0.54383981
4.06738098,-0.54383981
4.06802098,-0.54383981
4.06866098,-0.54383981
4.06930098,-0.36744285
4.06994098,-0.54383981
4.07058098,-0.54383981
4.07122098,-0.54383981
4.07186098,-0.54383981
4.07250098,-0.54383981
4.07314098,-0.54383981
4.07378098,-0.54383981
4.07442098,-0.54383981
4.07506098,-0.36744285
4.07570098,-0.54383981
4.07634098,-0.54383981
4.07698098,-0.54383981
4.07762098,-0.54383981
4.07826098,-0.36744285
4.07890098,-0.54383981
4.07954098,-0.36744285
4.08018098,-0.36744285
4.08082098,-0.54383981
4.08146098,-0.36744285
4.08210098,-0.36744285
4.08274098,-0.36744285
4.08338098,-0.54383981
4.08402098,-0.36744285
4.08466098,-0.36744285
4.08530098,-0.36744285
4.08594098,-0.36744285
4.08658098,-0.36744285
4.08722098,-0.36744285
4.08786098,-0.36744285
4.08850098,-0.36744285
4.08914098,-0.36744285
4.08978098,-0.36744285
4.09042098,-0.36744285
4.09106098,-0.36744285
4.09170098,-0.36744285
4.09234098,-0.36744285
4.09298098,-0.36744285
4.09362098,-0.36744285
4.09426098,-0.36744285
4.09490098,-0.36744285
4.09554098,-0.36744285
4.09618098,-0.36744285
4.09682098,-0.36744285
4.09746098,-0.36744285
4.09810098,-0.36744285
4.09874098,-0.36744285
4.09938098,-0.19104587
4.10002098,-0.36744285
4.10066098,-0.19104587
4.10130098,-0.19104587
4.10194098,-0.19104587
4.10258098,-0.36744285
4.10322098,-0.19104587
4.10386098,-0.19104587
4.10450098,-0.19104587
4.10514098,-0.19104587
4.10578098,-0.19104587
4.10642098,-0.19104587
4.10706098,-0.19104587
4.10770097,-0.19104587
4.10834097,-0.19104587
4.10898097,-0.19104587
4.10962097,-0.19104587
4.11026097,-0.19104587
4.11090097,-0.19104587
4.11154097,-0.19104587
4.11218097,-0.01525925
4.11282097,-0.01525925
4.11346097,-0.01525925
4.11410097,-0.01525925
4.11474097,-0.01525925
4.11538097,-0.01525925
4.11602097,-0.01525925
4.11666097,-0.01525925
4.11730097,-0.01525925
4.11794097,-0.01525925
4.11858097,0.16052736
4.11922097,-0.01525925
4.11986097,-0.01525925
4.12050097,0.16052736
4.12114097,0.16052736
4.12178097,0.16052736
4.12242097,0.16052736
4.12306097,0.16052736
4.12370097,0.16052736
4.12434097,0.16052736
4.12498097,0.16052736
4.12562097,0.16052736
4.12626097,0.16052736
4.12690097,0.16052736
4.12754097,0.16052736
4.12818097,0.16052736
4.12882097,0.16052736
4.12946097,0.16052736
4.13010097,0.16052736
4.13074097,0.16052736
4.13138097,0.33692434
4.13202097,0.16052736
4.13266097,0.33692434
4.13330097,0.33692434
4.13394097,0.33692434
4.13458097,0.33692434
4.13522097,0.33692434
4.13586097,0.33692434
4.13650097,0.33692434
4.13714097,0.33692434
4.13778097,0.33692434
4.13842097,0.16052736
4.13906097,0.33692434
4.13970097,0.33692434
4.14034097,0.33692434
4.14098097,0.33692434
4.14162097,0.33692434
4.14226097,0.33692434
4.14290097,0.33692434
4.14354097,0.33692434
4.14418097,0.33692434
4.14482097,0.33692434
4.14546097,0.33692434
4.14610097,0.33692434
4.14674097,0.33692434
4.14738097,0.33692434
4.14802097,0.33692434
4.14866097,0.33692434
4.14930097,0.33692434
4.14994097,0.33692434
4.15058097,0.33692434
4.15122097,0.33692434
4.15186097,0.33692434
4.15250097,0.33692434
4.15314097,0.33692434
4.15378097,0.33692434
4.15442097,0.33692434
4.15506097,0.51332134
4.15570097,0.33692434
4.15634097,0.33692434
4.15698097,0.51332134
4.15762097,0.51332134
4.15826097,0.33692434
4.15890097,0.33692434
4.15954097,0.51332134
4.16018097,0.51332134
4.16082097,0.33692434
4.16146097,0.33692434
4.16210097,0.33692434
4.16274097,0.51332134
4.16338097,0.51332134
4.16402097,0.51332134
4.16466097,0.33692434
4.16530097,0.33692434
4.16594097,0.33692434
4.16658097,0.51332134
4.16722097,0.51332134
4.16786097,0.51332134
4.16850097,0.51332134
4.16914097,0.51332134
4.16978097,0.51332134
4.17042097,0.51332134
4.17106097,0.51332134
4.17170097,0.33692434
4.17234097,0.51332134
4.17298097,0.51332134
4.17362097,0.51332134
4.17426097,0.51332134
4.17490097,0.51332134
4.17554097,0.51332134
4.17618097,0.51332134
4.17682097,0.51332134
4.17746097,0.51332134
4.17810097,0.51332134
4.17874097,0.51332134
4.17938097,0.51332134
4.18002097,0.33692434
4.18066097,0.51332134
4.18130097,0.51332134
4.18194097,0.51332134
4.18258097,0.51332134
4.18322097,0.51332134
4.18386097,0.51332134
4.18450097,0.51332134
4.18514097,0.51332134
4.18578097,0.51332134
4.18642097,0.51332134
4.18706097,0.51332134
4.18770097,0.51332134
4.18834097,0.51332134
4.18898097,0.33692434
4.18962097,0.51332134
4.19026097,0.51332134
4.19090097,0.33692434
4.19154097,0.33692434
4.19218097,0.33692434
4.19282097,0.51332134
4.19346097,0.51332134
4.19410097,0.33692434
4.19474097,0.33692434
4.19538097,0.51332134
4.19602097,0.33692434
4.19666097,0.33692434
4.19730097,0.33692434
4.19794097,0.33692434
4.19858097,0.33692434
4.19922097,0.33692434
4.19986097,0.33692434
4.20050097,0.33692434
4.20114097,0.33692434
4.20178097,0.33692434
4.20242097,0.33692434
4.20306097,0.33692434
4.20370097,0.33692434
4.20434097,0.33692434
4.20498097,0.33692434
4.20562097,0.33692434
4.20626097,0.33692434
4.20690097,0.33692434
4.20754097,0.33692434
4.20818097,0.33692434
4.20882097,0.33692434
4.20946097,0.16052736
4.21010097,0.33692434
4.21074097,0.16052736
4.21138097,0.33692434
4.21202097,0.16052736
4.21266097,0.16052736
4.21330097,0.16052736
4.21394097,0.16052736
4.21458097,0.33692434
4.21522097,0.16052736
4.21586097,0.16052736
4.21650097,0.16052736
4.21714097,0.16052736
4.21778097,0.16052736
4.21842097,0.16052736
4.21906097,0.16052736
4.21970097,0.16052736
4.22034097,0.16052736
4.22098097,-0.01525925
4.22162097,0.16052736
4.22226097,-0.01525925
4.22290097,-0.01525925
4.22354097,-0.01525925
4.22418097,-0.01525925
4.22482097,-0.01525925
4.22546097,0.16052736
4.22610097,-0.01525925
4.22674097,-0.01525925
4.22738097,-0.01525925
4.22802097,-0.01525925
4.22866097,-0.01525925
4.22930097,-0.01525925
4.22994097,-0.01525925
4.23058097,-0.01525925
4.23122097,-0.01525925
4.23186097,-0.01525925
4.23250097,-0.01525925
4.23314097,-0.19104587
4.23378097,-0.19104587
4.23442097,-0.01525925
4.23506097,-0.19104587
4.23570097,-0.19104587
4.23634097,-0.19104587
4.23698097,-0.19104587
4.23762097,-0.19104587
4.23826097,-0.19104587
4.23890097,-0.19104587
4.23954097,-0.19104587
4.24018097,-0.19104587
4.24082097,-0.19104587
4.24146097,-0.19104587
4.24210097,-0.19104587
4.24274097,-0.19104587
4.24338097,-0.19104587
4.24402097,-0.19104587
4.24466097,-0.19104587
4.24530097,-0.36744285
4.24594097,-0.36744285
4.24658097,-0.19104587
4.24722097,-0.19104587
4.24786097,-0.19104587
4.24850097,-0.19104587
4.24914097,-0.36744285
4.24978097,-0.36744285
4.25042097,-0.36744285
4.25106097,-0.36744285
4.25170097,-0.36744285
4.25234097,-0.36744285
4.25298097,-0.36744285
4.25362097,-0.36744285
4.25426097,-0.36744285
4.25490097,-0.36744285
4.25554097,-0.36744285
4.25618097,-0.36744285
4.25682097,-0.36744285
4.25746097,-0.36744285
4.25810097,-0.36744285
4.25874097,-0.36744285
4.25938097,-0.36744285
4.26002097,-0.36744285
4.26066097,-0.36744285
4.26130097,-0.36744285
4.26194097,-0.36744285
4.26258097,-0.36744285
4.26322097,-0.36744285
4.26386097,-0.36744285
4.26450097,-0.36744285
4.26514097,-0.36744285
4.26578097,-0.36744285
4.26642097,-0.36744285
4.26706097,-0.36744285
4.26770097,-0.36744285
4.26834097,-0.36744285
4.26898097,-0.36744285
4.26962097,-0.36744285
4.27026097,-0.36744285
4.27090097,-0.36744285
4.27154097,-0.36744285
4.27218097,-0.36744285
4.27282097,-0.36744285
4.27346097,-0.36744285
4.27410097,-0.36744285
4.27474097,-0.36744285
4.27538097,-0.36744285
4.27602097,-0.36744285
4.27666097,-0.36744285
4.27730097,-0.36744285
4.27794097,-0.36744285
4.27858097,-0.36744285
4.27922097,-0.36744285
4.27986097,-0.36744285
4.28050097,-0.36744285
4.28114097,-0.36744285
4.28178097,-0.36744285
4.28242097,-0.36744285
4.28306097,-0.36744285
4.28370097,-0.36744285
4.28434097,-0.36744285
4.28498097,-0.36744285
4.28562097,-0.36744285
4.28626097,-0.36744285
4.28690097,-0.36744285
4.28754097,-0.36744285
4.28818097,-0.36744285
4.28882097,-0.36744285
4.28946097,-0.36744285
4.29010097,-0.36744285
4.29074097,-0.36744285
4.29138097,-0.36744285
4.29202097,-0.36744285
4.29266097,-0.36744285
4.29330097,-0.36744285
4.29394097,-0.36744285
4.29458097,-0.36744285
4.29522097,-0.36744285
4.29586097,-0.36744285
4.29650097,-0.36744285
4.29714097,-0.36744285
4.29778097,-0.36744285
4.29842097,-0.36744285
4.29906097,-0.36744285
4.29970097,-0.36744285
4.30034097,-0.36744285
4.30098097,-0.36744285
4.30162097,-0.36744285
4.30226097,-0.19104587
4.30290097,-0.36744285
4.30354097,-0.36744285
4.30418097,-0.36744285
4.30482097,-0.36744285
4.30546097,-0.36744285
4.30610097,-0.19104587
4.30674097,-0.19104587
4.30738097,-0.36744285
4.30802097,-0.36744285
4.30866097,-0.19104587
4.30930097,-0.36744285
4.30994097,-0.36744285
4.31058097,-0.36744285
4.31122097,-0.19104587
4.31186097,-0.19104587
4.31250097,-0.19104587
4.31314097,-0.19104587
4.31378097,-0.19104587
4.31442097,-0.19104587
4.31506097,-0.19104587
4.31570097,-0.19104587
4.31634097,-0.19104587
4.31698097,-0.19104587
4.31762097,-0.19104587
4.31826097,-0.19104587
4.31890097,-0.19104587
4.31954097,-0.19104587
4.32018097,-0.19104587
4.32082097,-0.19104587
4.32146097,-0.01525925
4.32210097,-0.19104587
4.32274097,-0.19104587
4.32338097,-0.01525925
4.32402097,-0.01525925
4.32466097,-0.19104587
4.32530097,-0.01525925
4.32594097,-0.19104587
4.32658097,-0.01525925
4.32722097,-0.01525925
4.32786097,-0.01525925
4.32850097,-0.01525925
4.32914097,-0.01525925
4.32978097,-0.01525925
4.33042097,-0.01525925
4.33106097,-0.01525925
4.33170097,0.16052736
4.33234097,-0.01525925
4.33298097,0.16052736
4.33362097,0.16052736
4.33426097,-0.01525925
4.33490097,-0.01525925
4.33554097,0.16052736
4.33618097,0.16052736
4.33682097,0.16052736
4.33746097,0.16052736
4.33810097,0.16052736
4.33874097,0.16052736
4.33938097,0.16052736
4.34002097,0.16052736
4.34066097,0.16052736
4.34130097,0.33692434
4.34194097,0.16052736
4.34258097,0.16052736
4.34322097,0.16052736
4.34386097,0.16052736
4.34450097,0.16052736
4.34514097,0.16052736
4.34578097,0.16052736
4.34642097,0.16052736
4.34706097,0.33692434
4.34770097,0.33692434
4.34834097,0.33692434
4.34898097,0.33692434
4.34962097,0.33692434
4.35026097,0.33692434
4.35090097,0.33692434
4.35154097,0.33692434
4.35218097,0.33692434
4.35282097,0.33692434
4.35346097,0.33692434
4.35410097,0.33692434
4.35474097,0.33692434
4.35538097,0.33692434
4.35602097,0.33692434
4.35666097,0.33692434
4.35730097,0.33692434
4.35794097,0.33692434
4.35858097,0.33692434
4.35922097,0.33692434
4.35986097,0.33692434
4.36050097,0.33692434
4.36114097,0.33692434
4.36178097,0.33692434
4.36242097,0.33692434
4.36306097,0.33692434
4.36370097,0.33692434
4.36434097,0.33692434
4.36498097,0.33692434
4.36562097,0.33692434
4.36626097,0.33692434
4.36690097,0.33692434
4.36754097,0.51332134
4.36818097,0.33692434
4.36882097,0.33692434
4.36946097,0.33692434
4.37010097,0.33692434
4.37074097,0.33692434
4.37138097,0.51332134
4.37202097,0.51332134
4.37266097,0.33692434
4.37330097,0.51332134
4.37394097,0.51332134
4.37458097,0.33692434
4.37522097,0.51332134
4.37586097,0.51332134
4.37650097,0.51332134
4.37714097,0.33692434
4.37778097,0.51332134
4.37842097,0.33692434
4.37906097,0.51332134
4.37970097,0.33692434
4.38034097,0.51332134
4.38098097,0.33692434
4.38162097,0.33692434
4.38226097,0.33692434
4.38290097,0.33692434
4.38354097,0.33692434
4.38418097,0.51332134
4.38482097,0.51332134
4.38546097,0.33692434
4.38610097,0.51332134
4.38674097,0.33692434
4.38738097,0.33692434
4.38802097,0.33692434
4.38866097,0.33692434
4.38930097,0.33692434
4.38994097,0.33692434
4.39058097,0.51332134
4.39122097,0.51332134
4.39186097,0.33692434
4.39250097,0.33692434
4.39314097,0.33692434
4.39378097,0.33692434
4.39442097,0.33692434
4.39506097,0.51332134
4.39570097,0.33692434
4.39634097,0.33692434
4.39698097,0.33692434
4.39762097,0.33692434
4.39826097,0.33692434
4.39890097,0.51332134
4.39954097,0.33692434
4.40018097,0.33692434
4.40082097,0.33692434
4.40146097,0.33692434
4.40210097,0.33692434
4.40274097,0.33692434
4.40338097,0.33692434
4.40402097,0.33692434
4.40466097,0.33692434
4.40530097,0.33692434
4.40594097,0.33692434
4.40658097,0.33692434
4.40722097,0.33692434
4.40786097,0.33692434
4.40850097,0.33692434
4.40914097,0.33692434
4.40978097,0.33692434
4.41042097,0.33692434
4.41106097,0.33692434
4.41170097,0.33692434
4.41234097,0.33692434
4.41298097,0.33692434
4.41362097,0.33692434
4.41426097,0.33692434
4.41490097,0.33692434
4.41554097,0.33692434
4.41618097,0.33692434
4.41682097,0.33692434
4.41746097,0.33692434
4.41810097,0.33692434
4.41874097,0.33692434
4.41938097,0.16052736
4.42002097,0.33692434
4.42066097,0.16052736
4.42130097,0.33692434
4.42194097,0.33692434
4.42258097,0.33692434
4.42322097,0.16052736
4.42386097,0.16052736
4.42450097,0.33692434
4.42514097,0.16052736
4.42578097,0.16052736
4.42642097,0.16052736
4.42706097,0.16052736
4.42770097,0.16052736
4.42834097,0.16052736
4.42898097,0.16052736
4.42962097,0.16052736
4.43026097,0.16052736
4.43090097,0.16052736
4.43154097,0.16052736
4.43218097,0.16052736
4.43282097,0.16052736
4.43346097,0.16052736
4.43410097,-0.01525925
4.43474097,-0.01525925
4.43538097,-0.01525925
4.43602097,-0.01525925
4.43666097,-0.01525925
4.43730097,-0.01525925
4.43794097,0.16052736
4.43858097,-0.01525925
4.43922097,-0.01525925
4.43986097,-0.01525925
4.44050097,-0.01525925
4.44114097,-0.01525925
4.44178097,-0.01525925
4.44242097,-0.01525925
4.44306097,-0.01525925
4.44370097,-0.19104587
4.44434097,-0.19104587
4.44498097,-0.01525925
4.44562097,-0.19104587
4.44626097,-0.19104587
4.44690097,-0.19104587
4.44754097,-0.19104587
4.44818097,-0.19104587
4.44882097,-0.19104587
4.44946097,-0.19104587
4.45010097,-0.19104587
4.45074097,-0.19104587
4.45138097,-0.19104587
4.45202097,-0.19104587
4.45266097,-0.19104587
4.45330097,-0.19104587
4.45394097,-0.19104587
4.45458097,-0.19104587
4.45522097,-0.19104587
4.45586097,-0.19104587
4.45650097,-0.19104587
4.45714097,-0.19104587
4.45778097,-0.19104587
4.45842097,-0.19104587
4.45906097,-0.19104587
4.45970097,-0.36744285
4.46034097,-0.19104587
4.46098097,-0.36744285
4.46162097,-0.19104587
4.46226097,-0.19104587
4.46290097,-0.19104587
4.46354097,-0.36744285
4.46418097,-0.19104587
4.46482097,-0.36744285
4.46546097,-0.36744285
4.46610097,-0.36744285
4.46674097,-0.36744285
4.46738097,-0.36744285
4.46802097,-0.19104587
4.46866097,-0.36744285
4.46930097,-0.36744285
4.46994097,-0.36744285
4.47058097,-0.36744285
4.47122097,-0.36744285
4.47186097,-0.36744285
4.47250097,-0.36744285
4.47314097,-0.36744285
4.47378097,-0.36744285
4.47442097,-0.36744285
4.47506097,-0.36744285
4.47570097,-0.36744285
4.47634097,-0.36744285
4.47698097,-0.36744285
4.47762097,-0.36744285
4.47826097,-0.36744285
4.47890097,-0.36744285
4.47954097,-0.36744285
4.48018097,-0.36744285
4.48082097,-0.36744285
4.48146097,-0.36744285
4.48210097,-0.36744285
4.48274097,-0.36744285
4.48338097,-0.36744285
4.48402097,-0.36744285
4.48466097,-0.36744285
4.48530097,-0.36744285
4.48594097,-0.36744285
4.48658097,-0.36744285
4.48722097,-0.36744285
4.48786097,-0.36744285
4.48850097,-0.36744285
4.48914097,-0.36744285
4.48978097,-0.36744285
4.49042097,-0.36744285
4.49106097,-0.36744285
4.49170097,-0.36744285
4.49234097,-0.36744285
4.49298097,-0.36744285
4.49362097,-0.36744285
4.49426097,-0.36744285
4.49490097,-0.36744285
4.49554097,-0.36744285
4.49618097,-0.36744285
4.49682097,-0.36744285
4.49746097,-0.36744285
4.49810097,-0.36744285
4.49874097,-0.36744285
4.49938097,-0.36744285
4.50002097,-0.36744285
4.50066097,-0.36744285
4.50130097,-0.36744285
4.50194097,-0.36744285
4.50258097,-0.36744285
4.50322097,-0.36744285
4.50386097,-0.36744285
4.50450097,-0.36744285
4.50514097,-0.36744285
4.50578097,-0.36744285
4.50642097,-0.36744285
4.50706097,-0.19104587
4.50770097,-0.36744285
4.50834097,-0.36744285
4.50898097,-0.36744285
4.50962097,-0.36744285
4.51026097,-0.36744285
4.51090097,-0.36744285
4.51154097,-0.19104587
4.51218097,-0.19104587
4.51282097,-0.36744285
4.51346097,-0.36744285
4.51410097,-0.36744285
4.51474097,-0.19104587
4.51538097,-0.36744285
4.51602097,-0.19104587
4.51666097,-0.19104587
4.51730097,-0.19104587
4.51794097,-0.19104587
4.51858097,-0.19104587
4.51922097,-0.19104587
4.51986097,-0.19104587
4.52050097,-0.19104587
4.52114097,-0.19104587
4.52178097,-0.19104587
4.52242097,-0.19104587
4.52306097,-0.19104587
4.52370097,-0.19104587
4.52434097,-0.19104587
4.52498097,-0.19104587
4.52562097,-0.19104587
4.52626097,-0.19104587
4.52690097,-0.19104587
4.52754097,-0.19104587
4.52818097,-0.19104587
4.52882097,-0.19104587
4.52946097,-0.19104587
4.53010097,-0.19104587
4.53074097,-0.19104587
4.53138097,-0.19104587
4.53202097,-0.19104587
4.53266097,-0.19104587
4.53330097,-0.19104587
4.53394097,-0.01525925
4.53458097,-0.01525925
4.53522097,-0.19104587
4.53586097,-0.01525925
4.53650097,-0.19104587
4.53714097,-0.01525925
4.53778097,-0.01525925
4.53842097,-0.01525925
4.53906097,-0.01525925
4.53970097,-0.01525925
4.54034097,-0.01525925
4.54098097,-0.01525925
4.54162097,-0.01525925
4.54226097,-0.01525925
4.54290097,-0.01525925
4.54354097,-0.01525925
4.54418097,-0.01525925
4.54482097,0.16052736
4.54546097,0.16052736
4.54610097,0.16052736
4.54674097,-0.01525925
4.54738097,0.16052736
4.54802097,0.16052736
4.54866097,0.16052736
4.54930097,-0.01525925
4.54994097,0.16052736
4.55058097,0.16052736
4.55122097,0.16052736
4.55186097,0.16052736
4.55250097,0.16052736
4.55314097,0.16052736
4.55378097,0.16052736
4.55442097,0.16052736
4.55506097,0.16052736
4.55570097,0.16052736
4.55634097,0.33692434
4.55698097,0.16052736
4.55762097,0.16052736
4.55826097,0.33692434
4.55890097,0.16052736
4.55954097,0.16052736
4.56018097,0.33692434
4.56082097,0.16052736
4.56146097,0.33692434
4.56210097,0.16052736
4.56274097,0.33692434
4.56338097,0.33692434
4.56402097,0.33692434
4.56466097,0.33692434
4.56530097,0.33692434
4.56594097,0.33692434
4.56658097,0.33692434
4.56722097,0.33692434
4.56786097,0.33692434
4.56850097,0.33692434
4.56914097,0.33692434
4.56978097,0.33692434
4.57042097,0.33692434
4.57106097,0.33692434
4.57170097,0.33692434
4.57234097,0.33692434
4.57298097,0.33692434
4.57362097,0.33692434
4.57426097,0.33692434
4.57490097,0.33692434
4.57554097,0.33692434
4.57618097,0.33692434
4.57682097,0.33692434
4.57746097,0.33692434
4.57810097,0.33692434
4.57874097,0.51332134
4.57938097,0.33692434
4.58002097,0.33692434
4.58066097,0.33692434
4.58130097,0.33692434
4.58194097,0.33692434
4.58258097,0.33692434
4.58322097,0.33692434
4.58386097,0.51332134
4.58450097,0.33692434
4.58514097,0.33692434
4.58578097,0.33692434
4.58642097,0.33692434
4.58706097,0.33692434
4.58770097,0.33692434
4.58834097,0.51332134
4.58898097,0.51332134
4.58962097,0.33692434
4.59026097,0.33692434
4.59090097,0.33692434
4.59154097,0.33692434
4.59218097,0.33692434
4.59282097,0.33692434
4.59346097,0.33692434
4.59410097,0.33692434
4.59474097,0.33692434
4.59538097,0.33692434
4.59602097,0.33692434
4.59666097,0.33692434
4.59730097,0.51332134
4.59794097,0.33692434
4.59858097,0.33692434
4.59922097,0.33692434
4.59986097,0.33692434
4.60050097,0.33692434
4.60114097,0.33692434
4.60178097,0.33692434
4.60242097,0.33692434
4.60306097,0.33692434
4.60370097,0.33692434
4.60434097,0.33692434
4.60498097,0.33692434
4.60562097,0.33692434
4.60626097,0.33692434
4.60690097,0.33692434
4.60754097,0.33692434
4.60818097,0.33692434
4.60882097,0.33692434
4.60946097,0.33692434
4.61010097,0.33692434
4.61074097,0.33692434
4.61138097,0.33692434
4.61202097,0.33692434
4.61266097,0.33692434
4.61330097,0.33692434
4.61394097,0.33692434
4.61458097,0.33692434
4.61522097,0.33692434
4.61586097,0.33692434
4.61650097,0.33692434
4.61714097,0.33692434
4.61778097,0.33692434
4.61842097,0.33692434
4.61906097,0.33692434
4.61970097,0.33692434
4.62034097,0.33692434
4.62098097,0.33692434
4.62162097,0.33692434
4.62226097,0.33692434
4.62290097,0.33692434
4.62354097,0.33692434
4.62418097,0.33692434
4.62482097,0.16052736
4.62546097,0.16052736
4.62610097,0.33692434
4.62674097,0.33692434
4.62738097,0.33692434
4.62802097,0.16052736
4.62866097,0.16052736
4.62930097,0.16052736
4.62994097,0.16052736
4.63058097,0.16052736
4.63122097,0.16052736
4.63186097,0.16052736
4.63250097,0.16052736
4.63314097,0.16052736
4.63378097,0.16052736
4.63442097,0.16052736
4.63506097,0.16052736
4.63570097,0.16052736
4.63634097,0.16052736
4.63698097,-0.01525925
4.63762097,0.16052736
4.63826097,0.16052736
4.63890097,0.16052736
4.63954097,0.16052736
4.64018097,0.16052736
4.64082097,0.16052736
4.64146097,0.16052736
4.64210097,0.16052736
4.64274097,0.16052736
4.64338097,0.16052736
4.64402097,0.16052736
4.64466097,0.16052736
4.64530097,0.16052736
4.64594097,0.16052736
4.64658097,-0.01525925
4.64722097,-0.01525925
4.64786097,-0.01525925
4.64850097,-0.01525925
4.64914097,-0.01525925
4.64978097,-0.01525925
4.65042097,-0.01525925
4.65106097,-0.01525925
4.65170097,-0.01525925
4.65234097,-0.01525925
4.65298097,-0.01525925
4.65362097,-0.19104587
4.65426097,-0.01525925
4.65490097,-0.01525925
4.65554097,-0.01525925
4.65618097,-0.19104587
4.65682097,-0.19104587
4.65746097,-0.01525925
4.65810097,-0.19104587
4.65874097,-0.01525925
4.65938097,-0.19104587
4.66002097,-0.01525925
4.66066097,-0.19104587
4.66130097,-0.19104587
4.66194097,-0.19104587
4.66258097,-0.19104587
4.66322097,-0.19104587
4.66386097,-0.19104587
4.66450097,-0.19104587
4.66514097,-0.19104587
4.66578097,-0.19104587
4.66642097,-0.19104587
4.66706097,-0.19104587
4.66770097,-0.19104587
4.66834097,-0.19104587
4.66898097,-0.19104587
4.66962097,-0.19104587
4.67026097,-0.19104587
4.67090097,-0.19104587
4.67154097,-0.19104587
4.67218097,-0.36744285
4.67282097,-0.19104587
4.67346097,-0.19104587
4.67410097,-0.19104587
4.67474097,-0.19104587
4.67538097,-0.19104587
4.67602097,-0.19104587
4.67666097,-0.19104587
4.67730097,-0.19104587
4.67794097,-0.19104587
4.67858097,-0.19104587
4.67922097,-0.36744285
4.67986097,-0.19104587
4.68050097,-0.36744285
4.68114097,-0.19104587
4.68178097,-0.36744285
4.68242097,-0.36744285
4.68306097,-0.36744285
4.68370097,-0.36744285
4.68434097,-0.36744285
4.68498097,-0.36744285
4.68562097,-0.36744285
4.68626097,-0.36744285
4.68690097,-0.36744285
4.68754097,-0.36744285
4.68818097,-0.36744285
4.68882097,-0.36744285
4.68946097,-0.36744285
4.69010097,-0.36744285
4.69074097,-0.36744285
4.69138097,-0.36744285
4.69202097,-0.36744285
4.69266097,-0.36744285
4.69330097,-0.36744285
4.69394097,-0.36744285
4.69458097,-0.36744285
4.69522097,-0.36744285
4.69586097,-0.36744285
4.69650097,-0.36744285
4.69714097,-0.36744285
4.69778097,-0.36744285
4.69842097,-0.36744285
4.69906097,-0.36744285
4.69970097,-0.36744285
4.70034097,-0.36744285
4.70098097,-0.36744285
4.70162097,-0.36744285
4.70226097,-0.36744285
4.70290097,-0.36744285
4.70354097,-0.36744285
4.70418097,-0.36744285
4.70482097,-0.36744285
4.70546097,-0.36744285
4.70610097,-0.36744285
4.70674097,-0.36744285
4.70738097,-0.36744285
4.70802097,-0.36744285
4.70866097,-0.36744285
4.70930097,-0.36744285
4.70994097,-0.36744285
4.71058097,-0.36744285
4.71122097,-0.36744285
4.71186097,-0.36744285
4.71250097,-0.36744285
4.71314097,-0.36744285
4.71378097,-0.36744285
4.71442097,-0.19104587
4.71506097,-0.36744285
4.71570097,-0.36744285
4.71634097,-0.36744285
4.71698097,-0.19104587
4.71762097,-0.36744285
4.71826097,-0.19104587
4.71890097,-0.19104587
4.71954097,-0.36744285
4.72018097,-0.19104587
4.72082097,-0.36744285
4.72146097,-0.19104587
4.72210097,-0.19104587
4.72274097,-0.19104587
4.72338097,-0.36744285
4.72402097,-0.36744285
4.72466097,-0.36744285
4.72530097,-0.19104587
4.72594097,-0.19104587
4.72658097,-0.19104587
4.72722097,-0.19104587
4.72786097,-0.19104587
4.72850097,-0.19104587
4.72914097,-0.19104587
4.72978097,-0.19104587
4.73042097,-0.19104587
4.73106097,-0.19104587
4.73170097,-0.19104587
4.73234097,-0.19104587
4.73298097,-0.19104587
4.73362097,-0.19104587
4.73426097,-0.19104587
4.73490097,-0.19104587
4.73554097,-0.19104587
4.73618097,-0.19104587
4.73682097,-0.19104587
4.73746097,-0.19104587
4.73810097,-0.19104587
4.73874097,-0.19104587
4.73938097,-0.19104587
4.74002097,-0.19104587
4.74066097,-0.19104587
4.74130097,-0.19104587
4.74194097,-0.01525925
4.74258097,-0.19104587
4.74322097,-0.19104587
4.74386097,-0.01525925
4.74450097,-0.01525925
4.74514097,-0.01525925
4.74578097,-0.01525925
4.74642097,-0.01525925
4.74706097,-0.01525925
4.74770097,-0.01525925
4.74834097,-0.01525925
4.74898097,-0.01525925
4.74962097,-0.01525925
4.75026097,-0.01525925
4.75090097,-0.01525925
4.75154097,-0.01525925
4.75218097,-0.01525925
4.75282097,-0.01525925
4.75346097,-0.01525925
4.75410097,0.16052736
4.75474097,-0.01525925
4.75538097,0.16052736
4.75602097,-0.01525925
4.75666097,0.16052736
4.75730097,-0.01525925
4.75794097,-0.01525925
4.75858097,0.16052736
4.75922097,0.16052736
4.75986097,0.16052736
4.76050097,0.16052736
4.76114097,0.16052736
4.76178097,0.16052736
4.76242097,0.16052736
4.76306097,0.16052736
4.76370097,0.16052736
4.76434097,0.16052736
4.76498097,0.16052736
4.76562097,0.16052736
4.76626097,0.16052736
4.76690097,0.16052736
4.76754097,0.16052736
4.76818097,0.16052736
4.76882097,0.16052736
4.76946097,0.16052736
4.77010097,0.16052736
4.77074097,0.16052736
4.77138097,0.16052736
4.77202097,0.16052736
4.77266097,0.16052736
4.77330097,0.33692434
4.77394097,0.16052736
4.77458097,0.16052736
4.77522097,0.16052736
4.77586097,0.16052736
4.77650097,0.16052736
4.77714097,0.16052736
4.77778097,0.33692434
4.77842097,0.33692434
4.77906097,0.33692434
4.77970097,0.33692434
4.78034097,0.16052736
4.78098097,0.16052736
4.78162097,0.33692434
4.78226097,0.33692434
4.78290097,0.33692434
4.78354097,0.33692434
4.78418097,0.33692434
4.78482097,0.33692434
4.78546097,0.33692434
4.78610097,0.33692434
4.78674097,0.33692434
4.78738097,0.33692434
4.78802097,0.33692434
4.78866097,0.33692434
4.78930097,0.33692434
4.78994097,0.33692434
4.79058097,0.33692434
4.79122097,0.33692434
4.79186097,0.33692434
4.79250097,0.33692434
4.79314097,0.33692434
4.79378097,0.33692434
4.79442097,0.33692434
4.79506097,0.33692434
4.79570097,0.33692434
4.79634097,0.33692434
4.79698097,0.33692434
4.79762097,0.33692434
4.79826097,0.33692434
4.79890097,0.33692434
4.79954097,0.33692434
4.80018097,0.33692434
4.80082097,0.33692434
4.80146097,0.33692434
4.80210097,0.33692434
4.80274097,0.33692434
4.80338097,0.33692434
4.80402097,0.33692434
4.80466097,0.33692434
4.80530097,0.33692434
4.80594097,0.33692434
4.80658097,0.33692434
4.80722097,0.33692434
4.80786097,0.33692434
4.80850097,0.33692434
4.80914097,0.33692434
4.80978097,0.33692434
4.81042097,0.33692434
4.81106097,0.33692434
4.81170097,0.33692434
4.81234097,0.33692434
4.81298097,0.33692434
4.81362097,0.33692434
4.81426097,0.33692434
4.81490097,0.33692434
4.81554097,0.33692434
4.81618097,0.33692434
4.81682097,0.33692434
4.81746097,0.33692434
4.81810097,0.33692434
4.81874097,0.33692434
4.81938097,0.33692434
4.82002097,0.33692434
4.82066097,0.33692434
4.82130097,0.33692434
4.82194097,0.33692434
4.82258097,0.33692434
4.82322097,0.33692434
4.82386097,0.33692434
4.82450097,0.33692434
4.82514097,0.33692434
4.82578097,0.33692434
4.82642097,0.33692434
4.82706097,0.33692434
4.82770097,0.33692434
4.82834097,0.33692434
4.82898097,0.33692434
4.82962097,0.33692434
4.83026097,0.33692434
4.83090097,0.33692434
4.83154097,0.33692434
4.83218097,0.33692434
4.83282097,0.33692434
4.83346097,0.33692434
4.83410097,0.33692434
4.83474097,0.33692434
4.83538097,0.33692434
4.83602097,0.33692434
4.83666097,0.33692434
4.83730097,0.16052736
4.83794097,0.16052736
4.83858097,0.33692434
4.83922097,0.16052736
4.83986097,0.16052736
4.84050097,0.16052736
4.84114097,0.16052736
4.84178097,0.16052736
4.84242097,0.16052736
4.84306097,0.16052736
4.84370097,0.16052736
4.84434097,0.16052736
4.84498097,0.16052736
4.84562097,0.16052736
4.84626097,0.16052736
4.84690097,0.16052736
4.84754097,0.16052736
4.84818097,-0.01525925
4.84882097,0.16052736
4.84946097,0.16052736
4.85010097,0.16052736
4.85074097,-0.01525925
4.85138097,0.16052736
4.85202097,0.16052736
4.85266097,-0.01525925
4.85330097,-0.01525925
4.85394097,-0.01525925
4.85458097,-0.01525925
4.85522097,0.16052736
4.85586097,0.16052736
4.85650097,-0.01525925
4.85714097,-0.01525925
4.85778097,-0.01525925
4.85842097,-0.01525925
4.85906097,-0.01525925
4.85970097,-0.01525925
4.86034097,-0.01525925
4.86098097,-0.01525925
4.86162097,-0.01525925
4.86226097,-0.01525925
4.86290097,-0.19104587
4.86354097,-0.01525925
4.86418097,-0.19104587
4.86482097,-0.01525925
4.86546097,-0.01525925
4.86610097,-0.01525925
4.86674097,-0.01525925
4.86738097,-0.01525925
4.86802097,-0.19104587
4.86866097,-0.19104587
4.86930097,-0.01525925
4.86994097,-0.19104587
4.87058097,-0.19104587
4.87122097,-0.19104587
4.87186097,-0.19104587
4.87250097,-0.19104587
4.87314097,-0.19104587
4.87378097,-0.19104587
4.87442097,-0.19104587
4.87506097,-0.19104587
4.87570097,-0.19104587
4.87634097,-0.19104587
4.87698097,-0.19104587
4.87762097,-0.19104587
4.87826097,-0.19104587
4.87890097,-0.19104587
4.87954097,-0.19104587
4.88018097,-0.19104587
4.88082097,-0.19104587
4.88146097,-0.19104587
4.88210097,-0.19104587
4.88274097,-0.19104587
4.88338097,-0.19104587
4.88402097,-0.19104587
4.88466097,-0.19104587
4.88530097,-0.19104587
4.88594097,-0.19104587
4.88658097,-0.19104587
4.88722097,-0.19104587
4.88786097,-0.19104587
4.88850097,-0.19104587
4.88914097,-0.19104587
4.88978097,-0.19104587
4.89042097,-0.19104587
4.89106097,-0.19104587
4.89170097,-0.36744285
4.89234097,-0.36744285
4.89298097,-0.36744285
4.89362097,-0.19104587
4.89426097,-0.36744285
4.89490097,-0.19104587
4.89554097,-0.36744285
4.89618097,-0.19104587
4.89682097,-0.36744285
4.89746097,-0.19104587
4.89810097,-0.19104587
4.89874097,-0.36744285
4.89938097,-0.36744285
4.90002097,-0.36744285
4.90066097,-0.36744285
4.90130097,-0.36744285
4.90194097,-0.36744285
4.90258097,-0.19104587
4.90322097,-0.36744285
4.90386097,-0.36744285
4.90450097,-0.36744285
4.90514097,-0.36744285
4.90578097,-0.36744285
4.90642097,-0.36744285
4.90706097,-0.36744285
4.90770097,-0.36744285
4.90834097,-0.36744285
4.90898097,-0.36744285
4.90962097,-0.36744285
4.91026097,-0.36744285
4.91090097,-0.36744285
4.91154097,-0.36744285
4.91218097,-0.36744285
4.91282097,-0.36744285
4.91346097,-0.36744285
4.91410097,-0.36744285
4.91474097,-0.36744285
4.91538097,-0.36744285
4.91602097,-0.19104587
4.91666097,-0.36744285
4.91730097,-0.36744285
4.91794097,-0.19104587
4.91858097,-0.19104587
4.91922097,-0.19104587
4.91986097,-0.36744285
4.92050097,-0.36744285
4.92114097,-0.36744285
4.92178097,-0.36744285
4.92242097,-0.36744285
4.92306097,-0.19104587
4.92370097,-0.36744285
4.92434097,-0.36744285
4.92498097,-0.36744285
4.92562097,-0.36744285
4.92626097,-0.36744285
4.92690097,-0.36744285
4.92754097,-0.19104587
4.92818097,-0.36744285
4.92882097,-0.19104587
4.92946097,-0.36744285
4.93010097,-0.19104587
4.93074097,-0.19104587
4.93138097,-0.19104587
4.93202097,-0.19104587
4.93266097,-0.36744285
4.93330097,-0.19104587
4.93394097,-0.19104587
4.93458097,-0.19104587
4.93522097,-0.19104587
4.93586097,-0.19104587
4.93650097,-0.19104587
4.93714097,-0.19104587
4.93778097,-0.19104587
4.93842097,-0.19104587
4.93906097,-0.19104587
4.93970097,-0.19104587
4.94034097,-0.19104587
4.94098097,-0.19104587
4.94162097,-0.19104587
4.94226097,-0.19104587
4.94290097,-0.19104587
4.94354097,-0.19104587
4.94418097,-0.19104587
4.94482097,-0.19104587
4.94546097,-0.19104587
4.94610097,-0.19104587
4.94674097,-0.19104587
4.94738097,-0.19104587
4.94802097,-0.19104587
4.94866097,-0.19104587
4.94930097,-0.19104587
4.94994097,-0.19104587
4.95058097,-0.19104587
4.95122097,-0.19104587
4.95186097,-0.19104587
4.95250097,-0.19104587
4.95314097,-0.19104587
4.95378097,-0.01525925
4.95442097,-0.01525925
4.95506097,-0.19104587
4.95570097,-0.01525925
4.95634097,-0.01525925
4.95698097,-0.01525925
4.95762097,-0.01525925
4.95826097,-0.01525925
4.95890097,-0.01525925
4.95954097,-0.01525925
4.96018097,-0.01525925
4.96082097,-0.01525925
4.96146097,-0.01525925
4.96210097,0.16052736
4.96274097,0.16052736
4.96338097,-0.01525925
4.96402097,-0.01525925
4.96466097,-0.01525925
4.96530097,-0.01525925
4.96594097,-0.01525925
4.96658097,-0.01525925
4.96722097,-0.01525925
4.96786097,-0.01525925
4.96850097,-0.01525925
4.96914097,-0.01525925
4.96978097,0.16052736
4.97042097,-0.01525925
4.97106097,0.16052736
4.97170097,-0.01525925
4.97234097,0.16052736
4.97298097,0.16052736
4.97362097,0.16052736
4.97426097,0.16052736
4.97490097,0.16052736
4.97554097,0.16052736
4.97618097,0.16052736
4.97682097,0.16052736
4.97746097,0.16052736
4.97810097,0.16052736
4.97874097,0.16052736
4.97938097,0.16052736
4.98002097,0.16052736
4.98066097,0.16052736
4.98130097,0.16052736
4.98194097,0.33692434
4.98258097,0.16052736
4.98322097,0.16052736
4.98386097,0.16052736
4.98450097,0.16052736
4.98514097,0.33692434
4.98578097,0.16052736
4.98642097,0.16052736
4.98706097,0.16052736
4.98770097,0.16052736
4.98834097,0.33692434
4.98898097,0.33692434
4.98962097,0.33692434
4.99026097,0.33692434
4.99090097,0.33692434
4.99154097,0.16052736
4.99218097,0.33692434
4.99282097,0.33692434
4.99346097,0.33692434
4.99410097,0.33692434
4.99474097,0.33692434
4.99538097,0.16052736
4.99602097,0.33692434
4.99666097,0.16052736
4.99730097,0.33692434
4.99794097,0.16052736
4.99858097,0.16052736
4.99922097,0.16052736
4.99986097,0.33692434
5.00050097,0.33692434
