Frequency,Channel A

0.00000000,-28.21559906
0.19073486,-35.16178513
0.38146973,-49.10482407
0.57220459,-56.71514130
0.76293945,-52.68367767
0.95367432,-61.92482376
1.14440918,-63.84258652
1.33514404,-56.39562988
1.52587891,-49.63766479
1.71661377,-51.95849609
1.90734863,-50.40819550
2.09808350,-58.75018692
2.28881836,-59.72252655
2.47955322,-58.32521820
2.67028809,-57.08213806
2.86102295,-51.71495056
3.05175781,-51.37145233
3.24249268,-51.10174179
3.43322754,-53.70958328
3.62396240,-50.10198212
3.81469727,-48.53501129
4.00543213,-51.52434540
4.19616699,-35.24095535
4.38690186,-11.70262718
4.57763672,-0.70294273
4.76837158,1.70609415
4.95910645,-3.71158886
5.14984131,-18.88586617
5.34057617,-48.55701065
5.53131104,-45.24742508
5.72204590,-58.57135010
5.91278076,-44.48303223
6.10351562,-47.06193924
6.29425049,-48.59490967
6.48498535,-53.61725616
6.67572021,-50.40043640
6.86645508,-49.61139297
7.05718994,-67.59619141
7.24792480,-55.12535477
7.43865967,-48.16515350
7.62939453,-47.76595306
7.82012939,-50.61019135
8.01086426,-48.25485992
8.20159912,-51.27159882
8.39233398,-60.86761475
8.58306885,-52.59449005
8.77380371,-48.27262497
8.96453857,-47.50691986
9.15527344,-53.97981262
9.34600830,-60.22361755
9.53674316,-46.39168167
9.72747803,-46.14226913
9.91821289,-44.55091095
10.10894775,-46.24402618
10.29968262,-45.23530960
10.49041748,-45.70932388
10.68115234,-27.40474701
10.87188721,-13.03575516
11.06262207,-6.93614435
11.25335693,-8.10538769
11.44409180,-16.80230522
11.63482666,-32.92746735
11.82556152,-47.40091705
12.01629639,-53.58981323
12.20703125,-48.46892548
12.39776611,-50.75821304
12.58850098,-56.85658264
12.77923584,-54.15910721
12.96997070,-60.11860657
13.16070557,-50.32138062
13.35144043,-52.06945801
13.54217529,-49.63167572
13.73291016,-44.85704803
13.92364502,-46.80015945
14.11437988,-54.35304260
14.30511475,-56.82188034
14.49584961,-48.40398788
14.68658447,-50.46649933
14.87731934,-54.61847687
15.06805420,-56.68198395
15.25878906,-82.69894409
15.44952393,-59.63222885
15.64025879,-62.44873047
15.83099365,-59.67206955
16.02172852,-50.89422607
16.21246338,-49.82281113
16.40319824,-50.24221420
16.59393311,-55.54366684
16.78466797,-59.72365570
16.97540283,-53.88195038
17.16613770,-54.68292236
17.35687256,-49.83472824
17.54760742,-47.41393661
17.73834229,-47.58291626
17.92907715,-49.47676849
18.11981201,-52.03183746
18.31054688,-54.80651474
18.50128174,-50.63310623
18.69201660,-49.75688553
18.88275146,-59.51647186
19.07348633,-57.33337784
19.26422119,-53.06695938
19.45495605,-54.27082443
19.64569092,-57.14303970
19.83642578,-55.32114029
20.02716064,-46.64218140
20.21789551,-42.97623444
20.40863037,-44.01096344
20.59936523,-48.06173706
20.79010010,-56.30167389
20.98083496,-73.54488373
21.17156982,-56.94297791
21.36230469,-48.55353546
21.55303955,-45.88336945
21.74377441,-46.52751160
21.93450928,-55.58597946
22.12524414,-65.82083893
22.31597900,-63.08315277
22.50671387,-61.93111801
22.69744873,-51.09193420
22.88818359,-50.13908768
23.07891846,-55.01469421
23.26965332,-52.18689346
23.46038818,-52.14475632
23.65112305,-49.60282898
23.84185791,-49.73620987
24.03259277,-51.91925430
24.22332764,-56.40069580
24.41406250,-55.10644913
24.60479736,-55.48427963
24.79553223,-56.92532349
24.98626709,-60.69406128
25.17700195,-59.19824219
25.36773682,-53.93628693
25.55847168,-56.10330582
25.74920654,-57.68695450
25.93994141,-50.18494415
26.13067627,-49.30688477
26.32141113,-49.49508667
26.51214600,-51.46942139
26.70288086,-60.10443878
26.89361572,-71.67540741
27.08435059,-58.53414917
27.27508545,-51.17723465
27.46582031,-52.52644348
27.65655518,-56.15462875
27.84729004,-75.66004944
28.03802490,-58.02149963
28.22875977,-53.69631958
28.41949463,-55.21079636
28.61022949,-57.59127045
28.80096436,-60.11766815
28.99169922,-76.97750854
29.18243408,-57.68467331
29.37316895,-54.92122650
29.56390381,-65.06491089
29.75463867,-61.32039642
29.94537354,-55.55991364
30.13610840,-49.92011642
30.32684326,-48.82801437
30.51757812,-55.37206650
30.70831299,-53.59967804
30.89904785,-52.99645233
31.08978271,-50.49947739
31.28051758,-50.95403290
31.47125244,-58.00547791
31.66198730,-58.51417542
31.85272217,-55.71237183
32.04345703,-57.06346130
32.23419189,-64.52326965
32.42492676,-58.75807190
32.61566162,-66.15193176
32.80639648,-54.77340317
32.99713135,-55.18383408
33.18786621,-65.54337311
33.37860107,-52.84370041
33.56933594,-51.66463852
33.76007080,-56.62567139
33.95080566,-61.35032272
34.14154053,-53.46322632
34.33227539,-49.32258606
34.52301025,-53.77316284
34.71374512,-61.14117432
34.90447998,-54.35879135
35.09521484,-54.40821838
35.28594971,-51.13331604
35.47668457,-50.21820450
35.66741943,-51.45959854
35.85815430,-52.04013824
36.04888916,-54.96219635
36.23962402,-60.58074951
36.43035889,-72.46048737
36.62109375,-73.81439209
36.81182861,-65.67580414
37.00256348,-59.85222244
37.19329834,-56.94657898
37.38403320,-58.61288452
37.57476807,-60.03347397
37.76550293,-50.62259674
37.95623779,-50.43168640
38.14697266,-54.63244629
38.33770752,-51.99309540
38.52844238,-47.50749969
38.71917725,-48.98740387
38.90991211,-52.96785355
39.10064697,-46.55197525
39.29138184,-47.85652542
39.48211670,-48.81744766
39.67285156,-45.75530243
39.86358643,-45.52337265
40.05432129,-47.94931412
40.24505615,-49.26370621
40.43579102,-47.83220673
40.62652588,-52.68590546
40.81726074,-60.03593063
41.00799561,-52.08687210
41.19873047,-54.46926117
41.38946533,-57.57723236
41.58020020,-61.77793884
41.77093506,-66.07726288
41.96166992,-54.06880188
42.15240479,-49.15390396
42.34313965,-48.09944534
42.53387451,-51.99773788
42.72460938,-60.02215958
42.91534424,-60.03849030
43.10607910,-53.88662338
43.29681396,-51.00772095
43.48754883,-50.77039337
43.67828369,-54.97478104
43.86901855,-72.16324615
44.05975342,-59.85292816
44.25048828,-50.73472977
44.44122314,-49.84142303
44.63195801,-51.48734665
44.82269287,-58.22853088
45.01342773,-57.20331192
45.20416260,-52.42948914
45.39489746,-50.05038452
45.58563232,-50.66013718
45.77636719,-54.83918762
45.96710205,-55.11588287
46.15783691,-61.61730194
46.34857178,-53.23053741
46.53930664,-50.62339783
46.73004150,-59.25301361
46.92077637,-54.82421494
47.11151123,-62.13087082
47.30224609,-53.61879730
47.49298096,-55.20057678
47.68371582,-57.57756042
47.87445068,-56.20216370
48.06518555,-54.13236237
48.25592041,-62.98056793
48.44665527,-53.64673233
48.63739014,-50.84139252
48.82812500,-51.49809265
49.01885986,-49.53899765
49.20959473,-47.23374176
49.40032959,-48.62754440
49.59106445,-55.70521927
49.78179932,-58.28128815
49.97253418,-50.66820526
50.16326904,-52.20348740
50.35400391,-53.60072327
50.54473877,-52.93822479
50.73547363,-50.29076385
50.92620850,-50.01517487
51.11694336,-53.63001251
51.30767822,-55.74156952
51.49841309,-52.14725494
51.68914795,-49.86849976
51.87988281,-52.47238922
52.07061768,-53.50650406
52.26135254,-55.04983902
52.45208740,-57.85282516
52.64282227,-56.55139542
52.83355713,-58.93650055
53.02429199,-58.80297852
53.21502686,-52.18592834
53.40576172,-51.72500229
53.59649658,-51.98875427
53.78723145,-55.71963501
53.97796631,-61.53936768
54.16870117,-55.80904007
54.35943604,-57.75658417
54.55017090,-57.38519287
54.74090576,-55.42284012
54.93164062,-54.07449341
55.12237549,-49.87065125
55.31311035,-47.50581360
55.50384521,-50.00919724
55.69458008,-55.06242752
55.88531494,-54.85366821
56.07604980,-53.96704102
56.26678467,-53.18165588
56.45751953,-50.77192688
56.64825439,-50.52256012
56.83898926,-53.06568909
57.02972412,-52.84519196
57.22045898,-54.81046677
57.41119385,-61.79526520
57.60192871,-56.79782486
57.79266357,-62.16861725
57.98339844,-60.54367065
58.17413330,-52.44636536
58.36486816,-50.98768616
58.55560303,-53.73587799
58.74633789,-64.66640472
58.93707275,-53.02702332
59.12780762,-48.21126556
59.31854248,-48.81252670
59.50927734,-56.86507797
59.70001221,-54.77027130
59.89074707,-58.81726074
60.08148193,-59.64214325
60.27221680,-62.55304718
60.46295166,-63.70649338
60.65368652,-65.82182312
60.84442139,-69.90979767
61.03515625,-65.88609314
61.22589111,-57.69239044
61.41662598,-50.99571991
61.60736084,-52.98096466
61.79809570,-59.57033157
61.98883057,-57.09095383
62.17956543,-55.19561386
62.37030029,-52.79295349
62.56103516,-49.42548752
62.75177002,-52.54861450
62.94250488,-66.65670013
63.13323975,-68.56057739
63.32397461,-59.63077927
63.51470947,-53.90315247
63.70544434,-52.92450714
63.89617920,-57.49195099
64.08691406,-66.31658936
64.27764893,-68.65052795
64.46838379,-63.19963455
64.65911865,-60.10982513
64.84985352,-56.01564789
65.04058838,-57.83294678
65.23132324,-62.14743042
65.42205811,-54.09057617
65.61279297,-59.85320282
65.80352783,-59.64710999
65.99426270,-58.59026337
66.18499756,-57.35996628
66.37573242,-55.46781158
66.56646729,-53.95825958
66.75720215,-51.66383743
66.94793701,-53.66307068
67.13867188,-58.52741241
67.32940674,-52.95741272
67.52014160,-54.54111099
67.71087646,-58.32367325
67.90161133,-71.48354340
68.09234619,-55.86342621
68.28308105,-50.31960297
68.47381592,-52.10174561
68.66455078,-59.29926300
68.85528564,-52.61116409
69.04602051,-50.14567566
69.23675537,-54.81834030
69.42749023,-53.68357849
69.61822510,-52.92235947
69.80895996,-61.15620041
69.99969482,-51.89413452
70.19042969,-50.99870682
70.38116455,-55.99029541
70.57189941,-54.61271286
70.76263428,-53.06875229
70.95336914,-54.13798904
71.14410400,-58.13197708
71.33483887,-52.05390549
71.52557373,-47.63322449
71.71630859,-48.75669861
71.90704346,-53.09468842
72.09777832,-61.75765228
72.28851318,-56.10115433
72.47924805,-56.14787674
72.66998291,-53.77611160
72.86071777,-59.24035645
73.05145264,-67.80944061
73.24218750,-60.05923843
73.43292236,-56.49301529
73.62365723,-55.68466949
73.81439209,-52.29669571
74.00512695,-53.72728729
74.19586182,-56.73459625
74.38659668,-53.43394470
74.57733154,-56.46033478
74.76806641,-59.12598038
74.95880127,-66.81346130
75.14953613,-62.50999069
75.34027100,-65.29662323
75.53100586,-56.83150864
75.72174072,-50.33478546
75.91247559,-48.31008911
76.10321045,-48.34744263
76.29394531,-48.62609482
76.48468018,-51.42857361
76.67541504,-55.70724869
76.86614990,-58.71041870
77.05688477,-58.66246033
77.24761963,-57.53182983
77.43835449,-57.18775177
77.62908936,-55.89029694
77.81982422,-56.02924347
78.01055908,-54.35310745
78.20129395,-50.54909515
78.39202881,-50.28522491
78.58276367,-54.39128113
78.77349854,-57.32052231
78.96423340,-58.46877670
79.15496826,-63.98496246
79.34570312,-69.22119141
79.53643799,-55.04823303
79.72717285,-51.40166473
79.91790771,-54.99584198
80.10864258,-62.44844055
80.29937744,-67.46985626
80.49011230,-67.76248932
80.68084717,-65.91795349
80.87158203,-59.95281601
81.06231689,-57.40963364
81.25305176,-62.95110703
81.44378662,-52.34249878
81.63452148,-54.21916962
81.82525635,-52.85546875
82.01599121,-55.70734406
82.20672607,-57.28169250
82.39746094,-61.15904236
82.58819580,-57.78701019
82.77893066,-56.14986420
82.96966553,-51.74278259
83.16040039,-50.36950684
83.35113525,-58.13194275
83.54187012,-61.93432617
83.73260498,-60.55321503
83.92333984,-62.89192200
84.11407471,-61.42503738
84.30480957,-59.59845734
84.49554443,-52.35740662
84.68627930,-52.40829849
84.87701416,-52.30311966
85.06774902,-50.35013580
85.25848389,-51.64889908
85.44921875,-60.38568497
85.63995361,-74.12891388
85.83068848,-54.13818741
86.02142334,-51.15116119
86.21215820,-54.84056473
86.40289307,-67.34348297
86.59362793,-62.82122040
86.78436279,-57.94227600
86.97509766,-52.82880783
87.16583252,-54.66000366
87.35656738,-60.02898407
87.54730225,-64.11328125
87.73803711,-54.67510605
87.92877197,-52.75508881
88.11950684,-53.22360611
88.31024170,-58.75260162
88.50097656,-55.85024261
88.69171143,-48.06040955
88.88244629,-46.67854309
89.07318115,-50.56604385
89.26391602,-56.75459290
89.45465088,-60.51387405
89.64538574,-57.44850922
89.83612061,-73.43772125
90.02685547,-65.89955139
90.21759033,-62.08346558
90.40832520,-49.75839996
90.59906006,-47.51752472
90.78979492,-49.50095749
90.98052979,-50.18566132
91.17126465,-53.18839645
91.36199951,-53.99624634
91.55273438,-52.33037567
91.74346924,-51.94890976
91.93420410,-56.76745987
92.12493896,-64.70267487
92.31567383,-63.81373978
92.50640869,-78.67490387
92.69714355,-61.72428894
92.88787842,-56.09246063
93.07861328,-60.60638809
93.26934814,-64.87600708
93.46008301,-70.14147949
93.65081787,-64.80732727
93.84155273,-62.10482788
94.03228760,-66.32379913
94.22302246,-73.66825104
94.41375732,-61.96350479
94.60449219,-53.73872375
94.79522705,-53.34067535
94.98596191,-57.36276627
95.17669678,-76.88964081
95.36743164,-56.44608307
95.55816650,-53.26770020
95.74890137,-54.54835892
95.93963623,-56.70590210
96.13037109,-53.16328049
96.32110596,-53.02264786
96.51184082,-53.95409012
96.70257568,-57.80921936
96.89331055,-62.35013962
97.08404541,-56.04074097
97.27478027,-52.68450928
97.46551514,-49.51527405
97.65625000,-48.00878525
97.84698486,-48.74755478
98.03771973,-52.21576691
98.22845459,-55.16842270
98.41918945,-50.45891571
98.60992432,-46.63387680
98.80065918,-47.27447891
98.99139404,-49.75601959
99.18212891,-51.82832336
99.37286377,-56.78304672
99.56359863,-52.78464508
99.75433350,-50.01419067
99.94506836,-52.60250473
100.13580322,-70.17687225
100.32653809,-56.56868362
100.51727295,-56.93967819
100.70800781,-56.88156509
100.89874268,-53.20442200
101.08947754,-51.25702286
101.28021240,-51.63421249
101.47094727,-51.44311523
101.66168213,-50.53144073
101.85241699,-54.08636475
102.04315186,-59.58211517
102.23388672,-50.87249756
102.42462158,-52.96779251
102.61535645,-59.37671280
102.80609131,-66.48011017
102.99682617,-59.91292953
103.18756104,-58.43912125
103.37829590,-54.75777435
103.56903076,-55.68367004
103.75976562,-57.92400742
103.95050049,-54.00104904
104.14123535,-63.46460724
104.33197021,-52.60431671
104.52270508,-49.73190308
104.71343994,-58.75008011
104.90417480,-55.87466431
105.09490967,-51.06878281
105.28564453,-53.19732666
105.47637939,-55.58853531
105.66711426,-65.77652740
105.85784912,-69.46870422
106.04858398,-63.41975784
106.23931885,-65.73385620
106.43005371,-66.10224915
106.62078857,-61.02192688
106.81152344,-58.50400543
107.00225830,-62.07439804
107.19299316,-52.55567551
107.38372803,-48.40526581
107.57446289,-50.21018982
107.76519775,-63.54351044
107.95593262,-51.24888992
108.14666748,-49.56371307
108.33740234,-55.38199615
108.52813721,-73.99776459
108.71887207,-55.54938889
108.90960693,-50.63613129
109.10034180,-51.34139252
109.29107666,-60.58280945
109.48181152,-60.77115631
109.67254639,-52.96886063
109.86328125,-53.38713837
110.05401611,-59.04947281
110.24475098,-52.90573883
110.43548584,-57.67567444
110.62622070,-61.64685822
110.81695557,-67.16831970
111.00769043,-61.44142532
111.19842529,-59.63827133
111.38916016,-52.53675079
111.57989502,-50.68893051
111.77062988,-50.63821411
111.96136475,-46.12544250
112.15209961,-45.95519638
112.34283447,-51.53655624
112.53356934,-55.19289017
112.72430420,-54.30993652
112.91503906,-55.13179398
113.10577393,-56.20685196
113.29650879,-55.56699753
113.48724365,-55.84930038
113.67797852,-54.96082306
113.86871338,-54.47627258
114.05944824,-61.48906708
114.25018311,-55.19533157
114.44091797,-50.59894180
114.63165283,-55.55255508
114.82238770,-67.28120422
115.01312256,-62.44805908
115.20385742,-60.90296936
115.39459229,-56.12287521
115.58532715,-51.22983551
115.77606201,-53.14054871
115.96679688,-72.73858643
116.15753174,-56.42350006
116.34826660,-58.55226898
116.53900146,-61.00731277
116.72973633,-60.66522980
116.92047119,-65.35853577
117.11120605,-56.18317413
117.30194092,-53.00995636
117.49267578,-58.33688354
117.68341064,-62.10331345
117.87414551,-52.28042603
118.06488037,-54.59507751
118.25561523,-64.74605560
118.44635010,-69.73992920
118.63708496,-68.15061188
118.82781982,-82.20288086
119.01855469,-65.93486786
119.20928955,-60.28804016
119.40002441,-65.94575500
119.59075928,-55.49464417
119.78149414,-56.82722092
119.97222900,-58.97108078
120.16296387,-57.88404465
120.35369873,-57.77946472
120.54443359,-64.48008728
120.73516846,-77.49311066
120.92590332,-62.67332458
121.11663818,-54.01008606
121.30737305,-52.94017792
121.49810791,-58.08920288
121.68884277,-63.18798828
121.87957764,-59.59980392
122.07031250,-63.48009109
122.26104736,-62.19073486
122.45178223,-61.77767944
122.64251709,-62.60229492
122.83325195,-58.26686859
123.02398682,-59.04343033
123.21472168,-64.68566895
123.40545654,-66.82518005
123.59619141,-62.60334778
123.78692627,-65.59546661
123.97766113,-55.00122070
124.16839600,-53.86994171
124.35913086,-62.97767258
124.54986572,-57.09652710
124.74060059,-53.57814789
124.93133545,-55.31787872
125.12207031,-60.31106567
125.31280518,-73.66883850
125.50354004,-56.32857895
125.69427490,-52.23885345
125.88500977,-54.72388840
126.07574463,-56.78738403
126.26647949,-55.40542603
126.45721436,-50.23546600
126.64794922,-49.72919846
126.83868408,-53.38927841
127.02941895,-60.03179932
127.22015381,-62.56086349
127.41088867,-62.01286316
127.60162354,-62.19760513
127.79235840,-59.54179764
127.98309326,-62.20019913
128.17382812,-54.14539719
128.36456299,-54.85127258
128.55529785,-67.86946106
128.74603271,-73.95707703
128.93676758,-57.59795380
129.12750244,-52.08475113
129.31823730,-54.36139679
129.50897217,-62.10785675
129.69970703,-63.45325089
129.89044189,-69.45004272
130.08117676,-58.17670822
130.27191162,-54.58219528
130.46264648,-56.92548370
130.65338135,-57.74516296
130.84411621,-61.95285797
131.03485107,-59.04342270
131.22558594,-51.39300537
131.41632080,-52.54201889
131.60705566,-61.48118591
131.79779053,-52.14409256
131.98852539,-51.27928162
132.17926025,-54.37792969
132.36999512,-53.28246307
132.56072998,-55.36283112
132.75146484,-52.94696808
132.94219971,-50.43732452
133.13293457,-54.40993881
133.32366943,-59.81022263
133.51440430,-63.16955948
133.70513916,-63.90584946
133.89587402,-59.86644363
134.08660889,-56.83035278
134.27734375,-58.42509842
134.46807861,-57.67842102
134.65881348,-59.06965256
134.84954834,-53.07133484
135.04028320,-53.62551880
135.23101807,-56.41222000
135.42175293,-56.44679260
135.61248779,-61.30580902
135.80322266,-62.39563751
135.99395752,-56.67024994
136.18469238,-56.72948456
136.37542725,-65.83957672
136.56616211,-63.92732620
136.75689697,-64.15550232
136.94763184,-61.78229904
137.13836670,-54.10349274
137.32910156,-52.59231567
137.51983643,-55.14115143
137.71057129,-58.37242508
137.90130615,-56.82214355
138.09204102,-54.57105637
138.28277588,-59.48924255
138.47351074,-54.73724365
138.66424561,-54.07051849
138.85498047,-63.08609772
139.04571533,-58.44835663
139.23645020,-55.79008484
139.42718506,-52.31935501
139.61791992,-51.69644928
139.80865479,-53.02524948
139.99938965,-52.87624359
140.19012451,-50.90661621
140.38085938,-51.55914307
140.57159424,-53.12500763
140.76232910,-54.71119690
140.95306396,-62.66585922
141.14379883,-58.57080460
141.33453369,-57.74639893
141.52526855,-57.91967010
141.71600342,-49.91696930
141.90673828,-51.53974533
142.09747314,-62.37816238
142.28820801,-50.86855316
142.47894287,-50.18440247
142.66967773,-51.23483658
142.86041260,-59.10085297
143.05114746,-58.54302216
143.24188232,-54.48155975
143.43261719,-55.35904694
143.62335205,-53.14298630
143.81408691,-53.60514832
144.00482178,-55.41114044
144.19555664,-58.27439117
144.38629150,-65.54367828
144.57702637,-59.82563782
144.76776123,-59.10745621
144.95849609,-59.57771301
145.14923096,-57.73690033
145.33996582,-53.14352036
145.53070068,-52.35435867
145.72143555,-53.47339249
145.91217041,-58.37023926
146.10290527,-62.65046692
146.29364014,-60.49774933
146.48437500,-56.49342346
146.67510986,-57.77698898
146.86584473,-54.86614227
147.05657959,-53.21799850
147.24731445,-57.10941696
147.43804932,-59.55611801
147.62878418,-57.89044189
147.81951904,-55.85628128
148.01025391,-52.24935150
148.20098877,-54.84231567
148.39172363,-56.92888260
148.58245850,-63.95016098
148.77319336,-70.39122772
148.96392822,-57.36295319
149.15466309,-50.65575027
149.34539795,-51.55099487
149.53613281,-53.99913788
149.72686768,-50.21443176
149.91760254,-52.51592255
150.10833740,-59.87054825
150.29907227,-70.48754883
150.48980713,-65.43789673
150.68054199,-62.14638519
150.87127686,-60.98975754
151.06201172,-57.71167374
151.25274658,-55.54859543
151.44348145,-55.17390823
151.63421631,-53.82780457
151.82495117,-56.38823700
152.01568604,-77.85655975
152.20642090,-60.74316025
152.39715576,-58.74156189
152.58789062,-64.04959869
152.77862549,-64.40261078
152.96936035,-53.90396500
153.16009521,-48.68034744
153.35083008,-48.86743927
153.54156494,-54.04936981
153.73229980,-56.98218918
153.92303467,-51.88217926
154.11376953,-55.92323685
154.30450439,-60.30414581
154.49523926,-72.17875671
154.68597412,-58.36199188
154.87670898,-58.95901489
155.06744385,-69.52365875
155.25817871,-63.66698456
155.44891357,-58.32278824
155.63964844,-58.61712646
155.83038330,-69.58037567
156.02111816,-63.57647705
156.21185303,-60.11747360
156.40258789,-54.82027435
156.59332275,-52.03144073
156.78405762,-60.40792084
156.97479248,-56.69094086
157.16552734,-51.45746231
157.35626221,-54.29960251
157.54699707,-63.33098984
157.73773193,-85.32723236
157.92846680,-59.32643127
158.11920166,-55.37940598
158.30993652,-57.66872406
158.50067139,-63.70846176
158.69140625,-65.31159210
158.88214111,-63.40014648
159.07287598,-60.24244308
159.26361084,-73.34025574
159.45434570,-54.26239014
159.64508057,-50.52894592
159.83581543,-50.67888260
160.02655029,-52.57951355
160.21728516,-58.70237732
160.40802002,-55.60600662
160.59875488,-60.72084045
160.78948975,-68.11227417
160.98022461,-63.86735535
161.17095947,-58.73990631
161.36169434,-57.24456024
161.55242920,-66.77688599
161.74316406,-58.02495575
161.93389893,-54.96622467
162.12463379,-53.86856461
162.31536865,-52.60086823
162.50610352,-53.29827118
162.69683838,-56.70159912
162.88757324,-56.07492828
163.07830811,-52.83377838
163.26904297,-52.42182159
163.45977783,-51.26525116
163.65051270,-57.45774841
163.84124756,-60.90156555
164.03198242,-57.62530899
164.22271729,-61.42947388
164.41345215,-60.52550507
164.60418701,-63.17151642
164.79492188,-62.45933533
164.98565674,-63.49976349
165.17639160,-52.97577286
165.36712646,-52.52853775
165.55786133,-53.36694336
165.74859619,-51.98961258
165.93933105,-52.47026443
166.13006592,-53.89579010
166.32080078,-55.65921783
166.51153564,-63.37832642
166.70227051,-52.47356415
166.89300537,-51.76119232
167.08374023,-52.35047150
167.27447510,-50.38742828
167.46520996,-51.49444962
167.65594482,-62.69696808
167.84667969,-58.50206757
168.03741455,-51.44291687
168.22814941,-51.19668961
168.41888428,-55.34763336
168.60961914,-61.57503128
168.80035400,-66.10070038
168.99108887,-61.14289093
169.18182373,-60.48626328
169.37255859,-65.95201874
169.56329346,-69.46807098
169.75402832,-69.30180359
169.94476318,-61.74599075
170.13549805,-70.95323181
170.32623291,-71.23213959
170.51696777,-60.25835037
170.70770264,-59.37727356
170.89843750,-59.12268066
171.08917236,-61.85715485
171.27990723,-53.64728928
171.47064209,-52.11905670
171.66137695,-61.39273834
171.85211182,-56.43829346
172.04284668,-51.97667694
172.23358154,-52.33500671
172.42431641,-53.28865051
172.61505127,-53.69137573
172.80578613,-53.77065659
172.99652100,-56.77315521
173.18725586,-57.50128174
173.37799072,-59.10505295
173.56872559,-52.72525787
173.75946045,-55.47732925
173.95019531,-62.60136032
174.14093018,-54.46080780
174.33166504,-56.17403412
174.52239990,-60.31641388
174.71313477,-55.77312851
174.90386963,-55.12155151
175.09460449,-55.88685608
175.28533936,-54.87811661
175.47607422,-58.02305603
175.66680908,-60.02574539
175.85754395,-57.56174088
176.04827881,-60.48122025
176.23901367,-73.44605255
176.42974854,-60.36631012
176.62048340,-58.70321655
176.81121826,-51.98316193
177.00195312,-49.24585342
177.19268799,-48.90869141
177.38342285,-51.00204468
177.57415771,-54.21436310
177.76489258,-54.94297409
177.95562744,-56.11387634
178.14636230,-55.12767029
178.33709717,-56.95092773
178.52783203,-75.10023499
178.71856689,-55.62771606
178.90930176,-52.74996185
179.10003662,-52.54785156
179.29077148,-52.31774139
179.48150635,-55.72032166
179.67224121,-62.90573883
179.86297607,-60.86303329
180.05371094,-57.43280411
180.24444580,-55.65934753
180.43518066,-60.71554565
180.62591553,-60.90966797
180.81665039,-55.09425354
181.00738525,-58.32092667
181.19812012,-61.29041672
181.38885498,-56.14070892
181.57958984,-58.85577393
181.77032471,-56.24403000
181.96105957,-51.94371033
182.15179443,-52.17305756
182.34252930,-58.73794556
182.53326416,-66.23045349
182.72399902,-57.60626221
182.91473389,-55.90984726
183.10546875,-53.65919495
183.29620361,-55.92178726
183.48693848,-56.11152649
183.67767334,-52.00886536
183.86840820,-58.31083298
184.05914307,-69.72205353
184.24987793,-58.34661102
184.44061279,-54.69187164
184.63134766,-51.25712967
184.82208252,-49.71610641
185.01281738,-50.41819763
185.20355225,-51.28463364
185.39428711,-56.54475403
185.58502197,-66.55189514
185.77575684,-57.59043121
185.96649170,-56.28728485
186.15722656,-58.70346832
186.34796143,-55.25583267
186.53869629,-53.08568573
186.72943115,-55.74327469
186.92016602,-58.02284622
187.11090088,-61.36742020
187.30163574,-66.04685211
187.49237061,-66.52766418
187.68310547,-66.22496033
187.87384033,-59.12146759
188.06457520,-51.01486206
188.25531006,-48.34402084
188.44604492,-49.50474167
188.63677979,-52.78911972
188.82751465,-55.13572311
189.01824951,-59.48737717
189.20898438,-53.48714447
189.39971924,-51.17333221
189.59045410,-52.54485703
189.78118896,-57.21185684
189.97192383,-58.73266602
190.16265869,-53.39702225
190.35339355,-53.26274872
190.54412842,-52.58163071
190.73486328,-55.73133850
190.92559814,-56.84070969
191.11633301,-52.97174454
191.30706787,-52.67400742
191.49780273,-51.77349091
191.68853760,-53.42788315
191.87927246,-59.70640182
192.07000732,-57.97009277
192.26074219,-55.42942810
192.45147705,-57.06884384
192.64221191,-62.14015961
192.83294678,-69.26580048
193.02368164,-56.90113449
193.21441650,-62.90719986
193.40515137,-54.00254059
193.59588623,-50.41570663
193.78662109,-51.81558609
193.97735596,-56.04442596
194.16809082,-56.99711227
194.35882568,-56.85419083
194.54956055,-57.39770889
194.74029541,-57.54042053
194.93103027,-59.24979782
195.12176514,-58.32651520
195.31250000,-59.64241409
195.50323486,-68.40023804
195.69396973,-56.98852158
195.88470459,-56.03185272
196.07543945,-69.07273865
196.26617432,-59.06211090
196.45690918,-61.06447220
196.64764404,-64.17214966
196.83837891,-61.90343857
197.02911377,-64.17520142
197.21984863,-62.60517502
197.41058350,-60.92716599
197.60131836,-66.73562622
197.79205322,-75.07971954
197.98278809,-70.73265076
198.17352295,-58.63233566
198.36425781,-55.79519653
198.55499268,-56.50142670
198.74572754,-56.46394348
198.93646240,-53.75361633
199.12719727,-52.63494110
199.31793213,-56.24745178
199.50866699,-55.12134552
199.69940186,-55.07888031
199.89013672,-59.71198654
200.08087158,-69.72825623
200.27160645,-63.55659485
200.46234131,-59.62391663
200.65307617,-59.09385681
200.84381104,-62.21360016
201.03454590,-68.76789856
201.22528076,-54.64323044
201.41601562,-53.93308640
201.60675049,-65.50073242
201.79748535,-54.44596863
201.98822021,-49.84112167
202.17895508,-47.75935745
202.36968994,-48.17694092
202.56042480,-52.70432281
202.75115967,-64.35669708
202.94189453,-62.81439972
203.13262939,-57.26683044
203.32336426,-54.94035339
203.51409912,-58.05744171
203.70483398,-62.08444977
203.89556885,-54.85251999
204.08630371,-53.91429138
204.27703857,-63.78614426
204.46777344,-59.25674820
204.65850830,-61.28812790
204.84924316,-64.55123138
205.03997803,-62.73688507
205.23071289,-62.60036469
205.42144775,-63.20080566
205.61218262,-53.94272232
205.80291748,-52.39292526
205.99365234,-74.17151642
206.18438721,-53.01641846
206.37512207,-53.48880005
206.56585693,-57.73008347
206.75659180,-56.81774139
206.94732666,-55.16927338
207.13806152,-60.66524506
207.32879639,-74.26094055
207.51953125,-61.23611069
207.71026611,-51.34092712
207.90100098,-50.85214233
208.09173584,-50.31800842
208.28247070,-51.87065506
208.47320557,-57.89416885
208.66394043,-60.36708450
208.85467529,-64.05960846
209.04541016,-60.72708893
209.23614502,-75.20632172
209.42687988,-57.58071518
209.61761475,-54.50275421
209.80834961,-53.84806061
209.99908447,-54.93495560
210.18981934,-59.22740936
210.38055420,-64.81671906
210.57128906,-63.73691559
210.76202393,-56.19772339
210.95275879,-52.88487244
211.14349365,-51.91753387
211.33422852,-50.06672287
211.52496338,-49.61457062
211.71569824,-55.58051682
211.90643311,-59.75728989
212.09716797,-62.21778870
212.28790283,-56.96957397
212.47863770,-52.70015717
212.66937256,-55.11615372
212.86010742,-63.22475433
213.05084229,-66.79696655
213.24157715,-73.94720459
213.43231201,-55.88954544
213.62304688,-50.60533905
213.81378174,-52.39015579
214.00451660,-59.22547150
214.19525146,-51.17458344
214.38598633,-51.46434402
214.57672119,-55.39312744
214.76745605,-55.28602219
214.95819092,-53.96332169
215.14892578,-53.40158081
215.33966064,-57.24190140
215.53039551,-65.23917389
215.72113037,-56.17030716
215.91186523,-53.34743500
216.10260010,-53.13675308
216.29333496,-54.39258957
216.48406982,-60.94537354
216.67480469,-59.44980621
216.86553955,-55.55553818
217.05627441,-56.86428833
217.24700928,-57.48457336
217.43774414,-58.63495636
217.62847900,-54.58362198
217.81921387,-52.30047607
218.00994873,-60.40095520
218.20068359,-56.17499542
218.39141846,-55.11806488
218.58215332,-54.69106674
218.77288818,-61.78763962
218.96362305,-62.46796417
219.15435791,-62.01919556
219.34509277,-59.08050156
219.53582764,-59.48808670
219.72656250,-60.25794983
219.91729736,-58.61994171
220.10803223,-55.19523621
220.29876709,-55.65204239
220.48950195,-56.95034027
220.68023682,-54.36624146
220.87097168,-53.31020355
221.06170654,-54.90343475
221.25244141,-52.31395721
221.44317627,-52.22767639
221.63391113,-53.70652771
221.82464600,-54.29532623
222.01538086,-54.29715729
222.20611572,-54.60688782
222.39685059,-52.71198654
222.58758545,-52.86979294
222.77832031,-57.66246414
222.96905518,-62.26007843
223.15979004,-57.82107544
223.35052490,-57.14344788
223.54125977,-59.48925400
223.73199463,-55.53863907
223.92272949,-53.63552475
224.11346436,-52.91298676
224.30419922,-55.54864883
224.49493408,-57.40673065
224.68566895,-61.09338760
224.87640381,-57.85565948
225.06713867,-51.24433136
225.25787354,-55.68271255
225.44860840,-65.51968384
225.63934326,-54.51177979
225.83007812,-53.62174225
226.02081299,-71.76293945
226.21154785,-58.03145599
226.40228271,-56.10435104
226.59301758,-55.39978790
226.78375244,-52.95182800
226.97448730,-50.64440155
227.16522217,-54.03258896
227.35595703,-59.70667267
227.54669189,-56.70256805
227.73742676,-58.21473694
227.92816162,-56.88914490
228.11889648,-57.09235382
228.30963135,-56.23886490
228.50036621,-59.22776794
228.69110107,-58.96104431
228.88183594,-59.18619537
229.07257080,-59.90228653
229.26330566,-55.02930069
229.45404053,-51.15234375
229.64477539,-49.82912445
229.83551025,-52.66219711
230.02624512,-58.96148300
230.21697998,-52.83913422
230.40771484,-56.06302643
230.59844971,-63.98486328
230.78918457,-56.91437149
230.97991943,-54.02564240
231.17065430,-52.74515152
231.36138916,-52.05738449
231.55212402,-53.58499527
231.74285889,-54.70450592
231.93359375,-53.01803589
232.12432861,-52.31929016
232.31506348,-55.73593140
232.50579834,-57.01783752
232.69653320,-55.31575775
232.88726807,-54.22926331
233.07800293,-51.12006378
233.26873779,-52.75481796
233.45947266,-56.28442764
233.65020752,-69.04651642
233.84094238,-55.09941101
234.03167725,-55.19203186
234.22241211,-62.44738770
234.41314697,-64.48323059
234.60388184,-62.72690582
234.79461670,-54.43525314
234.98535156,-53.58466721
235.17608643,-61.98065948
235.36682129,-55.86095810
235.55755615,-50.43154907
235.74829102,-50.74115753
235.93902588,-54.08190155
236.12976074,-57.36209106
236.32049561,-63.61207581
236.51123047,-64.91570282
236.70196533,-62.28263474
236.89270020,-76.57174683
237.08343506,-61.21653748
237.27416992,-55.32752609
237.46490479,-54.62048340
237.65563965,-57.24560547
237.84637451,-55.08531570
238.03710938,-53.51655579
238.22784424,-59.83439636
238.41857910,-66.28240204
238.60931396,-63.45134354
238.80004883,-61.77946091
238.99078369,-62.78947830
239.18151855,-53.04545593
239.37225342,-55.45944595
239.56298828,-60.80974579
239.75372314,-58.73280334
239.94445801,-54.79351044
240.13519287,-57.26490784
240.32592773,-57.89106750
240.51666260,-79.44130707
240.70739746,-55.59770584
240.89813232,-53.60264206
241.08886719,-52.95567322
241.27960205,-53.07641602
241.47033691,-58.06932449
241.66107178,-71.45655823
241.85180664,-67.70809174
242.04254150,-65.68231964
242.23327637,-57.22453308
242.42401123,-57.23178482
242.61474609,-60.78515625
242.80548096,-57.61837769
242.99621582,-53.93795013
243.18695068,-53.52748108
243.37768555,-53.23376083
243.56842041,-50.52672958
243.75915527,-52.63159180
243.94989014,-57.29895020
244.14062500,-62.32136536
244.33135986,-51.29947662
244.52209473,-48.73437881
244.71282959,-50.45728302
244.90356445,-53.90036774
245.09429932,-58.15883636
245.28503418,-60.11719131
245.47576904,-59.07481766
245.66650391,-54.77221680
245.85723877,-54.61293793
246.04797363,-57.36339569
246.23870850,-57.84057236
246.42944336,-56.34138489
246.62017822,-57.13227844
246.81091309,-63.58578491
247.00164795,-58.96923447
247.19238281,-57.29063034
247.38311768,-60.17212677
247.57385254,-68.69711304
247.76458740,-76.26206207
247.95532227,-67.21900177
248.14605713,-63.95571136
248.33679199,-59.51498032
248.52752686,-54.47390747
248.71826172,-54.75424194
248.90899658,-60.02899551
249.09973145,-59.48741913
249.29046631,-63.46090317
249.48120117,-73.78255463
249.67193604,-55.42869568
249.86267090,-52.97280884
250.05340576,-56.84820557
250.24414062,-58.89925385
250.43487549,-63.59558868
250.62561035,-65.42675018
250.81634521,-57.14504623
251.00708008,-57.51879883
251.19781494,-57.22091293
251.38854980,-57.45233154
251.57928467,-57.85649109
251.77001953,-55.21664429
251.96075439,-55.84146118
252.15148926,-54.23431015
252.34222412,-51.33987427
252.53295898,-54.99082184
252.72369385,-70.14483643
252.91442871,-57.82566071
253.10516357,-56.94558716
253.29589844,-58.96345520
253.48663330,-59.71531296
253.67736816,-56.95304871
253.86810303,-56.19576263
254.05883789,-61.49374390
254.24957275,-69.49343872
254.44030762,-71.10223389
254.63104248,-57.58227539
254.82177734,-50.60815430
255.01251221,-50.25297546
255.20324707,-54.57559967
255.39398193,-54.63102341
255.58471680,-56.74599075
255.77545166,-63.29697037
255.96618652,-63.39404297
256.15692139,-58.63668442
256.34765625,-60.59774017
256.53839111,-69.76729584
256.72912598,-59.59371185
256.91986084,-67.76559448
257.11059570,-68.96228027
257.30133057,-63.97726059
257.49206543,-65.38047791
257.68280029,-59.25598145
257.87353516,-52.88999939
258.06427002,-51.26559830
258.25500488,-57.46639252
258.44573975,-65.06314087
258.63647461,-64.94967651
258.82720947,-59.74443054
259.01794434,-53.86629105
259.20867920,-61.55282593
259.39941406,-58.35218430
259.59014893,-54.04174423
259.78088379,-55.51612473
259.97161865,-64.50093079
260.16235352,-66.34042358
260.35308838,-61.06282043
260.54382324,-61.02388763
260.73455811,-57.53620911
260.92529297,-57.55841827
261.11602783,-59.37957001
261.30676270,-56.30093384
261.49749756,-54.84627533
261.68823242,-65.88704681
261.87896729,-58.41724396
262.06970215,-57.35811234
262.26043701,-71.06118011
262.45117188,-60.35331345
262.64190674,-57.21933746
262.83264160,-55.29087448
263.02337646,-58.70658493
263.21411133,-58.50570679
263.40484619,-62.84259415
263.59558105,-60.45785522
263.78631592,-54.33937836
263.97705078,-53.45384216
264.16778564,-58.75820923
264.35852051,-56.14184570
264.54925537,-61.42346191
264.73999023,-69.11335754
264.93072510,-56.02620697
265.12145996,-51.38804626
265.31219482,-52.41752625
265.50292969,-59.65523529
265.69366455,-52.52798462
265.88439941,-54.31867218
266.07513428,-56.29123688
266.26586914,-56.01861954
266.45660400,-60.09210968
266.64733887,-58.67937088
266.83807373,-54.68672943
267.02880859,-54.41222763
267.21954346,-55.58733368
267.41027832,-51.68054581
267.60101318,-50.39244080
267.79174805,-51.63255310
267.98248291,-51.35472870
268.17321777,-51.45193100
268.36395264,-57.01609039
268.55468750,-57.40001678
268.74542236,-53.23171997
268.93615723,-54.80814362
269.12689209,-73.30121613
269.31762695,-62.41514587
269.50836182,-67.58673859
269.69909668,-70.66889954
269.88983154,-65.69840240
270.08056641,-56.98285675
270.27130127,-58.72131348
270.46203613,-71.04821014
270.65277100,-73.12025452
270.84350586,-61.60668945
271.03424072,-55.12802124
271.22497559,-58.70283508
271.41571045,-65.00764465
271.60644531,-60.60005951
271.79718018,-56.62779999
271.98791504,-54.30357361
272.17864990,-52.34310532
272.36938477,-55.59576035
272.56011963,-56.38092041
272.75085449,-55.53131866
272.94158936,-68.80046082
273.13232422,-64.35200500
273.32305908,-62.78910828
273.51379395,-66.48621368
273.70452881,-64.14908600
273.89526367,-65.90622711
274.08599854,-73.31168365
274.27673340,-58.36380386
274.46746826,-57.54091263
274.65820312,-71.60317230
274.84893799,-61.89080811
275.03967285,-53.50637817
275.23040771,-52.96949005
275.42114258,-56.80660248
275.61187744,-52.89122772
275.80261230,-53.10747147
275.99334717,-56.80999756
276.18408203,-62.44813919
276.37481689,-61.08516312
276.56555176,-51.95291138
276.75628662,-48.87216568
276.94702148,-48.17876434
277.13775635,-49.55583191
277.32849121,-50.87707901
277.51922607,-51.96545029
277.70996094,-56.63380051
277.90069580,-69.79904938
278.09143066,-55.24305725
278.28216553,-55.83791351
278.47290039,-67.42777252
278.66363525,-55.32796478
278.85437012,-51.52859116
279.04510498,-52.76382446
279.23583984,-61.42974472
279.42657471,-58.76880646
279.61730957,-58.83192062
279.80804443,-62.24690247
279.99877930,-60.63558578
280.18951416,-55.79718018
280.38024902,-60.35887909
280.57098389,-69.25139618
280.76171875,-61.33634949
280.95245361,-61.39789581
281.14318848,-59.44355774
281.33392334,-68.02108765
281.52465820,-55.44565582
281.71539307,-60.95925903
281.90612793,-59.01071930
282.09686279,-56.98719025
282.28759766,-65.86576843
282.47833252,-59.27852631
282.66906738,-61.50030136
282.85980225,-60.85944748
283.05053711,-58.68697357
283.24127197,-58.68640137
283.43200684,-55.01503372
283.62274170,-52.10863113
283.81347656,-52.28443909
284.00421143,-57.31746292
284.19494629,-63.29003143
284.38568115,-71.48587036
284.57641602,-62.20622253
284.76715088,-60.40951538
284.95788574,-61.59378815
285.14862061,-62.32743835
285.33935547,-57.06218719
285.53009033,-56.02651215
285.72082520,-63.10909653
285.91156006,-59.42792511
286.10229492,-53.54732513
286.29302979,-51.93113327
286.48376465,-51.78474808
286.67449951,-52.40317535
286.86523438,-55.03155136
287.05596924,-60.14321136
287.24670410,-64.32840729
287.43743896,-61.68037415
287.62817383,-54.02459717
287.81890869,-48.67903137
288.00964355,-50.78811646
288.20037842,-63.74431229
288.39111328,-71.22571564
288.58184814,-69.31584167
288.77258301,-67.09315491
288.96331787,-55.92449570
289.15405273,-57.71510315
289.34478760,-60.00671768
289.53552246,-53.78358459
289.72625732,-52.47048950
289.91699219,-52.79850769
290.10772705,-59.62511444
290.29846191,-60.09078217
290.48919678,-57.00908661
290.67993164,-55.88598633
290.87066650,-52.92972946
291.06140137,-53.57631683
291.25213623,-59.03571701
291.44287109,-65.87542725
291.63360596,-57.62814331
291.82434082,-57.18503952
292.01507568,-56.22062683
292.20581055,-53.91035461
292.39654541,-58.53845596
292.58728027,-77.32402802
292.77801514,-65.25016022
292.96875000,-60.18019104
293.15948486,-56.45700836
293.35021973,-55.37510300
293.54095459,-53.10829163
293.73168945,-54.14869308
293.92242432,-56.47480392
294.11315918,-55.40417480
294.30389404,-56.85964203
294.49462891,-58.10348892
294.68536377,-58.93947601
294.87609863,-65.36048889
295.06683350,-64.00765991
295.25756836,-55.75870895
295.44830322,-55.74016190
295.63903809,-62.50537872
295.82977295,-66.66008759
296.02050781,-53.72116470
296.21124268,-50.90288544
296.40197754,-55.69968414
296.59271240,-66.20136261
296.78344727,-59.64575195
296.97418213,-60.32598495
297.16491699,-62.51612854
297.35565186,-58.30017090
297.54638672,-56.14346313
297.73712158,-56.27617645
297.92785645,-56.00718689
298.11859131,-57.54510880
298.30932617,-59.71054840
298.50006104,-76.35213470
298.69079590,-61.52242279
298.88153076,-56.96759796
299.07226562,-57.05393982
299.26300049,-61.53102112
299.45373535,-71.29508209
299.64447021,-65.15470886
299.83520508,-54.19956589
300.02593994,-50.36676407
300.21667480,-50.72023773
300.40740967,-55.67711258
300.59814453,-61.69158936
300.78887939,-53.10438156
300.97961426,-53.87564850
301.17034912,-57.05953598
301.36108398,-60.20154572
301.55181885,-55.06562805
301.74255371,-59.12234497
301.93328857,-66.74642181
302.12402344,-58.95526505
302.31475830,-56.82336807
302.50549316,-60.67195892
302.69622803,-56.82414627
302.88696289,-53.02314377
303.07769775,-54.36904144
303.26843262,-55.68871307
303.45916748,-51.94465637
303.64990234,-50.27215958
303.84063721,-50.45152283
304.03137207,-50.59524536
304.22210693,-53.03176117
304.41284180,-59.30085754
304.60357666,-55.26882935
304.79431152,-55.77404404
304.98504639,-59.94799805
305.17578125,-55.99000931
305.36651611,-59.90761185
305.55725098,-60.39050674
305.74798584,-57.29152298
305.93872070,-60.93106079
306.12945557,-64.57894135
306.32019043,-54.32262421
306.51092529,-48.48191833
306.70166016,-46.98630905
306.89239502,-51.32493591
307.08312988,-60.60237122
307.27386475,-57.65814209
307.46459961,-51.02507019
307.65533447,-50.32509232
307.84606934,-52.29368210
308.03680420,-54.54864120
308.22753906,-57.94481277
308.41827393,-63.83452606
308.60900879,-63.75424957
308.79974365,-60.72952652
308.99047852,-57.41853714
309.18121338,-56.14929962
309.37194824,-58.90600204
309.56268311,-55.79286575
309.75341797,-49.26208496
309.94415283,-49.53170013
310.13488770,-54.39877319
310.32562256,-56.11619568
310.51635742,-56.59412384
310.70709229,-55.24531555
310.89782715,-52.34282684
311.08856201,-51.09215546
311.27929688,-53.39385986
311.47003174,-56.06527328
311.66076660,-56.08264160
311.85150146,-57.62242126
312.04223633,-59.88321686
312.23297119,-55.76482773
312.42370605,-52.90686035
312.61444092,-54.52487946
312.80517578,-57.32052231
312.99591064,-58.21781540
313.18664551,-52.65180969
313.37738037,-51.64918518
313.56811523,-56.46775818
313.75885010,-65.70628357
313.94958496,-61.35297775
314.14031982,-57.76950073
314.33105469,-59.77113724
314.52178955,-63.53601456
314.71252441,-69.18846130
314.90325928,-57.67781830
315.09399414,-52.72384262
315.28472900,-55.35256195
315.47546387,-79.26325226
315.66619873,-58.03129196
315.85693359,-55.37963104
316.04766846,-59.18353653
316.23840332,-58.48451996
316.42913818,-55.06243134
316.61987305,-54.96429062
316.81060791,-62.34881973
317.00134277,-52.85665894
317.19207764,-49.29912186
317.38281250,-52.07036591
317.57354736,-63.40217590
317.76428223,-65.88744354
317.95501709,-63.04855347
318.14575195,-64.75800323
318.33648682,-65.34716797
318.52722168,-54.90421295
318.71795654,-55.40582657
318.90869141,-60.84297180
319.09942627,-61.21891785
319.29016113,-54.57443237
319.48089600,-50.10054016
319.67163086,-49.29790878
319.86236572,-51.48834991
320.05310059,-52.39409637
320.24383545,-51.79010773
320.43457031,-52.16059113
320.62530518,-53.67836380
320.81604004,-54.61651611
321.00677490,-56.02680588
321.19750977,-57.16706848
321.38824463,-56.68686676
321.57897949,-55.87293625
321.76971436,-51.24757767
321.96044922,-50.39704132
322.15118408,-53.15438080
322.34191895,-55.41840363
322.53265381,-54.93160629
322.72338867,-59.23748016
322.91412354,-59.40411377
323.10485840,-51.54236603
323.29559326,-52.08831787
323.48632812,-58.41787720
323.67706299,-61.66622162
323.86779785,-60.06427002
324.05853271,-58.18255615
324.24926758,-50.77061081
324.44000244,-51.33468246
324.63073730,-58.75147247
324.82147217,-59.94791412
325.01220703,-53.38402557
325.20294189,-50.06500626
325.39367676,-51.79463196
325.58441162,-53.09482574
325.77514648,-54.79861450
325.96588135,-63.47005463
326.15661621,-62.31690979
326.34735107,-57.88343048
326.53808594,-63.11796570
326.72882080,-63.49079514
326.91955566,-66.23581696
327.11029053,-62.72849274
327.30102539,-59.66906738
327.49176025,-61.14498520
327.68249512,-63.24120331
327.87322998,-58.22950363
328.06396484,-55.41742706
328.25469971,-54.17204285
328.44543457,-53.62025452
328.63616943,-56.04053116
328.82690430,-62.51309204
329.01763916,-69.52185822
329.20837402,-66.85585785
329.39910889,-60.67264938
329.58984375,-57.77779388
329.78057861,-59.28968048
329.97131348,-67.83488464
330.16204834,-61.81777191
330.35278320,-65.08949280
330.54351807,-60.21689987
330.73425293,-59.83045197
330.92498779,-65.42359924
331.11572266,-58.39810181
331.30645752,-54.69833755
331.49719238,-55.54328918
331.68792725,-53.92802429
331.87866211,-53.27027130
332.06939697,-56.18555069
332.26013184,-57.18057632
332.45086670,-53.18413544
332.64160156,-53.36624908
332.83233643,-62.03750992
333.02307129,-74.64097595
333.21380615,-61.66915894
333.40454102,-55.16231537
333.59527588,-53.48207474
333.78601074,-55.44993591
333.97674561,-55.99971390
334.16748047,-55.76632690
334.35821533,-53.56934357
334.54895020,-55.82384491
334.73968506,-56.28919983
334.93041992,-53.85706329
335.12115479,-54.23781967
335.31188965,-58.37155914
335.50262451,-60.16252518
335.69335938,-57.96260834
335.88409424,-56.96514511
336.07482910,-58.75597000
336.26556396,-57.72996902
336.45629883,-55.11096573
336.64703369,-53.19854736
336.83776855,-50.08634567
337.02850342,-47.14558029
337.21923828,-46.60366058
337.40997314,-50.71881104
337.60070801,-66.21501923
337.79144287,-71.24601746
337.98217773,-59.44152832
338.17291260,-54.60652161
338.36364746,-57.41140366
338.55438232,-59.40335083
338.74511719,-63.71270752
338.93585205,-57.38338852
339.12658691,-54.24465942
339.31732178,-60.97697830
339.50805664,-77.35038757
339.69879150,-57.22012329
339.88952637,-53.34179688
340.08026123,-58.16203690
340.27099609,-58.21613693
340.46173096,-52.79214478
340.65246582,-54.12080383
340.84320068,-58.37568283
341.03393555,-60.97077179
341.22467041,-54.19991302
341.41540527,-56.06376266
341.60614014,-56.23973465
341.79687500,-60.56758499
341.98760986,-70.51145935
342.17834473,-68.34664917
342.36907959,-63.05203247
342.55981445,-67.54187775
342.75054932,-60.31552124
342.94128418,-52.33765030
343.13201904,-50.33491516
343.32275391,-53.25621796
343.51348877,-63.85866165
343.70422363,-58.50156784
343.89495850,-67.78188324
344.08569336,-56.64917755
344.27642822,-55.87839127
344.46716309,-66.67575836
344.65789795,-66.39510345
344.84863281,-60.39251709
345.03936768,-60.29561996
345.23010254,-59.78039551
345.42083740,-60.83654785
345.61157227,-53.19221115
345.80230713,-51.36998749
345.99304199,-50.69255066
346.18377686,-50.01851654
346.37451172,-51.59434509
346.56524658,-54.31558990
346.75598145,-56.52381516
346.94671631,-57.10864639
347.13745117,-60.14827728
347.32818604,-62.76615524
347.51892090,-64.34889984
347.70965576,-63.65673828
347.90039062,-63.67033005
348.09112549,-67.17320251
348.28186035,-76.81586456
348.47259521,-64.65458679
348.66333008,-58.09200287
348.85406494,-60.02961731
349.04479980,-63.70750427
349.23553467,-56.43674469
349.42626953,-54.29470825
349.61700439,-53.46652603
349.80773926,-54.39540100
349.99847412,-54.62388611
350.18920898,-57.69796371
350.37994385,-63.82106400
350.57067871,-57.37785339
350.76141357,-53.27338409
350.95214844,-56.56072617
351.14288330,-66.03311920
351.33361816,-62.10819244
351.52435303,-60.35662079
351.71508789,-54.52665710
351.90582275,-53.50798035
352.09655762,-54.20493317
352.28729248,-55.07386017
352.47802734,-58.92986679
352.66876221,-58.59161758
352.85949707,-54.89406204
353.05023193,-59.22559738
353.24096680,-64.60153961
353.43170166,-64.66104126
353.62243652,-62.81001282
353.81317139,-58.15578461
354.00390625,-56.51885223
354.19464111,-57.45325470
354.38537598,-65.05324554
354.57611084,-61.39221191
354.76684570,-67.31110382
354.95758057,-57.30611801
355.14831543,-51.33975220
355.33905029,-53.87476349
355.52978516,-55.37031555
355.72052002,-54.66263580
355.91125488,-59.63959503
356.10198975,-65.22026062
356.29272461,-63.70910263
356.48345947,-65.89163971
356.67419434,-54.48593903
356.86492920,-52.43547821
357.05566406,-53.00559235
357.24639893,-52.64073944
357.43713379,-53.26015472
357.62786865,-53.55096436
357.81860352,-52.81723404
358.00933838,-52.15243530
358.20007324,-51.61061096
358.39080811,-52.66349411
358.58154297,-52.44595337
358.77227783,-51.72695160
358.96301270,-52.54616547
359.15374756,-52.81772995
359.34448242,-52.57526016
359.53521729,-52.53188324
359.72595215,-52.08495712
359.91668701,-50.96584702
360.10742188,-50.68470764
360.29815674,-55.13214111
360.48889160,-59.97711563
360.67962646,-52.29404449
360.87036133,-48.75768661
361.06109619,-50.26868439
361.25183105,-53.45029449
361.44256592,-64.70004272
361.63330078,-54.54714966
361.82403564,-57.79421997
362.01477051,-75.49275208
362.20550537,-72.17919922
362.39624023,-67.06571960
362.58697510,-67.09114838
362.77770996,-56.54927826
362.96844482,-53.06776428
363.15917969,-52.78713608
363.34991455,-54.33860397
363.54064941,-58.58054352
363.73138428,-59.72672272
363.92211914,-61.16460419
364.11285400,-70.44169617
364.30358887,-64.74490356
364.49432373,-66.99245453
364.68505859,-74.86931610
364.87579346,-63.57842255
365.06652832,-60.86581802
365.25726318,-65.40036011
365.44799805,-61.20718002
365.63873291,-67.13935852
365.82946777,-57.01123810
366.02020264,-57.69553375
366.21093750,-78.89120483
366.40167236,-59.69615173
366.59240723,-60.29151535
366.78314209,-56.89183807
366.97387695,-56.39392853
367.16461182,-61.62166595
367.35534668,-53.59833145
367.54608154,-52.05848312
367.73681641,-53.48883057
367.92755127,-58.64626312
368.11828613,-60.16809464
368.30902100,-52.01172638
368.49975586,-51.70900345
368.69049072,-56.95350647
368.88122559,-64.18907166
369.07196045,-60.10994720
369.26269531,-55.84477997
369.45343018,-56.77815247
369.64416504,-63.65893936
369.83489990,-67.88951111
370.02563477,-69.88296509
370.21636963,-59.10797501
370.40710449,-55.32153320
370.59783936,-51.39459610
370.78857422,-49.63589096
370.97930908,-50.01813507
371.17004395,-53.97849274
371.36077881,-55.64330673
371.55151367,-54.31544495
371.74224854,-52.89392853
371.93298340,-54.30443573
372.12371826,-65.11421967
372.31445312,-64.50770569
372.50518799,-69.21358490
372.69592285,-59.58226013
372.88665771,-53.97720718
373.07739258,-53.20595551
373.26812744,-54.43338394
373.45886230,-53.76698303
373.64959717,-58.79360199
373.84033203,-64.17716980
374.03106689,-59.28234863
374.22180176,-58.54633713
374.41253662,-58.65523911
374.60327148,-58.02359772
374.79400635,-69.11872101
374.98474121,-76.02242279
375.17547607,-55.90930176
375.36621094,-48.82326508
375.55694580,-46.36337662
375.74768066,-48.42386627
375.93841553,-54.79446030
376.12915039,-61.64982224
376.31988525,-65.82649994
376.51062012,-63.51939392
376.70135498,-57.21588516
376.89208984,-58.19133377
377.08282471,-61.88047791
377.27355957,-64.19375610
377.46429443,-59.87527466
377.65502930,-55.77925873
377.84576416,-53.54968643
378.03649902,-51.75559235
378.22723389,-53.30020523
378.41796875,-56.53604126
378.60870361,-53.30499268
378.79943848,-53.31798553
378.99017334,-55.92021179
379.18090820,-57.51585007
379.37164307,-56.61292267
379.56237793,-55.43568039
379.75311279,-51.57764053
379.94384766,-50.44903183
380.13458252,-50.95426559
380.32531738,-53.40769196
380.51605225,-64.55781555
380.70678711,-60.18531036
380.89752197,-54.54336548
381.08825684,-52.28850937
381.27899170,-52.47367096
381.46972656,-55.05711365
381.66046143,-53.39944458
381.85119629,-52.22192383
382.04193115,-54.72204590
382.23266602,-58.58198166
382.42340088,-54.73685455
382.61413574,-57.93132782
382.80487061,-73.44020081
382.99560547,-72.89219666
383.18634033,-66.39611053
383.37707520,-59.75853348
383.56781006,-57.50069046
383.75854492,-68.66807556
383.94927979,-63.24276352
384.14001465,-58.85507584
384.33074951,-56.53503036
384.52148438,-54.66439819
384.71221924,-54.70739365
384.90295410,-58.77599716
385.09368896,-58.11827087
385.28442383,-54.11057281
385.47515869,-54.37953186
385.66589355,-54.80635071
385.85662842,-60.49375916
386.04736328,-58.82173538
386.23809814,-55.82197571
386.42883301,-55.55629730
386.61956787,-53.99454117
386.81030273,-55.23933029
387.00103760,-52.70682526
387.19177246,-53.86654663
387.38250732,-60.22593689
387.57324219,-61.97590637
387.76397705,-53.39830780
387.95471191,-51.89870834
388.14544678,-55.90244675
388.33618164,-68.19351196
388.52691650,-58.52885437
388.71765137,-59.04906845
388.90838623,-66.41773987
389.09912109,-62.85848999
389.28985596,-57.54248047
389.48059082,-60.13463593
389.67132568,-69.20191956
389.86206055,-62.87073135
390.05279541,-68.42395020
390.24353027,-59.18773651
390.43426514,-53.77532959
390.62500000,-55.41223907
390.81573486,-58.00891495
391.00646973,-55.93570709
391.19720459,-52.80440903
391.38793945,-51.24107742
391.57867432,-52.85955429
391.76940918,-57.79757690
391.96014404,-60.01525879
392.15087891,-59.71053314
392.34161377,-55.58149338
392.53234863,-55.16202545
392.72308350,-67.59487915
392.91381836,-53.24867249
393.10455322,-52.26541901
393.29528809,-57.90966797
393.48602295,-53.65061951
393.67675781,-56.08645630
393.86749268,-65.73383331
394.05822754,-63.61258698
394.24896240,-62.26738739
394.43969727,-55.05489731
394.63043213,-52.99745178
394.82116699,-61.10845566
395.01190186,-55.53658295
395.20263672,-49.84873199
395.39337158,-50.55772781
395.58410645,-55.21921539
395.77484131,-55.62400055
395.96557617,-54.48193359
396.15631104,-61.24246979
396.34704590,-61.56060028
396.53778076,-58.34000015
396.72851562,-77.46356964
396.91925049,-58.04600143
397.10998535,-53.48231506
397.30072021,-55.89577103
397.49145508,-65.38624573
397.68218994,-58.75658417
397.87292480,-57.57686996
398.06365967,-56.28926849
398.25439453,-52.92575836
398.44512939,-52.69316101
398.63586426,-55.56800079
398.82659912,-68.95890808
399.01733398,-59.97249603
399.20806885,-56.30648041
399.39880371,-54.00196075
399.58953857,-55.65285492
399.78027344,-53.01387405
399.97100830,-50.96873856
400.16174316,-51.87464905
400.35247803,-52.11551285
400.54321289,-50.50945663
400.73394775,-49.99217606
400.92468262,-51.56580353
401.11541748,-53.10448074
401.30615234,-53.92008972
401.49688721,-56.60044098
401.68762207,-55.66257477
401.87835693,-55.23076630
402.06909180,-58.68663406
402.25982666,-54.21010590
402.45056152,-51.48143005
402.64129639,-52.14526749
402.83203125,-57.65442657
403.02276611,-53.93535995
403.21350098,-53.85609055
403.40423584,-52.35403061
403.59497070,-54.21387100
403.78570557,-65.53712463
403.97644043,-64.36572266
404.16717529,-59.39290619
404.35791016,-58.69493103
404.54864502,-60.32247925
404.73937988,-61.57625198
404.93011475,-65.32626343
405.12084961,-60.96703339
405.31158447,-56.40033722
405.50231934,-57.31486893
405.69305420,-52.49533844
405.88378906,-49.59788895
406.07452393,-51.50560379
406.26525879,-64.15642548
406.45599365,-61.79420853
406.64672852,-55.88085938
406.83746338,-53.20543671
407.02819824,-57.30908203
407.21893311,-73.12319946
407.40966797,-92.55250549
407.60040283,-66.06361389
407.79113770,-63.34885025
407.98187256,-58.18744278
408.17260742,-57.59565353
408.36334229,-58.98215485
408.55407715,-57.75820160
408.74481201,-56.98273087
408.93554688,-56.61213303
409.12628174,-58.13827515
409.31701660,-69.87744904
409.50775146,-61.18641281
409.69848633,-60.14683533
409.88922119,-68.57605743
410.07995605,-69.23577118
410.27069092,-60.71380234
410.46142578,-62.91066742
410.65216064,-57.92352295
410.84289551,-54.00647736
411.03363037,-53.11917877
411.22436523,-52.83694458
411.41510010,-59.28445816
411.60583496,-58.46265411
411.79656982,-58.00747299
411.98730469,-56.78275299
412.17803955,-52.62343597
412.36877441,-55.64705658
412.55950928,-54.88619995
412.75024414,-56.30920410
412.94097900,-81.07901001
413.13171387,-62.89336395
413.32244873,-56.36763000
413.51318359,-54.44356918
413.70391846,-51.91193008
413.89465332,-52.46082306
414.08538818,-55.28635025
414.27612305,-56.70783234
414.46685791,-56.17485809
414.65759277,-60.13136292
414.84832764,-62.06439972
415.03906250,-57.54022980
415.22979736,-57.60754395
415.42053223,-61.48570251
415.61126709,-61.71837234
415.80200195,-58.77582932
415.99273682,-61.62936783
416.18347168,-64.84306335
416.37420654,-55.10903168
416.56494141,-54.30844879
416.75567627,-62.50536346
416.94641113,-61.59281921
417.13714600,-64.83837891
417.32788086,-56.42045593
417.51861572,-59.20006180
417.70935059,-60.03613281
417.90008545,-57.15679550
418.09082031,-72.04560089
418.28155518,-60.36800766
418.47229004,-58.84029007
418.66302490,-57.70229721
418.85375977,-57.00564575
419.04449463,-58.41136551
419.23522949,-58.88602448
419.42596436,-55.27942657
419.61669922,-52.89408875
419.80743408,-52.60698700
419.99816895,-54.14679718
420.18890381,-54.54972076
420.37963867,-54.79596710
420.57037354,-58.24699402
420.76110840,-58.49795914
420.95184326,-55.30680084
421.14257812,-54.66081619
421.33331299,-54.62444305
421.52404785,-56.50185394
421.71478271,-72.84526062
421.90551758,-57.32607269
422.09625244,-61.83623886
422.28698730,-59.39729309
422.47772217,-69.57958221
422.66845703,-58.91624451
422.85919189,-59.09218216
423.04992676,-66.77284241
423.24066162,-58.11674500
423.43139648,-64.88270569
423.62213135,-62.20353699
423.81286621,-55.93730927
424.00360107,-56.68177795
424.19433594,-60.40876389
424.38507080,-60.28108978
424.57580566,-61.42069244
424.76654053,-64.75397491
424.95727539,-55.51729584
425.14801025,-54.78779602
425.33874512,-54.04570770
425.52947998,-53.67317200
425.72021484,-56.80194092
425.91094971,-62.99636078
426.10168457,-65.37548828
426.29241943,-61.77191162
426.48315430,-62.16015625
426.67388916,-57.14793396
426.86462402,-50.73629379
427.05535889,-49.59616089
427.24609375,-52.55058670
427.43682861,-57.80728912
427.62756348,-61.91130829
427.81829834,-57.54888916
428.00903320,-55.08815384
428.19976807,-58.93138123
428.39050293,-55.66394806
428.58123779,-53.92769623
428.77197266,-56.40665436
428.96270752,-55.77255249
429.15344238,-56.67406082
429.34417725,-66.91275024
429.53491211,-62.33660889
429.72564697,-69.19640350
429.91638184,-58.92005539
430.10711670,-55.58723450
430.29785156,-58.08441544
430.48858643,-66.39161682
430.67932129,-64.46332550
430.87005615,-57.34980011
431.06079102,-55.05033875
431.25152588,-58.17444611
431.44226074,-75.72439575
431.63299561,-57.03277206
431.82373047,-55.93907166
432.01446533,-52.61514664
432.20520020,-51.15982056
432.39593506,-55.53346252
432.58666992,-65.82944489
432.77740479,-60.12298965
432.96813965,-60.57284927
433.15887451,-63.18405914
433.34960938,-59.03538132
433.54034424,-59.81050491
433.73107910,-65.98674011
433.92181396,-61.08418274
434.11254883,-56.72128296
434.30328369,-55.26445007
434.49401855,-58.14308929
434.68475342,-60.94655991
434.87548828,-62.97170639
435.06622314,-63.88458633
435.25695801,-57.10021210
435.44769287,-54.98242188
435.63842773,-58.93405914
435.82916260,-59.19931030
436.01989746,-64.32421875
436.21063232,-69.40296173
436.40136719,-65.42280579
436.59210205,-65.09960938
436.78283691,-62.83123398
436.97357178,-64.63686371
437.16430664,-64.98829651
437.35504150,-68.88659668
437.54577637,-60.93243027
437.73651123,-54.95598602
437.92724609,-53.68307495
438.11798096,-58.68239594
438.30871582,-62.50740814
438.49945068,-56.86147308
438.69018555,-60.03282928
438.88092041,-71.16701508
439.07165527,-64.27854156
439.26239014,-59.38526917
439.45312500,-50.72296906
439.64385986,-48.50984955
439.83459473,-51.46362305
440.02532959,-54.98071289
440.21606445,-53.10940170
440.40679932,-59.92161560
440.59753418,-67.60189056
440.78826904,-62.24067307
440.97900391,-67.36682129
441.16973877,-60.20804977
441.36047363,-55.49736404
441.55120850,-55.19426727
441.74194336,-59.53769302
441.93267822,-59.40536880
442.12341309,-55.48017120
442.31414795,-55.86066818
442.50488281,-57.15343857
442.69561768,-55.41297913
442.88635254,-56.36239624
443.07708740,-57.64373779
443.26782227,-55.66462708
443.45855713,-60.30732727
443.64929199,-72.01090240
443.84002686,-57.13393784
444.03076172,-57.44881058
444.22149658,-70.31881714
444.41223145,-58.36317444
444.60296631,-56.49822617
444.79370117,-53.55993652
444.98443604,-53.72303772
445.17517090,-62.12770462
445.36590576,-68.30026245
445.55664062,-69.48529053
445.74737549,-59.16172791
445.93811035,-57.62512207
446.12884521,-63.77200699
446.31958008,-54.68574524
446.51031494,-55.16810608
446.70104980,-69.06934357
446.89178467,-64.79275513
447.08251953,-63.75496674
447.27325439,-58.53399658
447.46398926,-55.65109253
447.65472412,-55.65301514
447.84545898,-59.49736023
448.03619385,-57.19337845
448.22692871,-59.89034653
448.41766357,-54.09584045
448.60839844,-50.85725784
448.79913330,-54.09795761
448.98986816,-66.85758209
449.18060303,-56.65568542
449.37133789,-60.04297256
449.56207275,-65.00054932
449.75280762,-54.80278015
449.94354248,-51.05729675
450.13427734,-55.33375549
450.32501221,-52.40324402
450.51574707,-48.29394531
450.70648193,-50.18806458
450.89721680,-57.29351044
451.08795166,-59.45798874
451.27868652,-52.37200165
451.46942139,-55.65399551
451.66015625,-54.02561188
451.85089111,-59.62443542
452.04162598,-56.40801239
452.23236084,-55.28696442
452.42309570,-56.66004562
452.61383057,-60.37200928
452.80456543,-56.18910980
452.99530029,-53.86003494
453.18603516,-54.34337997
453.37677002,-59.02009964
453.56750488,-57.75293732
453.75823975,-55.49640656
453.94897461,-53.57893372
454.13970947,-52.23025513
454.33044434,-51.90095901
454.52117920,-52.79178619
454.71191406,-57.97600174
454.90264893,-65.55909729
455.09338379,-61.42426300
455.28411865,-60.29182434
455.47485352,-68.24441528
455.66558838,-55.52543640
455.85632324,-54.08173370
456.04705811,-57.04277802
456.23779297,-54.08384323
456.42852783,-49.84493637
456.61926270,-49.64313889
456.80999756,-55.36750031
457.00073242,-56.32816696
457.19146729,-54.61958313
457.38220215,-58.96556473
457.57293701,-61.94153214
457.76367188,-53.75923920
457.95440674,-51.32240295
458.14514160,-54.33673477
458.33587646,-60.49251556
458.52661133,-60.88782883
458.71734619,-73.45898438
458.90808105,-62.77790451
459.09881592,-59.11087036
459.28955078,-62.71408844
459.48028564,-61.61630249
459.67102051,-57.86989594
459.86175537,-55.58868027
460.05249023,-56.60517120
460.24322510,-64.62822723
460.43395996,-75.03022003
460.62469482,-67.73621368
460.81542969,-58.72026825
461.00616455,-59.05464172
461.19689941,-57.50486755
461.38763428,-57.53305817
461.57836914,-61.61616898
461.76910400,-61.86179733
461.95983887,-71.21145630
462.15057373,-62.03045273
462.34130859,-59.89390945
462.53204346,-67.84009552
462.72277832,-62.27126694
462.91351318,-58.46226501
463.10424805,-61.43566513
463.29498291,-63.74584579
463.48571777,-56.36445618
463.67645264,-52.81970978
463.86718750,-54.01376724
464.05792236,-64.09761810
464.24865723,-57.19911575
464.43939209,-54.60670853
464.63012695,-55.34207916
464.82086182,-56.13906860
465.01159668,-57.41597748
465.20233154,-61.36348343
465.39306641,-62.40867615
465.58380127,-59.80773544
465.77453613,-61.65363693
465.96527100,-66.14764404
466.15600586,-57.30870819
466.34674072,-54.05591965
466.53747559,-60.47341156
466.72821045,-58.44663239
466.91894531,-53.54961014
467.10968018,-51.44043732
467.30041504,-55.74763489
467.49114990,-71.38888550
467.68188477,-68.85432434
467.87261963,-70.50129700
468.06335449,-61.42885208
468.25408936,-59.61360168
468.44482422,-58.38337708
468.63555908,-56.11127853
468.82629395,-52.44988251
469.01702881,-50.97621155
469.20776367,-53.85171509
469.39849854,-60.12070084
469.58923340,-57.09407806
469.77996826,-52.81535339
469.97070312,-52.12363815
470.16143799,-53.65112686
470.35217285,-56.47424698
470.54290771,-56.90135193
470.73364258,-57.35172653
470.92437744,-56.30005264
471.11511230,-57.07529449
471.30584717,-59.72837448
471.49658203,-69.52952576
471.68731689,-61.59202576
471.87805176,-64.81535339
472.06878662,-62.66113281
472.25952148,-58.00163269
472.45025635,-55.07471466
472.64099121,-55.84127426
472.83172607,-59.71121216
473.02246094,-61.85224533
473.21319580,-56.90711975
473.40393066,-65.45143127
473.59466553,-54.15403748
473.78540039,-60.87764740
473.97613525,-57.07277679
474.16687012,-53.07483673
474.35760498,-55.13950348
474.54833984,-60.31567001
474.73907471,-80.08728790
474.92980957,-62.59048462
475.12054443,-56.20326996
475.31127930,-56.27934265
475.50201416,-65.67345428
475.69274902,-56.34791946
475.88348389,-55.81440735
476.07421875,-66.37983704
476.26495361,-60.49566269
476.45568848,-52.44171143
476.64642334,-51.86502457
476.83715820,-57.40980148
477.02789307,-62.42559433
477.21862793,-60.58085632
477.40936279,-58.52981949
477.60009766,-66.89209747
477.79083252,-60.18948364
477.98156738,-56.57017136
478.17230225,-58.74140167
478.36303711,-61.68949890
478.55377197,-57.90473938
478.74450684,-61.52963638
478.93524170,-64.09659576
479.12597656,-59.73297501
479.31671143,-56.86946487
479.50744629,-55.15552521
479.69818115,-61.75933075
479.88891602,-61.48931122
480.07965088,-57.08757401
480.27038574,-54.58286667
480.46112061,-53.83245087
480.65185547,-52.27733612
480.84259033,-55.20505524
481.03332520,-54.38329697
481.22406006,-51.64679718
481.41479492,-53.70633698
481.60552979,-60.24793243
481.79626465,-62.85037231
481.98699951,-65.07439423
482.17773438,-55.46297073
482.36846924,-57.39818573
482.55920410,-65.77907562
482.74993896,-56.75968552
482.94067383,-56.12909317
483.13140869,-55.59393311
483.32214355,-54.68550873
483.51287842,-58.82315826
483.70361328,-62.14812851
483.89434814,-66.18492889
484.08508301,-61.93148041
484.27581787,-56.68915176
484.46655273,-57.72428131
484.65728760,-57.45868683
484.84802246,-52.61534882
485.03875732,-51.78284454
485.22949219,-55.33881378
485.42022705,-55.98169708
485.61096191,-54.88497162
485.80169678,-54.73334503
485.99243164,-58.75350571
486.18316650,-58.19260025
486.37390137,-50.68258667
486.56463623,-52.77677155
486.75537109,-57.44406128
486.94610596,-57.25233459
487.13684082,-58.19635010
487.32757568,-59.88975143
487.51831055,-62.67951965
487.70904541,-67.86703491
487.89978027,-58.86601257
488.09051514,-58.01387024
488.28125000,-65.84483337
488.47198486,-65.07575226
488.66271973,-65.81066132
488.85345459,-59.53493118
489.04418945,-56.03008270
489.23492432,-56.63230133
489.42565918,-53.16032028
489.61639404,-48.59351730
489.80712891,-50.38880920
489.99786377,-55.73234940
490.18859863,-66.02071381
490.37933350,-56.87361908
490.57006836,-54.53176880
490.76080322,-59.13440704
490.95153809,-57.65039062
491.14227295,-56.94628143
491.33300781,-59.77775955
491.52374268,-56.99657440
491.71447754,-56.14374542
491.90521240,-57.06366730
492.09594727,-56.27185440
492.28668213,-56.90100861
492.47741699,-53.60423279
492.66815186,-51.83455658
492.85888672,-53.74658203
493.04962158,-56.37592697
493.24035645,-69.18902588
493.43109131,-65.06268311
493.62182617,-61.67487717
493.81256104,-70.62386322
494.00329590,-56.60331345
494.19403076,-60.57117462
494.38476562,-63.84925079
494.57550049,-69.71507263
494.76623535,-56.40527725
494.95697021,-56.60075378
495.14770508,-70.83438110
495.33843994,-59.05555725
495.52917480,-54.68750763
495.71990967,-52.56098938
495.91064453,-51.57520294
496.10137939,-54.23934937
496.29211426,-63.15717316
496.48284912,-61.54802322
496.67358398,-54.35206985
496.86431885,-55.38514709
497.05505371,-63.28552246
497.24578857,-57.58306885
497.43652344,-58.80097961
497.62725830,-57.43201828
497.81799316,-54.33029938
498.00872803,-59.48942184
498.19946289,-59.30720520
498.39019775,-59.08832550
498.58093262,-57.58866882
498.77166748,-57.69734192
498.96240234,-55.69565582
499.15313721,-57.14630508
499.34387207,-56.18450165
499.53460693,-58.22965622
499.72534180,-65.66788483
499.91607666,-60.98259354
500.10681152,-61.07292557
500.29754639,-58.51636887
500.48828125,-53.08283234
500.67901611,-51.55846405
500.86975098,-51.83135223
501.06048584,-52.54325485
501.25122070,-53.58991623
501.44195557,-53.73101044
501.63269043,-59.13695908
501.82342529,-58.18820572
502.01416016,-59.65690613
502.20489502,-57.22378540
502.39562988,-54.86401367
502.58636475,-58.21439743
502.77709961,-60.80344772
502.96783447,-58.45158005
503.15856934,-58.45771408
503.34930420,-59.02159882
503.54003906,-55.32129669
503.73077393,-59.08800507
503.92150879,-53.28065491
504.11224365,-48.32106018
504.30297852,-50.41951752
504.49371338,-62.28756714
504.68444824,-58.59649277
504.87518311,-55.60520554
505.06591797,-54.58840179
505.25665283,-60.53054428
505.44738770,-64.17227173
505.63812256,-54.37523651
505.82885742,-57.55764389
506.01959229,-62.21525574
506.21032715,-57.18932724
506.40106201,-53.90606689
506.59179688,-50.89839935
506.78253174,-50.30585480
506.97326660,-56.12396622
507.16400146,-71.31336975
507.35473633,-61.77259445
507.54547119,-56.78254700
507.73620605,-57.73984528
507.92694092,-60.99587250
508.11767578,-57.74071503
508.30841064,-58.30841446
508.49914551,-55.61359406
508.68988037,-54.74723816
508.88061523,-60.34389496
509.07135010,-84.34373474
509.26208496,-64.31467438
509.45281982,-65.61020660
509.64355469,-79.25459290
509.83428955,-62.27609634
510.02502441,-55.59416199
510.21575928,-57.03767776
510.40649414,-63.42254639
510.59722900,-55.28221130
510.78796387,-51.69950104
510.97869873,-51.95574951
511.16943359,-53.06936264
511.36016846,-54.21378708
511.55090332,-56.78869247
511.74163818,-56.17939758
511.93237305,-56.63871002
512.12310791,-63.38397217
512.31384277,-75.20054626
512.50457764,-59.28075790
512.69531250,-54.84289551
512.88604736,-55.74971008
513.07678223,-52.42860413
513.26751709,-52.87132645
513.45825195,-57.48767853
513.64898682,-53.39385605
513.83972168,-52.29476166
514.03045654,-55.63705063
514.22119141,-59.11307526
514.41192627,-59.45970154
514.60266113,-58.78661728
514.79339600,-61.72891617
514.98413086,-55.22444153
515.17486572,-56.20637512
515.36560059,-57.23386383
515.55633545,-58.56494904
515.74707031,-54.77264786
515.93780518,-57.79791260
516.12854004,-52.22190094
516.31927490,-48.21323395
516.51000977,-52.90721512
516.70074463,-63.75188828
516.89147949,-58.67150116
517.08221436,-51.67449951
517.27294922,-49.73863220
517.46368408,-51.45931625
517.65441895,-59.49928284
517.84515381,-60.96223831
518.03588867,-59.13324356
518.22662354,-53.76882935
518.41735840,-57.98658371
518.60809326,-59.19914246
518.79882812,-58.83827972
518.98956299,-75.51393890
519.18029785,-59.17794800
519.37103271,-54.49532318
519.56176758,-53.13311768
519.75250244,-58.34212875
519.94323730,-59.55356979
520.13397217,-76.90102386
520.32470703,-55.45899963
520.51544189,-57.48631287
520.70617676,-58.79158783
520.89691162,-53.50442505
521.08764648,-56.95701981
521.27838135,-62.05723572
521.46911621,-61.07493973
521.65985107,-61.67147827
521.85058594,-58.96347809
522.04132080,-66.40235138
522.23205566,-71.91748810
522.42279053,-69.01174927
522.61352539,-75.34084320
522.80426025,-58.80677795
522.99499512,-53.26132965
523.18572998,-56.56423187
523.37646484,-56.70039368
523.56719971,-52.24377060
523.75793457,-51.75970459
523.94866943,-55.50130844
524.13940430,-64.69443512
524.33013916,-54.63426208
524.52087402,-54.00575256
524.71160889,-63.12811279
524.90234375,-59.73872375
525.09307861,-58.89636993
525.28381348,-63.24953079
525.47454834,-55.09330750
525.66528320,-49.76139450
525.85601807,-51.38309479
526.04675293,-60.43041611
526.23748779,-52.09193420
526.42822266,-52.23071289
526.61895752,-62.09352112
526.80969238,-65.11824036
527.00042725,-53.58467484
527.19116211,-53.96311188
527.38189697,-53.47484589
527.57263184,-52.27515793
527.76336670,-56.47554016
527.95410156,-66.02583313
528.14483643,-74.74845123
528.33557129,-57.29703522
528.52630615,-53.17207336
528.71704102,-60.12006760
528.90777588,-56.81041718
529.09851074,-55.06450272
529.28924561,-57.54814911
529.47998047,-68.72251892
529.67071533,-61.47669220
529.86145020,-62.45998001
530.05218506,-64.92559814
530.24291992,-62.11503983
530.43365479,-58.64334488
530.62438965,-55.55258942
530.81512451,-53.42872620
531.00585938,-53.08347321
531.19659424,-53.35750198
531.38732910,-54.38417053
531.57806396,-57.68825531
531.76879883,-54.92019272
531.95953369,-53.62842178
532.15026855,-60.43990326
532.34100342,-62.36832428
532.53173828,-58.26234436
532.72247314,-56.78191376
532.91320801,-58.86174011
533.10394287,-60.38263702
533.29467773,-52.63048553
533.48541260,-52.67668915
533.67614746,-58.55153656
533.86688232,-60.23065948
534.05761719,-55.93360138
534.24835205,-57.35316849
534.43908691,-56.68392563
534.62982178,-55.64354706
534.82055664,-63.83452606
535.01129150,-60.19320679
535.20202637,-60.10897064
535.39276123,-68.33570862
535.58349609,-54.51979828
535.77423096,-52.94375610
535.96496582,-54.10440826
536.15570068,-51.18781281
536.34643555,-50.19115829
536.53717041,-53.82052994
536.72790527,-63.35804749
536.91864014,-66.41715240
537.10937500,-56.45673370
537.30010986,-52.42639542
537.49084473,-59.58477783
537.68157959,-60.76417923
537.87231445,-64.14630890
538.06304932,-59.70365143
538.25378418,-54.22919846
538.44451904,-55.66550446
538.63525391,-60.16340256
538.82598877,-58.10730362
539.01672363,-58.81503677
539.20745850,-56.44420624
539.39819336,-53.57175446
539.58892822,-58.10741806
539.77966309,-62.45612335
539.97039795,-61.51495361
540.16113281,-59.67872620
540.35186768,-57.83067703
540.54260254,-50.92002106
540.73333740,-50.47879028
540.92407227,-54.78424454
541.11480713,-55.77503967
541.30554199,-52.72925949
541.49627686,-51.95541000
541.68701172,-50.21540833
541.87774658,-52.09051514
542.06848145,-60.46759033
542.25921631,-70.31567383
542.44995117,-63.69745255
542.64068604,-58.91188049
542.83142090,-57.68596268
543.02215576,-56.49812317
543.21289062,-54.71094131
543.40362549,-58.01322937
543.59436035,-57.30316544
543.78509521,-62.63877869
543.97583008,-54.64484787
544.16656494,-56.87465668
544.35729980,-61.20284271
544.54803467,-61.88450623
544.73876953,-61.82340622
544.92950439,-57.01876831
545.12023926,-53.39717102
545.31097412,-52.90214539
545.50170898,-54.35979843
545.69244385,-62.94981003
545.88317871,-67.10471344
546.07391357,-64.41582489
546.26464844,-52.68412018
546.45538330,-50.82191086
546.64611816,-55.73634338
546.83685303,-62.44869614
547.02758789,-61.31592560
547.21832275,-63.88764954
547.40905762,-59.99841690
547.59979248,-63.24164581
547.79052734,-61.60740280
547.98126221,-57.30475998
548.17199707,-57.69272232
548.36273193,-58.59992981
548.55346680,-62.03443527
548.74420166,-63.17552948
548.93493652,-84.46102142
549.12567139,-61.48644257
549.31640625,-67.54588318
549.50714111,-62.46799469
549.69787598,-59.28858185
549.88861084,-61.04996490
550.07934570,-61.30149078
550.27008057,-54.02031708
550.46081543,-55.70824051
550.65155029,-59.50989151
550.84228516,-52.66656876
551.03302002,-49.42365265
551.22375488,-52.80224609
551.41448975,-57.67712402
551.60522461,-57.22380066
551.79595947,-58.63857651
551.98669434,-58.90689850
552.17742920,-58.95668411
552.36816406,-58.31687546
552.55889893,-57.58272552
552.74963379,-57.69772339
552.94036865,-56.25193024
553.13110352,-52.46218872
553.32183838,-52.52226257
553.51257324,-57.35359955
553.70330811,-61.45494843
553.89404297,-64.95400238
554.08477783,-61.04562759
554.27551270,-54.51134109
554.46624756,-52.90927887
554.65698242,-55.45154953
554.84771729,-53.80141449
555.03845215,-50.94596481
555.22918701,-53.21372223
555.41992188,-53.50393295
555.61065674,-57.66627884
555.80139160,-54.39752579
555.99212646,-48.62335587
556.18286133,-51.40355682
556.37359619,-54.99092865
556.56433105,-60.47008896
556.75506592,-63.19590759
556.94580078,-57.39707947
557.13653564,-56.76642990
557.32727051,-58.73870850
557.51800537,-59.97124481
557.70874023,-65.16715240
557.89947510,-76.40631104
558.09020996,-62.61361694
558.28094482,-54.43115616
558.47167969,-54.81748199
558.66241455,-61.53539276
558.85314941,-61.13603592
559.04388428,-55.59856415
559.23461914,-62.82982635
559.42535400,-54.54265213
559.61608887,-53.44100189
559.80682373,-61.93416214
559.99755859,-65.21025848
560.18829346,-63.22141647
560.37902832,-60.11573029
560.56976318,-55.60331726
560.76049805,-58.60704422
560.95123291,-63.92528534
561.14196777,-56.75102234
561.33270264,-53.35809708
561.52343750,-50.77745819
561.71417236,-53.51138687
561.90490723,-66.45352173
562.09564209,-70.01089478
562.28637695,-65.69429016
562.47711182,-59.68532562
562.66784668,-59.42536163
562.85858154,-62.00238800
563.04931641,-63.78192520
563.24005127,-57.93227768
563.43078613,-59.22822952
563.62152100,-59.05252457
563.81225586,-67.44818878
564.00299072,-69.92366791
564.19372559,-57.95352554
564.38446045,-52.11853027
564.57519531,-53.14213181
564.76593018,-55.15126038
564.95666504,-54.74059677
565.14739990,-62.31259918
565.33813477,-52.92602158
565.52886963,-53.74392700
565.71960449,-60.18663406
565.91033936,-56.12390518
566.10107422,-55.15417480
566.29180908,-59.32873154
566.48254395,-59.84653091
566.67327881,-60.44307327
566.86401367,-59.84429169
567.05474854,-69.47861481
567.24548340,-63.80743027
567.43621826,-58.87884140
567.62695312,-60.39583206
567.81768799,-65.20182800
568.00842285,-60.09375000
568.19915771,-55.72390747
568.38989258,-60.37699890
568.58062744,-55.46688843
568.77136230,-49.97110748
568.96209717,-51.19621277
569.15283203,-57.18581390
569.34356689,-63.24714279
569.53430176,-68.59262085
569.72503662,-57.58076096
569.91577148,-59.79922867
570.10650635,-54.95776367
570.29724121,-53.82549667
570.48797607,-55.77640152
570.67871094,-68.42794800
570.86944580,-60.56095886
571.06018066,-58.28958893
571.25091553,-56.38092041
571.44165039,-63.08395386
571.63238525,-61.32325745
571.82312012,-55.94234085
572.01385498,-52.29087067
572.20458984,-50.32784271
572.39532471,-52.29317093
572.58605957,-51.41599274
572.77679443,-49.23869324
572.96752930,-52.09101868
573.15826416,-57.47642899
573.34899902,-55.36072159
573.53973389,-53.40844727
573.73046875,-52.72882462
573.92120361,-55.99628448
574.11193848,-57.03020477
574.30267334,-51.87156677
574.49340820,-50.81239319
574.68414307,-53.60857010
574.87487793,-71.13223267
575.06561279,-59.84763718
575.25634766,-59.58453751
575.44708252,-61.80081177
575.63781738,-67.81338501
575.82855225,-60.93410873
576.01928711,-57.25442505
576.21002197,-56.30694580
576.40075684,-60.26593781
576.59149170,-57.80977249
576.78222656,-62.21914673
576.97296143,-61.26512909
577.16369629,-56.80506134
577.35443115,-57.48332214
577.54516602,-60.48320770
577.73590088,-62.37745285
577.92663574,-58.57078552
578.11737061,-56.67892838
578.30810547,-57.54755402
578.49884033,-50.91557312
578.68957520,-51.38620377
578.88031006,-56.99670792
579.07104492,-55.65798187
579.26177979,-51.45809555
579.45251465,-52.61467743
579.64324951,-57.59085083
579.83398438,-61.94290543
580.02471924,-62.58192062
580.21545410,-63.19149017
580.40618896,-70.25065613
580.59692383,-69.97056580
580.78765869,-61.24573135
580.97839355,-64.29554749
581.16912842,-58.00556564
581.35986328,-53.83068466
581.55059814,-54.55644226
581.74133301,-55.89784622
581.93206787,-57.66723251
582.12280273,-57.92118454
582.31353760,-58.79475403
582.50427246,-59.14028168
582.69500732,-59.14306259
582.88574219,-58.08715439
583.07647705,-50.96908569
583.26721191,-50.69077301
583.45794678,-53.97139740
583.64868164,-60.44479370
583.83941650,-59.49992752
584.03015137,-59.58218002
584.22088623,-62.67807388
584.41162109,-66.29503632
584.60235596,-77.68257904
584.79309082,-82.47200775
584.98382568,-72.96176147
585.17456055,-59.18283463
585.36529541,-56.40394592
585.55603027,-50.94753265
585.74676514,-48.16817474
585.93750000,-49.22038651
586.12823486,-52.60938644
586.31896973,-54.84828186
586.50970459,-59.60670471
586.70043945,-58.98300934
586.89117432,-58.24171448
587.08190918,-55.23918915
587.27264404,-53.79961014
587.46337891,-61.57004547
587.65411377,-55.57056427
587.84484863,-56.89989090
588.03558350,-53.32205200
588.22631836,-54.11046982
588.41705322,-67.47727966
588.60778809,-62.41065598
588.79852295,-56.36989975
588.98925781,-55.91320038
589.17999268,-54.64181519
589.37072754,-51.88427734
589.56146240,-53.47820282
589.75219727,-57.47016907
589.94293213,-55.27370834
590.13366699,-50.61698914
590.32440186,-51.89495468
590.51513672,-59.10716248
590.70587158,-58.19364929
590.89660645,-55.13255692
591.08734131,-55.74452972
591.27807617,-58.87552261
591.46881104,-76.50059509
591.65954590,-57.59623718
591.85028076,-53.15054321
592.04101562,-52.35536194
592.23175049,-52.70960236
592.42248535,-54.37066650
592.61322021,-58.68888474
592.80395508,-53.89043427
592.99468994,-55.47518921
593.18542480,-81.63430786
593.37615967,-68.69751740
593.56689453,-63.73431778
593.75762939,-64.75048828
593.94836426,-57.09468842
594.13909912,-53.80742645
594.32983398,-60.87378693
594.52056885,-51.84563446
594.71130371,-51.09335327
594.90203857,-52.80265045
595.09277344,-56.61489487
595.28350830,-66.19480133
595.47424316,-58.69542694
595.66497803,-54.74805832
595.85571289,-53.48884201
596.04644775,-54.45706177
596.23718262,-59.90822220
596.42791748,-64.39957428
596.61865234,-58.15232086
596.80938721,-68.62270355
597.00012207,-68.86293793
597.19085693,-67.08180237
597.38159180,-60.19595337
597.57232666,-56.74769592
597.76306152,-58.64099121
597.95379639,-58.19702530
598.14453125,-52.06764984
598.33526611,-49.31046295
598.52600098,-52.88955688
598.71673584,-68.49814606
598.90747070,-63.31578064
599.09820557,-60.31339264
599.28894043,-60.65759659
599.47967529,-56.45007324
599.67041016,-58.83212280
599.86114502,-58.17509460
600.05187988,-59.61357880
600.24261475,-72.28549194
600.43334961,-58.71829224
600.62408447,-58.61421967
600.81481934,-65.72966003
601.00555420,-66.40541840
601.19628906,-61.63234329
601.38702393,-53.64784241
601.57775879,-50.94366455
601.76849365,-50.67519379
601.95922852,-53.15970993
602.14996338,-60.54073334
602.34069824,-68.73062897
602.53143311,-58.42372894
602.72216797,-58.49818802
602.91290283,-66.06768036
603.10363770,-61.62687302
603.29437256,-62.23093033
603.48510742,-63.03541183
603.67584229,-55.03142548
603.86657715,-55.01296997
604.05731201,-61.73965073
604.24804688,-64.23979950
604.43878174,-64.55949402
604.62951660,-56.62321472
604.82025146,-54.51270294
605.01098633,-62.69760895
605.20172119,-63.24897003
605.39245605,-60.23079300
605.58319092,-56.74721527
605.77392578,-52.83268356
605.96466064,-54.38340759
606.15539551,-61.29115295
606.34613037,-56.36650848
606.53686523,-56.20622253
606.72760010,-61.57195282
606.91833496,-57.27268600
607.10906982,-52.44530487
607.29980469,-51.28688049
607.49053955,-52.90147781
607.68127441,-57.14191437
607.87200928,-63.08732605
608.06274414,-61.91421127
608.25347900,-59.37535095
608.44421387,-61.55986786
608.63494873,-71.59671021
608.82568359,-61.34603500
609.01641846,-63.48690414
609.20715332,-63.29040527
609.39788818,-69.71601868
609.58862305,-62.24781418
609.77935791,-61.21697235
609.97009277,-59.19883728
610.16082764,-56.61029053
610.35156250,-55.58794403
610.54229736,-56.66089630
610.73303223,-62.99396515
610.92376709,-56.25211716
611.11450195,-54.05062866
611.30523682,-59.47666168
611.49597168,-54.86704254
611.68670654,-53.50212479
611.87744141,-57.38580704
612.06817627,-57.93560791
612.25891113,-70.41455841
612.44964600,-63.00558472
612.64038086,-66.72057343
612.83111572,-63.48958969
613.02185059,-62.40673447
613.21258545,-57.96559906
613.40332031,-54.28195953
613.59405518,-55.59579468
613.78479004,-54.28146744
613.97552490,-53.66201401
614.16625977,-56.77965546
614.35699463,-58.40479279
614.54772949,-56.96586227
614.73846436,-56.01293182
614.92919922,-58.80352402
615.11993408,-64.56699371
615.31066895,-60.08666611
615.50140381,-57.64179611
615.69213867,-52.62802505
615.88287354,-49.86078644
616.07360840,-48.44950867
616.26434326,-48.34064865
616.45507812,-52.86141968
616.64581299,-57.22519684
616.83654785,-59.16512299
617.02728271,-54.20404053
617.21801758,-54.00322723
617.40875244,-57.60681152
617.59948730,-61.76456833
617.79022217,-67.51263428
617.98095703,-59.56951904
618.17169189,-57.53450012
618.36242676,-59.99517441
618.55316162,-58.12277222
618.74389648,-55.36413193
618.93463135,-54.45381927
619.12536621,-52.61074829
619.31610107,-49.71356964
619.50683594,-50.21364212
619.69757080,-52.77976990
619.88830566,-52.53807831
620.07904053,-55.25588608
620.26977539,-57.94528198
620.46051025,-55.35098648
620.65124512,-56.08718491
620.84197998,-58.77328491
621.03271484,-58.12950897
621.22344971,-58.08837128
621.41418457,-67.64596558
621.60491943,-64.57443237
621.79565430,-63.85267258
621.98638916,-71.09944916
622.17712402,-63.34937286
622.36785889,-64.33989716
622.55859375,-58.93638229
622.74932861,-62.18885040
622.94006348,-61.92157364
623.13079834,-58.66170883
623.32153320,-57.16128540
623.51226807,-60.36299133
623.70300293,-65.82573700
623.89373779,-61.21390915
624.08447266,-69.09422302
624.27520752,-60.40946579
624.46594238,-53.58723068
624.65667725,-52.72961044
624.84741211,-56.65308380
625.03814697,-58.60664749
625.22888184,-72.26641083
625.41961670,-61.21015930
625.61035156,-59.29750061
625.80108643,-62.21431732
625.99182129,-57.79559326
626.18255615,-51.05484390
626.37329102,-51.55969238
626.56402588,-52.55422974
626.75476074,-50.34662628
626.94549561,-50.95783234
627.13623047,-53.21001053
627.32696533,-54.63752747
627.51770020,-60.26284027
627.70843506,-66.85073090
627.89916992,-63.77490234
628.08990479,-73.72299194
628.28063965,-68.03947449
628.47137451,-62.83977127
628.66210938,-64.81507111
628.85284424,-59.68677521
629.04357910,-56.77346802
629.23431396,-54.65764999
629.42504883,-56.64723969
629.61578369,-60.86705017
629.80651855,-69.89337158
629.99725342,-63.43843460
630.18798828,-61.65000916
630.37872314,-60.08625793
630.56945801,-58.27806091
630.76019287,-66.44265747
630.95092773,-58.01801682
631.14166260,-53.28165054
631.33239746,-54.17629242
631.52313232,-60.16100311
631.71386719,-58.64669800
631.90460205,-51.47787476
632.09533691,-49.34785461
632.28607178,-54.88483429
632.47680664,-74.03562927
632.66754150,-63.47973633
632.85827637,-57.26936340
633.04901123,-63.33158875
633.23974609,-61.29287720
633.43048096,-61.67493439
633.62121582,-61.75094604
633.81195068,-55.33626938
634.00268555,-54.91661453
634.19342041,-51.87623978
634.38415527,-52.63698196
634.57489014,-55.50717163
634.76562500,-54.87543488
634.95635986,-52.43965149
635.14709473,-52.50783539
635.33782959,-56.41947174
635.52856445,-62.73199463
635.71929932,-58.75404739
635.91003418,-60.24409485
636.10076904,-60.18808746
636.29150391,-63.72497940
636.48223877,-55.04505539
636.67297363,-55.97312927
636.86370850,-62.37298965
637.05444336,-55.53203964
637.24517822,-55.05316925
637.43591309,-57.70866776
637.62664795,-80.73582458
637.81738281,-55.09378433
638.00811768,-52.02476883
638.19885254,-53.13916779
638.38958740,-56.76704788
638.58032227,-58.71868515
638.77105713,-60.43297195
638.96179199,-66.80087280
639.15252686,-75.79167175
639.34326172,-60.07107544
639.53399658,-57.66946411
639.72473145,-55.32640839
639.91546631,-54.05312347
640.10620117,-56.54965210
640.29693604,-58.24011230
640.48767090,-63.10027695
640.67840576,-61.48087311
640.86914062,-53.88080597
641.05987549,-49.04901886
641.25061035,-48.05160904
641.44134521,-51.79439163
641.63208008,-58.85226822
641.82281494,-52.00292587
642.01354980,-52.99384308
642.20428467,-55.77085495
642.39501953,-56.39023209
642.58575439,-65.70606995
642.77648926,-66.75358582
642.96722412,-58.83887863
643.15795898,-56.93847656
643.34869385,-59.94705200
643.53942871,-56.86594009
643.73016357,-53.16352463
643.92089844,-53.72681046
644.11163330,-61.36682510
644.30236816,-59.37918091
644.49310303,-55.79606628
644.68383789,-57.62489700
644.87457275,-56.46112823
645.06530762,-52.15136719
645.25604248,-52.69595337
645.44677734,-58.68772125
645.63751221,-67.18128204
645.82824707,-62.26589203
646.01898193,-64.51358795
646.20971680,-52.69031906
646.40045166,-51.47923279
646.59118652,-58.40686417
646.78192139,-72.24971008
646.97265625,-67.70310974
647.16339111,-58.99055481
647.35412598,-59.73491287
647.54486084,-60.73833466
647.73559570,-62.80495453
647.92633057,-61.91032410
648.11706543,-57.74160767
648.30780029,-56.03136444
648.49853516,-53.51521301
648.68927002,-60.03251648
648.88000488,-62.12108612
649.07073975,-63.77940369
649.26147461,-69.88954926
649.45220947,-57.28782654
649.64294434,-54.95350647
649.83367920,-60.22629547
650.02441406,-61.22683716
650.21514893,-58.28251266
650.40588379,-58.40016174
650.59661865,-60.38668060
650.78735352,-69.43075562
650.97808838,-62.18326950
651.16882324,-60.84742737
651.35955811,-55.03586197
651.55029297,-52.91900635
651.74102783,-59.50297928
651.93176270,-61.68832779
652.12249756,-61.31048584
652.31323242,-60.26699829
652.50396729,-50.43703079
652.69470215,-50.06698608
652.88543701,-54.73416901
653.07617188,-58.68952942
653.26690674,-57.06518555
653.45764160,-60.29593658
653.64837646,-62.45467377
653.83911133,-62.37051010
654.02984619,-60.01089478
654.22058105,-51.44860077
654.41131592,-50.72452164
654.60205078,-59.10913467
654.79278564,-64.54508972
654.98352051,-73.89042664
655.17425537,-60.67649841
655.36499023,-59.89239120
655.55572510,-65.19635773
655.74645996,-61.61890030
655.93719482,-63.20955276
656.12792969,-56.73278809
656.31866455,-56.43103027
656.50939941,-67.89614868
656.70013428,-56.04402542
656.89086914,-52.21574402
657.08160400,-53.30213547
657.27233887,-53.91829681
657.46307373,-52.99564743
657.65380859,-52.63709259
657.84454346,-52.49880219
658.03527832,-55.70360565
658.22601318,-60.88364410
658.41674805,-70.24081421
658.60748291,-65.96899414
658.79821777,-55.14254761
658.98895264,-51.78432083
659.17968750,-51.98769379
659.37042236,-55.68670273
659.56115723,-58.02922821
659.75189209,-54.55951691
659.94262695,-54.05018234
660.13336182,-54.10339355
660.32409668,-55.14737701
660.51483154,-58.28804016
660.70556641,-56.20106506
660.89630127,-54.70138931
661.08703613,-62.29409027
661.27777100,-60.58212280
661.46850586,-55.46373749
661.65924072,-54.91843414
661.84997559,-60.18864059
662.04071045,-60.69412231
662.23144531,-64.20600128
662.42218018,-64.16719055
662.61291504,-61.30232239
662.80364990,-62.21940994
662.99438477,-64.47792816
663.18511963,-58.42414856
663.37585449,-58.48433685
663.56658936,-55.36675262
663.75732422,-50.62506104
663.94805908,-50.18649673
664.13879395,-52.86270905
664.32952881,-58.39140320
664.52026367,-61.63086319
664.71099854,-59.23752594
664.90173340,-86.27227020
665.09246826,-57.31427002
665.28320312,-57.85390472
665.47393799,-62.29235077
665.66467285,-53.68868256
665.85540771,-57.79722595
666.04614258,-68.61289215
666.23687744,-60.41510010
666.42761230,-53.14898682
666.61834717,-53.98674774
666.80908203,-56.16846085
666.99981689,-53.98524475
667.19055176,-56.15102768
667.38128662,-56.92295456
667.57202148,-54.73403931
667.76275635,-51.95365906
667.95349121,-51.15108109
668.14422607,-52.11418152
668.33496094,-53.18309784
668.52569580,-57.04552460
668.71643066,-63.05470276
668.90716553,-60.61399078
669.09790039,-63.20948029
669.28863525,-79.81785583
669.47937012,-64.61378479
669.67010498,-56.68891525
669.86083984,-56.49293900
670.05157471,-54.32028961
670.24230957,-52.56845093
670.43304443,-59.06486511
670.62377930,-54.37309647
670.81451416,-50.40223694
671.00524902,-57.76399231
671.19598389,-58.95929718
671.38671875,-56.79377747
671.57745361,-52.65926743
671.76818848,-51.64581680
671.95892334,-53.84068298
672.14965820,-59.92889023
672.34039307,-66.19837952
672.53112793,-62.78907013
672.72186279,-62.05680847
672.91259766,-55.50815582
673.10333252,-52.88147354
673.29406738,-60.97034836
673.48480225,-64.32896423
673.67553711,-74.01788330
673.86627197,-58.31447601
674.05700684,-55.44970703
674.24774170,-57.92206192
674.43847656,-55.85837555
674.62921143,-54.97197723
674.81994629,-53.37974548
675.01068115,-50.90285492
675.20141602,-52.63428497
675.39215088,-60.63663864
675.58288574,-59.73048782
675.77362061,-51.90983582
675.96435547,-52.29696274
676.15509033,-55.41193008
676.34582520,-55.75399399
676.53656006,-61.85560226
676.72729492,-61.87074280
676.91802979,-63.75630188
677.10876465,-60.49341583
677.29949951,-53.17401886
677.49023438,-53.05232239
677.68096924,-58.15629578
677.87170410,-58.22445679
678.06243896,-58.21158600
678.25317383,-63.39324951
678.44390869,-63.14683533
678.63464355,-59.04125977
678.82537842,-55.31766510
679.01611328,-54.31293869
679.20684814,-53.66802597
679.39758301,-50.44327545
679.58831787,-51.00429916
679.77905273,-57.74899292
679.96978760,-57.02722168
680.16052246,-52.61695099
680.35125732,-51.13563538
680.54199219,-52.17093658
680.73272705,-57.12574005
680.92346191,-63.12182999
681.11419678,-59.43168640
681.30493164,-58.29431152
681.49566650,-60.02623749
681.68640137,-57.96681976
681.87713623,-57.54972076
682.06787109,-65.32935333
682.25860596,-63.71543884
682.44934082,-63.01427841
682.64007568,-73.07337952
682.83081055,-74.02873230
683.02154541,-59.68805695
683.21228027,-52.61053085
683.40301514,-50.19052505
683.59375000,-52.07307816
683.78448486,-54.93363190
683.97521973,-54.36923599
684.16595459,-52.13672638
684.35668945,-52.93136978
684.54742432,-57.57007217
684.73815918,-52.87216187
684.92889404,-55.78989410
685.11962891,-63.67140961
685.31036377,-55.95152283
685.50109863,-57.33153915
685.69183350,-56.90781403
685.88256836,-56.75273895
686.07330322,-61.75012207
686.26403809,-62.79866028
686.45477295,-60.92946625
686.64550781,-60.61325073
686.83624268,-52.53456497
687.02697754,-53.36513138
687.21771240,-61.93557739
687.40844727,-63.02931976
687.59918213,-54.83200073
687.78991699,-53.95491791
687.98065186,-60.27979279
688.17138672,-64.65032959
688.36212158,-54.89688110
688.55285645,-48.39848328
688.74359131,-46.24813461
688.93432617,-48.93645477
689.12506104,-52.76981354
689.31579590,-55.63939667
689.50653076,-57.42405701
689.69726562,-55.50772858
689.88800049,-62.50712585
690.07873535,-52.90144348
690.26947021,-57.12555695
690.46020508,-68.16915131
690.65093994,-63.43170547
690.84167480,-63.90784836
691.03240967,-58.02118301
691.22314453,-52.31591797
691.41387939,-52.09902191
691.60461426,-58.68806458
691.79534912,-58.20275879
691.98608398,-54.71656418
692.17681885,-56.96144867
692.36755371,-65.17955017
692.55828857,-58.38411713
692.74902344,-52.17206955
692.93975830,-51.68013000
693.13049316,-53.75910187
693.32122803,-56.30362701
693.51196289,-62.44711304
693.70269775,-55.96641922
693.89343262,-56.09357834
694.08416748,-60.61499786
694.27490234,-60.19379044
694.46563721,-52.01113129
694.65637207,-51.07634735
694.84710693,-53.60103226
695.03784180,-60.91234207
695.22857666,-58.43449402
695.41931152,-53.60691833
695.61004639,-53.03236008
695.80078125,-54.99332428
695.99151611,-56.78554916
696.18225098,-53.96907425
696.37298584,-50.08461380
696.56372070,-48.80955124
696.75445557,-53.98758698
696.94519043,-63.95603561
697.13592529,-60.56475830
697.32666016,-54.54368210
697.51739502,-55.45456314
697.70812988,-61.72040558
697.89886475,-66.39974976
698.08959961,-59.25097656
698.28033447,-57.60860825
698.47106934,-60.87466431
698.66180420,-67.64654541
698.85253906,-59.40990829
699.04327393,-53.88768768
699.23400879,-56.85697174
699.42474365,-54.84306717
699.61547852,-52.65597916
699.80621338,-53.70790482
699.99694824,-54.47746658
700.18768311,-50.79351044
700.37841797,-50.65291595
700.56915283,-54.50791931
700.75988770,-54.74241257
700.95062256,-63.21966171
701.14135742,-59.96060944
701.33209229,-56.75780487
701.52282715,-67.58209991
701.71356201,-56.21339798
701.90429688,-57.83051300
702.09503174,-58.73653793
702.28576660,-61.33657837
702.47650146,-59.74578094
702.66723633,-66.40415192
702.85797119,-64.28448486
703.04870605,-62.51472473
703.23944092,-59.29845428
703.43017578,-55.16656494
703.62091064,-56.60853577
703.81164551,-63.10308075
704.00238037,-65.45085907
704.19311523,-53.41652298
704.38385010,-52.57357788
704.57458496,-57.96147919
704.76531982,-49.71420670
704.95605469,-48.85992432
705.14678955,-52.00931549
705.33752441,-55.72571564
705.52825928,-56.45805740
705.71899414,-55.59840775
705.90972900,-55.01418304
706.10046387,-57.27134705
706.29119873,-73.26665497
706.48193359,-58.48909760
706.67266846,-57.59129333
706.86340332,-57.29666138
707.05413818,-58.66958618
707.24487305,-63.05827332
707.43560791,-54.26637268
707.62634277,-54.91223145
707.81707764,-56.30546570
708.00781250,-53.61961365
708.19854736,-54.24588013
708.38928223,-57.68000031
708.58001709,-59.20970917
708.77075195,-56.77091980
708.96148682,-51.39466858
709.15222168,-48.37219238
709.34295654,-49.01642609
709.53369141,-52.43218231
709.72442627,-54.62110138
709.91516113,-51.21703720
710.10589600,-54.77749252
710.29663086,-60.58406448
710.48736572,-55.14697647
710.67810059,-54.97253799
710.86883545,-54.40998077
711.05957031,-59.44763184
711.25030518,-67.45628357
711.44104004,-58.98238373
711.63177490,-64.37847137
711.82250977,-62.31632614
712.01324463,-58.32690811
712.20397949,-60.08386230
712.39471436,-58.42882538
712.58544922,-60.09997559
712.77618408,-62.13855362
712.96691895,-54.42701721
713.15765381,-51.05024338
713.34838867,-51.44130707
713.53912354,-53.15429306
713.72985840,-55.06796265
713.92059326,-58.88011169
714.11132812,-52.79162598
714.30206299,-50.36940765
714.49279785,-51.03850937
714.68353271,-53.71774292
714.87426758,-54.28768921
715.06500244,-60.55502319
715.25573730,-57.99834824
715.44647217,-57.16005707
715.63720703,-63.49277878
715.82794189,-55.56383133
716.01867676,-50.72032547
716.20941162,-51.36747742
716.40014648,-52.36656952
716.59088135,-54.06704330
716.78161621,-61.78927612
716.97235107,-52.27613068
717.16308594,-54.59156418
717.35382080,-61.96474075
717.54455566,-56.61529922
717.73529053,-59.21656799
717.92602539,-57.81280518
718.11676025,-57.01793289
718.30749512,-72.89922333
718.49822998,-54.47961426
718.68896484,-53.89743042
718.87969971,-57.04979324
719.07043457,-77.32796478
719.26116943,-60.78176880
719.45190430,-56.22240067
719.64263916,-52.27363205
719.83337402,-51.14469910
720.02410889,-58.02906418
720.21484375,-57.82626343
720.40557861,-54.63987350
720.59631348,-57.72143555
720.78704834,-53.85132217
720.97778320,-52.27308273
721.16851807,-54.09365082
721.35925293,-54.17440796
721.54998779,-51.37927628
721.74072266,-54.46643448
721.93145752,-59.78433990
722.12219238,-53.43692398
722.31292725,-55.67691803
722.50366211,-54.75159073
722.69439697,-52.76239014
722.88513184,-54.23242950
723.07586670,-61.38057327
723.26660156,-56.80639267
723.45733643,-52.11325073
723.64807129,-52.54661942
723.83880615,-59.79314423
724.02954102,-56.86059570
724.22027588,-57.00907898
724.41101074,-58.80922318
724.60174561,-66.44309235
724.79248047,-63.86233902
724.98321533,-64.65099335
725.17395020,-59.05781555
725.36468506,-59.81599808
725.55541992,-55.66074753
725.74615479,-55.46987915
725.93688965,-57.00290680
726.12762451,-62.68041992
726.31835938,-74.02626038
726.50909424,-58.82662201
726.69982910,-58.50019455
726.89056396,-69.50973511
727.08129883,-57.71034622
727.27203369,-57.72040939
727.46276855,-57.51615906
727.65350342,-59.64067459
727.84423828,-63.10886765
728.03497314,-58.13863754
728.22570801,-58.21953201
728.41644287,-51.49672699
728.60717773,-52.50530624
728.79791260,-61.32905960
728.98864746,-56.10952377
729.17938232,-61.59585953
729.37011719,-69.81473541
729.56085205,-63.09760666
729.75158691,-59.74420547
729.94232178,-61.86967468
730.13305664,-76.76087952
730.32379150,-60.27949524
730.51452637,-54.39060974
730.70526123,-55.22439957
730.89599609,-59.02701950
731.08673096,-61.54005432
731.27746582,-62.75311279
731.46820068,-53.23041534
731.65893555,-54.02654648
731.84967041,-56.84571838
732.04040527,-58.27218628
732.23114014,-61.76388168
732.42187500,-57.64107132
732.61260986,-54.86674881
732.80334473,-57.69243622
732.99407959,-54.79259491
733.18481445,-51.40372467
733.37554932,-51.84684372
733.56628418,-55.51738358
733.75701904,-59.64393997
733.94775391,-60.59371185
734.13848877,-59.52067947
734.32922363,-57.97309494
734.51995850,-56.34609985
734.71069336,-56.19509888
734.90142822,-75.22345734
735.09216309,-56.91690063
735.28289795,-53.46561813
735.47363281,-53.08069611
735.66436768,-55.90434265
735.85510254,-58.54591370
736.04583740,-62.63103485
736.23657227,-64.39543915
736.42730713,-55.45210266
736.61804199,-51.67232895
736.80877686,-52.07668686
736.99951172,-67.64433289
737.19024658,-51.11539459
737.38098145,-50.40952301
737.57171631,-52.85618591
737.76245117,-54.58203888
737.95318604,-52.13397980
738.14392090,-50.13957596
738.33465576,-53.73171997
738.52539062,-58.17100143
738.71612549,-54.99650574
738.90686035,-53.15414810
739.09759521,-53.07636261
739.28833008,-57.01179504
739.47906494,-62.57751465
739.66979980,-56.70856476
739.86053467,-55.30096436
740.05126953,-59.24067688
740.24200439,-65.87911987
740.43273926,-62.74597168
740.62347412,-58.29082870
740.81420898,-61.97881699
741.00494385,-69.39503479
741.19567871,-65.36156464
741.38641357,-61.51475525
741.57714844,-57.50332642
741.76788330,-57.07658768
741.95861816,-63.46313858
742.14935303,-59.07632828
742.34008789,-53.64266205
742.53082275,-55.02608490
742.72155762,-63.97632599
742.91229248,-56.45602417
743.10302734,-50.52567291
743.29376221,-48.70322800
743.48449707,-50.37376785
743.67523193,-59.07368469
743.86596680,-61.35345078
744.05670166,-52.71805573
744.24743652,-51.25515366
744.43817139,-54.95317459
744.62890625,-54.42438507
744.81964111,-53.74958801
745.01037598,-63.32873917
745.20111084,-54.27013779
745.39184570,-53.57175446
745.58258057,-54.05507660
745.77331543,-55.87358856
745.96405029,-56.60095215
746.15478516,-55.30865479
746.34552002,-56.80728149
746.53625488,-60.79350281
746.72698975,-61.06682205
746.91772461,-61.54567719
747.10845947,-65.12133026
747.29919434,-62.89101028
747.48992920,-62.88267517
747.68066406,-63.07558441
747.87139893,-59.47049713
748.06213379,-56.70559692
748.25286865,-55.33388138
748.44360352,-54.62182999
748.63433838,-52.41993332
748.82507324,-52.66918945
749.01580811,-59.41475296
749.20654297,-63.87584686
749.39727783,-58.35311890
749.58801270,-61.25081635
749.77874756,-60.51795959
749.96948242,-59.18250656
750.16021729,-56.07522964
750.35095215,-57.05970001
750.54168701,-68.98644257
750.73242188,-61.85863113
750.92315674,-56.04760742
751.11389160,-54.13071442
751.30462646,-57.07290649
751.49536133,-54.49659729
751.68609619,-53.95921326
751.87683105,-54.46761703
752.06756592,-55.32373047
752.25830078,-60.66779327
752.44903564,-61.30527115
752.63977051,-55.69944000
752.83050537,-52.68518448
753.02124023,-51.81228638
753.21197510,-56.09402084
753.40270996,-56.82565689
753.59344482,-56.78610992
753.78417969,-55.63240814
753.97491455,-51.60070038
754.16564941,-52.48730087
754.35638428,-64.43691254
754.54711914,-63.91750336
754.73785400,-63.81255341
754.92858887,-57.83638382
755.11932373,-53.30439758
755.31005859,-51.74971771
755.50079346,-56.01070023
755.69152832,-62.93976212
755.88226318,-57.05363846
756.07299805,-57.68485641
756.26373291,-58.97084808
756.45446777,-58.49151611
756.64520264,-65.58493805
756.83593750,-62.06737518
757.02667236,-64.76021576
757.21740723,-85.06049347
757.40814209,-87.30169678
757.59887695,-67.72975922
757.78961182,-59.49757004
757.98034668,-58.09384918
758.17108154,-55.68344498
758.36181641,-56.32507706
758.55255127,-60.30561829
758.74328613,-61.55342102
758.93402100,-60.07417679
759.12475586,-60.50346756
759.31549072,-63.80768204
759.50622559,-60.88602066
759.69696045,-59.46857834
759.88769531,-56.05632019
760.07843018,-51.09669113
760.26916504,-49.93463898
760.45989990,-51.63000107
760.65063477,-61.28786469
760.84136963,-58.71684265
761.03210449,-53.57693100
761.22283936,-51.87346649
761.41357422,-52.71707535
761.60430908,-60.26687622
761.79504395,-61.75831604
761.98577881,-66.48339844
762.17651367,-59.73638916
762.36724854,-56.60732651
762.55798340,-54.98004150
762.74871826,-68.63882446
762.93945312,-55.07312393
763.13018799,-54.93063354
763.32092285,-58.90503693
763.51165771,-59.55009460
763.70239258,-56.30163193
763.89312744,-55.15451431
764.08386230,-61.34601212
764.27459717,-60.92330551
764.46533203,-56.73803711
764.65606689,-60.37897491
764.84680176,-56.85119247
765.03753662,-57.50535583
765.22827148,-55.24217606
765.41900635,-54.18250656
765.60974121,-54.61002731
765.80047607,-60.66398239
765.99121094,-59.61668396
766.18194580,-57.82977295
766.37268066,-53.68764877
766.56341553,-54.67993164
766.75415039,-55.57426834
766.94488525,-56.39962006
767.13562012,-57.86086273
767.32635498,-59.68189240
767.51708984,-58.42930222
767.70782471,-56.08603668
767.89855957,-57.94974899
768.08929443,-65.24422455
768.28002930,-61.07014084
768.47076416,-61.23210526
768.66149902,-58.11718369
768.85223389,-57.67479706
769.04296875,-62.83496857
769.23370361,-69.37701416
769.42443848,-61.29595184
769.61517334,-58.23073578
769.80590820,-64.26473999
769.99664307,-55.93407059
770.18737793,-53.99475479
770.37811279,-60.82218170
770.56884766,-59.76258850
770.75958252,-57.55696106
770.95031738,-63.46110535
771.14105225,-55.15843964
771.33178711,-50.69849396
771.52252197,-49.41518402
771.71325684,-49.79384995
771.90399170,-50.46025085
772.09472656,-54.07903671
772.28546143,-59.81468201
772.47619629,-65.47088623
772.66693115,-58.19921112
772.85766602,-54.04592514
773.04840088,-56.55277252
773.23913574,-65.33829498
773.42987061,-55.23276901
773.62060547,-51.41744614
773.81134033,-50.35367584
774.00207520,-50.86903381
774.19281006,-52.28404236
774.38354492,-58.08347702
774.57427979,-58.67456055
774.76501465,-56.79398346
774.95574951,-59.53641891
775.14648438,-60.89005280
775.33721924,-59.34770203
775.52795410,-57.33914948
775.71868896,-55.35049438
775.90942383,-56.00328445
776.10015869,-56.95441818
776.29089355,-57.40314865
776.48162842,-62.52247238
776.67236328,-68.15263367
776.86309814,-62.74382019
777.05383301,-62.85937881
777.24456787,-69.38788605
777.43530273,-62.16092682
777.62603760,-61.13862610
777.81677246,-61.12114334
778.00750732,-56.64796829
778.19824219,-56.82663727
778.38897705,-61.96422958
778.57971191,-60.93249893
778.77044678,-58.61889648
778.96118164,-56.20052338
779.15191650,-55.95994568
779.34265137,-57.18022919
779.53338623,-58.39760590
779.72412109,-59.25064850
779.91485596,-58.43177032
780.10559082,-55.18195724
780.29632568,-55.04888153
780.48706055,-57.00758362
780.67779541,-61.16237259
780.86853027,-63.83332825
781.05926514,-62.62630844
