Frequency,Channel A

0.00000000,-26.45031738
0.19073486,-33.08122635
0.38146973,-43.75804138
0.57220459,-49.61494064
0.76293945,-52.97968292
0.95367432,-57.95441437
1.14440918,-61.70768356
1.33514404,-59.30366516
1.52587891,-53.72494507
1.71661377,-55.01636124
1.90734863,-65.46257782
2.09808350,-60.01271057
2.28881836,-54.87310410
2.47955322,-53.99029541
2.67028809,-55.00035858
2.86102295,-55.09298325
3.05175781,-51.42353439
3.24249268,-58.03456879
3.43322754,-50.29831696
3.62396240,-53.11989594
3.81469727,-42.12292480
4.00543213,-66.79077148
4.19616699,-35.45713806
4.38690186,-11.45187569
4.57763672,-0.51567209
4.76837158,1.86577976
4.95910645,-3.56142282
5.14984131,-18.74413681
5.34057617,-43.89999771
5.53131104,-45.10660172
5.72204590,-50.03682709
5.91278076,-48.79792786
6.10351562,-51.83927917
6.29425049,-54.48957062
6.48498535,-58.29779816
6.67572021,-60.89764023
6.86645508,-59.07064056
7.05718994,-55.96134949
7.24792480,-52.67506409
7.43865967,-53.95370102
7.62939453,-59.59481049
7.82012939,-55.59227753
8.01086426,-64.67730713
8.20159912,-51.85397720
8.39233398,-49.34080124
8.58306885,-50.14612198
8.77380371,-52.10655975
8.96453857,-53.84840012
9.15527344,-56.80130768
9.34600830,-56.34921646
9.53674316,-61.81916809
9.72747803,-54.18901825
9.91821289,-54.30456543
10.10894775,-59.30237579
10.29968262,-51.24801636
10.49041748,-50.32286072
10.68115234,-50.38738251
10.87188721,-55.52799988
11.06262207,-67.91661835
11.25335693,-61.55308533
11.44409180,-52.66201782
11.63482666,-49.27976608
11.82556152,-48.12611389
12.01629639,-48.51293182
12.20703125,-51.50138855
12.39776611,-53.59534454
12.58850098,-51.17817688
12.77923584,-53.52140045
12.96997070,-55.15223694
13.16070557,-50.19879150
13.35144043,-47.79166412
13.54217529,-51.52367401
13.73291016,-52.41193390
13.92364502,-46.54739761
14.11437988,-46.60739899
14.30511475,-43.99224854
14.49584961,-42.70831299
14.68658447,-46.70120239
14.87731934,-49.18186951
15.06805420,-55.50663757
15.25878906,-54.00975037
15.44952393,-51.46940231
15.64025879,-53.03317642
15.83099365,-56.31500244
16.02172852,-58.37419128
16.21246338,-62.43467331
16.40319824,-58.88137817
16.59393311,-62.63849640
16.78466797,-57.94660187
16.97540283,-55.46074677
17.16613770,-65.64442444
17.35687256,-52.44532776
17.54760742,-49.03851318
17.73834229,-51.23172760
17.92907715,-55.42524719
18.11981201,-52.15642929
18.31054688,-54.84192276
18.50128174,-53.17551422
18.69201660,-51.17479706
18.88275146,-63.85572815
19.07348633,-47.10995102
19.26422119,-46.60879135
19.45495605,-63.05088425
19.64569092,-35.11298370
19.83642578,-30.30378532
20.02716064,-24.89175987
20.21789551,-24.27781677
20.40863037,-27.92993736
20.59936523,-35.00102234
20.79010010,-51.03799820
20.98083496,-47.23922348
21.17156982,-59.02418518
21.36230469,-61.38658905
21.55303955,-50.62545776
21.74377441,-48.87597656
21.93450928,-47.67129517
22.12524414,-51.53292847
22.31597900,-53.71887970
22.50671387,-54.01677704
22.69744873,-52.46477127
22.88818359,-53.47444534
23.07891846,-52.84061813
23.26965332,-46.33989716
23.46038818,-47.38426971
23.65112305,-58.95344162
23.84185791,-44.88251495
24.03259277,-45.07445526
24.22332764,-56.14835358
24.41406250,-50.99045563
24.60479736,-46.31068802
24.79553223,-48.33505630
24.98626709,-64.25478363
25.17700195,-59.14895630
25.36773682,-52.47550964
25.55847168,-48.97550964
25.74920654,-49.00999451
25.93994141,-50.85015869
26.13067627,-53.41322327
26.32141113,-56.75424957
26.51214600,-56.54647446
26.70288086,-54.95188141
26.89361572,-64.79126740
27.08435059,-50.75292969
27.27508545,-51.59886932
27.46582031,-57.34860229
27.65655518,-55.47035217
27.84729004,-57.12588882
28.03802490,-64.01572418
28.22875977,-58.69699860
28.41949463,-53.95948029
28.61022949,-50.97251129
28.80096436,-55.48933029
28.99169922,-53.79795837
29.18243408,-49.99008560
29.37316895,-49.49832916
29.56390381,-50.98024368
29.75463867,-56.86679077
29.94537354,-64.55100250
30.13610840,-69.17415619
30.32684326,-63.16123962
30.51757812,-59.50553894
30.70831299,-63.64392090
30.89904785,-53.80381012
31.08978271,-50.96732712
31.28051758,-52.90729904
31.47125244,-54.87314606
31.66198730,-53.99049759
31.85272217,-55.53527832
32.04345703,-59.80512619
32.23419189,-57.50528717
32.42492676,-58.54744720
32.61566162,-50.06238937
32.80639648,-45.96754074
32.99713135,-45.24028397
33.18786621,-43.79253387
33.37860107,-43.61388779
33.56933594,-48.93301010
33.76007080,-65.13052368
33.95080566,-60.43128204
34.14154053,-60.39511871
34.33227539,-55.62102509
34.52301025,-57.10826874
34.71374512,-52.15097427
34.90447998,-48.38922119
35.09521484,-50.74375153
35.28594971,-61.24507523
35.47668457,-60.99786377
35.66741943,-55.95412445
35.85815430,-56.71080780
36.04888916,-57.01761246
36.23962402,-54.30528641
36.43035889,-57.05210114
36.62109375,-61.22142792
36.81182861,-53.98220825
37.00256348,-51.52837753
37.19329834,-52.88642502
37.38403320,-58.97505951
37.57476807,-58.14084625
37.76550293,-60.33626938
37.95623779,-61.86691666
38.14697266,-52.53763199
38.33770752,-52.68486023
38.52844238,-53.41987228
38.71917725,-53.54072952
38.90991211,-51.87130737
39.10064697,-49.14003754
39.29138184,-51.30160904
39.48211670,-56.52295685
39.67285156,-59.30660629
39.86358643,-55.17784500
40.05432129,-50.39471054
40.24505615,-49.30021667
40.43579102,-51.42457962
40.62652588,-53.08568573
40.81726074,-50.36929703
41.00799561,-52.25447845
41.19873047,-59.16240692
41.38946533,-54.94044495
41.58020020,-50.04077911
41.77093506,-46.53970337
41.96166992,-46.23168182
42.15240479,-46.38085938
42.34313965,-44.97026443
42.53387451,-45.58367920
42.72460938,-49.08575439
42.91534424,-51.40332794
43.10607910,-48.62282562
43.29681396,-48.51351166
43.48754883,-50.70896149
43.67828369,-53.45541000
43.86901855,-56.97787857
44.05975342,-57.54757690
44.25048828,-53.13497543
44.44122314,-51.06911087
44.63195801,-53.89175034
44.82269287,-54.76320648
45.01342773,-51.41564178
45.20416260,-54.52798462
45.39489746,-64.57086945
45.58563232,-59.57281494
45.77636719,-60.52978134
45.96710205,-64.55632019
46.15783691,-58.28769684
46.34857178,-60.82669067
46.53930664,-55.51839828
46.73004150,-56.84407043
46.92077637,-63.64248657
47.11151123,-58.84142303
47.30224609,-63.32419968
47.49298096,-69.92137146
47.68371582,-61.74537277
47.87445068,-56.70456314
48.06518555,-65.54681396
48.25592041,-59.80813980
48.44665527,-54.03031921
48.63739014,-58.21524811
48.82812500,-57.65893936
49.01885986,-52.74977875
49.20959473,-53.99712372
49.40032959,-54.35539246
49.59106445,-55.86294556
49.78179932,-55.78918457
49.97253418,-51.94874191
50.16326904,-51.16281128
50.35400391,-56.39045334
50.54473877,-54.13521576
50.73547363,-54.32300568
50.92620850,-52.34597015
51.11694336,-51.22380829
51.30767822,-48.43800354
51.49841309,-46.32955551
51.68914795,-46.35066223
51.87988281,-46.81993103
52.07061768,-45.87022400
52.26135254,-47.24230957
52.45208740,-52.56512070
52.64282227,-56.35017395
52.83355713,-56.07404709
53.02429199,-61.42498779
53.21502686,-56.93994904
53.40576172,-51.98458099
53.59649658,-54.95722961
53.78723145,-60.77628326
53.97796631,-68.79148865
54.16870117,-54.78111649
54.35943604,-54.86700058
54.55017090,-67.43819427
54.74090576,-66.00172424
54.93164062,-63.14171219
55.12237549,-58.13575363
55.31311035,-53.79534149
55.50384521,-54.13141632
55.69458008,-56.36251068
55.88531494,-54.72703934
56.07604980,-51.76222229
56.26678467,-53.49296188
56.45751953,-62.92035675
56.64825439,-56.10939026
56.83898926,-52.22721863
57.02972412,-54.99007797
57.22045898,-60.21050262
57.41119385,-65.63063049
57.60192871,-55.59924316
57.79266357,-59.22486877
57.98339844,-56.53533936
58.17413330,-54.04549408
58.36486816,-50.70643616
58.55560303,-52.74066544
58.74633789,-64.57666016
58.93707275,-70.12128448
59.12780762,-56.54426193
59.31854248,-61.83637238
59.50927734,-54.99744034
59.70001221,-51.35608673
59.89074707,-55.55643463
60.08148193,-67.38767242
60.27221680,-59.73915100
60.46295166,-57.91911316
60.65368652,-53.77542877
60.84442139,-53.86113739
61.03515625,-55.35772324
61.22589111,-49.95701599
61.41662598,-49.48166656
61.60736084,-53.49678421
61.79809570,-59.93045044
61.98883057,-56.94781494
62.17956543,-51.57073212
62.37030029,-49.96611023
62.56103516,-50.38510132
62.75177002,-50.85832977
62.94250488,-51.62083054
63.13323975,-53.16503143
63.32397461,-58.92180634
63.51470947,-66.94968414
63.70544434,-65.89966583
63.89617920,-68.10886383
64.08691406,-73.44776917
64.27764893,-72.20548248
64.46838379,-56.58264923
64.65911865,-49.83831406
64.84985352,-50.04365921
65.04058838,-57.87847519
65.23132324,-73.95359802
65.42205811,-57.50655746
65.61279297,-53.67501068
65.80352783,-57.29220963
65.99426270,-62.77119446
66.18499756,-55.72069550
66.37573242,-53.32134247
66.56646729,-57.51680374
66.75720215,-59.15980911
66.94793701,-60.65103912
67.13867188,-68.33637238
67.32940674,-57.48167419
67.52014160,-57.41154480
67.71087646,-64.96183014
67.90161133,-68.02689362
68.09234619,-54.05597305
68.28308105,-50.32513428
68.47381592,-52.85638809
68.66455078,-53.75485992
68.85528564,-58.00855637
69.04602051,-53.48851013
69.23675537,-48.67000198
69.42749023,-52.32454300
69.61822510,-57.60108948
69.80895996,-58.96598434
69.99969482,-57.43474579
70.19042969,-55.06299973
70.38116455,-56.82574463
70.57189941,-65.10180664
70.76263428,-62.62613297
70.95336914,-56.01697922
71.14410400,-57.94189835
71.33483887,-60.76320648
71.52557373,-51.96650696
71.71630859,-54.09863281
71.90704346,-64.61777496
72.09777832,-70.79665375
72.28851318,-54.66895294
72.47924805,-50.50876617
72.66998291,-54.49013138
72.86071777,-58.79396439
73.05145264,-56.03904724
73.24218750,-59.27313232
73.43292236,-64.67187500
73.62365723,-64.32344055
73.81439209,-55.42647552
74.00512695,-54.53023529
74.19586182,-63.21715927
74.38659668,-62.62105942
74.57733154,-57.69505310
74.76806641,-55.91107178
74.95880127,-52.37709045
75.14953613,-55.74269104
75.34027100,-61.28938675
75.53100586,-57.59380722
75.72174072,-57.27701569
75.91247559,-53.34701538
76.10321045,-46.82447052
76.29394531,-46.06784821
76.48468018,-52.57903290
76.67541504,-54.53854370
76.86614990,-50.82830048
77.05688477,-50.44795609
77.24761963,-52.93265533
77.43835449,-59.69743347
77.62908936,-57.89592361
77.81982422,-53.12706375
78.01055908,-54.10549164
78.20129395,-65.84453583
78.39202881,-61.59298325
78.58276367,-60.99815750
78.77349854,-64.56314850
78.96423340,-58.19127655
79.15496826,-55.98602295
79.34570312,-52.87042999
79.53643799,-52.45086288
79.72717285,-57.08826447
79.91790771,-64.49908447
80.10864258,-52.91541672
80.29937744,-50.12744141
80.49011230,-51.53714752
80.68084717,-54.00240326
80.87158203,-63.08763123
81.06231689,-59.00595093
81.25305176,-58.77944946
81.44378662,-60.42450333
81.63452148,-54.77450943
81.82525635,-54.79405975
82.01599121,-62.08411407
82.20672607,-60.79098129
82.39746094,-58.29833221
82.58819580,-54.48020935
82.77893066,-64.22763062
82.96966553,-54.54042435
83.16040039,-49.77840042
83.35113525,-51.00904465
83.54187012,-57.16402054
83.73260498,-52.96888733
83.92333984,-51.31828690
84.11407471,-64.98172760
84.30480957,-54.76193237
84.49554443,-57.48478699
84.68627930,-57.75312424
84.87701416,-53.37310410
85.06774902,-65.45344543
85.25848389,-59.19843292
85.44921875,-58.54918671
85.63995361,-52.42901230
85.83068848,-54.38133240
86.02142334,-61.06903076
86.21215820,-50.36785507
86.40289307,-49.45821381
86.59362793,-48.20091248
86.78436279,-49.96864700
86.97509766,-56.14229584
87.16583252,-63.34877777
87.35656738,-56.85743332
87.54730225,-51.87289429
87.73803711,-58.36511993
87.92877197,-54.95509720
88.11950684,-50.29351044
88.31024170,-51.44548798
88.50097656,-59.93207550
88.69171143,-57.59460068
88.88244629,-50.25823212
89.07318115,-50.13500214
89.26391602,-53.90411758
89.45465088,-53.71185684
89.64538574,-52.20791245
89.83612061,-55.11112976
90.02685547,-62.62081909
90.21759033,-63.81336594
90.40832520,-53.39776611
90.59906006,-52.89842224
90.78979492,-54.28913116
90.98052979,-53.29148865
91.17126465,-50.76530838
91.36199951,-49.48329926
91.55273438,-50.25045776
91.74346924,-57.90685654
91.93420410,-65.27046967
92.12493896,-60.00284576
92.31567383,-56.86720276
92.50640869,-58.08433533
92.69714355,-54.79141617
92.88787842,-54.33688354
93.07861328,-55.47906494
93.26934814,-52.63326263
93.46008301,-54.50923157
93.65081787,-49.72504044
93.84155273,-47.26002121
94.03228760,-50.60114288
94.22302246,-59.42848206
94.41375732,-58.62248993
94.60449219,-51.91909409
94.79522705,-49.78191757
94.98596191,-50.19640350
95.17669678,-57.50686646
95.36743164,-53.50513458
95.55816650,-49.36527634
95.74890137,-52.88498306
95.93963623,-58.75981903
96.13037109,-63.68567657
96.32110596,-60.88260269
96.51184082,-56.61218643
96.70257568,-54.55278397
96.89331055,-54.71279144
97.08404541,-52.09658051
97.27478027,-47.95980072
97.46551514,-45.16580200
97.65625000,-46.14368820
97.84698486,-50.95932007
98.03771973,-56.83963394
98.22845459,-61.72322845
98.41918945,-63.05722809
98.60992432,-53.96251297
98.80065918,-53.20097351
98.99139404,-55.71389008
99.18212891,-63.86138153
99.37286377,-65.58414459
99.56359863,-65.78220367
99.75433350,-65.49515533
99.94506836,-65.99635315
100.13580322,-61.99279785
100.32653809,-56.03720856
100.51727295,-52.91674042
100.70800781,-52.28498459
100.89874268,-59.72970963
101.08947754,-57.60468292
101.28021240,-53.09127426
101.47094727,-53.69616699
101.66168213,-53.88521194
101.85241699,-54.65681458
102.04315186,-64.49741364
102.23388672,-72.29031372
102.42462158,-65.60250854
102.61535645,-58.94012070
102.80609131,-54.24666595
102.99682617,-61.02773666
103.18756104,-61.83398819
103.37829590,-61.20304489
103.56903076,-59.59722519
103.75976562,-52.13062286
103.95050049,-50.11087418
104.14123535,-51.78240967
104.33197021,-57.65757751
104.52270508,-59.05946732
104.71343994,-54.14715576
104.90417480,-49.13183594
105.09490967,-47.80158997
105.28564453,-52.64682007
105.47637939,-52.45285034
105.66711426,-50.42666626
105.85784912,-54.75185776
106.04858398,-62.90329361
106.23931885,-61.02032471
106.43005371,-54.90077591
106.62078857,-56.03368378
106.81152344,-59.38426208
107.00225830,-58.14631653
107.19299316,-59.90875244
107.38372803,-63.01914215
107.57446289,-56.47697830
107.76519775,-50.30329895
107.95593262,-50.42532349
108.14666748,-56.94839478
108.33740234,-61.91012573
108.52813721,-55.90898895
108.71887207,-55.19698334
108.90960693,-55.82849121
109.10034180,-56.78863525
109.29107666,-51.53827667
109.48181152,-51.78745651
109.67254639,-56.95057297
109.86328125,-56.12588501
110.05401611,-55.54243088
110.24475098,-62.30548859
110.43548584,-54.79868317
110.62622070,-53.75688934
110.81695557,-53.69643784
111.00769043,-54.62245178
111.19842529,-60.81967163
111.38916016,-56.68959808
111.57989502,-57.26330185
111.77062988,-61.19657135
111.96136475,-61.12572098
112.15209961,-58.45577240
112.34283447,-56.17575073
112.53356934,-59.52137375
112.72430420,-53.05118561
112.91503906,-48.57398987
113.10577393,-49.61495209
113.29650879,-52.83664322
113.48724365,-55.08377838
113.67797852,-62.24117661
113.86871338,-59.16057205
114.05944824,-51.44609833
114.25018311,-51.94707489
114.44091797,-52.90033722
114.63165283,-54.64397430
114.82238770,-60.38253403
115.01312256,-57.53163910
115.20385742,-49.99294281
115.39459229,-51.25380707
115.58532715,-51.66522980
115.77606201,-51.67993164
115.96679688,-53.38927460
116.15753174,-54.53863144
116.34826660,-51.03201294
116.53900146,-54.32643509
116.72973633,-61.00837708
116.92047119,-55.34749985
117.11120605,-54.87912750
117.30194092,-57.41571426
117.49267578,-52.34280396
117.68341064,-52.51378632
117.87414551,-56.48353577
118.06488037,-54.39395523
118.25561523,-56.30675507
118.44635010,-59.10758209
118.63708496,-54.46803284
118.82781982,-58.97785187
119.01855469,-61.73793030
119.20928955,-58.05651855
119.40002441,-59.07126617
119.59075928,-54.30554962
119.78149414,-55.63899612
119.97222900,-52.90183258
120.16296387,-50.92947006
120.35369873,-55.75014496
120.54443359,-59.12437057
120.73516846,-51.96212006
120.92590332,-49.67274475
121.11663818,-54.27306366
121.30737305,-59.28447342
121.49810791,-52.38547516
121.68884277,-51.57737732
121.87957764,-57.27495193
122.07031250,-60.35361862
122.26104736,-54.84998703
122.45178223,-50.41262817
122.64251709,-50.05163574
122.83325195,-52.21843719
123.02398682,-50.48532486
123.21472168,-48.72191620
123.40545654,-53.41001129
123.59619141,-60.84530640
123.78692627,-64.23634338
123.97766113,-62.04900360
124.16839600,-53.07418442
124.35913086,-51.70116806
124.54986572,-61.19323349
124.74060059,-56.60710144
124.93133545,-57.65555573
125.12207031,-61.65699005
125.31280518,-55.75952911
125.50354004,-55.21015549
125.69427490,-63.56560135
125.88500977,-56.34250641
126.07574463,-50.26180649
126.26647949,-49.17060089
126.45721436,-56.29276276
126.64794922,-60.52061081
126.83868408,-58.66153717
127.02941895,-68.33085632
127.22015381,-57.71791458
127.41088867,-58.26645660
127.60162354,-59.19392014
127.79235840,-56.62978363
127.98309326,-56.21256256
128.17382812,-56.50026321
128.36456299,-60.02578354
128.55529785,-59.10148621
128.74603271,-52.26875305
128.93676758,-49.64513779
129.12750244,-49.55487823
129.31823730,-49.46739197
129.50897217,-49.97723389
129.69970703,-53.66913223
129.89044189,-61.12706757
130.08117676,-63.19516754
130.27191162,-61.15969086
130.46264648,-60.18123245
130.65338135,-59.98750305
130.84411621,-51.75475693
131.03485107,-48.79189301
131.22558594,-51.17820358
131.41632080,-56.14926910
131.60705566,-52.48459244
131.79779053,-55.75784683
131.98852539,-56.71243668
132.17926025,-52.43544769
132.36999512,-54.04224396
132.56072998,-52.84835815
132.75146484,-50.98595047
132.94219971,-56.88508606
133.13293457,-68.88138580
133.32366943,-57.24636841
133.51440430,-52.66446686
133.70513916,-50.10848999
133.89587402,-49.84135056
134.08660889,-52.48511887
134.27734375,-57.90261078
134.46807861,-68.44288635
134.65881348,-57.77297211
134.84954834,-57.13928223
135.04028320,-56.12599945
135.23101807,-55.07945633
135.42175293,-57.79998016
135.61248779,-65.55548096
135.80322266,-60.31516266
135.99395752,-61.54744720
136.18469238,-58.80992126
136.37542725,-56.03713989
136.56616211,-54.85772705
136.75689697,-57.16197968
136.94763184,-55.98957062
137.13836670,-56.85847855
137.32910156,-63.04197693
137.51983643,-52.27238464
137.71057129,-50.10328674
137.90130615,-56.45075989
138.09204102,-72.85054779
138.28277588,-58.63089752
138.47351074,-51.94019699
138.66424561,-51.04597092
138.85498047,-50.97738647
139.04571533,-50.81642151
139.23645020,-51.12344742
139.42718506,-58.51466370
139.61791992,-72.21540833
139.80865479,-65.63952637
139.99938965,-59.24538422
140.19012451,-61.42276764
140.38085938,-68.14170074
140.57159424,-61.43117905
140.76232910,-65.27439880
140.95306396,-56.28258133
141.14379883,-54.42117310
141.33453369,-59.53322601
141.52526855,-66.74021912
141.71600342,-58.71827698
141.90673828,-55.21556854
142.09747314,-70.16827393
142.28820801,-57.58679962
142.47894287,-59.51503372
142.66967773,-63.82902145
142.86041260,-57.82387161
143.05114746,-53.59716034
143.24188232,-53.58539200
143.43261719,-56.62479401
143.62335205,-58.19796753
143.81408691,-57.98046112
144.00482178,-58.18896866
144.19555664,-55.22720718
144.38629150,-52.44283295
144.57702637,-54.59558868
144.76776123,-65.27891541
144.95849609,-58.06222916
145.14923096,-51.32999039
145.33996582,-51.52412415
145.53070068,-57.59852600
145.72143555,-58.00273132
145.91217041,-53.64215851
146.10290527,-55.34810638
146.29364014,-74.50825500
146.48437500,-56.47961044
146.67510986,-57.08182526
146.86584473,-67.19229889
147.05657959,-61.57026291
147.24731445,-61.57741547
147.43804932,-56.66308975
147.62878418,-54.50927353
147.81951904,-52.85488129
148.01025391,-49.77689362
148.20098877,-48.12041855
148.39172363,-51.43249893
148.58245850,-54.34796143
148.77319336,-58.49431610
148.96392822,-55.86784363
149.15466309,-55.35919189
149.34539795,-60.21000671
149.53613281,-60.10366440
149.72686768,-50.01319122
149.91760254,-50.06771851
150.10833740,-54.59143829
150.29907227,-54.54429626
150.48980713,-52.13755035
150.68054199,-53.49610138
150.87127686,-53.08818817
151.06201172,-52.04751587
151.25274658,-57.89378357
151.44348145,-55.10051727
151.63421631,-53.79396057
151.82495117,-53.13217926
152.01568604,-53.15685654
152.20642090,-54.84260178
152.39715576,-53.87287140
152.58789062,-52.35095215
152.77862549,-53.60174179
152.96936035,-59.40846252
153.16009521,-66.88143158
153.35083008,-60.19460678
153.54156494,-53.71580505
153.73229980,-50.04639053
153.92303467,-50.67803192
154.11376953,-51.09361649
154.30450439,-50.17376709
154.49523926,-53.09111023
154.68597412,-52.45888138
154.87670898,-53.09909058
155.06744385,-62.31235886
155.25817871,-56.70248032
155.44891357,-54.81289673
155.63964844,-60.00581741
155.83038330,-68.71733093
156.02111816,-57.63965988
156.21185303,-56.33765411
156.40258789,-59.14899826
156.59332275,-66.33332062
156.78405762,-72.24549103
156.97479248,-73.44741058
157.16552734,-62.00185776
157.35626221,-57.30044556
157.54699707,-52.76201630
157.73773193,-52.29164124
157.92846680,-54.75261688
158.11920166,-54.59050751
158.30993652,-54.06095886
158.50067139,-54.20039749
158.69140625,-57.41206360
158.88214111,-71.86136627
159.07287598,-58.94390869
159.26361084,-52.42774963
159.45434570,-53.25828171
159.64508057,-58.00120544
159.83581543,-61.43125916
160.02655029,-62.61932755
160.21728516,-56.42253494
160.40802002,-62.17817307
160.59875488,-57.85421753
160.78948975,-53.72710419
160.98022461,-52.10086823
161.17095947,-54.66627121
161.36169434,-58.97214508
161.55242920,-55.73395157
161.74316406,-54.19956207
161.93389893,-55.58724213
162.12463379,-52.99803162
162.31536865,-51.11055756
162.50610352,-54.27963638
162.69683838,-58.27029800
162.88757324,-56.87614059
163.07830811,-53.95651245
163.26904297,-55.33502197
163.45977783,-50.12206650
163.65051270,-47.76367188
163.84124756,-49.91028595
164.03198242,-52.43136597
164.22271729,-53.78959274
164.41345215,-56.12764740
164.60418701,-59.94146729
164.79492188,-59.87468719
164.98565674,-54.83276367
165.17639160,-53.37413788
165.36712646,-55.41797256
165.55786133,-53.57099915
165.74859619,-56.48246765
165.93933105,-65.48675537
166.13006592,-55.67514038
166.32080078,-59.92852783
166.51153564,-67.66526794
166.70227051,-64.75115967
166.89300537,-64.30897522
167.08374023,-57.98038483
167.27447510,-52.68699265
167.46520996,-54.29288864
167.65594482,-65.63748169
167.84667969,-75.74821472
168.03741455,-63.51774597
168.22814941,-55.46416855
168.41888428,-54.61899567
168.60961914,-54.78877640
168.80035400,-53.72018433
168.99108887,-54.99037170
169.18182373,-50.68455505
169.37255859,-49.55512238
169.56329346,-52.44703674
169.75402832,-58.04528809
169.94476318,-61.51495361
170.13549805,-62.41262054
170.32623291,-64.81436157
170.51696777,-53.16711807
170.70770264,-47.31910324
170.89843750,-46.01223755
171.08917236,-47.57007599
171.27990723,-49.53467560
171.47064209,-50.04573059
171.66137695,-52.33129501
171.85211182,-50.68568802
172.04284668,-52.60761642
172.23358154,-59.64515686
172.42431641,-66.35951233
172.61505127,-80.13400269
172.80578613,-71.13562012
172.99652100,-59.56632233
173.18725586,-54.04424667
173.37799072,-51.02914810
173.56872559,-53.26931763
173.75946045,-60.95968628
173.95019531,-54.11890030
174.14093018,-52.84852982
174.33166504,-57.17210770
174.52239990,-57.00072861
174.71313477,-56.77810669
174.90386963,-56.45407104
175.09460449,-54.06832886
175.28533936,-54.70258713
175.47607422,-57.92319870
175.66680908,-58.91656494
175.85754395,-57.06818390
176.04827881,-54.36582184
176.23901367,-52.24802399
176.42974854,-51.48892212
176.62048340,-53.00178528
176.81121826,-55.72914886
177.00195312,-56.50568008
177.19268799,-56.96108246
177.38342285,-52.59383392
177.57415771,-51.19171524
177.76489258,-54.46308517
177.95562744,-59.93517303
178.14636230,-62.70291138
178.33709717,-65.43955994
178.52783203,-63.75178528
178.71856689,-56.82096100
178.90930176,-55.93050385
179.10003662,-57.90906906
179.29077148,-54.41528320
179.48150635,-54.67210388
179.67224121,-74.77194214
179.86297607,-52.91134644
180.05371094,-49.79209518
180.24444580,-52.11150742
180.43518066,-52.96282196
180.62591553,-55.16687012
180.81665039,-58.47455978
181.00738525,-60.18356705
181.19812012,-64.77637482
181.38885498,-67.21932220
181.57958984,-58.11933136
181.77032471,-61.14498520
181.96105957,-56.49856186
182.15179443,-51.09028625
182.34252930,-51.04486084
182.53326416,-55.25894165
182.72399902,-59.40599060
182.91473389,-55.26866913
183.10546875,-54.37427139
183.29620361,-54.78116989
183.48693848,-52.96214294
183.67767334,-51.74342728
183.86840820,-49.44645691
184.05914307,-49.23849487
184.24987793,-54.56933594
184.44061279,-63.26950455
184.63134766,-56.98692703
184.82208252,-67.85791016
185.01281738,-55.77089310
185.20355225,-55.13162613
185.39428711,-57.82633972
185.58502197,-60.50918961
185.77575684,-58.72963333
185.96649170,-52.16442108
186.15722656,-53.12619019
186.34796143,-58.18191910
186.53869629,-57.88778687
186.72943115,-58.27071381
186.92016602,-57.53970337
187.11090088,-80.64747620
187.30163574,-56.16741180
187.49237061,-53.15838242
187.68310547,-52.72470093
187.87384033,-49.81809235
188.06457520,-49.11397552
188.25531006,-51.60485840
188.44604492,-53.33327484
188.63677979,-52.94890976
188.82751465,-60.49295044
189.01824951,-55.41205978
189.20898438,-52.77077484
189.39971924,-58.92787552
189.59045410,-58.47693634
189.78118896,-52.94778442
189.97192383,-57.94828033
190.16265869,-58.81072617
190.35339355,-59.72666168
190.54412842,-54.40380478
190.73486328,-51.96096039
190.92559814,-56.55603027
191.11633301,-64.86031342
191.30706787,-54.85768890
191.49780273,-56.04896164
191.68853760,-64.81708527
191.87927246,-56.93986893
192.07000732,-52.94533539
192.26074219,-52.93729782
192.45147705,-59.88885498
192.64221191,-67.55585480
192.83294678,-66.47573853
193.02368164,-59.31947327
193.21441650,-58.75524139
193.40515137,-54.31275940
193.59588623,-53.68358994
193.78662109,-57.92150116
193.97735596,-64.23802185
194.16809082,-53.84148026
194.35882568,-52.99412155
194.54956055,-66.42111969
194.74029541,-56.60307312
194.93103027,-62.90990448
195.12176514,-60.68299866
195.31250000,-58.44446564
195.50323486,-55.87196732
195.69396973,-53.39373779
195.88470459,-51.80657959
196.07543945,-50.68493271
196.26617432,-50.82981491
196.45690918,-52.02268982
196.64764404,-53.47501373
196.83837891,-55.40612793
197.02911377,-57.13234711
197.21984863,-57.28898621
197.41058350,-62.20678711
197.60131836,-57.83656311
197.79205322,-50.52939987
197.98278809,-48.68400955
198.17352295,-49.94881439
198.36425781,-56.68352127
198.55499268,-68.22585297
198.74572754,-59.15289307
198.93646240,-58.09765244
199.12719727,-60.05931091
199.31793213,-61.65173340
199.50866699,-64.98893738
199.69940186,-59.22135925
199.89013672,-56.66977692
200.08087158,-53.94865417
200.27160645,-54.07180405
200.46234131,-52.54680252
200.65307617,-50.21430969
200.84381104,-50.42153168
201.03454590,-53.99295425
201.22528076,-59.46611023
201.41601562,-66.65807343
201.60675049,-67.29705811
201.79748535,-54.45037842
201.98822021,-51.19303131
202.17895508,-51.17190552
202.36968994,-53.52222824
202.56042480,-57.06278992
202.75115967,-61.42287827
202.94189453,-59.33175659
203.13262939,-57.58166504
203.32336426,-61.39765930
203.51409912,-63.53151321
203.70483398,-72.48496246
203.89556885,-60.54521561
204.08630371,-54.82185364
204.27703857,-58.53984451
204.46777344,-63.86668777
204.65850830,-73.90143585
204.84924316,-56.30497360
205.03997803,-52.26588821
205.23071289,-56.78177261
205.42144775,-60.53944397
205.61218262,-56.92473984
205.80291748,-69.57447815
205.99365234,-57.61803436
206.18438721,-52.60293961
206.37512207,-56.44222260
206.56585693,-64.12643433
206.75659180,-57.79397964
206.94732666,-54.35964966
207.13806152,-55.13071060
207.32879639,-55.65076447
207.51953125,-57.82563019
207.71026611,-55.68817139
207.90100098,-58.91437531
208.09173584,-76.27812958
208.28247070,-66.24337006
208.47320557,-63.26044083
208.66394043,-56.03620148
208.85467529,-52.42835236
209.04541016,-53.68175125
209.23614502,-59.15094757
209.42687988,-54.37409973
209.61761475,-54.14321518
209.80834961,-56.25596619
209.99908447,-63.64635849
210.18981934,-65.10501862
210.38055420,-57.68949890
210.57128906,-58.05790710
210.76202393,-63.37387466
210.95275879,-61.00062561
211.14349365,-61.23172760
211.33422852,-66.54393005
211.52496338,-60.76791382
211.71569824,-61.08897400
211.90643311,-63.88956070
212.09716797,-70.32462311
212.28790283,-67.23832703
212.47863770,-61.48461914
212.66937256,-59.95468140
212.86010742,-55.16669464
213.05084229,-52.02480316
213.24157715,-51.83369446
213.43231201,-52.16257095
213.62304688,-54.15975952
213.81378174,-58.78704834
214.00451660,-58.70040131
214.19525146,-59.57314301
214.38598633,-66.78630066
214.57672119,-64.95750427
214.76745605,-57.48071671
214.95819092,-53.20216370
215.14892578,-56.18202591
215.33966064,-58.94011688
215.53039551,-76.61036682
215.72113037,-60.71269608
215.91186523,-64.70753479
216.10260010,-60.81843567
216.29333496,-60.61824417
216.48406982,-62.44850922
216.67480469,-62.87255859
216.86553955,-59.32542801
217.05627441,-61.40071869
217.24700928,-66.49212646
217.43774414,-68.54613495
217.62847900,-56.65346527
217.81921387,-53.72494125
218.00994873,-55.55835724
218.20068359,-55.46760559
218.39141846,-52.07400513
218.58215332,-50.14333725
218.77288818,-51.18021011
218.96362305,-56.89433289
219.15435791,-67.61518860
219.34509277,-57.20359421
219.53582764,-55.95618439
219.72656250,-55.54867172
219.91729736,-58.01530457
220.10803223,-64.50316620
220.29876709,-61.06554031
220.48950195,-61.59582520
220.68023682,-65.61033630
220.87097168,-65.25543213
221.06170654,-59.61704254
221.25244141,-56.30744171
221.44317627,-55.71748352
221.63391113,-58.00760651
221.82464600,-52.41839981
222.01538086,-50.92301941
222.20611572,-51.08322144
222.39685059,-52.28781891
222.58758545,-56.87873840
222.77832031,-62.25347519
222.96905518,-60.59369659
223.15979004,-86.08643341
223.35052490,-59.53452682
223.54125977,-60.94394684
223.73199463,-81.09680176
223.92272949,-54.52153015
224.11346436,-48.62852478
224.30419922,-47.11769104
224.49493408,-49.05874634
224.68566895,-54.93793488
224.87640381,-57.28563309
225.06713867,-51.92716217
225.25787354,-56.66653442
225.44860840,-67.01991272
225.63934326,-58.72991180
225.83007812,-57.53675842
226.02081299,-53.28651047
226.21154785,-49.67320251
226.40228271,-50.63084030
226.59301758,-54.80059052
226.78375244,-62.97987366
226.97448730,-60.47992706
227.16522217,-57.88043594
227.35595703,-61.38789368
227.54669189,-60.48537445
227.73742676,-58.81652832
227.92816162,-54.07178879
228.11889648,-53.63017654
228.30963135,-62.77096558
228.50036621,-55.81970215
228.69110107,-54.84008408
228.88183594,-60.22617340
229.07257080,-59.21470642
229.26330566,-58.04450607
229.45404053,-51.36152267
229.64477539,-52.05869293
229.83551025,-52.29717255
230.02624512,-51.34214783
230.21697998,-49.40967941
230.40771484,-48.86247253
230.59844971,-54.20637512
230.78918457,-57.22740555
230.97991943,-54.71324539
231.17065430,-67.42462921
231.36138916,-64.27546692
231.55212402,-58.71368027
231.74285889,-56.62487030
231.93359375,-57.24721527
232.12432861,-58.84359741
232.31506348,-54.20677567
232.50579834,-55.65978622
232.69653320,-73.94232941
232.88726807,-56.54691696
233.07800293,-54.77527618
233.26873779,-58.40601349
233.45947266,-60.93225098
233.65020752,-54.18051910
233.84094238,-53.82247543
234.03167725,-58.44368744
234.22241211,-61.00720978
234.41314697,-58.41145325
234.60388184,-57.84018707
234.79461670,-58.62610245
234.98535156,-52.28260422
235.17608643,-52.62842178
235.36682129,-52.29283142
235.55755615,-52.09779739
235.74829102,-55.32653046
235.93902588,-57.22160721
236.12976074,-55.09260178
236.32049561,-59.88613129
236.51123047,-60.78919983
236.70196533,-59.76158142
236.89270020,-68.23591614
237.08343506,-66.94239807
237.27416992,-54.07728195
237.46490479,-51.25392914
237.65563965,-57.70814514
237.84637451,-56.90888977
238.03710938,-57.36389923
238.22784424,-62.58201599
238.41857910,-60.89176559
238.60931396,-55.73937225
238.80004883,-54.58580780
238.99078369,-53.92144775
239.18151855,-56.35675049
239.37225342,-64.71205902
239.56298828,-56.36017609
239.75372314,-60.06740952
239.94445801,-64.10444641
240.13519287,-60.27838898
240.32592773,-64.15398407
240.51666260,-66.09469604
240.70739746,-69.10655212
240.89813232,-72.35015106
241.08886719,-56.50684738
241.27960205,-49.66324615
241.47033691,-48.88130951
241.66107178,-52.31921387
241.85180664,-53.28986359
242.04254150,-56.01350784
242.23327637,-63.56221008
242.42401123,-58.22920227
242.61474609,-62.54124069
242.80548096,-58.26965714
242.99621582,-58.46747971
243.18695068,-63.91385651
243.37768555,-75.29587555
243.56842041,-68.10661316
243.75915527,-59.52801514
243.94989014,-59.08882141
244.14062500,-59.64051056
244.33135986,-56.47931671
244.52209473,-55.54248428
244.71282959,-59.29245377
244.90356445,-59.51422882
245.09429932,-56.71160889
245.28503418,-62.57429504
245.47576904,-64.86130524
245.66650391,-53.09127808
245.85723877,-52.24713135
246.04797363,-56.13666916
246.23870850,-56.21590424
246.42944336,-58.34999847
246.62017822,-59.04055023
246.81091309,-63.05715179
247.00164795,-74.24993896
247.19238281,-60.34081268
247.38311768,-54.89657974
247.57385254,-54.21152496
247.76458740,-56.88297653
247.95532227,-61.35540390
248.14605713,-64.47745514
248.33679199,-62.00038910
248.52752686,-59.54469681
248.71826172,-56.12134552
248.90899658,-58.11635590
249.09973145,-52.67698669
249.29046631,-50.27358246
249.48120117,-51.86083221
249.67193604,-54.64689636
249.86267090,-61.24130249
250.05340576,-63.02489853
250.24414062,-54.57712173
250.43487549,-53.14674377
250.62561035,-55.86687469
250.81634521,-52.10099792
251.00708008,-53.15087891
251.19781494,-51.82776642
251.38854980,-51.32110214
251.57928467,-53.61354828
251.77001953,-55.76313019
251.96075439,-57.93870926
252.15148926,-64.99876404
252.34222412,-60.24413681
252.53295898,-57.41001129
252.72369385,-56.35145569
252.91442871,-61.82507324
253.10516357,-65.46858978
253.29589844,-56.48138428
253.48663330,-57.93251801
253.67736816,-71.79626465
253.86810303,-62.40437317
254.05883789,-60.61857605
254.24957275,-65.81086731
254.44030762,-61.17671204
254.63104248,-55.57577133
254.82177734,-58.19006348
255.01251221,-56.48136520
255.20324707,-50.86959839
255.39398193,-55.24185562
255.58471680,-56.33336639
255.77545166,-52.52627563
255.96618652,-51.31694031
256.15692139,-50.75202179
256.34765625,-50.85200500
256.53839111,-53.27521515
256.72912598,-58.08495331
256.91986084,-58.22955322
257.11059570,-52.97015381
257.30133057,-53.79325867
257.49206543,-60.26885986
257.68280029,-55.23023987
257.87353516,-51.44812012
258.06427002,-53.56148148
258.25500488,-68.37518311
258.44573975,-58.73165894
258.63647461,-60.33263397
258.82720947,-72.89412689
259.01794434,-58.67957687
259.20867920,-52.20145416
259.39941406,-51.32233047
259.59014893,-56.47722244
259.78088379,-61.31707001
259.97161865,-57.45012665
260.16235352,-55.80752563
260.35308838,-55.55259323
260.54382324,-59.62363434
260.73455811,-58.01205063
260.92529297,-56.85981369
261.11602783,-56.18276215
261.30676270,-57.80989075
261.49749756,-60.75191498
261.68823242,-56.46988297
261.87896729,-61.42027283
262.06970215,-54.30616379
262.26043701,-53.25758362
262.45117188,-74.34663391
262.64190674,-54.35154724
262.83264160,-56.28353882
263.02337646,-53.84846115
263.21411133,-56.84161758
263.40484619,-64.04908752
263.59558105,-50.99006653
263.78631592,-51.38596344
263.97705078,-61.63903809
264.16778564,-62.37667084
264.35852051,-69.10153198
264.54925537,-60.51152802
264.73999023,-60.15536499
264.93072510,-65.98120117
265.12145996,-55.40433502
265.31219482,-52.65266037
265.50292969,-58.66589355
265.69366455,-56.39374161
265.88439941,-54.17250824
266.07513428,-60.69128418
266.26586914,-57.45284653
266.45660400,-55.63183594
266.64733887,-53.98238373
266.83807373,-54.10840988
267.02880859,-55.49964523
267.21954346,-60.72726822
267.41027832,-64.13745117
267.60101318,-58.00965881
267.79174805,-55.03630066
267.98248291,-55.03799057
268.17321777,-68.80036926
268.36395264,-58.74452209
268.55468750,-55.01533508
268.74542236,-54.06330872
268.93615723,-55.51549911
269.12689209,-67.73118591
269.31762695,-55.15020370
269.50836182,-50.56590271
269.69909668,-54.05746841
269.88983154,-57.63822937
270.08056641,-52.43079758
270.27130127,-52.64643860
270.46203613,-54.44813156
270.65277100,-57.16488266
270.84350586,-54.68347931
271.03424072,-49.38335037
271.22497559,-48.33281708
271.41571045,-51.95727539
271.60644531,-56.76012039
271.79718018,-62.08877563
271.98791504,-55.76952362
272.17864990,-53.02761078
272.36938477,-51.38012695
272.56011963,-51.11322403
272.75085449,-59.85742188
272.94158936,-56.17751694
273.13232422,-51.81487274
273.32305908,-53.03234100
273.51379395,-58.72230530
273.70452881,-63.79787445
273.89526367,-59.09113312
274.08599854,-70.76522827
274.27673340,-66.46189117
274.46746826,-58.07209778
274.65820312,-58.19433212
274.84893799,-61.23267746
275.03967285,-55.78293228
275.23040771,-56.80957031
275.42114258,-54.96398544
275.61187744,-54.53324127
275.80261230,-53.19099045
275.99334717,-55.12786865
276.18408203,-57.63833618
276.37481689,-54.65450668
276.56555176,-53.64561462
276.75628662,-57.94162369
276.94702148,-63.04999924
277.13775635,-67.71487427
277.32849121,-59.41225052
277.51922607,-62.19261932
277.70996094,-66.69052887
277.90069580,-66.12451935
278.09143066,-60.04604340
278.28216553,-57.32993698
278.47290039,-56.64358521
278.66363525,-54.85843658
278.85437012,-58.84344101
279.04510498,-64.29406738
279.23583984,-61.22174835
279.42657471,-54.39677429
279.61730957,-54.16317368
279.80804443,-54.22397614
279.99877930,-55.38402176
280.18951416,-60.11936951
280.38024902,-62.23694229
280.57098389,-60.81678009
280.76171875,-60.83988953
280.95245361,-68.16450500
281.14318848,-64.70043945
281.33392334,-61.81552124
281.52465820,-64.44367981
281.71539307,-83.07491302
281.90612793,-55.68239212
282.09686279,-51.51031113
282.28759766,-53.27021790
282.47833252,-52.63832092
282.66906738,-50.15404129
282.85980225,-51.69773102
283.05053711,-78.15933990
283.24127197,-53.33272934
283.43200684,-50.97608566
283.62274170,-50.18584442
283.81347656,-56.86972809
284.00421143,-61.72268677
284.19494629,-65.07882690
284.38568115,-55.10602951
284.57641602,-50.36888885
284.76715088,-50.16082382
284.95788574,-52.95057678
285.14862061,-55.81337738
285.33935547,-61.48598480
285.53009033,-62.68093109
285.72082520,-56.85682297
285.91156006,-57.10844040
286.10229492,-56.65841675
286.29302979,-56.64323807
286.48376465,-59.74473953
286.67449951,-63.31095123
286.86523438,-64.26818848
287.05596924,-57.06876373
287.24670410,-60.67082214
287.43743896,-57.35047150
287.62817383,-54.50188065
287.81890869,-53.28804398
288.00964355,-54.86888885
288.20037842,-82.85409546
288.39111328,-53.91911316
288.58184814,-52.85672760
288.77258301,-55.22894287
288.96331787,-55.14348984
289.15405273,-52.50989532
289.34478760,-52.46412277
289.53552246,-52.95410156
289.72625732,-52.89829636
289.91699219,-53.93695068
290.10772705,-54.54187393
290.29846191,-57.37952423
290.48919678,-67.54624939
290.67993164,-55.23901367
290.87066650,-56.66810989
291.06140137,-64.57847595
291.25213623,-59.66064835
291.44287109,-64.20046997
291.63360596,-55.46867752
291.82434082,-60.75479507
292.01507568,-57.15884781
292.20581055,-57.37151718
292.39654541,-56.22977829
292.58728027,-54.85170746
292.77801514,-56.98833084
292.96875000,-66.08321381
293.15948486,-61.05768585
293.35021973,-58.74923325
293.54095459,-70.12013245
293.73168945,-55.52585983
293.92242432,-52.46671295
294.11315918,-51.32419968
294.30389404,-51.73149109
294.49462891,-56.76956558
294.68536377,-59.07369614
294.87609863,-51.42770767
295.06683350,-49.18158722
295.25756836,-52.80836487
295.44830322,-60.07955170
295.63903809,-57.77187729
295.82977295,-57.27920914
296.02050781,-55.07300949
296.21124268,-59.74068069
296.40197754,-55.34961319
296.59271240,-52.85955811
296.78344727,-53.78775787
296.97418213,-52.24645233
297.16491699,-53.17724609
297.35565186,-56.72294617
297.54638672,-55.55705261
297.73712158,-54.91623306
297.92785645,-58.59020996
298.11859131,-65.35540771
298.30932617,-68.46472168
298.50006104,-65.56493378
298.69079590,-63.83641052
298.88153076,-59.07546616
299.07226562,-55.86914062
299.26300049,-62.38435745
299.45373535,-62.23124695
299.64447021,-58.92753220
299.83520508,-61.19091415
300.02593994,-61.34749985
300.21667480,-71.69854736
300.40740967,-61.80751801
300.59814453,-56.68102264
300.78887939,-50.62899780
300.97961426,-50.15874863
301.17034912,-55.32081223
301.36108398,-61.28322983
301.55181885,-68.93766785
301.74255371,-56.61148834
301.93328857,-50.20030594
302.12402344,-50.66645050
302.31475830,-57.37141418
302.50549316,-62.24808121
302.69622803,-60.09244537
302.88696289,-58.77725983
303.07769775,-54.82902908
303.26843262,-54.03633118
303.45916748,-67.17864227
303.64990234,-67.15767670
303.84063721,-65.76707458
304.03137207,-68.26058960
304.22210693,-76.18802643
304.41284180,-70.27996826
304.60357666,-62.68608475
304.79431152,-60.08460999
304.98504639,-58.71379852
305.17578125,-55.50167465
305.36651611,-53.00742340
305.55725098,-53.70939636
305.74798584,-62.06739044
305.93872070,-53.49559402
306.12945557,-50.95929718
306.32019043,-52.86307526
306.51092529,-57.06851959
306.70166016,-78.18289948
306.89239502,-66.99908447
307.08312988,-55.74478149
307.27386475,-54.67235947
307.46459961,-55.39482880
307.65533447,-60.64324951
307.84606934,-58.59514236
308.03680420,-59.18252945
308.22753906,-61.51220322
308.41827393,-52.78680420
308.60900879,-54.97777939
308.79974365,-61.59685135
308.99047852,-55.09284210
309.18121338,-52.74010086
309.37194824,-53.70006943
309.56268311,-63.78440475
309.75341797,-64.64535522
309.94415283,-72.32535553
310.13488770,-61.16169357
310.32562256,-61.78638840
310.51635742,-73.60632324
310.70709229,-75.40776825
310.89782715,-62.14383698
311.08856201,-54.10229111
311.27929688,-51.56070328
311.47003174,-54.60022354
311.66076660,-63.41800308
311.85150146,-63.89522171
312.04223633,-54.27499390
312.23297119,-54.28897476
312.42370605,-54.28100204
312.61444092,-54.15074921
312.80517578,-55.80981827
312.99591064,-56.96064758
313.18664551,-54.67309570
313.37738037,-52.49216080
313.56811523,-54.71932983
313.75885010,-57.80386353
313.94958496,-55.10337067
314.14031982,-57.87005997
314.33105469,-62.05650711
314.52178955,-62.71679688
314.71252441,-63.60450363
314.90325928,-60.23960114
315.09399414,-52.20876312
315.28472900,-49.29022980
315.47546387,-50.19307709
315.66619873,-52.27809525
315.85693359,-53.18308258
316.04766846,-55.02266312
316.23840332,-54.80453491
316.42913818,-63.01345444
316.61987305,-64.08553314
316.81060791,-62.98295593
317.00134277,-65.76142883
317.19207764,-64.79398346
317.38281250,-72.65386963
317.57354736,-57.92274094
317.76428223,-54.67496872
317.95501709,-55.78819275
318.14575195,-53.85005188
318.33648682,-52.09323502
318.52722168,-56.41550064
318.71795654,-56.35168457
318.90869141,-54.09772491
319.09942627,-64.81300354
319.29016113,-58.13717270
319.48089600,-62.21365356
319.67163086,-53.05321121
319.86236572,-50.92095947
320.05310059,-56.04691315
320.24383545,-58.20729065
320.43457031,-56.06247330
320.62530518,-62.81994629
320.81604004,-67.64648438
321.00677490,-66.11598206
321.19750977,-66.80306244
321.38824463,-64.31694794
321.57897949,-69.95205688
321.76971436,-59.66173172
321.96044922,-57.94191360
322.15118408,-58.28794479
322.34191895,-61.87379837
322.53265381,-58.78419876
322.72338867,-51.45306396
322.91412354,-52.83798599
323.10485840,-59.12192535
323.29559326,-61.93989563
323.48632812,-63.20613861
323.67706299,-65.57000732
323.86779785,-61.03702164
324.05853271,-64.63059235
324.24926758,-66.43339539
324.44000244,-59.06772232
324.63073730,-61.87129974
324.82147217,-62.29627609
325.01220703,-68.51354980
325.20294189,-64.09264374
325.39367676,-63.15035248
325.58441162,-52.91002274
325.77514648,-54.17291260
325.96588135,-50.70980072
326.15661621,-49.60188293
326.34735107,-50.78224564
326.53808594,-49.89076996
326.72882080,-48.65824890
326.91955566,-51.34633636
327.11029053,-54.76070404
327.30102539,-49.42582703
327.49176025,-50.67134857
327.68249512,-61.10681915
327.87322998,-52.97308350
328.06396484,-51.60164642
328.25469971,-54.41592407
328.44543457,-55.40237427
328.63616943,-53.61661530
328.82690430,-61.09383392
329.01763916,-57.23236847
329.20837402,-54.04093933
329.39910889,-53.20081711
329.58984375,-55.99706268
329.78057861,-58.70869064
329.97131348,-58.84746552
330.16204834,-59.24817657
330.35278320,-54.93313599
330.54351807,-52.76546097
330.73425293,-58.15187454
330.92498779,-71.42871857
331.11572266,-60.33782578
331.30645752,-55.73368454
331.49719238,-54.24455261
331.68792725,-53.02175903
331.87866211,-51.34406662
332.06939697,-52.93426895
332.26013184,-51.44945526
332.45086670,-49.53753662
332.64160156,-50.46953201
332.83233643,-55.44152069
333.02307129,-58.75339890
333.21380615,-54.74574661
333.40454102,-57.69198990
333.59527588,-58.47618484
333.78601074,-53.84601593
333.97674561,-52.85671234
334.16748047,-61.64609909
334.35821533,-58.63428116
334.54895020,-52.55498886
334.73968506,-50.83652115
334.93041992,-52.82155991
335.12115479,-60.60612488
335.31188965,-62.35208130
335.50262451,-57.39097214
335.69335938,-55.61369324
335.88409424,-59.93617630
336.07482910,-55.12161255
336.26556396,-55.02630234
336.45629883,-59.24616241
336.64703369,-59.49734116
336.83776855,-63.55268860
337.02850342,-59.19627762
337.21923828,-55.74432755
337.40997314,-55.56595612
337.60070801,-58.41267014
337.79144287,-57.14830399
337.98217773,-54.70115662
338.17291260,-52.85923004
338.36364746,-52.58195877
338.55438232,-51.44408417
338.74511719,-48.23327637
338.93585205,-48.64601135
339.12658691,-52.04724884
339.31732178,-54.43170547
339.50805664,-60.61947632
339.69879150,-64.72328186
339.88952637,-59.04335022
340.08026123,-56.91146851
340.27099609,-53.40027237
340.46173096,-51.04284286
340.65246582,-50.69958115
340.84320068,-54.62581635
341.03393555,-53.98680115
341.22467041,-53.00252533
341.41540527,-55.96160507
341.60614014,-78.76058197
341.79687500,-63.20375443
341.98760986,-63.52935410
342.17834473,-56.07419586
342.36907959,-60.34690475
342.55981445,-58.03152466
342.75054932,-59.42342758
342.94128418,-61.18274689
343.13201904,-61.16758347
343.32275391,-55.91802979
343.51348877,-50.51332092
343.70422363,-50.96395493
343.89495850,-57.78542328
344.08569336,-69.45246887
344.27642822,-67.83658600
344.46716309,-64.76448822
344.65789795,-55.35332489
344.84863281,-50.04825592
345.03936768,-49.40984726
345.23010254,-51.14000320
345.42083740,-54.56889725
345.61157227,-66.51477051
345.80230713,-64.26123047
345.99304199,-55.70831680
346.18377686,-54.79001999
346.37451172,-61.40193939
346.56524658,-61.65268707
346.75598145,-54.48520279
346.94671631,-59.74792480
347.13745117,-62.41817474
347.32818604,-56.26713181
347.51892090,-64.73792267
347.70965576,-62.73805237
347.90039062,-53.99190903
348.09112549,-50.49362183
348.28186035,-53.84381866
348.47259521,-55.19703293
348.66333008,-52.73497009
348.85406494,-54.16868210
349.04479980,-57.71279144
349.23553467,-51.43447876
349.42626953,-52.21956253
349.61700439,-60.22235489
349.80773926,-58.44972610
349.99847412,-57.64397430
350.18920898,-61.14234543
350.37994385,-51.25238419
350.57067871,-49.56774139
350.76141357,-55.04546356
350.95214844,-78.02326965
351.14288330,-65.30293274
351.33361816,-66.26717377
351.52435303,-65.43738556
351.71508789,-69.70035553
351.90582275,-60.91528320
352.09655762,-55.44265747
352.28729248,-56.07646942
352.47802734,-59.76552963
352.66876221,-65.77574158
352.85949707,-59.60488129
353.05023193,-61.04333878
353.24096680,-75.59464264
353.43170166,-66.74639130
353.62243652,-59.17787552
353.81317139,-58.01897049
354.00390625,-62.19503021
354.19464111,-73.32568359
354.38537598,-62.26646805
354.57611084,-52.74877548
354.76684570,-50.59329605
354.95758057,-54.36791992
355.14831543,-58.22032166
355.33905029,-76.86742401
355.52978516,-77.32404327
355.72052002,-63.75440979
355.91125488,-66.03194427
356.10198975,-59.79740524
356.29272461,-59.33589935
356.48345947,-59.73262787
356.67419434,-55.81512070
356.86492920,-54.66802216
357.05566406,-53.55536652
357.24639893,-52.30505371
357.43713379,-52.30275726
357.62786865,-53.38523102
357.81860352,-58.17178726
358.00933838,-62.09085846
358.20007324,-54.84821701
358.39080811,-50.28671265
358.58154297,-52.04436874
358.77227783,-56.90513611
358.96301270,-62.03311539
359.15374756,-54.42287827
359.34448242,-59.48244095
359.53521729,-60.87133789
359.72595215,-53.08420181
359.91668701,-51.31981277
360.10742188,-53.02273560
360.29815674,-53.57174683
360.48889160,-54.58278656
360.67962646,-57.89743042
360.87036133,-57.20026016
361.06109619,-59.95021057
361.25183105,-62.64696121
361.44256592,-61.62556076
361.63330078,-65.24446869
361.82403564,-65.97978210
362.01477051,-74.01025391
362.20550537,-61.46315002
362.39624023,-53.38353729
362.58697510,-48.72333145
362.77770996,-49.01356125
362.96844482,-56.64237213
363.15917969,-67.64181519
363.34991455,-60.77671432
363.54064941,-55.34633636
363.73138428,-53.22616196
363.92211914,-53.94649506
364.11285400,-56.69735718
364.30358887,-70.81575775
364.49432373,-57.65310287
364.68505859,-62.17157364
364.87579346,-55.21259689
365.06652832,-52.27103806
365.25726318,-53.20732117
365.44799805,-55.24585724
365.63873291,-57.67296600
365.82946777,-58.72442627
366.02020264,-62.05091095
366.21093750,-62.36338043
366.40167236,-54.57061005
366.59240723,-54.58007431
366.78314209,-56.67462158
366.97387695,-65.47253418
367.16461182,-62.13051605
367.35534668,-69.90219879
367.54608154,-54.78880310
367.73681641,-54.22426224
367.92755127,-74.48686218
368.11828613,-56.57390976
368.30902100,-54.47624969
368.49975586,-56.15032196
368.69049072,-63.85598755
368.88122559,-72.10045624
369.07196045,-65.29041290
369.26269531,-59.92771149
369.45343018,-57.43981934
369.64416504,-57.53316879
369.83489990,-54.78017807
370.02563477,-53.73832703
370.21636963,-58.56210709
370.40710449,-64.83538818
370.59783936,-52.96937943
370.78857422,-51.26902771
370.97930908,-54.60094070
371.17004395,-61.06716919
371.36077881,-64.19669342
371.55151367,-69.96350861
371.74224854,-58.20386505
371.93298340,-54.02780151
372.12371826,-57.47901535
372.31445312,-58.18944550
372.50518799,-58.21520233
372.69592285,-56.84217453
372.88665771,-55.93788910
373.07739258,-57.07512283
373.26812744,-60.49318314
373.45886230,-60.58499146
373.64959717,-54.88925171
373.84033203,-55.67270279
374.03106689,-54.56506348
374.22180176,-53.09012985
374.41253662,-54.49436188
374.60327148,-52.41414642
374.79400635,-54.56014633
374.98474121,-57.71045685
375.17547607,-54.12743378
375.36621094,-51.85840988
375.55694580,-55.76679611
375.74768066,-62.38250351
375.93841553,-57.79343033
376.12915039,-60.50819778
376.31988525,-54.24945068
376.51062012,-56.14620209
376.70135498,-58.71150208
376.89208984,-55.30021286
377.08282471,-61.70127106
377.27355957,-58.72759247
377.46429443,-60.89314270
377.65502930,-81.84675598
377.84576416,-61.38883972
378.03649902,-54.04278564
378.22723389,-50.69599915
378.41796875,-50.18626404
378.60870361,-52.26638794
378.79943848,-53.58102417
378.99017334,-53.93986130
379.18090820,-59.12026215
379.37164307,-59.92336273
379.56237793,-57.44697571
379.75311279,-55.06314850
379.94384766,-56.37478638
380.13458252,-61.56974792
380.32531738,-56.93578720
380.51605225,-52.14138031
380.70678711,-55.45357513
380.89752197,-65.91548157
381.08825684,-56.94472504
381.27899170,-54.13128662
381.46972656,-55.22239685
381.66046143,-54.05280685
381.85119629,-55.53737259
382.04193115,-63.68289948
382.23266602,-60.47649765
382.42340088,-53.92143250
382.61413574,-57.30318451
382.80487061,-69.03260803
382.99560547,-63.45318604
383.18634033,-77.90863037
383.37707520,-58.59624481
383.56781006,-56.05701447
383.75854492,-57.19184113
383.94927979,-60.18010712
384.14001465,-55.58170700
384.33074951,-52.82126999
384.52148438,-54.01724243
384.71221924,-57.27115250
384.90295410,-62.81759262
385.09368896,-72.22080231
385.28442383,-67.93325043
385.47515869,-68.70561218
385.66589355,-63.92640686
385.85662842,-56.41197586
386.04736328,-55.69841385
386.23809814,-75.65402222
386.42883301,-57.08958054
386.61956787,-58.50563431
386.81030273,-57.55627060
387.00103760,-56.34944534
387.19177246,-58.26607132
387.38250732,-56.71120453
387.57324219,-61.03283691
387.76397705,-62.87871552
387.95471191,-66.81342316
388.14544678,-58.21023560
388.33618164,-58.57294083
388.52691650,-60.72998428
388.71765137,-59.05296707
388.90838623,-56.35871124
389.09912109,-55.64143753
389.28985596,-58.98635101
389.48059082,-57.77230072
389.67132568,-55.16224670
389.86206055,-55.48026276
390.05279541,-54.34170151
390.24353027,-52.72130585
390.43426514,-53.48894119
390.62500000,-53.79265213
390.81573486,-58.21240997
391.00646973,-57.44731903
391.19720459,-51.96449280
391.38793945,-56.75339508
391.57867432,-54.82529449
391.76940918,-52.13525772
391.96014404,-60.56488419
392.15087891,-65.13243866
392.34161377,-62.47228622
392.53234863,-58.50815582
392.72308350,-52.32808685
392.91381836,-51.50390244
393.10455322,-52.12161636
393.29528809,-51.75755310
393.48602295,-48.82173538
393.67675781,-49.01381683
393.86749268,-55.04363632
394.05822754,-60.94677734
394.24896240,-66.12582397
394.43969727,-62.51623154
394.63043213,-65.96397400
394.82116699,-53.82398605
395.01190186,-52.11927795
395.20263672,-55.51124954
395.39337158,-54.29409409
395.58410645,-51.27096558
395.77484131,-51.18682480
395.96557617,-52.03612518
396.15631104,-52.29153442
396.34704590,-54.32664871
396.53778076,-66.71160889
396.72851562,-66.99880981
396.91925049,-57.95827866
397.10998535,-56.17075348
397.30072021,-72.16934204
397.49145508,-61.84413910
397.68218994,-55.52527618
397.87292480,-55.60797119
398.06365967,-64.53547668
398.25439453,-55.96488190
398.44512939,-55.03023529
398.63586426,-59.47529221
398.82659912,-72.97028351
399.01733398,-66.52581024
399.20806885,-58.44615936
399.39880371,-55.37604904
399.58953857,-65.31616211
399.78027344,-62.49198914
399.97100830,-57.38642883
400.16174316,-56.98674011
400.35247803,-57.61320114
400.54321289,-61.67875671
400.73394775,-62.98732376
400.92468262,-63.33416748
401.11541748,-65.60994720
401.30615234,-84.34088898
401.49688721,-54.99562836
401.68762207,-52.29195023
401.87835693,-56.09656525
402.06909180,-54.12557983
402.25982666,-49.53716278
402.45056152,-50.88363647
402.64129639,-57.22856140
402.83203125,-59.12792587
403.02276611,-71.37785339
403.21350098,-57.79409027
403.40423584,-59.05534363
403.59497070,-59.43555832
403.78570557,-66.12575531
403.97644043,-54.94248199
404.16717529,-51.96786499
404.35791016,-62.45303345
404.54864502,-53.89949036
404.73937988,-53.38329697
404.93011475,-60.41490555
405.12084961,-63.94616699
405.31158447,-68.66234589
405.50231934,-62.27182770
405.69305420,-56.83000565
405.88378906,-56.34584808
406.07452393,-53.40195465
406.26525879,-52.77766800
406.45599365,-55.69682693
406.64672852,-64.92043304
406.83746338,-62.88570786
407.02819824,-59.24379349
407.21893311,-61.57715607
407.40966797,-57.09952545
407.60040283,-55.56264877
407.79113770,-54.69920731
407.98187256,-63.53034973
408.17260742,-59.14141846
408.36334229,-55.94539261
408.55407715,-50.59463120
408.74481201,-50.93559647
408.93554688,-55.39271927
409.12628174,-64.53630066
409.31701660,-66.38710022
409.50775146,-62.90070343
409.69848633,-76.65912628
409.88922119,-67.70602417
410.07995605,-65.15740967
410.27069092,-65.91555786
410.46142578,-76.18756866
410.65216064,-54.86923218
410.84289551,-51.56405640
411.03363037,-56.87309647
411.22436523,-65.85066223
411.41510010,-60.29838943
411.60583496,-67.57722473
411.79656982,-70.39732361
411.98730469,-56.30482483
412.17803955,-52.25909805
412.36877441,-52.40970993
412.55950928,-57.59904861
412.75024414,-59.51868057
412.94097900,-61.35925674
413.13171387,-69.46707153
413.32244873,-56.72204971
413.51318359,-56.85316467
413.70391846,-59.80294800
413.89465332,-54.34165192
414.08538818,-51.76742554
414.27612305,-51.87083817
414.46685791,-51.51482010
414.65759277,-58.69403839
414.84832764,-57.78900528
415.03906250,-52.42830276
415.22979736,-54.85525513
415.42053223,-61.45973969
415.61126709,-56.57096863
415.80200195,-59.79296112
415.99273682,-65.30308533
416.18347168,-60.33722687
416.37420654,-61.15364838
416.56494141,-62.02495193
416.75567627,-57.90512848
416.94641113,-52.99665833
417.13714600,-52.10697556
417.32788086,-56.31195068
417.51861572,-65.60596466
417.70935059,-81.90516663
417.90008545,-56.84808350
418.09082031,-52.72430038
418.28155518,-59.30078888
418.47229004,-57.20141983
418.66302490,-62.07723618
418.85375977,-63.65131760
419.04449463,-65.75192261
419.23522949,-60.48862076
419.42596436,-54.49688721
419.61669922,-55.12810135
419.80743408,-60.73200989
419.99816895,-57.88560486
420.18890381,-53.68139267
420.37963867,-56.64183807
420.57037354,-56.49629974
420.76110840,-66.22733307
420.95184326,-66.00255585
421.14257812,-66.38995361
421.33331299,-64.47343445
421.52404785,-57.67804718
421.71478271,-57.77038193
421.90551758,-58.35504532
422.09625244,-58.17929077
422.28698730,-60.16681671
422.47772217,-57.67731094
422.66845703,-54.91421127
422.85919189,-52.84850311
423.04992676,-54.44969177
423.24066162,-62.74364090
423.43139648,-67.02500153
423.62213135,-57.21685028
423.81286621,-56.05788803
424.00360107,-58.87862396
424.19433594,-56.43762970
424.38507080,-53.52801895
424.57580566,-52.47663116
424.76654053,-53.96085358
424.95727539,-57.55474091
425.14801025,-57.44249344
425.33874512,-54.81123352
425.52947998,-56.40670395
425.72021484,-57.84857178
425.91094971,-60.77439117
426.10168457,-66.05323029
426.29241943,-55.78120804
426.48315430,-58.59286880
426.67388916,-56.02507019
426.86462402,-53.67794800
427.05535889,-58.14874268
427.24609375,-71.20520782
427.43682861,-56.62492371
427.62756348,-57.03454971
427.81829834,-60.03350830
428.00903320,-61.42969513
428.19976807,-58.42271805
428.39050293,-54.57222748
428.58123779,-56.49113464
428.77197266,-57.95266724
428.96270752,-52.97253036
429.15344238,-52.72151566
429.34417725,-58.18091965
429.53491211,-67.30697632
429.72564697,-68.49188232
429.91638184,-58.80515671
430.10711670,-59.80692291
430.29785156,-59.21437836
430.48858643,-60.53667068
430.67932129,-65.60411072
430.87005615,-65.64421844
431.06079102,-54.67312622
431.25152588,-49.36304092
431.44226074,-48.99910736
431.63299561,-53.24886322
431.82373047,-52.29662323
432.01446533,-53.94448853
432.20520020,-62.24190140
432.39593506,-65.50333405
432.58666992,-55.54946136
432.77740479,-51.56952667
432.96813965,-54.41792297
433.15887451,-64.05355072
433.34960938,-66.16193390
433.54034424,-60.86699677
433.73107910,-54.89647675
433.92181396,-52.48912048
434.11254883,-57.92065430
434.30328369,-60.85649490
434.49401855,-65.46456909
434.68475342,-59.71515274
434.87548828,-59.07478714
435.06622314,-54.81777191
435.25695801,-54.44119263
435.44769287,-62.73358917
435.63842773,-59.13681412
435.82916260,-53.15365219
436.01989746,-53.80410767
436.21063232,-54.43513870
436.40136719,-52.99037170
436.59210205,-55.95777893
436.78283691,-57.24004364
436.97357178,-56.00904465
437.16430664,-56.66395187
437.35504150,-58.19973755
437.54577637,-57.94990158
437.73651123,-52.96878815
437.92724609,-51.15850067
438.11798096,-53.44909286
438.30871582,-52.62639618
438.49945068,-57.48782730
438.69018555,-61.80921555
438.88092041,-53.02967453
439.07165527,-51.71353912
439.26239014,-57.08819580
439.45312500,-64.17299652
439.64385986,-59.71613312
439.83459473,-59.47715378
440.02532959,-61.15506744
440.21606445,-59.48262024
440.40679932,-60.83808899
440.59753418,-58.04534149
440.78826904,-57.62749100
440.97900391,-57.15305328
441.16973877,-58.37151337
441.36047363,-61.09548187
441.55120850,-62.62773514
441.74194336,-65.88179779
441.93267822,-59.36250687
442.12341309,-56.46102142
442.31414795,-55.67279816
442.50488281,-52.69317245
442.69561768,-53.19757462
442.88635254,-65.24029541
443.07708740,-59.77711105
443.26782227,-59.43710709
443.45855713,-59.64389420
443.64929199,-57.98088074
443.84002686,-60.22792053
444.03076172,-62.28347015
444.22149658,-57.59534836
444.41223145,-54.37248230
444.60296631,-54.34395599
444.79370117,-54.35052490
444.98443604,-56.73097992
445.17517090,-56.01134872
445.36590576,-54.92731094
445.55664062,-64.21153259
445.74737549,-57.60314560
445.93811035,-55.24862289
446.12884521,-59.17763138
446.31958008,-61.52243042
446.51031494,-62.35293961
446.70104980,-61.30271530
446.89178467,-56.13969803
447.08251953,-57.01719666
447.27325439,-56.22752380
447.46398926,-58.95264053
447.65472412,-64.57104492
447.84545898,-76.93750000
448.03619385,-61.10314941
448.22692871,-56.10318756
448.41766357,-56.32939148
448.60839844,-59.97021484
448.79913330,-60.48057938
448.98986816,-56.51933289
449.18060303,-50.56204987
449.37133789,-54.23591232
449.56207275,-59.34915161
449.75280762,-53.38405228
449.94354248,-54.65004730
450.13427734,-60.05208969
450.32501221,-55.24169159
450.51574707,-53.00079727
450.70648193,-55.84015656
450.89721680,-71.72067261
451.08795166,-58.35964966
451.27868652,-56.51236725
451.46942139,-58.32088089
451.66015625,-59.31322098
451.85089111,-59.44439697
452.04162598,-59.02665710
452.23236084,-58.60328674
452.42309570,-66.06575775
452.61383057,-53.84495544
452.80456543,-53.90951157
452.99530029,-58.13212967
453.18603516,-57.73817444
453.37677002,-59.87899399
453.56750488,-52.50328064
453.75823975,-51.96707153
453.94897461,-50.15278244
454.13970947,-49.84996796
454.33044434,-55.56243515
454.52117920,-59.04358292
454.71191406,-59.85203171
454.90264893,-74.78504944
455.09338379,-69.46755219
455.28411865,-63.66403961
455.47485352,-57.28420258
455.66558838,-57.84981537
455.85632324,-60.11923981
456.04705811,-57.70412064
456.23779297,-57.89642715
456.42852783,-64.98403931
456.61926270,-60.73507309
456.80999756,-68.24362183
457.00073242,-69.02870178
457.19146729,-72.71758270
457.38220215,-66.11509705
457.57293701,-60.33422852
457.76367188,-59.44051743
457.95440674,-54.50237274
458.14514160,-52.99021912
458.33587646,-55.43873596
458.52661133,-63.02114105
458.71734619,-77.25363159
458.90808105,-57.66879272
459.09881592,-53.98922348
459.28955078,-54.75622559
459.48028564,-58.74855804
459.67102051,-59.91447830
459.86175537,-54.45247650
460.05249023,-59.25590515
460.24322510,-59.27877426
460.43395996,-52.05418015
460.62469482,-53.70722198
460.81542969,-57.48136902
461.00616455,-61.54588699
461.19689941,-59.13176727
461.38763428,-52.55496979
461.57836914,-54.47973251
461.76910400,-59.58801270
461.95983887,-58.41298676
462.15057373,-58.67898560
462.34130859,-57.52724457
462.53204346,-63.90455627
462.72277832,-59.43800354
462.91351318,-51.79574966
463.10424805,-49.86231995
463.29498291,-53.00766373
463.48571777,-68.18473816
463.67645264,-62.39431000
463.86718750,-58.44934082
464.05792236,-60.49923706
464.24865723,-71.76418304
464.43939209,-64.25112915
464.63012695,-55.47220230
464.82086182,-52.27553940
465.01159668,-53.93333054
465.20233154,-59.86124039
465.39306641,-64.94178009
465.58380127,-56.70815277
465.77453613,-52.40264511
465.96527100,-53.48282242
466.15600586,-59.96591949
466.34674072,-67.88047028
466.53747559,-63.38640213
466.72821045,-57.71274567
466.91894531,-54.82738113
467.10968018,-54.05122757
467.30041504,-56.91947937
467.49114990,-61.23711014
467.68188477,-64.62782288
467.87261963,-62.81152725
468.06335449,-65.76149750
468.25408936,-57.42771530
468.44482422,-58.64347076
468.63555908,-61.87683868
468.82629395,-54.80662537
469.01702881,-69.42297363
469.20776367,-56.14449310
469.39849854,-61.89523697
469.58923340,-57.13474274
469.77996826,-57.26356506
469.97070312,-54.79660416
470.16143799,-55.54727173
470.35217285,-63.83789062
470.54290771,-58.52408981
470.73364258,-57.54616547
470.92437744,-56.46465683
471.11511230,-55.08459473
471.30584717,-56.39125824
471.49658203,-57.48971558
471.68731689,-55.85375977
471.87805176,-59.73654938
472.06878662,-62.61667633
472.25952148,-79.20443726
472.45025635,-61.65618515
472.64099121,-54.54032898
472.83172607,-54.02802277
473.02246094,-57.77190399
473.21319580,-55.59911346
473.40393066,-54.89060211
473.59466553,-65.12697601
473.78540039,-72.65203094
473.97613525,-69.23133850
474.16687012,-73.54702759
474.35760498,-55.63272095
474.54833984,-56.17955017
474.73907471,-61.67697525
474.92980957,-52.49838257
475.12054443,-53.62839508
475.31127930,-58.41430664
475.50201416,-60.27592468
475.69274902,-58.43278885
475.88348389,-57.64646149
476.07421875,-62.94310760
476.26495361,-60.19817734
476.45568848,-55.28342819
476.64642334,-63.13350296
476.83715820,-58.85886765
477.02789307,-51.76931763
477.21862793,-50.47294998
477.40936279,-54.06232834
477.60009766,-61.06879425
477.79083252,-59.89957428
477.98156738,-62.83144379
478.17230225,-57.26688385
478.36303711,-57.63478088
478.55377197,-57.48596191
478.74450684,-57.06364441
478.93524170,-55.33712769
479.12597656,-51.79692078
479.31671143,-52.51068497
479.50744629,-54.77294540
479.69818115,-58.02726364
479.88891602,-60.57933044
480.07965088,-58.50359344
480.27038574,-61.05699921
480.46112061,-58.93376923
480.65185547,-57.60603333
480.84259033,-54.32575226
481.03332520,-53.69276428
481.22406006,-55.19900894
481.41479492,-59.66811371
481.60552979,-65.77374268
481.79626465,-60.19313812
481.98699951,-65.01741028
482.17773438,-63.19026947
482.36846924,-76.51969147
482.55920410,-62.31157303
482.74993896,-59.55424881
482.94067383,-57.97875977
483.13140869,-54.22013092
483.32214355,-55.51721191
483.51287842,-70.23448181
483.70361328,-60.72380829
483.89434814,-59.56815338
484.08508301,-66.01328278
484.27581787,-57.82231903
484.46655273,-56.32768631
484.65728760,-56.51206207
484.84802246,-80.07979584
485.03875732,-56.66312790
485.22949219,-61.78623199
485.42022705,-55.29515076
485.61096191,-53.96896744
485.80169678,-57.01400375
485.99243164,-59.09494781
486.18316650,-52.79414749
486.37390137,-50.47037506
486.56463623,-54.08164215
486.75537109,-55.00454712
486.94610596,-54.85933304
487.13684082,-58.58598328
487.32757568,-64.98592377
487.51831055,-63.08430099
487.70904541,-64.92345428
487.89978027,-54.20383453
488.09051514,-53.70517349
488.28125000,-54.88552475
488.47198486,-53.73872757
488.66271973,-55.92436981
488.85345459,-57.48173141
489.04418945,-70.74826050
489.23492432,-60.80357361
489.42565918,-56.17926788
489.61639404,-54.63489151
489.80712891,-60.61550903
489.99786377,-61.01515961
490.18859863,-61.04408646
490.37933350,-62.39915848
490.57006836,-60.74230194
490.76080322,-69.10589600
490.95153809,-56.94881439
491.14227295,-58.85592651
491.33300781,-69.01403046
491.52374268,-67.88382721
491.71447754,-65.42208862
491.90521240,-59.71051788
492.09594727,-61.61141968
492.28668213,-65.85150909
492.47741699,-56.24000168
492.66815186,-52.54459381
492.85888672,-51.02515793
493.04962158,-52.57974243
493.24035645,-52.90090179
493.43109131,-55.04653549
493.62182617,-64.60708618
493.81256104,-70.12841034
494.00329590,-65.58314514
494.19403076,-58.70843506
494.38476562,-58.16935730
494.57550049,-59.61730957
494.76623535,-62.50918961
494.95697021,-57.43530273
495.14770508,-52.66912842
495.33843994,-51.33734894
495.52917480,-54.37837601
495.71990967,-60.19005203
495.91064453,-55.89796066
496.10137939,-50.28567505
496.29211426,-49.76562119
496.48284912,-56.46041107
496.67358398,-64.90119171
496.86431885,-58.42213440
497.05505371,-54.24163818
497.24578857,-50.35443115
497.43652344,-51.98730087
497.62725830,-64.90625000
497.81799316,-61.05575943
498.00872803,-62.97088623
498.19946289,-56.50240326
498.39019775,-53.78887558
498.58093262,-56.29896545
498.77166748,-64.34277344
498.96240234,-53.75273132
499.15313721,-54.89196014
499.34387207,-62.42843628
499.53460693,-65.43211365
499.72534180,-63.54675674
499.91607666,-63.73928070
500.10681152,-60.22996521
500.29754639,-57.28657150
500.48828125,-62.61161804
500.67901611,-63.94974518
500.86975098,-60.18701172
501.06048584,-67.60304260
501.25122070,-57.70114136
501.44195557,-64.60267639
501.63269043,-58.58277893
501.82342529,-54.28465271
502.01416016,-52.15116501
502.20489502,-51.86154175
502.39562988,-56.50899887
502.58636475,-62.67164612
502.77709961,-60.73645020
502.96783447,-63.93612671
503.15856934,-52.34867859
503.34930420,-49.36769867
503.54003906,-50.93987274
503.73077393,-69.81410217
503.92150879,-53.70678329
504.11224365,-50.71525955
504.30297852,-49.57191849
504.49371338,-50.54406738
504.68444824,-57.05947876
504.87518311,-61.79473114
505.06591797,-56.37149811
505.25665283,-57.51474380
505.44738770,-57.59136581
505.63812256,-58.49938202
505.82885742,-57.38877869
506.01959229,-56.71384430
506.21032715,-62.66537094
506.40106201,-57.01968765
506.59179688,-54.19647980
506.78253174,-53.53111267
506.97326660,-58.47310638
507.16400146,-60.24266815
507.35473633,-55.73734283
507.54547119,-55.98815918
507.73620605,-60.47998047
507.92694092,-65.77703857
508.11767578,-61.28939819
508.30841064,-58.35932922
508.49914551,-58.21516037
508.68988037,-59.89116287
508.88061523,-72.85514069
509.07135010,-61.49827957
509.26208496,-60.63267136
509.45281982,-60.40804291
509.64355469,-61.38488388
509.83428955,-58.50959015
510.02502441,-59.54112244
510.21575928,-57.04666901
510.40649414,-55.20991898
510.59722900,-57.26652145
510.78796387,-62.40934372
510.97869873,-70.31760406
511.16943359,-55.29138565
511.36016846,-52.18494034
511.55090332,-52.76305389
511.74163818,-53.71408463
511.93237305,-56.72777557
512.12310791,-64.26856232
512.31384277,-57.17158508
512.50457764,-53.84294128
512.69531250,-54.05636597
512.88604736,-54.87933731
513.07678223,-58.59236145
513.26751709,-61.41588211
513.45825195,-60.67586517
513.64898682,-67.86414337
513.83972168,-60.76090240
514.03045654,-55.33367920
514.22119141,-55.33467865
514.41192627,-58.57144165
514.60266113,-61.20309448
514.79339600,-54.67237091
514.98413086,-53.20478439
515.17486572,-55.21913528
515.36560059,-53.79794693
515.55633545,-52.76527405
515.74707031,-51.78466797
515.93780518,-53.21022797
516.12854004,-54.64288330
516.31927490,-53.79515076
516.51000977,-52.87998199
516.70074463,-56.55610657
516.89147949,-70.68323517
517.08221436,-59.11310577
517.27294922,-52.01964951
517.46368408,-49.34998322
517.65441895,-52.41828537
517.84515381,-57.12451935
518.03588867,-57.39198303
518.22662354,-63.13046265
518.41735840,-63.60965347
518.60809326,-62.78028870
518.79882812,-67.21124268
518.98956299,-64.13684082
519.18029785,-55.70624542
519.37103271,-52.34416199
519.56176758,-52.72592545
519.75250244,-56.85027313
519.94323730,-64.51448059
520.13397217,-66.01005554
520.32470703,-57.96515656
520.51544189,-50.57037354
520.70617676,-47.51474380
520.89691162,-51.93466568
521.08764648,-67.47686768
521.27838135,-56.63542938
521.46911621,-57.20358276
521.65985107,-65.09522247
521.85058594,-85.55702209
522.04132080,-64.34114075
522.23205566,-57.45238876
522.42279053,-57.26596832
522.61352539,-56.61475372
522.80426025,-54.85782623
522.99499512,-53.03165436
523.18572998,-52.64716339
523.37646484,-56.72156906
523.56719971,-60.21771240
523.75793457,-55.47671890
523.94866943,-52.45478821
524.13940430,-57.23605728
524.33013916,-61.23309708
524.52087402,-66.84555054
524.71160889,-55.58792496
524.90234375,-50.89879608
525.09307861,-51.58427429
525.28381348,-57.95485687
525.47454834,-80.22994995
525.66528320,-62.29588318
525.85601807,-61.77304077
526.04675293,-68.28715515
526.23748779,-70.02402496
526.42822266,-59.42943573
526.61895752,-56.32560349
526.80969238,-56.74732208
527.00042725,-62.14314270
527.19116211,-58.52924347
527.38189697,-52.88839340
527.57263184,-52.44497681
527.76336670,-58.81063080
527.95410156,-58.80429840
528.14483643,-53.66095734
528.33557129,-57.85269928
528.52630615,-66.25665283
528.71704102,-58.34261322
528.90777588,-60.07168579
529.09851074,-55.99006653
529.28924561,-51.53253555
529.47998047,-50.69129181
529.67071533,-51.34512329
529.86145020,-52.91727448
530.05218506,-57.98200989
530.24291992,-68.68995667
530.43365479,-62.27660751
530.62438965,-53.42870712
530.81512451,-49.42369461
531.00585938,-49.77239990
531.19659424,-53.70028687
531.38732910,-56.94764709
531.57806396,-56.18420029
531.76879883,-56.33639908
531.95953369,-59.24301910
532.15026855,-64.14979553
532.34100342,-62.53712082
532.53173828,-61.25695801
532.72247314,-66.72662354
532.91320801,-63.01706696
533.10394287,-54.97545242
533.29467773,-55.96974945
533.48541260,-57.32908630
533.67614746,-51.62657166
533.86688232,-53.92610168
534.05761719,-63.07892227
534.24835205,-55.56605530
534.43908691,-56.58261871
534.62982178,-55.97947693
534.82055664,-56.13603210
535.01129150,-71.88789368
535.20202637,-58.37635803
535.39276123,-55.69409943
535.58349609,-57.39248276
535.77423096,-80.86910248
535.96496582,-62.64704132
536.15570068,-72.33811951
536.34643555,-62.53870010
536.53717041,-58.26953888
536.72790527,-54.12407303
536.91864014,-54.07049179
537.10937500,-53.16876984
537.30010986,-54.18268585
537.49084473,-58.41982269
537.68157959,-79.13839722
537.87231445,-59.77984619
538.06304932,-57.44557190
538.25378418,-58.91115189
538.44451904,-63.97076035
538.63525391,-64.26464844
538.82598877,-61.06740952
539.01672363,-60.15212250
539.20745850,-56.98266983
539.39819336,-55.12081528
539.58892822,-59.17332077
539.77966309,-61.22056580
539.97039795,-52.96603775
540.16113281,-52.74702454
540.35186768,-65.37542725
540.54260254,-55.56156158
540.73333740,-52.04376221
540.92407227,-58.16528702
541.11480713,-65.34080505
541.30554199,-56.95082092
541.49627686,-56.83491135
541.68701172,-79.42521667
541.87774658,-54.20479202
542.06848145,-51.06374741
542.25921631,-52.33185577
542.44995117,-58.68375397
542.64068604,-55.58464050
542.83142090,-54.50347137
543.02215576,-79.57943726
543.21289062,-68.55686951
543.40362549,-56.18532562
543.59436035,-54.85309219
543.78509521,-56.85905457
543.97583008,-52.52347565
544.16656494,-58.98490906
544.35729980,-61.23344040
544.54803467,-62.50688934
544.73876953,-60.89382172
544.92950439,-54.72484207
545.12023926,-60.37414551
545.31097412,-53.98869324
545.50170898,-52.65177917
545.69244385,-53.45524216
545.88317871,-55.42494965
546.07391357,-61.10064697
546.26464844,-58.71974564
546.45538330,-65.63047028
546.64611816,-62.62427902
546.83685303,-58.13331985
547.02758789,-58.65028000
547.21832275,-64.03000641
547.40905762,-62.06929779
547.59979248,-64.59284210
547.79052734,-60.40842056
547.98126221,-69.17689514
548.17199707,-59.14992523
548.36273193,-65.57685089
548.55346680,-56.95483398
548.74420166,-54.35829544
548.93493652,-62.20033264
549.12567139,-62.71737671
549.31640625,-60.81656647
549.50714111,-61.44454193
549.69787598,-57.68594742
549.88861084,-57.66634369
550.07934570,-59.62976456
550.27008057,-54.74899292
550.46081543,-53.63514709
550.65155029,-54.21613312
550.84228516,-55.32357788
551.03302002,-55.22627258
551.22375488,-59.99113083
551.41448975,-64.85993958
551.60522461,-68.39903259
551.79595947,-60.20629883
551.98669434,-53.07577133
552.17742920,-52.47956085
552.36816406,-51.74543381
552.55889893,-49.76215744
552.74963379,-52.66115570
552.94036865,-64.91884613
553.13110352,-58.22632599
553.32183838,-60.22255707
553.51257324,-59.24243164
553.70330811,-57.19314575
553.89404297,-54.23302078
554.08477783,-60.32276154
554.27551270,-57.53746033
554.46624756,-52.75997925
554.65698242,-49.80516052
554.84771729,-49.18094254
555.03845215,-53.15012360
555.22918701,-63.45739365
555.41992188,-60.20277405
555.61065674,-53.45182419
555.80139160,-54.25863647
555.99212646,-56.21253586
556.18286133,-57.99176788
556.37359619,-58.55750275
556.56433105,-52.35361481
556.75506592,-57.13182449
556.94580078,-54.20978546
557.13653564,-50.81608582
557.32727051,-53.12431717
557.51800537,-53.80685806
557.70874023,-52.57410049
557.89947510,-53.40621567
558.09020996,-57.61878967
558.28094482,-55.62452698
558.47167969,-56.71215057
558.66241455,-58.55050659
558.85314941,-61.24899292
559.04388428,-61.90451050
559.23461914,-59.25049210
559.42535400,-57.78014755
559.61608887,-55.31569672
559.80682373,-50.42003250
559.99755859,-51.40066147
560.18829346,-55.77013016
560.37902832,-51.14266205
560.56976318,-51.40759277
560.76049805,-59.28915024
560.95123291,-53.54515839
561.14196777,-47.24869156
561.33270264,-47.96102142
561.52343750,-50.59088898
561.71417236,-54.88517380
561.90490723,-58.97377014
562.09564209,-55.43851852
562.28637695,-51.00211334
562.47711182,-49.94332123
562.66784668,-50.63983154
562.85858154,-50.71052170
563.04931641,-51.36276627
563.24005127,-57.67771912
563.43078613,-55.54475403
563.62152100,-51.64997101
563.81225586,-51.56540680
564.00299072,-54.22253418
564.19372559,-70.12082672
564.38446045,-59.67882538
564.57519531,-67.65184021
564.76593018,-55.89550018
564.95666504,-53.38186264
565.14739990,-54.04049683
565.33813477,-52.36054230
565.52886963,-53.94796753
565.71960449,-60.94569397
565.91033936,-60.76347733
566.10107422,-54.26354980
566.29180908,-54.94176865
566.48254395,-56.06884003
566.67327881,-54.47820663
566.86401367,-55.50217438
567.05474854,-56.83392334
567.24548340,-57.89370728
567.43621826,-66.83526611
567.62695312,-59.93040466
567.81768799,-59.79479980
568.00842285,-56.80057907
568.19915771,-58.85956192
568.38989258,-53.81266022
568.58062744,-53.96620178
568.77136230,-52.61243439
568.96209717,-52.69940186
569.15283203,-60.03698730
569.34356689,-66.46760559
569.53430176,-60.22212601
569.72503662,-61.40640640
569.91577148,-53.76096344
570.10650635,-58.06467056
570.29724121,-54.19500351
570.48797607,-50.53354263
570.67871094,-55.80973053
570.86944580,-59.63481903
571.06018066,-54.77117157
571.25091553,-53.65843201
571.44165039,-53.44166565
571.63238525,-52.98580933
571.82312012,-53.60935974
572.01385498,-56.20044708
572.20458984,-58.67372894
572.39532471,-52.27926636
572.58605957,-50.69699860
572.77679443,-53.59388733
572.96752930,-57.24813461
573.15826416,-66.40588379
573.34899902,-59.49060059
573.53973389,-56.77066040
573.73046875,-63.45857620
573.92120361,-69.96750641
574.11193848,-61.54718018
574.30267334,-62.20848083
574.49340820,-58.94130325
574.68414307,-52.29701996
574.87487793,-53.62442017
575.06561279,-56.22874451
575.25634766,-58.20896530
575.44708252,-55.79246140
575.63781738,-52.71974564
575.82855225,-59.05883408
576.01928711,-62.59493256
576.21002197,-56.89903259
576.40075684,-52.78346634
576.59149170,-51.94181061
576.78222656,-57.21816254
576.97296143,-68.80902100
577.16369629,-66.17870331
577.35443115,-67.38182831
577.54516602,-63.25114441
577.73590088,-64.58075714
577.92663574,-59.38321686
578.11737061,-53.43982697
578.30810547,-53.16855621
578.49884033,-57.13126373
578.68957520,-59.44241333
578.88031006,-51.88628387
579.07104492,-54.38377762
579.26177979,-66.49632263
579.45251465,-54.73938370
579.64324951,-50.69660187
579.83398438,-51.62325287
580.02471924,-59.26185226
580.21545410,-61.90605545
580.40618896,-59.58330536
580.59692383,-58.84476089
580.78765869,-55.30963135
580.97839355,-58.15515518
581.16912842,-60.03742981
581.35986328,-53.74705505
581.55059814,-53.79351807
581.74133301,-62.93511200
581.93206787,-60.35260010
582.12280273,-53.96003342
582.31353760,-55.04184723
582.50427246,-63.07454681
582.69500732,-57.50298309
582.88574219,-66.84734344
583.07647705,-57.99325943
583.26721191,-56.18459320
583.45794678,-66.09252167
583.64868164,-64.86469269
583.83941650,-60.75659180
584.03015137,-60.72809601
584.22088623,-57.20206451
584.41162109,-55.85992813
584.60235596,-68.67733765
584.79309082,-62.24319077
584.98382568,-56.77562714
585.17456055,-60.33807373
585.36529541,-69.80763245
585.55603027,-63.09297180
585.74676514,-65.63554382
585.93750000,-55.25728226
586.12823486,-52.13755035
586.31896973,-55.74794006
586.50970459,-61.24368668
586.70043945,-59.40077209
586.89117432,-62.45460129
587.08190918,-59.05772781
587.27264404,-57.49605179
587.46337891,-57.23645020
587.65411377,-54.16778564
587.84484863,-51.21501541
588.03558350,-51.97992706
588.22631836,-52.35348129
588.41705322,-51.84865952
588.60778809,-50.94178772
588.79852295,-51.18568802
588.98925781,-55.78263855
589.17999268,-57.77151489
589.37072754,-63.05239105
589.56146240,-62.39262009
589.75219727,-60.72891235
589.94293213,-66.46201324
590.13366699,-59.91173553
590.32440186,-53.04834747
590.51513672,-50.47680283
590.70587158,-52.12110519
590.89660645,-56.56061172
591.08734131,-56.48281479
591.27807617,-54.81933594
591.46881104,-60.11695099
591.65954590,-52.38536835
591.85028076,-57.44914627
592.04101562,-65.97738647
592.23175049,-66.34386444
592.42248535,-56.25651932
592.61322021,-54.73217010
592.80395508,-59.43952942
592.99468994,-58.09259415
593.18542480,-65.28153229
593.37615967,-55.32176590
593.56689453,-50.65180206
593.75762939,-53.55867386
593.94836426,-55.67312622
594.13909912,-56.27091980
594.32983398,-67.06061554
594.52056885,-60.77587128
594.71130371,-62.98063278
594.90203857,-59.67068100
595.09277344,-61.13865662
595.28350830,-55.83166504
595.47424316,-51.56143188
595.66497803,-51.04205322
595.85571289,-53.20369339
596.04644775,-56.84675598
596.23718262,-60.50367355
596.42791748,-62.02238464
596.61865234,-71.86623383
596.80938721,-61.85737228
597.00012207,-63.31446838
597.19085693,-65.37119293
597.38159180,-64.88103485
597.57232666,-61.23783112
597.76306152,-57.40563965
597.95379639,-58.82628632
598.14453125,-66.71098328
598.33526611,-61.10750580
598.52600098,-59.40401459
598.71673584,-59.45317078
598.90747070,-53.69709396
599.09820557,-53.52317047
599.28894043,-56.33643723
599.47967529,-58.45542908
599.67041016,-55.88095856
599.86114502,-52.71650314
600.05187988,-54.43859100
600.24261475,-57.98457336
600.43334961,-56.05548859
600.62408447,-52.51902008
600.81481934,-52.67772293
601.00555420,-58.20108795
601.19628906,-58.13806534
601.38702393,-53.36932755
601.57775879,-57.25231934
601.76849365,-58.46561813
601.95922852,-53.67279816
602.14996338,-57.40225220
602.34069824,-63.46065140
602.53143311,-55.74209595
602.72216797,-59.95837784
602.91290283,-58.18569946
603.10363770,-55.42470932
603.29437256,-60.96841812
603.48510742,-70.69775391
603.67584229,-57.80902863
603.86657715,-56.85554504
604.05731201,-58.72271729
604.24804688,-56.05090332
604.43878174,-53.53466797
604.62951660,-52.51091385
604.82025146,-55.23451233
605.01098633,-74.51402283
605.20172119,-60.09888077
605.39245605,-64.01568604
605.58319092,-75.40480804
605.77392578,-59.21321487
605.96466064,-56.03266144
606.15539551,-56.85474777
606.34613037,-57.44040680
606.53686523,-53.84662247
606.72760010,-52.77949524
606.91833496,-58.31110001
607.10906982,-58.66074371
607.29980469,-55.56091690
607.49053955,-57.03670120
607.68127441,-54.91971970
607.87200928,-57.23529434
608.06274414,-64.16159058
608.25347900,-67.09183502
608.44421387,-62.88887024
608.63494873,-63.84846115
608.82568359,-63.92053604
609.01641846,-57.25334930
609.20715332,-53.92126083
609.39788818,-51.08006287
609.58862305,-50.60973358
609.77935791,-54.12518311
609.97009277,-54.71933365
610.16082764,-55.54748154
610.35156250,-57.62879944
610.54229736,-65.52764130
610.73303223,-76.03727722
610.92376709,-58.73918152
611.11450195,-53.99028778
611.30523682,-56.83187866
611.49597168,-62.55205536
611.68670654,-53.13856125
611.87744141,-54.20663452
612.06817627,-60.96813965
612.25891113,-55.84634781
612.44964600,-53.19041824
612.64038086,-49.66701889
612.83111572,-49.36069870
613.02185059,-55.62950897
613.21258545,-61.86941528
613.40332031,-59.91963959
613.59405518,-65.09825897
613.78479004,-62.89644623
613.97552490,-63.94493103
614.16625977,-68.50082397
614.35699463,-59.80448914
614.54772949,-59.00651932
614.73846436,-66.70896912
614.92919922,-57.19395447
615.11993408,-59.27578354
615.31066895,-63.07769394
615.50140381,-64.13494873
615.69213867,-56.18577576
615.88287354,-51.79641342
616.07360840,-55.35595703
616.26434326,-58.55101776
616.45507812,-60.15695572
616.64581299,-61.40782928
616.83654785,-55.96201324
617.02728271,-54.59281158
617.21801758,-56.84062195
617.40875244,-60.93824005
617.59948730,-70.98439026
617.79022217,-63.27577972
617.98095703,-56.55068207
618.17169189,-55.52294159
618.36242676,-54.70848083
618.55316162,-56.49511337
618.74389648,-60.90657043
618.93463135,-81.70886993
619.12536621,-72.25548553
619.31610107,-65.68400574
619.50683594,-58.52222824
619.69757080,-53.59363937
619.88830566,-51.77579498
620.07904053,-54.19628525
620.26977539,-59.60101318
620.46051025,-61.15485382
620.65124512,-58.84401321
620.84197998,-56.55761337
621.03271484,-64.53912354
621.22344971,-57.71212006
621.41418457,-54.37360382
621.60491943,-67.04874420
621.79565430,-57.33403015
621.98638916,-56.90041351
622.17712402,-61.31864548
622.36785889,-57.23094940
622.55859375,-56.23768234
622.74932861,-60.24314499
622.94006348,-64.46640015
623.13079834,-55.60496521
623.32153320,-61.50068665
623.51226807,-57.35313416
623.70300293,-52.06951523
623.89373779,-57.06873322
624.08447266,-66.61569977
624.27520752,-58.57496643
624.46594238,-58.25559616
624.65667725,-62.14707947
624.84741211,-81.92272949
625.03814697,-61.41975021
625.22888184,-57.85320663
625.41961670,-58.31153488
625.61035156,-60.97296906
625.80108643,-59.17654419
625.99182129,-62.06448364
626.18255615,-54.45755768
626.37329102,-53.65335846
626.56402588,-60.03612900
626.75476074,-53.23596954
626.94549561,-49.96869659
627.13623047,-49.76546478
627.32696533,-54.46046448
627.51770020,-65.84372711
627.70843506,-57.94612122
627.89916992,-58.04271698
628.08990479,-61.25713348
628.28063965,-55.18468475
628.47137451,-54.73909760
628.66210938,-62.88103104
628.85284424,-68.17098999
629.04357910,-62.30493927
629.23431396,-57.75834656
629.42504883,-66.86825562
629.61578369,-56.93450165
629.80651855,-52.89725876
629.99725342,-51.00847244
630.18798828,-51.37762070
630.37872314,-55.16868591
630.56945801,-55.37431717
630.76019287,-55.13077164
630.95092773,-59.79666138
631.14166260,-68.19263458
631.33239746,-70.81716919
631.52313232,-60.17886734
631.71386719,-55.75464249
631.90460205,-62.29034424
632.09533691,-62.43794250
632.28607178,-58.32996750
632.47680664,-58.35350418
632.66754150,-59.28290558
632.85827637,-66.48139191
633.04901123,-56.64035416
633.23974609,-57.23307800
633.43048096,-59.36782455
633.62121582,-71.13969421
633.81195068,-59.82292557
634.00268555,-53.22669220
634.19342041,-55.74840927
634.38415527,-60.24860382
634.57489014,-60.31571960
634.76562500,-58.41704559
634.95635986,-56.88315964
635.14709473,-60.80799866
635.33782959,-60.68343353
635.52856445,-58.51867676
635.71929932,-54.88634491
635.91003418,-54.74192047
636.10076904,-62.75770187
636.29150391,-64.04668427
636.48223877,-55.42415237
636.67297363,-53.78015900
636.86370850,-54.57396698
637.05444336,-49.96929932
637.24517822,-51.23461914
637.43591309,-54.41661835
637.62664795,-55.00965500
637.81738281,-57.62216568
638.00811768,-60.59425354
638.19885254,-53.05566406
638.38958740,-50.91308594
638.58032227,-59.43439484
638.77105713,-59.78496552
638.96179199,-56.77868652
639.15252686,-59.07813263
639.34326172,-72.03723145
639.53399658,-64.29576111
639.72473145,-61.49328613
639.91546631,-55.11473846
640.10620117,-53.61429596
640.29693604,-55.95501328
640.48767090,-58.56330872
640.67840576,-61.91594696
640.86914062,-57.78871536
641.05987549,-51.39276123
641.25061035,-51.40949249
641.44134521,-56.22511292
641.63208008,-64.69684601
641.82281494,-54.17718506
642.01354980,-55.13550568
642.20428467,-71.12387848
642.39501953,-63.24570084
642.58575439,-76.90493774
642.77648926,-68.90660858
642.96722412,-69.40722656
643.15795898,-56.20137024
643.34869385,-52.76374054
643.53942871,-53.71202469
643.73016357,-57.09503555
643.92089844,-65.02646637
644.11163330,-61.86491013
644.30236816,-58.00662613
644.49310303,-61.22283936
644.68383789,-60.83950806
644.87457275,-57.96168900
645.06530762,-69.11002350
645.25604248,-61.91487885
645.44677734,-66.80509949
645.63751221,-59.65386963
645.82824707,-55.16265106
646.01898193,-50.21389771
646.20971680,-48.75820923
646.40045166,-52.94441605
646.59118652,-60.82830811
646.78192139,-57.51544571
646.97265625,-53.78194427
647.16339111,-51.65708160
647.35412598,-54.15292740
647.54486084,-56.81423569
647.73559570,-53.91493988
647.92633057,-53.97358322
648.11706543,-59.02620697
648.30780029,-61.15035248
648.49853516,-54.62722397
648.68927002,-51.12113953
648.88000488,-54.05126572
649.07073975,-60.40977097
649.26147461,-57.75576019
649.45220947,-58.57872009
649.64294434,-53.54624176
649.83367920,-54.56303406
650.02441406,-58.95625305
650.21514893,-57.02624512
650.40588379,-59.53260040
650.59661865,-71.63090515
650.78735352,-56.72561264
650.97808838,-56.57233810
651.16882324,-60.41009521
651.35955811,-53.54426575
651.55029297,-50.19424438
651.74102783,-51.95023346
651.93176270,-57.29386902
652.12249756,-56.44540787
652.31323242,-54.77182388
652.50396729,-54.36107254
652.69470215,-57.01377487
652.88543701,-70.40377808
653.07617188,-68.20875549
653.26690674,-64.16276550
653.45764160,-60.59284592
653.64837646,-56.00222778
653.83911133,-56.76524734
654.02984619,-59.13317871
654.22058105,-57.89843750
654.41131592,-54.78228760
654.60205078,-53.20940018
654.79278564,-55.79683685
654.98352051,-75.62586212
655.17425537,-58.49030304
655.36499023,-57.70584488
655.55572510,-66.33255005
655.74645996,-60.73273087
655.93719482,-55.83378601
656.12792969,-60.40443039
656.31866455,-68.29125214
656.50939941,-56.04019165
656.70013428,-55.19590759
656.89086914,-58.91744995
657.08160400,-61.59225464
657.27233887,-60.88616943
657.46307373,-57.68505478
657.65380859,-56.34748840
657.84454346,-65.79734039
658.03527832,-62.66730499
658.22601318,-81.19287109
658.41674805,-62.73644257
658.60748291,-64.91381073
658.79821777,-61.31593323
658.98895264,-59.85597610
659.17968750,-73.72762299
659.37042236,-69.06327820
659.56115723,-64.46167755
659.75189209,-63.04638290
659.94262695,-65.45877838
660.13336182,-67.55637360
660.32409668,-56.81681061
660.51483154,-55.20436096
660.70556641,-57.57139206
660.89630127,-56.33094788
661.08703613,-59.46932983
661.27777100,-64.44760132
661.46850586,-71.43965149
661.65924072,-63.70607758
661.84997559,-57.12356567
662.04071045,-58.24319458
662.23144531,-57.45503998
662.42218018,-56.82761765
662.61291504,-73.94070435
662.80364990,-54.61921310
662.99438477,-52.27145767
663.18511963,-54.40301514
663.37585449,-54.03650665
663.56658936,-56.77745819
663.75732422,-63.35042572
663.94805908,-57.98864365
664.13879395,-54.84321976
664.32952881,-53.83690262
664.52026367,-53.17329407
664.71099854,-54.41531372
664.90173340,-58.19191360
665.09246826,-59.62652206
665.28320312,-63.79774094
665.47393799,-56.94613647
665.66467285,-53.15979004
665.85540771,-57.34523773
666.04614258,-62.04300308
666.23687744,-65.11356354
666.42761230,-56.80164719
666.61834717,-55.56034088
666.80908203,-53.26473236
666.99981689,-55.98169708
667.19055176,-58.59799957
667.38128662,-57.13088608
667.57202148,-53.08935547
667.76275635,-54.06761551
667.95349121,-63.26753998
668.14422607,-55.37018585
668.33496094,-53.96989441
668.52569580,-55.50347137
668.71643066,-59.12505341
668.90716553,-59.22074127
669.09790039,-61.85213470
669.28863525,-58.43391037
669.47937012,-51.82191849
669.67010498,-52.45407867
669.86083984,-65.84230042
670.05157471,-57.82863998
670.24230957,-56.07660294
670.43304443,-57.92713928
670.62377930,-60.90929031
670.81451416,-62.14353180
671.00524902,-60.11684036
671.19598389,-56.87160492
671.38671875,-54.80535889
671.57745361,-56.51296616
671.76818848,-59.17065048
671.95892334,-63.43858719
672.14965820,-59.15811539
672.34039307,-69.80549622
672.53112793,-55.14826202
672.72186279,-56.38963699
672.91259766,-61.68503571
673.10333252,-62.20392227
673.29406738,-63.48323822
673.48480225,-53.25371552
673.67553711,-50.91681671
673.86627197,-52.13182449
674.05700684,-52.75051117
674.24774170,-54.47456360
674.43847656,-61.67041016
674.62921143,-63.66839600
674.81994629,-57.90243149
675.01068115,-54.86993408
675.20141602,-52.45914078
675.39215088,-55.34424210
675.58288574,-61.34309387
675.77362061,-49.80634689
675.96435547,-48.64231110
676.15509033,-56.78343964
676.34582520,-65.14181519
676.53656006,-58.47063065
676.72729492,-55.58089447
676.91802979,-59.20122528
677.10876465,-66.78504181
677.29949951,-53.89927292
677.49023438,-50.02229691
677.68096924,-50.73155975
677.87170410,-57.89385986
678.06243896,-60.98568726
678.25317383,-55.30500412
678.44390869,-70.26638031
678.63464355,-55.02786636
678.82537842,-50.60409546
679.01611328,-49.82568741
679.20684814,-53.61089706
679.39758301,-59.90799332
679.58831787,-57.86991882
679.77905273,-60.64392090
679.96978760,-59.14644623
680.16052246,-65.63084412
680.35125732,-60.33686829
680.54199219,-54.36281586
680.73272705,-54.93077087
680.92346191,-70.34133148
681.11419678,-55.95219040
681.30493164,-58.04981232
681.49566650,-60.40298843
681.68640137,-61.16213989
681.87713623,-64.03327942
682.06787109,-63.28495789
682.25860596,-55.32728577
682.44934082,-51.47449875
682.64007568,-52.67459106
682.83081055,-57.22897339
683.02154541,-68.10448456
683.21228027,-57.54053116
683.40301514,-57.61997223
683.59375000,-60.20608521
683.78448486,-55.07081985
683.97521973,-51.49409485
684.16595459,-52.44515228
684.35668945,-55.80521393
684.54742432,-57.27928543
684.73815918,-58.43103790
684.92889404,-60.98602676
685.11962891,-63.29246140
685.31036377,-52.57940292
685.50109863,-50.35662079
685.69183350,-54.94437408
685.88256836,-57.31494522
686.07330322,-56.29318619
686.26403809,-59.95578003
686.45477295,-58.39839554
686.64550781,-53.77856445
686.83624268,-50.97896194
687.02697754,-54.23210144
687.21771240,-65.01522827
687.40844727,-59.46695709
687.59918213,-53.32995605
687.78991699,-50.08117294
687.98065186,-53.42031860
688.17138672,-55.26050949
688.36212158,-53.75068283
688.55285645,-55.59152603
688.74359131,-55.28036499
688.93432617,-65.77719879
689.12506104,-63.87004089
689.31579590,-61.24180222
689.50653076,-63.70464325
689.69726562,-72.69010925
689.88800049,-59.57885361
690.07873535,-58.03131485
690.26947021,-66.31017303
690.46020508,-65.82958984
690.65093994,-60.06821060
690.84167480,-60.93023300
691.03240967,-68.75115967
691.22314453,-74.77965546
691.41387939,-64.47367096
691.60461426,-59.64015579
691.79534912,-58.15919876
691.98608398,-60.05641937
692.17681885,-56.74529648
692.36755371,-58.23647308
692.55828857,-74.68410492
692.74902344,-60.06254578
692.93975830,-58.73064041
693.13049316,-61.10017395
693.32122803,-58.95204163
693.51196289,-54.02040100
693.70269775,-51.28128052
693.89343262,-53.51467514
694.08416748,-53.81578445
694.27490234,-52.10485458
694.46563721,-56.07472992
694.65637207,-74.92999268
694.84710693,-62.76872635
695.03784180,-67.03185272
695.22857666,-62.71692657
695.41931152,-61.58012009
695.61004639,-65.26416016
695.80078125,-60.27879333
695.99151611,-54.31100464
696.18225098,-53.47252274
696.37298584,-54.06536865
696.56372070,-54.55468750
696.75445557,-61.71863556
696.94519043,-62.81358337
697.13592529,-64.77321625
697.32666016,-64.71047211
697.51739502,-62.51207352
697.70812988,-61.98710632
697.89886475,-60.77794647
698.08959961,-64.22465515
698.28033447,-65.97712708
698.47106934,-70.12963867
698.66180420,-64.33808136
698.85253906,-60.03127289
699.04327393,-64.45374298
699.23400879,-60.38402176
699.42474365,-57.37189865
699.61547852,-74.18157959
699.80621338,-63.81877518
699.99694824,-70.74335480
700.18768311,-67.35775757
700.37841797,-57.15339279
700.56915283,-55.21251297
700.75988770,-57.97570801
700.95062256,-56.89379120
701.14135742,-52.32218170
701.33209229,-52.34272766
701.52282715,-58.30459213
701.71356201,-57.90855026
701.90429688,-57.37290192
702.09503174,-67.58261871
702.28576660,-62.10282135
702.47650146,-59.99240112
702.66723633,-52.58308411
702.85797119,-50.02371216
703.04870605,-54.67583084
703.23944092,-53.72378922
703.43017578,-53.36775208
703.62091064,-54.55936432
703.81164551,-55.31208801
704.00238037,-62.16806030
704.19311523,-58.54494095
704.38385010,-57.00111008
704.57458496,-66.70631409
704.76531982,-66.46256256
704.95605469,-57.24526978
705.14678955,-53.22368240
705.33752441,-57.77442932
705.52825928,-64.07945251
705.71899414,-55.14234543
705.90972900,-55.47542953
706.10046387,-59.40582275
706.29119873,-51.98555756
706.48193359,-54.20515442
706.67266846,-70.76748657
706.86340332,-59.28794861
707.05413818,-55.97484207
707.24487305,-54.62719727
707.43560791,-54.31203461
707.62634277,-53.87866592
707.81707764,-55.20772552
708.00781250,-54.71202469
708.19854736,-56.71832275
708.38928223,-61.77188873
708.58001709,-64.14936829
708.77075195,-56.08430862
708.96148682,-54.25159073
709.15222168,-54.63293457
709.34295654,-54.13993073
709.53369141,-51.62187195
709.72442627,-51.20077515
709.91516113,-55.60366058
710.10589600,-63.68517303
710.29663086,-54.42424393
710.48736572,-64.63766479
710.67810059,-57.48424530
710.86883545,-58.05440521
711.05957031,-52.04732895
711.25030518,-51.92766571
711.44104004,-58.63301086
711.63177490,-64.30149841
711.82250977,-66.40135193
712.01324463,-60.58989716
712.20397949,-52.43038559
712.39471436,-51.23706818
712.58544922,-53.24819565
712.77618408,-55.55707932
712.96691895,-56.39299393
713.15765381,-55.97122955
713.34838867,-59.62839127
713.53912354,-55.55646896
713.72985840,-56.23678207
713.92059326,-56.99403381
714.11132812,-62.17327118
714.30206299,-54.69200516
714.49279785,-65.12698364
714.68353271,-57.97539139
714.87426758,-56.80602646
715.06500244,-55.92269135
715.25573730,-56.66822815
715.44647217,-58.19195175
715.63720703,-56.39466095
715.82794189,-56.24681091
716.01867676,-54.60536957
716.20941162,-53.34457397
716.40014648,-62.88400269
716.59088135,-57.06038666
716.78161621,-53.85213470
716.97235107,-55.29966736
717.16308594,-59.79162598
717.35382080,-59.69614029
717.54455566,-57.35228729
717.73529053,-54.83383560
717.92602539,-54.29828262
718.11676025,-55.89105606
718.30749512,-58.01198959
718.49822998,-59.24816513
718.68896484,-54.74387360
718.87969971,-49.77812958
719.07043457,-53.36853027
719.26116943,-55.61439514
719.45190430,-60.53239822
719.64263916,-54.96480942
719.83337402,-48.49327087
720.02410889,-48.84115601
720.21484375,-51.72763062
720.40557861,-53.85685730
720.59631348,-53.12161255
720.78704834,-53.25446320
720.97778320,-54.56053925
721.16851807,-53.86882401
721.35925293,-54.53123093
721.54998779,-59.55372620
721.74072266,-74.38264465
721.93145752,-61.48099899
722.12219238,-52.83755875
722.31292725,-51.73224640
722.50366211,-54.90911484
722.69439697,-54.39670181
722.88513184,-53.57604980
723.07586670,-57.38422394
723.26660156,-58.94371414
723.45733643,-58.73218536
723.64807129,-57.71160889
723.83880615,-58.50559616
724.02954102,-60.49139404
724.22027588,-58.63326263
724.41101074,-61.53867722
724.60174561,-60.71902466
724.79248047,-56.06466675
724.98321533,-57.62334442
725.17395020,-76.03341675
725.36468506,-57.31092453
725.55541992,-53.72513580
725.74615479,-54.79648972
725.93688965,-53.98508072
726.12762451,-52.04033661
726.31835938,-53.66778946
726.50909424,-67.75391388
726.69982910,-55.78151321
726.89056396,-58.94134903
727.08129883,-69.45965576
727.27203369,-54.54389191
727.46276855,-55.38557434
727.65350342,-64.72541046
727.84423828,-58.26203918
728.03497314,-59.31146622
728.22570801,-68.67942047
728.41644287,-56.84547043
728.60717773,-52.20767212
728.79791260,-54.60311127
728.98864746,-54.66257095
729.17938232,-56.00373077
729.37011719,-68.82700348
729.56085205,-64.41219330
729.75158691,-56.07209778
729.94232178,-53.99790192
730.13305664,-55.38307571
730.32379150,-55.83807373
730.51452637,-59.96144867
730.70526123,-69.66866302
730.89599609,-61.79739380
731.08673096,-68.47712708
731.27746582,-55.07510757
731.46820068,-52.90039825
731.65893555,-56.49519348
731.84967041,-62.86645508
732.04040527,-59.20072174
732.23114014,-56.21652222
732.42187500,-59.96188354
732.61260986,-59.74089813
732.80334473,-55.31154251
732.99407959,-54.05548096
733.18481445,-58.61034393
733.37554932,-72.92300415
733.56628418,-60.45910263
733.75701904,-57.39263535
733.94775391,-57.97650146
734.13848877,-58.61528015
734.32922363,-60.42090607
734.51995850,-55.78020477
734.71069336,-56.69931412
734.90142822,-71.80466461
735.09216309,-57.12096786
735.28289795,-51.79767227
735.47363281,-51.15604401
735.66436768,-53.59075165
735.85510254,-53.23928070
736.04583740,-55.00444031
736.23657227,-56.48941040
736.42730713,-65.23377228
736.61804199,-58.37757874
736.80877686,-51.48650742
736.99951172,-49.45376587
737.19024658,-50.47668076
737.38098145,-54.33114624
737.57171631,-60.33431244
737.76245117,-70.42107391
737.95318604,-55.99620438
738.14392090,-53.69371033
738.33465576,-54.26293945
738.52539062,-55.03581238
738.71612549,-61.49273300
738.90686035,-56.14367676
739.09759521,-56.09031677
739.28833008,-65.30580902
739.47906494,-67.52133179
739.66979980,-58.90721130
739.86053467,-56.11751175
740.05126953,-57.19027710
740.24200439,-63.39513397
740.43273926,-62.10121536
740.62347412,-55.64917755
740.81420898,-53.17744827
741.00494385,-58.73795319
741.19567871,-58.50905609
741.38641357,-57.91333771
741.57714844,-50.03529358
741.76788330,-50.43148041
741.95861816,-53.48505402
742.14935303,-56.06105804
742.34008789,-57.03230286
742.53082275,-73.31002045
742.72155762,-55.80091095
742.91229248,-55.74693298
743.10302734,-56.09194183
743.29376221,-58.50746918
743.48449707,-54.24655151
743.67523193,-50.71863556
743.86596680,-53.43167114
744.05670166,-55.79596710
744.24743652,-48.75452423
744.43817139,-49.88219833
744.62890625,-54.15893173
744.81964111,-57.20703506
745.01037598,-61.32921219
745.20111084,-60.03345871
745.39184570,-58.70656967
745.58258057,-55.39035034
745.77331543,-54.72534561
745.96405029,-52.79661179
746.15478516,-51.50491714
746.34552002,-53.17235947
746.53625488,-53.30748749
746.72698975,-52.62622833
746.91772461,-52.15467072
747.10845947,-55.27719116
747.29919434,-57.40373230
747.48992920,-57.42360687
747.68066406,-67.62950134
747.87139893,-56.26882935
748.06213379,-54.07226181
748.25286865,-63.28692627
748.44360352,-56.55285645
748.63433838,-58.75405884
748.82507324,-64.64461517
749.01580811,-58.58477783
749.20654297,-59.60148621
749.39727783,-66.70838928
749.58801270,-62.17648315
749.77874756,-55.88638306
749.96948242,-61.02982330
750.16021729,-63.08845139
750.35095215,-55.24947739
750.54168701,-58.21242905
750.73242188,-66.65570068
750.92315674,-60.05214310
751.11389160,-59.29549789
751.30462646,-57.37012482
751.49536133,-56.22974396
751.68609619,-56.81816101
751.87683105,-57.20338440
752.06756592,-56.80084229
752.25830078,-56.82708740
752.44903564,-61.06083679
752.63977051,-58.73049927
752.83050537,-53.30457687
753.02124023,-55.33566284
753.21197510,-56.05540848
753.40270996,-50.80501556
753.59344482,-50.03021240
753.78417969,-51.35832214
753.97491455,-53.53107452
754.16564941,-57.02799225
754.35638428,-61.26358795
754.54711914,-66.82509613
754.73785400,-60.34757614
754.92858887,-52.66844177
755.11932373,-51.41283417
755.31005859,-52.12269592
755.50079346,-56.72116852
755.69152832,-57.36265564
755.88226318,-50.41190338
756.07299805,-51.07159042
756.26373291,-58.40954590
756.45446777,-57.06241608
756.64520264,-51.15827942
756.83593750,-54.07962036
757.02667236,-55.55238724
757.21740723,-57.32579803
757.40814209,-53.03011322
757.59887695,-48.62403107
757.78961182,-48.32595444
757.98034668,-50.02422333
758.17108154,-53.24386597
758.36181641,-58.04934692
758.55255127,-61.20191193
758.74328613,-68.86307526
758.93402100,-63.83462906
759.12475586,-58.93531036
759.31549072,-59.64453125
759.50622559,-58.75745773
759.69696045,-60.47436523
759.88769531,-59.53741074
760.07843018,-55.45779419
760.26916504,-59.07922745
760.45989990,-74.62797546
760.65063477,-57.36507416
760.84136963,-54.60083771
761.03210449,-58.66385651
761.22283936,-57.74598694
761.41357422,-56.57310867
761.60430908,-59.92101669
761.79504395,-55.99841690
761.98577881,-52.93594360
762.17651367,-54.79467010
762.36724854,-54.70643997
762.55798340,-52.01139069
762.74871826,-54.77072906
762.93945312,-62.46282959
763.13018799,-57.48894501
763.32092285,-55.44569397
763.51165771,-58.78891373
763.70239258,-62.17702866
763.89312744,-53.56945801
764.08386230,-53.76021957
764.27459717,-78.57321930
764.46533203,-56.92131805
764.65606689,-58.36127472
764.84680176,-66.83278656
765.03753662,-56.54124451
765.22827148,-51.55364227
765.41900635,-50.96332550
765.60974121,-55.46155930
765.80047607,-59.76264572
765.99121094,-57.06604385
766.18194580,-58.38814163
766.37268066,-55.19950485
766.56341553,-54.12894440
766.75415039,-55.29407120
766.94488525,-59.11666107
767.13562012,-55.50354385
767.32635498,-52.31733704
767.51708984,-52.58901215
767.70782471,-53.41015625
767.89855957,-58.81607437
768.08929443,-55.60649490
768.28002930,-57.75829315
768.47076416,-63.62714767
768.66149902,-58.66169357
768.85223389,-59.35030365
769.04296875,-66.60317230
769.23370361,-59.55908203
769.42443848,-62.49963760
769.61517334,-59.52858353
769.80590820,-53.50796509
769.99664307,-53.87429047
770.18737793,-53.84048462
770.37811279,-53.59505081
770.56884766,-58.86492920
770.75958252,-75.28260803
770.95031738,-60.82924652
771.14105225,-57.27878571
771.33178711,-56.61947250
771.52252197,-56.23527527
771.71325684,-58.99681091
771.90399170,-57.42661285
772.09472656,-54.44350815
772.28546143,-56.68009186
772.47619629,-61.97093201
772.66693115,-61.74099350
772.85766602,-59.83687592
773.04840088,-60.04413223
773.23913574,-59.51101303
773.42987061,-62.34867096
773.62060547,-55.30154419
773.81134033,-62.58740997
774.00207520,-53.20641327
774.19281006,-51.75179291
774.38354492,-73.11158752
774.57427979,-52.05292511
774.76501465,-55.93499756
774.95574951,-69.42987823
775.14648438,-56.26613617
775.33721924,-54.37525940
775.52795410,-61.31160355
775.71868896,-63.12253571
775.90942383,-59.30550003
776.10015869,-73.02700043
776.29089355,-59.94778442
776.48162842,-60.45679092
776.67236328,-59.39971924
776.86309814,-64.70429993
777.05383301,-56.37868500
777.24456787,-60.03421402
777.43530273,-60.57807922
777.62603760,-55.37857819
777.81677246,-54.36198425
778.00750732,-55.64678955
778.19824219,-63.40953064
778.38897705,-68.53067017
778.57971191,-69.43846130
778.77044678,-70.10633087
778.96118164,-57.90329361
779.15191650,-60.99678421
779.34265137,-63.55434799
779.53338623,-57.92504883
779.72412109,-57.31182861
779.91485596,-54.32829285
780.10559082,-57.07424545
780.29632568,-62.68949127
780.48706055,-58.64262009
780.67779541,-55.31128693
780.86853027,-57.35260773
781.05926514,-64.04299927
