Time,Channel A

-0.00173200,2.09967351
-0.00109200,1.74687946
-0.00045200,1.57048249
0.00018800,1.21829891
0.00082800,1.04190195
0.00146800,0.68971831
0.00210800,0.51332134
0.00274800,0.33692434
0.00338800,-0.19104587
0.00402800,-0.36744285
0.00466800,-0.54383981
0.00530800,-0.89602345
0.00594800,-1.07242048
0.00658800,-1.60100102
0.00722800,-1.77739799
0.00786800,-1.95379496
0.00850800,-2.30597854
0.00914800,-2.48237562
0.00978800,-3.01095605
0.01042800,-3.01095605
0.01106800,-3.36375022
0.01170800,-3.71593380
0.01234800,-3.89233065
0.01298800,-4.24512482
0.01362800,-4.42091131
0.01426800,-4.77370548
0.01490800,-5.12588882
0.01554800,-5.30228567
0.01618800,-5.47868299
0.01682800,-5.83086634
0.01746800,-6.00726318
0.01810800,-6.18366051
0.01874800,-6.36005735
0.01938800,-6.53584385
0.02002800,-6.88863802
0.02066800,-7.06503487
0.02130800,-7.24082136
0.02194800,-7.41721869
0.02258800,-7.41721869
0.02322800,-7.59361553
0.02386800,-7.94579935
0.02450800,-8.12219620
0.02514800,-8.12219620
0.02578800,-8.29859352
0.02642800,-8.29859352
0.02706800,-8.47498989
0.02770800,-8.65077686
0.02834800,-8.65077686
0.02898800,-8.82717323
0.02962800,-8.82717323
0.03026800,-9.00357056
0.03090800,-9.00357056
0.03154800,-9.00357056
0.03218800,-9.00357056
0.03282800,-9.00357056
0.03346800,-9.17996788
0.03410800,-9.00357056
0.03474800,-9.00357056
0.03538800,-9.00357056
0.03602800,-9.00357056
0.03666800,-9.00357056
0.03730800,-9.00357056
0.03794800,-8.82717323
0.03858800,-8.82717323
0.03922800,-8.82717323
0.03986800,-8.65077686
0.04050800,-8.47498989
0.04114800,-8.47498989
0.04178800,-8.29859352
0.04242800,-8.29859352
0.04306800,-8.12219620
0.04370800,-7.94579935
0.04434800,-7.94579935
0.04498800,-7.77001238
0.04562800,-7.41721869
0.04626800,-7.41721869
0.04690800,-7.24082136
0.04754800,-7.06503487
0.04818800,-6.88863802
0.04882800,-6.71224117
0.04946800,-6.53584385
0.05010800,-6.18366051
0.05074800,-6.00726318
0.05138800,-5.83086634
0.05202800,-5.83086634
0.05266800,-5.47868299
0.05330800,-5.30228567
0.05394800,-5.12588882
0.05458800,-4.77370548
0.05522800,-4.59730816
0.05586800,-4.42091131
0.05650800,-4.06872749
0.05714800,-3.89233065
0.05778800,-3.71593380
0.05842800,-3.54014707
0.05906800,-3.18735313
0.05970800,-3.01095605
0.06034800,-2.83516955
0.06098800,-2.65877247
0.06162800,-2.48237562
0.06226800,-2.30597854
0.06290800,-1.95379496
0.06354800,-1.77739799
0.06418800,-1.60100102
0.06482800,-1.42521441
0.06546800,-1.07242048
0.06610800,-0.89602345
0.06674800,-0.72023684
0.06738800,-0.54383981
0.06802800,-0.36744285
0.06866800,-0.19104587
0.06930800,-0.01525925
0.06994800,0.16052736
0.07058800,0.33692434
0.07122800,0.51332134
0.07186800,0.51332134
0.07250800,0.86550492
0.07314800,0.86550492
0.07378800,1.04190195
0.07442800,1.21829891
0.07506800,1.39469588
0.07570800,1.39469588
0.07634800,1.57048249
0.07698800,1.57048249
0.07762800,1.74687946
0.07826800,1.74687946
0.07890800,1.92327642
0.07954800,1.92327642
0.08018800,2.09967351
0.08082800,2.09967351
0.08146800,2.27546000
0.08210800,2.09967351
0.08274800,2.27546000
0.08338800,2.27546000
0.08402800,2.27546000
0.08466800,2.27546000
0.08530800,2.27546000
0.08594800,2.27546000
0.08658800,2.27546000
0.08722800,2.27546000
0.08786800,2.27546000
0.08850800,2.27546000
0.08914800,2.27546000
0.08978800,2.27546000
0.09042800,2.09967351
0.09106800,2.09967351
0.09170800,2.09967351
0.09234800,1.92327642
0.09298800,1.92327642
0.09362800,1.92327642
0.09426800,1.74687946
0.09490800,1.74687946
0.09554800,1.74687946
0.09618800,1.57048249
0.09682800,1.57048249
0.09746800,1.39469588
0.09810800,1.39469588
0.09874800,1.21829891
0.09938800,1.21829891
0.10002800,1.04190195
0.10066800,1.04190195
0.10130800,1.04190195
0.10194800,0.86550492
0.10258800,0.68971831
0.10322800,0.68971831
0.10386800,0.51332134
0.10450800,0.33692434
0.10514800,0.33692434
0.10578800,0.33692434
0.10642800,0.16052736
0.10706800,0.16052736
0.10770800,-0.01525925
0.10834800,-0.01525925
0.10898800,-0.19104587
0.10962800,-0.19104587
0.11026800,-0.36744285
0.11090800,-0.36744285
0.11154800,-0.36744285
0.11218800,-0.54383981
0.11282800,-0.54383981
0.11346800,-0.54383981
0.11410800,-0.72023684
0.11474800,-0.72023684
0.11538800,-0.89602345
0.11602800,-0.89602345
0.11666800,-0.89602345
0.11730800,-0.89602345
0.11794800,-0.89602345
0.11858800,-0.89602345
0.11922800,-0.89602345
0.11986800,-0.89602345
0.12050800,-0.89602345
0.12114800,-0.89602345
0.12178800,-0.89602345
0.12242800,-0.89602345
0.12306800,-0.89602345
0.12370800,-0.89602345
0.12434800,-0.72023684
0.12498800,-0.72023684
0.12562800,-0.54383981
0.12626800,-0.54383981
0.12690800,-0.54383981
0.12754800,-0.36744285
0.12818800,-0.36744285
0.12882800,-0.36744285
0.12946800,-0.19104587
0.13010800,-0.19104587
0.13074800,-0.01525925
0.13138800,0.16052736
0.13202800,0.16052736
0.13266800,0.33692434
0.13330800,0.51332134
0.13394800,0.51332134
0.13458800,0.68971831
0.13522800,0.86550492
0.13586800,1.04190195
0.13650800,1.21829891
0.13714800,1.39469588
0.13778800,1.57048249
0.13842800,1.57048249
0.13906800,1.74687946
0.13970800,1.92327642
0.14034800,2.09967351
0.14098800,2.27546000
0.14162800,2.45185709
0.14226800,2.62825394
0.14290800,2.98043752
0.14354800,2.98043752
0.14418800,3.15683460
0.14482800,3.33323169
0.14546800,3.50962853
0.14610800,3.68541527
0.14674800,3.86181211
0.14738800,4.03820896
0.14802800,4.21460629
0.14866800,4.39039278
0.14930800,4.74318695
0.14994800,4.74318695
0.15058800,4.91958380
0.15122800,5.27176714
0.15186800,5.27176714
0.15250800,5.44816446
0.15314800,5.62456131
0.15378800,5.80034781
0.15442800,5.97674465
0.15506800,5.97674465
0.15570800,6.15314198
0.15634800,6.32953882
0.15698800,6.50532532
0.15762800,6.50532532
0.15826800,6.68172264
0.15890800,6.85811949
0.15954800,6.85811949
0.16018800,7.03451633
0.16082800,7.21030283
0.16146800,7.21030283
0.16210800,7.38670015
0.16274800,7.38670015
0.16338800,7.38670015
0.16402800,7.38670015
0.16466800,7.56309700
0.16530800,7.56309700
0.16594800,7.56309700
0.16658800,7.56309700
0.16722800,7.56309700
0.16786800,7.56309700
0.16850800,7.56309700
0.16914800,7.73949385
0.16978800,7.56309700
0.17042800,7.56309700
0.17106800,7.56309700
0.17170800,7.56309700
0.17234800,7.56309700
0.17298800,7.38670015
0.17362800,7.38670015
0.17426800,7.38670015
0.17490800,7.21030283
0.17554800,7.21030283
0.17618800,7.03451633
0.17682800,6.85811949
0.17746800,6.85811949
0.17810800,6.68172264
0.17874800,6.50532532
0.17938800,6.50532532
0.18002800,6.15314198
0.18066800,6.15314198
0.18130800,5.97674465
0.18194800,5.80034781
0.18258800,5.62456131
0.18322800,5.44816446
0.18386800,5.27176714
0.18450800,5.09537029
0.18514800,4.91958380
0.18578800,4.74318695
0.18642800,4.56678963
0.18706800,4.21460629
0.18770800,4.03820896
0.18834800,3.86181211
0.18898800,3.50962853
0.18962800,3.33323169
0.19026800,3.15683460
0.19090800,2.98043752
0.19154800,2.62825394
0.19218800,2.27546000
0.19282800,2.27546000
0.19346800,1.92327642
0.19410800,1.74687946
0.19474800,1.39469588
0.19538800,1.21829891
0.19602800,1.04190195
0.19666800,0.68971831
0.19730800,0.33692434
0.19794800,0.16052736
0.19858800,-0.19104587
0.19922800,-0.36744285
0.19986800,-0.54383981
0.20050800,-0.89602345
0.20114800,-1.07242048
0.20178800,-1.42521441
0.20242800,-1.60100102
0.20306800,-1.77739799
0.20370800,-1.95379496
0.20434800,-2.13019204
0.20498800,-2.48237562
0.20562800,-2.65877247
0.20626800,-2.83516955
0.20690800,-3.01095605
0.20754800,-3.18735313
0.20818800,-3.54014707
0.20882800,-3.71593380
0.20946800,-3.71593380
0.21010800,-3.89233065
0.21074800,-4.24512482
0.21138800,-4.42091131
0.21202800,-4.42091131
0.21266800,-4.77370548
0.21330800,-4.77370548
0.21394800,-4.95010233
0.21458800,-5.12588882
0.21522800,-5.12588882
0.21586800,-5.30228567
0.21650800,-5.47868299
0.21714800,-5.47868299
0.21778800,-5.65507984
0.21842800,-5.65507984
0.21906800,-5.83086634
0.21970800,-6.00726318
0.22034800,-6.00726318
0.22098800,-6.00726318
0.22162800,-6.00726318
0.22226800,-6.00726318
0.22290800,-6.18366051
0.22354800,-6.18366051
0.22418800,-6.00726318
0.22482800,-6.18366051
0.22546800,-6.18366051
0.22610800,-6.18366051
0.22674800,-6.18366051
0.22738800,-6.18366051
0.22802800,-6.00726318
0.22866800,-6.00726318
0.22930800,-6.00726318
0.22994800,-6.00726318
0.23058800,-5.83086634
0.23122800,-5.83086634
0.23186800,-5.83086634
0.23250800,-5.65507984
0.23314800,-5.65507984
0.23378800,-5.47868299
0.23442800,-5.47868299
0.23506800,-5.47868299
0.23570800,-5.30228567
0.23634800,-5.12588882
0.23698800,-5.12588882
0.23762800,-5.12588882
0.23826800,-4.95010233
0.23890800,-4.77370548
0.23954800,-4.59730816
0.24018800,-4.42091131
0.24082800,-4.42091131
0.24146800,-4.24512482
0.24210800,-4.06872749
0.24274800,-3.89233065
0.24338800,-3.89233065
0.24402800,-3.71593380
0.24466800,-3.54014707
0.24530800,-3.54014707
0.24594800,-3.36375022
0.24658800,-3.18735313
0.24722800,-3.01095605
0.24786800,-3.01095605
0.24850800,-2.83516955
0.24914800,-2.83516955
0.24978800,-2.48237562
0.25042800,-2.30597854
0.25106800,-2.30597854
0.25170800,-2.30597854
0.25234800,-2.13019204
0.25298800,-1.95379496
0.25362800,-1.77739799
0.25426800,-1.77739799
0.25490800,-1.60100102
0.25554800,-1.60100102
0.25618800,-1.24881744
0.25682800,-1.42521441
0.25746800,-1.24881744
0.25810800,-1.07242048
0.25874800,-1.07242048
0.25938800,-0.89602345
0.26002800,-0.89602345
0.26066800,-0.89602345
0.26130800,-0.72023684
0.26194800,-0.72023684
0.26258800,-0.54383981
0.26322800,-0.54383981
0.26386800,-0.54383981
0.26450800,-0.36744285
0.26514800,-0.36744285
0.26578800,-0.36744285
0.26642800,-0.36744285
0.26706800,-0.36744285
0.26770800,-0.36744285
0.26834800,-0.36744285
0.26898800,-0.36744285
0.26962800,-0.36744285
0.27026800,-0.36744285
0.27090800,-0.36744285
0.27154800,-0.36744285
0.27218800,-0.36744285
0.27282800,-0.36744285
0.27346800,-0.36744285
0.27410800,-0.36744285
0.27474800,-0.54383981
0.27538800,-0.54383981
0.27602800,-0.54383981
0.27666800,-0.72023684
0.27730800,-0.72023684
0.27794800,-0.72023684
0.27858800,-0.89602345
0.27922800,-0.89602345
0.27986800,-0.89602345
0.28050800,-0.89602345
0.28114800,-1.07242048
0.28178800,-1.07242048
0.28242800,-1.24881744
0.28306800,-1.24881744
0.28370800,-1.42521441
0.28434800,-1.60100102
0.28498800,-1.60100102
0.28562800,-1.77739799
0.28626800,-1.77739799
0.28690800,-1.77739799
0.28754800,-1.95379496
0.28818800,-1.95379496
0.28882800,-2.13019204
0.28946800,-2.13019204
0.29010800,-2.30597854
0.29074800,-2.30597854
0.29138800,-2.48237562
0.29202800,-2.48237562
0.29266800,-2.48237562
0.29330800,-2.65877247
0.29394800,-2.65877247
0.29458800,-2.65877247
0.29522800,-3.01095605
0.29586800,-2.83516955
0.29650800,-3.01095605
0.29714800,-3.01095605
0.29778800,-3.01095605
0.29842800,-3.18735313
0.29906800,-3.18735313
0.29970800,-3.18735313
0.30034800,-3.36375022
0.30098800,-3.18735313
0.30162800,-3.18735313
0.30226800,-3.36375022
0.30290800,-3.36375022
0.30354800,-3.36375022
0.30418800,-3.36375022
0.30482800,-3.36375022
0.30546800,-3.54014707
0.30610800,-3.36375022
0.30674800,-3.36375022
0.30738800,-3.18735313
0.30802800,-3.36375022
0.30866800,-3.18735313
0.30930800,-3.18735313
0.30994800,-3.18735313
0.31058800,-3.18735313
0.31122800,-3.01095605
0.31186800,-3.01095605
0.31250800,-3.01095605
0.31314800,-2.83516955
0.31378800,-2.65877247
0.31442800,-2.65877247
0.31506800,-2.65877247
0.31570800,-2.48237562
0.31634800,-2.48237562
0.31698800,-2.30597854
0.31762800,-2.13019204
0.31826800,-1.95379496
0.31890800,-1.95379496
0.31954800,-1.77739799
0.32018800,-1.60100102
0.32082800,-1.60100102
0.32146800,-1.42521441
0.32210800,-1.24881744
0.32274800,-1.07242048
0.32338800,-0.89602345
0.32402800,-0.72023684
0.32466800,-0.54383981
0.32530800,-0.36744285
0.32594800,-0.19104587
0.32658800,-0.01525925
0.32722800,0.33692434
0.32786800,0.33692434
0.32850800,0.51332134
0.32914800,0.68971831
0.32978800,1.04190195
0.33042800,1.21829891
0.33106800,1.39469588
0.33170800,1.57048249
0.33234800,1.74687946
0.33298800,1.92327642
0.33362800,2.27546000
0.33426800,2.45185709
0.33490800,2.45185709
0.33554800,2.62825394
0.33618800,2.98043752
0.33682800,3.15683460
0.33746800,3.33323169
0.33810800,3.68541527
0.33874800,3.68541527
0.33938800,3.86181211
0.34002800,4.03820896
0.34066800,4.21460629
0.34130800,4.39039278
0.34194800,4.56678963
0.34258800,4.91958380
0.34322800,4.91958380
0.34386800,5.27176714
0.34450800,5.27176714
0.34514800,5.44816446
0.34578800,5.62456131
0.34642800,5.80034781
0.34706800,5.97674465
0.34770800,5.97674465
0.34834800,6.15314198
0.34898800,6.32953882
0.34962800,6.50532532
0.35026800,6.50532532
0.35090800,6.68172264
0.35154800,6.85811949
0.35218800,6.85811949
0.35282800,6.85811949
0.35346800,7.03451633
0.35410800,7.03451633
0.35474800,7.21030283
0.35538800,7.21030283
0.35602800,7.21030283
0.35666800,7.38670015
0.35730800,7.38670015
0.35794800,7.38670015
0.35858800,7.38670015
0.35922800,7.38670015
0.35986800,7.38670015
0.36050800,7.38670015
0.36114800,7.38670015
0.36178800,7.38670015
0.36242800,7.38670015
0.36306800,7.38670015
0.36370800,7.21030283
0.36434800,7.21030283
0.36498800,7.21030283
0.36562800,7.21030283
0.36626800,7.03451633
0.36690800,7.03451633
0.36754800,6.85811949
0.36818800,6.85811949
0.36882800,6.68172264
0.36946800,6.50532532
0.37010800,6.50532532
0.37074800,6.32953882
0.37138800,6.15314198
0.37202800,6.15314198
0.37266800,5.97674465
0.37330800,5.80034781
0.37394800,5.62456131
0.37458800,5.44816446
0.37522800,5.44816446
0.37586800,5.27176714
0.37650800,5.09537029
0.37714800,4.91958380
0.37778800,4.74318695
0.37842800,4.56678963
0.37906800,4.39039278
0.37970800,4.21460629
0.38034800,4.03820896
0.38098800,3.86181211
0.38162800,3.68541527
0.38226800,3.50962853
0.38290800,3.33323169
0.38354800,3.15683460
0.38418800,2.98043752
0.38482800,2.62825394
0.38546800,2.62825394
0.38610800,2.27546000
0.38674800,2.27546000
0.38738800,1.92327642
0.38802800,1.74687946
0.38866800,1.74687946
0.38930800,1.39469588
0.38994800,1.21829891
0.39058800,1.04190195
0.39122800,0.86550492
0.39186800,0.68971831
0.39250800,0.51332134
0.39314800,0.33692434
0.39378800,0.33692434
0.39442800,-0.01525925
0.39506800,-0.19104587
0.39570800,-0.19104587
0.39634800,-0.36744285
0.39698800,-0.54383981
0.39762800,-0.72023684
0.39826800,-0.89602345
0.39890800,-1.07242048
0.39954800,-1.07242048
0.40018800,-1.24881744
0.40082800,-1.42521441
0.40146800,-1.60100102
0.40210800,-1.77739799
0.40274800,-1.77739799
0.40338800,-1.77739799
0.40402800,-1.95379496
0.40466800,-1.95379496
0.40530800,-2.13019204
0.40594800,-2.30597854
0.40658800,-2.30597854
0.40722800,-2.30597854
0.40786800,-2.48237562
0.40850800,-2.48237562
0.40914800,-2.48237562
0.40978800,-2.48237562
0.41042800,-2.65877247
0.41106800,-2.65877247
0.41170800,-2.65877247
0.41234800,-2.65877247
0.41298800,-2.65877247
0.41362800,-2.65877247
0.41426800,-2.65877247
0.41490800,-2.65877247
0.41554800,-2.65877247
0.41618800,-2.65877247
0.41682800,-2.65877247
0.41746800,-2.65877247
0.41810800,-2.65877247
0.41874800,-2.65877247
0.41938800,-2.65877247
0.42002800,-2.65877247
0.42066800,-2.65877247
0.42130800,-2.48237562
0.42194800,-2.48237562
0.42258800,-2.48237562
0.42322800,-2.48237562
0.42386800,-2.48237562
0.42450800,-2.30597854
0.42514800,-2.30597854
0.42578800,-2.30597854
0.42642800,-2.13019204
0.42706800,-2.13019204
0.42770800,-2.13019204
0.42834800,-1.95379496
0.42898800,-1.77739799
0.42962800,-1.77739799
0.43026800,-1.77739799
0.43090800,-1.77739799
0.43154800,-1.60100102
0.43218800,-1.60100102
0.43282800,-1.60100102
0.43346800,-1.42521441
0.43410800,-1.24881744
0.43474800,-1.24881744
0.43538800,-1.24881744
0.43602800,-1.24881744
0.43666800,-1.07242048
0.43730800,-1.07242048
0.43794800,-0.89602345
0.43858800,-0.89602345
0.43922800,-0.89602345
0.43986800,-0.89602345
0.44050800,-0.72023684
0.44114800,-0.72023684
0.44178800,-0.72023684
0.44242800,-0.54383981
0.44306800,-0.54383981
0.44370800,-0.54383981
0.44434800,-0.54383981
0.44498800,-0.54383981
0.44562800,-0.36744285
0.44626800,-0.54383981
0.44690800,-0.36744285
0.44754800,-0.36744285
0.44818800,-0.36744285
0.44882800,-0.36744285
0.44946800,-0.36744285
0.45010800,-0.36744285
0.45074800,-0.36744285
0.45138800,-0.36744285
0.45202800,-0.36744285
0.45266800,-0.36744285
0.45330800,-0.54383981
0.45394800,-0.36744285
0.45458800,-0.54383981
0.45522800,-0.54383981
0.45586800,-0.54383981
0.45650800,-0.54383981
0.45714800,-0.72023684
0.45778800,-0.72023684
0.45842800,-0.89602345
0.45906800,-0.89602345
0.45970800,-0.89602345
0.46034800,-1.07242048
0.46098800,-1.07242048
0.46162800,-1.24881744
0.46226800,-1.24881744
0.46290800,-1.24881744
0.46354800,-1.42521441
0.46418800,-1.60100102
0.46482800,-1.60100102
0.46546800,-1.60100102
0.46610800,-1.77739799
0.46674800,-1.95379496
0.46738800,-1.95379496
0.46802800,-1.95379496
0.46866800,-2.30597854
0.46930800,-2.30597854
0.46994800,-2.48237562
0.47058800,-2.48237562
0.47122800,-2.65877247
0.47186800,-2.83516955
0.47250800,-2.83516955
0.47314800,-3.01095605
0.47378800,-3.01095605
0.47442800,-3.18735313
0.47506800,-3.18735313
0.47570800,-3.36375022
0.47634800,-3.54014707
0.47698800,-3.54014707
0.47762800,-3.71593380
0.47826800,-3.71593380
0.47890800,-3.89233065
0.47954800,-3.89233065
0.48018800,-4.06872749
0.48082800,-4.06872749
0.48146800,-4.24512482
0.48210800,-4.42091131
0.48274800,-4.42091131
0.48338800,-4.42091131
0.48402800,-4.59730816
0.48466800,-4.77370548
0.48530800,-4.77370548
0.48594800,-4.95010233
0.48658800,-4.77370548
0.48722800,-4.95010233
0.48786800,-4.95010233
0.48850800,-5.12588882
0.48914800,-5.12588882
0.48978800,-5.12588882
0.49042800,-5.30228567
0.49106800,-5.12588882
0.49170800,-5.30228567
0.49234800,-5.12588882
0.49298800,-5.30228567
0.49362800,-5.30228567
0.49426800,-5.30228567
0.49490800,-5.12588882
0.49554800,-5.30228567
0.49618800,-5.12588882
0.49682800,-5.30228567
0.49746800,-5.12588882
0.49810800,-5.12588882
0.49874800,-5.12588882
0.49938800,-5.12588882
0.50002800,-4.95010233
0.50066800,-4.95010233
0.50130800,-4.77370548
0.50194800,-4.77370548
0.50258800,-4.59730816
0.50322800,-4.59730816
0.50386800,-4.42091131
0.50450800,-4.42091131
0.50514800,-4.24512482
0.50578800,-4.06872749
0.50642800,-4.06872749
0.50706800,-3.89233065
0.50770800,-3.89233065
0.50834800,-3.71593380
0.50898800,-3.54014707
0.50962800,-3.36375022
0.51026800,-3.36375022
0.51090800,-3.18735313
0.51154800,-3.01095605
0.51218800,-2.83516955
0.51282800,-2.65877247
0.51346800,-2.48237562
0.51410800,-2.30597854
0.51474800,-2.13019204
0.51538800,-2.13019204
0.51602800,-1.77739799
0.51666800,-1.77739799
0.51730800,-1.60100102
0.51794800,-1.24881744
0.51858800,-1.07242048
0.51922800,-0.89602345
0.51986800,-0.72023684
0.52050800,-0.54383981
0.52114800,-0.36744285
0.52178800,-0.19104587
0.52242800,-0.01525925
0.52306800,0.16052736
0.52370800,0.33692434
0.52434800,0.51332134
0.52498800,0.86550492
0.52562800,1.04190195
0.52626800,1.21829891
0.52690800,1.39469588
0.52754800,1.57048249
0.52818800,1.74687946
0.52882800,1.92327642
0.52946800,2.09967351
0.53010800,2.27546000
0.53074800,2.45185709
0.53138800,2.62825394
0.53202800,2.62825394
0.53266800,2.98043752
0.53330800,3.15683460
0.53394800,3.33323169
0.53458800,3.50962853
0.53522800,3.68541527
0.53586800,3.68541527
0.53650800,3.86181211
0.53714800,3.86181211
0.53778800,4.03820896
0.53842800,4.39039278
0.53906800,4.39039278
0.53970800,4.56678963
0.54034800,4.74318695
0.54098800,4.74318695
0.54162800,4.74318695
0.54226800,5.09537029
0.54290800,4.91958380
0.54354800,5.09537029
0.54418800,5.27176714
0.54482800,5.27176714
0.54546800,5.27176714
0.54610800,5.44816446
0.54674800,5.44816446
0.54738800,5.44816446
0.54802800,5.44816446
0.54866800,5.44816446
0.54930800,5.62456131
0.54994800,5.62456131
0.55058800,5.62456131
0.55122800,5.62456131
0.55186800,5.62456131
0.55250800,5.62456131
0.55314800,5.62456131
0.55378800,5.62456131
0.55442800,5.62456131
0.55506800,5.62456131
0.55570800,5.44816446
0.55634800,5.44816446
0.55698800,5.44816446
0.55762800,5.44816446
0.55826800,5.27176714
0.55890800,5.27176714
0.55954800,5.27176714
0.56018800,5.27176714
0.56082800,5.27176714
0.56146800,5.09537029
0.56210800,4.91958380
0.56274800,4.91958380
0.56338800,4.74318695
0.56402800,4.74318695
0.56466800,4.56678963
0.56530800,4.56678963
0.56594800,4.39039278
0.56658800,4.39039278
0.56722800,4.21460629
0.56786800,4.03820896
0.56850800,3.86181211
0.56914800,3.86181211
0.56978800,3.86181211
0.57042800,3.68541527
0.57106800,3.50962853
0.57170800,3.50962853
0.57234800,3.33323169
0.57298800,3.33323169
0.57362800,3.15683460
0.57426800,2.98043752
0.57490800,2.98043752
0.57554800,2.62825394
0.57618800,2.62825394
0.57682800,2.45185709
0.57746800,2.45185709
0.57810800,2.27546000
0.57874800,2.09967351
0.57938800,1.92327642
0.58002800,1.92327642
0.58066800,1.74687946
0.58130800,1.74687946
0.58194800,1.57048249
0.58258800,1.57048249
0.58322800,1.39469588
0.58386800,1.39469588
0.58450800,1.21829891
0.58514800,1.21829891
0.58578800,1.04190195
0.58642800,1.04190195
0.58706800,0.86550492
0.58770800,0.86550492
0.58834800,0.68971831
0.58898800,0.68971831
0.58962800,0.51332134
0.59026800,0.51332134
0.59090800,0.51332134
0.59154800,0.33692434
0.59218800,0.33692434
0.59282800,0.33692434
0.59346800,0.16052736
0.59410800,0.33692434
0.59474800,0.16052736
0.59538800,0.16052736
0.59602800,0.16052736
0.59666800,0.16052736
0.59730800,0.16052736
0.59794800,0.16052736
0.59858800,-0.01525925
0.59922800,-0.01525925
0.59986800,-0.01525925
0.60050800,-0.01525925
0.60114800,-0.01525925
0.60178800,-0.01525925
0.60242800,-0.01525925
0.60306800,0.16052736
0.60370800,0.16052736
0.60434800,-0.01525925
0.60498800,0.16052736
0.60562800,0.16052736
0.60626800,-0.01525925
0.60690800,0.16052736
0.60754800,0.16052736
0.60818800,0.16052736
0.60882800,0.16052736
0.60946800,0.33692434
0.61010800,0.33692434
0.61074800,0.33692434
0.61138800,0.33692434
0.61202800,0.33692434
0.61266800,0.51332134
0.61330800,0.51332134
0.61394800,0.51332134
0.61458800,0.68971831
0.61522800,0.68971831
0.61586800,0.68971831
0.61650800,0.68971831
0.61714800,0.86550492
0.61778800,0.86550492
0.61842800,0.86550492
0.61906800,1.04190195
0.61970800,1.04190195
0.62034800,1.04190195
0.62098800,1.04190195
0.62162800,1.04190195
0.62226800,1.21829891
0.62290800,1.21829891
0.62354800,1.21829891
0.62418800,1.21829891
0.62482800,1.21829891
0.62546800,1.39469588
0.62610800,1.39469588
0.62674800,1.39469588
0.62738800,1.39469588
0.62802800,1.39469588
0.62866800,1.39469588
0.62930800,1.39469588
0.62994800,1.57048249
0.63058800,1.57048249
0.63122800,1.57048249
0.63186800,1.57048249
0.63250800,1.57048249
0.63314800,1.57048249
0.63378800,1.39469588
0.63442800,1.39469588
0.63506800,1.39469588
0.63570800,1.39469588
0.63634800,1.39469588
0.63698800,1.21829891
0.63762800,1.21829891
0.63826800,1.21829891
0.63890800,1.21829891
0.63954800,1.21829891
0.64018800,1.21829891
0.64082800,1.04190195
0.64146800,0.86550492
0.64210800,0.86550492
0.64274800,0.68971831
0.64338800,0.86550492
0.64402800,0.68971831
0.64466800,0.51332134
0.64530800,0.51332134
0.64594800,0.33692434
0.64658800,0.33692434
0.64722800,0.33692434
0.64786800,0.16052736
0.64850800,0.16052736
0.64914800,-0.01525925
0.64978800,-0.19104587
0.65042800,-0.19104587
0.65106800,-0.36744285
0.65170800,-0.54383981
0.65234800,-0.54383981
0.65298800,-0.72023684
0.65362800,-0.89602345
0.65426800,-1.07242048
0.65490800,-1.07242048
0.65554800,-1.24881744
0.65618800,-1.42521441
0.65682800,-1.60100102
0.65746800,-1.60100102
0.65810800,-1.77739799
0.65874800,-1.95379496
0.65938800,-2.13019204
0.66002800,-2.30597854
0.66066800,-2.30597854
0.66130800,-2.48237562
0.66194800,-2.65877247
0.66258800,-2.65877247
0.66322800,-2.83516955
0.66386800,-3.01095605
0.66450800,-3.18735313
0.66514800,-3.18735313
0.66578800,-3.36375022
0.66642800,-3.54014707
0.66706800,-3.71593380
0.66770800,-3.71593380
0.66834800,-3.89233065
0.66898800,-3.89233065
0.66962800,-4.06872749
0.67026800,-4.24512482
0.67090800,-4.24512482
0.67154800,-4.59730816
0.67218800,-4.59730816
0.67282800,-4.59730816
0.67346800,-4.77370548
0.67410800,-4.77370548
0.67474800,-4.95010233
0.67538800,-5.12588882
0.67602800,-5.12588882
0.67666800,-5.30228567
0.67730800,-5.30228567
0.67794800,-5.30228567
0.67858800,-5.30228567
0.67922800,-5.47868299
0.67986800,-5.47868299
0.68050800,-5.47868299
0.68114800,-5.47868299
0.68178800,-5.65507984
0.68242800,-5.65507984
0.68306800,-5.65507984
0.68370800,-5.65507984
0.68434800,-5.65507984
0.68498800,-5.65507984
0.68562800,-5.65507984
0.68626800,-5.83086634
0.68690800,-5.65507984
0.68754800,-5.65507984
0.68818800,-5.65507984
0.68882800,-5.65507984
0.68946800,-5.47868299
0.69010800,-5.65507984
0.69074800,-5.47868299
0.69138800,-5.47868299
0.69202800,-5.30228567
0.69266800,-5.30228567
0.69330800,-5.30228567
0.69394800,-5.30228567
0.69458800,-5.12588882
0.69522800,-5.12588882
0.69586800,-4.95010233
0.69650800,-4.95010233
0.69714800,-4.77370548
0.69778800,-4.59730816
0.69842800,-4.59730816
0.69906800,-4.42091131
0.69970800,-4.42091131
0.70034800,-4.24512482
0.70098800,-4.06872749
0.70162800,-3.89233065
0.70226800,-3.71593380
0.70290800,-3.71593380
0.70354800,-3.54014707
0.70418800,-3.36375022
0.70482800,-3.18735313
0.70546800,-3.18735313
0.70610800,-3.01095605
0.70674800,-2.83516955
0.70738800,-2.65877247
0.70802800,-2.65877247
0.70866800,-2.48237562
0.70930800,-2.30597854
0.70994800,-2.13019204
0.71058800,-1.95379496
0.71122800,-1.77739799
0.71186800,-1.77739799
0.71250800,-1.60100102
0.71314800,-1.42521441
0.71378800,-1.07242048
0.71442800,-0.89602345
0.71506800,-0.89602345
0.71570800,-0.72023684
0.71634800,-0.54383981
0.71698800,-0.36744285
0.71762800,-0.36744285
0.71826800,-0.19104587
0.71890800,-0.01525925
0.71954800,0.16052736
0.72018800,0.33692434
0.72082800,0.33692434
0.72146800,0.51332134
0.72210800,0.68971831
0.72274800,0.86550492
0.72338800,1.04190195
0.72402800,1.21829891
0.72466800,1.21829891
0.72530800,1.39469588
0.72594800,1.57048249
0.72658800,1.57048249
0.72722800,1.74687946
0.72786800,1.74687946
0.72850800,1.92327642
0.72914800,1.92327642
0.72978800,2.09967351
0.73042800,2.09967351
0.73106800,2.27546000
0.73170800,2.45185709
0.73234800,2.45185709
0.73298800,2.45185709
0.73362800,2.62825394
0.73426800,2.62825394
0.73490800,2.62825394
0.73554800,2.80465102
0.73618800,2.80465102
0.73682800,2.80465102
0.73746800,2.80465102
0.73810800,2.98043752
0.73874800,2.98043752
0.73938800,2.98043752
0.74002800,3.15683460
0.74066800,3.15683460
0.74130800,3.15683460
0.74194800,3.15683460
0.74258800,3.15683460
0.74322800,3.15683460
0.74386800,3.15683460
0.74450800,3.15683460
0.74514800,3.15683460
0.74578800,3.15683460
0.74642800,3.15683460
0.74706800,3.15683460
0.74770800,3.15683460
0.74834800,2.98043752
0.74898800,2.98043752
0.74962800,2.98043752
0.75026800,2.80465102
0.75090800,2.98043752
0.75154800,2.98043752
0.75218800,2.98043752
0.75282800,2.62825394
0.75346800,2.62825394
0.75410800,2.62825394
0.75474800,2.62825394
0.75538800,2.62825394
0.75602800,2.45185709
0.75666800,2.45185709
0.75730800,2.45185709
0.75794800,2.27546000
0.75858800,2.27546000
0.75922800,2.27546000
0.75986800,2.27546000
0.76050800,2.09967351
0.76114800,1.92327642
0.76178800,2.09967351
0.76242800,1.92327642
0.76306800,1.92327642
0.76370800,1.74687946
0.76434800,1.74687946
0.76498800,1.74687946
0.76562800,1.74687946
0.76626800,1.74687946
0.76690800,1.57048249
0.76754800,1.57048249
0.76818800,1.39469588
0.76882800,1.39469588
0.76946800,1.39469588
0.77010800,1.21829891
0.77074800,1.21829891
0.77138800,1.21829891
0.77202800,1.21829891
0.77266800,1.21829891
0.77330800,1.21829891
0.77394800,1.21829891
0.77458800,1.04190195
0.77522800,1.04190195
0.77586800,1.04190195
0.77650800,1.04190195
0.77714800,1.04190195
0.77778800,1.04190195
0.77842800,1.04190195
0.77906800,1.04190195
0.77970800,1.04190195
0.78034800,1.04190195
0.78098800,1.04190195
0.78162800,1.04190195
0.78226800,1.04190195
0.78290800,1.04190195
0.78354800,1.04190195
0.78418800,1.04190195
0.78482800,1.04190195
0.78546800,1.04190195
0.78610800,1.21829891
0.78674800,1.04190195
0.78738800,1.21829891
0.78802800,1.21829891
0.78866800,1.21829891
0.78930800,1.21829891
0.78994800,1.21829891
0.79058800,1.39469588
0.79122800,1.39469588
0.79186800,1.39469588
0.79250800,1.57048249
0.79314800,1.57048249
0.79378800,1.57048249
0.79442800,1.74687946
0.79506800,1.74687946
0.79570800,1.74687946
0.79634800,1.74687946
0.79698800,1.92327642
0.79762800,1.92327642
0.79826800,1.92327642
0.79890800,1.92327642
0.79954800,2.09967351
0.80018800,2.09967351
0.80082800,2.27546000
0.80146800,2.27546000
0.80210800,2.27546000
0.80274800,2.45185709
0.80338800,2.45185709
0.80402800,2.45185709
0.80466800,2.62825394
0.80530800,2.62825394
0.80594800,2.80465102
0.80658800,2.62825394
0.80722800,2.80465102
0.80786800,2.80465102
0.80850800,2.80465102
0.80914800,2.98043752
0.80978800,2.98043752
0.81042800,3.15683460
0.81106800,3.15683460
0.81170800,3.15683460
0.81234800,3.15683460
0.81298800,3.15683460
0.81362800,3.15683460
0.81426800,3.15683460
0.81490800,3.33323169
0.81554800,3.33323169
0.81618800,3.33323169
0.81682800,3.33323169
0.81746800,3.33323169
0.81810800,3.33323169
0.81874800,3.33323169
0.81938800,3.33323169
0.82002800,3.33323169
0.82066800,3.33323169
0.82130800,3.33323169
0.82194800,3.33323169
0.82258800,3.33323169
0.82322799,3.15683460
0.82386799,3.33323169
0.82450799,3.15683460
0.82514799,3.15683460
0.82578799,3.15683460
0.82642799,3.15683460
0.82706799,3.15683460
0.82770799,2.98043752
0.82834799,2.80465102
0.82898799,2.80465102
0.82962799,2.80465102
0.83026799,2.80465102
0.83090799,2.62825394
0.83154799,2.62825394
0.83218799,2.45185709
0.83282799,2.45185709
0.83346799,2.27546000
0.83410799,2.27546000
0.83474799,2.09967351
0.83538799,1.92327642
0.83602799,1.92327642
0.83666799,1.92327642
0.83730799,1.74687946
0.83794799,1.57048249
0.83858799,1.57048249
0.83922799,1.39469588
0.83986799,1.21829891
0.84050799,1.04190195
0.84114799,1.04190195
0.84178799,0.86550492
0.84242799,0.68971831
0.84306799,0.51332134
0.84370799,0.33692434
0.84434799,0.33692434
0.84498799,0.33692434
0.84562799,0.16052736
0.84626799,-0.01525925
0.84690799,-0.19104587
0.84754799,-0.36744285
0.84818799,-0.54383981
0.84882799,-0.72023684
0.84946799,-0.89602345
0.85010799,-0.89602345
0.85074799,-1.07242048
0.85138799,-1.24881744
0.85202799,-1.42521441
0.85266799,-1.60100102
0.85330799,-1.60100102
0.85394799,-1.77739799
0.85458799,-1.95379496
0.85522799,-1.95379496
0.85586799,-2.13019204
0.85650799,-2.30597854
0.85714799,-2.48237562
0.85778799,-2.65877247
0.85842799,-2.65877247
0.85906799,-2.83516955
0.85970799,-3.01095605
0.86034799,-3.18735313
0.86098799,-3.18735313
0.86162799,-3.36375022
0.86226799,-3.54014707
0.86290799,-3.36375022
0.86354799,-3.71593380
0.86418799,-3.71593380
0.86482799,-3.89233065
0.86546799,-3.89233065
0.86610799,-4.06872749
0.86674799,-4.06872749
0.86738799,-4.06872749
0.86802799,-4.24512482
0.86866799,-4.24512482
0.86930799,-4.24512482
0.86994799,-4.42091131
0.87058799,-4.59730816
0.87122799,-4.59730816
0.87186799,-4.42091131
0.87250799,-4.59730816
0.87314799,-4.59730816
0.87378799,-4.77370548
0.87442799,-4.77370548
0.87506799,-4.77370548
0.87570799,-4.77370548
0.87634799,-4.77370548
0.87698799,-4.77370548
0.87762799,-4.77370548
0.87826799,-4.77370548
0.87890799,-4.77370548
0.87954799,-4.77370548
0.88018799,-4.77370548
0.88082799,-4.77370548
0.88146799,-4.77370548
0.88210799,-4.77370548
0.88274799,-4.77370548
0.88338799,-4.59730816
0.88402799,-4.59730816
0.88466799,-4.59730816
0.88530799,-4.42091131
0.88594799,-4.42091131
0.88658799,-4.42091131
0.88722799,-4.24512482
0.88786799,-4.42091131
0.88850799,-4.24512482
0.88914799,-4.06872749
0.88978799,-4.06872749
0.89042799,-3.89233065
0.89106799,-3.89233065
0.89170799,-3.89233065
0.89234799,-3.71593380
0.89298799,-3.71593380
0.89362799,-3.71593380
0.89426799,-3.54014707
0.89490799,-3.36375022
0.89554799,-3.18735313
0.89618799,-3.18735313
0.89682799,-3.18735313
0.89746799,-3.18735313
0.89810799,-3.01095605
0.89874799,-2.83516955
0.89938799,-2.65877247
0.90002799,-2.65877247
0.90066799,-2.48237562
0.90130799,-2.48237562
0.90194799,-2.30597854
0.90258799,-2.30597854
0.90322799,-2.13019204
0.90386799,-1.95379496
0.90450799,-1.95379496
0.90514799,-1.77739799
0.90578799,-1.77739799
0.90642799,-1.60100102
0.90706799,-1.60100102
0.90770799,-1.42521441
0.90834799,-1.24881744
0.90898799,-1.24881744
0.90962799,-1.07242048
0.91026799,-0.89602345
0.91090799,-0.89602345
0.91154799,-0.89602345
0.91218799,-0.72023684
0.91282799,-0.54383981
0.91346799,-0.54383981
0.91410799,-0.36744285
0.91474799,-0.36744285
0.91538799,-0.36744285
0.91602799,-0.36744285
0.91666799,-0.19104587
0.91730799,-0.19104587
0.91794799,-0.19104587
0.91858799,-0.01525925
0.91922799,-0.01525925
0.91986799,0.16052736
0.92050799,0.16052736
0.92114799,0.16052736
0.92178799,0.33692434
0.92242799,0.33692434
0.92306799,0.33692434
0.92370799,0.33692434
0.92434799,0.51332134
0.92498799,0.51332134
0.92562799,0.51332134
0.92626799,0.51332134
0.92690799,0.51332134
0.92754799,0.51332134
0.92818799,0.51332134
0.92882799,0.51332134
0.92946799,0.68971831
0.93010799,0.68971831
0.93074799,0.51332134
0.93138799,0.51332134
0.93202799,0.68971831
0.93266799,0.68971831
0.93330799,0.68971831
0.93394799,0.51332134
0.93458799,0.68971831
0.93522799,0.68971831
0.93586799,0.51332134
0.93650799,0.51332134
0.93714799,0.51332134
0.93778799,0.51332134
0.93842799,0.51332134
0.93906799,0.51332134
0.93970799,0.51332134
0.94034799,0.51332134
0.94098799,0.51332134
0.94162799,0.51332134
0.94226799,0.33692434
0.94290799,0.33692434
0.94354799,0.33692434
0.94418799,0.33692434
0.94482799,0.33692434
0.94546799,0.33692434
0.94610799,0.33692434
0.94674799,0.33692434
0.94738799,0.16052736
0.94802799,0.16052736
0.94866799,0.16052736
0.94930799,0.16052736
0.94994799,0.16052736
0.95058799,-0.01525925
0.95122799,-0.01525925
0.95186799,-0.01525925
0.95250799,-0.01525925
0.95314799,-0.01525925
0.95378799,-0.01525925
0.95442799,-0.01525925
0.95506799,-0.01525925
0.95570799,-0.01525925
0.95634799,-0.19104587
0.95698799,-0.19104587
0.95762799,-0.19104587
0.95826799,-0.01525925
0.95890799,-0.19104587
0.95954799,-0.01525925
0.96018799,-0.19104587
0.96082799,-0.19104587
0.96146799,-0.01525925
0.96210799,-0.19104587
0.96274799,-0.01525925
0.96338799,-0.01525925
0.96402799,-0.01525925
0.96466799,-0.01525925
0.96530799,-0.01525925
0.96594799,0.16052736
0.96658799,0.16052736
0.96722799,0.16052736
0.96786799,0.16052736
0.96850799,0.16052736
0.96914799,0.16052736
0.96978799,0.33692434
0.97042799,0.33692434
0.97106799,0.33692434
0.97170799,0.33692434
0.97234799,0.33692434
0.97298799,0.51332134
0.97362799,0.51332134
0.97426799,0.51332134
0.97490799,0.68971831
0.97554799,0.68971831
0.97618799,0.86550492
0.97682799,0.86550492
0.97746799,1.04190195
0.97810799,1.04190195
0.97874799,1.04190195
0.97938799,1.21829891
0.98002799,1.21829891
0.98066799,1.39469588
0.98130799,1.39469588
0.98194799,1.57048249
0.98258799,1.57048249
0.98322799,1.74687946
0.98386799,1.74687946
0.98450799,1.92327642
0.98514799,1.92327642
0.98578799,1.92327642
0.98642799,1.92327642
0.98706799,2.09967351
0.98770799,2.27546000
0.98834799,2.45185709
0.98898799,2.45185709
0.98962799,2.45185709
0.99026799,2.45185709
0.99090799,2.62825394
0.99154799,2.80465102
0.99218799,2.80465102
0.99282799,2.98043752
0.99346799,3.15683460
0.99410799,3.15683460
0.99474799,3.15683460
0.99538799,3.33323169
0.99602799,3.33323169
0.99666799,3.33323169
0.99730799,3.50962853
0.99794799,3.50962853
0.99858799,3.68541527
0.99922799,3.68541527
0.99986799,3.68541527
1.00050799,3.86181211
1.00114799,3.86181211
1.00178799,3.86181211
1.00242799,3.86181211
1.00306799,4.03820896
1.00370799,4.03820896
1.00434799,4.03820896
1.00498799,4.03820896
1.00562799,4.03820896
1.00626799,4.21460629
1.00690799,4.21460629
1.00754799,4.21460629
1.00818799,4.21460629
1.00882799,4.21460629
1.00946799,4.21460629
1.01010799,4.21460629
1.01074799,4.21460629
1.01138799,4.21460629
1.01202799,4.21460629
1.01266799,4.21460629
1.01330799,4.21460629
1.01394799,4.21460629
1.01458799,4.03820896
1.01522799,4.03820896
1.01586799,4.03820896
1.01650799,4.03820896
1.01714799,4.03820896
1.01778799,4.03820896
1.01842799,4.03820896
1.01906799,3.86181211
1.01970799,3.86181211
1.02034799,3.68541527
1.02098799,3.68541527
1.02162799,3.50962853
1.02226799,3.50962853
1.02290799,3.50962853
1.02354799,3.33323169
1.02418799,3.33323169
1.02482799,3.33323169
1.02546799,3.15683460
1.02610799,3.15683460
1.02674799,2.98043752
1.02738799,2.80465102
1.02802799,2.80465102
1.02866799,2.62825394
1.02930799,2.62825394
1.02994799,2.45185709
1.03058799,2.45185709
1.03122799,2.27546000
1.03186799,2.09967351
1.03250799,1.92327642
1.03314799,1.92327642
1.03378799,1.74687946
1.03442799,1.74687946
1.03506799,1.57048249
1.03570799,1.39469588
1.03634799,1.21829891
1.03698799,1.21829891
1.03762799,1.04190195
1.03826799,1.04190195
1.03890799,0.86550492
1.03954799,0.68971831
1.04018799,0.51332134
1.04082799,0.33692434
1.04146799,0.16052736
1.04210799,0.16052736
1.04274799,-0.01525925
1.04338799,-0.19104587
1.04402799,-0.19104587
1.04466799,-0.36744285
1.04530799,-0.36744285
1.04594799,-0.54383981
1.04658799,-0.72023684
1.04722799,-0.89602345
1.04786799,-0.89602345
1.04850799,-1.07242048
1.04914799,-1.24881744
1.04978799,-1.24881744
1.05042799,-1.42521441
1.05106799,-1.42521441
1.05170799,-1.60100102
1.05234799,-1.77739799
1.05298799,-1.77739799
1.05362799,-1.95379496
1.05426799,-1.95379496
1.05490799,-2.13019204
1.05554799,-2.13019204
1.05618799,-2.30597854
1.05682799,-2.30597854
1.05746799,-2.48237562
1.05810799,-2.48237562
1.05874799,-2.48237562
1.05938799,-2.48237562
1.06002799,-2.48237562
1.06066799,-2.65877247
1.06130799,-2.83516955
1.06194799,-2.83516955
1.06258799,-2.83516955
1.06322799,-2.83516955
1.06386799,-2.83516955
1.06450799,-3.01095605
1.06514799,-3.01095605
1.06578799,-3.01095605
1.06642799,-3.01095605
1.06706799,-3.01095605
1.06770799,-3.01095605
1.06834799,-3.01095605
1.06898799,-3.18735313
1.06962799,-3.18735313
1.07026799,-3.18735313
1.07090799,-3.18735313
1.07154799,-3.01095605
1.07218799,-3.18735313
1.07282799,-3.18735313
1.07346799,-3.01095605
1.07410799,-3.18735313
1.07474799,-3.01095605
1.07538799,-3.01095605
1.07602799,-3.01095605
1.07666799,-3.01095605
1.07730799,-3.01095605
1.07794799,-3.01095605
1.07858799,-2.83516955
1.07922799,-2.83516955
1.07986799,-2.83516955
1.08050799,-2.65877247
1.08114799,-2.83516955
1.08178799,-2.83516955
1.08242799,-2.65877247
1.08306799,-2.65877247
1.08370799,-2.48237562
1.08434799,-2.48237562
1.08498799,-2.48237562
1.08562799,-2.48237562
1.08626799,-2.30597854
1.08690799,-2.30597854
1.08754799,-2.30597854
1.08818799,-2.30597854
1.08882799,-2.13019204
1.08946799,-2.13019204
1.09010799,-2.13019204
1.09074799,-1.95379496
1.09138799,-1.95379496
1.09202799,-1.95379496
1.09266799,-1.77739799
1.09330799,-1.77739799
1.09394799,-1.77739799
1.09458799,-1.77739799
1.09522799,-1.77739799
1.09586799,-1.77739799
1.09650799,-1.60100102
1.09714799,-1.60100102
1.09778799,-1.42521441
1.09842799,-1.42521441
1.09906799,-1.42521441
1.09970799,-1.42521441
1.10034799,-1.24881744
1.10098799,-1.24881744
1.10162799,-1.24881744
1.10226799,-1.24881744
1.10290799,-1.24881744
1.10354799,-1.07242048
1.10418799,-1.07242048
1.10482799,-1.07242048
1.10546799,-0.89602345
1.10610799,-0.89602345
1.10674799,-0.89602345
1.10738799,-0.89602345
1.10802799,-0.89602345
1.10866799,-0.89602345
1.10930799,-0.89602345
1.10994799,-1.07242048
1.11058799,-0.89602345
1.11122799,-0.89602345
1.11186799,-0.89602345
1.11250799,-0.89602345
1.11314799,-0.89602345
1.11378799,-0.89602345
1.11442799,-0.89602345
1.11506799,-0.89602345
1.11570799,-0.89602345
1.11634799,-0.89602345
1.11698799,-0.89602345
1.11762799,-0.89602345
1.11826799,-0.89602345
1.11890799,-0.89602345
1.11954799,-1.07242048
1.12018799,-0.89602345
1.12082799,-0.89602345
1.12146799,-1.07242048
1.12210799,-1.07242048
1.12274799,-1.07242048
1.12338799,-1.07242048
1.12402799,-1.07242048
1.12466799,-1.24881744
1.12530799,-1.07242048
1.12594799,-1.24881744
1.12658799,-1.24881744
1.12722799,-1.24881744
1.12786799,-1.42521441
1.12850799,-1.42521441
1.12914799,-1.24881744
1.12978799,-1.42521441
1.13042799,-1.42521441
1.13106799,-1.60100102
1.13170799,-1.42521441
1.13234799,-1.60100102
1.13298799,-1.60100102
1.13362799,-1.60100102
1.13426799,-1.60100102
1.13490799,-1.60100102
1.13554799,-1.77739799
1.13618799,-1.60100102
1.13682799,-1.77739799
1.13746799,-1.77739799
1.13810799,-1.77739799
1.13874799,-1.77739799
1.13938799,-1.77739799
1.14002799,-1.77739799
1.14066799,-1.77739799
1.14130799,-1.77739799
1.14194799,-1.77739799
1.14258799,-1.77739799
1.14322799,-1.77739799
1.14386799,-1.77739799
1.14450799,-1.77739799
1.14514799,-1.77739799
1.14578799,-1.77739799
1.14642799,-1.77739799
1.14706799,-1.77739799
1.14770799,-1.77739799
1.14834799,-1.77739799
1.14898799,-1.77739799
1.14962799,-1.77739799
1.15026799,-1.60100102
1.15090799,-1.77739799
1.15154799,-1.60100102
1.15218799,-1.60100102
1.15282799,-1.60100102
1.15346799,-1.60100102
1.15410799,-1.60100102
1.15474799,-1.60100102
1.15538799,-1.42521441
1.15602799,-1.42521441
1.15666799,-1.24881744
1.15730799,-1.24881744
1.15794799,-1.24881744
1.15858799,-1.07242048
1.15922799,-1.07242048
1.15986799,-1.07242048
1.16050799,-0.89602345
1.16114799,-0.89602345
1.16178799,-0.89602345
1.16242799,-0.72023684
1.16306799,-0.54383981
1.16370799,-0.54383981
1.16434799,-0.54383981
1.16498799,-0.36744285
1.16562799,-0.36744285
1.16626799,-0.19104587
1.16690799,-0.19104587
1.16754799,-0.01525925
1.16818799,0.16052736
1.16882799,0.16052736
1.16946799,0.33692434
1.17010799,0.33692434
1.17074799,0.51332134
1.17138799,0.51332134
1.17202799,0.51332134
1.17266799,0.68971831
1.17330799,0.86550492
1.17394799,1.04190195
1.17458799,1.04190195
1.17522799,1.04190195
1.17586799,1.21829891
1.17650799,1.39469588
1.17714799,1.57048249
1.17778799,1.57048249
1.17842799,1.57048249
1.17906799,1.74687946
1.17970799,1.74687946
1.18034799,1.92327642
1.18098799,1.92327642
1.18162799,2.09967351
1.18226799,2.27546000
1.18290799,2.27546000
1.18354799,2.45185709
1.18418799,2.45185709
1.18482799,2.62825394
1.18546799,2.62825394
1.18610799,2.80465102
1.18674799,2.98043752
1.18738799,2.98043752
1.18802799,2.98043752
1.18866799,3.15683460
1.18930799,3.15683460
1.18994799,3.15683460
1.19058799,3.33323169
1.19122799,3.33323169
1.19186799,3.50962853
1.19250799,3.50962853
1.19314799,3.68541527
1.19378799,3.68541527
1.19442799,3.68541527
1.19506799,3.68541527
1.19570799,3.86181211
1.19634799,3.86181211
1.19698799,3.86181211
1.19762799,3.86181211
1.19826799,3.86181211
1.19890799,3.86181211
1.19954799,3.86181211
1.20018799,4.03820896
1.20082799,4.03820896
1.20146799,4.03820896
1.20210799,4.03820896
1.20274799,4.03820896
1.20338799,4.03820896
1.20402799,4.03820896
1.20466799,4.03820896
1.20530799,4.03820896
1.20594799,3.86181211
1.20658799,4.03820896
1.20722799,3.86181211
1.20786799,3.86181211
1.20850799,3.86181211
1.20914799,3.86181211
1.20978799,3.86181211
1.21042799,3.86181211
1.21106799,3.86181211
1.21170799,3.68541527
1.21234799,3.68541527
1.21298799,3.68541527
1.21362799,3.68541527
1.21426799,3.50962853
1.21490799,3.50962853
1.21554799,3.33323169
1.21618799,3.33323169
1.21682799,3.33323169
1.21746799,3.15683460
1.21810799,3.15683460
1.21874799,3.15683460
1.21938799,3.15683460
1.22002799,2.98043752
1.22066799,2.98043752
1.22130799,2.80465102
1.22194799,2.62825394
1.22258799,2.62825394
1.22322799,2.62825394
1.22386799,2.45185709
1.22450799,2.27546000
1.22514799,2.27546000
1.22578799,2.09967351
1.22642799,2.09967351
1.22706799,1.92327642
1.22770799,1.92327642
1.22834799,1.74687946
1.22898799,1.74687946
1.22962799,1.74687946
1.23026799,1.57048249
1.23090799,1.39469588
1.23154799,1.39469588
1.23218799,1.21829891
1.23282799,1.21829891
1.23346799,1.04190195
1.23410799,1.04190195
1.23474799,0.86550492
1.23538799,0.86550492
1.23602799,0.86550492
1.23666799,0.68971831
1.23730799,0.51332134
1.23794799,0.51332134
1.23858799,0.33692434
1.23922799,0.33692434
1.23986799,0.33692434
1.24050799,0.16052736
1.24114799,0.16052736
1.24178799,-0.01525925
1.24242799,-0.01525925
1.24306799,-0.19104587
1.24370799,-0.19104587
1.24434799,-0.36744285
1.24498799,-0.36744285
1.24562799,-0.36744285
1.24626799,-0.36744285
1.24690799,-0.36744285
1.24754799,-0.54383981
1.24818799,-0.54383981
1.24882799,-0.72023684
1.24946799,-0.72023684
1.25010799,-0.72023684
1.25074799,-0.72023684
1.25138799,-0.89602345
1.25202799,-0.89602345
1.25266799,-0.89602345
1.25330799,-0.89602345
1.25394799,-0.89602345
1.25458799,-1.07242048
1.25522799,-0.89602345
1.25586799,-1.07242048
1.25650799,-1.07242048
1.25714799,-1.07242048
1.25778799,-1.07242048
1.25842799,-1.07242048
1.25906799,-1.07242048
1.25970799,-1.07242048
1.26034799,-1.07242048
1.26098799,-1.07242048
1.26162799,-1.07242048
1.26226799,-1.07242048
1.26290799,-1.07242048
1.26354799,-1.07242048
1.26418799,-1.07242048
1.26482799,-1.07242048
1.26546799,-1.07242048
1.26610799,-1.07242048
1.26674799,-1.07242048
1.26738799,-1.07242048
1.26802799,-1.07242048
1.26866799,-1.07242048
1.26930799,-1.07242048
1.26994799,-1.07242048
1.27058799,-1.07242048
1.27122799,-1.07242048
1.27186799,-0.89602345
1.27250799,-0.89602345
1.27314799,-0.89602345
1.27378799,-0.89602345
1.27442799,-0.89602345
1.27506799,-0.89602345
1.27570799,-0.89602345
1.27634799,-0.89602345
1.27698799,-0.89602345
1.27762799,-0.89602345
1.27826799,-0.89602345
1.27890799,-0.89602345
1.27954799,-0.89602345
1.28018799,-0.72023684
1.28082799,-0.89602345
1.28146799,-0.72023684
1.28210799,-0.72023684
1.28274799,-0.72023684
1.28338799,-0.72023684
1.28402799,-0.54383981
1.28466799,-0.72023684
1.28530799,-0.72023684
1.28594799,-0.72023684
1.28658799,-0.54383981
1.28722799,-0.72023684
1.28786799,-0.72023684
1.28850799,-0.72023684
1.28914799,-0.54383981
1.28978799,-0.54383981
1.29042799,-0.54383981
1.29106799,-0.54383981
1.29170799,-0.54383981
1.29234799,-0.72023684
1.29298799,-0.72023684
1.29362799,-0.54383981
1.29426799,-0.72023684
1.29490799,-0.72023684
1.29554799,-0.89602345
1.29618799,-0.72023684
1.29682799,-0.72023684
1.29746799,-0.89602345
1.29810799,-0.72023684
1.29874799,-0.89602345
1.29938799,-0.89602345
1.30002799,-0.89602345
1.30066799,-0.89602345
1.30130799,-0.89602345
1.30194799,-0.89602345
1.30258799,-1.07242048
1.30322799,-1.07242048
1.30386799,-1.07242048
1.30450799,-1.07242048
1.30514799,-1.24881744
1.30578799,-1.24881744
1.30642799,-1.24881744
1.30706799,-1.24881744
1.30770799,-1.42521441
1.30834799,-1.42521441
1.30898799,-1.60100102
1.30962799,-1.60100102
1.31026799,-1.60100102
1.31090799,-1.60100102
1.31154799,-1.60100102
1.31218799,-1.77739799
1.31282799,-1.77739799
1.31346799,-1.77739799
1.31410799,-1.77739799
1.31474799,-1.95379496
1.31538799,-1.95379496
1.31602799,-1.95379496
1.31666799,-2.13019204
1.31730799,-2.13019204
1.31794799,-2.13019204
1.31858799,-2.30597854
1.31922799,-2.30597854
1.31986799,-2.30597854
1.32050799,-2.30597854
1.32114799,-2.30597854
1.32178799,-2.48237562
1.32242799,-2.48237562
1.32306799,-2.48237562
1.32370799,-2.48237562
1.32434799,-2.48237562
1.32498799,-2.65877247
1.32562799,-2.65877247
1.32626799,-2.65877247
1.32690799,-2.65877247
1.32754799,-2.65877247
1.32818799,-2.83516955
1.32882799,-2.83516955
1.32946799,-2.83516955
1.33010799,-2.83516955
1.33074799,-2.83516955
1.33138799,-2.83516955
1.33202799,-3.01095605
1.33266799,-3.01095605
1.33330799,-3.01095605
1.33394799,-3.01095605
1.33458799,-2.83516955
1.33522799,-3.01095605
1.33586799,-3.01095605
1.33650799,-3.01095605
1.33714799,-2.83516955
1.33778799,-3.01095605
1.33842799,-3.01095605
1.33906799,-2.83516955
1.33970799,-2.83516955
1.34034799,-2.83516955
1.34098799,-2.83516955
1.34162799,-2.83516955
1.34226799,-2.83516955
1.34290799,-2.65877247
1.34354799,-2.65877247
1.34418799,-2.65877247
1.34482799,-2.65877247
1.34546799,-2.48237562
1.34610799,-2.48237562
1.34674799,-2.48237562
1.34738799,-2.48237562
1.34802799,-2.30597854
1.34866799,-2.30597854
1.34930799,-2.30597854
1.34994799,-2.13019204
1.35058799,-2.13019204
1.35122799,-2.13019204
1.35186799,-1.95379496
1.35250799,-1.95379496
1.35314799,-1.77739799
1.35378799,-1.77739799
1.35442799,-1.60100102
1.35506799,-1.77739799
1.35570799,-1.60100102
1.35634799,-1.42521441
1.35698799,-1.24881744
1.35762799,-1.24881744
1.35826799,-1.07242048
1.35890799,-1.07242048
1.35954799,-0.89602345
1.36018799,-0.89602345
1.36082799,-0.72023684
1.36146799,-0.54383981
1.36210799,-0.54383981
1.36274799,-0.54383981
1.36338799,-0.36744285
1.36402799,-0.36744285
1.36466799,-0.19104587
1.36530799,-0.19104587
1.36594799,-0.01525925
1.36658799,0.16052736
1.36722799,0.16052736
1.36786799,0.33692434
1.36850799,0.33692434
1.36914799,0.51332134
1.36978799,0.51332134
1.37042799,0.68971831
1.37106799,0.86550492
1.37170799,0.86550492
1.37234799,1.04190195
1.37298799,1.04190195
1.37362799,1.21829891
1.37426799,1.39469588
1.37490799,1.39469588
1.37554799,1.57048249
1.37618799,1.57048249
1.37682799,1.57048249
1.37746799,1.74687946
1.37810799,1.74687946
1.37874799,1.74687946
1.37938799,1.92327642
1.38002799,1.92327642
1.38066799,2.09967351
1.38130799,2.09967351
1.38194799,2.27546000
1.38258799,2.27546000
1.38322799,2.27546000
1.38386799,2.45185709
1.38450799,2.45185709
1.38514799,2.45185709
1.38578799,2.45185709
1.38642799,2.45185709
1.38706799,2.62825394
1.38770799,2.80465102
1.38834799,2.62825394
1.38898799,2.80465102
1.38962799,2.80465102
1.39026799,2.98043752
1.39090799,2.80465102
1.39154799,2.98043752
1.39218799,2.98043752
1.39282799,2.98043752
1.39346799,2.98043752
1.39410799,2.98043752
1.39474799,2.98043752
1.39538799,2.80465102
1.39602799,2.98043752
1.39666799,3.15683460
1.39730799,3.15683460
1.39794799,2.98043752
1.39858799,2.98043752
1.39922799,2.98043752
1.39986799,2.98043752
1.40050799,2.98043752
1.40114799,2.98043752
1.40178799,2.98043752
1.40242799,2.80465102
1.40306799,2.98043752
1.40370799,2.98043752
1.40434799,2.80465102
1.40498799,2.62825394
1.40562799,2.80465102
1.40626799,2.62825394
1.40690799,2.62825394
1.40754799,2.62825394
1.40818799,2.62825394
1.40882799,2.62825394
1.40946799,2.45185709
1.41010799,2.45185709
1.41074799,2.45185709
1.41138799,2.45185709
1.41202799,2.45185709
1.41266799,2.45185709
1.41330799,2.27546000
1.41394799,2.27546000
1.41458799,2.09967351
1.41522799,2.27546000
1.41586799,2.09967351
1.41650799,2.09967351
1.41714799,1.92327642
1.41778799,1.92327642
1.41842799,1.92327642
1.41906799,1.92327642
1.41970799,1.74687946
1.42034799,1.74687946
1.42098799,1.74687946
1.42162799,1.74687946
1.42226799,1.57048249
1.42290799,1.57048249
1.42354799,1.57048249
1.42418799,1.39469588
1.42482799,1.39469588
1.42546799,1.39469588
1.42610799,1.39469588
1.42674799,1.21829891
1.42738799,1.21829891
1.42802799,1.21829891
1.42866799,1.04190195
1.42930799,1.04190195
1.42994799,1.04190195
1.43058799,1.04190195
1.43122799,1.04190195
1.43186799,1.04190195
1.43250799,0.86550492
1.43314799,0.86550492
1.43378799,0.86550492
1.43442799,0.68971831
1.43506799,0.68971831
1.43570799,0.68971831
1.43634799,0.68971831
1.43698799,0.68971831
1.43762799,0.68971831
1.43826799,0.51332134
1.43890799,0.68971831
1.43954799,0.68971831
1.44018799,0.51332134
1.44082799,0.51332134
1.44146799,0.51332134
1.44210799,0.51332134
1.44274799,0.51332134
1.44338799,0.51332134
1.44402799,0.51332134
1.44466799,0.51332134
1.44530799,0.51332134
1.44594799,0.51332134
1.44658799,0.51332134
1.44722799,0.51332134
1.44786799,0.51332134
1.44850799,0.51332134
1.44914799,0.51332134
1.44978799,0.51332134
1.45042799,0.51332134
1.45106799,0.51332134
1.45170799,0.51332134
1.45234799,0.51332134
1.45298799,0.51332134
1.45362799,0.51332134
1.45426799,0.51332134
1.45490799,0.51332134
1.45554799,0.51332134
1.45618799,0.51332134
1.45682799,0.68971831
1.45746799,0.51332134
1.45810799,0.68971831
1.45874799,0.68971831
1.45938799,0.51332134
1.46002799,0.68971831
1.46066799,0.68971831
1.46130799,0.68971831
1.46194799,0.68971831
1.46258799,0.68971831
1.46322799,0.68971831
1.46386799,0.68971831
1.46450799,0.68971831
1.46514799,0.68971831
1.46578799,0.68971831
1.46642799,0.68971831
1.46706799,0.68971831
1.46770799,0.86550492
1.46834799,0.68971831
1.46898799,0.68971831
1.46962799,0.86550492
1.47026799,0.68971831
1.47090799,0.68971831
1.47154799,0.68971831
1.47218799,0.68971831
1.47282799,0.68971831
1.47346799,0.68971831
1.47410799,0.68971831
1.47474799,0.68971831
1.47538799,0.68971831
1.47602799,0.68971831
1.47666799,0.68971831
1.47730799,0.51332134
1.47794799,0.51332134
1.47858799,0.51332134
1.47922799,0.51332134
1.47986799,0.51332134
1.48050799,0.51332134
1.48114799,0.51332134
1.48178799,0.33692434
1.48242799,0.51332134
1.48306799,0.33692434
1.48370799,0.33692434
1.48434799,0.33692434
1.48498799,0.33692434
1.48562799,0.33692434
1.48626799,0.16052736
1.48690799,0.16052736
1.48754799,0.16052736
1.48818799,-0.01525925
1.48882799,-0.01525925
1.48946799,-0.19104587
1.49010799,-0.19104587
1.49074799,-0.19104587
1.49138799,-0.19104587
1.49202799,-0.36744285
1.49266799,-0.36744285
1.49330799,-0.36744285
1.49394799,-0.54383981
1.49458799,-0.36744285
1.49522799,-0.54383981
1.49586799,-0.72023684
1.49650799,-0.72023684
1.49714799,-0.72023684
1.49778799,-0.89602345
1.49842799,-0.89602345
1.49906799,-0.89602345
1.49970799,-1.07242048
1.50034799,-1.07242048
1.50098799,-1.24881744
1.50162799,-1.24881744
1.50226799,-1.42521441
1.50290799,-1.42521441
1.50354799,-1.42521441
1.50418799,-1.60100102
1.50482799,-1.60100102
1.50546799,-1.77739799
1.50610799,-1.77739799
1.50674799,-1.77739799
1.50738799,-1.77739799
1.50802799,-1.95379496
1.50866799,-1.95379496
1.50930799,-1.95379496
1.50994799,-2.13019204
1.51058799,-2.30597854
1.51122799,-2.30597854
1.51186799,-2.30597854
1.51250799,-2.30597854
1.51314799,-2.48237562
1.51378799,-2.48237562
1.51442799,-2.48237562
1.51506799,-2.65877247
1.51570799,-2.65877247
1.51634799,-2.65877247
1.51698799,-2.65877247
1.51762799,-2.83516955
1.51826799,-2.83516955
1.51890799,-2.83516955
1.51954799,-3.01095605
1.52018799,-2.83516955
1.52082799,-3.01095605
1.52146799,-3.01095605
1.52210799,-3.01095605
1.52274799,-3.01095605
1.52338799,-3.01095605
1.52402799,-3.01095605
1.52466799,-3.18735313
1.52530799,-3.18735313
1.52594799,-3.18735313
1.52658799,-3.01095605
1.52722799,-3.18735313
1.52786799,-3.18735313
1.52850799,-3.18735313
1.52914799,-3.18735313
1.52978799,-3.18735313
1.53042799,-3.18735313
1.53106799,-3.01095605
1.53170799,-3.01095605
1.53234799,-3.18735313
1.53298799,-3.01095605
1.53362799,-3.01095605
1.53426799,-3.01095605
1.53490799,-3.01095605
1.53554799,-3.01095605
1.53618799,-3.01095605
1.53682799,-2.83516955
1.53746799,-2.83516955
1.53810799,-2.83516955
1.53874799,-2.83516955
1.53938799,-2.65877247
1.54002799,-2.83516955
1.54066799,-2.65877247
1.54130799,-2.65877247
1.54194799,-2.48237562
1.54258799,-2.48237562
1.54322799,-2.48237562
1.54386799,-2.48237562
1.54450799,-2.30597854
1.54514799,-2.30597854
1.54578799,-2.30597854
1.54642799,-2.13019204
1.54706799,-2.13019204
1.54770799,-2.13019204
1.54834799,-1.95379496
1.54898799,-1.77739799
1.54962799,-1.77739799
1.55026799,-1.77739799
1.55090799,-1.60100102
1.55154799,-1.60100102
1.55218799,-1.60100102
1.55282799,-1.42521441
1.55346799,-1.42521441
1.55410799,-1.24881744
1.55474799,-1.07242048
1.55538799,-1.07242048
1.55602799,-1.07242048
1.55666799,-0.89602345
1.55730799,-0.89602345
1.55794799,-0.89602345
1.55858799,-0.72023684
1.55922799,-0.54383981
1.55986799,-0.54383981
1.56050799,-0.36744285
1.56114799,-0.36744285
1.56178799,-0.36744285
1.56242799,-0.19104587
1.56306799,-0.19104587
1.56370799,-0.01525925
1.56434799,-0.01525925
1.56498799,0.16052736
1.56562799,0.16052736
1.56626799,0.16052736
1.56690799,0.16052736
1.56754799,0.33692434
1.56818799,0.33692434
1.56882799,0.33692434
1.56946799,0.51332134
1.57010799,0.51332134
1.57074799,0.68971831
1.57138799,0.68971831
1.57202799,0.68971831
1.57266799,0.68971831
1.57330799,0.86550492
1.57394799,0.86550492
1.57458799,0.86550492
1.57522799,1.04190195
1.57586799,1.04190195
1.57650799,1.04190195
1.57714799,1.21829891
1.57778799,1.21829891
1.57842799,1.21829891
1.57906799,1.21829891
1.57970799,1.21829891
1.58034799,1.21829891
1.58098799,1.21829891
1.58162799,1.39469588
1.58226799,1.39469588
1.58290799,1.39469588
1.58354799,1.39469588
1.58418799,1.39469588
1.58482799,1.57048249
1.58546799,1.57048249
1.58610799,1.57048249
1.58674799,1.57048249
1.58738799,1.57048249
1.58802799,1.39469588
1.58866799,1.57048249
1.58930799,1.57048249
1.58994799,1.57048249
1.59058799,1.57048249
1.59122799,1.57048249
1.59186799,1.57048249
1.59250799,1.57048249
1.59314799,1.57048249
1.59378799,1.57048249
1.59442799,1.57048249
1.59506799,1.57048249
1.59570799,1.39469588
1.59634799,1.39469588
1.59698799,1.39469588
1.59762799,1.39469588
1.59826799,1.57048249
1.59890799,1.39469588
1.59954799,1.39469588
1.60018799,1.39469588
1.60082799,1.39469588
1.60146799,1.39469588
1.60210799,1.39469588
1.60274799,1.21829891
1.60338799,1.39469588
1.60402799,1.21829891
1.60466799,1.21829891
1.60530799,1.21829891
1.60594799,1.21829891
1.60658799,1.21829891
1.60722799,1.21829891
1.60786799,1.21829891
1.60850799,1.21829891
1.60914799,1.21829891
1.60978799,1.04190195
1.61042799,1.04190195
1.61106799,1.04190195
1.61170799,1.04190195
1.61234799,1.04190195
1.61298799,1.04190195
1.61362799,1.04190195
1.61426799,1.04190195
1.61490799,1.04190195
1.61554799,1.04190195
1.61618799,1.04190195
1.61682799,1.04190195
1.61746799,1.04190195
1.61810799,1.04190195
1.61874799,1.04190195
1.61938799,1.04190195
1.62002799,1.04190195
1.62066799,1.04190195
1.62130799,1.04190195
1.62194799,1.04190195
1.62258799,1.04190195
1.62322799,1.04190195
1.62386799,1.04190195
1.62450799,1.04190195
1.62514799,1.04190195
1.62578799,1.04190195
1.62642799,1.04190195
1.62706799,1.04190195
1.62770799,1.04190195
1.62834799,1.04190195
1.62898799,1.04190195
1.62962799,1.04190195
1.63026799,1.04190195
1.63090799,1.04190195
1.63154799,1.04190195
1.63218799,1.21829891
1.63282799,1.21829891
1.63346799,1.21829891
1.63410799,1.21829891
1.63474799,1.21829891
1.63538799,1.21829891
1.63602799,1.21829891
1.63666799,1.39469588
1.63730799,1.21829891
1.63794799,1.21829891
1.63858799,1.39469588
1.63922799,1.39469588
1.63986799,1.39469588
1.64050799,1.39469588
1.64114799,1.57048249
1.64178799,1.57048249
1.64242799,1.57048249
1.64306799,1.57048249
1.64370799,1.57048249
1.64434799,1.57048249
1.64498799,1.57048249
1.64562799,1.57048249
1.64626799,1.74687946
1.64690799,1.74687946
1.64754799,1.74687946
1.64818799,1.74687946
1.64882799,1.74687946
1.64946799,1.74687946
1.65010799,1.74687946
1.65074799,1.74687946
1.65138799,1.74687946
1.65202799,1.74687946
1.65266799,1.92327642
1.65330799,1.92327642
1.65394799,1.92327642
1.65458799,1.74687946
1.65522799,1.92327642
1.65586799,1.92327642
1.65650799,1.92327642
1.65714799,1.92327642
1.65778799,1.92327642
1.65842799,1.92327642
1.65906799,1.92327642
1.65970799,1.92327642
1.66034799,1.92327642
1.66098799,1.92327642
1.66162799,1.92327642
1.66226799,1.92327642
1.66290799,1.92327642
1.66354799,1.92327642
1.66418799,1.92327642
1.66482799,1.74687946
1.66546799,1.74687946
1.66610799,1.74687946
1.66674799,1.74687946
1.66738799,1.74687946
1.66802799,1.74687946
1.66866799,1.74687946
1.66930799,1.74687946
1.66994799,1.74687946
1.67058799,1.74687946
1.67122799,1.57048249
1.67186799,1.57048249
1.67250799,1.57048249
1.67314799,1.39469588
1.67378799,1.39469588
1.67442799,1.39469588
1.67506799,1.39469588
1.67570799,1.21829891
1.67634799,1.21829891
1.67698799,1.21829891
1.67762799,1.21829891
1.67826799,1.04190195
1.67890799,1.04190195
1.67954799,1.04190195
1.68018799,0.86550492
1.68082799,0.86550492
1.68146799,0.86550492
1.68210799,0.68971831
1.68274799,0.51332134
1.68338799,0.51332134
1.68402799,0.51332134
1.68466799,0.33692434
1.68530799,0.33692434
1.68594799,0.33692434
1.68658799,0.16052736
1.68722799,0.16052736
1.68786799,0.16052736
1.68850799,-0.01525925
1.68914799,-0.19104587
1.68978799,-0.19104587
1.69042799,-0.19104587
1.69106799,-0.19104587
1.69170799,-0.36744285
1.69234799,-0.36744285
1.69298799,-0.36744285
1.69362799,-0.54383981
1.69426799,-0.72023684
1.69490799,-0.72023684
1.69554799,-0.72023684
1.69618799,-0.89602345
1.69682799,-0.89602345
1.69746799,-1.07242048
1.69810799,-1.07242048
1.69874799,-1.07242048
1.69938799,-1.24881744
1.70002799,-1.24881744
1.70066799,-1.42521441
1.70130799,-1.42521441
1.70194799,-1.60100102
1.70258799,-1.60100102
1.70322799,-1.60100102
1.70386799,-1.60100102
1.70450799,-1.77739799
1.70514799,-1.77739799
1.70578799,-1.77739799
1.70642799,-1.95379496
1.70706799,-1.95379496
1.70770799,-1.95379496
1.70834799,-2.13019204
1.70898799,-2.13019204
1.70962799,-2.13019204
1.71026799,-2.13019204
1.71090799,-2.30597854
1.71154799,-2.30597854
1.71218799,-2.30597854
1.71282799,-2.30597854
1.71346799,-2.48237562
1.71410799,-2.48237562
1.71474799,-2.48237562
1.71538799,-2.48237562
1.71602799,-2.48237562
1.71666799,-2.48237562
1.71730799,-2.65877247
1.71794799,-2.48237562
1.71858799,-2.48237562
1.71922799,-2.48237562
1.71986799,-2.48237562
1.72050799,-2.65877247
1.72114799,-2.65877247
1.72178799,-2.65877247
1.72242799,-2.65877247
1.72306799,-2.65877247
1.72370799,-2.65877247
1.72434799,-2.65877247
1.72498799,-2.65877247
1.72562799,-2.65877247
1.72626799,-2.48237562
1.72690799,-2.48237562
1.72754799,-2.65877247
1.72818799,-2.48237562
1.72882799,-2.48237562
1.72946799,-2.48237562
1.73010799,-2.48237562
1.73074799,-2.48237562
1.73138799,-2.48237562
1.73202799,-2.30597854
1.73266799,-2.48237562
1.73330799,-2.30597854
1.73394799,-2.30597854
1.73458799,-2.30597854
1.73522799,-2.30597854
1.73586799,-2.13019204
1.73650799,-2.13019204
1.73714799,-1.95379496
1.73778799,-1.95379496
1.73842799,-1.95379496
1.73906799,-1.95379496
1.73970799,-1.95379496
1.74034799,-1.95379496
1.74098799,-1.95379496
1.74162799,-1.77739799
1.74226799,-1.77739799
1.74290799,-1.77739799
1.74354799,-1.77739799
1.74418799,-1.60100102
1.74482799,-1.60100102
1.74546799,-1.60100102
1.74610799,-1.60100102
1.74674799,-1.42521441
1.74738799,-1.42521441
1.74802799,-1.24881744
1.74866799,-1.24881744
1.74930799,-1.24881744
1.74994799,-1.24881744
1.75058799,-1.24881744
1.75122799,-1.07242048
1.75186799,-1.07242048
1.75250799,-0.89602345
1.75314799,-0.89602345
1.75378799,-0.89602345
1.75442799,-0.89602345
1.75506799,-0.89602345
1.75570799,-0.72023684
1.75634799,-0.72023684
1.75698799,-0.72023684
1.75762799,-0.72023684
1.75826799,-0.54383981
1.75890799,-0.54383981
1.75954799,-0.54383981
1.76018799,-0.54383981
1.76082799,-0.36744285
1.76146799,-0.36744285
1.76210799,-0.36744285
1.76274799,-0.36744285
1.76338799,-0.36744285
1.76402799,-0.36744285
1.76466799,-0.36744285
1.76530799,-0.19104587
1.76594799,-0.19104587
1.76658799,-0.19104587
1.76722799,-0.19104587
1.76786799,-0.19104587
1.76850799,-0.19104587
1.76914799,-0.19104587
1.76978799,-0.19104587
1.77042799,-0.01525925
1.77106799,-0.01525925
1.77170799,-0.01525925
1.77234799,-0.01525925
1.77298799,-0.01525925
1.77362799,-0.01525925
1.77426799,-0.01525925
1.77490799,-0.01525925
1.77554799,-0.01525925
1.77618799,0.16052736
1.77682799,0.16052736
1.77746799,-0.01525925
1.77810799,-0.01525925
1.77874799,0.16052736
1.77938799,0.16052736
1.78002799,0.16052736
1.78066799,-0.01525925
1.78130799,0.16052736
1.78194799,-0.01525925
1.78258799,0.16052736
1.78322799,0.16052736
1.78386799,0.16052736
1.78450799,0.16052736
1.78514799,0.16052736
1.78578799,-0.01525925
1.78642799,0.16052736
1.78706799,0.16052736
1.78770799,0.16052736
1.78834799,0.16052736
1.78898799,0.16052736
1.78962799,0.16052736
1.79026799,-0.01525925
1.79090799,0.16052736
1.79154799,-0.01525925
1.79218799,-0.01525925
1.79282799,0.16052736
1.79346799,0.16052736
1.79410799,-0.01525925
1.79474799,-0.01525925
1.79538799,-0.01525925
1.79602799,-0.01525925
1.79666799,-0.01525925
1.79730799,0.16052736
1.79794799,0.16052736
1.79858799,-0.01525925
1.79922799,0.16052736
1.79986799,0.16052736
1.80050799,0.16052736
1.80114799,0.16052736
1.80178799,0.16052736
1.80242799,0.16052736
1.80306799,-0.01525925
1.80370799,0.16052736
1.80434799,0.16052736
1.80498799,0.16052736
1.80562799,0.16052736
1.80626799,0.16052736
1.80690799,0.16052736
1.80754799,0.16052736
1.80818799,0.16052736
1.80882799,0.33692434
1.80946799,0.33692434
1.81010799,0.33692434
1.81074799,0.33692434
1.81138799,0.33692434
1.81202799,0.33692434
1.81266799,0.33692434
1.81330799,0.33692434
1.81394799,0.51332134
1.81458799,0.51332134
1.81522799,0.51332134
1.81586799,0.51332134
1.81650799,0.51332134
1.81714799,0.51332134
1.81778799,0.68971831
1.81842799,0.68971831
1.81906799,0.68971831
1.81970799,0.68971831
1.82034799,0.86550492
1.82098799,0.68971831
1.82162799,0.86550492
1.82226799,0.86550492
1.82290799,1.04190195
1.82354799,1.04190195
1.82418799,1.04190195
1.82482799,1.04190195
1.82546799,1.04190195
1.82610799,1.04190195
1.82674799,1.21829891
1.82738799,1.21829891
1.82802799,1.21829891
1.82866799,1.39469588
1.82930799,1.39469588
1.82994799,1.57048249
1.83058799,1.57048249
1.83122799,1.57048249
1.83186799,1.57048249
1.83250799,1.57048249
1.83314799,1.74687946
1.83378799,1.74687946
1.83442799,1.74687946
1.83506799,1.92327642
1.83570799,1.74687946
1.83634799,1.92327642
1.83698799,1.92327642
1.83762799,1.92327642
1.83826799,1.92327642
1.83890799,1.92327642
1.83954799,1.92327642
1.84018799,2.09967351
1.84082799,2.09967351
1.84146799,2.27546000
1.84210799,2.27546000
1.84274799,2.27546000
1.84338799,2.09967351
1.84402799,2.27546000
1.84466799,2.27546000
1.84530799,2.27546000
1.84594799,2.27546000
1.84658799,2.45185709
1.84722799,2.27546000
1.84786799,2.45185709
1.84850799,2.45185709
1.84914799,2.27546000
1.84978799,2.27546000
1.85042799,2.45185709
1.85106799,2.45185709
1.85170799,2.45185709
1.85234799,2.45185709
1.85298799,2.45185709
1.85362799,2.45185709
1.85426799,2.45185709
1.85490799,2.45185709
1.85554799,2.45185709
1.85618799,2.45185709
1.85682799,2.45185709
1.85746799,2.45185709
1.85810799,2.27546000
1.85874799,2.27546000
1.85938799,2.45185709
1.86002799,2.27546000
1.86066799,2.27546000
1.86130799,2.27546000
1.86194799,2.27546000
1.86258799,2.09967351
1.86322799,2.09967351
1.86386799,2.09967351
1.86450799,2.09967351
1.86514799,1.92327642
1.86578799,1.92327642
1.86642799,1.92327642
1.86706799,1.92327642
1.86770799,1.92327642
1.86834799,1.74687946
1.86898799,1.74687946
1.86962799,1.74687946
1.87026799,1.74687946
1.87090799,1.74687946
1.87154799,1.57048249
1.87218799,1.57048249
1.87282799,1.39469588
1.87346799,1.39469588
1.87410799,1.39469588
1.87474799,1.21829891
1.87538799,1.21829891
1.87602799,1.21829891
1.87666799,1.21829891
1.87730799,1.04190195
1.87794799,1.04190195
1.87858799,1.04190195
1.87922799,0.86550492
1.87986799,0.86550492
1.88050799,0.86550492
1.88114799,0.68971831
1.88178799,0.68971831
1.88242799,0.51332134
1.88306799,0.51332134
1.88370799,0.33692434
1.88434799,0.33692434
1.88498799,0.33692434
1.88562799,0.33692434
1.88626799,0.16052736
1.88690799,0.16052736
1.88754799,0.16052736
1.88818799,-0.01525925
1.88882799,-0.01525925
1.88946799,-0.19104587
1.89010799,-0.19104587
1.89074799,-0.19104587
1.89138799,-0.36744285
1.89202799,-0.36744285
1.89266799,-0.36744285
1.89330799,-0.54383981
1.89394799,-0.54383981
1.89458799,-0.54383981
1.89522799,-0.72023684
1.89586799,-0.72023684
1.89650799,-0.72023684
1.89714799,-0.72023684
1.89778799,-0.89602345
1.89842799,-0.89602345
1.89906799,-0.89602345
1.89970799,-1.07242048
1.90034799,-1.07242048
1.90098799,-1.07242048
1.90162799,-1.07242048
1.90226799,-1.24881744
1.90290799,-1.24881744
1.90354799,-1.24881744
1.90418799,-1.24881744
1.90482799,-1.42521441
1.90546799,-1.42521441
1.90610799,-1.42521441
1.90674799,-1.42521441
1.90738799,-1.42521441
1.90802799,-1.60100102
1.90866799,-1.60100102
1.90930799,-1.42521441
1.90994799,-1.60100102
1.91058799,-1.60100102
1.91122799,-1.60100102
1.91186799,-1.60100102
1.91250799,-1.60100102
1.91314799,-1.60100102
1.91378799,-1.60100102
1.91442799,-1.77739799
1.91506799,-1.60100102
1.91570799,-1.77739799
1.91634799,-1.60100102
1.91698799,-1.77739799
1.91762799,-1.60100102
1.91826799,-1.60100102
1.91890799,-1.60100102
1.91954799,-1.60100102
1.92018799,-1.77739799
1.92082799,-1.60100102
1.92146799,-1.60100102
1.92210799,-1.60100102
1.92274799,-1.60100102
1.92338799,-1.60100102
1.92402799,-1.60100102
1.92466799,-1.60100102
1.92530799,-1.60100102
1.92594799,-1.42521441
1.92658799,-1.60100102
1.92722799,-1.42521441
1.92786799,-1.60100102
1.92850799,-1.60100102
1.92914799,-1.42521441
1.92978799,-1.42521441
1.93042799,-1.42521441
1.93106799,-1.42521441
1.93170799,-1.42521441
1.93234799,-1.42521441
1.93298799,-1.24881744
1.93362799,-1.24881744
1.93426799,-1.24881744
1.93490799,-1.24881744
1.93554799,-1.24881744
1.93618799,-1.24881744
1.93682799,-1.24881744
1.93746799,-1.07242048
1.93810799,-1.24881744
1.93874799,-1.07242048
1.93938799,-1.07242048
1.94002799,-1.24881744
1.94066799,-1.07242048
1.94130799,-1.07242048
1.94194799,-1.07242048
1.94258799,-1.07242048
1.94322799,-1.07242048
1.94386799,-1.07242048
1.94450799,-1.07242048
1.94514799,-1.07242048
1.94578799,-1.07242048
1.94642799,-0.89602345
1.94706799,-1.07242048
1.94770799,-1.07242048
1.94834799,-0.89602345
1.94898799,-0.89602345
1.94962799,-0.89602345
1.95026799,-0.89602345
1.95090799,-0.89602345
1.95154799,-0.89602345
1.95218799,-0.89602345
1.95282799,-0.89602345
1.95346799,-0.89602345
1.95410799,-0.89602345
1.95474799,-0.89602345
1.95538799,-0.89602345
1.95602799,-0.89602345
1.95666799,-0.89602345
1.95730799,-0.89602345
1.95794799,-0.89602345
1.95858799,-0.89602345
1.95922799,-0.89602345
1.95986799,-0.89602345
1.96050799,-0.89602345
1.96114799,-0.89602345
1.96178799,-0.89602345
1.96242799,-0.89602345
1.96306799,-0.89602345
1.96370799,-0.89602345
1.96434799,-0.89602345
1.96498799,-1.07242048
1.96562799,-0.89602345
1.96626799,-0.89602345
1.96690799,-0.89602345
1.96754799,-0.89602345
1.96818799,-0.89602345
1.96882799,-0.89602345
1.96946799,-0.89602345
1.97010799,-1.07242048
1.97074799,-0.89602345
1.97138799,-1.07242048
1.97202799,-1.07242048
1.97266799,-1.07242048
1.97330799,-1.07242048
1.97394799,-1.07242048
1.97458799,-0.89602345
1.97522799,-1.07242048
1.97586799,-1.07242048
1.97650799,-1.07242048
1.97714799,-1.07242048
1.97778799,-1.07242048
1.97842799,-1.07242048
1.97906799,-1.07242048
1.97970799,-1.07242048
1.98034799,-1.07242048
1.98098799,-1.07242048
1.98162799,-1.07242048
1.98226799,-1.07242048
1.98290799,-1.07242048
1.98354799,-1.07242048
1.98418799,-1.07242048
1.98482799,-1.07242048
1.98546799,-1.07242048
1.98610799,-1.07242048
1.98674799,-1.07242048
1.98738799,-1.07242048
1.98802799,-1.07242048
1.98866799,-1.07242048
1.98930799,-1.07242048
1.98994799,-1.07242048
1.99058799,-1.07242048
1.99122799,-0.89602345
1.99186799,-0.89602345
1.99250799,-0.89602345
1.99314799,-0.89602345
1.99378799,-0.89602345
1.99442799,-0.89602345
1.99506799,-0.89602345
1.99570799,-0.89602345
1.99634799,-0.72023684
1.99698799,-0.72023684
1.99762799,-0.72023684
1.99826799,-0.72023684
1.99890799,-0.72023684
1.99954799,-0.72023684
2.00018799,-0.54383981
2.00082799,-0.54383981
2.00146799,-0.54383981
2.00210799,-0.54383981
2.00274799,-0.54383981
2.00338799,-0.36744285
2.00402799,-0.36744285
2.00466799,-0.36744285
2.00530799,-0.36744285
2.00594799,-0.36744285
2.00658799,-0.19104587
2.00722799,-0.19104587
2.00786799,-0.19104587
2.00850799,-0.01525925
2.00914799,-0.01525925
2.00978799,0.16052736
2.01042799,0.16052736
2.01106799,0.16052736
2.01170799,0.16052736
2.01234799,0.16052736
2.01298799,0.33692434
2.01362799,0.33692434
2.01426799,0.33692434
2.01490799,0.33692434
2.01554799,0.51332134
2.01618799,0.51332134
2.01682799,0.51332134
2.01746799,0.68971831
2.01810799,0.68971831
2.01874799,0.68971831
2.01938799,0.68971831
2.02002799,0.86550492
2.02066799,0.86550492
2.02130799,0.86550492
2.02194799,1.04190195
2.02258799,1.04190195
2.02322799,1.21829891
2.02386799,1.21829891
2.02450799,1.21829891
2.02514799,1.21829891
2.02578799,1.39469588
2.02642799,1.39469588
2.02706799,1.39469588
2.02770799,1.39469588
2.02834799,1.57048249
2.02898799,1.57048249
2.02962799,1.57048249
2.03026799,1.74687946
2.03090799,1.74687946
2.03154799,1.74687946
2.03218799,1.74687946
2.03282799,1.74687946
2.03346799,1.74687946
2.03410799,1.92327642
2.03474799,1.92327642
2.03538799,1.92327642
2.03602799,1.92327642
2.03666799,1.92327642
2.03730799,1.92327642
2.03794799,2.09967351
2.03858799,2.09967351
2.03922799,2.09967351
2.03986799,2.09967351
2.04050799,2.09967351
2.04114799,2.27546000
2.04178799,2.09967351
2.04242799,2.27546000
2.04306799,2.27546000
2.04370799,2.27546000
2.04434799,2.27546000
2.04498799,2.27546000
2.04562799,2.27546000
2.04626799,2.27546000
2.04690799,2.27546000
2.04754799,2.27546000
2.04818799,2.27546000
2.04882799,2.27546000
2.04946799,2.27546000
2.05010799,2.27546000
2.05074799,2.27546000
2.05138799,2.27546000
2.05202799,2.27546000
2.05266799,2.27546000
2.05330799,2.27546000
2.05394799,2.27546000
2.05458799,2.09967351
2.05522799,2.09967351
2.05586799,2.09967351
2.05650799,2.09967351
2.05714799,2.09967351
2.05778799,1.92327642
2.05842799,1.92327642
2.05906799,1.92327642
2.05970799,1.92327642
2.06034799,1.92327642
2.06098799,1.92327642
2.06162799,1.92327642
2.06226799,1.74687946
2.06290799,1.74687946
2.06354799,1.74687946
2.06418799,1.74687946
2.06482799,1.74687946
2.06546799,1.74687946
2.06610799,1.57048249
2.06674799,1.57048249
2.06738799,1.57048249
2.06802799,1.39469588
2.06866799,1.39469588
2.06930799,1.39469588
2.06994799,1.39469588
2.07058799,1.39469588
2.07122799,1.21829891
2.07186799,1.21829891
2.07250799,1.21829891
2.07314799,1.04190195
2.07378799,1.04190195
2.07442799,1.04190195
2.07506799,1.04190195
2.07570799,1.04190195
2.07634799,0.86550492
2.07698799,0.86550492
2.07762799,0.68971831
2.07826799,0.68971831
2.07890799,0.68971831
2.07954799,0.68971831
2.08018799,0.51332134
2.08082799,0.51332134
2.08146799,0.51332134
2.08210799,0.51332134
2.08274799,0.33692434
2.08338799,0.33692434
2.08402799,0.33692434
2.08466799,0.33692434
2.08530799,0.33692434
2.08594799,0.33692434
2.08658799,0.16052736
2.08722799,0.16052736
2.08786799,0.16052736
2.08850799,0.16052736
2.08914799,0.16052736
2.08978799,-0.01525925
2.09042799,-0.01525925
2.09106799,-0.01525925
2.09170799,-0.01525925
2.09234799,-0.01525925
2.09298799,-0.19104587
2.09362799,-0.19104587
2.09426799,-0.19104587
2.09490799,-0.19104587
2.09554799,-0.19104587
2.09618799,-0.19104587
2.09682799,-0.19104587
2.09746799,-0.19104587
2.09810799,-0.36744285
2.09874799,-0.36744285
2.09938799,-0.36744285
2.10002799,-0.36744285
2.10066799,-0.36744285
2.10130799,-0.36744285
2.10194799,-0.36744285
2.10258799,-0.36744285
2.10322799,-0.36744285
2.10386799,-0.36744285
2.10450799,-0.54383981
2.10514799,-0.36744285
2.10578799,-0.36744285
2.10642799,-0.36744285
2.10706799,-0.36744285
2.10770799,-0.36744285
2.10834799,-0.54383981
2.10898799,-0.36744285
2.10962799,-0.36744285
2.11026799,-0.54383981
2.11090799,-0.36744285
2.11154799,-0.36744285
2.11218799,-0.54383981
2.11282799,-0.36744285
2.11346799,-0.36744285
2.11410799,-0.36744285
2.11474799,-0.54383981
2.11538799,-0.36744285
2.11602799,-0.54383981
2.11666799,-0.36744285
2.11730799,-0.36744285
2.11794799,-0.36744285
2.11858799,-0.36744285
2.11922799,-0.54383981
2.11986799,-0.36744285
2.12050799,-0.54383981
2.12114799,-0.36744285
2.12178799,-0.54383981
2.12242799,-0.36744285
2.12306799,-0.36744285
2.12370799,-0.54383981
2.12434799,-0.36744285
2.12498799,-0.54383981
2.12562799,-0.36744285
2.12626799,-0.54383981
2.12690799,-0.36744285
2.12754799,-0.36744285
2.12818799,-0.36744285
2.12882799,-0.36744285
2.12946799,-0.36744285
2.13010799,-0.54383981
2.13074799,-0.54383981
2.13138799,-0.54383981
2.13202799,-0.54383981
2.13266799,-0.54383981
2.13330799,-0.54383981
2.13394799,-0.54383981
2.13458799,-0.54383981
2.13522799,-0.54383981
2.13586799,-0.54383981
2.13650799,-0.54383981
2.13714799,-0.54383981
2.13778799,-0.54383981
2.13842799,-0.54383981
2.13906799,-0.72023684
2.13970799,-0.72023684
2.14034799,-0.72023684
2.14098799,-0.72023684
2.14162799,-0.54383981
2.14226799,-0.72023684
2.14290799,-0.72023684
2.14354799,-0.72023684
2.14418799,-0.72023684
2.14482799,-0.72023684
2.14546799,-0.89602345
2.14610799,-0.72023684
2.14674799,-0.89602345
2.14738799,-0.89602345
2.14802799,-0.89602345
2.14866799,-0.89602345
2.14930799,-0.89602345
2.14994799,-0.89602345
2.15058799,-1.07242048
2.15122799,-1.07242048
2.15186799,-1.07242048
2.15250799,-1.07242048
2.15314799,-1.07242048
2.15378799,-1.07242048
2.15442799,-1.24881744
2.15506799,-1.07242048
2.15570799,-1.24881744
2.15634799,-1.24881744
2.15698799,-1.24881744
2.15762799,-1.24881744
2.15826799,-1.24881744
2.15890799,-1.42521441
2.15954799,-1.24881744
2.16018799,-1.24881744
2.16082799,-1.42521441
2.16146799,-1.42521441
2.16210799,-1.42521441
2.16274799,-1.42521441
2.16338799,-1.60100102
2.16402799,-1.60100102
2.16466799,-1.60100102
2.16530799,-1.60100102
2.16594799,-1.60100102
2.16658799,-1.60100102
2.16722799,-1.60100102
2.16786799,-1.60100102
2.16850799,-1.60100102
2.16914799,-1.60100102
2.16978799,-1.77739799
2.17042799,-1.60100102
2.17106799,-1.60100102
2.17170799,-1.77739799
2.17234799,-1.77739799
2.17298799,-1.77739799
2.17362799,-1.77739799
2.17426799,-1.77739799
2.17490799,-1.60100102
2.17554799,-1.77739799
2.17618799,-1.60100102
2.17682799,-1.77739799
2.17746799,-1.77739799
2.17810799,-1.60100102
2.17874799,-1.77739799
2.17938799,-1.77739799
2.18002799,-1.60100102
2.18066799,-1.77739799
2.18130799,-1.77739799
2.18194799,-1.60100102
2.18258799,-1.60100102
2.18322799,-1.77739799
2.18386799,-1.60100102
2.18450799,-1.60100102
2.18514799,-1.60100102
2.18578799,-1.60100102
2.18642799,-1.60100102
2.18706799,-1.60100102
2.18770799,-1.60100102
2.18834799,-1.42521441
2.18898799,-1.42521441
2.18962799,-1.42521441
2.19026799,-1.42521441
2.19090799,-1.24881744
2.19154799,-1.24881744
2.19218799,-1.24881744
2.19282799,-1.24881744
2.19346799,-1.24881744
2.19410799,-1.07242048
2.19474799,-1.07242048
2.19538799,-1.07242048
2.19602799,-1.07242048
2.19666799,-1.07242048
2.19730799,-0.89602345
2.19794799,-0.89602345
2.19858799,-0.89602345
2.19922799,-0.89602345
2.19986799,-0.89602345
2.20050799,-0.72023684
2.20114799,-0.54383981
2.20178799,-0.54383981
2.20242799,-0.54383981
2.20306799,-0.54383981
2.20370799,-0.54383981
2.20434799,-0.36744285
2.20498799,-0.36744285
2.20562799,-0.36744285
2.20626799,-0.19104587
2.20690799,-0.19104587
2.20754799,-0.19104587
2.20818799,-0.19104587
2.20882799,-0.01525925
2.20946799,-0.01525925
2.21010799,-0.01525925
2.21074799,0.16052736
2.21138799,0.16052736
2.21202799,0.16052736
2.21266799,0.33692434
2.21330799,0.33692434
2.21394799,0.33692434
2.21458799,0.33692434
2.21522799,0.51332134
2.21586799,0.51332134
2.21650799,0.51332134
2.21714799,0.51332134
2.21778799,0.68971831
2.21842799,0.68971831
2.21906799,0.68971831
2.21970799,0.86550492
2.22034799,0.86550492
2.22098799,0.86550492
2.22162799,0.86550492
2.22226799,1.04190195
2.22290799,1.04190195
2.22354799,1.04190195
2.22418799,1.04190195
2.22482799,1.21829891
2.22546799,1.21829891
2.22610799,1.21829891
2.22674799,1.21829891
2.22738799,1.21829891
2.22802799,1.21829891
2.22866799,1.39469588
2.22930799,1.39469588
2.22994799,1.39469588
2.23058799,1.39469588
2.23122799,1.39469588
2.23186799,1.57048249
2.23250799,1.57048249
2.23314799,1.57048249
2.23378799,1.57048249
2.23442799,1.57048249
2.23506799,1.57048249
2.23570799,1.57048249
2.23634799,1.57048249
2.23698799,1.57048249
2.23762799,1.57048249
2.23826799,1.57048249
2.23890799,1.57048249
2.23954799,1.57048249
2.24018799,1.74687946
2.24082799,1.57048249
2.24146799,1.74687946
2.24210799,1.57048249
2.24274799,1.74687946
2.24338799,1.74687946
2.24402799,1.74687946
2.24466799,1.57048249
2.24530799,1.57048249
2.24594799,1.74687946
2.24658799,1.74687946
2.24722799,1.57048249
2.24786799,1.57048249
2.24850799,1.57048249
2.24914799,1.57048249
2.24978799,1.57048249
2.25042799,1.57048249
2.25106799,1.57048249
2.25170799,1.57048249
2.25234799,1.57048249
2.25298799,1.57048249
2.25362799,1.57048249
2.25426799,1.57048249
2.25490799,1.57048249
2.25554799,1.39469588
2.25618799,1.39469588
2.25682799,1.57048249
2.25746799,1.39469588
2.25810799,1.39469588
2.25874799,1.21829891
2.25938799,1.39469588
2.26002799,1.21829891
2.26066799,1.21829891
2.26130799,1.21829891
2.26194799,1.21829891
2.26258799,1.21829891
2.26322799,1.21829891
2.26386799,1.21829891
2.26450799,1.21829891
2.26514799,1.04190195
2.26578799,1.04190195
2.26642799,1.21829891
2.26706799,1.04190195
2.26770799,1.04190195
2.26834799,1.04190195
2.26898799,1.04190195
2.26962799,1.04190195
2.27026799,0.86550492
2.27090799,1.04190195
2.27154799,0.86550492
2.27218799,0.86550492
2.27282799,0.86550492
2.27346799,0.86550492
2.27410799,0.86550492
2.27474799,0.86550492
2.27538799,0.68971831
2.27602799,0.68971831
2.27666799,0.68971831
2.27730799,0.86550492
2.27794799,0.68971831
2.27858799,0.68971831
2.27922799,0.68971831
2.27986799,0.68971831
2.28050799,0.68971831
2.28114799,0.68971831
2.28178799,0.68971831
2.28242799,0.68971831
2.28306799,0.68971831
2.28370799,0.68971831
2.28434799,0.68971831
2.28498799,0.51332134
2.28562799,0.51332134
2.28626799,0.51332134
2.28690799,0.51332134
2.28754799,0.51332134
2.28818799,0.51332134
2.28882799,0.51332134
2.28946799,0.51332134
2.29010799,0.51332134
2.29074799,0.51332134
2.29138799,0.51332134
2.29202799,0.51332134
2.29266799,0.51332134
2.29330799,0.51332134
2.29394799,0.51332134
2.29458799,0.51332134
2.29522799,0.51332134
2.29586799,0.51332134
2.29650799,0.51332134
2.29714799,0.51332134
2.29778799,0.51332134
2.29842799,0.51332134
2.29906799,0.51332134
2.29970799,0.51332134
2.30034799,0.51332134
2.30098799,0.51332134
2.30162799,0.51332134
2.30226799,0.51332134
2.30290799,0.51332134
2.30354799,0.51332134
2.30418799,0.51332134
2.30482799,0.51332134
2.30546799,0.51332134
2.30610799,0.51332134
2.30674799,0.51332134
2.30738799,0.51332134
2.30802799,0.51332134
2.30866799,0.51332134
2.30930799,0.51332134
2.30994799,0.33692434
2.31058799,0.51332134
2.31122799,0.51332134
2.31186799,0.51332134
2.31250799,0.51332134
2.31314799,0.51332134
2.31378799,0.33692434
2.31442799,0.51332134
2.31506799,0.33692434
2.31570799,0.33692434
2.31634799,0.33692434
2.31698799,0.33692434
2.31762799,0.33692434
2.31826799,0.33692434
2.31890799,0.33692434
2.31954799,0.33692434
2.32018799,0.33692434
2.32082799,0.33692434
2.32146799,0.33692434
2.32210799,0.33692434
2.32274799,0.33692434
2.32338799,0.16052736
2.32402799,0.33692434
2.32466799,0.16052736
2.32530799,0.16052736
2.32594799,0.16052736
2.32658799,0.16052736
2.32722799,-0.01525925
2.32786799,-0.01525925
2.32850799,-0.01525925
2.32914799,-0.01525925
2.32978799,-0.01525925
2.33042799,-0.01525925
2.33106799,-0.01525925
2.33170799,-0.19104587
2.33234799,-0.19104587
2.33298799,-0.19104587
2.33362799,-0.19104587
2.33426799,-0.19104587
2.33490799,-0.19104587
2.33554799,-0.36744285
2.33618799,-0.19104587
2.33682799,-0.36744285
2.33746799,-0.36744285
2.33810799,-0.54383981
2.33874799,-0.36744285
2.33938799,-0.54383981
2.34002799,-0.54383981
2.34066799,-0.54383981
2.34130799,-0.54383981
2.34194799,-0.72023684
2.34258799,-0.72023684
2.34322799,-0.72023684
2.34386799,-0.72023684
2.34450799,-0.89602345
2.34514799,-0.89602345
2.34578799,-0.89602345
2.34642799,-0.89602345
2.34706799,-0.89602345
2.34770799,-1.07242048
2.34834799,-1.07242048
2.34898799,-1.07242048
2.34962799,-1.07242048
2.35026799,-1.07242048
2.35090799,-1.07242048
2.35154799,-1.24881744
2.35218799,-1.24881744
2.35282799,-1.24881744
2.35346799,-1.24881744
2.35410799,-1.42521441
2.35474799,-1.42521441
2.35538799,-1.42521441
2.35602799,-1.60100102
2.35666799,-1.42521441
2.35730799,-1.42521441
2.35794799,-1.42521441
2.35858799,-1.60100102
2.35922799,-1.60100102
2.35986799,-1.60100102
2.36050799,-1.60100102
2.36114799,-1.60100102
2.36178799,-1.60100102
2.36242799,-1.60100102
2.36306799,-1.77739799
2.36370799,-1.60100102
2.36434799,-1.77739799
2.36498799,-1.77739799
2.36562799,-1.77739799
2.36626799,-1.77739799
2.36690799,-1.77739799
2.36754799,-1.77739799
2.36818799,-1.77739799
2.36882799,-1.77739799
2.36946799,-1.77739799
2.37010799,-1.77739799
2.37074799,-1.77739799
2.37138799,-1.77739799
2.37202799,-1.77739799
2.37266799,-1.77739799
2.37330799,-1.77739799
2.37394799,-1.77739799
2.37458799,-1.77739799
2.37522799,-1.77739799
2.37586799,-1.77739799
2.37650799,-1.77739799
2.37714799,-1.77739799
2.37778799,-1.77739799
2.37842799,-1.77739799
2.37906799,-1.77739799
2.37970799,-1.77739799
2.38034799,-1.60100102
2.38098799,-1.77739799
2.38162799,-1.77739799
2.38226799,-1.60100102
2.38290799,-1.60100102
2.38354799,-1.60100102
2.38418799,-1.60100102
2.38482799,-1.42521441
2.38546799,-1.60100102
2.38610799,-1.60100102
2.38674799,-1.42521441
2.38738799,-1.42521441
2.38802799,-1.42521441
2.38866799,-1.42521441
2.38930799,-1.42521441
2.38994799,-1.24881744
2.39058799,-1.24881744
2.39122799,-1.24881744
2.39186799,-1.07242048
2.39250799,-1.07242048
2.39314799,-1.07242048
2.39378799,-1.07242048
2.39442799,-1.07242048
2.39506799,-0.89602345
2.39570799,-0.89602345
2.39634799,-0.89602345
2.39698799,-0.89602345
2.39762799,-0.89602345
2.39826799,-0.72023684
2.39890799,-0.72023684
2.39954799,-0.72023684
2.40018799,-0.72023684
2.40082799,-0.54383981
2.40146799,-0.54383981
2.40210799,-0.54383981
2.40274799,-0.54383981
2.40338799,-0.36744285
2.40402799,-0.36744285
2.40466799,-0.36744285
2.40530799,-0.36744285
2.40594799,-0.36744285
2.40658799,-0.36744285
2.40722799,-0.36744285
2.40786799,-0.19104587
2.40850799,-0.19104587
2.40914799,-0.01525925
2.40978799,-0.01525925
2.41042799,-0.01525925
2.41106799,-0.01525925
2.41170799,-0.01525925
2.41234799,0.16052736
2.41298799,0.16052736
2.41362799,0.16052736
2.41426799,0.16052736
2.41490799,0.16052736
2.41554799,0.33692434
2.41618799,0.33692434
2.41682799,0.33692434
2.41746799,0.33692434
2.41810799,0.33692434
2.41874799,0.33692434
2.41938799,0.33692434
2.42002799,0.51332134
2.42066799,0.33692434
2.42130799,0.51332134
2.42194799,0.51332134
2.42258799,0.51332134
2.42322799,0.51332134
2.42386799,0.51332134
2.42450799,0.51332134
2.42514799,0.51332134
2.42578799,0.51332134
2.42642799,0.68971831
2.42706799,0.68971831
2.42770799,0.68971831
2.42834799,0.68971831
2.42898799,0.68971831
2.42962799,0.68971831
2.43026799,0.68971831
2.43090799,0.68971831
2.43154799,0.68971831
2.43218799,0.68971831
2.43282799,0.68971831
2.43346799,0.68971831
2.43410799,0.86550492
2.43474799,0.86550492
2.43538799,0.68971831
2.43602799,0.86550492
2.43666799,0.86550492
2.43730799,0.68971831
2.43794799,0.86550492
2.43858799,0.68971831
2.43922799,0.86550492
2.43986799,0.86550492
2.44050799,0.86550492
2.44114799,0.86550492
2.44178799,0.68971831
2.44242799,0.86550492
2.44306799,0.86550492
2.44370799,0.68971831
2.44434799,0.86550492
2.44498799,0.86550492
2.44562799,0.68971831
2.44626799,0.86550492
2.44690799,0.68971831
2.44754799,0.68971831
2.44818799,0.86550492
2.44882799,0.86550492
2.44946799,0.68971831
2.45010799,0.86550492
2.45074799,0.86550492
2.45138799,0.68971831
2.45202799,0.68971831
2.45266799,0.68971831
2.45330799,0.86550492
2.45394799,0.68971831
2.45458799,0.68971831
2.45522799,0.68971831
2.45586799,0.68971831
2.45650799,0.68971831
2.45714799,0.86550492
2.45778799,0.68971831
2.45842799,0.68971831
2.45906799,0.86550492
2.45970799,0.86550492
2.46034799,0.86550492
2.46098799,0.68971831
2.46162799,0.68971831
2.46226799,0.68971831
2.46290799,0.86550492
2.46354799,0.86550492
2.46418799,0.86550492
2.46482799,0.86550492
2.46546799,0.68971831
2.46610799,0.86550492
2.46674799,0.86550492
2.46738799,0.86550492
2.46802799,0.86550492
2.46866798,0.86550492
2.46930798,0.86550492
2.46994798,0.68971831
2.47058798,0.86550492
2.47122798,0.86550492
2.47186798,0.68971831
2.47250798,0.86550492
2.47314798,0.86550492
2.47378798,0.86550492
2.47442798,0.86550492
2.47506798,0.86550492
2.47570798,0.86550492
2.47634798,0.86550492
2.47698798,0.86550492
2.47762798,0.86550492
2.47826798,0.86550492
2.47890798,0.86550492
2.47954798,1.04190195
2.48018798,1.04190195
2.48082798,0.86550492
2.48146798,1.04190195
2.48210798,1.04190195
2.48274798,1.04190195
2.48338798,1.04190195
2.48402798,1.04190195
2.48466798,1.04190195
2.48530798,1.04190195
2.48594798,1.04190195
2.48658798,1.04190195
2.48722798,1.04190195
2.48786798,1.04190195
2.48850798,1.04190195
2.48914798,1.04190195
2.48978798,1.04190195
2.49042798,1.04190195
2.49106798,1.04190195
2.49170798,1.21829891
2.49234798,1.21829891
2.49298798,1.21829891
2.49362798,1.21829891
2.49426798,1.21829891
2.49490798,1.21829891
2.49554798,1.21829891
2.49618798,1.21829891
2.49682798,1.21829891
2.49746798,1.21829891
2.49810798,1.21829891
2.49874798,1.04190195
2.49938798,1.21829891
2.50002798,1.21829891
2.50066798,1.21829891
2.50130798,1.04190195
2.50194798,1.21829891
2.50258798,1.21829891
2.50322798,1.04190195
2.50386798,1.21829891
2.50450798,1.21829891
2.50514798,1.04190195
2.50578798,1.21829891
2.50642798,1.04190195
2.50706798,1.04190195
2.50770798,1.04190195
2.50834798,1.04190195
2.50898798,1.04190195
2.50962798,1.04190195
2.51026798,1.04190195
2.51090798,1.04190195
2.51154798,0.86550492
2.51218798,1.04190195
2.51282798,0.86550492
2.51346798,1.04190195
2.51410798,0.86550492
2.51474798,0.86550492
2.51538798,0.86550492
2.51602798,0.86550492
2.51666798,0.86550492
2.51730798,0.86550492
2.51794798,0.86550492
2.51858798,0.68971831
2.51922798,0.68971831
2.51986798,0.68971831
2.52050798,0.68971831
2.52114798,0.51332134
2.52178798,0.51332134
2.52242798,0.51332134
2.52306798,0.51332134
2.52370798,0.51332134
2.52434798,0.33692434
2.52498798,0.33692434
2.52562798,0.33692434
2.52626798,0.33692434
2.52690798,0.33692434
2.52754798,0.33692434
2.52818798,0.16052736
2.52882798,0.33692434
2.52946798,0.16052736
2.53010798,0.16052736
2.53074798,-0.01525925
2.53138798,-0.01525925
2.53202798,-0.01525925
2.53266798,-0.01525925
2.53330798,-0.01525925
2.53394798,-0.19104587
2.53458798,-0.19104587
2.53522798,-0.19104587
2.53586798,-0.19104587
2.53650798,-0.36744285
2.53714798,-0.36744285
2.53778798,-0.36744285
2.53842798,-0.36744285
2.53906798,-0.36744285
2.53970798,-0.54383981
2.54034798,-0.54383981
2.54098798,-0.54383981
2.54162798,-0.54383981
2.54226798,-0.72023684
2.54290798,-0.54383981
2.54354798,-0.72023684
2.54418798,-0.72023684
2.54482798,-0.72023684
2.54546798,-0.72023684
2.54610798,-0.89602345
2.54674798,-0.89602345
2.54738798,-0.89602345
2.54802798,-1.07242048
2.54866798,-1.07242048
2.54930798,-1.07242048
2.54994798,-0.89602345
2.55058798,-1.07242048
2.55122798,-1.07242048
2.55186798,-1.07242048
2.55250798,-1.07242048
2.55314798,-1.07242048
2.55378798,-1.24881744
2.55442798,-1.24881744
2.55506798,-1.24881744
2.55570798,-1.24881744
2.55634798,-1.24881744
2.55698798,-1.24881744
2.55762798,-1.42521441
2.55826798,-1.42521441
2.55890798,-1.42521441
2.55954798,-1.42521441
2.56018798,-1.42521441
2.56082798,-1.42521441
2.56146798,-1.60100102
2.56210798,-1.42521441
2.56274798,-1.42521441
2.56338798,-1.42521441
2.56402798,-1.60100102
2.56466798,-1.42521441
2.56530798,-1.60100102
2.56594798,-1.42521441
2.56658798,-1.42521441
2.56722798,-1.42521441
2.56786798,-1.42521441
2.56850798,-1.60100102
2.56914798,-1.42521441
2.56978798,-1.42521441
2.57042798,-1.42521441
2.57106798,-1.60100102
2.57170798,-1.42521441
2.57234798,-1.42521441
2.57298798,-1.60100102
2.57362798,-1.42521441
2.57426798,-1.42521441
2.57490798,-1.24881744
2.57554798,-1.42521441
2.57618798,-1.42521441
2.57682798,-1.24881744
2.57746798,-1.42521441
2.57810798,-1.24881744
2.57874798,-1.24881744
2.57938798,-1.24881744
2.58002798,-1.24881744
2.58066798,-1.24881744
2.58130798,-1.24881744
2.58194798,-1.24881744
2.58258798,-1.24881744
2.58322798,-1.24881744
2.58386798,-1.24881744
2.58450798,-1.07242048
2.58514798,-1.07242048
2.58578798,-1.07242048
2.58642798,-1.07242048
2.58706798,-1.07242048
2.58770798,-1.07242048
2.58834798,-0.89602345
2.58898798,-1.07242048
2.58962798,-0.89602345
2.59026798,-0.89602345
2.59090798,-0.89602345
2.59154798,-0.89602345
2.59218798,-0.89602345
2.59282798,-0.89602345
2.59346798,-0.89602345
2.59410798,-0.72023684
2.59474798,-0.72023684
2.59538798,-0.89602345
2.59602798,-0.72023684
2.59666798,-0.72023684
2.59730798,-0.72023684
2.59794798,-0.72023684
2.59858798,-0.72023684
2.59922798,-0.54383981
2.59986798,-0.54383981
2.60050798,-0.54383981
2.60114798,-0.54383981
2.60178798,-0.36744285
2.60242798,-0.54383981
2.60306798,-0.36744285
2.60370798,-0.36744285
2.60434798,-0.36744285
2.60498798,-0.36744285
2.60562798,-0.36744285
2.60626798,-0.36744285
2.60690798,-0.36744285
2.60754798,-0.36744285
2.60818798,-0.36744285
2.60882798,-0.36744285
2.60946798,-0.36744285
2.61010798,-0.36744285
2.61074798,-0.36744285
2.61138798,-0.19104587
2.61202798,-0.19104587
2.61266798,-0.19104587
2.61330798,-0.19104587
2.61394798,-0.19104587
2.61458798,-0.36744285
2.61522798,-0.19104587
2.61586798,-0.19104587
2.61650798,-0.19104587
2.61714798,-0.19104587
2.61778798,-0.19104587
2.61842798,-0.19104587
2.61906798,-0.19104587
2.61970798,-0.19104587
2.62034798,-0.19104587
2.62098798,-0.19104587
2.62162798,-0.01525925
2.62226798,-0.19104587
2.62290798,-0.19104587
2.62354798,-0.19104587
2.62418798,-0.19104587
2.62482798,-0.19104587
2.62546798,-0.01525925
2.62610798,-0.01525925
2.62674798,-0.19104587
2.62738798,-0.01525925
2.62802798,-0.01525925
2.62866798,-0.01525925
2.62930798,-0.01525925
2.62994798,-0.01525925
2.63058798,-0.01525925
2.63122798,-0.19104587
2.63186798,-0.01525925
2.63250798,-0.01525925
2.63314798,-0.01525925
2.63378798,-0.01525925
2.63442798,-0.01525925
2.63506798,-0.01525925
2.63570798,-0.01525925
2.63634798,-0.01525925
2.63698798,-0.01525925
2.63762798,-0.01525925
2.63826798,-0.01525925
2.63890798,-0.01525925
2.63954798,-0.01525925
2.64018798,0.16052736
2.64082798,0.16052736
2.64146798,0.16052736
2.64210798,-0.01525925
2.64274798,-0.01525925
2.64338798,-0.01525925
2.64402798,0.16052736
2.64466798,0.16052736
2.64530798,0.16052736
2.64594798,0.16052736
2.64658798,0.16052736
2.64722798,0.16052736
2.64786798,0.16052736
2.64850798,0.16052736
2.64914798,0.16052736
2.64978798,0.16052736
2.65042798,0.33692434
2.65106798,0.33692434
2.65170798,0.16052736
2.65234798,0.16052736
2.65298798,0.33692434
2.65362798,0.33692434
2.65426798,0.33692434
2.65490798,0.33692434
2.65554798,0.33692434
2.65618798,0.33692434
2.65682798,0.33692434
2.65746798,0.33692434
2.65810798,0.33692434
2.65874798,0.51332134
2.65938798,0.33692434
2.66002798,0.51332134
2.66066798,0.51332134
2.66130798,0.51332134
2.66194798,0.51332134
2.66258798,0.51332134
2.66322798,0.68971831
2.66386798,0.68971831
2.66450798,0.51332134
2.66514798,0.68971831
2.66578798,0.68971831
2.66642798,0.68971831
2.66706798,0.68971831
2.66770798,0.86550492
2.66834798,0.68971831
2.66898798,0.86550492
2.66962798,0.68971831
2.67026798,0.86550492
2.67090798,0.68971831
2.67154798,0.86550492
2.67218798,0.86550492
2.67282798,0.86550492
2.67346798,0.86550492
2.67410798,1.04190195
2.67474798,0.86550492
2.67538798,1.04190195
2.67602798,1.04190195
2.67666798,1.04190195
2.67730798,1.04190195
2.67794798,1.04190195
2.67858798,1.04190195
2.67922798,1.04190195
2.67986798,1.21829891
2.68050798,1.21829891
2.68114798,1.21829891
2.68178798,1.21829891
2.68242798,1.21829891
2.68306798,1.21829891
2.68370798,1.21829891
2.68434798,1.21829891
2.68498798,1.21829891
2.68562798,1.39469588
2.68626798,1.21829891
2.68690798,1.39469588
2.68754798,1.21829891
2.68818798,1.39469588
2.68882798,1.39469588
2.68946798,1.39469588
2.69010798,1.39469588
2.69074798,1.39469588
2.69138798,1.39469588
2.69202798,1.39469588
2.69266798,1.39469588
2.69330798,1.39469588
2.69394798,1.39469588
2.69458798,1.39469588
2.69522798,1.39469588
2.69586798,1.39469588
2.69650798,1.39469588
2.69714798,1.39469588
2.69778798,1.57048249
2.69842798,1.39469588
2.69906798,1.39469588
2.69970798,1.39469588
2.70034798,1.39469588
2.70098798,1.39469588
2.70162798,1.21829891
2.70226798,1.39469588
2.70290798,1.39469588
2.70354798,1.21829891
2.70418798,1.21829891
2.70482798,1.21829891
2.70546798,1.21829891
2.70610798,1.21829891
2.70674798,1.21829891
2.70738798,1.21829891
2.70802798,1.21829891
2.70866798,1.21829891
2.70930798,1.21829891
2.70994798,1.21829891
2.71058798,1.04190195
2.71122798,1.04190195
2.71186798,1.04190195
2.71250798,1.04190195
2.71314798,1.04190195
2.71378798,1.04190195
2.71442798,1.04190195
2.71506798,1.04190195
2.71570798,0.86550492
2.71634798,0.86550492
2.71698798,0.86550492
2.71762798,0.86550492
2.71826798,0.86550492
2.71890798,0.68971831
2.71954798,0.68971831
2.72018798,0.68971831
2.72082798,0.68971831
2.72146798,0.51332134
2.72210798,0.51332134
2.72274798,0.51332134
2.72338798,0.51332134
2.72402798,0.51332134
2.72466798,0.51332134
2.72530798,0.33692434
2.72594798,0.51332134
2.72658798,0.33692434
2.72722798,0.33692434
2.72786798,0.33692434
2.72850798,0.33692434
2.72914798,0.16052736
2.72978798,0.16052736
2.73042798,0.16052736
2.73106798,0.16052736
2.73170798,0.16052736
2.73234798,-0.01525925
2.73298798,-0.01525925
2.73362798,-0.01525925
2.73426798,-0.01525925
2.73490798,-0.01525925
2.73554798,-0.19104587
2.73618798,-0.19104587
2.73682798,-0.19104587
2.73746798,-0.19104587
2.73810798,-0.36744285
2.73874798,-0.36744285
2.73938798,-0.36744285
2.74002798,-0.19104587
2.74066798,-0.36744285
2.74130798,-0.36744285
2.74194798,-0.36744285
2.74258798,-0.36744285
2.74322798,-0.36744285
2.74386798,-0.36744285
2.74450798,-0.36744285
2.74514798,-0.54383981
2.74578798,-0.54383981
2.74642798,-0.54383981
2.74706798,-0.72023684
2.74770798,-0.54383981
2.74834798,-0.54383981
2.74898798,-0.72023684
2.74962798,-0.72023684
2.75026798,-0.72023684
2.75090798,-0.54383981
2.75154798,-0.72023684
2.75218798,-0.72023684
2.75282798,-0.89602345
2.75346798,-0.72023684
2.75410798,-0.72023684
2.75474798,-0.89602345
2.75538798,-0.89602345
2.75602798,-0.72023684
2.75666798,-0.89602345
2.75730798,-0.89602345
2.75794798,-0.89602345
2.75858798,-0.89602345
2.75922798,-0.89602345
2.75986798,-0.89602345
2.76050798,-0.89602345
2.76114798,-0.89602345
2.76178798,-0.89602345
2.76242798,-0.89602345
2.76306798,-0.89602345
2.76370798,-0.89602345
2.76434798,-0.89602345
2.76498798,-0.89602345
2.76562798,-0.89602345
2.76626798,-0.89602345
2.76690798,-0.89602345
2.76754798,-0.89602345
2.76818798,-0.89602345
2.76882798,-0.89602345
2.76946798,-0.89602345
2.77010798,-0.89602345
2.77074798,-0.89602345
2.77138798,-0.89602345
2.77202798,-0.89602345
2.77266798,-0.89602345
2.77330798,-0.89602345
2.77394798,-0.89602345
2.77458798,-0.89602345
2.77522798,-0.89602345
2.77586798,-0.89602345
2.77650798,-0.89602345
2.77714798,-0.89602345
2.77778798,-0.89602345
2.77842798,-0.89602345
2.77906798,-0.89602345
2.77970798,-0.89602345
2.78034798,-0.89602345
2.78098798,-0.72023684
2.78162798,-0.72023684
2.78226798,-0.72023684
2.78290798,-0.72023684
2.78354798,-0.89602345
2.78418798,-0.72023684
2.78482798,-0.72023684
2.78546798,-0.72023684
2.78610798,-0.72023684
2.78674798,-0.72023684
2.78738798,-0.72023684
2.78802798,-0.72023684
2.78866798,-0.72023684
2.78930798,-0.72023684
2.78994798,-0.72023684
2.79058798,-0.72023684
2.79122798,-0.72023684
2.79186798,-0.72023684
2.79250798,-0.72023684
2.79314798,-0.72023684
2.79378798,-0.72023684
2.79442798,-0.72023684
2.79506798,-0.72023684
2.79570798,-0.72023684
2.79634798,-0.72023684
2.79698798,-0.72023684
2.79762798,-0.72023684
2.79826798,-0.72023684
2.79890798,-0.72023684
2.79954798,-0.72023684
2.80018798,-0.72023684
2.80082798,-0.72023684
2.80146798,-0.72023684
2.80210798,-0.72023684
2.80274798,-0.72023684
2.80338798,-0.72023684
2.80402798,-0.54383981
2.80466798,-0.54383981
2.80530798,-0.72023684
2.80594798,-0.72023684
2.80658798,-0.72023684
2.80722798,-0.54383981
2.80786798,-0.72023684
2.80850798,-0.72023684
2.80914798,-0.72023684
2.80978798,-0.72023684
2.81042798,-0.72023684
2.81106798,-0.72023684
2.81170798,-0.72023684
2.81234798,-0.72023684
2.81298798,-0.72023684
2.81362798,-0.72023684
2.81426798,-0.72023684
2.81490798,-0.72023684
2.81554798,-0.72023684
2.81618798,-0.72023684
2.81682798,-0.54383981
2.81746798,-0.72023684
2.81810798,-0.54383981
2.81874798,-0.72023684
2.81938798,-0.72023684
2.82002798,-0.54383981
2.82066798,-0.72023684
2.82130798,-0.72023684
2.82194798,-0.54383981
2.82258798,-0.72023684
2.82322798,-0.72023684
2.82386798,-0.54383981
2.82450798,-0.72023684
2.82514798,-0.72023684
2.82578798,-0.54383981
2.82642798,-0.54383981
2.82706798,-0.72023684
2.82770798,-0.72023684
2.82834798,-0.72023684
2.82898798,-0.72023684
2.82962798,-0.54383981
2.83026798,-0.72023684
2.83090798,-0.72023684
2.83154798,-0.54383981
2.83218798,-0.54383981
2.83282798,-0.54383981
2.83346798,-0.54383981
2.83410798,-0.36744285
2.83474798,-0.54383981
2.83538798,-0.54383981
2.83602798,-0.54383981
2.83666798,-0.54383981
2.83730798,-0.54383981
2.83794798,-0.36744285
2.83858798,-0.36744285
2.83922798,-0.36744285
2.83986798,-0.36744285
2.84050798,-0.36744285
2.84114798,-0.36744285
2.84178798,-0.36744285
2.84242798,-0.36744285
2.84306798,-0.36744285
2.84370798,-0.36744285
2.84434798,-0.19104587
2.84498798,-0.36744285
2.84562798,-0.19104587
2.84626798,-0.19104587
2.84690798,-0.19104587
2.84754798,-0.19104587
2.84818798,-0.19104587
2.84882798,-0.19104587
2.84946798,-0.19104587
2.85010798,-0.01525925
2.85074798,-0.01525925
2.85138798,-0.01525925
2.85202798,-0.01525925
2.85266798,-0.01525925
2.85330798,-0.01525925
2.85394798,-0.01525925
2.85458798,0.16052736
2.85522798,0.16052736
2.85586798,0.16052736
2.85650798,0.16052736
2.85714798,0.16052736
2.85778798,0.33692434
2.85842798,0.33692434
2.85906798,0.33692434
2.85970798,0.33692434
2.86034798,0.33692434
2.86098798,0.33692434
2.86162798,0.33692434
2.86226798,0.51332134
2.86290798,0.51332134
2.86354798,0.51332134
2.86418798,0.51332134
2.86482798,0.51332134
2.86546798,0.51332134
2.86610798,0.51332134
2.86674798,0.68971831
2.86738798,0.68971831
2.86802798,0.68971831
2.86866798,0.68971831
2.86930798,0.86550492
2.86994798,0.86550492
2.87058798,0.86550492
2.87122798,0.86550492
2.87186798,0.86550492
2.87250798,0.86550492
2.87314798,0.86550492
2.87378798,1.04190195
2.87442798,1.04190195
2.87506798,1.04190195
2.87570798,1.04190195
2.87634798,1.04190195
2.87698798,1.04190195
2.87762798,1.21829891
2.87826798,1.21829891
2.87890798,1.04190195
2.87954798,1.21829891
2.88018798,1.21829891
2.88082798,1.21829891
2.88146798,1.21829891
2.88210798,1.21829891
2.88274798,1.21829891
2.88338798,1.21829891
2.88402798,1.21829891
2.88466798,1.21829891
2.88530798,1.21829891
2.88594798,1.21829891
2.88658798,1.21829891
2.88722798,1.21829891
2.88786798,1.21829891
2.88850798,1.21829891
2.88914798,1.21829891
2.88978798,1.21829891
2.89042798,1.21829891
2.89106798,1.21829891
2.89170798,1.39469588
2.89234798,1.21829891
2.89298798,1.21829891
2.89362798,1.21829891
2.89426798,1.39469588
2.89490798,1.21829891
2.89554798,1.21829891
2.89618798,1.21829891
2.89682798,1.21829891
2.89746798,1.39469588
2.89810798,1.21829891
2.89874798,1.21829891
2.89938798,1.21829891
2.90002798,1.21829891
2.90066798,1.21829891
2.90130798,1.21829891
2.90194798,1.21829891
2.90258798,1.21829891
2.90322798,1.21829891
2.90386798,1.21829891
2.90450798,1.21829891
2.90514798,1.21829891
2.90578798,1.04190195
2.90642798,1.04190195
2.90706798,1.04190195
2.90770798,1.04190195
2.90834798,1.04190195
2.90898798,1.04190195
2.90962798,1.04190195
2.91026798,1.04190195
2.91090798,0.86550492
2.91154798,0.86550492
2.91218798,1.04190195
2.91282798,0.86550492
2.91346798,0.86550492
2.91410798,0.86550492
2.91474798,0.86550492
2.91538798,0.86550492
2.91602798,0.86550492
2.91666798,0.68971831
2.91730798,0.68971831
2.91794798,0.68971831
2.91858798,0.68971831
2.91922798,0.51332134
2.91986798,0.68971831
2.92050798,0.51332134
2.92114798,0.51332134
2.92178798,0.51332134
2.92242798,0.51332134
2.92306798,0.51332134
2.92370798,0.51332134
2.92434798,0.51332134
2.92498798,0.51332134
2.92562798,0.33692434
2.92626798,0.33692434
2.92690798,0.33692434
2.92754798,0.33692434
2.92818798,0.33692434
2.92882798,0.33692434
2.92946798,0.33692434
2.93010798,0.33692434
2.93074798,0.16052736
2.93138798,0.16052736
2.93202798,0.16052736
2.93266798,0.16052736
2.93330798,0.16052736
2.93394798,0.16052736
2.93458798,0.16052736
2.93522798,0.16052736
2.93586798,0.16052736
2.93650798,0.16052736
2.93714798,0.16052736
2.93778798,-0.01525925
2.93842798,0.16052736
2.93906798,-0.01525925
2.93970798,-0.01525925
2.94034798,-0.01525925
2.94098798,-0.01525925
2.94162798,-0.01525925
2.94226798,-0.01525925
2.94290798,-0.01525925
2.94354798,-0.01525925
2.94418798,-0.19104587
2.94482798,-0.01525925
2.94546798,-0.19104587
2.94610798,-0.19104587
2.94674798,-0.19104587
2.94738798,-0.19104587
2.94802798,-0.19104587
2.94866798,-0.19104587
2.94930798,-0.19104587
2.94994798,-0.19104587
2.95058798,-0.19104587
2.95122798,-0.19104587
2.95186798,-0.19104587
2.95250798,-0.19104587
2.95314798,-0.19104587
2.95378798,-0.19104587
2.95442798,-0.19104587
2.95506798,-0.19104587
2.95570798,-0.19104587
2.95634798,-0.19104587
2.95698798,-0.19104587
2.95762798,-0.19104587
2.95826798,-0.19104587
2.95890798,-0.19104587
2.95954798,-0.36744285
2.96018798,-0.19104587
2.96082798,-0.19104587
2.96146798,-0.19104587
2.96210798,-0.19104587
2.96274798,-0.19104587
2.96338798,-0.36744285
2.96402798,-0.36744285
2.96466798,-0.36744285
2.96530798,-0.36744285
2.96594798,-0.36744285
2.96658798,-0.36744285
2.96722798,-0.36744285
2.96786798,-0.19104587
2.96850798,-0.36744285
2.96914798,-0.36744285
2.96978798,-0.36744285
2.97042798,-0.36744285
2.97106798,-0.36744285
2.97170798,-0.36744285
2.97234798,-0.36744285
2.97298798,-0.36744285
2.97362798,-0.36744285
2.97426798,-0.36744285
2.97490798,-0.36744285
2.97554798,-0.36744285
2.97618798,-0.36744285
2.97682798,-0.36744285
2.97746798,-0.36744285
2.97810798,-0.36744285
2.97874798,-0.36744285
2.97938798,-0.36744285
2.98002798,-0.36744285
2.98066798,-0.36744285
2.98130798,-0.54383981
2.98194798,-0.36744285
2.98258798,-0.36744285
2.98322798,-0.36744285
2.98386798,-0.54383981
2.98450798,-0.54383981
2.98514798,-0.36744285
2.98578798,-0.54383981
2.98642798,-0.54383981
2.98706798,-0.54383981
2.98770798,-0.54383981
2.98834798,-0.54383981
2.98898798,-0.54383981
2.98962798,-0.54383981
2.99026798,-0.72023684
2.99090798,-0.54383981
2.99154798,-0.72023684
2.99218798,-0.54383981
2.99282798,-0.72023684
2.99346798,-0.72023684
2.99410798,-0.72023684
2.99474798,-0.72023684
2.99538798,-0.72023684
2.99602798,-0.72023684
2.99666798,-0.72023684
2.99730798,-0.72023684
2.99794798,-0.72023684
2.99858798,-0.89602345
2.99922798,-0.89602345
2.99986798,-0.89602345
3.00050798,-0.89602345
3.00114798,-0.89602345
3.00178798,-0.89602345
3.00242798,-0.89602345
3.00306798,-0.89602345
3.00370798,-0.89602345
3.00434798,-0.89602345
3.00498798,-0.89602345
3.00562798,-0.89602345
3.00626798,-0.89602345
3.00690798,-0.89602345
3.00754798,-0.89602345
3.00818798,-0.89602345
3.00882798,-0.89602345
3.00946798,-0.89602345
3.01010798,-1.07242048
3.01074798,-0.89602345
3.01138798,-1.07242048
3.01202798,-0.89602345
3.01266798,-1.07242048
3.01330798,-1.07242048
3.01394798,-1.07242048
3.01458798,-1.07242048
3.01522798,-1.07242048
3.01586798,-0.89602345
3.01650798,-1.07242048
3.01714798,-1.07242048
3.01778798,-1.07242048
3.01842798,-1.07242048
3.01906798,-0.89602345
3.01970798,-1.07242048
3.02034798,-1.07242048
3.02098798,-0.89602345
3.02162798,-1.07242048
3.02226798,-1.07242048
3.02290798,-0.89602345
3.02354798,-1.07242048
3.02418798,-0.89602345
3.02482798,-0.89602345
3.02546798,-0.89602345
3.02610798,-0.89602345
3.02674798,-0.89602345
3.02738798,-0.89602345
3.02802798,-0.89602345
3.02866798,-0.89602345
3.02930798,-0.89602345
3.02994798,-0.89602345
3.03058798,-0.89602345
3.03122798,-0.89602345
3.03186798,-0.89602345
3.03250798,-0.89602345
3.03314798,-0.89602345
3.03378798,-0.72023684
3.03442798,-0.72023684
3.03506798,-0.72023684
3.03570798,-0.72023684
3.03634798,-0.72023684
3.03698798,-0.72023684
3.03762798,-0.72023684
3.03826798,-0.72023684
3.03890798,-0.72023684
3.03954798,-0.54383981
3.04018798,-0.54383981
3.04082798,-0.54383981
3.04146798,-0.54383981
3.04210798,-0.36744285
3.04274798,-0.54383981
3.04338798,-0.54383981
3.04402798,-0.36744285
3.04466798,-0.36744285
3.04530798,-0.36744285
3.04594798,-0.36744285
3.04658798,-0.36744285
3.04722798,-0.36744285
3.04786798,-0.36744285
3.04850798,-0.19104587
3.04914798,-0.19104587
3.04978798,-0.19104587
3.05042798,-0.19104587
3.05106798,-0.19104587
3.05170798,-0.01525925
3.05234798,-0.19104587
3.05298798,-0.01525925
3.05362798,-0.01525925
3.05426798,-0.01525925
3.05490798,0.16052736
3.05554798,0.16052736
3.05618798,0.16052736
3.05682798,0.16052736
3.05746798,0.16052736
3.05810798,0.16052736
3.05874798,0.16052736
3.05938798,0.16052736
3.06002798,0.33692434
3.06066798,0.33692434
3.06130798,0.33692434
3.06194798,0.33692434
3.06258798,0.33692434
3.06322798,0.33692434
3.06386798,0.33692434
3.06450798,0.51332134
3.06514798,0.33692434
3.06578798,0.51332134
3.06642798,0.51332134
3.06706798,0.51332134
3.06770798,0.51332134
3.06834798,0.51332134
3.06898798,0.51332134
3.06962798,0.68971831
3.07026798,0.68971831
3.07090798,0.68971831
3.07154798,0.68971831
3.07218798,0.68971831
3.07282798,0.68971831
3.07346798,0.68971831
3.07410798,0.86550492
3.07474798,0.86550492
3.07538798,0.86550492
3.07602798,0.86550492
3.07666798,0.68971831
3.07730798,0.86550492
3.07794798,0.86550492
3.07858798,0.86550492
3.07922798,0.86550492
3.07986798,0.86550492
3.08050798,0.86550492
3.08114798,0.86550492
3.08178798,0.86550492
3.08242798,0.86550492
3.08306798,0.86550492
3.08370798,0.86550492
3.08434798,0.86550492
3.08498798,0.86550492
3.08562798,0.86550492
3.08626798,0.86550492
3.08690798,0.86550492
3.08754798,0.86550492
3.08818798,1.04190195
3.08882798,0.86550492
3.08946798,0.86550492
3.09010798,1.04190195
3.09074798,0.86550492
3.09138798,0.86550492
3.09202798,0.86550492
3.09266798,0.86550492
3.09330798,0.86550492
3.09394798,0.86550492
3.09458798,0.86550492
3.09522798,0.86550492
3.09586798,0.86550492
3.09650798,1.04190195
3.09714798,0.86550492
3.09778798,0.86550492
3.09842798,0.86550492
3.09906798,0.86550492
3.09970798,0.86550492
3.10034798,0.86550492
3.10098798,0.86550492
3.10162798,0.86550492
3.10226798,0.86550492
3.10290798,0.86550492
3.10354798,0.86550492
3.10418798,0.86550492
3.10482798,0.86550492
3.10546798,0.86550492
3.10610798,0.86550492
3.10674798,0.86550492
3.10738798,0.68971831
3.10802798,0.68971831
3.10866798,0.86550492
3.10930798,0.68971831
3.10994798,0.68971831
3.11058798,0.68971831
3.11122798,0.68971831
3.11186798,0.68971831
3.11250798,0.68971831
3.11314798,0.68971831
3.11378798,0.68971831
3.11442798,0.68971831
3.11506798,0.68971831
3.11570798,0.68971831
3.11634798,0.51332134
3.11698798,0.51332134
3.11762798,0.51332134
3.11826798,0.51332134
3.11890798,0.51332134
3.11954798,0.51332134
3.12018798,0.51332134
3.12082798,0.51332134
3.12146798,0.51332134
3.12210798,0.51332134
3.12274798,0.51332134
3.12338798,0.51332134
3.12402798,0.51332134
3.12466798,0.51332134
3.12530798,0.51332134
3.12594798,0.51332134
3.12658798,0.51332134
3.12722798,0.51332134
3.12786798,0.51332134
3.12850798,0.51332134
3.12914798,0.51332134
3.12978798,0.51332134
3.13042798,0.51332134
3.13106798,0.51332134
3.13170798,0.51332134
3.13234798,0.51332134
3.13298798,0.51332134
3.13362798,0.51332134
3.13426798,0.51332134
3.13490798,0.51332134
3.13554798,0.51332134
3.13618798,0.51332134
3.13682798,0.33692434
3.13746798,0.51332134
3.13810798,0.33692434
3.13874798,0.51332134
3.13938798,0.51332134
3.14002798,0.33692434
3.14066798,0.51332134
3.14130798,0.33692434
3.14194798,0.33692434
3.14258798,0.33692434
3.14322798,0.33692434
3.14386798,0.33692434
3.14450798,0.33692434
3.14514798,0.33692434
3.14578798,0.33692434
3.14642798,0.33692434
3.14706798,0.33692434
3.14770798,0.33692434
3.14834798,0.33692434
3.14898798,0.33692434
3.14962798,0.33692434
3.15026798,0.33692434
3.15090798,0.33692434
3.15154798,0.33692434
3.15218798,0.33692434
3.15282798,0.33692434
3.15346798,0.33692434
3.15410798,0.33692434
3.15474798,0.33692434
3.15538798,0.33692434
3.15602798,0.33692434
3.15666798,0.33692434
3.15730798,0.33692434
3.15794798,0.33692434
3.15858798,0.33692434
3.15922798,0.33692434
3.15986798,0.33692434
3.16050798,0.33692434
3.16114798,0.16052736
3.16178798,0.16052736
3.16242798,0.16052736
3.16306798,0.16052736
3.16370798,0.16052736
3.16434798,0.16052736
3.16498798,0.16052736
3.16562798,0.16052736
3.16626798,0.16052736
3.16690798,0.16052736
3.16754798,0.16052736
3.16818798,0.16052736
3.16882798,-0.01525925
3.16946798,-0.01525925
3.17010798,-0.01525925
3.17074798,-0.01525925
3.17138798,-0.01525925
3.17202798,-0.01525925
3.17266798,-0.01525925
3.17330798,-0.01525925
3.17394798,-0.01525925
3.17458798,-0.01525925
3.17522798,-0.19104587
3.17586798,-0.19104587
3.17650798,-0.19104587
3.17714798,-0.19104587
3.17778798,-0.19104587
3.17842798,-0.19104587
3.17906798,-0.19104587
3.17970798,-0.19104587
3.18034798,-0.19104587
3.18098798,-0.19104587
3.18162798,-0.19104587
3.18226798,-0.36744285
3.18290798,-0.36744285
3.18354798,-0.36744285
3.18418798,-0.36744285
3.18482798,-0.36744285
3.18546798,-0.36744285
3.18610798,-0.36744285
3.18674798,-0.36744285
3.18738798,-0.54383981
3.18802798,-0.54383981
3.18866798,-0.54383981
3.18930798,-0.54383981
3.18994798,-0.54383981
3.19058798,-0.72023684
3.19122798,-0.72023684
3.19186798,-0.54383981
3.19250798,-0.54383981
3.19314798,-0.54383981
3.19378798,-0.54383981
3.19442798,-0.54383981
3.19506798,-0.54383981
3.19570798,-0.72023684
3.19634798,-0.72023684
3.19698798,-0.72023684
3.19762798,-0.72023684
3.19826798,-0.89602345
3.19890798,-0.89602345
3.19954798,-0.89602345
3.20018798,-0.89602345
3.20082798,-0.89602345
3.20146798,-0.89602345
3.20210798,-0.89602345
3.20274798,-0.89602345
3.20338798,-1.07242048
3.20402798,-0.89602345
3.20466798,-0.89602345
3.20530798,-0.89602345
3.20594798,-0.89602345
3.20658798,-0.89602345
3.20722798,-1.07242048
3.20786798,-0.89602345
3.20850798,-1.07242048
3.20914798,-1.07242048
3.20978798,-1.07242048
3.21042798,-1.07242048
3.21106798,-1.07242048
3.21170798,-0.89602345
3.21234798,-1.07242048
3.21298798,-1.07242048
3.21362798,-1.07242048
3.21426798,-0.89602345
3.21490798,-1.07242048
3.21554798,-1.07242048
3.21618798,-0.89602345
3.21682798,-1.07242048
3.21746798,-1.07242048
3.21810798,-1.07242048
3.21874798,-1.07242048
3.21938798,-1.07242048
3.22002798,-1.07242048
3.22066798,-0.89602345
3.22130798,-1.07242048
3.22194798,-0.89602345
3.22258798,-1.07242048
3.22322798,-1.07242048
3.22386798,-0.89602345
3.22450798,-0.89602345
3.22514798,-0.89602345
3.22578798,-0.89602345
3.22642798,-0.89602345
3.22706798,-0.89602345
3.22770798,-0.89602345
3.22834798,-0.89602345
3.22898798,-0.89602345
3.22962798,-0.89602345
3.23026798,-0.89602345
3.23090798,-0.89602345
3.23154798,-0.89602345
3.23218798,-0.89602345
3.23282798,-0.89602345
3.23346798,-0.72023684
3.23410798,-0.72023684
3.23474798,-0.72023684
3.23538798,-0.72023684
3.23602798,-0.54383981
3.23666798,-0.72023684
3.23730798,-0.72023684
3.23794798,-0.72023684
3.23858798,-0.54383981
3.23922798,-0.54383981
3.23986798,-0.54383981
3.24050798,-0.54383981
3.24114798,-0.54383981
3.24178798,-0.54383981
3.24242798,-0.36744285
3.24306798,-0.36744285
3.24370798,-0.36744285
3.24434798,-0.36744285
3.24498798,-0.36744285
3.24562798,-0.36744285
3.24626798,-0.36744285
3.24690798,-0.36744285
3.24754798,-0.36744285
3.24818798,-0.36744285
3.24882798,-0.36744285
3.24946798,-0.19104587
3.25010798,-0.19104587
3.25074798,-0.19104587
3.25138798,-0.19104587
3.25202798,-0.19104587
3.25266798,-0.19104587
3.25330798,-0.19104587
3.25394798,-0.19104587
3.25458798,-0.19104587
3.25522798,-0.01525925
3.25586798,-0.19104587
3.25650798,-0.01525925
3.25714798,-0.01525925
3.25778798,-0.01525925
3.25842798,-0.01525925
3.25906798,-0.01525925
3.25970798,0.16052736
3.26034798,-0.01525925
3.26098798,0.16052736
3.26162798,0.16052736
3.26226798,0.16052736
3.26290798,0.16052736
3.26354798,0.16052736
3.26418798,0.16052736
3.26482798,0.16052736
3.26546798,0.16052736
3.26610798,0.16052736
3.26674798,0.16052736
3.26738798,0.16052736
3.26802798,0.33692434
3.26866798,0.33692434
3.26930798,0.33692434
3.26994798,0.33692434
3.27058798,0.33692434
3.27122798,0.33692434
3.27186798,0.33692434
3.27250798,0.33692434
3.27314798,0.33692434
3.27378798,0.33692434
3.27442798,0.33692434
3.27506798,0.33692434
3.27570798,0.33692434
3.27634798,0.33692434
3.27698798,0.33692434
3.27762798,0.33692434
3.27826798,0.33692434
3.27890798,0.33692434
3.27954798,0.33692434
3.28018798,0.33692434
3.28082798,0.33692434
3.28146798,0.33692434
3.28210798,0.33692434
3.28274798,0.51332134
3.28338798,0.33692434
3.28402798,0.51332134
3.28466798,0.51332134
3.28530798,0.51332134
3.28594798,0.51332134
3.28658798,0.51332134
3.28722798,0.33692434
3.28786798,0.33692434
3.28850798,0.51332134
3.28914798,0.51332134
3.28978798,0.51332134
3.29042798,0.51332134
3.29106798,0.51332134
3.29170798,0.51332134
3.29234798,0.51332134
3.29298798,0.51332134
3.29362798,0.51332134
3.29426798,0.51332134
3.29490798,0.51332134
3.29554798,0.51332134
3.29618798,0.51332134
3.29682798,0.51332134
3.29746798,0.51332134
3.29810798,0.51332134
3.29874798,0.51332134
3.29938798,0.51332134
3.30002798,0.33692434
3.30066798,0.51332134
3.30130798,0.51332134
3.30194798,0.51332134
3.30258798,0.51332134
3.30322798,0.51332134
3.30386798,0.51332134
3.30450798,0.51332134
3.30514798,0.51332134
3.30578798,0.51332134
3.30642798,0.51332134
3.30706798,0.51332134
3.30770798,0.51332134
3.30834798,0.51332134
3.30898798,0.51332134
3.30962798,0.51332134
3.31026798,0.51332134
3.31090798,0.51332134
3.31154798,0.51332134
3.31218798,0.51332134
3.31282798,0.51332134
3.31346798,0.51332134
3.31410798,0.51332134
3.31474798,0.51332134
3.31538798,0.51332134
3.31602798,0.51332134
3.31666798,0.51332134
3.31730798,0.68971831
3.31794798,0.51332134
3.31858798,0.68971831
3.31922798,0.51332134
3.31986798,0.51332134
3.32050798,0.51332134
3.32114798,0.68971831
3.32178798,0.68971831
3.32242798,0.68971831
3.32306798,0.68971831
3.32370798,0.68971831
3.32434798,0.68971831
3.32498798,0.51332134
3.32562798,0.68971831
3.32626798,0.68971831
3.32690798,0.68971831
3.32754798,0.68971831
3.32818798,0.68971831
3.32882798,0.68971831
3.32946798,0.68971831
3.33010798,0.68971831
3.33074798,0.68971831
3.33138798,0.68971831
3.33202798,0.68971831
3.33266798,0.68971831
3.33330798,0.68971831
3.33394798,0.68971831
3.33458798,0.68971831
3.33522798,0.68971831
3.33586798,0.68971831
3.33650798,0.68971831
3.33714798,0.68971831
3.33778798,0.68971831
3.33842798,0.68971831
3.33906798,0.68971831
3.33970798,0.68971831
3.34034798,0.68971831
3.34098798,0.86550492
3.34162798,0.68971831
3.34226798,0.68971831
3.34290798,0.68971831
3.34354798,0.68971831
3.34418798,0.68971831
3.34482798,0.68971831
3.34546798,0.68971831
3.34610798,0.68971831
3.34674798,0.68971831
3.34738798,0.68971831
3.34802798,0.68971831
3.34866798,0.68971831
3.34930798,0.68971831
3.34994798,0.68971831
3.35058798,0.68971831
3.35122798,0.68971831
3.35186798,0.51332134
3.35250798,0.51332134
3.35314798,0.68971831
3.35378798,0.51332134
3.35442798,0.51332134
3.35506798,0.51332134
3.35570798,0.51332134
3.35634798,0.51332134
3.35698798,0.51332134
3.35762798,0.51332134
3.35826798,0.51332134
3.35890798,0.51332134
3.35954798,0.51332134
3.36018798,0.51332134
3.36082798,0.51332134
3.36146798,0.33692434
3.36210798,0.33692434
3.36274798,0.51332134
3.36338798,0.33692434
3.36402798,0.33692434
3.36466798,0.33692434
3.36530798,0.33692434
3.36594798,0.33692434
3.36658798,0.33692434
3.36722798,0.16052736
3.36786798,0.33692434
3.36850798,0.33692434
3.36914798,0.33692434
3.36978798,0.33692434
3.37042798,0.16052736
3.37106798,0.16052736
3.37170798,0.16052736
3.37234798,0.16052736
3.37298798,0.16052736
3.37362798,0.16052736
3.37426798,0.16052736
3.37490798,-0.01525925
3.37554798,-0.01525925
3.37618798,-0.01525925
3.37682798,-0.01525925
3.37746798,-0.01525925
3.37810798,-0.01525925
3.37874798,-0.01525925
3.37938798,-0.19104587
3.38002798,-0.19104587
3.38066798,-0.19104587
3.38130798,-0.19104587
3.38194798,-0.19104587
3.38258798,-0.19104587
3.38322798,-0.36744285
3.38386798,-0.36744285
3.38450798,-0.36744285
3.38514798,-0.19104587
3.38578798,-0.36744285
3.38642798,-0.36744285
3.38706798,-0.36744285
3.38770798,-0.36744285
3.38834798,-0.36744285
3.38898798,-0.36744285
3.38962798,-0.36744285
3.39026798,-0.54383981
3.39090798,-0.54383981
3.39154798,-0.54383981
3.39218798,-0.54383981
3.39282798,-0.54383981
3.39346798,-0.54383981
3.39410798,-0.54383981
3.39474798,-0.54383981
3.39538798,-0.54383981
3.39602798,-0.54383981
3.39666798,-0.54383981
3.39730798,-0.72023684
3.39794798,-0.72023684
3.39858798,-0.72023684
3.39922798,-0.54383981
3.39986798,-0.89602345
3.40050798,-0.72023684
3.40114798,-0.72023684
3.40178798,-0.72023684
3.40242798,-0.72023684
3.40306798,-0.72023684
3.40370798,-0.89602345
3.40434798,-0.72023684
3.40498798,-0.72023684
3.40562798,-0.89602345
3.40626798,-0.89602345
3.40690798,-0.89602345
3.40754798,-0.89602345
3.40818798,-0.89602345
3.40882798,-0.72023684
3.40946798,-0.89602345
3.41010798,-0.89602345
3.41074798,-0.89602345
3.41138798,-0.89602345
3.41202798,-0.89602345
3.41266798,-0.89602345
3.41330798,-0.72023684
3.41394798,-0.89602345
3.41458798,-0.89602345
3.41522798,-0.89602345
3.41586798,-0.89602345
3.41650798,-0.89602345
3.41714798,-0.72023684
3.41778798,-0.89602345
3.41842798,-0.89602345
3.41906798,-0.89602345
3.41970798,-0.72023684
3.42034798,-0.89602345
3.42098798,-0.72023684
3.42162798,-0.72023684
3.42226798,-0.72023684
3.42290798,-0.72023684
3.42354798,-0.72023684
3.42418798,-0.72023684
3.42482798,-0.72023684
3.42546798,-0.72023684
3.42610798,-0.72023684
3.42674798,-0.72023684
3.42738798,-0.72023684
3.42802798,-0.72023684
3.42866798,-0.72023684
3.42930798,-0.72023684
3.42994798,-0.54383981
3.43058798,-0.54383981
3.43122798,-0.54383981
3.43186798,-0.72023684
3.43250798,-0.72023684
3.43314798,-0.54383981
3.43378798,-0.54383981
3.43442798,-0.54383981
3.43506798,-0.54383981
3.43570798,-0.54383981
3.43634798,-0.54383981
3.43698798,-0.54383981
3.43762798,-0.54383981
3.43826798,-0.54383981
3.43890798,-0.54383981
3.43954798,-0.54383981
3.44018798,-0.54383981
3.44082798,-0.54383981
3.44146798,-0.36744285
3.44210798,-0.36744285
3.44274798,-0.36744285
3.44338798,-0.36744285
3.44402798,-0.36744285
3.44466798,-0.36744285
3.44530798,-0.36744285
3.44594798,-0.36744285
3.44658798,-0.36744285
3.44722798,-0.36744285
3.44786798,-0.36744285
3.44850798,-0.36744285
3.44914798,-0.36744285
3.44978798,-0.36744285
3.45042798,-0.36744285
3.45106798,-0.36744285
3.45170798,-0.36744285
3.45234798,-0.36744285
3.45298798,-0.36744285
3.45362798,-0.19104587
3.45426798,-0.19104587
3.45490798,-0.19104587
3.45554798,-0.19104587
3.45618798,-0.19104587
3.45682798,-0.19104587
3.45746798,-0.19104587
3.45810798,-0.19104587
3.45874798,-0.19104587
3.45938798,-0.19104587
3.46002798,-0.19104587
3.46066798,-0.19104587
3.46130798,-0.19104587
3.46194798,-0.19104587
3.46258798,-0.19104587
3.46322798,-0.19104587
3.46386798,-0.19104587
3.46450798,-0.19104587
3.46514798,-0.19104587
3.46578798,-0.19104587
3.46642798,-0.19104587
3.46706798,-0.19104587
3.46770798,-0.19104587
3.46834798,-0.19104587
3.46898798,-0.19104587
3.46962798,-0.19104587
3.47026798,-0.19104587
3.47090798,-0.19104587
3.47154798,-0.01525925
3.47218798,-0.19104587
3.47282798,-0.19104587
3.47346798,-0.01525925
3.47410798,-0.19104587
3.47474798,-0.01525925
3.47538798,-0.01525925
3.47602798,-0.19104587
3.47666798,-0.01525925
3.47730798,-0.01525925
3.47794798,-0.01525925
3.47858798,-0.01525925
3.47922798,-0.01525925
3.47986798,-0.01525925
3.48050798,-0.01525925
3.48114798,-0.01525925
3.48178798,-0.01525925
3.48242798,-0.01525925
3.48306798,0.16052736
3.48370798,-0.01525925
3.48434798,-0.01525925
3.48498798,0.16052736
3.48562798,-0.01525925
3.48626798,-0.01525925
3.48690798,0.16052736
3.48754798,0.16052736
3.48818798,0.16052736
3.48882798,-0.01525925
3.48946798,0.16052736
3.49010798,0.16052736
3.49074798,0.16052736
3.49138798,0.16052736
3.49202798,0.16052736
3.49266798,0.16052736
3.49330798,0.16052736
3.49394798,0.16052736
3.49458798,0.16052736
3.49522798,0.16052736
3.49586798,0.16052736
3.49650798,0.33692434
3.49714798,0.16052736
3.49778798,0.33692434
3.49842798,0.33692434
3.49906798,0.33692434
3.49970798,0.33692434
3.50034798,0.33692434
3.50098798,0.33692434
3.50162798,0.33692434
3.50226798,0.33692434
3.50290798,0.33692434
3.50354798,0.33692434
3.50418798,0.33692434
3.50482798,0.33692434
3.50546798,0.33692434
3.50610798,0.33692434
3.50674798,0.33692434
3.50738798,0.51332134
3.50802798,0.51332134
3.50866798,0.51332134
3.50930798,0.51332134
3.50994798,0.51332134
3.51058798,0.51332134
3.51122798,0.51332134
3.51186798,0.51332134
3.51250798,0.51332134
3.51314798,0.51332134
3.51378798,0.51332134
3.51442798,0.51332134
3.51506798,0.51332134
3.51570798,0.51332134
3.51634798,0.51332134
3.51698798,0.51332134
3.51762798,0.68971831
3.51826798,0.68971831
3.51890798,0.51332134
3.51954798,0.68971831
3.52018798,0.68971831
3.52082798,0.68971831
3.52146798,0.68971831
3.52210798,0.68971831
3.52274798,0.68971831
3.52338798,0.86550492
3.52402798,0.86550492
3.52466798,0.68971831
3.52530798,0.68971831
3.52594798,0.68971831
3.52658798,0.86550492
3.52722798,0.68971831
3.52786798,0.86550492
3.52850798,0.86550492
3.52914798,0.86550492
3.52978798,0.86550492
3.53042798,0.86550492
3.53106798,0.86550492
3.53170798,0.86550492
3.53234798,0.86550492
3.53298798,0.86550492
3.53362798,0.86550492
3.53426798,0.68971831
3.53490798,0.86550492
3.53554798,0.86550492
3.53618798,0.86550492
3.53682798,0.86550492
3.53746798,0.86550492
3.53810798,0.86550492
3.53874798,0.86550492
3.53938798,0.86550492
3.54002798,0.86550492
3.54066798,0.86550492
3.54130798,0.68971831
3.54194798,0.86550492
3.54258798,0.86550492
3.54322798,0.86550492
3.54386798,0.86550492
3.54450798,0.86550492
3.54514798,0.86550492
3.54578798,0.68971831
3.54642798,0.68971831
3.54706798,0.68971831
3.54770798,0.86550492
3.54834798,0.86550492
3.54898798,0.68971831
3.54962798,0.68971831
3.55026798,0.86550492
3.55090798,0.86550492
3.55154798,0.68971831
3.55218798,0.68971831
3.55282798,0.68971831
3.55346798,0.68971831
3.55410798,0.68971831
3.55474798,0.68971831
3.55538798,0.68971831
3.55602798,0.68971831
3.55666798,0.68971831
3.55730798,0.51332134
3.55794798,0.51332134
3.55858798,0.68971831
3.55922798,0.51332134
3.55986798,0.51332134
3.56050798,0.51332134
3.56114798,0.51332134
3.56178798,0.51332134
3.56242798,0.51332134
3.56306798,0.51332134
3.56370798,0.51332134
3.56434798,0.33692434
3.56498798,0.33692434
3.56562798,0.33692434
3.56626798,0.33692434
3.56690798,0.33692434
3.56754798,0.33692434
3.56818798,0.33692434
3.56882798,0.33692434
3.56946798,0.33692434
3.57010798,0.33692434
3.57074798,0.33692434
3.57138798,0.33692434
3.57202798,0.33692434
3.57266798,0.33692434
3.57330798,0.16052736
3.57394798,0.16052736
3.57458798,0.16052736
3.57522798,0.16052736
3.57586798,0.16052736
3.57650798,0.16052736
3.57714798,0.16052736
3.57778798,-0.01525925
3.57842798,-0.01525925
3.57906798,-0.01525925
3.57970798,-0.01525925
3.58034798,-0.01525925
3.58098798,-0.01525925
3.58162798,-0.01525925
3.58226798,-0.19104587
3.58290798,-0.19104587
3.58354798,-0.19104587
3.58418798,-0.19104587
3.58482798,-0.19104587
3.58546798,-0.19104587
3.58610798,-0.19104587
3.58674798,-0.19104587
3.58738798,-0.19104587
3.58802798,-0.19104587
3.58866798,-0.19104587
3.58930798,-0.19104587
3.58994798,-0.19104587
3.59058798,-0.36744285
3.59122798,-0.36744285
3.59186798,-0.36744285
3.59250798,-0.19104587
3.59314798,-0.36744285
3.59378798,-0.36744285
3.59442798,-0.36744285
3.59506798,-0.36744285
3.59570798,-0.36744285
3.59634798,-0.36744285
3.59698798,-0.36744285
3.59762798,-0.36744285
3.59826798,-0.36744285
3.59890798,-0.36744285
3.59954798,-0.36744285
3.60018798,-0.36744285
3.60082798,-0.36744285
3.60146798,-0.36744285
3.60210798,-0.36744285
3.60274798,-0.36744285
3.60338798,-0.36744285
3.60402798,-0.36744285
3.60466798,-0.36744285
3.60530798,-0.54383981
3.60594798,-0.36744285
3.60658798,-0.36744285
3.60722798,-0.36744285
3.60786798,-0.36744285
3.60850798,-0.36744285
3.60914798,-0.36744285
3.60978798,-0.36744285
3.61042798,-0.54383981
3.61106798,-0.54383981
3.61170798,-0.54383981
3.61234798,-0.54383981
3.61298798,-0.54383981
3.61362798,-0.54383981
3.61426798,-0.36744285
3.61490798,-0.36744285
3.61554798,-0.54383981
3.61618798,-0.54383981
3.61682798,-0.54383981
3.61746798,-0.54383981
3.61810798,-0.36744285
3.61874798,-0.54383981
3.61938798,-0.54383981
3.62002798,-0.54383981
3.62066798,-0.36744285
3.62130798,-0.36744285
3.62194798,-0.36744285
3.62258798,-0.36744285
3.62322798,-0.54383981
3.62386798,-0.54383981
3.62450798,-0.36744285
3.62514798,-0.36744285
3.62578798,-0.54383981
3.62642798,-0.54383981
3.62706798,-0.54383981
3.62770798,-0.54383981
3.62834798,-0.36744285
3.62898798,-0.54383981
3.62962798,-0.36744285
3.63026798,-0.36744285
3.63090798,-0.54383981
3.63154798,-0.36744285
3.63218798,-0.36744285
3.63282798,-0.54383981
3.63346798,-0.54383981
3.63410798,-0.36744285
3.63474798,-0.54383981
3.63538798,-0.36744285
3.63602798,-0.36744285
3.63666798,-0.54383981
3.63730798,-0.54383981
3.63794798,-0.54383981
3.63858798,-0.36744285
3.63922798,-0.54383981
3.63986798,-0.36744285
3.64050798,-0.54383981
3.64114798,-0.54383981
3.64178798,-0.36744285
3.64242798,-0.36744285
3.64306798,-0.36744285
3.64370798,-0.36744285
3.64434798,-0.54383981
3.64498798,-0.36744285
3.64562798,-0.36744285
3.64626798,-0.36744285
3.64690798,-0.54383981
3.64754798,-0.36744285
3.64818798,-0.54383981
3.64882798,-0.36744285
3.64946798,-0.36744285
3.65010798,-0.36744285
3.65074798,-0.36744285
3.65138798,-0.54383981
3.65202798,-0.36744285
3.65266798,-0.36744285
3.65330798,-0.36744285
3.65394798,-0.36744285
3.65458798,-0.54383981
3.65522798,-0.36744285
3.65586798,-0.36744285
3.65650798,-0.36744285
3.65714798,-0.36744285
3.65778798,-0.36744285
3.65842798,-0.36744285
3.65906798,-0.36744285
3.65970798,-0.54383981
3.66034798,-0.36744285
3.66098798,-0.36744285
3.66162798,-0.36744285
3.66226798,-0.36744285
3.66290798,-0.36744285
3.66354798,-0.36744285
3.66418798,-0.36744285
3.66482798,-0.36744285
3.66546798,-0.54383981
3.66610798,-0.36744285
3.66674798,-0.36744285
3.66738798,-0.36744285
3.66802798,-0.36744285
3.66866798,-0.36744285
3.66930798,-0.36744285
3.66994798,-0.36744285
3.67058798,-0.36744285
3.67122798,-0.36744285
3.67186798,-0.36744285
3.67250798,-0.36744285
3.67314798,-0.36744285
3.67378798,-0.36744285
3.67442798,-0.36744285
3.67506798,-0.36744285
3.67570798,-0.36744285
3.67634798,-0.36744285
3.67698798,-0.36744285
3.67762798,-0.36744285
3.67826798,-0.36744285
3.67890798,-0.36744285
3.67954798,-0.36744285
3.68018798,-0.19104587
3.68082798,-0.36744285
3.68146798,-0.19104587
3.68210798,-0.19104587
3.68274798,-0.19104587
3.68338798,-0.19104587
3.68402798,-0.19104587
3.68466798,-0.19104587
3.68530798,-0.19104587
3.68594798,-0.19104587
3.68658798,-0.19104587
3.68722798,-0.19104587
3.68786798,-0.19104587
3.68850798,-0.19104587
3.68914798,-0.19104587
3.68978798,-0.19104587
3.69042798,-0.19104587
3.69106798,-0.01525925
3.69170798,-0.01525925
3.69234798,-0.01525925
3.69298798,-0.01525925
3.69362798,-0.01525925
3.69426798,-0.01525925
3.69490798,0.16052736
3.69554798,-0.01525925
3.69618798,-0.01525925
3.69682798,-0.01525925
3.69746798,0.16052736
3.69810798,0.16052736
3.69874798,0.16052736
3.69938798,0.16052736
3.70002798,0.16052736
3.70066798,0.16052736
3.70130798,0.16052736
3.70194798,0.33692434
3.70258798,0.16052736
3.70322798,0.33692434
3.70386798,0.33692434
3.70450798,0.33692434
3.70514798,0.33692434
3.70578798,0.33692434
3.70642798,0.33692434
3.70706798,0.33692434
3.70770798,0.33692434
3.70834798,0.33692434
3.70898798,0.33692434
3.70962798,0.33692434
3.71026798,0.33692434
3.71090798,0.33692434
3.71154798,0.33692434
3.71218798,0.51332134
3.71282798,0.33692434
3.71346798,0.33692434
3.71410798,0.51332134
3.71474798,0.51332134
3.71538798,0.51332134
3.71602798,0.51332134
3.71666798,0.51332134
3.71730798,0.51332134
3.71794798,0.51332134
3.71858798,0.51332134
3.71922798,0.68971831
3.71986798,0.51332134
3.72050798,0.51332134
3.72114798,0.51332134
3.72178798,0.68971831
3.72242798,0.51332134
3.72306798,0.68971831
3.72370798,0.68971831
3.72434798,0.68971831
3.72498798,0.51332134
3.72562798,0.68971831
3.72626798,0.68971831
3.72690798,0.68971831
3.72754798,0.68971831
3.72818798,0.68971831
3.72882798,0.68971831
3.72946798,0.68971831
3.73010798,0.68971831
3.73074798,0.68971831
3.73138798,0.68971831
3.73202798,0.68971831
3.73266798,0.68971831
3.73330798,0.86550492
3.73394798,0.68971831
3.73458798,0.68971831
3.73522798,0.68971831
3.73586798,0.68971831
3.73650798,0.68971831
3.73714798,0.68971831
3.73778798,0.68971831
3.73842798,0.86550492
3.73906798,0.68971831
3.73970798,0.68971831
3.74034798,0.68971831
3.74098798,0.68971831
3.74162798,0.68971831
3.74226798,0.68971831
3.74290798,0.68971831
3.74354798,0.68971831
3.74418798,0.68971831
3.74482798,0.68971831
3.74546798,0.68971831
3.74610798,0.68971831
3.74674798,0.68971831
3.74738798,0.68971831
3.74802798,0.68971831
3.74866798,0.68971831
3.74930798,0.68971831
3.74994798,0.68971831
3.75058798,0.68971831
3.75122798,0.51332134
3.75186798,0.51332134
3.75250798,0.68971831
3.75314798,0.51332134
3.75378798,0.51332134
3.75442798,0.51332134
3.75506798,0.51332134
3.75570798,0.51332134
3.75634798,0.51332134
3.75698798,0.51332134
3.75762798,0.51332134
3.75826798,0.51332134
3.75890798,0.51332134
3.75954798,0.51332134
3.76018798,0.51332134
3.76082798,0.51332134
3.76146798,0.51332134
3.76210798,0.51332134
3.76274798,0.51332134
3.76338798,0.33692434
3.76402798,0.33692434
3.76466798,0.33692434
3.76530798,0.33692434
3.76594798,0.33692434
3.76658798,0.33692434
3.76722798,0.33692434
3.76786798,0.33692434
3.76850798,0.33692434
3.76914798,0.33692434
3.76978798,0.33692434
3.77042798,0.33692434
3.77106798,0.33692434
3.77170798,0.33692434
3.77234798,0.33692434
3.77298798,0.16052736
3.77362798,0.33692434
3.77426798,0.33692434
3.77490798,0.33692434
3.77554798,0.16052736
3.77618798,0.33692434
3.77682798,0.16052736
3.77746798,0.16052736
3.77810798,0.16052736
3.77874798,0.16052736
3.77938798,0.16052736
3.78002798,0.16052736
3.78066798,0.16052736
3.78130798,0.16052736
3.78194798,0.16052736
3.78258798,0.16052736
3.78322798,0.16052736
3.78386798,0.16052736
3.78450798,-0.01525925
3.78514798,0.16052736
3.78578798,-0.01525925
3.78642798,0.16052736
3.78706798,0.16052736
3.78770798,0.16052736
3.78834798,0.16052736
3.78898798,0.16052736
3.78962798,-0.01525925
3.79026798,-0.01525925
3.79090798,-0.01525925
3.79154798,-0.01525925
3.79218798,-0.01525925
3.79282798,-0.01525925
3.79346798,-0.19104587
3.79410798,-0.01525925
3.79474798,-0.01525925
3.79538798,-0.01525925
3.79602798,-0.01525925
3.79666798,-0.01525925
3.79730798,-0.01525925
3.79794798,-0.01525925
3.79858798,-0.01525925
3.79922798,-0.01525925
3.79986798,-0.19104587
3.80050798,-0.19104587
3.80114798,-0.19104587
3.80178798,-0.01525925
3.80242798,-0.19104587
3.80306798,-0.19104587
3.80370798,-0.19104587
3.80434798,-0.19104587
3.80498798,-0.19104587
3.80562798,-0.19104587
3.80626798,-0.19104587
3.80690798,-0.19104587
3.80754798,-0.19104587
3.80818798,-0.19104587
3.80882798,-0.19104587
3.80946798,-0.19104587
3.81010798,-0.19104587
3.81074798,-0.19104587
3.81138798,-0.19104587
3.81202798,-0.19104587
3.81266798,-0.19104587
3.81330798,-0.19104587
3.81394798,-0.19104587
3.81458798,-0.19104587
3.81522798,-0.19104587
3.81586798,-0.19104587
3.81650798,-0.19104587
3.81714798,-0.36744285
3.81778798,-0.19104587
3.81842798,-0.19104587
3.81906798,-0.19104587
3.81970798,-0.36744285
3.82034798,-0.19104587
3.82098798,-0.19104587
3.82162798,-0.19104587
3.82226798,-0.19104587
3.82290798,-0.36744285
3.82354798,-0.36744285
3.82418798,-0.36744285
3.82482798,-0.19104587
3.82546798,-0.36744285
3.82610798,-0.36744285
3.82674798,-0.36744285
3.82738798,-0.36744285
3.82802798,-0.36744285
3.82866798,-0.36744285
3.82930798,-0.36744285
3.82994798,-0.36744285
3.83058798,-0.36744285
3.83122798,-0.36744285
3.83186798,-0.36744285
3.83250798,-0.36744285
3.83314798,-0.36744285
3.83378798,-0.36744285
3.83442798,-0.36744285
3.83506798,-0.36744285
3.83570798,-0.36744285
3.83634798,-0.36744285
3.83698798,-0.36744285
3.83762798,-0.36744285
3.83826798,-0.36744285
3.83890798,-0.36744285
3.83954798,-0.36744285
3.84018798,-0.36744285
3.84082798,-0.36744285
3.84146798,-0.54383981
3.84210798,-0.36744285
3.84274798,-0.36744285
3.84338798,-0.54383981
3.84402798,-0.36744285
3.84466798,-0.54383981
3.84530798,-0.54383981
3.84594798,-0.54383981
3.84658798,-0.54383981
3.84722798,-0.54383981
3.84786798,-0.54383981
3.84850798,-0.54383981
3.84914798,-0.54383981
3.84978798,-0.54383981
3.85042798,-0.54383981
3.85106798,-0.54383981
3.85170798,-0.54383981
3.85234798,-0.54383981
3.85298798,-0.54383981
3.85362798,-0.54383981
3.85426798,-0.54383981
3.85490798,-0.54383981
3.85554798,-0.54383981
3.85618798,-0.54383981
3.85682798,-0.72023684
3.85746798,-0.72023684
3.85810798,-0.54383981
3.85874798,-0.54383981
3.85938798,-0.54383981
3.86002798,-0.54383981
3.86066798,-0.54383981
3.86130798,-0.54383981
3.86194798,-0.54383981
3.86258798,-0.54383981
3.86322798,-0.54383981
3.86386798,-0.54383981
3.86450798,-0.54383981
3.86514798,-0.54383981
3.86578798,-0.54383981
3.86642798,-0.54383981
3.86706798,-0.54383981
3.86770798,-0.54383981
3.86834798,-0.54383981
3.86898798,-0.54383981
3.86962798,-0.54383981
3.87026798,-0.54383981
3.87090798,-0.54383981
3.87154798,-0.54383981
3.87218798,-0.54383981
3.87282798,-0.54383981
3.87346798,-0.36744285
3.87410798,-0.36744285
3.87474798,-0.36744285
3.87538798,-0.36744285
3.87602798,-0.54383981
3.87666798,-0.36744285
3.87730798,-0.36744285
3.87794798,-0.36744285
3.87858798,-0.36744285
3.87922798,-0.36744285
3.87986798,-0.36744285
3.88050798,-0.36744285
3.88114798,-0.36744285
3.88178798,-0.36744285
3.88242798,-0.36744285
3.88306798,-0.36744285
3.88370798,-0.36744285
3.88434798,-0.36744285
3.88498798,-0.36744285
3.88562798,-0.19104587
3.88626798,-0.36744285
3.88690798,-0.36744285
3.88754798,-0.19104587
3.88818798,-0.36744285
3.88882798,-0.19104587
3.88946798,-0.19104587
3.89010798,-0.19104587
3.89074798,-0.19104587
3.89138798,-0.19104587
3.89202798,-0.19104587
3.89266798,-0.19104587
3.89330798,-0.19104587
3.89394798,-0.01525925
3.89458798,-0.01525925
3.89522798,-0.19104587
3.89586798,-0.01525925
3.89650798,-0.01525925
3.89714798,-0.01525925
3.89778798,-0.01525925
3.89842798,-0.01525925
3.89906798,0.16052736
3.89970798,-0.01525925
3.90034798,-0.01525925
3.90098798,-0.01525925
3.90162798,0.16052736
3.90226798,0.16052736
3.90290798,0.16052736
3.90354798,0.16052736
3.90418798,0.16052736
3.90482798,0.16052736
3.90546798,0.33692434
3.90610798,0.16052736
3.90674798,0.16052736
3.90738798,0.33692434
3.90802798,0.16052736
3.90866798,0.33692434
3.90930798,0.16052736
3.90994798,0.33692434
3.91058798,0.33692434
3.91122798,0.33692434
3.91186798,0.33692434
3.91250798,0.33692434
3.91314798,0.33692434
3.91378798,0.33692434
3.91442798,0.33692434
3.91506798,0.33692434
3.91570798,0.33692434
3.91634798,0.33692434
3.91698798,0.33692434
3.91762798,0.33692434
3.91826798,0.33692434
3.91890798,0.51332134
3.91954798,0.51332134
3.92018798,0.33692434
3.92082798,0.33692434
3.92146798,0.51332134
3.92210798,0.51332134
3.92274798,0.51332134
3.92338798,0.33692434
3.92402798,0.51332134
3.92466798,0.51332134
3.92530798,0.33692434
3.92594798,0.51332134
3.92658798,0.51332134
3.92722798,0.51332134
3.92786798,0.51332134
3.92850798,0.51332134
3.92914798,0.51332134
3.92978798,0.51332134
3.93042798,0.51332134
3.93106798,0.51332134
3.93170798,0.51332134
3.93234798,0.51332134
3.93298798,0.51332134
3.93362798,0.51332134
3.93426798,0.51332134
3.93490798,0.51332134
3.93554798,0.51332134
3.93618798,0.51332134
3.93682798,0.51332134
3.93746798,0.51332134
3.93810798,0.51332134
3.93874798,0.51332134
3.93938798,0.51332134
3.94002798,0.51332134
3.94066798,0.51332134
3.94130798,0.51332134
3.94194798,0.51332134
3.94258798,0.51332134
3.94322798,0.51332134
3.94386798,0.51332134
3.94450798,0.51332134
3.94514798,0.51332134
3.94578798,0.51332134
3.94642798,0.51332134
3.94706798,0.51332134
3.94770798,0.51332134
3.94834798,0.51332134
3.94898798,0.51332134
3.94962798,0.51332134
3.95026798,0.51332134
3.95090798,0.51332134
3.95154798,0.51332134
3.95218798,0.51332134
3.95282798,0.51332134
3.95346798,0.51332134
3.95410798,0.51332134
3.95474798,0.51332134
3.95538798,0.51332134
3.95602798,0.51332134
3.95666798,0.51332134
3.95730798,0.51332134
3.95794798,0.33692434
3.95858798,0.51332134
3.95922798,0.51332134
3.95986798,0.33692434
3.96050798,0.33692434
3.96114798,0.51332134
3.96178798,0.33692434
3.96242798,0.51332134
3.96306798,0.51332134
3.96370798,0.33692434
3.96434798,0.51332134
3.96498798,0.51332134
3.96562798,0.33692434
3.96626798,0.33692434
3.96690798,0.33692434
3.96754798,0.51332134
3.96818798,0.33692434
3.96882798,0.33692434
3.96946798,0.33692434
3.97010798,0.33692434
3.97074798,0.33692434
3.97138798,0.33692434
3.97202798,0.33692434
3.97266798,0.33692434
3.97330798,0.33692434
3.97394798,0.33692434
3.97458798,0.33692434
3.97522798,0.33692434
3.97586798,0.33692434
3.97650798,0.33692434
3.97714798,0.33692434
3.97778798,0.33692434
3.97842798,0.33692434
3.97906798,0.33692434
3.97970798,0.33692434
3.98034798,0.33692434
3.98098798,0.33692434
3.98162798,0.33692434
3.98226798,0.33692434
3.98290798,0.33692434
3.98354798,0.33692434
3.98418798,0.33692434
3.98482798,0.33692434
3.98546798,0.33692434
3.98610798,0.33692434
3.98674798,0.33692434
3.98738798,0.33692434
3.98802798,0.33692434
3.98866798,0.33692434
3.98930798,0.33692434
3.98994798,0.33692434
3.99058798,0.16052736
3.99122798,0.33692434
3.99186798,0.33692434
3.99250798,0.33692434
3.99314798,0.16052736
3.99378798,0.33692434
3.99442798,0.16052736
3.99506798,0.16052736
3.99570798,0.16052736
3.99634798,0.16052736
3.99698798,0.16052736
3.99762798,0.33692434
3.99826798,0.16052736
3.99890798,0.16052736
3.99954798,0.16052736
4.00018798,0.16052736
4.00082798,0.16052736
4.00146798,0.16052736
4.00210798,0.16052736
4.00274798,0.16052736
4.00338798,0.16052736
4.00402798,0.16052736
4.00466798,0.16052736
4.00530798,0.16052736
4.00594798,0.16052736
4.00658798,0.16052736
4.00722798,0.16052736
4.00786798,0.16052736
4.00850798,0.16052736
4.00914798,-0.01525925
4.00978798,0.16052736
4.01042798,0.16052736
4.01106798,-0.01525925
4.01170798,0.16052736
4.01234798,-0.01525925
4.01298798,-0.01525925
4.01362798,-0.01525925
4.01426798,-0.01525925
4.01490798,-0.01525925
4.01554798,-0.01525925
4.01618798,-0.01525925
4.01682798,-0.01525925
4.01746798,-0.01525925
4.01810798,-0.19104587
4.01874798,-0.01525925
4.01938798,-0.19104587
4.02002798,-0.19104587
4.02066798,-0.01525925
4.02130798,-0.19104587
4.02194798,-0.19104587
4.02258798,-0.19104587
4.02322798,-0.19104587
4.02386798,-0.19104587
4.02450798,-0.19104587
4.02514798,-0.01525925
4.02578798,-0.19104587
4.02642798,-0.19104587
4.02706798,-0.19104587
4.02770798,-0.19104587
4.02834798,-0.19104587
4.02898798,-0.19104587
4.02962798,-0.19104587
4.03026798,-0.19104587
4.03090798,-0.19104587
4.03154798,-0.36744285
4.03218798,-0.36744285
4.03282798,-0.36744285
4.03346798,-0.36744285
4.03410798,-0.36744285
4.03474798,-0.36744285
4.03538798,-0.36744285
4.03602798,-0.36744285
4.03666798,-0.36744285
4.03730798,-0.36744285
4.03794798,-0.36744285
4.03858798,-0.36744285
4.03922798,-0.36744285
4.03986798,-0.36744285
4.04050798,-0.54383981
4.04114798,-0.36744285
4.04178798,-0.54383981
4.04242798,-0.36744285
4.04306798,-0.36744285
4.04370798,-0.54383981
4.04434798,-0.54383981
4.04498798,-0.54383981
4.04562798,-0.54383981
4.04626798,-0.54383981
4.04690798,-0.54383981
4.04754798,-0.54383981
4.04818798,-0.36744285
4.04882798,-0.54383981
4.04946798,-0.54383981
4.05010798,-0.54383981
4.05074798,-0.54383981
4.05138798,-0.54383981
4.05202798,-0.54383981
4.05266798,-0.54383981
4.05330798,-0.54383981
4.05394798,-0.54383981
4.05458798,-0.54383981
4.05522798,-0.54383981
4.05586798,-0.54383981
4.05650798,-0.54383981
4.05714798,-0.54383981
4.05778798,-0.54383981
4.05842798,-0.54383981
4.05906798,-0.54383981
4.05970798,-0.54383981
4.06034798,-0.54383981
4.06098798,-0.72023684
4.06162798,-0.54383981
4.06226798,-0.54383981
4.06290798,-0.54383981
4.06354798,-0.54383981
4.06418798,-0.54383981
4.06482798,-0.54383981
4.06546798,-0.54383981
4.06610798,-0.54383981
4.06674798,-0.54383981
4.06738798,-0.54383981
4.06802798,-0.54383981
4.06866798,-0.54383981
4.06930798,-0.54383981
4.06994798,-0.54383981
4.07058798,-0.54383981
4.07122798,-0.54383981
4.07186798,-0.54383981
4.07250798,-0.54383981
4.07314798,-0.54383981
4.07378798,-0.54383981
4.07442798,-0.36744285
4.07506798,-0.54383981
4.07570798,-0.54383981
4.07634798,-0.36744285
4.07698798,-0.36744285
4.07762798,-0.36744285
4.07826798,-0.36744285
4.07890798,-0.36744285
4.07954798,-0.36744285
4.08018798,-0.36744285
4.08082798,-0.36744285
4.08146798,-0.36744285
4.08210798,-0.36744285
4.08274798,-0.36744285
4.08338798,-0.36744285
4.08402798,-0.36744285
4.08466798,-0.36744285
4.08530798,-0.36744285
4.08594798,-0.36744285
4.08658798,-0.36744285
4.08722798,-0.19104587
4.08786798,-0.36744285
4.08850798,-0.36744285
4.08914798,-0.36744285
4.08978798,-0.36744285
4.09042798,-0.19104587
4.09106798,-0.19104587
4.09170798,-0.19104587
4.09234798,-0.19104587
4.09298798,-0.19104587
4.09362798,-0.19104587
4.09426798,-0.19104587
4.09490798,-0.19104587
4.09554798,-0.19104587
4.09618798,-0.19104587
4.09682798,-0.19104587
4.09746798,-0.19104587
4.09810798,-0.01525925
4.09874798,-0.19104587
4.09938798,-0.19104587
4.10002798,-0.01525925
4.10066798,-0.19104587
4.10130798,-0.01525925
4.10194798,-0.01525925
4.10258798,-0.01525925
4.10322798,-0.01525925
4.10386798,-0.01525925
4.10450798,-0.01525925
4.10514798,-0.01525925
4.10578798,-0.01525925
4.10642798,0.16052736
4.10706798,0.16052736
4.10770798,0.16052736
4.10834798,0.16052736
4.10898798,0.16052736
4.10962798,-0.01525925
4.11026798,-0.01525925
4.11090798,0.16052736
4.11154798,0.16052736
4.11218798,0.16052736
4.11282798,0.16052736
4.11346798,0.16052736
4.11410797,0.16052736
4.11474797,0.16052736
4.11538797,0.16052736
4.11602797,0.16052736
4.11666797,0.16052736
4.11730797,0.16052736
4.11794797,0.16052736
4.11858797,0.33692434
4.11922797,0.16052736
4.11986797,0.16052736
4.12050797,0.16052736
4.12114797,0.16052736
4.12178797,0.16052736
4.12242797,0.16052736
4.12306797,0.16052736
4.12370797,0.33692434
4.12434797,0.16052736
4.12498797,0.33692434
4.12562797,0.16052736
4.12626797,0.33692434
4.12690797,0.33692434
4.12754797,0.33692434
4.12818797,0.33692434
4.12882797,0.33692434
4.12946797,0.33692434
4.13010797,0.33692434
4.13074797,0.33692434
4.13138797,0.33692434
4.13202797,0.33692434
4.13266797,0.33692434
4.13330797,0.33692434
4.13394797,0.33692434
4.13458797,0.33692434
4.13522797,0.33692434
4.13586797,0.33692434
4.13650797,0.33692434
4.13714797,0.33692434
4.13778797,0.33692434
4.13842797,0.33692434
4.13906797,0.33692434
4.13970797,0.33692434
4.14034797,0.33692434
4.14098797,0.33692434
4.14162797,0.33692434
4.14226797,0.33692434
4.14290797,0.33692434
4.14354797,0.33692434
4.14418797,0.33692434
4.14482797,0.33692434
4.14546797,0.33692434
4.14610797,0.33692434
4.14674797,0.33692434
4.14738797,0.33692434
4.14802797,0.33692434
4.14866797,0.33692434
4.14930797,0.33692434
4.14994797,0.33692434
4.15058797,0.33692434
4.15122797,0.33692434
4.15186797,0.33692434
4.15250797,0.33692434
4.15314797,0.33692434
4.15378797,0.33692434
4.15442797,0.33692434
4.15506797,0.51332134
4.15570797,0.33692434
4.15634797,0.51332134
4.15698797,0.33692434
4.15762797,0.33692434
4.15826797,0.33692434
4.15890797,0.33692434
4.15954797,0.51332134
4.16018797,0.33692434
4.16082797,0.33692434
4.16146797,0.33692434
4.16210797,0.51332134
4.16274797,0.33692434
4.16338797,0.33692434
4.16402797,0.33692434
4.16466797,0.51332134
4.16530797,0.51332134
4.16594797,0.51332134
4.16658797,0.51332134
4.16722797,0.51332134
4.16786797,0.51332134
4.16850797,0.51332134
4.16914797,0.51332134
4.16978797,0.33692434
4.17042797,0.51332134
4.17106797,0.51332134
4.17170797,0.51332134
4.17234797,0.51332134
4.17298797,0.51332134
4.17362797,0.51332134
4.17426797,0.51332134
4.17490797,0.51332134
4.17554797,0.51332134
4.17618797,0.51332134
4.17682797,0.51332134
4.17746797,0.51332134
4.17810797,0.51332134
4.17874797,0.51332134
4.17938797,0.51332134
4.18002797,0.51332134
4.18066797,0.51332134
4.18130797,0.51332134
4.18194797,0.51332134
4.18258797,0.51332134
4.18322797,0.51332134
4.18386797,0.51332134
4.18450797,0.51332134
4.18514797,0.51332134
4.18578797,0.51332134
4.18642797,0.33692434
4.18706797,0.51332134
4.18770797,0.33692434
4.18834797,0.51332134
4.18898797,0.33692434
4.18962797,0.51332134
4.19026797,0.33692434
4.19090797,0.33692434
4.19154797,0.51332134
4.19218797,0.33692434
4.19282797,0.51332134
4.19346797,0.51332134
4.19410797,0.51332134
4.19474797,0.33692434
4.19538797,0.33692434
4.19602797,0.33692434
4.19666797,0.33692434
4.19730797,0.33692434
4.19794797,0.33692434
4.19858797,0.33692434
4.19922797,0.33692434
4.19986797,0.33692434
4.20050797,0.33692434
4.20114797,0.33692434
4.20178797,0.33692434
4.20242797,0.33692434
4.20306797,0.33692434
4.20370797,0.33692434
4.20434797,0.33692434
4.20498797,0.33692434
4.20562797,0.33692434
4.20626797,0.16052736
4.20690797,0.33692434
4.20754797,0.16052736
4.20818797,0.16052736
4.20882797,0.16052736
4.20946797,0.16052736
4.21010797,0.16052736
4.21074797,0.16052736
4.21138797,0.16052736
4.21202797,0.16052736
4.21266797,0.16052736
4.21330797,0.16052736
4.21394797,0.16052736
4.21458797,0.16052736
4.21522797,0.16052736
4.21586797,0.16052736
4.21650797,0.16052736
4.21714797,-0.01525925
4.21778797,0.16052736
4.21842797,-0.01525925
4.21906797,-0.01525925
4.21970797,-0.01525925
4.22034797,-0.01525925
4.22098797,-0.01525925
4.22162797,-0.01525925
4.22226797,-0.01525925
4.22290797,-0.01525925
4.22354797,-0.01525925
4.22418797,-0.01525925
4.22482797,-0.01525925
4.22546797,-0.19104587
4.22610797,-0.01525925
4.22674797,-0.19104587
4.22738797,-0.19104587
4.22802797,-0.19104587
4.22866797,-0.19104587
4.22930797,-0.19104587
4.22994797,-0.19104587
4.23058797,-0.19104587
4.23122797,-0.19104587
4.23186797,-0.19104587
4.23250797,-0.19104587
4.23314797,-0.19104587
4.23378797,-0.19104587
4.23442797,-0.19104587
4.23506797,-0.36744285
4.23570797,-0.36744285
4.23634797,-0.19104587
4.23698797,-0.36744285
4.23762797,-0.36744285
4.23826797,-0.36744285
4.23890797,-0.36744285
4.23954797,-0.36744285
4.24018797,-0.36744285
4.24082797,-0.36744285
4.24146797,-0.36744285
4.24210797,-0.36744285
4.24274797,-0.36744285
4.24338797,-0.36744285
4.24402797,-0.36744285
4.24466797,-0.36744285
4.24530797,-0.36744285
4.24594797,-0.36744285
4.24658797,-0.36744285
4.24722797,-0.36744285
4.24786797,-0.36744285
4.24850797,-0.36744285
4.24914797,-0.36744285
4.24978797,-0.36744285
4.25042797,-0.36744285
4.25106797,-0.36744285
4.25170797,-0.36744285
4.25234797,-0.36744285
4.25298797,-0.36744285
4.25362797,-0.36744285
4.25426797,-0.36744285
4.25490797,-0.36744285
4.25554797,-0.36744285
4.25618797,-0.54383981
4.25682797,-0.54383981
4.25746797,-0.36744285
4.25810797,-0.54383981
4.25874797,-0.54383981
4.25938797,-0.36744285
4.26002797,-0.36744285
4.26066797,-0.54383981
4.26130797,-0.54383981
4.26194797,-0.36744285
4.26258797,-0.54383981
4.26322797,-0.36744285
4.26386797,-0.36744285
4.26450797,-0.36744285
4.26514797,-0.36744285
4.26578797,-0.36744285
4.26642797,-0.36744285
4.26706797,-0.36744285
4.26770797,-0.36744285
4.26834797,-0.36744285
4.26898797,-0.36744285
4.26962797,-0.36744285
4.27026797,-0.36744285
4.27090797,-0.36744285
4.27154797,-0.36744285
4.27218797,-0.36744285
4.27282797,-0.36744285
4.27346797,-0.36744285
4.27410797,-0.36744285
4.27474797,-0.36744285
4.27538797,-0.36744285
4.27602797,-0.36744285
4.27666797,-0.36744285
4.27730797,-0.36744285
4.27794797,-0.36744285
4.27858797,-0.36744285
4.27922797,-0.36744285
4.27986797,-0.36744285
4.28050797,-0.36744285
4.28114797,-0.36744285
4.28178797,-0.36744285
4.28242797,-0.36744285
4.28306797,-0.36744285
4.28370797,-0.36744285
4.28434797,-0.36744285
4.28498797,-0.36744285
4.28562797,-0.36744285
4.28626797,-0.19104587
4.28690797,-0.19104587
4.28754797,-0.36744285
4.28818797,-0.36744285
4.28882797,-0.36744285
4.28946797,-0.36744285
4.29010797,-0.19104587
4.29074797,-0.19104587
4.29138797,-0.19104587
4.29202797,-0.19104587
4.29266797,-0.19104587
4.29330797,-0.19104587
4.29394797,-0.36744285
4.29458797,-0.36744285
4.29522797,-0.19104587
4.29586797,-0.19104587
4.29650797,-0.19104587
4.29714797,-0.19104587
4.29778797,-0.19104587
4.29842797,-0.19104587
4.29906797,-0.19104587
4.29970797,-0.19104587
4.30034797,-0.19104587
4.30098797,-0.19104587
4.30162797,-0.19104587
4.30226797,-0.19104587
4.30290797,-0.19104587
4.30354797,-0.19104587
4.30418797,-0.19104587
4.30482797,-0.19104587
4.30546797,-0.19104587
4.30610797,-0.19104587
4.30674797,-0.19104587
4.30738797,-0.19104587
4.30802797,-0.19104587
4.30866797,-0.19104587
4.30930797,-0.19104587
4.30994797,-0.19104587
4.31058797,-0.19104587
4.31122797,-0.19104587
4.31186797,-0.01525925
4.31250797,-0.01525925
4.31314797,-0.01525925
4.31378797,-0.19104587
4.31442797,-0.01525925
4.31506797,-0.19104587
4.31570797,-0.19104587
4.31634797,-0.01525925
4.31698797,-0.01525925
4.31762797,-0.01525925
4.31826797,-0.01525925
4.31890797,-0.19104587
4.31954797,-0.01525925
4.32018797,-0.01525925
4.32082797,-0.01525925
4.32146797,-0.01525925
4.32210797,-0.01525925
4.32274797,-0.01525925
4.32338797,-0.01525925
4.32402797,-0.01525925
4.32466797,-0.01525925
4.32530797,-0.01525925
4.32594797,-0.01525925
4.32658797,0.16052736
4.32722797,-0.01525925
4.32786797,-0.01525925
4.32850797,-0.01525925
4.32914797,-0.01525925
4.32978797,-0.01525925
4.33042797,0.16052736
4.33106797,0.16052736
4.33170797,0.16052736
4.33234797,-0.01525925
4.33298797,-0.01525925
4.33362797,0.16052736
4.33426797,0.16052736
4.33490797,0.16052736
4.33554797,0.16052736
4.33618797,0.16052736
4.33682797,0.16052736
4.33746797,0.16052736
4.33810797,0.16052736
4.33874797,0.16052736
4.33938797,0.16052736
4.34002797,0.16052736
4.34066797,0.16052736
4.34130797,0.16052736
4.34194797,0.16052736
4.34258797,0.33692434
4.34322797,0.16052736
4.34386797,0.16052736
4.34450797,0.16052736
4.34514797,0.16052736
4.34578797,0.33692434
4.34642797,0.16052736
4.34706797,0.33692434
4.34770797,0.33692434
4.34834797,0.16052736
4.34898797,0.16052736
4.34962797,0.33692434
4.35026797,0.33692434
4.35090797,0.33692434
4.35154797,0.33692434
4.35218797,0.33692434
4.35282797,0.33692434
4.35346797,0.33692434
4.35410797,0.33692434
4.35474797,0.33692434
4.35538797,0.33692434
4.35602797,0.33692434
4.35666797,0.33692434
4.35730797,0.33692434
4.35794797,0.33692434
4.35858797,0.33692434
4.35922797,0.33692434
4.35986797,0.33692434
4.36050797,0.33692434
4.36114797,0.51332134
4.36178797,0.51332134
4.36242797,0.51332134
4.36306797,0.51332134
4.36370797,0.33692434
4.36434797,0.33692434
4.36498797,0.33692434
4.36562797,0.51332134
4.36626797,0.51332134
4.36690797,0.51332134
4.36754797,0.33692434
4.36818797,0.51332134
4.36882797,0.33692434
4.36946797,0.51332134
4.37010797,0.51332134
4.37074797,0.51332134
4.37138797,0.51332134
4.37202797,0.51332134
4.37266797,0.51332134
4.37330797,0.51332134
4.37394797,0.51332134
4.37458797,0.51332134
4.37522797,0.51332134
4.37586797,0.51332134
4.37650797,0.51332134
4.37714797,0.51332134
4.37778797,0.51332134
4.37842797,0.51332134
4.37906797,0.51332134
4.37970797,0.51332134
4.38034797,0.51332134
4.38098797,0.51332134
4.38162797,0.51332134
4.38226797,0.51332134
4.38290797,0.51332134
4.38354797,0.51332134
4.38418797,0.51332134
4.38482797,0.51332134
4.38546797,0.51332134
4.38610797,0.51332134
4.38674797,0.51332134
4.38738797,0.51332134
4.38802797,0.51332134
4.38866797,0.33692434
4.38930797,0.51332134
4.38994797,0.51332134
4.39058797,0.51332134
4.39122797,0.51332134
4.39186797,0.51332134
4.39250797,0.51332134
4.39314797,0.51332134
4.39378797,0.51332134
4.39442797,0.33692434
4.39506797,0.51332134
4.39570797,0.33692434
4.39634797,0.33692434
4.39698797,0.33692434
4.39762797,0.33692434
4.39826797,0.51332134
4.39890797,0.33692434
4.39954797,0.33692434
4.40018797,0.33692434
4.40082797,0.33692434
4.40146797,0.33692434
4.40210797,0.33692434
4.40274797,0.33692434
4.40338797,0.33692434
4.40402797,0.33692434
4.40466797,0.33692434
4.40530797,0.33692434
4.40594797,0.33692434
4.40658797,0.33692434
4.40722797,0.33692434
4.40786797,0.33692434
4.40850797,0.33692434
4.40914797,0.33692434
4.40978797,0.33692434
4.41042797,0.33692434
4.41106797,0.33692434
4.41170797,0.33692434
4.41234797,0.33692434
4.41298797,0.16052736
4.41362797,0.16052736
4.41426797,0.16052736
4.41490797,0.16052736
4.41554797,0.16052736
4.41618797,0.16052736
4.41682797,0.16052736
4.41746797,0.16052736
4.41810797,0.16052736
4.41874797,0.16052736
4.41938797,0.16052736
4.42002797,-0.01525925
4.42066797,-0.01525925
4.42130797,0.16052736
4.42194797,-0.01525925
4.42258797,0.16052736
4.42322797,-0.01525925
4.42386797,0.16052736
4.42450797,-0.01525925
4.42514797,-0.01525925
4.42578797,-0.01525925
4.42642797,-0.01525925
4.42706797,-0.01525925
4.42770797,-0.01525925
4.42834797,-0.01525925
4.42898797,-0.01525925
4.42962797,-0.01525925
4.43026797,-0.01525925
4.43090797,-0.01525925
4.43154797,-0.01525925
4.43218797,-0.19104587
4.43282797,-0.19104587
4.43346797,-0.19104587
4.43410797,-0.19104587
4.43474797,-0.19104587
4.43538797,-0.19104587
4.43602797,-0.19104587
4.43666797,-0.19104587
4.43730797,-0.19104587
4.43794797,-0.19104587
4.43858797,-0.19104587
4.43922797,-0.19104587
4.43986797,-0.19104587
4.44050797,-0.19104587
4.44114797,-0.19104587
4.44178797,-0.19104587
4.44242797,-0.19104587
4.44306797,-0.19104587
4.44370797,-0.19104587
4.44434797,-0.19104587
4.44498797,-0.19104587
4.44562797,-0.19104587
4.44626797,-0.36744285
4.44690797,-0.19104587
4.44754797,-0.19104587
4.44818797,-0.19104587
4.44882797,-0.19104587
4.44946797,-0.19104587
4.45010797,-0.19104587
4.45074797,-0.36744285
4.45138797,-0.19104587
4.45202797,-0.36744285
4.45266797,-0.19104587
4.45330797,-0.19104587
4.45394797,-0.36744285
4.45458797,-0.36744285
4.45522797,-0.36744285
4.45586797,-0.36744285
4.45650797,-0.19104587
4.45714797,-0.36744285
4.45778797,-0.19104587
4.45842797,-0.36744285
4.45906797,-0.19104587
4.45970797,-0.19104587
4.46034797,-0.36744285
4.46098797,-0.36744285
4.46162797,-0.36744285
4.46226797,-0.36744285
4.46290797,-0.36744285
4.46354797,-0.36744285
4.46418797,-0.36744285
4.46482797,-0.36744285
4.46546797,-0.36744285
4.46610797,-0.36744285
4.46674797,-0.36744285
4.46738797,-0.36744285
4.46802797,-0.36744285
4.46866797,-0.36744285
4.46930797,-0.36744285
4.46994797,-0.36744285
4.47058797,-0.36744285
4.47122797,-0.36744285
4.47186797,-0.36744285
4.47250797,-0.36744285
4.47314797,-0.36744285
4.47378797,-0.19104587
4.47442797,-0.36744285
4.47506797,-0.36744285
4.47570797,-0.19104587
4.47634797,-0.36744285
4.47698797,-0.36744285
4.47762797,-0.36744285
4.47826797,-0.36744285
4.47890797,-0.36744285
4.47954797,-0.19104587
4.48018797,-0.36744285
4.48082797,-0.36744285
4.48146797,-0.36744285
4.48210797,-0.36744285
4.48274797,-0.36744285
4.48338797,-0.36744285
4.48402797,-0.36744285
4.48466797,-0.36744285
4.48530797,-0.36744285
4.48594797,-0.36744285
4.48658797,-0.36744285
4.48722797,-0.36744285
4.48786797,-0.36744285
4.48850797,-0.36744285
4.48914797,-0.36744285
4.48978797,-0.36744285
4.49042797,-0.36744285
4.49106797,-0.36744285
4.49170797,-0.36744285
4.49234797,-0.36744285
4.49298797,-0.19104587
4.49362797,-0.36744285
4.49426797,-0.19104587
4.49490797,-0.19104587
4.49554797,-0.36744285
4.49618797,-0.36744285
4.49682797,-0.36744285
4.49746797,-0.36744285
4.49810797,-0.36744285
4.49874797,-0.36744285
4.49938797,-0.36744285
4.50002797,-0.36744285
4.50066797,-0.36744285
4.50130797,-0.19104587
4.50194797,-0.36744285
4.50258797,-0.19104587
4.50322797,-0.36744285
4.50386797,-0.36744285
4.50450797,-0.36744285
4.50514797,-0.36744285
4.50578797,-0.36744285
4.50642797,-0.36744285
4.50706797,-0.36744285
4.50770797,-0.19104587
4.50834797,-0.19104587
4.50898797,-0.19104587
4.50962797,-0.19104587
4.51026797,-0.19104587
4.51090797,-0.19104587
4.51154797,-0.36744285
4.51218797,-0.36744285
4.51282797,-0.19104587
4.51346797,-0.19104587
4.51410797,-0.19104587
4.51474797,-0.36744285
4.51538797,-0.19104587
4.51602797,-0.36744285
4.51666797,-0.19104587
4.51730797,-0.19104587
4.51794797,-0.19104587
4.51858797,-0.19104587
4.51922797,-0.19104587
4.51986797,-0.19104587
4.52050797,-0.19104587
4.52114797,-0.19104587
4.52178797,-0.19104587
4.52242797,-0.19104587
4.52306797,-0.19104587
4.52370797,-0.19104587
4.52434797,-0.19104587
4.52498797,-0.19104587
4.52562797,-0.19104587
4.52626797,-0.19104587
4.52690797,-0.19104587
4.52754797,-0.19104587
4.52818797,-0.19104587
4.52882797,-0.19104587
4.52946797,-0.01525925
4.53010797,-0.19104587
4.53074797,-0.01525925
4.53138797,-0.19104587
4.53202797,-0.01525925
4.53266797,-0.19104587
4.53330797,-0.01525925
4.53394797,-0.01525925
4.53458797,-0.01525925
4.53522797,-0.01525925
4.53586797,-0.01525925
4.53650797,-0.01525925
4.53714797,-0.01525925
4.53778797,-0.01525925
4.53842797,-0.01525925
4.53906797,-0.01525925
4.53970797,-0.01525925
4.54034797,-0.01525925
4.54098797,-0.01525925
4.54162797,0.16052736
4.54226797,0.16052736
4.54290797,0.16052736
4.54354797,-0.01525925
4.54418797,0.16052736
4.54482797,0.16052736
4.54546797,0.16052736
4.54610797,0.16052736
4.54674797,0.16052736
4.54738797,0.16052736
4.54802797,0.16052736
4.54866797,0.16052736
4.54930797,0.16052736
4.54994797,0.16052736
4.55058797,0.16052736
4.55122797,0.16052736
4.55186797,0.16052736
4.55250797,0.16052736
4.55314797,0.33692434
4.55378797,0.33692434
4.55442797,0.16052736
4.55506797,0.33692434
4.55570797,0.33692434
4.55634797,0.33692434
4.55698797,0.33692434
4.55762797,0.33692434
4.55826797,0.33692434
4.55890797,0.33692434
4.55954797,0.33692434
4.56018797,0.33692434
4.56082797,0.33692434
4.56146797,0.33692434
4.56210797,0.33692434
4.56274797,0.33692434
4.56338797,0.33692434
4.56402797,0.33692434
4.56466797,0.33692434
4.56530797,0.33692434
4.56594797,0.33692434
4.56658797,0.33692434
4.56722797,0.33692434
4.56786797,0.33692434
4.56850797,0.33692434
4.56914797,0.51332134
4.56978797,0.33692434
4.57042797,0.33692434
4.57106797,0.33692434
4.57170797,0.51332134
4.57234797,0.33692434
4.57298797,0.33692434
4.57362797,0.33692434
4.57426797,0.33692434
4.57490797,0.51332134
4.57554797,0.51332134
4.57618797,0.51332134
4.57682797,0.33692434
4.57746797,0.51332134
4.57810797,0.33692434
4.57874797,0.51332134
4.57938797,0.33692434
4.58002797,0.51332134
4.58066797,0.51332134
4.58130797,0.51332134
4.58194797,0.33692434
4.58258797,0.51332134
4.58322797,0.33692434
4.58386797,0.33692434
4.58450797,0.33692434
4.58514797,0.33692434
4.58578797,0.51332134
4.58642797,0.51332134
4.58706797,0.33692434
4.58770797,0.51332134
4.58834797,0.51332134
4.58898797,0.33692434
4.58962797,0.33692434
4.59026797,0.33692434
4.59090797,0.33692434
4.59154797,0.33692434
4.59218797,0.33692434
4.59282797,0.33692434
4.59346797,0.33692434
4.59410797,0.33692434
4.59474797,0.33692434
4.59538797,0.33692434
4.59602797,0.33692434
4.59666797,0.33692434
4.59730797,0.33692434
4.59794797,0.51332134
4.59858797,0.33692434
4.59922797,0.33692434
4.59986797,0.33692434
4.60050797,0.33692434
4.60114797,0.33692434
4.60178797,0.33692434
4.60242797,0.33692434
4.60306797,0.33692434
4.60370797,0.33692434
4.60434797,0.33692434
4.60498797,0.33692434
4.60562797,0.33692434
4.60626797,0.33692434
4.60690797,0.33692434
4.60754797,0.33692434
4.60818797,0.33692434
4.60882797,0.33692434
4.60946797,0.33692434
4.61010797,0.33692434
4.61074797,0.33692434
4.61138797,0.33692434
4.61202797,0.33692434
4.61266797,0.16052736
4.61330797,0.33692434
4.61394797,0.16052736
4.61458797,0.33692434
4.61522797,0.33692434
4.61586797,0.33692434
4.61650797,0.33692434
4.61714797,0.16052736
4.61778797,0.16052736
4.61842797,0.16052736
4.61906797,0.33692434
4.61970797,0.16052736
4.62034797,0.16052736
4.62098797,0.16052736
4.62162797,0.16052736
4.62226797,0.16052736
4.62290797,0.16052736
4.62354797,0.16052736
4.62418797,0.16052736
4.62482797,0.16052736
4.62546797,0.16052736
4.62610797,0.16052736
4.62674797,0.16052736
4.62738797,0.16052736
4.62802797,0.16052736
4.62866797,0.16052736
4.62930797,0.16052736
4.62994797,0.16052736
4.63058797,0.16052736
4.63122797,0.16052736
4.63186797,0.16052736
4.63250797,-0.01525925
4.63314797,-0.01525925
4.63378797,0.16052736
4.63442797,-0.01525925
4.63506797,-0.01525925
4.63570797,-0.01525925
4.63634797,-0.01525925
4.63698797,-0.01525925
4.63762797,-0.01525925
4.63826797,-0.01525925
4.63890797,-0.01525925
4.63954797,-0.01525925
4.64018797,-0.01525925
4.64082797,-0.01525925
4.64146797,-0.01525925
4.64210797,-0.01525925
4.64274797,-0.01525925
4.64338797,-0.01525925
4.64402797,-0.01525925
4.64466797,-0.19104587
4.64530797,-0.01525925
4.64594797,-0.01525925
4.64658797,-0.01525925
4.64722797,-0.01525925
4.64786797,-0.01525925
4.64850797,-0.01525925
4.64914797,-0.01525925
4.64978797,-0.19104587
4.65042797,-0.19104587
4.65106797,-0.01525925
4.65170797,-0.19104587
4.65234797,-0.19104587
4.65298797,-0.01525925
4.65362797,-0.19104587
4.65426797,-0.01525925
4.65490797,-0.19104587
4.65554797,-0.19104587
4.65618797,-0.19104587
4.65682797,-0.19104587
4.65746797,-0.19104587
4.65810797,-0.01525925
4.65874797,-0.19104587
4.65938797,-0.19104587
4.66002797,-0.19104587
4.66066797,-0.19104587
4.66130797,-0.19104587
4.66194797,-0.19104587
4.66258797,-0.19104587
4.66322797,-0.19104587
4.66386797,-0.19104587
4.66450797,-0.19104587
4.66514797,-0.19104587
4.66578797,-0.19104587
4.66642797,-0.19104587
4.66706797,-0.19104587
4.66770797,-0.19104587
4.66834797,-0.19104587
4.66898797,-0.19104587
4.66962797,-0.19104587
4.67026797,-0.19104587
4.67090797,-0.19104587
4.67154797,-0.19104587
4.67218797,-0.19104587
4.67282797,-0.19104587
4.67346797,-0.19104587
4.67410797,-0.19104587
4.67474797,-0.19104587
4.67538797,-0.19104587
4.67602797,-0.19104587
4.67666797,-0.19104587
4.67730797,-0.36744285
4.67794797,-0.36744285
4.67858797,-0.19104587
4.67922797,-0.36744285
4.67986797,-0.36744285
4.68050797,-0.36744285
4.68114797,-0.19104587
4.68178797,-0.36744285
4.68242797,-0.19104587
4.68306797,-0.36744285
4.68370797,-0.19104587
4.68434797,-0.36744285
4.68498797,-0.36744285
4.68562797,-0.36744285
4.68626797,-0.36744285
4.68690797,-0.36744285
4.68754797,-0.19104587
4.68818797,-0.36744285
4.68882797,-0.36744285
4.68946797,-0.19104587
4.69010797,-0.36744285
4.69074797,-0.36744285
4.69138797,-0.36744285
4.69202797,-0.36744285
4.69266797,-0.36744285
4.69330797,-0.36744285
4.69394797,-0.36744285
4.69458797,-0.36744285
4.69522797,-0.36744285
4.69586797,-0.36744285
4.69650797,-0.36744285
4.69714797,-0.36744285
4.69778797,-0.36744285
4.69842797,-0.36744285
4.69906797,-0.36744285
4.69970797,-0.36744285
4.70034797,-0.36744285
4.70098797,-0.36744285
4.70162797,-0.36744285
4.70226797,-0.36744285
4.70290797,-0.36744285
4.70354797,-0.36744285
4.70418797,-0.36744285
4.70482797,-0.36744285
4.70546797,-0.36744285
4.70610797,-0.36744285
4.70674797,-0.36744285
4.70738797,-0.36744285
4.70802797,-0.36744285
4.70866797,-0.36744285
4.70930797,-0.36744285
4.70994797,-0.36744285
4.71058797,-0.36744285
4.71122797,-0.36744285
4.71186797,-0.36744285
4.71250797,-0.36744285
4.71314797,-0.36744285
4.71378797,-0.36744285
4.71442797,-0.36744285
4.71506797,-0.36744285
4.71570797,-0.36744285
4.71634797,-0.36744285
4.71698797,-0.19104587
4.71762797,-0.36744285
4.71826797,-0.36744285
4.71890797,-0.36744285
4.71954797,-0.36744285
4.72018797,-0.36744285
4.72082797,-0.36744285
4.72146797,-0.19104587
4.72210797,-0.19104587
4.72274797,-0.19104587
4.72338797,-0.19104587
4.72402797,-0.19104587
4.72466797,-0.19104587
4.72530797,-0.19104587
4.72594797,-0.36744285
4.72658797,-0.19104587
4.72722797,-0.19104587
4.72786797,-0.19104587
4.72850797,-0.19104587
4.72914797,-0.19104587
4.72978797,-0.19104587
4.73042797,-0.19104587
4.73106797,-0.19104587
4.73170797,-0.19104587
4.73234797,-0.19104587
4.73298797,-0.19104587
4.73362797,-0.19104587
4.73426797,-0.19104587
4.73490797,-0.19104587
4.73554797,-0.19104587
4.73618797,-0.19104587
4.73682797,-0.01525925
4.73746797,-0.01525925
4.73810797,-0.19104587
4.73874797,-0.19104587
4.73938797,-0.01525925
4.74002797,-0.01525925
4.74066797,-0.01525925
4.74130797,-0.01525925
4.74194797,0.16052736
4.74258797,-0.01525925
4.74322797,-0.01525925
4.74386797,-0.01525925
4.74450797,0.16052736
4.74514797,-0.01525925
4.74578797,-0.01525925
4.74642797,0.16052736
4.74706797,0.16052736
4.74770797,0.16052736
4.74834797,0.16052736
4.74898797,0.16052736
4.74962797,0.16052736
4.75026797,0.16052736
4.75090797,0.16052736
4.75154797,0.16052736
4.75218797,0.16052736
4.75282797,0.16052736
4.75346797,0.16052736
4.75410797,0.16052736
4.75474797,0.16052736
4.75538797,0.16052736
4.75602797,0.16052736
4.75666797,0.16052736
4.75730797,0.16052736
4.75794797,0.16052736
4.75858797,0.16052736
4.75922797,0.16052736
4.75986797,0.33692434
4.76050797,0.33692434
4.76114797,0.16052736
4.76178797,0.16052736
4.76242797,0.33692434
4.76306797,0.33692434
4.76370797,0.16052736
4.76434797,0.33692434
4.76498797,0.33692434
4.76562797,0.33692434
4.76626797,0.33692434
4.76690797,0.33692434
4.76754797,0.33692434
4.76818797,0.33692434
4.76882797,0.33692434
4.76946797,0.33692434
4.77010797,0.33692434
4.77074797,0.33692434
4.77138797,0.33692434
4.77202797,0.33692434
4.77266797,0.33692434
4.77330797,0.33692434
4.77394797,0.33692434
4.77458797,0.33692434
4.77522797,0.33692434
4.77586797,0.33692434
4.77650797,0.33692434
4.77714797,0.33692434
4.77778797,0.33692434
4.77842797,0.33692434
4.77906797,0.33692434
4.77970797,0.33692434
4.78034797,0.33692434
4.78098797,0.33692434
4.78162797,0.33692434
4.78226797,0.33692434
4.78290797,0.33692434
4.78354797,0.33692434
4.78418797,0.33692434
4.78482797,0.33692434
4.78546797,0.33692434
4.78610797,0.33692434
4.78674797,0.33692434
4.78738797,0.33692434
4.78802797,0.33692434
4.78866797,0.33692434
4.78930797,0.33692434
4.78994797,0.33692434
4.79058797,0.33692434
4.79122797,0.33692434
4.79186797,0.33692434
4.79250797,0.33692434
4.79314797,0.33692434
4.79378797,0.33692434
4.79442797,0.33692434
4.79506797,0.33692434
4.79570797,0.33692434
4.79634797,0.33692434
4.79698797,0.33692434
4.79762797,0.33692434
4.79826797,0.33692434
4.79890797,0.33692434
4.79954797,0.33692434
4.80018797,0.33692434
4.80082797,0.33692434
4.80146797,0.33692434
4.80210797,0.33692434
4.80274797,0.33692434
4.80338797,0.33692434
4.80402797,0.33692434
4.80466797,0.33692434
4.80530797,0.33692434
4.80594797,0.33692434
4.80658797,0.33692434
4.80722797,0.33692434
4.80786797,0.33692434
4.80850797,0.33692434
4.80914797,0.33692434
4.80978797,0.33692434
4.81042797,0.33692434
4.81106797,0.16052736
4.81170797,0.33692434
4.81234797,0.33692434
4.81298797,0.33692434
4.81362797,0.33692434
4.81426797,0.16052736
4.81490797,0.33692434
4.81554797,0.33692434
4.81618797,0.33692434
4.81682797,0.33692434
4.81746797,0.16052736
4.81810797,0.33692434
4.81874797,0.33692434
4.81938797,0.33692434
4.82002797,0.33692434
4.82066797,0.33692434
4.82130797,0.33692434
4.82194797,0.33692434
4.82258797,0.33692434
4.82322797,0.33692434
4.82386797,0.33692434
4.82450797,0.33692434
4.82514797,0.33692434
4.82578797,0.16052736
4.82642797,0.33692434
4.82706797,0.16052736
4.82770797,0.16052736
4.82834797,0.33692434
4.82898797,0.33692434
4.82962797,0.16052736
4.83026797,0.16052736
4.83090797,0.16052736
4.83154797,0.16052736
4.83218797,0.16052736
4.83282797,0.16052736
4.83346797,0.16052736
4.83410797,0.16052736
4.83474797,0.16052736
4.83538797,0.16052736
4.83602797,0.16052736
4.83666797,0.16052736
4.83730797,0.16052736
4.83794797,0.16052736
4.83858797,0.16052736
4.83922797,0.33692434
4.83986797,0.16052736
4.84050797,0.16052736
4.84114797,0.16052736
4.84178797,0.16052736
4.84242797,0.16052736
4.84306797,0.16052736
4.84370797,0.16052736
4.84434797,0.16052736
4.84498797,0.16052736
4.84562797,0.16052736
4.84626797,0.16052736
4.84690797,0.16052736
4.84754797,0.16052736
4.84818797,0.16052736
4.84882797,0.16052736
4.84946797,0.16052736
4.85010797,0.16052736
4.85074797,0.16052736
4.85138797,0.16052736
4.85202797,0.16052736
4.85266797,0.16052736
4.85330797,-0.01525925
4.85394797,0.16052736
4.85458797,-0.01525925
4.85522797,-0.01525925
4.85586797,0.16052736
4.85650797,-0.01525925
4.85714797,-0.01525925
4.85778797,-0.01525925
4.85842797,-0.01525925
4.85906797,-0.01525925
4.85970797,-0.01525925
4.86034797,-0.01525925
4.86098797,-0.01525925
4.86162797,-0.01525925
4.86226797,-0.01525925
4.86290797,-0.01525925
4.86354797,-0.19104587
4.86418797,-0.19104587
4.86482797,-0.01525925
4.86546797,-0.19104587
4.86610797,-0.19104587
4.86674797,-0.19104587
4.86738797,-0.19104587
4.86802797,-0.01525925
4.86866797,-0.01525925
4.86930797,-0.19104587
4.86994797,-0.19104587
4.87058797,-0.19104587
4.87122797,-0.19104587
4.87186797,-0.19104587
4.87250797,-0.19104587
4.87314797,-0.19104587
4.87378797,-0.19104587
4.87442797,-0.19104587
4.87506797,-0.19104587
4.87570797,-0.19104587
4.87634797,-0.19104587
4.87698797,-0.19104587
4.87762797,-0.19104587
4.87826797,-0.19104587
4.87890797,-0.19104587
4.87954797,-0.19104587
4.88018797,-0.19104587
4.88082797,-0.19104587
4.88146797,-0.19104587
4.88210797,-0.19104587
4.88274797,-0.19104587
4.88338797,-0.19104587
4.88402797,-0.36744285
4.88466797,-0.36744285
4.88530797,-0.19104587
4.88594797,-0.19104587
4.88658797,-0.36744285
4.88722797,-0.19104587
4.88786797,-0.36744285
4.88850797,-0.36744285
4.88914797,-0.36744285
4.88978797,-0.19104587
4.89042797,-0.36744285
4.89106797,-0.36744285
4.89170797,-0.36744285
4.89234797,-0.36744285
4.89298797,-0.36744285
4.89362797,-0.36744285
4.89426797,-0.36744285
4.89490797,-0.36744285
4.89554797,-0.36744285
4.89618797,-0.36744285
4.89682797,-0.36744285
4.89746797,-0.19104587
4.89810797,-0.19104587
4.89874797,-0.36744285
4.89938797,-0.36744285
4.90002797,-0.36744285
4.90066797,-0.36744285
4.90130797,-0.36744285
4.90194797,-0.36744285
4.90258797,-0.36744285
4.90322797,-0.36744285
4.90386797,-0.36744285
4.90450797,-0.36744285
4.90514797,-0.36744285
4.90578797,-0.36744285
4.90642797,-0.36744285
4.90706797,-0.36744285
4.90770797,-0.36744285
4.90834797,-0.36744285
4.90898797,-0.36744285
4.90962797,-0.36744285
4.91026797,-0.36744285
4.91090797,-0.36744285
4.91154797,-0.36744285
4.91218797,-0.36744285
4.91282797,-0.36744285
4.91346797,-0.36744285
4.91410797,-0.19104587
4.91474797,-0.36744285
4.91538797,-0.36744285
4.91602797,-0.36744285
4.91666797,-0.36744285
4.91730797,-0.19104587
4.91794797,-0.36744285
4.91858797,-0.36744285
4.91922797,-0.36744285
4.91986797,-0.36744285
4.92050797,-0.19104587
4.92114797,-0.19104587
4.92178797,-0.19104587
4.92242797,-0.36744285
4.92306797,-0.19104587
4.92370797,-0.19104587
4.92434797,-0.19104587
4.92498797,-0.19104587
4.92562797,-0.19104587
4.92626797,-0.36744285
4.92690797,-0.19104587
4.92754797,-0.19104587
4.92818797,-0.19104587
4.92882797,-0.19104587
4.92946797,-0.19104587
4.93010797,-0.19104587
4.93074797,-0.19104587
4.93138797,-0.19104587
4.93202797,-0.19104587
4.93266797,-0.19104587
4.93330797,-0.19104587
4.93394797,-0.19104587
4.93458797,-0.19104587
4.93522797,-0.19104587
4.93586797,-0.19104587
4.93650797,-0.19104587
4.93714797,-0.19104587
4.93778797,-0.19104587
4.93842797,-0.19104587
4.93906797,-0.19104587
4.93970797,-0.19104587
4.94034797,-0.19104587
4.94098797,-0.19104587
4.94162797,-0.01525925
4.94226797,-0.01525925
4.94290797,-0.19104587
4.94354797,-0.19104587
4.94418797,-0.01525925
4.94482797,-0.01525925
4.94546797,-0.01525925
4.94610797,-0.01525925
4.94674797,-0.01525925
4.94738797,-0.01525925
4.94802797,-0.01525925
4.94866797,-0.01525925
4.94930797,-0.01525925
4.94994797,-0.01525925
4.95058797,0.16052736
4.95122797,-0.01525925
4.95186797,-0.01525925
4.95250797,-0.01525925
4.95314797,-0.01525925
4.95378797,0.16052736
4.95442797,-0.01525925
4.95506797,-0.01525925
4.95570797,0.16052736
4.95634797,-0.01525925
4.95698797,-0.01525925
4.95762797,0.16052736
4.95826797,-0.01525925
4.95890797,0.16052736
4.95954797,0.16052736
4.96018797,0.16052736
4.96082797,0.16052736
4.96146797,0.16052736
4.96210797,0.16052736
4.96274797,0.16052736
4.96338797,0.16052736
4.96402797,0.16052736
4.96466797,0.16052736
4.96530797,0.16052736
4.96594797,0.16052736
4.96658797,0.16052736
4.96722797,0.16052736
4.96786797,0.16052736
4.96850797,0.16052736
4.96914797,0.16052736
4.96978797,0.16052736
4.97042797,0.16052736
4.97106797,0.16052736
4.97170797,0.16052736
4.97234797,0.16052736
4.97298797,0.16052736
4.97362797,0.16052736
4.97426797,0.16052736
4.97490797,0.16052736
4.97554797,0.16052736
4.97618797,0.16052736
4.97682797,0.16052736
4.97746797,0.16052736
4.97810797,0.16052736
4.97874797,0.16052736
4.97938797,0.16052736
4.98002797,0.16052736
4.98066797,0.16052736
4.98130797,0.16052736
4.98194797,0.16052736
4.98258797,0.16052736
4.98322797,0.16052736
4.98386797,0.16052736
4.98450797,0.16052736
4.98514797,0.16052736
4.98578797,0.16052736
4.98642797,0.33692434
4.98706797,0.33692434
4.98770797,0.16052736
4.98834797,0.16052736
4.98898797,0.33692434
4.98962797,0.33692434
4.99026797,0.16052736
4.99090797,0.33692434
4.99154797,0.33692434
4.99218797,0.33692434
4.99282797,0.16052736
4.99346797,0.33692434
4.99410797,0.33692434
4.99474797,0.33692434
4.99538797,0.33692434
4.99602797,0.33692434
4.99666797,0.33692434
4.99730797,0.33692434
4.99794797,0.33692434
4.99858797,0.16052736
4.99922797,0.33692434
4.99986797,0.33692434
5.00050797,0.33692434
