Frequency,Channel A

0.00000000,-25.24134064
0.19073486,-32.45082474
0.38146973,-52.21034622
0.57220459,-49.98338699
0.76293945,-48.72753906
0.95367432,-47.39510345
1.14440918,-43.50764465
1.33514404,-42.05604553
1.52587891,-42.22631836
1.71661377,-43.07657623
1.90734863,-44.02102661
2.09808350,-47.26611328
2.28881836,-50.18022156
2.47955322,-52.42040253
2.67028809,-51.67660141
2.86102295,-58.21408844
3.05175781,-57.64662170
3.24249268,-57.51905823
3.43322754,-48.45328903
3.62396240,-55.31731033
3.81469727,-45.00566483
4.00543213,-65.74584198
4.19616699,-35.59405518
4.38690186,-11.92559624
4.57763672,-0.78706443
4.76837158,1.63119411
4.95910645,-3.80604362
5.14984131,-18.98774910
5.34057617,-56.92864990
5.53131104,-43.61838531
5.72204590,-56.40385437
5.91278076,-49.02534485
6.10351562,-49.60784912
6.29425049,-50.43705750
6.48498535,-54.42650223
6.67572021,-52.85612106
6.86645508,-56.29196167
7.05718994,-45.20616531
7.24792480,-33.71646881
7.43865967,-12.73197937
7.62939453,-3.24065065
7.82012939,-1.87220681
8.01086426,-8.23425484
8.20159912,-24.71571732
8.39233398,-42.67010117
8.58306885,-46.77046204
8.77380371,-66.26504517
8.96453857,-52.73200989
9.15527344,-54.78067017
9.34600830,-55.66497421
9.53674316,-56.27304077
9.72747803,-58.83286285
9.91821289,-66.38891602
10.10894775,-54.96809387
10.29968262,-49.51684570
10.49041748,-50.63198853
10.68115234,-56.72559738
10.87188721,-54.02027512
11.06262207,-50.31780624
11.25335693,-52.62469864
11.44409180,-57.54219818
11.63482666,-48.92400360
11.82556152,-52.70654678
12.01629639,-57.33275986
12.20703125,-52.62113571
12.39776611,-56.71450806
12.58850098,-52.37469482
12.77923584,-48.60893250
12.96997070,-51.38454437
13.16070557,-54.07341003
13.35144043,-50.66485977
13.54217529,-51.32719040
13.73291016,-50.45499420
13.92364502,-49.61105347
14.11437988,-51.62821960
14.30511475,-53.45481873
14.49584961,-56.34637833
14.68658447,-62.00537109
14.87731934,-65.30579376
15.06805420,-63.60573196
15.25878906,-65.36701202
15.44952393,-67.80358124
15.64025879,-52.43548584
15.83099365,-46.98299408
16.02172852,-44.92742920
16.21246338,-44.91426468
16.40319824,-47.08806992
16.59393311,-52.27668762
16.78466797,-57.34172821
16.97540283,-58.60176849
17.16613770,-52.06235886
17.35687256,-50.28926468
17.54760742,-48.58719635
17.73834229,-48.18954849
17.92907715,-50.49864197
18.11981201,-57.25779724
18.31054688,-63.00485611
18.50128174,-54.64835739
18.69201660,-53.78173065
18.88275146,-52.05720901
19.07348633,-51.53374100
19.26422119,-57.45029449
19.45495605,-59.61204529
19.64569092,-57.60865021
19.83642578,-52.24839020
20.02716064,-48.29501724
20.21789551,-54.69517517
20.40863037,-49.97055817
20.59936523,-47.02756882
20.79010010,-51.84106827
20.98083496,-55.48597717
21.17156982,-57.73782730
21.36230469,-57.41384888
21.55303955,-50.80624008
21.74377441,-49.11504745
21.93450928,-55.43627167
22.12524414,-57.70969772
22.31597900,-54.46182632
22.50671387,-56.27632904
22.69744873,-61.38732147
22.88818359,-59.54603577
23.07891846,-56.21463394
23.26965332,-55.46720505
23.46038818,-58.30604553
23.65112305,-62.72523880
23.84185791,-51.34893417
24.03259277,-50.71145630
24.22332764,-52.33294678
24.41406250,-51.42095566
24.60479736,-51.14319229
24.79553223,-55.45182037
24.98626709,-57.74435043
25.17700195,-59.40319824
25.36773682,-59.27039719
25.55847168,-53.46874619
25.74920654,-50.58326340
25.93994141,-54.62429047
26.13067627,-55.86021805
26.32141113,-49.52378082
26.51214600,-54.05971909
26.70288086,-58.48435211
26.89361572,-51.55346298
27.08435059,-51.39890671
27.27508545,-58.95377350
27.46582031,-63.89875031
27.65655518,-56.47912979
27.84729004,-59.16400146
28.03802490,-64.84562683
28.22875977,-60.34961700
28.41949463,-64.69692993
28.61022949,-62.46021652
28.80096436,-53.51200485
28.99169922,-51.92113876
29.18243408,-50.67857742
29.37316895,-48.08051300
29.56390381,-48.06062698
29.75463867,-51.98093033
29.94537354,-59.91497040
30.13610840,-65.38784027
30.32684326,-68.02372742
30.51757812,-62.77954102
30.70831299,-52.59925842
30.89904785,-49.34290314
31.08978271,-47.80806732
31.28051758,-46.90079498
31.47125244,-48.96907425
31.66198730,-46.18503571
31.85272217,-45.10762787
32.04345703,-51.48606873
32.23419189,-59.60874939
32.42492676,-51.95642853
32.61566162,-51.09823227
32.80639648,-57.82433319
32.99713135,-60.62094116
33.18786621,-56.13636398
33.37860107,-58.88135910
33.56933594,-61.06290436
33.76007080,-62.01156235
33.95080566,-66.38390350
34.14154053,-60.66062927
34.33227539,-59.01525497
34.52301025,-58.52351379
34.71374512,-55.18046570
34.90447998,-62.61267090
35.09521484,-55.40892029
35.28594971,-58.05826187
35.47668457,-60.15826797
35.66741943,-52.95883942
35.85815430,-52.67943954
36.04888916,-56.01837158
36.23962402,-65.39235687
36.43035889,-56.71733093
36.62109375,-52.00534439
36.81182861,-59.11939240
37.00256348,-56.33258438
37.19329834,-53.43754196
37.38403320,-61.54021835
37.57476807,-62.23004150
37.76550293,-57.03178406
37.95623779,-57.30742645
38.14697266,-51.37176132
38.33770752,-52.86377716
38.52844238,-66.39645386
38.71917725,-58.05588531
38.90991211,-50.86846161
39.10064697,-47.02828217
39.29138184,-51.40938187
39.48211670,-61.59548187
39.67285156,-55.65039825
39.86358643,-55.24887085
40.05432129,-60.07655716
40.24505615,-64.96501160
40.43579102,-55.96174622
40.62652588,-51.60859680
40.81726074,-53.98102570
41.00799561,-60.69373703
41.19873047,-57.39440918
41.38946533,-51.10521698
41.58020020,-52.56816864
41.77093506,-55.70331955
41.96166992,-50.33102036
42.15240479,-50.76696777
42.34313965,-53.04537964
42.53387451,-53.85616684
42.72460938,-48.99137115
42.91534424,-44.24084091
43.10607910,-46.18769073
43.29681396,-56.84670258
43.48754883,-50.26713943
43.67828369,-47.61400223
43.86901855,-51.65571594
44.05975342,-62.50928879
44.25048828,-59.32633972
44.44122314,-54.93654633
44.63195801,-54.60330582
44.82269287,-52.64198685
45.01342773,-55.42648697
45.20416260,-58.84521484
45.39489746,-52.90540314
45.58563232,-55.69684982
45.77636719,-67.77243805
45.96710205,-55.53825760
46.15783691,-49.28798676
46.34857178,-52.52058029
46.53930664,-74.59549713
46.73004150,-52.60702515
46.92077637,-49.69314957
47.11151123,-50.75183487
47.30224609,-53.66673279
47.49298096,-55.51696014
47.68371582,-53.62393188
47.87445068,-61.83353424
48.06518555,-57.00099182
48.25592041,-51.69161224
48.44665527,-49.04403305
48.63739014,-50.06561661
48.82812500,-53.49579620
49.01885986,-58.86474228
49.20959473,-67.00811768
49.40032959,-63.69477844
49.59106445,-53.57247925
49.78179932,-51.60939026
49.97253418,-56.74265289
50.16326904,-57.26088715
50.35400391,-61.95661926
50.54473877,-57.92159271
50.73547363,-58.21513748
50.92620850,-55.29594803
51.11694336,-63.34422302
51.30767822,-53.45033646
51.49841309,-49.34109497
51.68914795,-50.74535751
51.87988281,-65.92712402
52.07061768,-60.05111313
52.26135254,-62.84866333
52.45208740,-65.55335236
52.64282227,-58.90556717
52.83355713,-57.73690796
53.02429199,-53.70529175
53.21502686,-49.24548721
53.40576172,-48.54725647
53.59649658,-48.81116867
53.78723145,-50.35768127
53.97796631,-58.14849091
54.16870117,-70.52484131
54.35943604,-65.60593414
54.55017090,-58.68917084
54.74090576,-51.08729553
54.93164062,-50.86776352
55.12237549,-58.88190460
55.31311035,-50.26837158
55.50384521,-53.65290833
55.69458008,-59.32527161
55.88531494,-58.00868225
56.07604980,-54.46033096
56.26678467,-49.95700455
56.45751953,-51.01572418
56.64825439,-61.28446960
56.83898926,-57.40970993
57.02972412,-59.68778229
57.22045898,-56.32701874
57.41119385,-51.62082291
57.60192871,-51.24593735
57.79266357,-51.44215012
57.98339844,-50.03208160
58.17413330,-50.14557266
58.36486816,-58.85728455
58.55560303,-54.50508881
58.74633789,-49.02267838
58.93707275,-49.89324951
59.12780762,-53.99642563
59.31854248,-58.65299988
59.50927734,-53.68887329
59.70001221,-53.52012634
59.89074707,-48.81204224
60.08148193,-47.55878067
60.27221680,-49.10525513
60.46295166,-49.85132217
60.65368652,-49.55630493
60.84442139,-53.97442245
61.03515625,-72.52745056
61.22589111,-61.63193130
61.41662598,-56.44863129
61.60736084,-53.21956635
61.79809570,-53.56931686
61.98883057,-56.22010803
62.17956543,-58.26072693
62.37030029,-68.74029541
62.56103516,-60.29040909
62.75177002,-51.74424744
62.94250488,-49.54704285
63.13323975,-51.00378036
63.32397461,-53.99467087
63.51470947,-57.93589783
63.70544434,-59.02534103
63.89617920,-48.86198044
64.08691406,-46.15433121
64.27764893,-47.21981049
64.46838379,-49.44340515
64.65911865,-51.63481903
64.84985352,-55.06084824
65.04058838,-60.05916214
65.23132324,-50.85892105
65.42205811,-53.82119751
65.61279297,-54.91366577
65.80352783,-52.41881561
65.99426270,-64.10499573
66.18499756,-52.21176529
66.37573242,-52.64604950
66.56646729,-62.74690628
66.75720215,-60.49984741
66.94793701,-52.84196472
67.13867188,-53.38467026
67.32940674,-59.15010834
67.52014160,-54.33905792
67.71087646,-54.01015854
67.90161133,-57.91404724
68.09234619,-57.49362183
68.28308105,-55.91023254
68.47381592,-56.05359650
68.66455078,-55.42665482
68.85528564,-56.81613541
69.04602051,-57.39900970
69.23675537,-55.25534058
69.42749023,-54.87475967
69.61822510,-55.96733475
69.80895996,-54.70753098
69.99969482,-51.70193100
70.19042969,-52.80912781
70.38116455,-54.55873871
70.57189941,-57.20711136
70.76263428,-64.48859406
70.95336914,-63.75198364
71.14410400,-64.90164185
71.33483887,-58.51544189
71.52557373,-53.94557953
71.71630859,-56.64505386
71.90704346,-52.04364014
72.09777832,-51.90378571
72.28851318,-52.25101089
72.47924805,-51.76968384
72.66998291,-57.25605774
72.86071777,-58.31372070
73.05145264,-56.35829544
73.24218750,-57.36579514
73.43292236,-63.35881042
73.62365723,-62.18105316
73.81439209,-52.86039352
74.00512695,-52.29526520
74.19586182,-52.91817474
74.38659668,-55.10646820
74.57733154,-66.06199646
74.76806641,-58.80368805
74.95880127,-62.06713867
75.14953613,-53.02661896
75.34027100,-54.93304443
75.53100586,-59.35501480
75.72174072,-52.57899475
75.91247559,-59.68358994
76.10321045,-59.47212982
76.29394531,-59.80906677
76.48468018,-54.22741699
76.67541504,-55.69732666
76.86614990,-54.70071411
77.05688477,-51.99497223
77.24761963,-51.95795441
77.43835449,-51.59262085
77.62908936,-54.79377365
77.81982422,-53.72456360
78.01055908,-53.02653885
78.20129395,-50.67607117
78.39202881,-47.99535370
78.58276367,-49.74836731
78.77349854,-55.09818268
78.96423340,-58.66466522
79.15496826,-59.94306183
79.34570312,-69.40717316
79.53643799,-60.96826935
79.72717285,-52.90760040
79.91790771,-52.61314774
80.10864258,-54.90806580
80.29937744,-53.21051788
80.49011230,-52.62295151
80.68084717,-52.04438019
80.87158203,-54.00574112
81.06231689,-62.18819427
81.25305176,-57.81127167
81.44378662,-53.06954193
81.63452148,-55.80425262
81.82525635,-56.88650513
82.01599121,-52.97103882
82.20672607,-53.86053467
82.39746094,-55.66915131
82.58819580,-55.46983719
82.77893066,-62.71186066
82.96966553,-62.36341095
83.16040039,-52.75790787
83.35113525,-49.96949005
83.54187012,-48.46339798
83.73260498,-49.04268265
83.92333984,-50.69171906
84.11407471,-50.73764801
84.30480957,-52.41941452
84.49554443,-56.51585388
84.68627930,-63.33098984
84.87701416,-67.74790955
85.06774902,-58.54125977
85.25848389,-58.22395706
85.44921875,-66.08788300
85.63995361,-59.78713989
85.83068848,-50.29270554
86.02142334,-47.74208832
86.21215820,-49.66444016
86.40289307,-57.70364380
86.59362793,-59.30995178
86.78436279,-58.92510986
86.97509766,-50.79055786
87.16583252,-52.02190781
87.35656738,-57.67351151
87.54730225,-60.73526764
87.73803711,-55.66661072
87.92877197,-54.25573349
88.11950684,-60.33695221
88.31024170,-62.96760559
88.50097656,-52.35269928
88.69171143,-48.82177734
88.88244629,-49.81702423
89.07318115,-56.46999741
89.26391602,-70.33921814
89.45465088,-69.12608337
89.64538574,-50.85216141
89.83612061,-50.03141022
90.02685547,-58.74491882
90.21759033,-52.65099335
90.40832520,-50.99875641
90.59906006,-51.41933823
90.78979492,-60.33100891
90.98052979,-57.19696045
91.17126465,-55.24004364
91.36199951,-50.96823883
91.55273438,-50.37646484
91.74346924,-52.81052017
91.93420410,-52.58907318
92.12493896,-63.44944382
92.31567383,-55.12929916
92.50640869,-57.23884583
92.69714355,-61.17273331
92.88787842,-59.40215302
93.07861328,-67.33470917
93.26934814,-64.15736389
93.46008301,-56.07442856
93.65081787,-52.60086060
93.84155273,-53.38491058
94.03228760,-55.02671051
94.22302246,-57.77539062
94.41375732,-57.54237366
94.60449219,-61.87847519
94.79522705,-59.09024811
94.98596191,-60.37818527
95.17669678,-61.12537384
95.36743164,-71.09619141
95.55816650,-53.47524643
95.74890137,-48.40893173
95.93963623,-50.46728134
96.13037109,-54.80369568
96.32110596,-49.81600189
96.51184082,-51.24616241
96.70257568,-55.46993637
96.89331055,-57.17229462
97.08404541,-60.46140671
97.27478027,-56.20379639
97.46551514,-53.87461853
97.65625000,-55.93347549
97.84698486,-52.27012634
98.03771973,-57.30492401
98.22845459,-67.72755432
98.41918945,-54.08096695
98.60992432,-46.83792114
98.80065918,-45.93582535
98.99139404,-48.28827667
99.18212891,-56.16371918
99.37286377,-52.87681580
99.56359863,-47.90216064
99.75433350,-47.85456848
99.94506836,-51.98189545
100.13580322,-56.21890640
100.32653809,-54.45038223
100.51727295,-55.34921265
100.70800781,-65.11203766
100.89874268,-57.50896454
101.08947754,-52.78027344
101.28021240,-53.70041656
101.47094727,-55.34669495
101.66168213,-54.90392303
101.85241699,-52.43289948
102.04315186,-52.53239441
102.23388672,-61.29817581
102.42462158,-54.56369400
102.61535645,-57.34753036
102.80609131,-54.28669739
102.99682617,-52.09152985
103.18756104,-58.95738983
103.37829590,-62.33419800
103.56903076,-55.36029816
103.75976562,-57.27775574
103.95050049,-60.49240112
104.14123535,-56.14757919
104.33197021,-52.03977585
104.52270508,-54.86784363
104.71343994,-63.67877960
104.90417480,-60.23382568
105.09490967,-58.16164017
105.28564453,-54.16783142
105.47637939,-54.67459106
105.66711426,-49.42676163
105.85784912,-48.76947784
106.04858398,-51.19272232
106.23931885,-51.48660278
106.43005371,-52.83641815
106.62078857,-52.99349976
106.81152344,-53.55678177
107.00225830,-56.82205963
107.19299316,-53.53088760
107.38372803,-50.64119720
107.57446289,-52.44487381
107.76519775,-54.41165924
107.95593262,-53.66012573
108.14666748,-54.68179321
108.33740234,-59.91334915
108.52813721,-55.13424301
108.71887207,-56.82451248
108.90960693,-71.61675262
109.10034180,-56.75978851
109.29107666,-52.15577698
109.48181152,-55.89325333
109.67254639,-61.29453659
109.86328125,-57.76353836
110.05401611,-56.39498901
110.24475098,-67.82220459
110.43548584,-53.40090179
110.62622070,-51.78444290
110.81695557,-54.37435913
111.00769043,-54.21601868
111.19842529,-52.77838898
111.38916016,-53.97594452
111.57989502,-54.58522415
111.77062988,-57.26979065
111.96136475,-58.53760147
112.15209961,-57.15860748
112.34283447,-60.58235931
112.53356934,-62.17224503
112.72430420,-55.50429535
112.91503906,-54.46057129
113.10577393,-56.00807571
113.29650879,-60.02407455
113.48724365,-51.43729401
113.67797852,-54.44665909
113.86871338,-54.93878174
114.05944824,-53.47688675
114.25018311,-51.28315735
114.44091797,-53.28531647
114.63165283,-59.16128540
114.82238770,-51.63591003
115.01312256,-52.02788925
115.20385742,-61.87013245
115.39459229,-68.02247620
115.58532715,-56.90624619
115.77606201,-54.26412582
115.96679688,-64.79092407
116.15753174,-58.74427032
116.34826660,-62.01658249
116.53900146,-59.77792358
116.72973633,-54.44955444
116.92047119,-56.58803940
117.11120605,-63.25927734
117.30194092,-56.75240326
117.49267578,-61.16349792
117.68341064,-62.75762939
117.87414551,-58.45526886
118.06488037,-50.28743744
118.25561523,-51.61574936
118.44635010,-59.94235611
118.63708496,-70.99129486
118.82781982,-61.52587891
119.01855469,-59.25150299
119.20928955,-55.70193481
119.40002441,-53.02499390
119.59075928,-52.43285370
119.78149414,-55.80834961
119.97222900,-59.38718414
120.16296387,-55.34889603
120.35369873,-55.42886353
120.54443359,-57.49838257
120.73516846,-56.07186127
120.92590332,-54.16453934
121.11663818,-56.72629547
121.30737305,-57.97989655
121.49810791,-53.88819122
121.68884277,-55.09105682
121.87957764,-55.80940628
122.07031250,-53.69501114
122.26104736,-53.40301895
122.45178223,-55.17782211
122.64251709,-58.58179092
122.83325195,-68.86401367
123.02398682,-54.55991745
123.21472168,-51.77551651
123.40545654,-57.55716705
123.59619141,-63.88291931
123.78692627,-54.63205719
123.97766113,-50.76004410
124.16839600,-50.15930557
124.35913086,-49.31750488
124.54986572,-50.39243698
124.74060059,-55.99300766
124.93133545,-52.95013428
125.12207031,-51.87667465
125.31280518,-49.84551239
125.50354004,-47.10788727
125.69427490,-48.54778671
125.88500977,-59.40504456
126.07574463,-60.85802078
126.26647949,-59.64929199
126.45721436,-58.01485062
126.64794922,-54.58613586
126.83868408,-52.20414734
127.02941895,-52.81079865
127.22015381,-61.41299438
127.41088867,-68.33847046
127.60162354,-62.07867432
127.79235840,-53.35292053
127.98309326,-52.35256577
128.17382812,-52.24513626
128.36456299,-53.71120834
128.55529785,-62.68988037
128.74603271,-53.91590500
128.93676758,-54.58621979
129.12750244,-60.88760376
129.31823730,-58.64531708
129.50897217,-57.62248611
129.69970703,-60.58197403
129.89044189,-60.19255829
130.08117676,-56.10791779
130.27191162,-54.32690430
130.46264648,-50.63574982
130.65338135,-52.40639114
130.84411621,-49.32584381
131.03485107,-50.15897369
131.22558594,-55.49417114
131.41632080,-52.87441254
131.60705566,-53.65136719
131.79779053,-64.92524719
131.98852539,-63.44505310
132.17926025,-60.35433960
132.36999512,-53.96043777
132.56072998,-53.36817169
132.75146484,-63.43910980
132.94219971,-59.14237213
133.13293457,-63.13354874
133.32366943,-82.23351288
133.51440430,-65.35496521
133.70513916,-60.33098602
133.89587402,-75.01026154
134.08660889,-59.08105850
134.27734375,-56.78762054
134.46807861,-54.66327286
134.65881348,-52.15181351
134.84954834,-55.42112732
135.04028320,-68.51256561
135.23101807,-58.11069107
135.42175293,-53.42653275
135.61248779,-49.52825928
135.80322266,-49.26522064
135.99395752,-53.58049774
136.18469238,-63.00759125
136.37542725,-63.82514954
136.56616211,-58.76560211
136.75689697,-56.17788696
136.94763184,-59.63121796
137.13836670,-53.61846161
137.32910156,-49.07802963
137.51983643,-51.67547607
137.71057129,-56.43945694
137.90130615,-53.30950165
138.09204102,-58.44234467
138.28277588,-69.08768463
138.47351074,-63.09491730
138.66424561,-64.65585327
138.85498047,-62.54894257
139.04571533,-53.90549088
139.23645020,-55.68163300
139.42718506,-69.60470581
139.61791992,-64.53589630
139.80865479,-55.94931030
139.99938965,-58.05484390
140.19012451,-58.54642487
140.38085938,-52.38122559
140.57159424,-49.41872406
140.76232910,-50.65119934
140.95306396,-55.26388168
141.14379883,-60.88497162
141.33453369,-55.46137238
141.52526855,-57.26863861
141.71600342,-57.62294006
141.90673828,-51.97999954
142.09747314,-51.91808319
142.28820801,-60.23807526
142.47894287,-57.47367096
142.66967773,-52.38359070
142.86041260,-54.26463318
143.05114746,-61.87931442
143.24188232,-64.07277679
143.43261719,-57.10066986
143.62335205,-56.79473877
143.81408691,-59.32676697
144.00482178,-57.81595612
144.19555664,-54.16763687
144.38629150,-55.07862854
144.57702637,-69.76042938
144.76776123,-64.36557007
144.95849609,-69.27948761
145.14923096,-63.60275650
145.33996582,-59.10982132
145.53070068,-58.85976410
145.72143555,-67.54745483
145.91217041,-73.35592651
146.10290527,-63.04573822
146.29364014,-54.86719513
146.48437500,-51.81186676
146.67510986,-48.86204147
146.86584473,-49.46369934
147.05657959,-53.16448212
147.24731445,-55.95463562
147.43804932,-54.96130371
147.62878418,-61.55626678
147.81951904,-59.22052765
148.01025391,-74.22507477
148.20098877,-60.03554916
148.39172363,-62.72120667
148.58245850,-63.50300217
148.77319336,-57.05966568
148.96392822,-56.78752136
149.15466309,-56.54606628
149.34539795,-56.66791916
149.53613281,-60.00942993
149.72686768,-59.70775986
149.91760254,-55.22426987
150.10833740,-62.24930573
150.29907227,-55.10727310
150.48980713,-65.25044250
150.68054199,-53.26274109
150.87127686,-53.49393463
151.06201172,-59.34841919
151.25274658,-61.53690720
151.44348145,-57.13797760
151.63421631,-56.02224350
151.82495117,-53.72270203
152.01568604,-50.01591492
152.20642090,-53.36172104
152.39715576,-75.94648743
152.58789062,-66.27260590
152.77862549,-72.40866089
152.96936035,-59.12121582
153.16009521,-53.00174332
153.35083008,-50.52701950
153.54156494,-52.84659576
153.73229980,-63.32628632
153.92303467,-62.58319855
154.11376953,-56.96930313
154.30450439,-52.67984772
154.49523926,-52.52733612
154.68597412,-55.36880112
154.87670898,-57.35900879
155.06744385,-61.94991302
155.25817871,-65.20288086
155.44891357,-56.26559830
155.63964844,-50.10595322
155.83038330,-48.82025909
156.02111816,-53.27713013
156.21185303,-62.28325272
156.40258789,-58.35356140
156.59332275,-53.46025085
156.78405762,-53.16427231
156.97479248,-52.53875351
157.16552734,-58.10980225
157.35626221,-60.46957397
157.54699707,-54.51270676
157.73773193,-54.40904999
157.92846680,-54.27500916
158.11920166,-57.18509293
158.30993652,-61.48510742
158.50067139,-65.09192657
158.69140625,-70.95476532
158.88214111,-61.68758011
159.07287598,-55.78331375
159.26361084,-55.25196075
159.45434570,-53.16090393
159.64508057,-50.40111923
159.83581543,-53.59467316
160.02655029,-65.96083832
160.21728516,-71.13417816
160.40802002,-61.56105042
160.59875488,-61.58260727
160.78948975,-54.87414932
160.98022461,-56.79045868
161.17095947,-59.14704895
161.36169434,-62.24838638
161.55242920,-52.36212158
161.74316406,-52.09226990
161.93389893,-55.98229218
162.12463379,-49.37337875
162.31536865,-53.68687439
162.50610352,-51.28688812
162.69683838,-49.68967438
162.88757324,-52.26617813
163.07830811,-57.32731247
163.26904297,-58.81813431
163.45977783,-58.43610764
163.65051270,-58.47215652
163.84124756,-59.66188049
164.03198242,-59.89920044
164.22271729,-64.27139282
164.41345215,-55.22906494
164.60418701,-55.86690521
164.79492188,-60.81218338
164.98565674,-55.35400772
165.17639160,-49.08611298
165.36712646,-50.84327698
165.55786133,-61.21679688
165.74859619,-61.12960815
165.93933105,-51.64060593
166.13006592,-48.76059723
166.32080078,-52.55674744
166.51153564,-57.65554047
166.70227051,-52.09587097
166.89300537,-52.65058136
167.08374023,-78.40700531
167.27447510,-52.48351288
167.46520996,-50.61797333
167.65594482,-54.69998932
167.84667969,-55.88519287
168.03741455,-55.77722931
168.22814941,-56.06553650
168.41888428,-55.25881195
168.60961914,-56.14211655
168.80035400,-56.92920685
168.99108887,-52.24642944
169.18182373,-53.89389038
169.37255859,-56.31986618
169.56329346,-58.96568298
169.75402832,-58.12023544
169.94476318,-53.77872086
170.13549805,-52.35297394
170.32623291,-52.57079315
170.51696777,-53.76381683
170.70770264,-61.51960373
170.89843750,-62.71678925
171.08917236,-61.92306137
171.27990723,-60.51855087
171.47064209,-55.30596924
171.66137695,-51.29541016
171.85211182,-50.73541260
172.04284668,-52.87132645
172.23358154,-51.26577759
172.42431641,-50.27417755
172.61505127,-52.32400894
172.80578613,-55.11231232
172.99652100,-55.89738846
173.18725586,-54.85325241
173.37799072,-56.11460876
173.56872559,-55.59038544
173.75946045,-56.92360687
173.95019531,-64.68956757
174.14093018,-67.35853577
174.33166504,-61.27175903
174.52239990,-60.02308655
174.71313477,-63.37662506
174.90386963,-63.03586960
175.09460449,-59.40876770
175.28533936,-62.18600845
175.47607422,-71.56559753
175.66680908,-61.91437531
175.85754395,-56.08170319
176.04827881,-54.99591446
176.23901367,-58.24570465
176.42974854,-60.25812531
176.62048340,-54.79386139
176.81121826,-52.76136017
177.00195312,-52.10134888
177.19268799,-53.27804947
177.38342285,-58.92303467
177.57415771,-70.21580505
177.76489258,-59.48170090
177.95562744,-63.20296478
178.14636230,-66.91403198
178.33709717,-64.98389435
178.52783203,-61.80536652
178.71856689,-55.74705124
178.90930176,-59.16255951
179.10003662,-64.04617310
179.29077148,-58.99877167
179.48150635,-63.81237030
179.67224121,-66.64551544
179.86297607,-58.44967651
180.05371094,-53.84027863
180.24444580,-56.09897232
180.43518066,-62.76626205
180.62591553,-60.32104874
180.81665039,-57.81764984
181.00738525,-56.98071289
181.19812012,-56.12662888
181.38885498,-58.16966629
181.57958984,-70.94255066
181.77032471,-59.83218765
181.96105957,-60.78710938
182.15179443,-74.19877625
182.34252930,-69.97217560
182.53326416,-60.22409058
182.72399902,-57.37674332
182.91473389,-57.77057266
183.10546875,-60.44599533
183.29620361,-64.01193237
183.48693848,-58.41009521
183.67767334,-55.14491653
183.86840820,-56.31483078
184.05914307,-58.03437805
184.24987793,-53.33116150
184.44061279,-49.89334869
184.63134766,-52.65461349
184.82208252,-55.08771515
185.01281738,-54.78390503
185.20355225,-60.78380966
185.39428711,-51.68718338
185.58502197,-51.46619415
185.77575684,-57.26523590
185.96649170,-54.07705688
186.15722656,-53.74042511
186.34796143,-60.93954086
186.53869629,-60.67533112
186.72943115,-62.52864456
186.92016602,-64.68421173
187.11090088,-68.44476318
187.30163574,-63.50880432
187.49237061,-80.50711060
187.68310547,-58.72555161
187.87384033,-56.19617081
188.06457520,-56.87719345
188.25531006,-58.15771103
188.44604492,-59.64131927
188.63677979,-57.02858353
188.82751465,-54.34546661
189.01824951,-52.12514877
189.20898438,-53.47131729
189.39971924,-58.26247787
189.59045410,-63.24748611
189.78118896,-54.25975418
189.97192383,-55.35777664
190.16265869,-64.45397949
190.35339355,-53.00006104
190.54412842,-55.34603500
190.73486328,-62.21803665
190.92559814,-53.52701187
191.11633301,-54.33829880
191.30706787,-68.49805450
191.49780273,-59.24084091
191.68853760,-64.93307495
191.87927246,-55.00492859
192.07000732,-52.26489258
192.26074219,-52.13802719
192.45147705,-51.88051605
192.64221191,-50.77973938
192.83294678,-50.84206009
193.02368164,-55.69077301
193.21441650,-57.73466110
193.40515137,-52.02196121
193.59588623,-50.47334671
193.78662109,-53.03367996
193.97735596,-58.01247406
194.16809082,-58.74143982
194.35882568,-57.52900696
194.54956055,-59.12827301
194.74029541,-60.68581009
194.93103027,-70.43073273
195.12176514,-57.00584412
195.31250000,-54.03480911
195.50323486,-54.40781021
195.69396973,-59.44352722
195.88470459,-68.72866821
196.07543945,-69.39459991
196.26617432,-62.77463531
196.45690918,-55.70470810
196.64764404,-52.09974289
196.83837891,-53.47034073
197.02911377,-57.33668900
197.21984863,-54.17340851
197.41058350,-53.59827423
197.60131836,-56.56283569
197.79205322,-60.03311920
197.98278809,-76.14373779
198.17352295,-62.30003357
198.36425781,-60.97364044
198.55499268,-60.68853378
198.74572754,-54.50404358
198.93646240,-54.11840820
199.12719727,-57.64968872
199.31793213,-60.80278015
199.50866699,-53.90052414
199.69940186,-57.18604660
199.89013672,-64.63027954
200.08087158,-59.21145630
200.27160645,-51.70462799
200.46234131,-51.43469238
200.65307617,-58.21901321
200.84381104,-62.17450714
201.03454590,-59.61784363
201.22528076,-64.14833832
201.41601562,-66.78414154
201.60675049,-58.76173019
201.79748535,-56.32872009
201.98822021,-62.25588226
202.17895508,-61.31009674
202.36968994,-55.72686768
202.56042480,-51.78263855
202.75115967,-50.70301437
202.94189453,-54.30035400
203.13262939,-56.44322968
203.32336426,-54.84364319
203.51409912,-53.36532211
203.70483398,-50.04130554
203.89556885,-52.14286804
204.08630371,-53.87873840
204.27703857,-51.69200516
204.46777344,-54.53792191
204.65850830,-61.33626556
204.84924316,-60.48827362
205.03997803,-57.38290405
205.23071289,-53.59989929
205.42144775,-50.62509918
205.61218262,-52.97123337
205.80291748,-60.56351089
205.99365234,-63.84210587
206.18438721,-60.69652939
206.37512207,-68.13946533
206.56585693,-57.56702805
206.75659180,-55.36832809
206.94732666,-56.92338562
207.13806152,-63.79526520
207.32879639,-54.95460510
207.51953125,-58.29370117
207.71026611,-59.70624542
207.90100098,-54.71915436
208.09173584,-53.75444412
208.28247070,-53.57173538
208.47320557,-55.81796265
208.66394043,-61.69898224
208.85467529,-63.57767487
209.04541016,-60.40262222
209.23614502,-62.83601379
209.42687988,-62.12156677
209.61761475,-60.34727478
209.80834961,-66.20718384
209.99908447,-56.30117798
210.18981934,-56.86084366
210.38055420,-62.16108704
210.57128906,-58.46806335
210.76202393,-58.48567581
210.95275879,-56.15090942
211.14349365,-56.35983276
211.33422852,-55.93048859
211.52496338,-57.14131165
211.71569824,-62.83152008
211.90643311,-59.21291351
212.09716797,-56.37515640
212.28790283,-59.60294724
212.47863770,-55.66963959
212.66937256,-51.22751617
212.86010742,-50.57247543
213.05084229,-52.10960007
213.24157715,-51.35985947
213.43231201,-50.31914139
213.62304688,-53.24584579
213.81378174,-57.46733093
214.00451660,-54.96583557
214.19525146,-57.01655960
214.38598633,-55.70452881
214.57672119,-54.87156296
214.76745605,-53.37869644
214.95819092,-52.53173065
215.14892578,-57.31806946
215.33966064,-60.53370667
215.53039551,-55.29456711
215.72113037,-51.16796494
215.91186523,-49.83670044
216.10260010,-52.08026123
216.29333496,-57.73522186
216.48406982,-62.14573288
216.67480469,-58.67320251
216.86553955,-56.51312256
217.05627441,-56.67953110
217.24700928,-58.61537552
217.43774414,-61.84935760
217.62847900,-62.78070831
217.81921387,-60.43682861
218.00994873,-62.15036392
218.20068359,-66.50646973
218.39141846,-55.60276031
218.58215332,-57.27487946
218.77288818,-55.10131836
218.96362305,-57.60991669
219.15435791,-65.28704834
219.34509277,-64.12680054
219.53582764,-54.15077591
219.72656250,-53.05950928
219.91729736,-57.04248047
220.10803223,-63.73632812
220.29876709,-62.92427444
220.48950195,-65.43020630
220.68023682,-69.43650055
220.87097168,-70.77380371
221.06170654,-60.42154312
221.25244141,-64.60458374
221.44317627,-56.96142197
221.63391113,-52.75204086
221.82464600,-56.44294357
222.01538086,-62.18371964
222.20611572,-79.88525391
222.39685059,-56.78164673
222.58758545,-56.77610016
222.77832031,-56.79529572
222.96905518,-54.64610291
223.15979004,-55.71685410
223.35052490,-55.27541733
223.54125977,-55.35514450
223.73199463,-53.69859695
223.92272949,-56.70138931
224.11346436,-73.03718567
224.30419922,-58.52585602
224.49493408,-52.80750275
224.68566895,-49.71109390
224.87640381,-52.92539978
225.06713867,-60.48344040
225.25787354,-53.08628082
225.44860840,-52.49234772
225.63934326,-51.61853409
225.83007812,-55.43667603
226.02081299,-59.42870331
226.21154785,-53.74733734
226.40228271,-52.57865143
226.59301758,-60.19539642
226.78375244,-61.63959503
226.97448730,-56.54556656
227.16522217,-61.73886108
227.35595703,-70.25291443
227.54669189,-62.37180710
227.73742676,-58.53800201
227.92816162,-54.14245987
228.11889648,-57.35699463
228.30963135,-70.47521973
228.50036621,-66.12515259
228.69110107,-58.22984314
228.88183594,-60.22882462
229.07257080,-66.33074951
229.26330566,-57.29722595
229.45404053,-49.97892380
229.64477539,-50.59626770
229.83551025,-58.09961700
230.02624512,-56.58507538
230.21697998,-55.91960907
230.40771484,-56.98128510
230.59844971,-60.99290848
230.78918457,-56.41669464
230.97991943,-57.70921707
231.17065430,-60.13065720
231.36138916,-61.37272263
231.55212402,-58.65428925
231.74285889,-52.17857742
231.93359375,-52.40678787
232.12432861,-56.35467529
232.31506348,-63.78673172
232.50579834,-69.58277893
232.69653320,-71.71650696
232.88726807,-63.12939453
233.07800293,-55.65323257
233.26873779,-56.80244827
233.45947266,-67.47618103
233.65020752,-58.74187088
233.84094238,-51.93380356
234.03167725,-51.69509125
234.22241211,-53.84956741
234.41314697,-53.55256653
234.60388184,-53.57022858
234.79461670,-54.47653961
234.98535156,-56.02298737
235.17608643,-52.24396515
235.36682129,-52.67806244
235.55755615,-54.92817688
235.74829102,-53.51190948
235.93902588,-51.63330078
236.12976074,-51.15065765
236.32049561,-52.90737915
236.51123047,-55.11130905
236.70196533,-56.91352463
236.89270020,-69.92803192
237.08343506,-56.47410583
237.27416992,-52.00727463
237.46490479,-52.66119385
237.65563965,-58.92107010
237.84637451,-55.95768738
238.03710938,-56.65478516
238.22784424,-62.81909180
238.41857910,-58.30962753
238.60931396,-59.80999374
238.80004883,-65.42177582
238.99078369,-63.20870209
239.18151855,-68.85049438
239.37225342,-57.15070724
239.56298828,-55.06560516
239.75372314,-56.31583405
239.94445801,-54.83886719
240.13519287,-52.53234482
240.32592773,-50.83843613
240.51666260,-52.14233398
240.70739746,-55.84658813
240.89813232,-59.18100739
241.08886719,-67.08609772
241.27960205,-59.67686081
241.47033691,-58.15753555
241.66107178,-60.35305023
241.85180664,-62.47906494
242.04254150,-57.76877975
242.23327637,-56.15843964
242.42401123,-64.17419434
242.61474609,-57.52777481
242.80548096,-59.49996948
242.99621582,-65.04640198
243.18695068,-80.64846039
243.37768555,-57.63474274
243.56842041,-52.61818314
243.75915527,-54.61675262
243.94989014,-56.74800110
244.14062500,-53.78652954
244.33135986,-53.80912781
244.52209473,-55.53901672
244.71282959,-52.71826935
244.90356445,-50.14622498
245.09429932,-50.85604095
245.28503418,-54.41620636
245.47576904,-61.80204010
245.66650391,-56.48153687
245.85723877,-56.43103790
246.04797363,-54.20491028
246.23870850,-52.23619843
246.42944336,-49.55103302
246.62017822,-49.41004181
246.81091309,-49.84351730
247.00164795,-51.22462463
247.19238281,-54.35442352
247.38311768,-55.76097870
247.57385254,-53.92494202
247.76458740,-52.78404236
247.95532227,-55.32448578
248.14605713,-60.50748444
248.33679199,-68.79990387
248.52752686,-75.57127380
248.71826172,-61.62296677
248.90899658,-60.46486282
249.09973145,-72.86735535
249.29046631,-56.38217926
249.48120117,-55.04566574
249.67193604,-63.26876831
249.86267090,-61.78453827
250.05340576,-55.14989471
250.24414062,-52.79520416
250.43487549,-54.66594696
250.62561035,-55.32313919
250.81634521,-54.24891663
251.00708008,-55.37374496
251.19781494,-56.45058441
251.38854980,-52.91374588
251.57928467,-52.60979462
251.77001953,-54.37055588
251.96075439,-53.53883362
252.15148926,-56.06322479
252.34222412,-73.07211304
252.53295898,-58.41352081
252.72369385,-53.43121338
252.91442871,-55.32499695
253.10516357,-65.93127441
253.29589844,-59.16134644
253.48663330,-70.35712433
253.67736816,-57.94954300
253.86810303,-59.14558411
254.05883789,-63.50326157
254.24957275,-63.45585632
254.44030762,-57.62695694
254.63104248,-58.81627655
254.82177734,-56.63605499
255.01251221,-52.39780045
255.20324707,-54.95788193
255.39398193,-53.97437286
255.58471680,-52.51435852
255.77545166,-61.89529419
255.96618652,-57.86106873
256.15692139,-53.31619263
256.34765625,-54.73831558
256.53839111,-60.96911621
256.72912598,-66.33910370
256.91986084,-60.36292267
257.11059570,-65.84013367
257.30133057,-54.61832428
257.49206543,-54.68815613
257.68280029,-64.09375000
257.87353516,-62.55002975
258.06427002,-58.94333649
258.25500488,-52.98021698
258.44573975,-50.11744690
258.63647461,-50.01696777
258.82720947,-52.84799576
259.01794434,-55.90594482
259.20867920,-53.32122421
259.39941406,-51.38645172
259.59014893,-53.64713669
259.78088379,-51.37668991
259.97161865,-48.89012146
260.16235352,-52.27466583
260.35308838,-58.90045547
260.54382324,-60.16532898
260.73455811,-60.23354340
260.92529297,-60.16175842
261.11602783,-57.68216705
261.30676270,-56.04185104
261.49749756,-58.72020340
261.68823242,-60.01793289
261.87896729,-61.90246964
262.06970215,-54.19154739
262.26043701,-55.06057739
262.45117188,-55.08355713
262.64190674,-52.53230286
262.83264160,-57.20119476
263.02337646,-57.07683945
263.21411133,-54.18820190
263.40484619,-53.54835129
263.59558105,-53.12760162
263.78631592,-53.16447449
263.97705078,-55.46704865
264.16778564,-57.29478836
264.35852051,-55.50028992
264.54925537,-53.65586090
264.73999023,-58.26068115
264.93072510,-62.06847382
265.12145996,-66.94361877
265.31219482,-64.03176117
265.50292969,-60.19771194
265.69366455,-57.46152878
265.88439941,-55.98731995
266.07513428,-57.47599030
266.26586914,-57.94499207
266.45660400,-64.68486786
266.64733887,-71.63267517
266.83807373,-57.44874573
267.02880859,-52.21851730
267.21954346,-52.07628632
267.41027832,-59.20797348
267.60101318,-72.98203278
267.79174805,-60.90897369
267.98248291,-53.24414825
268.17321777,-56.45104980
268.36395264,-63.35131073
268.55468750,-65.92487335
268.74542236,-63.70788574
268.93615723,-56.37706375
269.12689209,-56.14666748
269.31762695,-59.69536591
269.50836182,-64.91262054
269.69909668,-55.09659195
269.88983154,-54.77801514
270.08056641,-61.47831345
270.27130127,-60.36236191
270.46203613,-64.42818451
270.65277100,-61.78003693
270.84350586,-55.48296356
271.03424072,-63.67503738
271.22497559,-58.71502686
271.41571045,-52.20514679
271.60644531,-54.81553650
271.79718018,-61.46970367
271.98791504,-60.69437027
272.17864990,-57.63167953
272.36938477,-56.28477097
272.56011963,-53.57460785
272.75085449,-52.81974792
272.94158936,-55.55321503
273.13232422,-67.18722534
273.32305908,-54.54328156
273.51379395,-50.32981491
273.70452881,-51.33123398
273.89526367,-52.35007477
274.08599854,-54.36438751
274.27673340,-59.30667114
274.46746826,-59.80295181
274.65820312,-62.71152496
274.84893799,-59.48295593
275.03967285,-63.19095612
275.23040771,-51.53451538
275.42114258,-49.67001343
275.61187744,-57.09158325
275.80261230,-69.87529755
275.99334717,-59.27235031
276.18408203,-55.33487701
276.37481689,-55.71306610
276.56555176,-55.96060944
276.75628662,-56.71678162
276.94702148,-54.88628006
277.13775635,-54.35903168
277.32849121,-55.84298706
277.51922607,-56.00170135
277.70996094,-61.48711777
277.90069580,-57.14764023
278.09143066,-63.06414032
278.28216553,-55.35938263
278.47290039,-50.51402664
278.66363525,-50.74708939
278.85437012,-54.20597839
279.04510498,-58.37738800
279.23583984,-63.13122559
279.42657471,-59.48917770
279.61730957,-54.74608994
279.80804443,-52.85705566
279.99877930,-57.02594376
280.18951416,-81.36505127
280.38024902,-63.17005539
280.57098389,-61.21835327
280.76171875,-70.40556335
280.95245361,-57.29691315
281.14318848,-52.33467484
281.33392334,-52.98208618
281.52465820,-56.39745712
281.71539307,-62.27795029
281.90612793,-56.47726440
282.09686279,-53.36244583
282.28759766,-57.74400330
282.47833252,-58.94522858
282.66906738,-56.35796356
282.85980225,-74.07797241
283.05053711,-61.02004623
283.24127197,-59.60648346
283.43200684,-60.23488998
283.62274170,-70.69784546
283.81347656,-54.59652710
284.00421143,-54.56373215
284.19494629,-61.05821228
284.38568115,-66.38604736
284.57641602,-59.30330658
284.76715088,-54.76925659
284.95788574,-55.71187973
285.14862061,-67.58700562
285.33935547,-60.84181213
285.53009033,-58.32786179
285.72082520,-55.08915329
285.91156006,-54.45058823
286.10229492,-60.24996185
286.29302979,-69.44411469
286.48376465,-64.54939270
286.67449951,-54.66023254
286.86523438,-52.98033142
287.05596924,-57.13023376
287.24670410,-65.17188263
287.43743896,-53.14978027
287.62817383,-52.65320206
287.81890869,-54.91432953
288.00964355,-54.40883255
288.20037842,-55.16442871
288.39111328,-62.93664551
288.58184814,-66.34980011
288.77258301,-74.01762390
288.96331787,-64.60795593
289.15405273,-62.22830200
289.34478760,-55.79773712
289.53552246,-55.85903931
289.72625732,-56.49688339
289.91699219,-55.47115707
290.10772705,-58.50057602
290.29846191,-69.30271912
290.48919678,-65.76818085
290.67993164,-60.13607025
290.87066650,-65.03726196
291.06140137,-64.14840698
291.25213623,-65.78689575
291.44287109,-60.80995178
291.63360596,-55.15998840
291.82434082,-54.64849091
292.01507568,-57.51021957
292.20581055,-58.24611282
292.39654541,-52.16871643
292.58728027,-55.89526367
292.77801514,-69.73927307
292.96875000,-58.82270050
293.15948486,-55.15232086
293.35021973,-53.71538544
293.54095459,-53.91954803
293.73168945,-53.29246902
293.92242432,-53.26017380
294.11315918,-56.88515472
294.30389404,-60.61388397
294.49462891,-60.72302246
294.68536377,-67.43872833
294.87609863,-61.67716980
295.06683350,-59.40764618
295.25756836,-58.22669601
295.44830322,-55.02949142
295.63903809,-52.26278305
295.82977295,-52.22310638
296.02050781,-52.95059204
296.21124268,-55.02444839
296.40197754,-59.98388672
296.59271240,-56.88221741
296.78344727,-52.64705658
296.97418213,-51.01213455
297.16491699,-53.23651886
297.35565186,-57.73765945
297.54638672,-60.05345154
297.73712158,-62.84481049
297.92785645,-63.08305359
298.11859131,-61.78163910
298.30932617,-58.56975174
298.50006104,-57.96405411
298.69079590,-58.47412109
298.88153076,-61.71678925
299.07226562,-66.13032532
299.26300049,-64.02458954
299.45373535,-62.13243484
299.64447021,-63.87566376
299.83520508,-61.76872253
300.02593994,-59.97073746
300.21667480,-56.58920670
300.40740967,-57.48319626
300.59814453,-61.00588989
300.78887939,-56.86056137
300.97961426,-56.48624039
301.17034912,-56.53925323
301.36108398,-71.92414093
301.55181885,-72.68984985
301.74255371,-63.71482468
301.93328857,-63.29777527
302.12402344,-57.67739868
302.31475830,-53.45386505
302.50549316,-55.06344223
302.69622803,-64.87435150
302.88696289,-62.81938171
303.07769775,-58.64849091
303.26843262,-58.70964813
303.45916748,-56.72216797
303.64990234,-55.84787369
303.84063721,-68.80467224
304.03137207,-57.63706589
304.22210693,-54.28355789
304.41284180,-54.03350830
304.60357666,-54.95227051
304.79431152,-60.12110138
304.98504639,-62.90689468
305.17578125,-65.64848328
305.36651611,-76.10930634
305.55725098,-66.11155701
305.74798584,-56.06099701
305.93872070,-53.07970428
306.12945557,-54.64329529
306.32019043,-56.53870392
306.51092529,-61.19881439
306.70166016,-59.53451538
306.89239502,-68.06367493
307.08312988,-64.90071106
307.27386475,-59.94954681
307.46459961,-60.82783127
307.65533447,-62.93532562
307.84606934,-53.84035110
308.03680420,-51.15879822
308.22753906,-53.11786652
308.41827393,-52.67440033
308.60900879,-52.65672302
308.79974365,-60.38429260
308.99047852,-61.00955200
309.18121338,-60.43534851
309.37194824,-66.25366974
309.56268311,-60.88985062
309.75341797,-57.52661896
309.94415283,-56.93033600
310.13488770,-50.55509186
310.32562256,-49.59337616
310.51635742,-51.79618073
310.70709229,-53.61233521
310.89782715,-62.06074524
311.08856201,-63.51361084
311.27929688,-57.74812698
311.47003174,-59.91464996
311.66076660,-57.51281357
311.85150146,-60.67076111
312.04223633,-67.94065857
312.23297119,-61.88834763
312.42370605,-63.01212311
312.61444092,-65.12918091
312.80517578,-59.32438660
312.99591064,-67.94145203
313.18664551,-64.35820770
313.37738037,-53.49013519
313.56811523,-51.75296783
313.75885010,-59.31256104
313.94958496,-58.98942947
314.14031982,-60.59683228
314.33105469,-57.27865601
314.52178955,-54.50038910
314.71252441,-57.50954437
314.90325928,-57.80098343
315.09399414,-56.48299408
315.28472900,-54.27083969
315.47546387,-53.41116333
315.66619873,-54.88069916
315.85693359,-55.43036652
316.04766846,-56.01456070
316.23840332,-52.61868286
316.42913818,-48.35467911
316.61987305,-49.64456558
316.81060791,-56.06407928
317.00134277,-63.86167145
317.19207764,-57.54228210
317.38281250,-55.11972046
317.57354736,-54.54336166
317.76428223,-53.28704071
317.95501709,-53.96148300
318.14575195,-56.17330551
318.33648682,-55.44352722
318.52722168,-55.34247589
318.71795654,-58.60742188
318.90869141,-55.39619064
319.09942627,-53.59316254
319.29016113,-57.63509369
319.48089600,-65.75567627
319.67163086,-56.33662415
319.86236572,-53.33975983
320.05310059,-55.60420227
320.24383545,-59.29661560
320.43457031,-55.73836517
320.62530518,-53.14910889
320.81604004,-54.62645721
321.00677490,-51.16004181
321.19750977,-48.58086395
321.38824463,-50.25883102
321.57897949,-56.03513336
321.76971436,-57.69890594
321.96044922,-57.11975479
322.15118408,-68.61675262
322.34191895,-63.47613907
322.53265381,-65.66123199
322.72338867,-64.57897949
322.91412354,-64.20706177
323.10485840,-59.62786102
323.29559326,-62.58072662
323.48632812,-58.67440796
323.67706299,-56.66146851
323.86779785,-54.98596954
324.05853271,-52.29921722
324.24926758,-57.12532806
324.44000244,-56.51003265
324.63073730,-66.77572632
324.82147217,-58.54328537
325.01220703,-59.55014038
325.20294189,-59.87995529
325.39367676,-60.75841522
325.58441162,-61.05187988
325.77514648,-65.45038605
325.96588135,-63.85281372
326.15661621,-61.58797455
326.34735107,-61.91643524
326.53808594,-61.89235306
326.72882080,-58.18334579
326.91955566,-57.09460449
327.11029053,-68.05021667
327.30102539,-64.99900055
327.49176025,-66.57859039
327.68249512,-65.11014557
327.87322998,-71.56651306
328.06396484,-60.30643463
328.25469971,-60.40775299
328.44543457,-64.90549469
328.63616943,-81.59518433
328.82690430,-59.37843323
329.01763916,-52.44261932
329.20837402,-52.93629456
329.39910889,-61.21195984
329.58984375,-58.72962189
329.78057861,-69.46463013
329.97131348,-62.99016953
330.16204834,-61.23212433
330.35278320,-57.12757874
330.54351807,-58.78091431
330.73425293,-61.71163940
330.92498779,-55.77969360
331.11572266,-54.60264206
331.30645752,-64.35910797
331.49719238,-59.66937256
331.68792725,-57.81315613
331.87866211,-56.87362289
332.06939697,-62.98808670
332.26013184,-59.63179016
332.45086670,-58.88677597
332.64160156,-70.15325928
332.83233643,-73.42457581
333.02307129,-58.60086060
333.21380615,-52.51052094
333.40454102,-51.29630280
333.59527588,-52.97914124
333.78601074,-57.35386276
333.97674561,-65.57793427
334.16748047,-54.08597946
334.35821533,-56.68018341
334.54895020,-57.11780930
334.73968506,-54.25743484
334.93041992,-53.97227478
335.12115479,-53.48240662
335.31188965,-52.59959412
335.50262451,-54.94665146
335.69335938,-63.67457962
335.88409424,-67.85153198
336.07482910,-70.25088501
336.26556396,-69.17037964
336.45629883,-71.50134277
336.64703369,-56.27402496
336.83776855,-53.45423889
337.02850342,-55.80255127
337.21923828,-57.23888779
337.40997314,-57.23144531
337.60070801,-54.35501862
337.79144287,-52.63872147
337.98217773,-51.66972351
338.17291260,-52.92089844
338.36364746,-58.09845734
338.55438232,-61.36676788
338.74511719,-52.96268082
338.93585205,-55.06109238
339.12658691,-71.05953979
339.31732178,-67.40313721
339.50805664,-55.13740158
339.69879150,-53.27721405
339.88952637,-53.10143280
340.08026123,-51.94736481
340.27099609,-52.85968781
340.46173096,-60.44617462
340.65246582,-58.71440506
340.84320068,-53.41864777
341.03393555,-56.83292389
341.22467041,-61.23936081
341.41540527,-63.90014267
341.60614014,-55.55496597
341.79687500,-53.93221283
341.98760986,-55.43690491
342.17834473,-55.51710510
342.36907959,-53.95598984
342.55981445,-52.48170471
342.75054932,-52.49290085
342.94128418,-53.63668442
343.13201904,-55.92716599
343.32275391,-54.64147568
343.51348877,-55.48905182
343.70422363,-56.89683533
343.89495850,-58.58525848
344.08569336,-62.10455322
344.27642822,-58.71950150
344.46716309,-52.35753632
344.65789795,-50.76011276
344.84863281,-52.15530396
345.03936768,-53.06894302
345.23010254,-53.49377441
345.42083740,-56.43456268
345.61157227,-58.55415726
345.80230713,-66.94962311
345.99304199,-52.36586761
346.18377686,-54.30400467
346.37451172,-65.86132812
346.56524658,-57.82480240
346.75598145,-53.43952942
346.94671631,-59.51824570
347.13745117,-66.53454590
347.32818604,-59.50428009
347.51892090,-58.16390610
347.70965576,-59.65340424
347.90039062,-55.37843704
348.09112549,-54.41456604
348.28186035,-54.67631531
348.47259521,-55.81652832
348.66333008,-61.83270264
348.85406494,-52.94432068
349.04479980,-53.50849152
349.23553467,-55.03656769
349.42626953,-59.22978973
349.61700439,-68.07684326
349.80773926,-65.54171753
349.99847412,-53.87782288
350.18920898,-52.95240784
350.37994385,-60.83045197
350.57067871,-58.34746933
350.76141357,-51.67246246
350.95214844,-51.52513504
351.14288330,-56.32553482
351.33361816,-55.07095337
351.52435303,-55.96235657
351.71508789,-59.13676834
351.90582275,-57.28389740
352.09655762,-56.14953995
352.28729248,-55.66489410
352.47802734,-62.02925873
352.66876221,-56.44700623
352.85949707,-53.50782776
353.05023193,-51.61953354
353.24096680,-53.42526245
353.43170166,-55.96422195
353.62243652,-53.86898422
353.81317139,-51.79273987
354.00390625,-54.37623978
354.19464111,-56.85123825
354.38537598,-51.71813202
354.57611084,-50.15677643
354.76684570,-52.68255615
354.95758057,-54.26988983
355.14831543,-52.66127777
355.33905029,-55.44388199
355.52978516,-61.22682571
355.72052002,-56.02184296
355.91125488,-51.38039017
356.10198975,-51.33098221
356.29272461,-52.41841888
356.48345947,-53.45442200
356.67419434,-54.54221725
356.86492920,-56.57704926
357.05566406,-71.82089233
357.24639893,-60.64991760
357.43713379,-60.50876617
357.62786865,-67.21642303
357.81860352,-62.07511139
358.00933838,-63.08038330
358.20007324,-60.20476913
358.39080811,-55.36265945
358.58154297,-58.24996948
358.77227783,-67.73316193
358.96301270,-62.86363220
359.15374756,-60.43058395
359.34448242,-57.41939545
359.53521729,-54.17851257
359.72595215,-55.65410614
359.91668701,-58.63002396
360.10742188,-62.96813583
360.29815674,-57.09692383
360.48889160,-51.44217682
360.67962646,-51.71669006
360.87036133,-55.13246536
361.06109619,-54.84236908
361.25183105,-53.72036743
361.44256592,-54.41558838
361.63330078,-54.55205536
361.82403564,-52.91982651
362.01477051,-54.79835510
362.20550537,-57.12077332
362.39624023,-54.27845764
362.58697510,-52.62994766
362.77770996,-52.09799194
362.96844482,-53.65959549
363.15917969,-57.27311707
363.34991455,-57.44337082
363.54064941,-57.45346451
363.73138428,-60.22369385
363.92211914,-59.37560272
364.11285400,-56.83058167
364.30358887,-55.43872070
364.49432373,-55.81784058
364.68505859,-61.84616852
364.87579346,-59.52872467
365.06652832,-61.84914398
365.25726318,-56.87797546
365.44799805,-58.13933563
365.63873291,-60.02755737
365.82946777,-57.98521042
366.02020264,-53.23717117
366.21093750,-51.56951904
366.40167236,-59.53338623
366.59240723,-61.33360291
366.78314209,-61.23215103
366.97387695,-69.76663208
367.16461182,-62.81748199
367.35534668,-62.90595245
367.54608154,-54.70252991
367.73681641,-54.79138947
367.92755127,-59.54254913
368.11828613,-58.78443909
368.30902100,-66.74534607
368.49975586,-59.84695435
368.69049072,-57.82283783
368.88122559,-59.11334610
369.07196045,-53.39103699
369.26269531,-50.26592636
369.45343018,-52.36367035
369.64416504,-59.78757477
369.83489990,-64.56942749
370.02563477,-54.29460526
370.21636963,-53.56724167
370.40710449,-52.86598587
370.59783936,-55.07527924
370.78857422,-61.56045914
370.97930908,-69.02944946
371.17004395,-60.47716141
371.36077881,-57.66904449
371.55151367,-56.05988312
371.74224854,-55.75647354
371.93298340,-62.77546310
372.12371826,-75.08516693
372.31445312,-67.31270599
372.50518799,-70.92284393
372.69592285,-54.92044830
372.88665771,-50.48553085
373.07739258,-50.88766098
373.26812744,-50.84234619
373.45886230,-53.17692184
373.64959717,-64.91133881
373.84033203,-60.63144684
374.03106689,-58.20388412
374.22180176,-54.59402084
374.41253662,-53.72405624
374.60327148,-58.44659805
374.79400635,-59.97085953
374.98474121,-58.38398361
375.17547607,-60.58659363
375.36621094,-66.56883240
375.55694580,-61.21632385
375.74768066,-65.69277191
375.93841553,-67.40512085
376.12915039,-67.02122498
376.31988525,-63.81235504
376.51062012,-63.54898834
376.70135498,-56.53400421
376.89208984,-54.49551392
377.08282471,-54.66617584
377.27355957,-51.84763336
377.46429443,-50.85583496
377.65502930,-55.11800766
377.84576416,-59.30049896
378.03649902,-57.90748978
378.22723389,-77.44564056
378.41796875,-57.25712204
378.60870361,-54.45590210
378.79943848,-58.39370728
378.99017334,-64.08826447
379.18090820,-57.38516235
379.37164307,-52.49508286
379.56237793,-56.08037949
379.75311279,-62.68405914
379.94384766,-60.80049515
380.13458252,-61.75025177
380.32531738,-71.04798889
380.51605225,-55.67821884
380.70678711,-54.39685822
380.89752197,-56.13230896
381.08825684,-56.07735062
381.27899170,-55.45741272
381.46972656,-56.94543457
381.66046143,-63.15717697
381.85119629,-69.35784149
382.04193115,-62.61519623
382.23266602,-63.57804871
382.42340088,-61.55191040
382.61413574,-57.32090378
382.80487061,-58.14517212
382.99560547,-54.40852737
383.18634033,-48.34253693
383.37707520,-48.00634003
383.56781006,-52.29243851
383.75854492,-54.55702209
383.94927979,-50.75110626
384.14001465,-49.57095337
384.33074951,-53.36058807
384.52148438,-58.19554901
384.71221924,-57.36744690
384.90295410,-60.10030365
385.09368896,-59.76411438
385.28442383,-53.86151123
385.47515869,-54.56752014
385.66589355,-64.49229431
385.85662842,-70.39746094
386.04736328,-58.72944641
386.23809814,-55.15740967
386.42883301,-55.69162369
386.61956787,-56.12411118
386.81030273,-55.39172745
387.00103760,-59.59555054
387.19177246,-59.24141693
387.38250732,-55.66653824
387.57324219,-55.66644669
387.76397705,-68.65100861
387.95471191,-56.45766449
388.14544678,-53.32588196
388.33618164,-55.87621689
388.52691650,-58.46825027
388.71765137,-51.25652695
388.90838623,-52.59542465
389.09912109,-53.91486740
389.28985596,-56.21721268
389.48059082,-70.83598328
389.67132568,-64.65122986
389.86206055,-69.46029663
390.05279541,-68.77845001
390.24353027,-64.06226349
390.43426514,-59.83625793
390.62500000,-59.25260162
390.81573486,-64.96301270
391.00646973,-65.28147888
391.19720459,-75.22666168
391.38793945,-56.50978851
391.57867432,-52.15707779
391.76940918,-53.96353912
391.96014404,-55.24304962
392.15087891,-58.44876862
392.34161377,-57.48084259
392.53234863,-54.59687805
392.72308350,-53.63998795
392.91381836,-58.70217896
393.10455322,-60.55284500
393.29528809,-56.37923431
393.48602295,-56.37738800
393.67675781,-55.48115158
393.86749268,-67.03582001
394.05822754,-56.75263977
394.24896240,-55.58432770
394.43969727,-56.90967560
394.63043213,-63.56153107
394.82116699,-61.48484039
395.01190186,-57.12121964
395.20263672,-58.90374756
395.39337158,-63.61239624
395.58410645,-73.12257385
395.77484131,-65.82741547
395.96557617,-59.57317352
396.15631104,-56.23781204
396.34704590,-53.55283356
396.53778076,-57.92805481
396.72851562,-62.98952103
396.91925049,-53.75169373
397.10998535,-51.15168762
397.30072021,-51.60332489
397.49145508,-55.40754318
397.68218994,-58.16316605
397.87292480,-69.43510437
398.06365967,-66.76250458
398.25439453,-64.14450836
398.44512939,-63.12315369
398.63586426,-65.18140411
398.82659912,-65.81864929
399.01733398,-68.84259796
399.20806885,-57.49975204
399.39880371,-59.75477219
399.58953857,-61.64640808
399.78027344,-65.17906189
399.97100830,-64.92707825
400.16174316,-54.13637161
400.35247803,-54.18889618
400.54321289,-52.53662491
400.73394775,-51.22991180
400.92468262,-54.19164276
401.11541748,-61.56866074
401.30615234,-68.06295776
401.49688721,-70.65453339
401.68762207,-60.23168945
401.87835693,-74.12434387
402.06909180,-54.57895660
402.25982666,-52.33473969
402.45056152,-54.13240814
402.64129639,-55.37447357
402.83203125,-53.77060318
403.02276611,-53.43882751
403.21350098,-57.56391144
403.40423584,-69.61310577
403.59497070,-65.37735748
403.78570557,-70.82202911
403.97644043,-60.27634048
404.16717529,-52.40633392
404.35791016,-53.66249084
404.54864502,-59.68104935
404.73937988,-63.47063065
404.93011475,-63.14718246
405.12084961,-66.61798859
405.31158447,-61.99682236
405.50231934,-55.24612427
405.69305420,-53.61189270
405.88378906,-56.17944336
406.07452393,-62.18292999
406.26525879,-58.32611465
406.45599365,-60.35030746
406.64672852,-75.16564178
406.83746338,-55.17037964
407.02819824,-50.83544922
407.21893311,-51.98965454
407.40966797,-59.16470337
407.60040283,-57.28625870
407.79113770,-69.69364929
407.98187256,-63.06079865
408.17260742,-64.64694214
408.36334229,-65.16857147
408.55407715,-63.49837494
408.74481201,-61.56171799
408.93554688,-66.76196289
409.12628174,-63.19528961
409.31701660,-60.75153351
409.50775146,-63.11697388
409.69848633,-58.79181290
409.88922119,-53.54969406
410.07995605,-54.81681061
410.27069092,-58.11812973
410.46142578,-66.42314911
410.65216064,-58.84218597
410.84289551,-59.40366364
411.03363037,-56.86702347
411.22436523,-58.93702698
411.41510010,-65.92583466
411.60583496,-61.07242966
411.79656982,-60.64605713
411.98730469,-59.18108368
412.17803955,-66.55553436
412.36877441,-57.09331131
412.55950928,-59.06667709
412.75024414,-56.30533600
412.94097900,-52.06665421
413.13171387,-50.00923538
413.32244873,-50.66901779
413.51318359,-53.57365417
413.70391846,-63.57120132
413.89465332,-53.60629654
414.08538818,-51.19972610
414.27612305,-54.06422424
414.46685791,-58.28468323
414.65759277,-67.84275818
414.84832764,-78.28448486
415.03906250,-58.30349731
415.22979736,-54.58515930
415.42053223,-56.43846893
415.61126709,-53.30095673
415.80200195,-51.16743088
415.99273682,-54.08072662
416.18347168,-65.58451843
416.37420654,-63.00651550
416.56494141,-58.79370880
416.75567627,-59.21192551
416.94641113,-52.47237778
417.13714600,-53.34022141
417.32788086,-61.06277466
417.51861572,-62.51655197
417.70935059,-56.85013580
417.90008545,-55.22008514
418.09082031,-54.86953735
418.28155518,-54.76543427
418.47229004,-55.86528015
418.66302490,-57.29179382
418.85375977,-58.33009338
419.04449463,-60.29432678
419.23522949,-60.05445099
419.42596436,-61.97753143
419.61669922,-54.52106094
419.80743408,-52.34266281
419.99816895,-53.50139999
420.18890381,-53.17871857
420.37963867,-53.89003372
420.57037354,-55.53710175
420.76110840,-54.08165359
420.95184326,-57.62463379
421.14257812,-65.77388000
421.33331299,-69.44673157
421.52404785,-71.46826172
421.71478271,-61.27117538
421.90551758,-57.71991730
422.09625244,-53.99474335
422.28698730,-51.65603638
422.47772217,-54.22153473
422.66845703,-57.57564163
422.85919189,-53.04521561
423.04992676,-50.52093887
423.24066162,-49.98111725
423.43139648,-50.30313492
423.62213135,-52.48291016
423.81286621,-55.93170547
424.00360107,-66.26081085
424.19433594,-63.39132309
424.38507080,-61.35942078
424.57580566,-56.78771591
424.76654053,-54.91270065
424.95727539,-54.75869751
425.14801025,-53.83825302
425.33874512,-55.38879776
425.52947998,-56.39546967
425.72021484,-52.50734329
425.91094971,-54.91830444
426.10168457,-56.85454941
426.29241943,-58.59474945
426.48315430,-64.71418762
426.67388916,-62.95001602
426.86462402,-60.13809967
427.05535889,-64.93062592
427.24609375,-69.73403168
427.43682861,-62.03419495
427.62756348,-58.87052155
427.81829834,-56.60911179
428.00903320,-56.00470734
428.19976807,-57.49737549
428.39050293,-62.31730652
428.58123779,-68.24288177
428.77197266,-57.95041656
428.96270752,-59.48088074
429.15344238,-60.62121582
429.34417725,-56.75192261
429.53491211,-52.41467285
429.72564697,-50.16857910
429.91638184,-52.29891968
430.10711670,-59.27957153
430.29785156,-59.92188263
430.48858643,-57.36265564
430.67932129,-58.26045990
430.87005615,-58.62300110
431.06079102,-56.02386475
431.25152588,-54.92110825
431.44226074,-55.20736313
431.63299561,-60.37492371
431.82373047,-67.03812408
432.01446533,-65.39057922
432.20520020,-65.99201965
432.39593506,-56.61434937
432.58666992,-56.61236191
432.77740479,-55.33933640
432.96813965,-55.27231598
433.15887451,-59.42739105
433.34960938,-55.94816208
433.54034424,-65.40287781
433.73107910,-59.65066910
433.92181396,-56.28196335
434.11254883,-55.49090958
434.30328369,-54.85409164
434.49401855,-63.71147919
434.68475342,-54.29284668
434.87548828,-56.34194946
435.06622314,-65.87184143
435.25695801,-56.85547256
435.44769287,-52.78382111
435.63842773,-51.62759399
435.82916260,-51.61016464
436.01989746,-55.31842804
436.21063232,-55.82460022
436.40136719,-53.06809235
436.59210205,-52.80487061
436.78283691,-53.54465485
436.97357178,-57.85694122
437.16430664,-57.36643219
437.35504150,-60.15603638
437.54577637,-60.59471130
437.73651123,-54.76968765
437.92724609,-57.98322296
438.11798096,-55.86169434
438.30871582,-58.63994598
438.49945068,-68.65725708
438.69018555,-62.98514557
438.88092041,-55.75032043
439.07165527,-56.30397415
439.26239014,-60.73772430
439.45312500,-53.59292603
439.64385986,-53.93148804
439.83459473,-58.63832855
440.02532959,-59.31117249
440.21606445,-58.49412918
440.40679932,-59.67432404
440.59753418,-59.71884155
440.78826904,-62.31984711
440.97900391,-59.83552933
441.16973877,-54.97028732
441.36047363,-55.00673294
441.55120850,-55.47665024
441.74194336,-59.17955399
441.93267822,-57.11111069
442.12341309,-59.14706421
442.31414795,-54.82431793
442.50488281,-55.65111160
442.69561768,-57.31153870
442.88635254,-56.25946808
443.07708740,-52.65853119
443.26782227,-53.02483368
443.45855713,-57.16152954
443.64929199,-61.54473877
443.84002686,-63.92180634
444.03076172,-54.99353027
444.22149658,-54.92073059
444.41223145,-61.53689575
444.60296631,-87.33439636
444.79370117,-60.91420746
444.98443604,-60.79829407
445.17517090,-64.64304352
445.36590576,-57.50494003
445.55664062,-57.68423080
445.74737549,-59.24633408
445.93811035,-64.78740692
446.12884521,-59.25717163
446.31958008,-59.80454254
446.51031494,-52.58653259
446.70104980,-52.80177689
446.89178467,-57.07655334
447.08251953,-60.83654785
447.27325439,-70.26151276
447.46398926,-65.93300629
447.65472412,-59.94960785
447.84545898,-65.70200348
448.03619385,-60.06166840
448.22692871,-55.25786591
448.41766357,-57.98297882
448.60839844,-62.74098969
448.79913330,-63.89909363
448.98986816,-65.39049530
449.18060303,-84.83082581
449.37133789,-55.60602188
449.56207275,-51.04309845
449.75280762,-52.99285126
449.94354248,-55.59493256
450.13427734,-57.32877350
450.32501221,-61.76870728
450.51574707,-58.50682068
450.70648193,-54.05260086
450.89721680,-50.77563477
451.08795166,-54.01287079
451.27868652,-66.66179657
451.46942139,-62.12354279
451.66015625,-68.80789185
451.85089111,-64.19298553
452.04162598,-62.44131088
452.23236084,-62.57701874
452.42309570,-55.83631134
452.61383057,-57.21870041
452.80456543,-55.98231888
452.99530029,-53.89533615
453.18603516,-59.03649902
453.37677002,-63.81515121
453.56750488,-61.42726898
453.75823975,-64.07183075
453.94897461,-58.25148010
454.13970947,-64.91244507
454.33044434,-62.62924957
454.52117920,-55.64113998
454.71191406,-52.22311401
454.90264893,-52.24046707
455.09338379,-53.82247543
455.28411865,-58.73220062
455.47485352,-57.99076462
455.66558838,-63.05334473
455.85632324,-53.42700577
456.04705811,-53.13201523
456.23779297,-53.30352020
456.42852783,-54.75296402
456.61926270,-60.39226913
456.80999756,-65.96724701
457.00073242,-61.39996338
457.19146729,-62.41516495
457.38220215,-54.54163361
457.57293701,-60.86794281
457.76367188,-66.20078278
457.95440674,-61.66622543
458.14514160,-61.98588943
458.33587646,-61.36284637
458.52661133,-56.52322388
458.71734619,-53.68925095
458.90808105,-57.12800598
459.09881592,-61.95797729
459.28955078,-55.36979294
459.48028564,-55.53017426
459.67102051,-61.76610947
459.86175537,-60.16379929
460.05249023,-64.01850128
460.24322510,-58.60712051
460.43395996,-58.85725021
460.62469482,-59.44530106
460.81542969,-53.57555389
461.00616455,-51.95111084
461.19689941,-54.20234299
461.38763428,-59.74941635
461.57836914,-59.52077866
461.76910400,-57.80273056
461.95983887,-56.52179718
462.15057373,-59.36582947
462.34130859,-55.77307892
462.53204346,-56.14210129
462.72277832,-56.63074875
462.91351318,-54.22071838
463.10424805,-58.56767654
463.29498291,-80.57277679
463.48571777,-64.29251099
463.67645264,-60.95281219
463.86718750,-60.24043274
464.05792236,-55.54319000
464.24865723,-59.23517609
464.43939209,-64.94310760
464.63012695,-64.74874878
464.82086182,-67.23686218
465.01159668,-61.69828796
465.20233154,-53.91561127
465.39306641,-56.97699738
465.58380127,-62.27378082
465.77453613,-52.20942688
465.96527100,-50.22247314
466.15600586,-53.70478821
466.34674072,-61.20211792
466.53747559,-75.40928650
466.72821045,-63.13883209
466.91894531,-66.61283875
467.10968018,-77.95599365
467.30041504,-57.77405548
467.49114990,-55.42531967
467.68188477,-65.06539917
467.87261963,-76.26173401
468.06335449,-70.90209198
468.25408936,-58.99158478
468.44482422,-57.30731201
468.63555908,-61.18518066
468.82629395,-68.68096161
469.01702881,-63.12404633
469.20776367,-54.63228607
469.39849854,-53.00919342
469.58923340,-57.53166580
469.77996826,-67.15599060
469.97070312,-57.36882019
470.16143799,-58.19320679
470.35217285,-70.59307098
470.54290771,-68.08090973
470.73364258,-60.18962860
470.92437744,-60.45960236
471.11511230,-63.07449722
471.30584717,-58.87694550
471.49658203,-57.36631012
471.68731689,-56.39490128
471.87805176,-59.74586487
472.06878662,-61.55665970
472.25952148,-56.22817612
472.45025635,-54.18464661
472.64099121,-53.17568970
472.83172607,-52.98954773
473.02246094,-54.66505051
473.21319580,-65.69591522
473.40393066,-57.84450150
473.59466553,-56.73290634
473.78540039,-66.64983368
473.97613525,-64.73504639
474.16687012,-57.22817230
474.35760498,-55.29579163
474.54833984,-63.81420517
474.73907471,-51.28883743
474.92980957,-50.06148529
475.12054443,-53.57187271
475.31127930,-57.44564438
475.50201416,-57.56190491
475.69274902,-54.36197662
475.88348389,-53.60577393
476.07421875,-55.07768631
476.26495361,-60.42539978
476.45568848,-63.65964508
476.64642334,-53.89926910
476.83715820,-56.71414185
477.02789307,-55.26286316
477.21862793,-53.36414337
477.40936279,-56.46707153
477.60009766,-59.08455658
477.79083252,-58.71738052
477.98156738,-61.17254257
478.17230225,-56.14000702
478.36303711,-60.19936371
478.55377197,-53.30901337
478.74450684,-54.73056412
478.93524170,-57.22191620
479.12597656,-54.01011658
479.31671143,-54.87934113
479.50744629,-57.60683060
479.69818115,-59.02527618
479.88891602,-58.08670044
480.07965088,-62.22541809
480.27038574,-60.11438751
480.46112061,-50.73193359
480.65185547,-49.35074615
480.84259033,-51.12766266
481.03332520,-54.78400803
481.22406006,-63.57342148
481.41479492,-52.94400024
481.60552979,-49.00360870
481.79626465,-48.44233704
481.98699951,-51.94286728
482.17773438,-58.21418381
482.36846924,-61.58663940
482.55920410,-63.73722839
482.74993896,-60.50863647
482.94067383,-54.84886551
483.13140869,-60.92031479
483.32214355,-60.98047638
483.51287842,-63.35002136
483.70361328,-52.39862442
483.89434814,-50.22100449
484.08508301,-52.28890991
484.27581787,-60.49099731
484.46655273,-71.77442169
484.65728760,-66.17257690
484.84802246,-56.50750732
485.03875732,-54.15311432
485.22949219,-58.58065796
485.42022705,-74.26531219
485.61096191,-60.46833038
485.80169678,-53.13777542
485.99243164,-53.52113724
486.18316650,-59.43553162
486.37390137,-56.38237762
486.56463623,-53.51557922
486.75537109,-51.24320984
486.94610596,-51.78149414
487.13684082,-57.22078705
487.32757568,-67.81256866
487.51831055,-63.43998718
487.70904541,-53.15129089
487.89978027,-50.66659927
488.09051514,-54.36783600
488.28125000,-64.10801697
488.47198486,-53.19923019
488.66271973,-55.54211044
488.85345459,-62.64276123
489.04418945,-60.52647018
489.23492432,-56.79847336
489.42565918,-58.35270309
489.61639404,-58.42678452
489.80712891,-57.30165100
489.99786377,-60.94330215
490.18859863,-59.73715210
490.37933350,-71.30915833
490.57006836,-62.62965393
490.76080322,-61.94722748
490.95153809,-62.72669983
491.14227295,-76.78225708
491.33300781,-57.44805908
491.52374268,-56.83497620
491.71447754,-59.96025848
491.90521240,-61.10784912
492.09594727,-57.39691925
492.28668213,-54.66303253
492.47741699,-59.82744598
492.66815186,-62.74749374
492.85888672,-60.17508698
493.04962158,-58.06618118
493.24035645,-61.66649628
493.43109131,-62.15871429
493.62182617,-57.69998932
493.81256104,-59.77429199
494.00329590,-71.52579498
494.19403076,-58.12393188
494.38476562,-52.12963104
494.57550049,-51.43098450
494.76623535,-54.02853012
494.95697021,-56.16478729
495.14770508,-56.85314560
495.33843994,-57.74448776
495.52917480,-53.45898056
495.71990967,-53.71745300
495.91064453,-58.43254471
496.10137939,-61.60201263
496.29211426,-52.13776016
496.48284912,-48.80007935
496.67358398,-50.47362900
496.86431885,-51.80053329
497.05505371,-54.60707092
497.24578857,-65.05162811
497.43652344,-59.90386963
497.62725830,-64.84545135
497.81799316,-59.83982849
498.00872803,-58.45154190
498.19946289,-63.52944946
498.39019775,-67.66472626
498.58093262,-54.93294525
498.77166748,-57.56052399
498.96240234,-72.91636658
499.15313721,-62.64547348
499.34387207,-60.51863861
499.53460693,-53.75326157
499.72534180,-49.84611511
499.91607666,-51.99624634
500.10681152,-89.82562256
500.29754639,-55.88094711
500.48828125,-54.42006683
500.67901611,-53.88490295
500.86975098,-51.46423721
501.06048584,-50.69513702
501.25122070,-53.24613190
501.44195557,-56.23533630
501.63269043,-61.95723724
501.82342529,-62.68746948
502.01416016,-58.41005325
502.20489502,-55.70465851
502.39562988,-54.46632004
502.58636475,-53.93115997
502.77709961,-53.56048965
502.96783447,-56.00803375
503.15856934,-57.38381958
503.34930420,-60.19508743
503.54003906,-67.60626984
503.73077393,-62.58264160
503.92150879,-58.29852295
504.11224365,-61.39781570
504.30297852,-63.53969193
504.49371338,-61.46353149
504.68444824,-64.27994537
504.87518311,-65.67279816
505.06591797,-62.85831070
505.25665283,-56.95992279
505.44738770,-57.30622101
505.63812256,-59.39363480
505.82885742,-61.75695801
506.01959229,-61.01421356
506.21032715,-56.36977768
506.40106201,-56.23874283
506.59179688,-62.33045578
506.78253174,-65.03710938
506.97326660,-87.13145447
507.16400146,-62.90900421
507.35473633,-61.57725525
507.54547119,-54.95170593
507.73620605,-58.83805847
507.92694092,-71.05124664
508.11767578,-62.28575134
508.30841064,-63.65839005
508.49914551,-59.03910065
508.68988037,-57.36899948
508.88061523,-61.21335983
509.07135010,-60.25207138
509.26208496,-55.05843735
509.45281982,-54.81073380
509.64355469,-57.68078232
509.83428955,-59.68401337
510.02502441,-57.79722595
510.21575928,-54.68914795
510.40649414,-57.00588226
510.59722900,-60.75671387
510.78796387,-55.16539001
510.97869873,-54.90628815
511.16943359,-56.03720856
511.36016846,-56.39846802
511.55090332,-62.32913208
511.74163818,-65.03184509
511.93237305,-78.46777344
512.12310791,-58.15999985
512.31384277,-55.77082825
512.50457764,-59.50000000
512.69531250,-62.04377747
512.88604736,-68.59291840
513.07678223,-57.46121979
513.26751709,-55.18820953
513.45825195,-53.05410385
513.64898682,-51.22227097
513.83972168,-54.50181580
514.03045654,-77.17787933
514.22119141,-60.79189682
514.41192627,-58.90024567
514.60266113,-52.47094727
514.79339600,-50.03125763
514.98413086,-52.01702118
515.17486572,-59.56707382
515.36560059,-63.44302368
515.55633545,-73.53217316
515.74707031,-56.61213684
515.93780518,-53.84125519
516.12854004,-56.88976669
516.31927490,-57.42468262
516.51000977,-55.41366196
516.70074463,-56.01177216
516.89147949,-58.46017456
517.08221436,-61.10440826
517.27294922,-58.42140961
517.46368408,-54.40315628
517.65441895,-53.43058777
517.84515381,-56.10394287
518.03588867,-64.36782837
518.22662354,-52.91709518
518.41735840,-52.64077759
518.60809326,-58.92238235
518.79882812,-57.70359802
518.98956299,-51.15209198
519.18029785,-53.01985931
519.37103271,-55.97140884
519.56176758,-53.14001465
519.75250244,-54.50608826
519.94323730,-65.15031433
520.13397217,-56.81251907
520.32470703,-62.35220337
520.51544189,-58.94727707
520.70617676,-58.66224289
520.89691162,-59.27787018
521.08764648,-56.33638382
521.27838135,-53.68338013
521.46911621,-56.34672165
521.65985107,-63.34501266
521.85058594,-53.88175201
522.04132080,-56.18421555
522.23205566,-58.26530838
522.42279053,-52.66616440
522.61352539,-52.37430573
522.80426025,-58.80164337
522.99499512,-57.71456909
523.18572998,-51.69575119
523.37646484,-51.64091110
523.56719971,-55.14270020
523.75793457,-56.89931870
523.94866943,-57.29898071
524.13940430,-55.08803558
524.33013916,-55.61294174
524.52087402,-56.22537613
524.71160889,-54.14486313
524.90234375,-55.46909714
525.09307861,-67.03862000
525.28381348,-56.04949188
525.47454834,-53.33144379
525.66528320,-56.30697250
525.85601807,-63.43849945
526.04675293,-62.92616272
526.23748779,-59.22527313
526.42822266,-52.14806366
526.61895752,-52.16247559
526.80969238,-59.85443115
527.00042725,-60.84123993
527.19116211,-56.87324524
527.38189697,-57.11348724
527.57263184,-60.06265640
527.76336670,-64.82842255
527.95410156,-61.46894836
528.14483643,-59.59038544
528.33557129,-61.18965912
528.52630615,-54.05801773
528.71704102,-61.55904388
528.90777588,-61.34970093
529.09851074,-60.97612000
529.28924561,-62.46579742
529.47998047,-65.49023438
529.67071533,-61.16220474
529.86145020,-63.16063309
530.05218506,-57.47927856
530.24291992,-62.29233170
530.43365479,-67.25579834
530.62438965,-65.03385925
530.81512451,-62.16801453
531.00585938,-56.47761917
531.19659424,-53.70150757
531.38732910,-55.78041458
531.57806396,-66.43510437
531.76879883,-62.59727478
531.95953369,-57.31398010
532.15026855,-51.93284988
532.34100342,-48.69489288
532.53173828,-49.09250641
532.72247314,-52.90055847
532.91320801,-57.96084595
533.10394287,-53.91096115
533.29467773,-50.32602692
533.48541260,-47.90843582
533.67614746,-50.08305359
533.86688232,-63.26759338
534.05761719,-59.42898178
534.24835205,-64.23659515
534.43908691,-59.92733765
534.62982178,-52.54949951
534.82055664,-51.72341919
535.01129150,-56.70335770
535.20202637,-75.21237946
535.39276123,-59.60680008
535.58349609,-55.46131134
535.77423096,-62.94767380
535.96496582,-59.10083771
536.15570068,-62.46096039
536.34643555,-61.26697540
536.53717041,-57.12166214
536.72790527,-55.31993484
536.91864014,-60.22484207
537.10937500,-66.83332825
537.30010986,-54.62541962
537.49084473,-50.31196976
537.68157959,-54.44154739
537.87231445,-57.11635971
538.06304932,-59.25672913
538.25378418,-65.29875183
538.44451904,-69.98806000
538.63525391,-61.84856796
538.82598877,-55.71946716
539.01672363,-53.71053696
539.20745850,-58.18130493
539.39819336,-66.25968933
539.58892822,-57.89350510
539.77966309,-61.41365051
539.97039795,-68.16031647
540.16113281,-66.08479309
540.35186768,-69.52024841
540.54260254,-58.36883163
540.73333740,-51.36613464
540.92407227,-51.76697159
541.11480713,-56.14036179
541.30554199,-58.27016830
541.49627686,-58.47795105
541.68701172,-58.93890762
541.87774658,-54.05053711
542.06848145,-54.12605286
542.25921631,-77.54976654
542.44995117,-60.38438797
542.64068604,-59.64326477
542.83142090,-57.33032608
543.02215576,-55.32503510
543.21289062,-54.01039505
543.40362549,-50.05365372
543.59436035,-50.40744019
543.78509521,-54.75375366
543.97583008,-58.26443100
544.16656494,-57.02908325
544.35729980,-58.23188019
544.54803467,-75.47425842
544.73876953,-58.09850311
544.92950439,-56.49156952
545.12023926,-56.05186081
545.31097412,-62.47602463
545.50170898,-64.71661377
545.69244385,-64.70915985
545.88317871,-59.66933441
546.07391357,-58.15692520
546.26464844,-61.55079651
546.45538330,-65.60458374
546.64611816,-61.18267441
546.83685303,-62.40927124
547.02758789,-59.95435715
547.21832275,-70.88275146
547.40905762,-55.82165146
547.59979248,-52.65418625
547.79052734,-55.86908722
547.98126221,-57.28550339
548.17199707,-54.46532440
548.36273193,-56.59225845
548.55346680,-61.68321609
548.74420166,-70.73061371
548.93493652,-55.58139038
549.12567139,-50.65614700
549.31640625,-52.75617981
549.50714111,-54.81713867
549.69787598,-57.50478363
549.88861084,-67.19355774
550.07934570,-56.27638245
550.27008057,-54.21316528
550.46081543,-53.98077393
550.65155029,-58.29222870
550.84228516,-55.46415710
551.03302002,-54.51373672
551.22375488,-60.25976181
551.41448975,-62.50233078
551.60522461,-58.93730545
551.79595947,-52.87204742
551.98669434,-50.91082764
552.17742920,-59.37667084
552.36816406,-65.08874512
552.55889893,-71.54517365
552.74963379,-70.59864807
552.94036865,-60.12636566
553.13110352,-54.24872589
553.32183838,-59.94767761
553.51257324,-61.20770264
553.70330811,-61.77886963
553.89404297,-57.06053925
554.08477783,-54.42810440
554.27551270,-59.62970352
554.46624756,-64.90039825
554.65698242,-55.12390518
554.84771729,-54.39378357
555.03845215,-56.55882263
555.22918701,-56.28367996
555.41992188,-63.40632629
555.61065674,-59.04575729
555.80139160,-53.08659363
555.99212646,-56.66865921
556.18286133,-56.17284393
556.37359619,-52.18235779
556.56433105,-53.72956085
556.75506592,-56.69471359
556.94580078,-53.70849609
557.13653564,-53.87169266
557.32727051,-57.31090927
557.51800537,-56.49279785
557.70874023,-55.18931961
557.89947510,-52.71831131
558.09020996,-51.00381470
558.28094482,-51.15398407
558.47167969,-54.93630219
558.66241455,-57.91764832
558.85314941,-56.39438629
559.04388428,-58.10564041
559.23461914,-63.72832489
559.42535400,-57.71124268
559.61608887,-55.85962677
559.80682373,-54.67104340
559.99755859,-53.75236511
560.18829346,-57.03283310
560.37902832,-56.78240204
560.56976318,-55.62188721
560.76049805,-56.18790054
560.95123291,-51.91306686
561.14196777,-53.59518433
561.33270264,-60.15660858
561.52343750,-58.76781082
561.71417236,-63.91423035
561.90490723,-58.39766693
562.09564209,-63.35256958
562.28637695,-54.15292740
562.47711182,-56.77457809
562.66784668,-59.20612717
562.85858154,-60.47379303
563.04931641,-59.62654877
563.24005127,-53.87165451
563.43078613,-56.98962402
563.62152100,-55.95661163
563.81225586,-59.37602997
564.00299072,-59.43754578
564.19372559,-54.82601929
564.38446045,-56.76807022
564.57519531,-59.91454315
564.76593018,-50.24791336
564.95666504,-50.74628448
565.14739990,-54.28840637
565.33813477,-62.34010315
565.52886963,-57.73914337
565.71960449,-61.79943848
565.91033936,-55.38413239
566.10107422,-52.54755020
566.29180908,-54.99274445
566.48254395,-55.87659836
566.67327881,-55.42427063
566.86401367,-57.37165070
567.05474854,-59.74563980
567.24548340,-62.13176727
567.43621826,-57.77023697
567.62695312,-55.89295959
567.81768799,-58.36590195
568.00842285,-65.18036652
568.19915771,-64.33836365
568.38989258,-62.11282730
568.58062744,-58.55571365
568.77136230,-55.66765213
568.96209717,-52.28303528
569.15283203,-52.47743225
569.34356689,-59.32967758
569.53430176,-60.88387299
569.72503662,-54.32457733
569.91577148,-55.12418365
570.10650635,-62.53327942
570.29724121,-56.14906311
570.48797607,-54.14337158
570.67871094,-54.69033051
570.86944580,-56.73033905
571.06018066,-51.93232727
571.25091553,-51.60024261
571.44165039,-55.04962540
571.63238525,-52.56451035
571.82312012,-50.41709518
572.01385498,-50.51499939
572.20458984,-52.13735580
572.39532471,-52.74713135
572.58605957,-52.59249878
572.77679443,-51.49949646
572.96752930,-51.80620575
573.15826416,-58.56921768
573.34899902,-72.31671143
573.53973389,-69.89258575
573.73046875,-64.80039978
573.92120361,-64.18254089
574.11193848,-63.60889435
574.30267334,-59.22075653
574.49340820,-67.56696320
574.68414307,-58.16543961
574.87487793,-56.41785431
575.06561279,-58.40201950
575.25634766,-53.56464386
575.44708252,-52.80670166
575.63781738,-57.94765091
575.82855225,-61.96785736
576.01928711,-65.10780334
576.21002197,-59.64030838
576.40075684,-55.35050201
576.59149170,-56.35605621
576.78222656,-54.47529602
576.97296143,-55.87367249
577.16369629,-63.66638947
577.35443115,-63.19202805
577.54516602,-75.91023254
577.73590088,-78.18479156
577.92663574,-59.00683594
578.11737061,-54.70975494
578.30810547,-57.34952545
578.49884033,-62.95881271
578.68957520,-68.55175781
578.88031006,-58.16109467
579.07104492,-55.96027374
579.26177979,-61.37913132
579.45251465,-79.10062408
579.64324951,-67.22502899
579.83398438,-61.74300766
580.02471924,-83.50402069
580.21545410,-58.27072906
580.40618896,-59.65895844
580.59692383,-71.65231323
580.78765869,-63.23348999
580.97839355,-71.13974762
581.16912842,-56.96023941
581.35986328,-55.57201767
581.55059814,-58.59599304
581.74133301,-59.70843506
581.93206787,-51.89434433
582.12280273,-51.06184006
582.31353760,-58.07948303
582.50427246,-59.74319077
582.69500732,-58.01168823
582.88574219,-60.12536621
583.07647705,-57.85735703
583.26721191,-56.36248779
583.45794678,-55.44915771
583.64868164,-55.33092880
583.83941650,-58.11130905
584.03015137,-63.16289520
584.22088623,-58.84122849
584.41162109,-56.13317108
584.60235596,-61.22119522
584.79309082,-59.85136032
584.98382568,-53.96360397
585.17456055,-51.08277893
585.36529541,-53.71478271
585.55603027,-55.80709076
585.74676514,-53.38370895
585.93750000,-57.72825623
586.12823486,-65.24748993
586.31896973,-61.41893005
586.50970459,-56.71415710
586.70043945,-51.08396530
586.89117432,-50.77189636
587.08190918,-56.71389771
587.27264404,-67.92990112
587.46337891,-67.65285492
587.65411377,-58.76963806
587.84484863,-54.83003616
588.03558350,-51.01375580
588.22631836,-50.42775726
588.41705322,-57.44087219
588.60778809,-68.97133636
588.79852295,-64.43457031
588.98925781,-58.80950165
589.17999268,-54.70269012
589.37072754,-54.85612488
589.56146240,-63.73775864
589.75219727,-69.58680725
589.94293213,-77.15282440
590.13366699,-75.26940918
590.32440186,-72.54086304
590.51513672,-70.08596802
590.70587158,-60.20684052
590.89660645,-60.19340897
591.08734131,-66.84360504
591.27807617,-66.86086273
591.46881104,-76.13144684
591.65954590,-59.39907074
591.85028076,-55.16351318
592.04101562,-53.26908493
592.23175049,-52.12211990
592.42248535,-56.11073303
592.61322021,-61.08831406
592.80395508,-51.59782791
592.99468994,-54.80663300
593.18542480,-63.27910614
593.37615967,-56.61017990
593.56689453,-61.03939056
593.75762939,-61.77494812
593.94836426,-59.36279297
594.13909912,-55.69637299
594.32983398,-53.57183456
594.52056885,-56.13196564
594.71130371,-66.74470520
594.90203857,-66.55310059
595.09277344,-76.22093964
595.28350830,-59.09994507
595.47424316,-54.83802414
595.66497803,-53.01393509
595.85571289,-55.95464706
596.04644775,-53.29570770
596.23718262,-51.08502197
596.42791748,-52.17563248
596.61865234,-53.66285706
596.80938721,-55.29582977
597.00012207,-62.95252228
597.19085693,-60.37059402
597.38159180,-55.79158020
597.57232666,-59.19726562
597.76306152,-60.62813568
597.95379639,-61.46698761
598.14453125,-56.30216217
598.33526611,-54.41108704
598.52600098,-56.14021301
598.71673584,-52.28418732
598.90747070,-49.94104767
599.09820557,-53.62673950
599.28894043,-61.98038101
599.47967529,-66.28826904
599.67041016,-64.97107697
599.86114502,-57.85710144
600.05187988,-57.23324203
600.24261475,-66.66014862
600.43334961,-58.02437592
600.62408447,-59.29270172
600.81481934,-67.10404205
601.00555420,-64.75717163
601.19628906,-60.42375565
601.38702393,-58.05735016
601.57775879,-53.70827103
601.76849365,-52.28225708
601.95922852,-55.23875427
602.14996338,-59.47411346
602.34069824,-56.86006927
602.53143311,-52.58106232
602.72216797,-55.07442856
602.91290283,-63.09760284
603.10363770,-58.03714752
603.29437256,-56.11643982
603.48510742,-62.91318512
603.67584229,-54.18756104
603.86657715,-52.97792053
604.05731201,-55.99340820
604.24804688,-57.65306854
604.43878174,-59.96221542
604.62951660,-59.59506989
604.82025146,-65.22442627
605.01098633,-58.81502533
605.20172119,-59.29305267
605.39245605,-57.73720551
605.58319092,-53.38999176
605.77392578,-55.18010712
605.96466064,-56.78260040
606.15539551,-55.15654755
606.34613037,-58.90943527
606.53686523,-63.56169891
606.72760010,-61.30236816
606.91833496,-55.06567383
607.10906982,-52.75068665
607.29980469,-56.83341217
607.49053955,-61.62369156
607.68127441,-58.24375916
607.87200928,-52.15493774
608.06274414,-51.42776489
608.25347900,-59.57647324
608.44421387,-64.12072754
608.63494873,-58.94052887
608.82568359,-53.94951248
609.01641846,-50.21337509
609.20715332,-51.46342468
609.39788818,-58.16986847
609.58862305,-51.91952133
609.77935791,-53.87848663
609.97009277,-62.76732635
610.16082764,-57.42219925
610.35156250,-60.04448318
610.54229736,-54.14976120
610.73303223,-53.45344543
610.92376709,-57.64785767
611.11450195,-62.92178726
611.30523682,-57.61411285
611.49597168,-56.95093155
611.68670654,-61.69027328
611.87744141,-60.54870224
612.06817627,-57.29470062
612.25891113,-51.80822372
612.44964600,-53.73838425
612.64038086,-54.52605438
612.83111572,-56.86423492
613.02185059,-67.07190704
613.21258545,-63.06137848
613.40332031,-58.43833923
613.59405518,-61.85756302
613.78479004,-63.04094696
613.97552490,-56.64947510
614.16625977,-55.44064331
614.35699463,-66.67975616
614.54772949,-55.47365570
614.73846436,-51.92943954
614.92919922,-54.02531433
615.11993408,-60.69203949
615.31066895,-62.82444000
615.50140381,-58.81876373
615.69213867,-74.34111023
615.88287354,-56.45710754
616.07360840,-56.68317795
616.26434326,-62.91389084
616.45507812,-63.77391052
616.64581299,-67.19153595
616.83654785,-58.91384888
617.02728271,-66.39018250
617.21801758,-57.68093872
617.40875244,-53.04333496
617.59948730,-50.97440720
617.79022217,-51.92309570
617.98095703,-57.87248993
618.17169189,-63.48361206
618.36242676,-57.67795944
618.55316162,-55.80101776
618.74389648,-56.52448654
618.93463135,-52.08835220
619.12536621,-55.51645660
619.31610107,-63.20460892
619.50683594,-55.29719543
619.69757080,-53.13066483
619.88830566,-54.65661621
620.07904053,-59.48957062
620.26977539,-56.54448700
620.46051025,-60.75544357
620.65124512,-69.38529205
620.84197998,-63.87078857
621.03271484,-66.75258636
621.22344971,-66.33280182
621.41418457,-65.42016602
621.60491943,-66.07319641
621.79565430,-68.84632874
621.98638916,-60.42023087
622.17712402,-59.53195953
622.36785889,-59.16046143
622.55859375,-61.73475266
622.74932861,-62.12416077
622.94006348,-55.57905579
623.13079834,-51.88545609
623.32153320,-52.65248871
623.51226807,-53.51411819
623.70300293,-51.46524048
623.89373779,-51.26747894
624.08447266,-51.46659088
624.27520752,-51.90634155
624.46594238,-56.09241867
624.65667725,-59.05459976
624.84741211,-58.87701035
625.03814697,-58.61473846
625.22888184,-72.14875793
625.41961670,-57.63112640
625.61035156,-61.18891144
625.80108643,-58.65987778
625.99182129,-55.24863434
626.18255615,-55.04394913
626.37329102,-53.59500885
626.56402588,-61.52155304
626.75476074,-55.09135437
626.94549561,-54.27191925
627.13623047,-55.77737427
627.32696533,-54.66017151
627.51770020,-56.20225906
627.70843506,-56.45664215
627.89916992,-61.83280945
628.08990479,-63.74736786
628.28063965,-56.23103333
628.47137451,-54.35935211
628.66210938,-55.95470810
628.85284424,-56.14994812
629.04357910,-62.79677582
629.23431396,-58.76132965
629.42504883,-56.98934174
629.61578369,-53.68251801
629.80651855,-51.49975204
629.99725342,-51.93295288
630.18798828,-56.11587906
630.37872314,-57.37709045
630.56945801,-60.43426514
630.76019287,-62.84947205
630.95092773,-54.62992096
631.14166260,-53.17295837
631.33239746,-56.50875473
631.52313232,-60.35425568
631.71386719,-56.69619751
631.90460205,-51.66287994
632.09533691,-50.47592163
632.28607178,-52.41308212
632.47680664,-55.44028473
632.66754150,-55.90726471
632.85827637,-55.85340118
633.04901123,-62.83932114
633.23974609,-56.09888077
633.43048096,-53.92091751
633.62121582,-54.59122467
633.81195068,-55.94207764
634.00268555,-61.21513367
634.19342041,-53.25681305
634.38415527,-54.26086807
634.57489014,-63.34484100
634.76562500,-61.96971512
634.95635986,-59.35402679
635.14709473,-59.33435440
635.33782959,-62.08045959
635.52856445,-55.18321609
635.71929932,-50.36925507
635.91003418,-51.52975464
636.10076904,-56.14329529
636.29150391,-65.55880737
636.48223877,-57.69288635
636.67297363,-53.41062164
636.86370850,-56.19158173
637.05444336,-56.95610046
637.24517822,-57.97178268
637.43591309,-58.41684341
637.62664795,-63.86724854
637.81738281,-70.20631409
638.00811768,-63.18577194
638.19885254,-61.75832367
638.38958740,-55.46279907
638.58032227,-52.51508331
638.77105713,-51.75477982
638.96179199,-51.99621201
639.15252686,-51.56531906
639.34326172,-54.96077728
639.53399658,-66.51010132
639.72473145,-59.10256195
639.91546631,-53.84663010
640.10620117,-51.98561096
640.29693604,-52.91379929
640.48767090,-58.78120422
640.67840576,-61.20744705
640.86914062,-53.99700165
641.05987549,-53.34896469
641.25061035,-54.18188477
641.44134521,-53.91644287
641.63208008,-55.02097702
641.82281494,-61.47166443
642.01354980,-62.81858826
642.20428467,-74.47637939
642.39501953,-59.84864044
642.58575439,-56.63463974
642.77648926,-55.28628540
642.96722412,-63.19247437
643.15795898,-62.51661682
643.34869385,-59.72171021
643.53942871,-55.72482681
643.73016357,-52.96172714
643.92089844,-56.41853714
644.11163330,-69.78987122
644.30236816,-73.83971405
644.49310303,-60.06565094
644.68383789,-57.60551453
644.87457275,-56.76111603
645.06530762,-59.08191299
645.25604248,-58.31557465
645.44677734,-54.12183380
645.63751221,-53.17370605
645.82824707,-57.83618927
646.01898193,-57.49794006
646.20971680,-52.26489639
646.40045166,-56.58920670
646.59118652,-61.06010056
646.78192139,-53.93739700
646.97265625,-57.02196503
647.16339111,-60.41181946
647.35412598,-59.84235382
647.54486084,-64.91816711
647.73559570,-59.35181046
647.92633057,-57.73117065
648.11706543,-54.03803253
648.30780029,-54.00468445
648.49853516,-63.91992950
648.68927002,-64.26541901
648.88000488,-56.93057251
649.07073975,-52.87868118
649.26147461,-55.33048630
649.45220947,-63.74595261
649.64294434,-65.15240479
649.83367920,-57.44151306
650.02441406,-51.68044281
650.21514893,-50.63461304
650.40588379,-56.79945374
650.59661865,-65.84564972
650.78735352,-57.40547180
650.97808838,-58.13177490
651.16882324,-56.03187561
651.35955811,-54.53060913
651.55029297,-56.00218964
651.74102783,-58.10219574
651.93176270,-59.77607346
652.12249756,-55.66587830
652.31323242,-52.81318665
652.50396729,-55.29174423
652.69470215,-57.05141449
652.88543701,-57.01114273
653.07617188,-54.93828583
653.26690674,-52.29389191
653.45764160,-58.21287155
653.64837646,-59.12282562
653.83911133,-57.37159729
654.02984619,-67.65168762
654.22058105,-54.51080322
654.41131592,-55.63979340
654.60205078,-65.02434540
654.79278564,-62.20397949
654.98352051,-58.46172333
655.17425537,-57.39623260
655.36499023,-57.00585938
655.55572510,-54.09900284
655.74645996,-63.67432022
655.93719482,-58.76609039
656.12792969,-54.90362167
656.31866455,-53.06547165
656.50939941,-53.84819031
656.70013428,-53.51693726
656.89086914,-54.75948334
657.08160400,-53.83524323
657.27233887,-55.99714661
657.46307373,-59.12351608
657.65380859,-63.62559891
657.84454346,-58.82737732
658.03527832,-64.79700470
658.22601318,-58.07043457
658.41674805,-61.26831055
658.60748291,-64.90821838
658.79821777,-62.83684540
658.98895264,-54.68298340
659.17968750,-49.97329330
659.37042236,-51.46444702
659.56115723,-59.76152802
659.75189209,-60.79376602
659.94262695,-61.95778656
660.13336182,-55.41826248
660.32409668,-59.50647736
660.51483154,-60.85076141
660.70556641,-58.23246002
660.89630127,-60.51982880
661.08703613,-57.41342163
661.27777100,-55.33242798
661.46850586,-53.28475571
661.65924072,-54.35029602
661.84997559,-61.95752716
662.04071045,-60.08028030
662.23144531,-55.43250275
662.42218018,-55.62641525
662.61291504,-54.42741776
662.80364990,-58.39855957
662.99438477,-57.77938843
663.18511963,-54.83418274
663.37585449,-53.51419449
663.56658936,-54.46690369
663.75732422,-60.27770996
663.94805908,-61.58906555
664.13879395,-59.68193817
664.32952881,-57.57307053
664.52026367,-54.90854645
664.71099854,-60.06980515
664.90173340,-63.60420609
665.09246826,-61.35368347
665.28320312,-61.23072815
665.47393799,-60.03701019
665.66467285,-60.12077332
665.85540771,-58.95048141
666.04614258,-51.21263504
666.23687744,-48.24041367
666.42761230,-48.17942047
666.61834717,-50.61775970
666.80908203,-54.67798615
666.99981689,-55.77836609
667.19055176,-61.76591873
667.38128662,-60.21673584
667.57202148,-59.30151367
667.76275635,-57.53309631
667.95349121,-54.12391663
668.14422607,-51.94075012
668.33496094,-51.38149261
668.52569580,-53.53198624
668.71643066,-54.53549957
668.90716553,-60.84034729
669.09790039,-60.48649216
669.28863525,-55.16455078
669.47937012,-54.26047897
669.67010498,-56.77091217
669.86083984,-58.79869843
670.05157471,-57.70758057
670.24230957,-53.90657425
670.43304443,-57.27036285
670.62377930,-61.47119904
670.81451416,-55.04621506
671.00524902,-54.72951889
671.19598389,-62.41053772
671.38671875,-66.32929993
671.57745361,-59.51889801
671.76818848,-57.63817596
671.95892334,-61.95747375
672.14965820,-58.90186310
672.34039307,-61.41307831
672.53112793,-61.90414429
672.72186279,-57.14778900
672.91259766,-58.27993011
673.10333252,-69.94696808
673.29406738,-56.47453690
673.48480225,-55.17008972
673.67553711,-59.69995117
673.86627197,-65.47908783
674.05700684,-54.61166000
674.24774170,-52.36427689
674.43847656,-58.21037674
674.62921143,-67.96263123
674.81994629,-61.65333557
675.01068115,-62.98553467
675.20141602,-65.71478271
675.39215088,-54.48078918
675.58288574,-52.04494476
675.77362061,-55.60865021
675.96435547,-61.34194183
676.15509033,-55.83794403
676.34582520,-57.38558197
676.53656006,-64.40513611
676.72729492,-55.27673340
676.91802979,-55.47958374
677.10876465,-53.74976730
677.29949951,-54.10375977
677.49023438,-60.58143616
677.68096924,-58.50910187
677.87170410,-58.94602203
678.06243896,-62.58133316
678.25317383,-56.96446228
678.44390869,-53.57814026
678.63464355,-51.33782196
678.82537842,-55.36523438
679.01611328,-60.17856598
679.20684814,-55.46385193
679.39758301,-62.98156357
679.58831787,-54.44594574
679.77905273,-49.89914703
679.96978760,-52.98601532
680.16052246,-61.77854919
680.35125732,-53.98904800
680.54199219,-59.47902679
680.73272705,-68.62776947
680.92346191,-55.18266296
681.11419678,-59.49879074
681.30493164,-55.70417404
681.49566650,-59.80487442
681.68640137,-62.31080627
681.87713623,-65.09516907
682.06787109,-56.13615417
682.25860596,-54.43004608
682.44934082,-54.97595215
682.64007568,-54.98007202
682.83081055,-53.18350983
683.02154541,-52.15162277
683.21228027,-53.69477081
683.40301514,-60.58196640
683.59375000,-60.29003906
683.78448486,-53.80681610
683.97521973,-59.98001862
684.16595459,-58.48717499
684.35668945,-55.46182251
684.54742432,-57.59886932
684.73815918,-59.21467209
684.92889404,-72.53703308
685.11962891,-59.25668716
685.31036377,-59.06537628
685.50109863,-62.41134262
685.69183350,-51.55740738
685.88256836,-52.29346848
686.07330322,-59.09429550
686.26403809,-64.36154175
686.45477295,-59.00621033
686.64550781,-57.33032227
686.83624268,-54.95998383
687.02697754,-57.04279327
687.21771240,-53.43938828
687.40844727,-55.22428894
687.59918213,-57.41215134
687.78991699,-50.64990616
687.98065186,-48.56090164
688.17138672,-50.63974380
688.36212158,-57.32135773
688.55285645,-65.52646637
688.74359131,-61.28747559
688.93432617,-62.88917542
689.12506104,-68.81375122
689.31579590,-63.98991394
689.50653076,-63.03425598
689.69726562,-55.70529938
689.88800049,-52.76049805
690.07873535,-54.98992538
690.26947021,-54.14434433
690.46020508,-55.94966507
690.65093994,-58.93583298
690.84167480,-62.47270584
691.03240967,-63.77451324
691.22314453,-55.94744873
691.41387939,-52.38417816
691.60461426,-54.30906677
691.79534912,-64.14130402
691.98608398,-66.33445740
692.17681885,-59.77867126
692.36755371,-61.26715851
692.55828857,-62.36916351
692.74902344,-68.05485535
692.93975830,-84.73472595
693.13049316,-65.20388794
693.32122803,-57.61611176
693.51196289,-59.47346115
693.70269775,-58.01052856
693.89343262,-58.34961319
694.08416748,-63.21626282
694.27490234,-61.60294342
694.46563721,-58.93774033
694.65637207,-54.30830383
694.84710693,-56.31540298
695.03784180,-61.43600464
695.22857666,-60.87089157
695.41931152,-54.71895599
695.61004639,-53.11511612
695.80078125,-58.46014023
695.99151611,-57.72573090
696.18225098,-59.39347076
696.37298584,-62.11162949
696.56372070,-61.23510361
696.75445557,-71.10330963
696.94519043,-74.76808167
697.13592529,-80.14311218
697.32666016,-66.40209198
697.51739502,-60.06721115
697.70812988,-57.97634125
697.89886475,-56.75778961
698.08959961,-54.33252716
698.28033447,-57.69337463
698.47106934,-67.93892670
698.66180420,-61.96668625
698.85253906,-66.55667114
699.04327393,-54.96423340
699.23400879,-52.57521820
699.42474365,-55.34678650
699.61547852,-60.20372009
699.80621338,-63.29273987
699.99694824,-54.30129623
700.18768311,-50.62516022
700.37841797,-51.30990982
700.56915283,-55.01409912
700.75988770,-62.08564377
700.95062256,-65.09571075
701.14135742,-65.84875488
701.33209229,-62.34186172
701.52282715,-54.85007477
701.71356201,-52.84901428
701.90429688,-53.42302704
702.09503174,-53.73617554
702.28576660,-60.35547256
702.47650146,-66.26558685
702.66723633,-56.02174759
702.85797119,-51.93708420
703.04870605,-51.68365479
703.23944092,-54.40409851
703.43017578,-63.04692841
703.62091064,-59.52635956
703.81164551,-60.89113235
704.00238037,-57.82485580
704.19311523,-52.95418549
704.38385010,-49.82969284
704.57458496,-49.11271667
704.76531982,-49.73429108
704.95605469,-51.84537888
705.14678955,-53.74946976
705.33752441,-51.87903595
705.52825928,-51.69621277
705.71899414,-50.79380035
705.90972900,-55.66091537
706.10046387,-58.53700256
706.29119873,-61.60472107
706.48193359,-59.78877258
706.67266846,-56.21552277
706.86340332,-59.37889481
707.05413818,-65.26572418
707.24487305,-59.78301620
707.43560791,-54.18067551
707.62634277,-52.02277756
707.81707764,-56.04229355
708.00781250,-63.23142242
708.19854736,-61.55759811
708.38928223,-59.28813171
708.58001709,-60.63660049
708.77075195,-68.02934265
708.96148682,-62.45628357
709.15222168,-56.62242126
709.34295654,-59.63452911
709.53369141,-62.40608978
709.72442627,-56.54736328
709.91516113,-75.16060638
710.10589600,-54.37837219
710.29663086,-53.10014343
710.48736572,-62.76203918
710.67810059,-57.67368698
710.86883545,-55.40497589
711.05957031,-59.34083557
711.25030518,-67.02731323
711.44104004,-54.48685074
711.63177490,-55.95359802
711.82250977,-56.16802216
712.01324463,-52.88320923
712.20397949,-57.21084595
712.39471436,-62.51806641
712.58544922,-66.35003662
712.77618408,-56.50400543
712.96691895,-55.73691940
713.15765381,-57.28104019
713.34838867,-58.76072693
713.53912354,-62.56687164
713.72985840,-56.14063263
713.92059326,-53.19556808
714.11132812,-57.84588623
714.30206299,-64.16480255
714.49279785,-60.74962234
714.68353271,-59.57698059
714.87426758,-61.88871002
715.06500244,-55.60184860
715.25573730,-56.59785461
715.44647217,-55.14867401
715.63720703,-54.18822479
715.82794189,-55.06380081
716.01867676,-54.83146286
716.20941162,-55.43279266
716.40014648,-59.55910492
716.59088135,-65.70574188
716.78161621,-62.53859711
716.97235107,-71.49652100
717.16308594,-62.22877502
717.35382080,-58.83831406
717.54455566,-57.31325150
717.73529053,-50.10696030
717.92602539,-48.72520828
718.11676025,-52.85437775
718.30749512,-58.67672729
718.49822998,-58.14862823
718.68896484,-53.42498779
718.87969971,-50.56188965
719.07043457,-49.34119797
719.26116943,-49.08110809
719.45190430,-50.18220901
719.64263916,-53.50474548
719.83337402,-57.75184250
720.02410889,-59.89538193
720.21484375,-60.98085403
720.40557861,-64.08570099
720.59631348,-52.71771240
720.78704834,-49.07707977
720.97778320,-51.55538177
721.16851807,-56.36364365
721.35925293,-64.45407104
721.54998779,-57.67299652
721.74072266,-53.87404633
721.93145752,-55.30286789
722.12219238,-56.44206238
722.31292725,-55.11311340
722.50366211,-54.96828461
722.69439697,-55.13238525
722.88513184,-53.33104706
723.07586670,-53.05010223
723.26660156,-54.53314972
723.45733643,-57.89178848
723.64807129,-56.23829269
723.83880615,-52.33063507
724.02954102,-51.87091446
724.22027588,-52.97445297
724.41101074,-55.95847321
724.60174561,-63.19008636
724.79248047,-57.34324646
724.98321533,-53.49760056
725.17395020,-54.13380051
725.36468506,-56.02216721
725.55541992,-54.99337006
725.74615479,-54.25771332
725.93688965,-58.89327621
726.12762451,-53.43431854
726.31835938,-54.08652496
726.50909424,-61.65789032
726.69982910,-63.00365829
726.89056396,-59.60132980
727.08129883,-56.96920013
727.27203369,-59.03984451
727.46276855,-57.48772430
727.65350342,-61.63721466
727.84423828,-66.37444305
728.03497314,-63.74817657
728.22570801,-61.05451584
728.41644287,-60.76014709
728.60717773,-59.46329117
728.79791260,-57.73121262
728.98864746,-56.30460739
729.17938232,-57.28557587
729.37011719,-62.82666779
729.56085205,-56.19149017
729.75158691,-52.49601364
729.94232178,-56.28294373
730.13305664,-59.04824066
730.32379150,-49.92456436
730.51452637,-48.58625412
730.70526123,-50.70881271
730.89599609,-54.47801208
731.08673096,-59.09915161
731.27746582,-68.35562897
731.46820068,-57.28544617
731.65893555,-54.59144974
731.84967041,-66.13500977
732.04040527,-54.73285294
732.23114014,-54.71597672
732.42187500,-53.90072250
732.61260986,-53.64966583
732.80334473,-56.09383392
732.99407959,-60.16036987
733.18481445,-60.40624619
733.37554932,-53.69171143
733.56628418,-54.88749695
733.75701904,-54.08647537
733.94775391,-51.02715302
734.13848877,-51.84611893
734.32922363,-54.39812469
734.51995850,-53.48141098
734.71069336,-52.09270477
734.90142822,-51.24515152
735.09216309,-53.98857498
735.28289795,-57.26744843
735.47363281,-55.46934128
735.66436768,-55.95825958
735.85510254,-51.40621185
736.04583740,-50.38316727
736.23657227,-53.39046860
736.42730713,-64.62904358
736.61804199,-63.10715103
736.80877686,-61.05367279
736.99951172,-65.06203461
737.19024658,-56.69622040
737.38098145,-52.55039597
737.57171631,-53.67874527
737.76245117,-55.93576431
737.95318604,-55.28450394
738.14392090,-57.96214294
738.33465576,-63.90877533
738.52539062,-56.84462738
738.71612549,-59.21397781
738.90686035,-65.70601654
739.09759521,-61.71115875
739.28833008,-54.76821136
739.47906494,-51.93972778
739.66979980,-51.97336197
739.86053467,-51.57376099
740.05126953,-52.94468307
740.24200439,-57.01358795
740.43273926,-61.43016815
740.62347412,-71.14823151
740.81420898,-60.65872955
741.00494385,-57.81708527
741.19567871,-55.85874176
741.38641357,-57.33101273
741.57714844,-57.41146088
741.76788330,-54.46873474
741.95861816,-53.74700928
742.14935303,-58.18808746
742.34008789,-73.52394104
742.53082275,-67.07471466
742.72155762,-57.13591003
742.91229248,-55.84613419
743.10302734,-56.88426208
743.29376221,-56.32316971
743.48449707,-49.63207245
743.67523193,-48.30028534
743.86596680,-50.52272797
744.05670166,-54.04090500
744.24743652,-52.94150543
744.43817139,-48.45029449
744.62890625,-48.93592072
744.81964111,-53.08866882
745.01037598,-57.76191711
745.20111084,-58.79362106
745.39184570,-56.73870850
745.58258057,-65.40769958
745.77331543,-72.56867981
745.96405029,-60.31213760
746.15478516,-52.78511429
746.34552002,-53.13458252
746.53625488,-56.83298111
746.72698975,-62.50150681
746.91772461,-61.16194916
747.10845947,-55.93433380
747.29919434,-57.38668442
747.48992920,-71.09353638
747.68066406,-70.92648315
747.87139893,-62.80431366
748.06213379,-61.88093567
748.25286865,-63.84453201
748.44360352,-67.62126160
748.63433838,-59.26173782
748.82507324,-55.52679062
749.01580811,-62.25717163
749.20654297,-60.00143433
749.39727783,-55.71437454
749.58801270,-58.19309235
749.77874756,-62.29186630
749.96948242,-62.57736588
750.16021729,-51.13651657
750.35095215,-51.23995209
750.54168701,-55.67924500
750.73242188,-56.58397675
750.92315674,-75.65763855
751.11389160,-56.41433334
751.30462646,-53.79362106
751.49536133,-53.15486526
751.68609619,-53.56404877
751.87683105,-55.34198761
752.06756592,-55.33681870
752.25830078,-56.42113495
752.44903564,-56.66352844
752.63977051,-53.61895752
752.83050537,-51.70091248
753.02124023,-56.34418869
753.21197510,-63.61083221
753.40270996,-57.60720062
753.59344482,-54.82759857
753.78417969,-55.29884720
753.97491455,-57.07565689
754.16564941,-60.44234467
754.35638428,-58.02883911
754.54711914,-55.13230896
754.73785400,-51.96296310
754.92858887,-51.29751205
755.11932373,-55.93244171
755.31005859,-63.01411057
755.50079346,-66.85477448
755.69152832,-57.80232239
755.88226318,-55.10533142
756.07299805,-54.05528259
756.26373291,-52.23797226
756.45446777,-52.02939606
756.64520264,-53.36165619
756.83593750,-58.04734039
757.02667236,-72.35997772
757.21740723,-61.46032715
757.40814209,-56.19226456
757.59887695,-58.05047607
757.78961182,-62.79534912
757.98034668,-61.50000000
758.17108154,-65.75532532
758.36181641,-65.47724152
758.55255127,-59.61562729
758.74328613,-56.17670441
758.93402100,-55.50745392
759.12475586,-59.35979462
759.31549072,-65.40283203
759.50622559,-58.41537476
759.69696045,-58.63701630
759.88769531,-61.35795975
760.07843018,-57.82307434
760.26916504,-54.72499466
760.45989990,-57.02644730
760.65063477,-56.66408920
760.84136963,-54.20749664
761.03210449,-58.49002075
761.22283936,-61.87201691
761.41357422,-55.87629318
761.60430908,-64.33459473
761.79504395,-61.46286392
761.98577881,-57.53596878
762.17651367,-51.33147812
762.36724854,-55.69364166
762.55798340,-56.64381027
762.74871826,-55.01540756
762.93945312,-57.95391846
763.13018799,-60.02684021
763.32092285,-58.95573425
763.51165771,-60.43201447
763.70239258,-55.06118011
763.89312744,-52.51240158
764.08386230,-55.92506027
764.27459717,-67.11743164
764.46533203,-53.64712143
764.65606689,-51.80240250
764.84680176,-52.68556595
765.03753662,-58.53633499
765.22827148,-62.64071655
765.41900635,-55.16198730
765.60974121,-54.13328171
765.80047607,-55.90281677
765.99121094,-61.55971527
766.18194580,-57.68910980
766.37268066,-53.98311615
766.56341553,-51.77713394
766.75415039,-50.49434662
766.94488525,-49.99541855
767.13562012,-52.51718521
767.32635498,-57.89420319
767.51708984,-57.00475311
767.70782471,-52.05517197
767.89855957,-51.43534851
768.08929443,-56.67024231
768.28002930,-59.38493729
768.47076416,-51.85666656
768.66149902,-49.18727875
768.85223389,-51.27620697
769.04296875,-57.33987808
769.23370361,-64.16223145
769.42443848,-58.79661942
769.61517334,-56.09440231
769.80590820,-58.37356567
769.99664307,-66.13811493
770.18737793,-67.17861938
770.37811279,-57.47958374
770.56884766,-58.26312637
770.75958252,-51.81391144
770.95031738,-46.35066223
771.14105225,-47.13524628
771.33178711,-55.02452087
771.52252197,-58.43273926
771.71325684,-55.12884521
771.90399170,-63.31689835
772.09472656,-77.92009735
772.28546143,-59.45972443
772.47619629,-54.41125488
772.66693115,-57.92003632
772.85766602,-60.44095612
773.04840088,-62.63029480
773.23913574,-64.53993988
773.42987061,-58.25735092
773.62060547,-55.93974686
773.81134033,-60.59339523
774.00207520,-57.87339783
774.19281006,-50.90664291
774.38354492,-50.08985519
774.57427979,-52.58847046
774.76501465,-50.52675247
774.95574951,-50.03409958
775.14648438,-53.70638275
775.33721924,-59.30860138
775.52795410,-63.04128647
775.71868896,-62.34770203
775.90942383,-55.42985916
776.10015869,-52.97667694
776.29089355,-54.46372986
776.48162842,-64.85635376
776.67236328,-66.84497070
776.86309814,-64.82038116
777.05383301,-54.29940796
777.24456787,-48.94817734
777.43530273,-47.86520386
777.62603760,-48.61196136
777.81677246,-49.84283829
778.00750732,-53.95366287
778.19824219,-65.38488770
778.38897705,-54.52679443
778.57971191,-53.97497559
778.77044678,-58.29196548
778.96118164,-69.82591248
779.15191650,-62.99493408
779.34265137,-55.27210236
779.53338623,-54.76668930
779.72412109,-59.51829529
779.91485596,-60.10842133
780.10559082,-61.48349762
780.29632568,-68.65776062
780.48706055,-54.70459366
780.67779541,-54.78831482
780.86853027,-58.14220047
781.05926514,-59.73620987
