Time,Channel A

-0.00164500,2.09967351
-0.00100500,1.74687946
-0.00036500,1.57048249
0.00027500,1.21829891
0.00091500,0.68971831
0.00155500,0.51332134
0.00219500,0.16052736
0.00283500,-0.19104587
0.00347500,-0.54383981
0.00411500,-0.89602345
0.00475500,-1.42521441
0.00539500,-1.77739799
0.00603500,-1.95379496
0.00667500,-2.30597854
0.00731500,-2.65877247
0.00795500,-3.01095605
0.00859500,-3.18735313
0.00923500,-3.54014707
0.00987500,-3.89233065
0.01051500,-4.06872749
0.01115500,-4.42091131
0.01179500,-4.59730816
0.01243500,-4.95010233
0.01307500,-5.12588882
0.01371500,-5.47868299
0.01435500,-5.65507984
0.01499500,-5.83086634
0.01563500,-6.00726318
0.01627500,-6.18366051
0.01691500,-6.36005735
0.01755500,-6.53584385
0.01819500,-6.71224117
0.01883500,-6.71224117
0.01947500,-6.88863802
0.02011500,-6.88863802
0.02075500,-6.88863802
0.02139500,-7.06503487
0.02203500,-7.24082136
0.02267500,-7.06503487
0.02331500,-7.06503487
0.02395500,-7.24082136
0.02459500,-7.06503487
0.02523500,-7.24082136
0.02587500,-7.06503487
0.02651500,-7.06503487
0.02715500,-6.88863802
0.02779500,-6.71224117
0.02843500,-6.71224117
0.02907500,-6.53584385
0.02971500,-6.36005735
0.03035500,-6.36005735
0.03099500,-6.18366051
0.03163500,-6.00726318
0.03227500,-5.83086634
0.03291500,-5.83086634
0.03355500,-5.65507984
0.03419500,-5.47868299
0.03483500,-5.30228567
0.03547500,-5.12588882
0.03611500,-4.95010233
0.03675500,-4.59730816
0.03739500,-4.42091131
0.03803500,-4.24512482
0.03867500,-4.06872749
0.03931500,-3.89233065
0.03995500,-3.71593380
0.04059500,-3.36375022
0.04123500,-3.18735313
0.04187500,-3.01095605
0.04251500,-2.83516955
0.04315500,-2.65877247
0.04379500,-2.48237562
0.04443500,-2.30597854
0.04507500,-2.13019204
0.04571500,-1.95379496
0.04635500,-1.77739799
0.04699500,-1.77739799
0.04763500,-1.60100102
0.04827500,-1.42521441
0.04891500,-1.24881744
0.04955500,-1.07242048
0.05019500,-1.07242048
0.05083500,-0.89602345
0.05147500,-0.89602345
0.05211500,-0.72023684
0.05275500,-0.72023684
0.05339500,-0.72023684
0.05403500,-0.54383981
0.05467500,-0.72023684
0.05531500,-0.54383981
0.05595500,-0.54383981
0.05659500,-0.54383981
0.05723500,-0.72023684
0.05787500,-0.72023684
0.05851500,-0.72023684
0.05915500,-0.72023684
0.05979500,-0.72023684
0.06043500,-0.89602345
0.06107500,-0.89602345
0.06171500,-1.07242048
0.06235500,-1.07242048
0.06299500,-1.24881744
0.06363500,-1.42521441
0.06427500,-1.60100102
0.06491500,-1.77739799
0.06555500,-1.77739799
0.06619500,-1.95379496
0.06683500,-2.13019204
0.06747500,-2.30597854
0.06811500,-2.48237562
0.06875500,-2.48237562
0.06939500,-2.65877247
0.07003500,-3.01095605
0.07067500,-3.01095605
0.07131500,-3.36375022
0.07195500,-3.54014707
0.07259500,-3.71593380
0.07323500,-3.89233065
0.07387500,-4.06872749
0.07451500,-4.24512482
0.07515500,-4.42091131
0.07579500,-4.59730816
0.07643500,-4.77370548
0.07707500,-4.95010233
0.07771500,-5.12588882
0.07835500,-5.30228567
0.07899500,-5.30228567
0.07963500,-5.47868299
0.08027500,-5.65507984
0.08091500,-5.83086634
0.08155500,-6.00726318
0.08219500,-6.00726318
0.08283500,-6.00726318
0.08347500,-6.18366051
0.08411500,-6.36005735
0.08475500,-6.36005735
0.08539500,-6.36005735
0.08603500,-6.36005735
0.08667500,-6.53584385
0.08731500,-6.53584385
0.08795500,-6.36005735
0.08859500,-6.53584385
0.08923500,-6.36005735
0.08987500,-6.18366051
0.09051500,-6.36005735
0.09115500,-6.18366051
0.09179500,-6.00726318
0.09243500,-6.00726318
0.09307500,-6.00726318
0.09371500,-5.83086634
0.09435500,-5.65507984
0.09499500,-5.47868299
0.09563500,-5.30228567
0.09627500,-5.12588882
0.09691500,-5.12588882
0.09755500,-4.77370548
0.09819500,-4.42091131
0.09883500,-4.24512482
0.09947500,-4.06872749
0.10011500,-3.89233065
0.10075500,-3.71593380
0.10139500,-3.36375022
0.10203500,-3.01095605
0.10267500,-2.83516955
0.10331500,-2.65877247
0.10395500,-2.30597854
0.10459500,-1.95379496
0.10523500,-1.77739799
0.10587500,-1.42521441
0.10651500,-1.07242048
0.10715500,-0.89602345
0.10779500,-0.36744285
0.10843500,-0.19104587
0.10907500,0.16052736
0.10971500,0.51332134
0.11035500,0.86550492
0.11099500,1.04190195
0.11163500,1.39469588
0.11227500,1.74687946
0.11291500,1.92327642
0.11355500,2.27546000
0.11419500,2.45185709
0.11483500,2.98043752
0.11547500,3.15683460
0.11611500,3.33323169
0.11675500,3.68541527
0.11739500,4.03820896
0.11803500,4.03820896
0.11867500,4.39039278
0.11931500,4.56678963
0.11995500,4.74318695
0.12059500,5.09537029
0.12123500,5.27176714
0.12187500,5.44816446
0.12251500,5.44816446
0.12315500,5.62456131
0.12379500,5.80034781
0.12443500,5.97674465
0.12507500,6.15314198
0.12571500,6.15314198
0.12635500,6.32953882
0.12699500,6.32953882
0.12763500,6.32953882
0.12827500,6.50532532
0.12891500,6.50532532
0.12955500,6.50532532
0.13019500,6.68172264
0.13083500,6.50532532
0.13147500,6.50532532
0.13211500,6.50532532
0.13275500,6.50532532
0.13339500,6.32953882
0.13403500,6.32953882
0.13467500,6.32953882
0.13531500,6.15314198
0.13595500,6.15314198
0.13659500,5.97674465
0.13723500,5.97674465
0.13787500,5.80034781
0.13851500,5.80034781
0.13915500,5.44816446
0.13979500,5.44816446
0.14043500,5.27176714
0.14107500,5.27176714
0.14171500,4.91958380
0.14235500,4.74318695
0.14299500,4.56678963
0.14363500,4.39039278
0.14427500,4.21460629
0.14491500,4.03820896
0.14555500,3.86181211
0.14619500,3.86181211
0.14683500,3.68541527
0.14747500,3.50962853
0.14811500,3.15683460
0.14875500,3.15683460
0.14939500,2.98043752
0.15003500,2.62825394
0.15067500,2.62825394
0.15131500,2.45185709
0.15195500,2.27546000
0.15259500,2.09967351
0.15323500,1.92327642
0.15387500,1.92327642
0.15451500,1.74687946
0.15515500,1.57048249
0.15579500,1.57048249
0.15643500,1.39469588
0.15707500,1.39469588
0.15771500,1.21829891
0.15835500,1.21829891
0.15899500,1.21829891
0.15963500,1.04190195
0.16027500,1.04190195
0.16091500,1.04190195
0.16155500,0.86550492
0.16219500,0.86550492
0.16283500,0.86550492
0.16347500,0.86550492
0.16411500,0.86550492
0.16475500,1.04190195
0.16539500,0.86550492
0.16603500,1.04190195
0.16667500,1.04190195
0.16731500,1.21829891
0.16795500,1.21829891
0.16859500,1.21829891
0.16923500,1.39469588
0.16987500,1.57048249
0.17051500,1.57048249
0.17115500,1.74687946
0.17179500,1.74687946
0.17243500,1.92327642
0.17307500,1.92327642
0.17371500,2.09967351
0.17435500,2.27546000
0.17499500,2.45185709
0.17563500,2.62825394
0.17627500,2.62825394
0.17691500,2.98043752
0.17755500,2.98043752
0.17819500,3.15683460
0.17883500,3.33323169
0.17947500,3.50962853
0.18011500,3.68541527
0.18075500,3.86181211
0.18139500,4.03820896
0.18203500,4.21460629
0.18267500,4.21460629
0.18331500,4.39039278
0.18395500,4.56678963
0.18459500,4.74318695
0.18523500,4.74318695
0.18587500,4.91958380
0.18651500,5.09537029
0.18715500,5.27176714
0.18779500,5.27176714
0.18843500,5.27176714
0.18907500,5.44816446
0.18971500,5.44816446
0.19035500,5.44816446
0.19099500,5.62456131
0.19163500,5.44816446
0.19227500,5.62456131
0.19291500,5.62456131
0.19355500,5.62456131
0.19419500,5.62456131
0.19483500,5.80034781
0.19547500,5.62456131
0.19611500,5.62456131
0.19675500,5.44816446
0.19739500,5.44816446
0.19803500,5.44816446
0.19867500,5.27176714
0.19931500,5.27176714
0.19995500,5.27176714
0.20059500,5.09537029
0.20123500,4.91958380
0.20187500,4.74318695
0.20251500,4.74318695
0.20315500,4.56678963
0.20379500,4.39039278
0.20443500,4.21460629
0.20507500,3.86181211
0.20571500,3.86181211
0.20635500,3.50962853
0.20699500,3.33323169
0.20763500,3.15683460
0.20827500,2.98043752
0.20891500,2.62825394
0.20955500,2.45185709
0.21019500,2.09967351
0.21083500,1.92327642
0.21147500,1.74687946
0.21211500,1.39469588
0.21275500,1.21829891
0.21339500,0.86550492
0.21403500,0.51332134
0.21467500,0.33692434
0.21531500,-0.01525925
0.21595500,-0.19104587
0.21659500,-0.54383981
0.21723500,-0.89602345
0.21787500,-1.07242048
0.21851500,-1.42521441
0.21915500,-1.60100102
0.21979500,-1.95379496
0.22043500,-2.13019204
0.22107500,-2.48237562
0.22171500,-2.65877247
0.22235500,-2.83516955
0.22299500,-3.18735313
0.22363500,-3.36375022
0.22427500,-3.54014707
0.22491500,-3.89233065
0.22555500,-3.89233065
0.22619500,-4.06872749
0.22683500,-4.42091131
0.22747500,-4.59730816
0.22811500,-4.77370548
0.22875500,-4.95010233
0.22939500,-5.12588882
0.23003500,-5.12588882
0.23067500,-5.30228567
0.23131500,-5.47868299
0.23195500,-5.47868299
0.23259500,-5.65507984
0.23323500,-5.83086634
0.23387500,-5.83086634
0.23451500,-5.83086634
0.23515500,-5.83086634
0.23579500,-6.00726318
0.23643500,-6.00726318
0.23707500,-6.00726318
0.23771500,-6.00726318
0.23835500,-6.00726318
0.23899500,-6.00726318
0.23963500,-6.00726318
0.24027500,-5.83086634
0.24091500,-5.83086634
0.24155500,-5.83086634
0.24219500,-5.83086634
0.24283500,-5.65507984
0.24347500,-5.47868299
0.24411500,-5.47868299
0.24475500,-5.30228567
0.24539500,-5.30228567
0.24603500,-5.12588882
0.24667500,-5.12588882
0.24731500,-4.95010233
0.24795500,-4.77370548
0.24859500,-4.59730816
0.24923500,-4.59730816
0.24987500,-4.42091131
0.25051500,-4.06872749
0.25115500,-4.06872749
0.25179500,-3.89233065
0.25243500,-3.71593380
0.25307500,-3.54014707
0.25371500,-3.36375022
0.25435500,-3.18735313
0.25499500,-3.18735313
0.25563500,-3.01095605
0.25627500,-2.83516955
0.25691500,-2.65877247
0.25755500,-2.65877247
0.25819500,-2.48237562
0.25883500,-2.30597854
0.25947500,-2.13019204
0.26011500,-1.95379496
0.26075500,-1.95379496
0.26139500,-1.77739799
0.26203500,-1.77739799
0.26267500,-1.77739799
0.26331500,-1.60100102
0.26395500,-1.42521441
0.26459500,-1.42521441
0.26523500,-1.24881744
0.26587500,-1.24881744
0.26651500,-1.24881744
0.26715500,-1.24881744
0.26779500,-1.07242048
0.26843500,-1.07242048
0.26907500,-1.07242048
0.26971500,-1.07242048
0.27035500,-1.07242048
0.27099500,-1.07242048
0.27163500,-1.07242048
0.27227500,-1.07242048
0.27291500,-1.24881744
0.27355500,-1.24881744
0.27419500,-1.24881744
0.27483500,-1.24881744
0.27547500,-1.42521441
0.27611500,-1.60100102
0.27675500,-1.60100102
0.27739500,-1.60100102
0.27803500,-1.77739799
0.27867500,-1.77739799
0.27931500,-1.95379496
0.27995500,-1.95379496
0.28059500,-2.13019204
0.28123500,-2.30597854
0.28187500,-2.30597854
0.28251500,-2.48237562
0.28315500,-2.48237562
0.28379500,-2.65877247
0.28443500,-2.83516955
0.28507500,-3.01095605
0.28571500,-3.01095605
0.28635500,-3.18735313
0.28699500,-3.36375022
0.28763500,-3.36375022
0.28827500,-3.54014707
0.28891500,-3.71593380
0.28955500,-3.89233065
0.29019500,-3.89233065
0.29083500,-4.06872749
0.29147500,-4.06872749
0.29211500,-4.24512482
0.29275500,-4.42091131
0.29339500,-4.42091131
0.29403500,-4.59730816
0.29467500,-4.59730816
0.29531500,-4.77370548
0.29595500,-4.77370548
0.29659500,-4.77370548
0.29723500,-4.95010233
0.29787500,-4.77370548
0.29851500,-4.95010233
0.29915500,-5.12588882
0.29979500,-4.95010233
0.30043500,-4.95010233
0.30107500,-5.12588882
0.30171500,-4.95010233
0.30235500,-4.95010233
0.30299500,-4.95010233
0.30363500,-4.77370548
0.30427500,-4.77370548
0.30491500,-4.77370548
0.30555500,-4.59730816
0.30619500,-4.59730816
0.30683500,-4.42091131
0.30747500,-4.24512482
0.30811500,-4.24512482
0.30875500,-4.06872749
0.30939500,-3.89233065
0.31003500,-3.89233065
0.31067500,-3.71593380
0.31131500,-3.36375022
0.31195500,-3.36375022
0.31259500,-3.18735313
0.31323500,-3.01095605
0.31387500,-2.65877247
0.31451500,-2.48237562
0.31515500,-2.48237562
0.31579500,-2.30597854
0.31643500,-1.95379496
0.31707500,-1.77739799
0.31771500,-1.60100102
0.31835500,-1.24881744
0.31899500,-1.07242048
0.31963500,-0.72023684
0.32027500,-0.54383981
0.32091500,-0.19104587
0.32155500,-0.01525925
0.32219500,0.16052736
0.32283500,0.33692434
0.32347500,0.68971831
0.32411500,0.86550492
0.32475500,1.21829891
0.32539500,1.39469588
0.32603500,1.74687946
0.32667500,1.92327642
0.32731500,2.09967351
0.32795500,2.45185709
0.32859500,2.45185709
0.32923500,2.80465102
0.32987500,3.15683460
0.33051500,3.33323169
0.33115500,3.33323169
0.33179500,3.50962853
0.33243500,3.86181211
0.33307500,4.03820896
0.33371500,4.03820896
0.33435500,4.21460629
0.33499500,4.39039278
0.33563500,4.56678963
0.33627500,4.74318695
0.33691500,4.74318695
0.33755500,4.91958380
0.33819500,5.09537029
0.33883500,5.27176714
0.33947500,5.27176714
0.34011500,5.27176714
0.34075500,5.44816446
0.34139500,5.44816446
0.34203500,5.44816446
0.34267500,5.44816446
0.34331500,5.44816446
0.34395500,5.62456131
0.34459500,5.44816446
0.34523500,5.44816446
0.34587500,5.44816446
0.34651500,5.44816446
0.34715500,5.44816446
0.34779500,5.44816446
0.34843500,5.27176714
0.34907500,5.27176714
0.34971500,5.27176714
0.35035500,5.27176714
0.35099500,5.09537029
0.35163500,5.09537029
0.35227500,4.91958380
0.35291500,4.74318695
0.35355500,4.74318695
0.35419500,4.56678963
0.35483500,4.56678963
0.35547500,4.39039278
0.35611500,4.21460629
0.35675500,4.03820896
0.35739500,4.03820896
0.35803500,3.86181211
0.35867500,3.86181211
0.35931500,3.68541527
0.35995500,3.50962853
0.36059500,3.50962853
0.36123500,3.33323169
0.36187500,3.15683460
0.36251500,2.98043752
0.36315500,2.80465102
0.36379500,2.62825394
0.36443500,2.62825394
0.36507500,2.45185709
0.36571500,2.45185709
0.36635500,2.27546000
0.36699500,2.09967351
0.36763500,2.09967351
0.36827500,1.92327642
0.36891500,1.92327642
0.36955500,1.74687946
0.37019500,1.74687946
0.37083500,1.57048249
0.37147500,1.57048249
0.37211500,1.57048249
0.37275500,1.57048249
0.37339500,1.39469588
0.37403500,1.39469588
0.37467500,1.39469588
0.37531500,1.21829891
0.37595500,1.21829891
0.37659500,1.21829891
0.37723500,1.21829891
0.37787500,1.21829891
0.37851500,1.21829891
0.37915500,1.21829891
0.37979500,1.39469588
0.38043500,1.21829891
0.38107500,1.39469588
0.38171500,1.39469588
0.38235500,1.57048249
0.38299500,1.57048249
0.38363500,1.57048249
0.38427500,1.74687946
0.38491500,1.74687946
0.38555500,1.74687946
0.38619500,1.92327642
0.38683500,1.92327642
0.38747500,2.09967351
0.38811500,2.27546000
0.38875500,2.27546000
0.38939500,2.27546000
0.39003500,2.45185709
0.39067500,2.45185709
0.39131500,2.62825394
0.39195500,2.80465102
0.39259500,2.98043752
0.39323500,2.98043752
0.39387500,3.15683460
0.39451500,3.15683460
0.39515500,3.33323169
0.39579500,3.33323169
0.39643500,3.50962853
0.39707500,3.68541527
0.39771500,3.68541527
0.39835500,3.86181211
0.39899500,3.86181211
0.39963500,3.86181211
0.40027500,4.03820896
0.40091500,4.03820896
0.40155500,4.21460629
0.40219500,4.21460629
0.40283500,4.21460629
0.40347500,4.21460629
0.40411500,4.39039278
0.40475500,4.39039278
0.40539500,4.39039278
0.40603500,4.39039278
0.40667500,4.39039278
0.40731500,4.39039278
0.40795500,4.39039278
0.40859500,4.39039278
0.40923500,4.21460629
0.40987500,4.39039278
0.41051500,4.21460629
0.41115500,4.21460629
0.41179500,4.03820896
0.41243500,4.03820896
0.41307500,4.03820896
0.41371500,3.86181211
0.41435500,3.86181211
0.41499500,3.68541527
0.41563500,3.50962853
0.41627500,3.33323169
0.41691500,3.33323169
0.41755500,3.15683460
0.41819500,2.98043752
0.41883500,2.98043752
0.41947500,2.62825394
0.42011500,2.45185709
0.42075500,2.45185709
0.42139500,2.09967351
0.42203500,1.92327642
0.42267500,1.74687946
0.42331500,1.74687946
0.42395500,1.39469588
0.42459500,1.21829891
0.42523500,1.04190195
0.42587500,0.86550492
0.42651500,0.51332134
0.42715500,0.33692434
0.42779500,0.16052736
0.42843500,-0.01525925
0.42907500,-0.36744285
0.42971500,-0.54383981
0.43035500,-0.72023684
0.43099500,-0.89602345
0.43163500,-1.24881744
0.43227500,-1.42521441
0.43291500,-1.60100102
0.43355500,-1.77739799
0.43419500,-1.95379496
0.43483500,-2.30597854
0.43547500,-2.48237562
0.43611500,-2.65877247
0.43675500,-2.83516955
0.43739500,-3.01095605
0.43803500,-3.18735313
0.43867500,-3.36375022
0.43931500,-3.54014707
0.43995500,-3.54014707
0.44059500,-3.71593380
0.44123500,-3.89233065
0.44187500,-4.06872749
0.44251500,-4.24512482
0.44315500,-4.24512482
0.44379500,-4.42091131
0.44443500,-4.59730816
0.44507500,-4.59730816
0.44571500,-4.77370548
0.44635500,-4.77370548
0.44699500,-4.95010233
0.44763500,-4.95010233
0.44827500,-5.12588882
0.44891500,-5.12588882
0.44955500,-5.12588882
0.45019500,-5.12588882
0.45083500,-5.12588882
0.45147500,-5.12588882
0.45211500,-5.12588882
0.45275500,-5.12588882
0.45339500,-5.12588882
0.45403500,-5.12588882
0.45467500,-4.95010233
0.45531500,-4.95010233
0.45595500,-4.77370548
0.45659500,-4.77370548
0.45723500,-4.77370548
0.45787500,-4.77370548
0.45851500,-4.77370548
0.45915500,-4.42091131
0.45979500,-4.42091131
0.46043500,-4.42091131
0.46107500,-4.24512482
0.46171500,-4.06872749
0.46235500,-4.06872749
0.46299500,-3.89233065
0.46363500,-3.89233065
0.46427500,-3.71593380
0.46491500,-3.71593380
0.46555500,-3.54014707
0.46619500,-3.36375022
0.46683500,-3.36375022
0.46747500,-3.18735313
0.46811500,-3.18735313
0.46875500,-3.01095605
0.46939500,-2.83516955
0.47003500,-2.83516955
0.47067500,-2.65877247
0.47131500,-2.48237562
0.47195500,-2.48237562
0.47259500,-2.30597854
0.47323500,-2.30597854
0.47387500,-2.13019204
0.47451500,-1.95379496
0.47515500,-1.95379496
0.47579500,-1.95379496
0.47643500,-1.77739799
0.47707500,-1.77739799
0.47771500,-1.60100102
0.47835500,-1.60100102
0.47899500,-1.60100102
0.47963500,-1.60100102
0.48027500,-1.60100102
0.48091500,-1.42521441
0.48155500,-1.42521441
0.48219500,-1.24881744
0.48283500,-1.42521441
0.48347500,-1.24881744
0.48411500,-1.42521441
0.48475500,-1.24881744
0.48539500,-1.42521441
0.48603500,-1.42521441
0.48667500,-1.42521441
0.48731500,-1.42521441
0.48795500,-1.42521441
0.48859500,-1.42521441
0.48923500,-1.42521441
0.48987500,-1.60100102
0.49051500,-1.77739799
0.49115500,-1.60100102
0.49179500,-1.77739799
0.49243500,-1.77739799
0.49307500,-1.95379496
0.49371500,-1.95379496
0.49435500,-2.13019204
0.49499500,-2.13019204
0.49563500,-2.13019204
0.49627500,-2.30597854
0.49691500,-2.30597854
0.49755500,-2.48237562
0.49819500,-2.48237562
0.49883500,-2.48237562
0.49947500,-2.65877247
0.50011500,-2.65877247
0.50075500,-2.83516955
0.50139500,-2.83516955
0.50203500,-3.01095605
0.50267500,-3.01095605
0.50331500,-3.18735313
0.50395500,-3.18735313
0.50459500,-3.36375022
0.50523500,-3.36375022
0.50587500,-3.36375022
0.50651500,-3.54014707
0.50715500,-3.54014707
0.50779500,-3.71593380
0.50843500,-3.54014707
0.50907500,-3.71593380
0.50971500,-3.71593380
0.51035500,-3.71593380
0.51099500,-3.71593380
0.51163500,-3.89233065
0.51227500,-3.89233065
0.51291500,-3.71593380
0.51355500,-3.89233065
0.51419500,-3.71593380
0.51483500,-3.71593380
0.51547500,-3.71593380
0.51611500,-3.71593380
0.51675500,-3.71593380
0.51739500,-3.71593380
0.51803500,-3.54014707
0.51867500,-3.54014707
0.51931500,-3.36375022
0.51995500,-3.36375022
0.52059500,-3.36375022
0.52123500,-3.18735313
0.52187500,-3.18735313
0.52251500,-3.01095605
0.52315500,-2.83516955
0.52379500,-2.65877247
0.52443500,-2.48237562
0.52507500,-2.48237562
0.52571500,-2.30597854
0.52635500,-2.13019204
0.52699500,-2.13019204
0.52763500,-1.95379496
0.52827500,-1.77739799
0.52891500,-1.60100102
0.52955500,-1.42521441
0.53019500,-1.24881744
0.53083500,-1.07242048
0.53147500,-0.89602345
0.53211500,-0.54383981
0.53275500,-0.36744285
0.53339500,-0.36744285
0.53403500,-0.19104587
0.53467500,0.16052736
0.53531500,0.33692434
0.53595500,0.51332134
0.53659500,0.68971831
0.53723500,0.86550492
0.53787500,1.04190195
0.53851500,1.21829891
0.53915500,1.57048249
0.53979500,1.57048249
0.54043500,1.74687946
0.54107500,1.92327642
0.54171500,2.09967351
0.54235500,2.45185709
0.54299500,2.45185709
0.54363500,2.62825394
0.54427500,2.80465102
0.54491500,2.98043752
0.54555500,3.15683460
0.54619500,3.33323169
0.54683500,3.50962853
0.54747500,3.68541527
0.54811500,3.68541527
0.54875500,3.86181211
0.54939500,4.03820896
0.55003500,4.03820896
0.55067500,4.03820896
0.55131500,4.21460629
0.55195500,4.21460629
0.55259500,4.39039278
0.55323500,4.56678963
0.55387500,4.56678963
0.55451500,4.56678963
0.55515500,4.74318695
0.55579500,4.74318695
0.55643500,4.74318695
0.55707500,4.74318695
0.55771500,4.74318695
0.55835500,4.74318695
0.55899500,4.74318695
0.55963500,4.74318695
0.56027500,4.56678963
0.56091500,4.74318695
0.56155500,4.74318695
0.56219500,4.56678963
0.56283500,4.56678963
0.56347500,4.56678963
0.56411500,4.56678963
0.56475500,4.56678963
0.56539500,4.39039278
0.56603500,4.39039278
0.56667500,4.21460629
0.56731500,4.03820896
0.56795500,4.03820896
0.56859500,4.03820896
0.56923500,3.86181211
0.56987500,3.86181211
0.57051500,3.68541527
0.57115500,3.68541527
0.57179500,3.50962853
0.57243500,3.50962853
0.57307500,3.33323169
0.57371500,3.15683460
0.57435500,3.15683460
0.57499500,3.15683460
0.57563500,2.98043752
0.57627500,2.80465102
0.57691500,2.62825394
0.57755500,2.62825394
0.57819500,2.45185709
0.57883500,2.45185709
0.57947500,2.45185709
0.58011500,2.27546000
0.58075500,2.09967351
0.58139500,2.09967351
0.58203500,1.92327642
0.58267500,1.92327642
0.58331500,1.74687946
0.58395500,1.74687946
0.58459500,1.74687946
0.58523500,1.74687946
0.58587500,1.74687946
0.58651500,1.57048249
0.58715500,1.57048249
0.58779500,1.57048249
0.58843500,1.57048249
0.58907500,1.57048249
0.58971500,1.39469588
0.59035500,1.57048249
0.59099500,1.39469588
0.59163500,1.39469588
0.59227500,1.57048249
0.59291500,1.39469588
0.59355500,1.57048249
0.59419500,1.39469588
0.59483500,1.57048249
0.59547500,1.57048249
0.59611500,1.57048249
0.59675500,1.57048249
0.59739500,1.74687946
0.59803500,1.74687946
0.59867500,1.74687946
0.59931500,1.74687946
0.59995500,1.92327642
0.60059500,1.92327642
0.60123500,1.92327642
0.60187500,2.09967351
0.60251500,1.92327642
0.60315500,2.27546000
0.60379500,2.09967351
0.60443500,2.27546000
0.60507500,2.27546000
0.60571500,2.45185709
0.60635500,2.45185709
0.60699500,2.62825394
0.60763500,2.62825394
0.60827500,2.80465102
0.60891500,2.80465102
0.60955500,2.98043752
0.61019500,2.98043752
0.61083500,2.98043752
0.61147500,3.15683460
0.61211500,3.15683460
0.61275500,3.15683460
0.61339500,3.15683460
0.61403500,3.33323169
0.61467500,3.15683460
0.61531500,3.33323169
0.61595500,3.33323169
0.61659500,3.33323169
0.61723500,3.33323169
0.61787500,3.33323169
0.61851500,3.33323169
0.61915500,3.33323169
0.61979500,3.33323169
0.62043500,3.33323169
0.62107500,3.33323169
0.62171500,3.33323169
0.62235500,3.33323169
0.62299500,3.33323169
0.62363500,3.33323169
0.62427500,3.33323169
0.62491500,3.15683460
0.62555500,3.15683460
0.62619500,2.98043752
0.62683500,2.98043752
0.62747500,2.80465102
0.62811500,2.80465102
0.62875500,2.62825394
0.62939500,2.45185709
0.63003500,2.45185709
0.63067500,2.27546000
0.63131500,2.27546000
0.63195500,2.09967351
0.63259500,1.92327642
0.63323500,1.92327642
0.63387500,1.74687946
0.63451500,1.74687946
0.63515500,1.57048249
0.63579500,1.39469588
0.63643500,1.21829891
0.63707500,1.04190195
0.63771500,0.86550492
0.63835500,0.68971831
0.63899500,0.51332134
0.63963500,0.33692434
0.64027500,0.16052736
0.64091500,-0.01525925
0.64155500,-0.19104587
0.64219500,-0.36744285
0.64283500,-0.36744285
0.64347500,-0.72023684
0.64411500,-0.89602345
0.64475500,-1.07242048
0.64539500,-1.24881744
0.64603500,-1.42521441
0.64667500,-1.60100102
0.64731500,-1.77739799
0.64795500,-1.77739799
0.64859500,-2.13019204
0.64923500,-2.30597854
0.64987500,-2.30597854
0.65051500,-2.48237562
0.65115500,-2.65877247
0.65179500,-2.83516955
0.65243500,-3.01095605
0.65307500,-3.01095605
0.65371500,-3.18735313
0.65435500,-3.36375022
0.65499500,-3.36375022
0.65563500,-3.54014707
0.65627500,-3.71593380
0.65691500,-3.71593380
0.65755500,-3.71593380
0.65819500,-3.89233065
0.65883500,-3.89233065
0.65947500,-4.06872749
0.66011500,-4.06872749
0.66075500,-4.24512482
0.66139500,-4.24512482
0.66203500,-4.24512482
0.66267500,-4.24512482
0.66331500,-4.42091131
0.66395500,-4.24512482
0.66459500,-4.24512482
0.66523500,-4.42091131
0.66587500,-4.24512482
0.66651500,-4.42091131
0.66715500,-4.24512482
0.66779500,-4.24512482
0.66843500,-4.42091131
0.66907500,-4.42091131
0.66971500,-4.24512482
0.67035500,-4.24512482
0.67099500,-4.06872749
0.67163500,-4.06872749
0.67227500,-4.06872749
0.67291500,-3.89233065
0.67355500,-3.89233065
0.67419500,-3.71593380
0.67483500,-3.71593380
0.67547500,-3.71593380
0.67611500,-3.54014707
0.67675500,-3.54014707
0.67739500,-3.36375022
0.67803500,-3.36375022
0.67867500,-3.36375022
0.67931500,-3.18735313
0.67995500,-3.18735313
0.68059500,-3.01095605
0.68123500,-3.01095605
0.68187500,-2.83516955
0.68251500,-2.83516955
0.68315500,-2.65877247
0.68379500,-2.48237562
0.68443500,-2.48237562
0.68507500,-2.48237562
0.68571500,-2.30597854
0.68635500,-2.30597854
0.68699500,-2.30597854
0.68763500,-2.13019204
0.68827500,-2.13019204
0.68891500,-1.95379496
0.68955500,-1.95379496
0.69019500,-1.77739799
0.69083500,-1.77739799
0.69147500,-1.77739799
0.69211500,-1.77739799
0.69275500,-1.77739799
0.69339500,-1.60100102
0.69403500,-1.60100102
0.69467500,-1.60100102
0.69531500,-1.60100102
0.69595500,-1.60100102
0.69659500,-1.42521441
0.69723500,-1.42521441
0.69787500,-1.42521441
0.69851500,-1.42521441
0.69915500,-1.42521441
0.69979500,-1.42521441
0.70043500,-1.42521441
0.70107500,-1.60100102
0.70171500,-1.42521441
0.70235500,-1.60100102
0.70299500,-1.60100102
0.70363500,-1.60100102
0.70427500,-1.60100102
0.70491500,-1.60100102
0.70555500,-1.60100102
0.70619500,-1.60100102
0.70683500,-1.60100102
0.70747500,-1.77739799
0.70811500,-1.77739799
0.70875500,-1.77739799
0.70939500,-1.95379496
0.71003500,-1.95379496
0.71067500,-2.13019204
0.71131500,-2.13019204
0.71195500,-2.13019204
0.71259500,-2.30597854
0.71323500,-2.30597854
0.71387500,-2.30597854
0.71451500,-2.30597854
0.71515500,-2.30597854
0.71579500,-2.48237562
0.71643500,-2.48237562
0.71707500,-2.48237562
0.71771500,-2.48237562
0.71835500,-2.65877247
0.71899500,-2.65877247
0.71963500,-2.65877247
0.72027500,-2.65877247
0.72091500,-2.65877247
0.72155500,-2.83516955
0.72219500,-2.83516955
0.72283500,-2.83516955
0.72347500,-3.01095605
0.72411500,-3.01095605
0.72475500,-2.83516955
0.72539500,-3.01095605
0.72603500,-2.83516955
0.72667500,-3.01095605
0.72731500,-2.83516955
0.72795500,-2.83516955
0.72859500,-2.83516955
0.72923500,-2.83516955
0.72987500,-2.83516955
0.73051500,-2.83516955
0.73115500,-2.65877247
0.73179500,-2.65877247
0.73243500,-2.65877247
0.73307500,-2.48237562
0.73371500,-2.48237562
0.73435500,-2.48237562
0.73499500,-2.30597854
0.73563500,-2.30597854
0.73627500,-2.13019204
0.73691500,-1.95379496
0.73755500,-1.95379496
0.73819500,-1.77739799
0.73883500,-1.77739799
0.73947500,-1.60100102
0.74011500,-1.60100102
0.74075500,-1.42521441
0.74139500,-1.24881744
0.74203500,-1.07242048
0.74267500,-0.89602345
0.74331500,-0.72023684
0.74395500,-0.72023684
0.74459500,-0.36744285
0.74523500,-0.36744285
0.74587500,-0.19104587
0.74651500,-0.01525925
0.74715500,0.16052736
0.74779500,0.16052736
0.74843500,0.33692434
0.74907500,0.51332134
0.74971500,0.68971831
0.75035500,0.86550492
0.75099500,1.04190195
0.75163500,1.21829891
0.75227500,1.39469588
0.75291500,1.39469588
0.75355500,1.57048249
0.75419500,1.74687946
0.75483500,1.92327642
0.75547500,1.92327642
0.75611500,2.27546000
0.75675500,2.27546000
0.75739500,2.45185709
0.75803500,2.62825394
0.75867500,2.62825394
0.75931500,2.80465102
0.75995500,2.98043752
0.76059500,3.15683460
0.76123500,3.15683460
0.76187500,3.15683460
0.76251500,3.33323169
0.76315500,3.50962853
0.76379500,3.68541527
0.76443500,3.68541527
0.76507500,3.68541527
0.76571500,3.86181211
0.76635500,3.86181211
0.76699500,3.86181211
0.76763500,3.86181211
0.76827500,3.86181211
0.76891500,4.03820896
0.76955500,4.03820896
0.77019500,4.03820896
0.77083500,4.03820896
0.77147500,4.03820896
0.77211500,4.03820896
0.77275500,4.03820896
0.77339500,4.21460629
0.77403500,4.03820896
0.77467500,4.03820896
0.77531500,4.03820896
0.77595500,4.03820896
0.77659500,4.03820896
0.77723500,4.03820896
0.77787500,4.03820896
0.77851500,3.86181211
0.77915500,3.86181211
0.77979500,3.86181211
0.78043500,3.68541527
0.78107500,3.86181211
0.78171500,3.50962853
0.78235500,3.50962853
0.78299500,3.50962853
0.78363500,3.33323169
0.78427500,3.33323169
0.78491500,3.33323169
0.78555500,3.15683460
0.78619500,3.15683460
0.78683500,2.98043752
0.78747500,2.98043752
0.78811500,2.80465102
0.78875500,2.80465102
0.78939500,2.62825394
0.79003500,2.62825394
0.79067500,2.45185709
0.79131500,2.45185709
0.79195500,2.45185709
0.79259500,2.45185709
0.79323500,2.27546000
0.79387500,2.27546000
0.79451500,2.09967351
0.79515500,2.09967351
0.79579500,1.92327642
0.79643500,1.92327642
0.79707500,1.92327642
0.79771500,1.74687946
0.79835500,1.74687946
0.79899500,1.74687946
0.79963500,1.74687946
0.80027500,1.57048249
0.80091500,1.74687946
0.80155500,1.57048249
0.80219500,1.57048249
0.80283500,1.57048249
0.80347500,1.57048249
0.80411500,1.39469588
0.80475500,1.57048249
0.80539500,1.57048249
0.80603500,1.57048249
0.80667500,1.57048249
0.80731500,1.39469588
0.80795500,1.57048249
0.80859500,1.39469588
0.80923500,1.57048249
0.80987500,1.57048249
0.81051500,1.57048249
0.81115500,1.57048249
0.81179500,1.57048249
0.81243500,1.74687946
0.81307500,1.57048249
0.81371500,1.74687946
0.81435500,1.74687946
0.81499500,1.74687946
0.81563500,1.74687946
0.81627500,1.92327642
0.81691500,1.92327642
0.81755500,1.92327642
0.81819500,1.92327642
0.81883500,2.09967351
0.81947500,1.92327642
0.82011500,2.09967351
0.82075500,2.09967351
0.82139500,2.27546000
0.82203499,2.27546000
0.82267499,2.27546000
0.82331499,2.27546000
0.82395499,2.45185709
0.82459499,2.45185709
0.82523499,2.45185709
0.82587499,2.45185709
0.82651499,2.45185709
0.82715499,2.45185709
0.82779499,2.45185709
0.82843499,2.62825394
0.82907499,2.62825394
0.82971499,2.62825394
0.83035499,2.62825394
0.83099499,2.62825394
0.83163499,2.62825394
0.83227499,2.62825394
0.83291499,2.62825394
0.83355499,2.62825394
0.83419499,2.62825394
0.83483499,2.45185709
0.83547499,2.45185709
0.83611499,2.45185709
0.83675499,2.45185709
0.83739499,2.45185709
0.83803499,2.27546000
0.83867499,2.27546000
0.83931499,2.27546000
0.83995499,2.27546000
0.84059499,2.09967351
0.84123499,2.09967351
0.84187499,1.92327642
0.84251499,1.92327642
0.84315499,1.74687946
0.84379499,1.74687946
0.84443499,1.74687946
0.84507499,1.57048249
0.84571499,1.39469588
0.84635499,1.39469588
0.84699499,1.21829891
0.84763499,1.21829891
0.84827499,1.04190195
0.84891499,0.86550492
0.84955499,0.68971831
0.85019499,0.51332134
0.85083499,0.33692434
0.85147499,0.33692434
0.85211499,0.16052736
0.85275499,0.16052736
0.85339499,-0.01525925
0.85403499,-0.19104587
0.85467499,-0.36744285
0.85531499,-0.36744285
0.85595499,-0.54383981
0.85659499,-0.72023684
0.85723499,-0.89602345
0.85787499,-1.07242048
0.85851499,-1.07242048
0.85915499,-1.24881744
0.85979499,-1.42521441
0.86043499,-1.60100102
0.86107499,-1.60100102
0.86171499,-1.77739799
0.86235499,-1.95379496
0.86299499,-1.95379496
0.86363499,-2.13019204
0.86427499,-2.30597854
0.86491499,-2.48237562
0.86555499,-2.65877247
0.86619499,-2.65877247
0.86683499,-2.65877247
0.86747499,-2.83516955
0.86811499,-3.01095605
0.86875499,-3.01095605
0.86939499,-3.18735313
0.87003499,-3.18735313
0.87067499,-3.18735313
0.87131499,-3.18735313
0.87195499,-3.36375022
0.87259499,-3.36375022
0.87323499,-3.54014707
0.87387499,-3.54014707
0.87451499,-3.71593380
0.87515499,-3.71593380
0.87579499,-3.71593380
0.87643499,-3.71593380
0.87707499,-3.71593380
0.87771499,-3.71593380
0.87835499,-3.89233065
0.87899499,-3.71593380
0.87963499,-3.71593380
0.88027499,-3.71593380
0.88091499,-3.89233065
0.88155499,-3.71593380
0.88219499,-3.71593380
0.88283499,-3.71593380
0.88347499,-3.71593380
0.88411499,-3.71593380
0.88475499,-3.71593380
0.88539499,-3.54014707
0.88603499,-3.54014707
0.88667499,-3.36375022
0.88731499,-3.36375022
0.88795499,-3.36375022
0.88859499,-3.36375022
0.88923499,-3.18735313
0.88987499,-3.18735313
0.89051499,-3.18735313
0.89115499,-3.01095605
0.89179499,-3.01095605
0.89243499,-3.01095605
0.89307499,-3.01095605
0.89371499,-2.83516955
0.89435499,-2.83516955
0.89499499,-2.65877247
0.89563499,-2.65877247
0.89627499,-2.48237562
0.89691499,-2.48237562
0.89755499,-2.48237562
0.89819499,-2.48237562
0.89883499,-2.30597854
0.89947499,-2.30597854
0.90011499,-2.30597854
0.90075499,-2.13019204
0.90139499,-1.95379496
0.90203499,-1.95379496
0.90267499,-1.95379496
0.90331499,-1.77739799
0.90395499,-1.77739799
0.90459499,-1.77739799
0.90523499,-1.77739799
0.90587499,-1.77739799
0.90651499,-1.77739799
0.90715499,-1.60100102
0.90779499,-1.60100102
0.90843499,-1.60100102
0.90907499,-1.60100102
0.90971499,-1.60100102
0.91035499,-1.60100102
0.91099499,-1.42521441
0.91163499,-1.42521441
0.91227499,-1.60100102
0.91291499,-1.42521441
0.91355499,-1.42521441
0.91419499,-1.42521441
0.91483499,-1.42521441
0.91547499,-1.42521441
0.91611499,-1.42521441
0.91675499,-1.42521441
0.91739499,-1.60100102
0.91803499,-1.42521441
0.91867499,-1.60100102
0.91931499,-1.60100102
0.91995499,-1.60100102
0.92059499,-1.60100102
0.92123499,-1.60100102
0.92187499,-1.77739799
0.92251499,-1.77739799
0.92315499,-1.77739799
0.92379499,-1.77739799
0.92443499,-1.77739799
0.92507499,-1.77739799
0.92571499,-1.77739799
0.92635499,-1.77739799
0.92699499,-1.77739799
0.92763499,-1.95379496
0.92827499,-1.95379496
0.92891499,-1.95379496
0.92955499,-2.13019204
0.93019499,-2.13019204
0.93083499,-1.95379496
0.93147499,-2.13019204
0.93211499,-2.13019204
0.93275499,-2.30597854
0.93339499,-2.30597854
0.93403499,-2.30597854
0.93467499,-2.30597854
0.93531499,-2.30597854
0.93595499,-2.30597854
0.93659499,-2.13019204
0.93723499,-2.30597854
0.93787499,-2.30597854
0.93851499,-2.30597854
0.93915499,-2.30597854
0.93979499,-2.30597854
0.94043499,-2.13019204
0.94107499,-2.13019204
0.94171499,-2.13019204
0.94235499,-2.13019204
0.94299499,-2.13019204
0.94363499,-2.13019204
0.94427499,-2.13019204
0.94491499,-1.95379496
0.94555499,-1.95379496
0.94619499,-1.95379496
0.94683499,-1.77739799
0.94747499,-1.77739799
0.94811499,-1.60100102
0.94875499,-1.60100102
0.94939499,-1.60100102
0.95003499,-1.42521441
0.95067499,-1.42521441
0.95131499,-1.42521441
0.95195499,-1.24881744
0.95259499,-1.07242048
0.95323499,-1.07242048
0.95387499,-0.89602345
0.95451499,-0.89602345
0.95515499,-0.72023684
0.95579499,-0.54383981
0.95643499,-0.36744285
0.95707499,-0.36744285
0.95771499,-0.19104587
0.95835499,-0.19104587
0.95899499,-0.01525925
0.95963499,0.16052736
0.96027499,0.33692434
0.96091499,0.33692434
0.96155499,0.33692434
0.96219499,0.51332134
0.96283499,0.86550492
0.96347499,0.86550492
0.96411499,1.04190195
0.96475499,1.04190195
0.96539499,1.21829891
0.96603499,1.39469588
0.96667499,1.39469588
0.96731499,1.57048249
0.96795499,1.74687946
0.96859499,1.74687946
0.96923499,1.92327642
0.96987499,2.09967351
0.97051499,2.27546000
0.97115499,2.27546000
0.97179499,2.27546000
0.97243499,2.45185709
0.97307499,2.45185709
0.97371499,2.62825394
0.97435499,2.62825394
0.97499499,2.80465102
0.97563499,2.98043752
0.97627499,2.98043752
0.97691499,2.98043752
0.97755499,3.15683460
0.97819499,3.15683460
0.97883499,3.15683460
0.97947499,3.33323169
0.98011499,3.33323169
0.98075499,3.33323169
0.98139499,3.50962853
0.98203499,3.33323169
0.98267499,3.50962853
0.98331499,3.50962853
0.98395499,3.50962853
0.98459499,3.50962853
0.98523499,3.50962853
0.98587499,3.50962853
0.98651499,3.68541527
0.98715499,3.50962853
0.98779499,3.68541527
0.98843499,3.50962853
0.98907499,3.68541527
0.98971499,3.50962853
0.99035499,3.50962853
0.99099499,3.50962853
0.99163499,3.50962853
0.99227499,3.33323169
0.99291499,3.50962853
0.99355499,3.33323169
0.99419499,3.33323169
0.99483499,3.33323169
0.99547499,3.15683460
0.99611499,3.15683460
0.99675499,3.15683460
0.99739499,3.15683460
0.99803499,2.98043752
0.99867499,2.98043752
0.99931499,2.80465102
0.99995499,2.98043752
1.00059499,2.62825394
1.00123499,2.62825394
1.00187499,2.62825394
1.00251499,2.45185709
1.00315499,2.45185709
1.00379499,2.45185709
1.00443499,2.45185709
1.00507499,2.27546000
1.00571499,2.27546000
1.00635499,2.09967351
1.00699499,2.09967351
1.00763499,2.09967351
1.00827499,2.09967351
1.00891499,1.92327642
1.00955499,1.74687946
1.01019499,1.92327642
1.01083499,1.74687946
1.01147499,1.74687946
1.01211499,1.74687946
1.01275499,1.74687946
1.01339499,1.74687946
1.01403499,1.74687946
1.01467499,1.74687946
1.01531499,1.57048249
1.01595499,1.57048249
1.01659499,1.57048249
1.01723499,1.57048249
1.01787499,1.57048249
1.01851499,1.57048249
1.01915499,1.57048249
1.01979499,1.57048249
1.02043499,1.57048249
1.02107499,1.57048249
1.02171499,1.39469588
1.02235499,1.39469588
1.02299499,1.57048249
1.02363499,1.57048249
1.02427499,1.39469588
1.02491499,1.57048249
1.02555499,1.57048249
1.02619499,1.57048249
1.02683499,1.57048249
1.02747499,1.57048249
1.02811499,1.57048249
1.02875499,1.57048249
1.02939499,1.57048249
1.03003499,1.74687946
1.03067499,1.57048249
1.03131499,1.74687946
1.03195499,1.74687946
1.03259499,1.74687946
1.03323499,1.74687946
1.03387499,1.74687946
1.03451499,1.74687946
1.03515499,1.74687946
1.03579499,1.74687946
1.03643499,1.92327642
1.03707499,1.92327642
1.03771499,1.92327642
1.03835499,1.92327642
1.03899499,1.92327642
1.03963499,1.92327642
1.04027499,1.92327642
1.04091499,1.92327642
1.04155499,1.92327642
1.04219499,1.92327642
1.04283499,1.92327642
1.04347499,1.92327642
1.04411499,1.92327642
1.04475499,1.92327642
1.04539499,1.92327642
1.04603499,1.92327642
1.04667499,1.92327642
1.04731499,1.92327642
1.04795499,1.92327642
1.04859499,1.92327642
1.04923499,1.92327642
1.04987499,1.92327642
1.05051499,1.92327642
1.05115499,1.74687946
1.05179499,1.74687946
1.05243499,1.74687946
1.05307499,1.57048249
1.05371499,1.57048249
1.05435499,1.57048249
1.05499499,1.39469588
1.05563499,1.39469588
1.05627499,1.39469588
1.05691499,1.21829891
1.05755499,1.21829891
1.05819499,1.04190195
1.05883499,1.04190195
1.05947499,0.86550492
1.06011499,0.68971831
1.06075499,0.68971831
1.06139499,0.51332134
1.06203499,0.51332134
1.06267499,0.51332134
1.06331499,0.33692434
1.06395499,0.33692434
1.06459499,0.16052736
1.06523499,-0.01525925
1.06587499,-0.01525925
1.06651499,-0.19104587
1.06715499,-0.36744285
1.06779499,-0.36744285
1.06843499,-0.54383981
1.06907499,-0.54383981
1.06971499,-0.72023684
1.07035499,-0.89602345
1.07099499,-0.89602345
1.07163499,-1.07242048
1.07227499,-1.24881744
1.07291499,-1.42521441
1.07355499,-1.42521441
1.07419499,-1.60100102
1.07483499,-1.60100102
1.07547499,-1.77739799
1.07611499,-1.77739799
1.07675499,-1.95379496
1.07739499,-1.95379496
1.07803499,-2.13019204
1.07867499,-2.13019204
1.07931499,-2.30597854
1.07995499,-2.48237562
1.08059499,-2.48237562
1.08123499,-2.48237562
1.08187499,-2.48237562
1.08251499,-2.65877247
1.08315499,-2.65877247
1.08379499,-2.83516955
1.08443499,-2.83516955
1.08507499,-2.83516955
1.08571499,-3.01095605
1.08635499,-3.01095605
1.08699499,-3.01095605
1.08763499,-3.01095605
1.08827499,-3.18735313
1.08891499,-3.18735313
1.08955499,-3.18735313
1.09019499,-3.18735313
1.09083499,-3.18735313
1.09147499,-3.18735313
1.09211499,-3.18735313
1.09275499,-3.18735313
1.09339499,-3.18735313
1.09403499,-3.18735313
1.09467499,-3.18735313
1.09531499,-3.18735313
1.09595499,-3.18735313
1.09659499,-3.18735313
1.09723499,-3.18735313
1.09787499,-3.18735313
1.09851499,-3.18735313
1.09915499,-3.01095605
1.09979499,-3.18735313
1.10043499,-3.01095605
1.10107499,-3.01095605
1.10171499,-3.01095605
1.10235499,-3.01095605
1.10299499,-3.01095605
1.10363499,-2.83516955
1.10427499,-2.65877247
1.10491499,-2.83516955
1.10555499,-2.65877247
1.10619499,-2.65877247
1.10683499,-2.48237562
1.10747499,-2.48237562
1.10811499,-2.48237562
1.10875499,-2.48237562
1.10939499,-2.48237562
1.11003499,-2.30597854
1.11067499,-2.30597854
1.11131499,-2.30597854
1.11195499,-2.30597854
1.11259499,-2.13019204
1.11323499,-2.13019204
1.11387499,-2.13019204
1.11451499,-1.95379496
1.11515499,-1.95379496
1.11579499,-1.77739799
1.11643499,-1.77739799
1.11707499,-1.77739799
1.11771499,-1.77739799
1.11835499,-1.77739799
1.11899499,-1.77739799
1.11963499,-1.60100102
1.12027499,-1.60100102
1.12091499,-1.60100102
1.12155499,-1.60100102
1.12219499,-1.42521441
1.12283499,-1.42521441
1.12347499,-1.42521441
1.12411499,-1.42521441
1.12475499,-1.42521441
1.12539499,-1.42521441
1.12603499,-1.42521441
1.12667499,-1.42521441
1.12731499,-1.42521441
1.12795499,-1.42521441
1.12859499,-1.24881744
1.12923499,-1.24881744
1.12987499,-1.42521441
1.13051499,-1.42521441
1.13115499,-1.42521441
1.13179499,-1.24881744
1.13243499,-1.42521441
1.13307499,-1.42521441
1.13371499,-1.42521441
1.13435499,-1.42521441
1.13499499,-1.42521441
1.13563499,-1.42521441
1.13627499,-1.42521441
1.13691499,-1.60100102
1.13755499,-1.60100102
1.13819499,-1.42521441
1.13883499,-1.60100102
1.13947499,-1.60100102
1.14011499,-1.60100102
1.14075499,-1.60100102
1.14139499,-1.60100102
1.14203499,-1.60100102
1.14267499,-1.60100102
1.14331499,-1.60100102
1.14395499,-1.60100102
1.14459499,-1.60100102
1.14523499,-1.77739799
1.14587499,-1.77739799
1.14651499,-1.77739799
1.14715499,-1.77739799
1.14779499,-1.77739799
1.14843499,-1.77739799
1.14907499,-1.77739799
1.14971499,-1.77739799
1.15035499,-1.77739799
1.15099499,-1.77739799
1.15163499,-1.77739799
1.15227499,-1.60100102
1.15291499,-1.77739799
1.15355499,-1.60100102
1.15419499,-1.77739799
1.15483499,-1.60100102
1.15547499,-1.60100102
1.15611499,-1.60100102
1.15675499,-1.42521441
1.15739499,-1.42521441
1.15803499,-1.42521441
1.15867499,-1.42521441
1.15931499,-1.24881744
1.15995499,-1.42521441
1.16059499,-1.24881744
1.16123499,-1.24881744
1.16187499,-1.07242048
1.16251499,-1.07242048
1.16315499,-1.07242048
1.16379499,-0.89602345
1.16443499,-0.89602345
1.16507499,-0.89602345
1.16571499,-0.72023684
1.16635499,-0.54383981
1.16699499,-0.54383981
1.16763499,-0.36744285
1.16827499,-0.36744285
1.16891499,-0.36744285
1.16955499,-0.36744285
1.17019499,-0.19104587
1.17083499,-0.01525925
1.17147499,0.16052736
1.17211499,0.16052736
1.17275499,0.33692434
1.17339499,0.33692434
1.17403499,0.51332134
1.17467499,0.51332134
1.17531499,0.68971831
1.17595499,0.68971831
1.17659499,0.86550492
1.17723499,0.86550492
1.17787499,1.04190195
1.17851499,1.04190195
1.17915499,1.21829891
1.17979499,1.21829891
1.18043499,1.39469588
1.18107499,1.57048249
1.18171499,1.57048249
1.18235499,1.74687946
1.18299499,1.74687946
1.18363499,1.92327642
1.18427499,1.92327642
1.18491499,2.09967351
1.18555499,2.09967351
1.18619499,2.27546000
1.18683499,2.27546000
1.18747499,2.45185709
1.18811499,2.45185709
1.18875499,2.45185709
1.18939499,2.62825394
1.19003499,2.62825394
1.19067499,2.62825394
1.19131499,2.80465102
1.19195499,2.80465102
1.19259499,2.80465102
1.19323499,2.80465102
1.19387499,2.98043752
1.19451499,2.98043752
1.19515499,2.98043752
1.19579499,3.15683460
1.19643499,3.15683460
1.19707499,3.15683460
1.19771499,3.15683460
1.19835499,3.15683460
1.19899499,3.15683460
1.19963499,3.15683460
1.20027499,3.15683460
1.20091499,3.15683460
1.20155499,3.15683460
1.20219499,3.15683460
1.20283499,3.15683460
1.20347499,3.15683460
1.20411499,2.98043752
1.20475499,3.15683460
1.20539499,3.15683460
1.20603499,2.98043752
1.20667499,2.98043752
1.20731499,2.98043752
1.20795499,2.98043752
1.20859499,2.98043752
1.20923499,2.98043752
1.20987499,2.80465102
1.21051499,2.80465102
1.21115499,2.62825394
1.21179499,2.62825394
1.21243499,2.62825394
1.21307499,2.62825394
1.21371499,2.45185709
1.21435499,2.45185709
1.21499499,2.45185709
1.21563499,2.45185709
1.21627499,2.27546000
1.21691499,2.27546000
1.21755499,2.27546000
1.21819499,2.09967351
1.21883499,2.09967351
1.21947499,2.09967351
1.22011499,1.92327642
1.22075499,1.92327642
1.22139499,1.92327642
1.22203499,1.92327642
1.22267499,1.74687946
1.22331499,1.74687946
1.22395499,1.74687946
1.22459499,1.74687946
1.22523499,1.74687946
1.22587499,1.74687946
1.22651499,1.57048249
1.22715499,1.57048249
1.22779499,1.57048249
1.22843499,1.57048249
1.22907499,1.57048249
1.22971499,1.57048249
1.23035499,1.39469588
1.23099499,1.39469588
1.23163499,1.39469588
1.23227499,1.39469588
1.23291499,1.39469588
1.23355499,1.39469588
1.23419499,1.21829891
1.23483499,1.39469588
1.23547499,1.39469588
1.23611499,1.39469588
1.23675499,1.39469588
1.23739499,1.21829891
1.23803499,1.39469588
1.23867499,1.39469588
1.23931499,1.39469588
1.23995499,1.39469588
1.24059499,1.21829891
1.24123499,1.21829891
1.24187499,1.39469588
1.24251499,1.21829891
1.24315499,1.39469588
1.24379499,1.39469588
1.24443499,1.39469588
1.24507499,1.39469588
1.24571499,1.39469588
1.24635499,1.39469588
1.24699499,1.57048249
1.24763499,1.57048249
1.24827499,1.39469588
1.24891499,1.39469588
1.24955499,1.57048249
1.25019499,1.57048249
1.25083499,1.57048249
1.25147499,1.57048249
1.25211499,1.57048249
1.25275499,1.57048249
1.25339499,1.57048249
1.25403499,1.57048249
1.25467499,1.57048249
1.25531499,1.57048249
1.25595499,1.57048249
1.25659499,1.57048249
1.25723499,1.57048249
1.25787499,1.57048249
1.25851499,1.57048249
1.25915499,1.57048249
1.25979499,1.57048249
1.26043499,1.57048249
1.26107499,1.39469588
1.26171499,1.39469588
1.26235499,1.21829891
1.26299499,1.39469588
1.26363499,1.39469588
1.26427499,1.21829891
1.26491499,1.21829891
1.26555499,1.21829891
1.26619499,1.04190195
1.26683499,1.04190195
1.26747499,1.04190195
1.26811499,1.04190195
1.26875499,1.04190195
1.26939499,0.86550492
1.27003499,0.86550492
1.27067499,0.86550492
1.27131499,0.68971831
1.27195499,0.68971831
1.27259499,0.51332134
1.27323499,0.51332134
1.27387499,0.33692434
1.27451499,0.33692434
1.27515499,0.33692434
1.27579499,0.33692434
1.27643499,0.16052736
1.27707499,0.16052736
1.27771499,-0.01525925
1.27835499,-0.19104587
1.27899499,-0.19104587
1.27963499,-0.19104587
1.28027499,-0.36744285
1.28091499,-0.54383981
1.28155499,-0.54383981
1.28219499,-0.72023684
1.28283499,-0.72023684
1.28347499,-0.89602345
1.28411499,-0.89602345
1.28475499,-0.89602345
1.28539499,-1.07242048
1.28603499,-1.24881744
1.28667499,-1.24881744
1.28731499,-1.24881744
1.28795499,-1.60100102
1.28859499,-1.60100102
1.28923499,-1.60100102
1.28987499,-1.77739799
1.29051499,-1.77739799
1.29115499,-1.77739799
1.29179499,-1.95379496
1.29243499,-1.95379496
1.29307499,-2.13019204
1.29371499,-2.13019204
1.29435499,-2.30597854
1.29499499,-2.30597854
1.29563499,-2.30597854
1.29627499,-2.48237562
1.29691499,-2.48237562
1.29755499,-2.48237562
1.29819499,-2.48237562
1.29883499,-2.48237562
1.29947499,-2.48237562
1.30011499,-2.65877247
1.30075499,-2.65877247
1.30139499,-2.65877247
1.30203499,-2.65877247
1.30267499,-2.65877247
1.30331499,-2.83516955
1.30395499,-2.83516955
1.30459499,-2.83516955
1.30523499,-2.83516955
1.30587499,-2.83516955
1.30651499,-2.83516955
1.30715499,-3.01095605
1.30779499,-2.83516955
1.30843499,-2.83516955
1.30907499,-3.01095605
1.30971499,-2.83516955
1.31035499,-2.83516955
1.31099499,-2.83516955
1.31163499,-2.83516955
1.31227499,-2.83516955
1.31291499,-2.65877247
1.31355499,-2.65877247
1.31419499,-2.65877247
1.31483499,-2.65877247
1.31547499,-2.65877247
1.31611499,-2.65877247
1.31675499,-2.48237562
1.31739499,-2.48237562
1.31803499,-2.48237562
1.31867499,-2.48237562
1.31931499,-2.30597854
1.31995499,-2.30597854
1.32059499,-2.30597854
1.32123499,-2.30597854
1.32187499,-2.30597854
1.32251499,-2.30597854
1.32315499,-2.13019204
1.32379499,-2.13019204
1.32443499,-2.13019204
1.32507499,-1.95379496
1.32571499,-1.95379496
1.32635499,-1.95379496
1.32699499,-1.95379496
1.32763499,-1.77739799
1.32827499,-1.77739799
1.32891499,-1.77739799
1.32955499,-1.77739799
1.33019499,-1.77739799
1.33083499,-1.60100102
1.33147499,-1.60100102
1.33211499,-1.60100102
1.33275499,-1.60100102
1.33339499,-1.60100102
1.33403499,-1.60100102
1.33467499,-1.42521441
1.33531499,-1.42521441
1.33595499,-1.42521441
1.33659499,-1.42521441
1.33723499,-1.42521441
1.33787499,-1.24881744
1.33851499,-1.24881744
1.33915499,-1.24881744
1.33979499,-1.24881744
1.34043499,-1.24881744
1.34107499,-1.24881744
1.34171499,-1.24881744
1.34235499,-1.24881744
1.34299499,-1.24881744
1.34363499,-1.24881744
1.34427499,-1.24881744
1.34491499,-1.24881744
1.34555499,-1.24881744
1.34619499,-1.24881744
1.34683499,-1.24881744
1.34747499,-1.24881744
1.34811499,-1.24881744
1.34875499,-1.24881744
1.34939499,-1.24881744
1.35003499,-1.24881744
1.35067499,-1.24881744
1.35131499,-1.24881744
1.35195499,-1.24881744
1.35259499,-1.24881744
1.35323499,-1.24881744
1.35387499,-1.24881744
1.35451499,-1.24881744
1.35515499,-1.24881744
1.35579499,-1.24881744
1.35643499,-1.42521441
1.35707499,-1.24881744
1.35771499,-1.24881744
1.35835499,-1.24881744
1.35899499,-1.24881744
1.35963499,-1.24881744
1.36027499,-1.24881744
1.36091499,-1.24881744
1.36155499,-1.24881744
1.36219499,-1.24881744
1.36283499,-1.24881744
1.36347499,-1.24881744
1.36411499,-1.24881744
1.36475499,-1.24881744
1.36539499,-1.24881744
1.36603499,-1.24881744
1.36667499,-1.24881744
1.36731499,-1.07242048
1.36795499,-1.07242048
1.36859499,-1.24881744
1.36923499,-1.07242048
1.36987499,-1.07242048
1.37051499,-1.07242048
1.37115499,-0.89602345
1.37179499,-0.89602345
1.37243499,-0.89602345
1.37307499,-0.89602345
1.37371499,-0.89602345
1.37435499,-0.89602345
1.37499499,-0.72023684
1.37563499,-0.72023684
1.37627499,-0.72023684
1.37691499,-0.54383981
1.37755499,-0.54383981
1.37819499,-0.54383981
1.37883499,-0.36744285
1.37947499,-0.36744285
1.38011499,-0.36744285
1.38075499,-0.19104587
1.38139499,-0.19104587
1.38203499,-0.19104587
1.38267499,-0.01525925
1.38331499,0.16052736
1.38395499,0.16052736
1.38459499,0.16052736
1.38523499,0.33692434
1.38587499,0.33692434
1.38651499,0.51332134
1.38715499,0.51332134
1.38779499,0.51332134
1.38843499,0.51332134
1.38907499,0.86550492
1.38971499,0.86550492
1.39035499,0.86550492
1.39099499,0.86550492
1.39163499,1.21829891
1.39227499,1.04190195
1.39291499,1.21829891
1.39355499,1.21829891
1.39419499,1.39469588
1.39483499,1.57048249
1.39547499,1.57048249
1.39611499,1.57048249
1.39675499,1.74687946
1.39739499,1.74687946
1.39803499,1.74687946
1.39867499,1.92327642
1.39931499,1.92327642
1.39995499,1.92327642
1.40059499,1.92327642
1.40123499,2.09967351
1.40187499,2.27546000
1.40251499,2.27546000
1.40315499,2.27546000
1.40379499,2.27546000
1.40443499,2.45185709
1.40507499,2.45185709
1.40571499,2.45185709
1.40635499,2.45185709
1.40699499,2.45185709
1.40763499,2.62825394
1.40827499,2.62825394
1.40891499,2.62825394
1.40955499,2.62825394
1.41019499,2.62825394
1.41083499,2.62825394
1.41147499,2.62825394
1.41211499,2.62825394
1.41275499,2.62825394
1.41339499,2.62825394
1.41403499,2.62825394
1.41467499,2.80465102
1.41531499,2.62825394
1.41595499,2.62825394
1.41659499,2.62825394
1.41723499,2.62825394
1.41787499,2.62825394
1.41851499,2.62825394
1.41915499,2.62825394
1.41979499,2.62825394
1.42043499,2.62825394
1.42107499,2.62825394
1.42171499,2.62825394
1.42235499,2.62825394
1.42299499,2.45185709
1.42363499,2.45185709
1.42427499,2.45185709
1.42491499,2.45185709
1.42555499,2.45185709
1.42619499,2.27546000
1.42683499,2.27546000
1.42747499,2.27546000
1.42811499,2.27546000
1.42875499,2.09967351
1.42939499,2.09967351
1.43003499,2.09967351
1.43067499,1.92327642
1.43131499,2.09967351
1.43195499,1.92327642
1.43259499,1.92327642
1.43323499,1.92327642
1.43387499,1.92327642
1.43451499,1.92327642
1.43515499,1.74687946
1.43579499,1.74687946
1.43643499,1.74687946
1.43707499,1.57048249
1.43771499,1.57048249
1.43835499,1.57048249
1.43899499,1.74687946
1.43963499,1.57048249
1.44027499,1.57048249
1.44091499,1.57048249
1.44155499,1.39469588
1.44219499,1.39469588
1.44283499,1.39469588
1.44347499,1.21829891
1.44411499,1.39469588
1.44475499,1.39469588
1.44539499,1.21829891
1.44603499,1.21829891
1.44667499,1.21829891
1.44731499,1.21829891
1.44795499,1.21829891
1.44859499,1.21829891
1.44923499,1.21829891
1.44987499,1.21829891
1.45051499,1.21829891
1.45115499,1.21829891
1.45179499,1.04190195
1.45243499,1.21829891
1.45307499,1.21829891
1.45371499,1.21829891
1.45435499,1.21829891
1.45499499,1.21829891
1.45563499,1.04190195
1.45627499,1.21829891
1.45691499,1.21829891
1.45755499,1.21829891
1.45819499,1.21829891
1.45883499,1.21829891
1.45947499,1.21829891
1.46011499,1.21829891
1.46075499,1.21829891
1.46139499,1.21829891
1.46203499,1.21829891
1.46267499,1.21829891
1.46331499,1.21829891
1.46395499,1.21829891
1.46459499,1.21829891
1.46523499,1.21829891
1.46587499,1.21829891
1.46651499,1.21829891
1.46715499,1.21829891
1.46779499,1.21829891
1.46843499,1.21829891
1.46907499,1.21829891
1.46971499,1.21829891
1.47035499,1.21829891
1.47099499,1.21829891
1.47163499,1.04190195
1.47227499,1.04190195
1.47291499,1.04190195
1.47355499,1.04190195
1.47419499,1.04190195
1.47483499,1.04190195
1.47547499,1.04190195
1.47611499,1.04190195
1.47675499,0.86550492
1.47739499,0.86550492
1.47803499,0.86550492
1.47867499,0.86550492
1.47931499,0.86550492
1.47995499,0.68971831
1.48059499,0.68971831
1.48123499,0.68971831
1.48187499,0.51332134
1.48251499,0.51332134
1.48315499,0.51332134
1.48379499,0.51332134
1.48443499,0.33692434
1.48507499,0.33692434
1.48571499,0.33692434
1.48635499,0.33692434
1.48699499,0.16052736
1.48763499,0.16052736
1.48827499,0.16052736
1.48891499,-0.01525925
1.48955499,-0.01525925
1.49019499,-0.19104587
1.49083499,-0.19104587
1.49147499,-0.36744285
1.49211499,-0.36744285
1.49275499,-0.36744285
1.49339499,-0.36744285
1.49403499,-0.36744285
1.49467499,-0.54383981
1.49531499,-0.72023684
1.49595499,-0.72023684
1.49659499,-0.89602345
1.49723499,-0.89602345
1.49787499,-0.89602345
1.49851499,-1.07242048
1.49915499,-1.07242048
1.49979499,-1.24881744
1.50043499,-1.24881744
1.50107499,-1.42521441
1.50171499,-1.42521441
1.50235499,-1.60100102
1.50299499,-1.60100102
1.50363499,-1.60100102
1.50427499,-1.60100102
1.50491499,-1.77739799
1.50555499,-1.77739799
1.50619499,-1.77739799
1.50683499,-1.77739799
1.50747499,-1.77739799
1.50811499,-1.95379496
1.50875499,-1.95379496
1.50939499,-2.13019204
1.51003499,-2.13019204
1.51067499,-2.13019204
1.51131499,-2.30597854
1.51195499,-2.30597854
1.51259499,-2.30597854
1.51323499,-2.48237562
1.51387499,-2.30597854
1.51451499,-2.30597854
1.51515499,-2.48237562
1.51579499,-2.48237562
1.51643499,-2.48237562
1.51707499,-2.48237562
1.51771499,-2.48237562
1.51835499,-2.48237562
1.51899499,-2.48237562
1.51963499,-2.48237562
1.52027499,-2.48237562
1.52091499,-2.48237562
1.52155499,-2.48237562
1.52219499,-2.48237562
1.52283499,-2.48237562
1.52347499,-2.48237562
1.52411499,-2.48237562
1.52475499,-2.48237562
1.52539499,-2.48237562
1.52603499,-2.30597854
1.52667499,-2.48237562
1.52731499,-2.30597854
1.52795499,-2.30597854
1.52859499,-2.30597854
1.52923499,-2.30597854
1.52987499,-2.30597854
1.53051499,-2.30597854
1.53115499,-2.30597854
1.53179499,-2.13019204
1.53243499,-2.30597854
1.53307499,-2.13019204
1.53371499,-2.13019204
1.53435499,-2.13019204
1.53499499,-2.13019204
1.53563499,-1.95379496
1.53627499,-1.95379496
1.53691499,-1.95379496
1.53755499,-1.95379496
1.53819499,-1.95379496
1.53883499,-1.77739799
1.53947499,-1.77739799
1.54011499,-1.77739799
1.54075499,-1.77739799
1.54139499,-1.77739799
1.54203499,-1.60100102
1.54267499,-1.60100102
1.54331499,-1.60100102
1.54395499,-1.60100102
1.54459499,-1.60100102
1.54523499,-1.60100102
1.54587499,-1.60100102
1.54651499,-1.60100102
1.54715499,-1.42521441
1.54779499,-1.42521441
1.54843499,-1.24881744
1.54907499,-1.24881744
1.54971499,-1.24881744
1.55035499,-1.24881744
1.55099499,-1.24881744
1.55163499,-1.24881744
1.55227499,-1.24881744
1.55291499,-1.24881744
1.55355499,-1.24881744
1.55419499,-1.07242048
1.55483499,-1.07242048
1.55547499,-1.07242048
1.55611499,-1.07242048
1.55675499,-1.07242048
1.55739499,-1.07242048
1.55803499,-1.07242048
1.55867499,-1.07242048
1.55931499,-1.07242048
1.55995499,-1.07242048
1.56059499,-1.07242048
1.56123499,-1.07242048
1.56187499,-1.07242048
1.56251499,-1.07242048
1.56315499,-1.07242048
1.56379499,-1.07242048
1.56443499,-1.07242048
1.56507499,-1.07242048
1.56571499,-1.07242048
1.56635499,-1.07242048
1.56699499,-1.07242048
1.56763499,-0.89602345
1.56827499,-0.89602345
1.56891499,-0.89602345
1.56955499,-1.07242048
1.57019499,-1.07242048
1.57083499,-0.89602345
1.57147499,-0.89602345
1.57211499,-0.89602345
1.57275499,-0.89602345
1.57339499,-0.89602345
1.57403499,-0.89602345
1.57467499,-0.89602345
1.57531499,-0.89602345
1.57595499,-0.89602345
1.57659499,-0.89602345
1.57723499,-0.89602345
1.57787499,-0.89602345
1.57851499,-0.89602345
1.57915499,-0.89602345
1.57979499,-0.89602345
1.58043499,-0.89602345
1.58107499,-0.89602345
1.58171499,-0.89602345
1.58235499,-0.72023684
1.58299499,-0.72023684
1.58363499,-0.72023684
1.58427499,-0.72023684
1.58491499,-0.72023684
1.58555499,-0.54383981
1.58619499,-0.54383981
1.58683499,-0.54383981
1.58747499,-0.54383981
1.58811499,-0.36744285
1.58875499,-0.36744285
1.58939499,-0.36744285
1.59003499,-0.36744285
1.59067499,-0.19104587
1.59131499,-0.36744285
1.59195499,-0.19104587
1.59259499,-0.19104587
1.59323499,-0.01525925
1.59387499,-0.01525925
1.59451499,0.16052736
1.59515499,0.16052736
1.59579499,0.16052736
1.59643499,0.33692434
1.59707499,0.33692434
1.59771499,0.33692434
1.59835499,0.33692434
1.59899499,0.51332134
1.59963499,0.51332134
1.60027499,0.51332134
1.60091499,0.51332134
1.60155499,0.68971831
1.60219499,0.86550492
1.60283499,0.86550492
1.60347499,0.86550492
1.60411499,1.04190195
1.60475499,1.04190195
1.60539499,1.21829891
1.60603499,1.21829891
1.60667499,1.21829891
1.60731499,1.21829891
1.60795499,1.39469588
1.60859499,1.39469588
1.60923499,1.57048249
1.60987499,1.57048249
1.61051499,1.57048249
1.61115499,1.74687946
1.61179499,1.74687946
1.61243499,1.74687946
1.61307499,1.74687946
1.61371499,1.74687946
1.61435499,1.92327642
1.61499499,1.92327642
1.61563499,1.92327642
1.61627499,2.09967351
1.61691499,2.09967351
1.61755499,2.09967351
1.61819499,2.09967351
1.61883499,2.27546000
1.61947499,2.27546000
1.62011499,2.27546000
1.62075499,2.27546000
1.62139499,2.27546000
1.62203499,2.27546000
1.62267499,2.27546000
1.62331499,2.27546000
1.62395499,2.27546000
1.62459499,2.45185709
1.62523499,2.27546000
1.62587499,2.45185709
1.62651499,2.45185709
1.62715499,2.45185709
1.62779499,2.45185709
1.62843499,2.45185709
1.62907499,2.45185709
1.62971499,2.45185709
1.63035499,2.45185709
1.63099499,2.45185709
1.63163499,2.45185709
1.63227499,2.27546000
1.63291499,2.27546000
1.63355499,2.27546000
1.63419499,2.27546000
1.63483499,2.27546000
1.63547499,2.27546000
1.63611499,2.09967351
1.63675499,2.27546000
1.63739499,2.09967351
1.63803499,2.09967351
1.63867499,2.27546000
1.63931499,2.09967351
1.63995499,1.92327642
1.64059499,1.92327642
1.64123499,1.92327642
1.64187499,1.92327642
1.64251499,1.92327642
1.64315499,1.92327642
1.64379499,1.92327642
1.64443499,1.92327642
1.64507499,1.74687946
1.64571499,1.74687946
1.64635499,1.74687946
1.64699499,1.74687946
1.64763499,1.74687946
1.64827499,1.74687946
1.64891499,1.57048249
1.64955499,1.57048249
1.65019499,1.57048249
1.65083499,1.57048249
1.65147499,1.57048249
1.65211499,1.57048249
1.65275499,1.57048249
1.65339499,1.39469588
1.65403499,1.39469588
1.65467499,1.39469588
1.65531499,1.39469588
1.65595499,1.21829891
1.65659499,1.21829891
1.65723499,1.21829891
1.65787499,1.21829891
1.65851499,1.21829891
1.65915499,1.21829891
1.65979499,1.21829891
1.66043499,1.21829891
1.66107499,1.21829891
1.66171499,1.21829891
1.66235499,1.04190195
1.66299499,1.04190195
1.66363499,1.04190195
1.66427499,1.04190195
1.66491499,1.04190195
1.66555499,1.04190195
1.66619499,1.04190195
1.66683499,1.04190195
1.66747499,1.04190195
1.66811499,1.04190195
1.66875499,1.04190195
1.66939499,1.04190195
1.67003499,1.04190195
1.67067499,1.04190195
1.67131499,1.04190195
1.67195499,1.04190195
1.67259499,1.04190195
1.67323499,1.04190195
1.67387499,1.04190195
1.67451499,0.86550492
1.67515499,0.86550492
1.67579499,0.86550492
1.67643499,1.04190195
1.67707499,1.04190195
1.67771499,0.86550492
1.67835499,0.86550492
1.67899499,1.04190195
1.67963499,0.86550492
1.68027499,0.86550492
1.68091499,0.86550492
1.68155499,0.86550492
1.68219499,0.86550492
1.68283499,0.86550492
1.68347499,0.86550492
1.68411499,0.86550492
1.68475499,0.86550492
1.68539499,0.68971831
1.68603499,0.68971831
1.68667499,0.68971831
1.68731499,0.68971831
1.68795499,0.68971831
1.68859499,0.68971831
1.68923499,0.68971831
1.68987499,0.51332134
1.69051499,0.51332134
1.69115499,0.51332134
1.69179499,0.51332134
1.69243499,0.51332134
1.69307499,0.51332134
1.69371499,0.33692434
1.69435499,0.33692434
1.69499499,0.33692434
1.69563499,0.33692434
1.69627499,0.33692434
1.69691499,0.33692434
1.69755499,0.33692434
1.69819499,0.16052736
1.69883499,0.16052736
1.69947499,0.16052736
1.70011499,-0.01525925
1.70075499,-0.01525925
1.70139499,-0.01525925
1.70203499,-0.19104587
1.70267499,-0.19104587
1.70331499,-0.19104587
1.70395499,-0.19104587
1.70459499,-0.36744285
1.70523499,-0.36744285
1.70587499,-0.36744285
1.70651499,-0.36744285
1.70715499,-0.54383981
1.70779499,-0.72023684
1.70843499,-0.72023684
1.70907499,-0.89602345
1.70971499,-0.89602345
1.71035499,-0.89602345
1.71099499,-0.89602345
1.71163499,-0.89602345
1.71227499,-1.07242048
1.71291499,-1.07242048
1.71355499,-1.07242048
1.71419499,-1.24881744
1.71483499,-1.24881744
1.71547499,-1.24881744
1.71611499,-1.42521441
1.71675499,-1.42521441
1.71739499,-1.60100102
1.71803499,-1.60100102
1.71867499,-1.60100102
1.71931499,-1.60100102
1.71995499,-1.60100102
1.72059499,-1.77739799
1.72123499,-1.77739799
1.72187499,-1.77739799
1.72251499,-1.77739799
1.72315499,-1.77739799
1.72379499,-1.77739799
1.72443499,-1.95379496
1.72507499,-1.95379496
1.72571499,-1.95379496
1.72635499,-2.13019204
1.72699499,-1.95379496
1.72763499,-2.13019204
1.72827499,-2.13019204
1.72891499,-2.13019204
1.72955499,-2.13019204
1.73019499,-2.30597854
1.73083499,-2.30597854
1.73147499,-2.30597854
1.73211499,-2.30597854
1.73275499,-2.13019204
1.73339499,-2.30597854
1.73403499,-2.30597854
1.73467499,-2.30597854
1.73531499,-2.13019204
1.73595499,-2.30597854
1.73659499,-2.13019204
1.73723499,-2.30597854
1.73787499,-2.30597854
1.73851499,-2.13019204
1.73915499,-2.13019204
1.73979499,-2.13019204
1.74043499,-2.13019204
1.74107499,-2.13019204
1.74171499,-2.13019204
1.74235499,-2.13019204
1.74299499,-1.95379496
1.74363499,-1.95379496
1.74427499,-2.13019204
1.74491499,-1.95379496
1.74555499,-1.95379496
1.74619499,-1.95379496
1.74683499,-1.95379496
1.74747499,-1.77739799
1.74811499,-1.95379496
1.74875499,-1.77739799
1.74939499,-1.77739799
1.75003499,-1.77739799
1.75067499,-1.77739799
1.75131499,-1.77739799
1.75195499,-1.77739799
1.75259499,-1.60100102
1.75323499,-1.60100102
1.75387499,-1.60100102
1.75451499,-1.60100102
1.75515499,-1.60100102
1.75579499,-1.60100102
1.75643499,-1.42521441
1.75707499,-1.42521441
1.75771499,-1.42521441
1.75835499,-1.42521441
1.75899499,-1.42521441
1.75963499,-1.24881744
1.76027499,-1.24881744
1.76091499,-1.24881744
1.76155499,-1.24881744
1.76219499,-1.24881744
1.76283499,-1.07242048
1.76347499,-1.07242048
1.76411499,-1.07242048
1.76475499,-1.07242048
1.76539499,-1.07242048
1.76603499,-1.07242048
1.76667499,-1.07242048
1.76731499,-0.89602345
1.76795499,-1.07242048
1.76859499,-1.07242048
1.76923499,-0.89602345
1.76987499,-0.89602345
1.77051499,-0.89602345
1.77115499,-0.89602345
1.77179499,-0.89602345
1.77243499,-0.89602345
1.77307499,-0.89602345
1.77371499,-0.89602345
1.77435499,-0.89602345
1.77499499,-0.89602345
1.77563499,-0.89602345
1.77627499,-0.89602345
1.77691499,-0.89602345
1.77755499,-0.89602345
1.77819499,-0.89602345
1.77883499,-0.72023684
1.77947499,-0.72023684
1.78011499,-0.89602345
1.78075499,-0.89602345
1.78139499,-0.72023684
1.78203499,-0.89602345
1.78267499,-0.72023684
1.78331499,-0.72023684
1.78395499,-0.72023684
1.78459499,-0.72023684
1.78523499,-0.89602345
1.78587499,-0.72023684
1.78651499,-0.72023684
1.78715499,-0.72023684
1.78779499,-0.72023684
1.78843499,-0.72023684
1.78907499,-0.54383981
1.78971499,-0.72023684
1.79035499,-0.54383981
1.79099499,-0.54383981
1.79163499,-0.54383981
1.79227499,-0.54383981
1.79291499,-0.54383981
1.79355499,-0.54383981
1.79419499,-0.54383981
1.79483499,-0.54383981
1.79547499,-0.54383981
1.79611499,-0.36744285
1.79675499,-0.36744285
1.79739499,-0.36744285
1.79803499,-0.36744285
1.79867499,-0.36744285
1.79931499,-0.36744285
1.79995499,-0.36744285
1.80059499,-0.19104587
1.80123499,-0.19104587
1.80187499,-0.19104587
1.80251499,-0.19104587
1.80315499,-0.19104587
1.80379499,-0.19104587
1.80443499,-0.01525925
1.80507499,-0.01525925
1.80571499,-0.01525925
1.80635499,-0.01525925
1.80699499,0.16052736
1.80763499,0.16052736
1.80827499,0.33692434
1.80891499,0.33692434
1.80955499,0.33692434
1.81019499,0.33692434
1.81083499,0.33692434
1.81147499,0.51332134
1.81211499,0.51332134
1.81275499,0.51332134
1.81339499,0.51332134
1.81403499,0.68971831
1.81467499,0.68971831
1.81531499,0.86550492
1.81595499,0.86550492
1.81659499,0.86550492
1.81723499,1.04190195
1.81787499,1.04190195
1.81851499,1.04190195
1.81915499,1.04190195
1.81979499,1.21829891
1.82043499,1.21829891
1.82107499,1.21829891
1.82171499,1.39469588
1.82235499,1.21829891
1.82299499,1.39469588
1.82363499,1.57048249
1.82427499,1.39469588
1.82491499,1.57048249
1.82555499,1.57048249
1.82619499,1.57048249
1.82683499,1.57048249
1.82747499,1.57048249
1.82811499,1.74687946
1.82875499,1.74687946
1.82939499,1.74687946
1.83003499,1.74687946
1.83067499,1.92327642
1.83131499,1.92327642
1.83195499,1.92327642
1.83259499,1.92327642
1.83323499,1.92327642
1.83387499,1.92327642
1.83451499,1.92327642
1.83515499,1.92327642
1.83579499,1.92327642
1.83643499,2.09967351
1.83707499,2.09967351
1.83771499,2.09967351
1.83835499,1.92327642
1.83899499,2.09967351
1.83963499,2.09967351
1.84027499,2.09967351
1.84091499,2.09967351
1.84155499,2.09967351
1.84219499,2.09967351
1.84283499,2.09967351
1.84347499,2.09967351
1.84411499,1.92327642
1.84475499,2.09967351
1.84539499,2.09967351
1.84603499,1.92327642
1.84667499,1.92327642
1.84731499,1.92327642
1.84795499,1.92327642
1.84859499,1.92327642
1.84923499,1.92327642
1.84987499,1.92327642
1.85051499,1.92327642
1.85115499,1.92327642
1.85179499,1.92327642
1.85243499,1.92327642
1.85307499,1.74687946
1.85371499,1.92327642
1.85435499,1.74687946
1.85499499,1.74687946
1.85563499,1.74687946
1.85627499,1.74687946
1.85691499,1.74687946
1.85755499,1.74687946
1.85819499,1.74687946
1.85883499,1.57048249
1.85947499,1.57048249
1.86011499,1.57048249
1.86075499,1.57048249
1.86139499,1.57048249
1.86203499,1.57048249
1.86267499,1.39469588
1.86331499,1.39469588
1.86395499,1.39469588
1.86459499,1.21829891
1.86523499,1.39469588
1.86587499,1.39469588
1.86651499,1.21829891
1.86715499,1.21829891
1.86779499,1.21829891
1.86843499,1.21829891
1.86907499,1.21829891
1.86971499,1.21829891
1.87035499,1.04190195
1.87099499,1.21829891
1.87163499,1.04190195
1.87227499,1.04190195
1.87291499,1.04190195
1.87355499,1.04190195
1.87419499,1.04190195
1.87483499,1.04190195
1.87547499,0.86550492
1.87611499,0.86550492
1.87675499,1.04190195
1.87739499,0.86550492
1.87803499,0.86550492
1.87867499,0.86550492
1.87931499,0.86550492
1.87995499,0.86550492
1.88059499,0.86550492
1.88123499,0.86550492
1.88187499,0.86550492
1.88251499,0.86550492
1.88315499,0.86550492
1.88379499,0.86550492
1.88443499,0.86550492
1.88507499,0.68971831
1.88571499,0.68971831
1.88635499,0.86550492
1.88699499,0.68971831
1.88763499,0.86550492
1.88827499,0.68971831
1.88891499,0.68971831
1.88955499,0.68971831
1.89019499,0.68971831
1.89083499,0.68971831
1.89147499,0.68971831
1.89211499,0.68971831
1.89275499,0.68971831
1.89339499,0.68971831
1.89403499,0.68971831
1.89467499,0.68971831
1.89531499,0.51332134
1.89595499,0.51332134
1.89659499,0.51332134
1.89723499,0.68971831
1.89787499,0.51332134
1.89851499,0.51332134
1.89915499,0.51332134
1.89979499,0.51332134
1.90043499,0.51332134
1.90107499,0.33692434
1.90171499,0.33692434
1.90235499,0.51332134
1.90299499,0.33692434
1.90363499,0.33692434
1.90427499,0.33692434
1.90491499,0.33692434
1.90555499,0.33692434
1.90619499,0.33692434
1.90683499,0.33692434
1.90747499,0.16052736
1.90811499,0.16052736
1.90875499,0.16052736
1.90939499,0.16052736
1.91003499,0.16052736
1.91067499,-0.01525925
1.91131499,-0.01525925
1.91195499,-0.01525925
1.91259499,-0.01525925
1.91323499,-0.19104587
1.91387499,-0.19104587
1.91451499,-0.19104587
1.91515499,-0.19104587
1.91579499,-0.36744285
1.91643499,-0.36744285
1.91707499,-0.36744285
1.91771499,-0.36744285
1.91835499,-0.36744285
1.91899499,-0.36744285
1.91963499,-0.54383981
1.92027499,-0.54383981
1.92091499,-0.54383981
1.92155499,-0.72023684
1.92219499,-0.89602345
1.92283499,-0.89602345
1.92347499,-0.89602345
1.92411499,-0.89602345
1.92475499,-0.89602345
1.92539499,-1.07242048
1.92603499,-1.07242048
1.92667499,-1.07242048
1.92731499,-1.07242048
1.92795499,-1.07242048
1.92859499,-1.24881744
1.92923499,-1.24881744
1.92987499,-1.24881744
1.93051499,-1.42521441
1.93115499,-1.42521441
1.93179499,-1.42521441
1.93243499,-1.42521441
1.93307499,-1.60100102
1.93371499,-1.60100102
1.93435499,-1.60100102
1.93499499,-1.60100102
1.93563499,-1.60100102
1.93627499,-1.60100102
1.93691499,-1.60100102
1.93755499,-1.77739799
1.93819499,-1.77739799
1.93883499,-1.77739799
1.93947499,-1.77739799
1.94011499,-1.77739799
1.94075499,-1.77739799
1.94139499,-1.95379496
1.94203499,-1.77739799
1.94267499,-1.95379496
1.94331499,-1.95379496
1.94395499,-1.77739799
1.94459499,-1.95379496
1.94523499,-1.95379496
1.94587499,-1.95379496
1.94651499,-1.95379496
1.94715499,-1.95379496
1.94779499,-1.95379496
1.94843499,-1.95379496
1.94907499,-1.95379496
1.94971499,-1.95379496
1.95035499,-1.95379496
1.95099499,-1.95379496
1.95163499,-1.95379496
1.95227499,-1.95379496
1.95291499,-1.95379496
1.95355499,-1.95379496
1.95419499,-1.77739799
1.95483499,-1.77739799
1.95547499,-1.77739799
1.95611499,-1.95379496
1.95675499,-1.77739799
1.95739499,-1.77739799
1.95803499,-1.77739799
1.95867499,-1.77739799
1.95931499,-1.77739799
1.95995499,-1.60100102
1.96059499,-1.60100102
1.96123499,-1.77739799
1.96187499,-1.60100102
1.96251499,-1.60100102
1.96315499,-1.60100102
1.96379499,-1.60100102
1.96443499,-1.60100102
1.96507499,-1.42521441
1.96571499,-1.42521441
1.96635499,-1.42521441
1.96699499,-1.42521441
1.96763499,-1.42521441
1.96827499,-1.42521441
1.96891499,-1.24881744
1.96955499,-1.24881744
1.97019499,-1.24881744
1.97083499,-1.24881744
1.97147499,-1.24881744
1.97211499,-1.24881744
1.97275499,-1.24881744
1.97339499,-1.24881744
1.97403499,-1.07242048
1.97467499,-1.07242048
1.97531499,-1.07242048
1.97595499,-1.07242048
1.97659499,-1.07242048
1.97723499,-1.07242048
1.97787499,-0.89602345
1.97851499,-0.89602345
1.97915499,-0.89602345
1.97979499,-0.89602345
1.98043499,-0.89602345
1.98107499,-0.89602345
1.98171499,-0.89602345
1.98235499,-0.89602345
1.98299499,-0.89602345
1.98363499,-0.89602345
1.98427499,-0.89602345
1.98491499,-0.89602345
1.98555499,-0.89602345
1.98619499,-0.72023684
1.98683499,-0.89602345
1.98747499,-0.72023684
1.98811499,-0.72023684
1.98875499,-0.72023684
1.98939499,-0.72023684
1.99003499,-0.54383981
1.99067499,-0.72023684
1.99131499,-0.54383981
1.99195499,-0.72023684
1.99259499,-0.72023684
1.99323499,-0.54383981
1.99387499,-0.72023684
1.99451499,-0.54383981
1.99515499,-0.54383981
1.99579499,-0.54383981
1.99643499,-0.54383981
1.99707499,-0.54383981
1.99771499,-0.54383981
1.99835499,-0.54383981
1.99899499,-0.54383981
1.99963499,-0.54383981
2.00027499,-0.54383981
2.00091499,-0.54383981
2.00155499,-0.54383981
2.00219499,-0.36744285
2.00283499,-0.54383981
2.00347499,-0.36744285
2.00411499,-0.36744285
2.00475499,-0.36744285
2.00539499,-0.36744285
2.00603499,-0.36744285
2.00667499,-0.36744285
2.00731499,-0.36744285
2.00795499,-0.36744285
2.00859499,-0.36744285
2.00923499,-0.36744285
2.00987499,-0.19104587
2.01051499,-0.19104587
2.01115499,-0.19104587
2.01179499,-0.19104587
2.01243499,-0.19104587
2.01307499,-0.01525925
2.01371499,-0.19104587
2.01435499,-0.01525925
2.01499499,-0.01525925
2.01563499,-0.01525925
2.01627499,-0.01525925
2.01691499,-0.01525925
2.01755499,0.16052736
2.01819499,0.16052736
2.01883499,0.16052736
2.01947499,0.16052736
2.02011499,0.16052736
2.02075499,0.33692434
2.02139499,0.33692434
2.02203499,0.33692434
2.02267499,0.33692434
2.02331499,0.33692434
2.02395499,0.51332134
2.02459499,0.51332134
2.02523499,0.51332134
2.02587499,0.68971831
2.02651499,0.68971831
2.02715499,0.68971831
2.02779499,0.68971831
2.02843499,0.86550492
2.02907499,0.68971831
2.02971499,0.86550492
2.03035499,0.86550492
2.03099499,0.86550492
2.03163499,1.04190195
2.03227499,1.04190195
2.03291499,1.04190195
2.03355499,1.21829891
2.03419499,1.21829891
2.03483499,1.21829891
2.03547499,1.21829891
2.03611499,1.21829891
2.03675499,1.21829891
2.03739499,1.39469588
2.03803499,1.39469588
2.03867499,1.39469588
2.03931499,1.39469588
2.03995499,1.57048249
2.04059499,1.57048249
2.04123499,1.57048249
2.04187499,1.57048249
2.04251499,1.57048249
2.04315499,1.57048249
2.04379499,1.74687946
2.04443499,1.57048249
2.04507499,1.74687946
2.04571499,1.74687946
2.04635499,1.74687946
2.04699499,1.74687946
2.04763499,1.74687946
2.04827499,1.74687946
2.04891499,1.74687946
2.04955499,1.74687946
2.05019499,1.74687946
2.05083499,1.74687946
2.05147499,1.74687946
2.05211499,1.74687946
2.05275499,1.92327642
2.05339499,1.92327642
2.05403499,1.74687946
2.05467499,1.92327642
2.05531499,1.74687946
2.05595499,1.92327642
2.05659499,1.74687946
2.05723499,1.92327642
2.05787499,1.74687946
2.05851499,1.92327642
2.05915499,1.74687946
2.05979499,1.74687946
2.06043499,1.74687946
2.06107499,1.74687946
2.06171499,1.74687946
2.06235499,1.74687946
2.06299499,1.74687946
2.06363499,1.74687946
2.06427499,1.74687946
2.06491499,1.74687946
2.06555499,1.74687946
2.06619499,1.74687946
2.06683499,1.74687946
2.06747499,1.57048249
2.06811499,1.74687946
2.06875499,1.57048249
2.06939499,1.57048249
2.07003499,1.57048249
2.07067499,1.57048249
2.07131499,1.57048249
2.07195499,1.39469588
2.07259499,1.39469588
2.07323499,1.39469588
2.07387499,1.39469588
2.07451499,1.39469588
2.07515499,1.39469588
2.07579499,1.21829891
2.07643499,1.21829891
2.07707499,1.21829891
2.07771499,1.04190195
2.07835499,1.21829891
2.07899499,1.21829891
2.07963499,1.21829891
2.08027499,1.04190195
2.08091499,1.21829891
2.08155499,1.04190195
2.08219499,1.04190195
2.08283499,1.04190195
2.08347499,1.04190195
2.08411499,1.04190195
2.08475499,1.04190195
2.08539499,1.04190195
2.08603499,0.86550492
2.08667499,0.86550492
2.08731499,0.86550492
2.08795499,0.86550492
2.08859499,0.86550492
2.08923499,0.86550492
2.08987499,0.86550492
2.09051499,0.86550492
2.09115499,0.86550492
2.09179499,0.86550492
2.09243499,0.68971831
2.09307499,0.68971831
2.09371499,0.68971831
2.09435499,0.68971831
2.09499499,0.68971831
2.09563499,0.68971831
2.09627499,0.68971831
2.09691499,0.68971831
2.09755499,0.68971831
2.09819499,0.68971831
2.09883499,0.51332134
2.09947499,0.51332134
2.10011499,0.51332134
2.10075499,0.51332134
2.10139499,0.51332134
2.10203499,0.51332134
2.10267499,0.51332134
2.10331499,0.51332134
2.10395499,0.51332134
2.10459499,0.51332134
2.10523499,0.51332134
2.10587499,0.51332134
2.10651499,0.51332134
2.10715499,0.33692434
2.10779499,0.51332134
2.10843499,0.33692434
2.10907499,0.33692434
2.10971499,0.33692434
2.11035499,0.33692434
2.11099499,0.33692434
2.11163499,0.33692434
2.11227499,0.33692434
2.11291499,0.33692434
2.11355499,0.33692434
2.11419499,0.33692434
2.11483499,0.33692434
2.11547499,0.33692434
2.11611499,0.33692434
2.11675499,0.16052736
2.11739499,0.16052736
2.11803499,0.16052736
2.11867499,0.16052736
2.11931499,0.16052736
2.11995499,0.16052736
2.12059499,0.16052736
2.12123499,0.16052736
2.12187499,-0.01525925
2.12251499,-0.01525925
2.12315499,-0.01525925
2.12379499,-0.01525925
2.12443499,-0.19104587
2.12507499,-0.19104587
2.12571499,-0.19104587
2.12635499,-0.19104587
2.12699499,-0.19104587
2.12763499,-0.19104587
2.12827499,-0.36744285
2.12891499,-0.36744285
2.12955499,-0.36744285
2.13019499,-0.36744285
2.13083499,-0.36744285
2.13147499,-0.36744285
2.13211499,-0.54383981
2.13275499,-0.54383981
2.13339499,-0.54383981
2.13403499,-0.54383981
2.13467499,-0.72023684
2.13531499,-0.72023684
2.13595499,-0.72023684
2.13659499,-0.72023684
2.13723499,-0.89602345
2.13787499,-0.89602345
2.13851499,-0.89602345
2.13915499,-0.89602345
2.13979499,-1.07242048
2.14043499,-1.07242048
2.14107499,-1.07242048
2.14171499,-1.07242048
2.14235499,-1.07242048
2.14299499,-1.07242048
2.14363499,-1.24881744
2.14427499,-1.24881744
2.14491499,-1.24881744
2.14555499,-1.42521441
2.14619499,-1.42521441
2.14683499,-1.42521441
2.14747499,-1.24881744
2.14811499,-1.42521441
2.14875499,-1.60100102
2.14939499,-1.60100102
2.15003499,-1.60100102
2.15067499,-1.60100102
2.15131499,-1.60100102
2.15195499,-1.60100102
2.15259499,-1.60100102
2.15323499,-1.60100102
2.15387499,-1.60100102
2.15451499,-1.60100102
2.15515499,-1.60100102
2.15579499,-1.77739799
2.15643499,-1.60100102
2.15707499,-1.60100102
2.15771499,-1.77739799
2.15835499,-1.77739799
2.15899499,-1.77739799
2.15963499,-1.60100102
2.16027499,-1.77739799
2.16091499,-1.77739799
2.16155499,-1.77739799
2.16219499,-1.77739799
2.16283499,-1.77739799
2.16347499,-1.77739799
2.16411499,-1.77739799
2.16475499,-1.60100102
2.16539499,-1.77739799
2.16603499,-1.77739799
2.16667499,-1.77739799
2.16731499,-1.60100102
2.16795499,-1.60100102
2.16859499,-1.60100102
2.16923499,-1.60100102
2.16987499,-1.60100102
2.17051499,-1.60100102
2.17115499,-1.60100102
2.17179499,-1.60100102
2.17243499,-1.60100102
2.17307499,-1.60100102
2.17371499,-1.60100102
2.17435499,-1.42521441
2.17499499,-1.42521441
2.17563499,-1.42521441
2.17627499,-1.42521441
2.17691499,-1.42521441
2.17755499,-1.42521441
2.17819499,-1.24881744
2.17883499,-1.42521441
2.17947499,-1.24881744
2.18011499,-1.24881744
2.18075499,-1.24881744
2.18139499,-1.24881744
2.18203499,-1.24881744
2.18267499,-1.07242048
2.18331499,-1.07242048
2.18395499,-1.07242048
2.18459499,-1.07242048
2.18523499,-1.07242048
2.18587499,-1.07242048
2.18651499,-1.07242048
2.18715499,-1.07242048
2.18779499,-1.07242048
2.18843499,-0.89602345
2.18907499,-0.89602345
2.18971499,-0.89602345
2.19035499,-0.89602345
2.19099499,-0.89602345
2.19163499,-0.89602345
2.19227499,-0.89602345
2.19291499,-0.89602345
2.19355499,-0.89602345
2.19419499,-0.72023684
2.19483499,-0.72023684
2.19547499,-0.72023684
2.19611499,-0.72023684
2.19675499,-0.72023684
2.19739499,-0.54383981
2.19803499,-0.72023684
2.19867499,-0.72023684
2.19931499,-0.54383981
2.19995499,-0.72023684
2.20059499,-0.54383981
2.20123499,-0.54383981
2.20187499,-0.54383981
2.20251499,-0.54383981
2.20315499,-0.54383981
2.20379499,-0.54383981
2.20443499,-0.36744285
2.20507499,-0.54383981
2.20571499,-0.36744285
2.20635499,-0.54383981
2.20699499,-0.36744285
2.20763499,-0.54383981
2.20827499,-0.36744285
2.20891499,-0.36744285
2.20955499,-0.36744285
2.21019499,-0.36744285
2.21083499,-0.36744285
2.21147499,-0.36744285
2.21211499,-0.36744285
2.21275499,-0.36744285
2.21339499,-0.36744285
2.21403499,-0.36744285
2.21467499,-0.36744285
2.21531499,-0.36744285
2.21595499,-0.19104587
2.21659499,-0.36744285
2.21723499,-0.36744285
2.21787499,-0.36744285
2.21851499,-0.19104587
2.21915499,-0.19104587
2.21979499,-0.19104587
2.22043499,-0.19104587
2.22107499,-0.19104587
2.22171499,-0.19104587
2.22235499,-0.19104587
2.22299499,-0.01525925
2.22363499,-0.19104587
2.22427499,-0.01525925
2.22491499,-0.01525925
2.22555499,-0.01525925
2.22619499,0.16052736
2.22683499,0.16052736
2.22747499,0.16052736
2.22811499,0.16052736
2.22875499,0.16052736
2.22939499,0.16052736
2.23003499,0.16052736
2.23067499,0.16052736
2.23131499,0.33692434
2.23195499,0.16052736
2.23259499,0.16052736
2.23323499,0.33692434
2.23387499,0.33692434
2.23451499,0.33692434
2.23515499,0.33692434
2.23579499,0.33692434
2.23643499,0.51332134
2.23707499,0.51332134
2.23771499,0.51332134
2.23835499,0.51332134
2.23899499,0.68971831
2.23963499,0.68971831
2.24027499,0.68971831
2.24091499,0.68971831
2.24155499,0.68971831
2.24219499,0.68971831
2.24283499,0.86550492
2.24347499,0.86550492
2.24411499,0.86550492
2.24475499,0.86550492
2.24539499,1.04190195
2.24603499,1.04190195
2.24667499,1.04190195
2.24731499,1.04190195
2.24795499,1.04190195
2.24859499,1.04190195
2.24923499,1.21829891
2.24987499,1.21829891
2.25051499,1.21829891
2.25115499,1.21829891
2.25179499,1.21829891
2.25243499,1.21829891
2.25307499,1.21829891
2.25371499,1.39469588
2.25435499,1.39469588
2.25499499,1.39469588
2.25563499,1.39469588
2.25627499,1.39469588
2.25691499,1.57048249
2.25755499,1.57048249
2.25819499,1.57048249
2.25883499,1.57048249
2.25947499,1.57048249
2.26011499,1.57048249
2.26075499,1.57048249
2.26139499,1.57048249
2.26203499,1.57048249
2.26267499,1.57048249
2.26331499,1.57048249
2.26395499,1.57048249
2.26459499,1.57048249
2.26523499,1.74687946
2.26587499,1.74687946
2.26651499,1.57048249
2.26715499,1.74687946
2.26779499,1.74687946
2.26843499,1.74687946
2.26907499,1.74687946
2.26971499,1.57048249
2.27035499,1.57048249
2.27099499,1.57048249
2.27163499,1.74687946
2.27227499,1.57048249
2.27291499,1.57048249
2.27355499,1.57048249
2.27419499,1.57048249
2.27483499,1.57048249
2.27547499,1.57048249
2.27611499,1.57048249
2.27675499,1.57048249
2.27739499,1.57048249
2.27803499,1.57048249
2.27867499,1.39469588
2.27931499,1.57048249
2.27995499,1.39469588
2.28059499,1.39469588
2.28123499,1.39469588
2.28187499,1.39469588
2.28251499,1.39469588
2.28315499,1.39469588
2.28379499,1.39469588
2.28443499,1.21829891
2.28507499,1.21829891
2.28571499,1.21829891
2.28635499,1.21829891
2.28699499,1.21829891
2.28763499,1.21829891
2.28827499,1.21829891
2.28891499,1.21829891
2.28955499,1.21829891
2.29019499,1.21829891
2.29083499,1.04190195
2.29147499,1.04190195
2.29211499,1.04190195
2.29275499,1.04190195
2.29339499,1.04190195
2.29403499,1.04190195
2.29467499,1.04190195
2.29531499,1.04190195
2.29595499,0.86550492
2.29659499,0.86550492
2.29723499,0.86550492
2.29787499,0.86550492
2.29851499,0.86550492
2.29915499,0.86550492
2.29979499,0.86550492
2.30043499,0.86550492
2.30107499,0.86550492
2.30171499,0.68971831
2.30235499,0.68971831
2.30299499,0.68971831
2.30363499,0.68971831
2.30427499,0.68971831
2.30491499,0.68971831
2.30555499,0.68971831
2.30619499,0.68971831
2.30683499,0.51332134
2.30747499,0.51332134
2.30811499,0.51332134
2.30875499,0.51332134
2.30939499,0.51332134
2.31003499,0.51332134
2.31067499,0.51332134
2.31131499,0.51332134
2.31195499,0.51332134
2.31259499,0.51332134
2.31323499,0.51332134
2.31387499,0.51332134
2.31451499,0.51332134
2.31515499,0.51332134
2.31579499,0.51332134
2.31643499,0.33692434
2.31707499,0.33692434
2.31771499,0.51332134
2.31835499,0.33692434
2.31899499,0.33692434
2.31963499,0.51332134
2.32027499,0.33692434
2.32091499,0.33692434
2.32155499,0.33692434
2.32219499,0.33692434
2.32283499,0.33692434
2.32347499,0.33692434
2.32411499,0.16052736
2.32475499,0.33692434
2.32539499,0.16052736
2.32603499,0.16052736
2.32667499,0.16052736
2.32731499,0.16052736
2.32795499,0.16052736
2.32859499,0.16052736
2.32923499,0.16052736
2.32987499,-0.01525925
2.33051499,-0.01525925
2.33115499,-0.01525925
2.33179499,-0.01525925
2.33243499,-0.01525925
2.33307499,-0.01525925
2.33371499,-0.01525925
2.33435499,-0.19104587
2.33499499,-0.19104587
2.33563499,-0.19104587
2.33627499,-0.19104587
2.33691499,-0.19104587
2.33755499,-0.19104587
2.33819499,-0.19104587
2.33883499,-0.19104587
2.33947499,-0.36744285
2.34011499,-0.19104587
2.34075499,-0.36744285
2.34139499,-0.36744285
2.34203499,-0.36744285
2.34267499,-0.36744285
2.34331499,-0.36744285
2.34395499,-0.54383981
2.34459499,-0.36744285
2.34523499,-0.54383981
2.34587499,-0.54383981
2.34651499,-0.54383981
2.34715499,-0.54383981
2.34779499,-0.54383981
2.34843499,-0.72023684
2.34907499,-0.72023684
2.34971499,-0.72023684
2.35035499,-0.89602345
2.35099499,-0.89602345
2.35163499,-0.89602345
2.35227499,-0.89602345
2.35291499,-0.89602345
2.35355499,-0.89602345
2.35419499,-1.07242048
2.35483499,-1.07242048
2.35547499,-1.07242048
2.35611499,-1.07242048
2.35675499,-1.07242048
2.35739499,-1.07242048
2.35803499,-1.07242048
2.35867499,-1.07242048
2.35931499,-1.24881744
2.35995499,-1.24881744
2.36059499,-1.24881744
2.36123499,-1.24881744
2.36187499,-1.24881744
2.36251499,-1.24881744
2.36315499,-1.42521441
2.36379499,-1.24881744
2.36443499,-1.24881744
2.36507499,-1.42521441
2.36571499,-1.42521441
2.36635499,-1.42521441
2.36699499,-1.42521441
2.36763499,-1.42521441
2.36827499,-1.60100102
2.36891499,-1.42521441
2.36955499,-1.60100102
2.37019499,-1.42521441
2.37083499,-1.42521441
2.37147499,-1.42521441
2.37211499,-1.42521441
2.37275499,-1.42521441
2.37339499,-1.42521441
2.37403499,-1.60100102
2.37467499,-1.60100102
2.37531499,-1.60100102
2.37595499,-1.42521441
2.37659499,-1.60100102
2.37723499,-1.60100102
2.37787499,-1.60100102
2.37851499,-1.60100102
2.37915499,-1.60100102
2.37979499,-1.60100102
2.38043499,-1.42521441
2.38107499,-1.42521441
2.38171499,-1.42521441
2.38235499,-1.42521441
2.38299499,-1.42521441
2.38363499,-1.42521441
2.38427499,-1.42521441
2.38491499,-1.24881744
2.38555499,-1.42521441
2.38619499,-1.42521441
2.38683499,-1.24881744
2.38747499,-1.24881744
2.38811499,-1.24881744
2.38875499,-1.24881744
2.38939499,-1.24881744
2.39003499,-1.24881744
2.39067499,-1.24881744
2.39131499,-1.24881744
2.39195499,-1.07242048
2.39259499,-1.07242048
2.39323499,-1.07242048
2.39387499,-1.07242048
2.39451499,-1.07242048
2.39515499,-0.89602345
2.39579499,-1.07242048
2.39643499,-0.89602345
2.39707499,-0.89602345
2.39771499,-1.07242048
2.39835499,-0.89602345
2.39899499,-0.89602345
2.39963499,-0.89602345
2.40027499,-0.89602345
2.40091499,-0.89602345
2.40155499,-0.89602345
2.40219499,-0.89602345
2.40283499,-0.89602345
2.40347499,-0.89602345
2.40411499,-0.72023684
2.40475499,-0.72023684
2.40539499,-0.72023684
2.40603499,-0.72023684
2.40667499,-0.72023684
2.40731499,-0.72023684
2.40795499,-0.54383981
2.40859499,-0.72023684
2.40923499,-0.72023684
2.40987499,-0.72023684
2.41051499,-0.54383981
2.41115499,-0.54383981
2.41179499,-0.54383981
2.41243499,-0.54383981
2.41307499,-0.54383981
2.41371499,-0.54383981
2.41435499,-0.54383981
2.41499499,-0.36744285
2.41563499,-0.36744285
2.41627499,-0.36744285
2.41691499,-0.36744285
2.41755499,-0.36744285
2.41819499,-0.36744285
2.41883499,-0.36744285
2.41947499,-0.36744285
2.42011499,-0.36744285
2.42075499,-0.36744285
2.42139499,-0.36744285
2.42203499,-0.36744285
2.42267499,-0.36744285
2.42331499,-0.36744285
2.42395499,-0.36744285
2.42459499,-0.19104587
2.42523499,-0.19104587
2.42587499,-0.36744285
2.42651499,-0.19104587
2.42715499,-0.19104587
2.42779499,-0.19104587
2.42843499,-0.19104587
2.42907499,-0.19104587
2.42971499,-0.19104587
2.43035499,-0.19104587
2.43099499,-0.19104587
2.43163499,-0.01525925
2.43227499,-0.19104587
2.43291499,-0.01525925
2.43355499,-0.01525925
2.43419499,-0.01525925
2.43483499,-0.01525925
2.43547499,-0.01525925
2.43611499,-0.01525925
2.43675499,-0.01525925
2.43739499,0.16052736
2.43803499,0.16052736
2.43867499,0.16052736
2.43931499,0.16052736
2.43995499,0.16052736
2.44059499,0.16052736
2.44123499,0.33692434
2.44187499,0.33692434
2.44251499,0.33692434
2.44315499,0.16052736
2.44379499,0.33692434
2.44443499,0.33692434
2.44507499,0.33692434
2.44571499,0.33692434
2.44635499,0.33692434
2.44699499,0.33692434
2.44763499,0.51332134
2.44827499,0.33692434
2.44891499,0.51332134
2.44955499,0.51332134
2.45019499,0.51332134
2.45083499,0.51332134
2.45147499,0.68971831
2.45211499,0.51332134
2.45275499,0.68971831
2.45339499,0.68971831
2.45403499,0.68971831
2.45467499,0.68971831
2.45531499,0.86550492
2.45595499,0.86550492
2.45659499,0.86550492
2.45723499,0.86550492
2.45787499,0.86550492
2.45851499,0.86550492
2.45915499,1.04190195
2.45979499,1.04190195
2.46043499,1.04190195
2.46107499,1.04190195
2.46171499,1.04190195
2.46235499,1.04190195
2.46299499,1.04190195
2.46363499,1.04190195
2.46427499,1.21829891
2.46491499,1.21829891
2.46555499,1.21829891
2.46619499,1.21829891
2.46683499,1.21829891
2.46747498,1.21829891
2.46811498,1.21829891
2.46875498,1.21829891
2.46939498,1.21829891
2.47003498,1.21829891
2.47067498,1.39469588
2.47131498,1.39469588
2.47195498,1.39469588
2.47259498,1.39469588
2.47323498,1.39469588
2.47387498,1.39469588
2.47451498,1.39469588
2.47515498,1.39469588
2.47579498,1.39469588
2.47643498,1.39469588
2.47707498,1.39469588
2.47771498,1.57048249
2.47835498,1.39469588
2.47899498,1.39469588
2.47963498,1.57048249
2.48027498,1.39469588
2.48091498,1.39469588
2.48155498,1.39469588
2.48219498,1.39469588
2.48283498,1.39469588
2.48347498,1.39469588
2.48411498,1.57048249
2.48475498,1.39469588
2.48539498,1.39469588
2.48603498,1.39469588
2.48667498,1.39469588
2.48731498,1.39469588
2.48795498,1.39469588
2.48859498,1.39469588
2.48923498,1.39469588
2.48987498,1.39469588
2.49051498,1.21829891
2.49115498,1.39469588
2.49179498,1.39469588
2.49243498,1.21829891
2.49307498,1.21829891
2.49371498,1.21829891
2.49435498,1.21829891
2.49499498,1.21829891
2.49563498,1.21829891
2.49627498,1.21829891
2.49691498,1.21829891
2.49755498,1.21829891
2.49819498,1.21829891
2.49883498,1.04190195
2.49947498,1.04190195
2.50011498,1.04190195
2.50075498,1.04190195
2.50139498,1.21829891
2.50203498,1.04190195
2.50267498,1.04190195
2.50331498,1.04190195
2.50395498,1.04190195
2.50459498,0.86550492
2.50523498,0.86550492
2.50587498,0.86550492
2.50651498,0.86550492
2.50715498,0.86550492
2.50779498,0.86550492
2.50843498,0.86550492
2.50907498,0.86550492
2.50971498,0.86550492
2.51035498,0.86550492
2.51099498,0.68971831
2.51163498,0.68971831
2.51227498,0.86550492
2.51291498,0.68971831
2.51355498,0.68971831
2.51419498,0.51332134
2.51483498,0.51332134
2.51547498,0.68971831
2.51611498,0.51332134
2.51675498,0.51332134
2.51739498,0.51332134
2.51803498,0.51332134
2.51867498,0.51332134
2.51931498,0.51332134
2.51995498,0.51332134
2.52059498,0.51332134
2.52123498,0.51332134
2.52187498,0.51332134
2.52251498,0.51332134
2.52315498,0.51332134
2.52379498,0.33692434
2.52443498,0.33692434
2.52507498,0.33692434
2.52571498,0.51332134
2.52635498,0.33692434
2.52699498,0.33692434
2.52763498,0.33692434
2.52827498,0.33692434
2.52891498,0.33692434
2.52955498,0.33692434
2.53019498,0.33692434
2.53083498,0.33692434
2.53147498,0.33692434
2.53211498,0.33692434
2.53275498,0.33692434
2.53339498,0.16052736
2.53403498,0.16052736
2.53467498,0.16052736
2.53531498,0.16052736
2.53595498,0.16052736
2.53659498,0.16052736
2.53723498,0.16052736
2.53787498,0.16052736
2.53851498,0.16052736
2.53915498,-0.01525925
2.53979498,0.16052736
2.54043498,0.16052736
2.54107498,-0.01525925
2.54171498,-0.01525925
2.54235498,-0.01525925
2.54299498,-0.01525925
2.54363498,-0.01525925
2.54427498,-0.01525925
2.54491498,-0.19104587
2.54555498,-0.01525925
2.54619498,-0.19104587
2.54683498,-0.19104587
2.54747498,-0.19104587
2.54811498,-0.19104587
2.54875498,-0.19104587
2.54939498,-0.19104587
2.55003498,-0.19104587
2.55067498,-0.19104587
2.55131498,-0.36744285
2.55195498,-0.36744285
2.55259498,-0.36744285
2.55323498,-0.36744285
2.55387498,-0.36744285
2.55451498,-0.36744285
2.55515498,-0.36744285
2.55579498,-0.36744285
2.55643498,-0.54383981
2.55707498,-0.54383981
2.55771498,-0.54383981
2.55835498,-0.54383981
2.55899498,-0.54383981
2.55963498,-0.54383981
2.56027498,-0.54383981
2.56091498,-0.72023684
2.56155498,-0.54383981
2.56219498,-0.72023684
2.56283498,-0.72023684
2.56347498,-0.72023684
2.56411498,-0.89602345
2.56475498,-0.89602345
2.56539498,-0.89602345
2.56603498,-0.89602345
2.56667498,-0.89602345
2.56731498,-0.89602345
2.56795498,-0.89602345
2.56859498,-1.07242048
2.56923498,-0.89602345
2.56987498,-0.89602345
2.57051498,-1.07242048
2.57115498,-1.07242048
2.57179498,-1.07242048
2.57243498,-1.07242048
2.57307498,-1.07242048
2.57371498,-1.07242048
2.57435498,-1.07242048
2.57499498,-1.07242048
2.57563498,-1.07242048
2.57627498,-1.07242048
2.57691498,-1.07242048
2.57755498,-1.24881744
2.57819498,-1.24881744
2.57883498,-1.24881744
2.57947498,-1.24881744
2.58011498,-1.24881744
2.58075498,-1.24881744
2.58139498,-1.24881744
2.58203498,-1.24881744
2.58267498,-1.24881744
2.58331498,-1.24881744
2.58395498,-1.24881744
2.58459498,-1.24881744
2.58523498,-1.24881744
2.58587498,-1.24881744
2.58651498,-1.24881744
2.58715498,-1.24881744
2.58779498,-1.24881744
2.58843498,-1.24881744
2.58907498,-1.24881744
2.58971498,-1.24881744
2.59035498,-1.42521441
2.59099498,-1.24881744
2.59163498,-1.24881744
2.59227498,-1.24881744
2.59291498,-1.24881744
2.59355498,-1.24881744
2.59419498,-1.24881744
2.59483498,-1.24881744
2.59547498,-1.24881744
2.59611498,-1.24881744
2.59675498,-1.24881744
2.59739498,-1.07242048
2.59803498,-1.24881744
2.59867498,-1.07242048
2.59931498,-1.07242048
2.59995498,-1.07242048
2.60059498,-1.07242048
2.60123498,-1.07242048
2.60187498,-1.07242048
2.60251498,-1.07242048
2.60315498,-1.07242048
2.60379498,-1.07242048
2.60443498,-1.07242048
2.60507498,-1.07242048
2.60571498,-1.07242048
2.60635498,-0.89602345
2.60699498,-0.89602345
2.60763498,-0.89602345
2.60827498,-0.89602345
2.60891498,-0.89602345
2.60955498,-0.89602345
2.61019498,-0.89602345
2.61083498,-0.72023684
2.61147498,-0.89602345
2.61211498,-0.89602345
2.61275498,-0.72023684
2.61339498,-0.72023684
2.61403498,-0.72023684
2.61467498,-0.72023684
2.61531498,-0.72023684
2.61595498,-0.72023684
2.61659498,-0.72023684
2.61723498,-0.54383981
2.61787498,-0.54383981
2.61851498,-0.54383981
2.61915498,-0.54383981
2.61979498,-0.54383981
2.62043498,-0.54383981
2.62107498,-0.36744285
2.62171498,-0.36744285
2.62235498,-0.54383981
2.62299498,-0.54383981
2.62363498,-0.36744285
2.62427498,-0.54383981
2.62491498,-0.36744285
2.62555498,-0.36744285
2.62619498,-0.36744285
2.62683498,-0.36744285
2.62747498,-0.36744285
2.62811498,-0.36744285
2.62875498,-0.36744285
2.62939498,-0.36744285
2.63003498,-0.36744285
2.63067498,-0.36744285
2.63131498,-0.36744285
2.63195498,-0.36744285
2.63259498,-0.19104587
2.63323498,-0.36744285
2.63387498,-0.36744285
2.63451498,-0.19104587
2.63515498,-0.36744285
2.63579498,-0.19104587
2.63643498,-0.19104587
2.63707498,-0.19104587
2.63771498,-0.19104587
2.63835498,-0.19104587
2.63899498,-0.19104587
2.63963498,-0.19104587
2.64027498,-0.19104587
2.64091498,-0.01525925
2.64155498,-0.19104587
2.64219498,-0.01525925
2.64283498,-0.01525925
2.64347498,-0.01525925
2.64411498,-0.01525925
2.64475498,-0.01525925
2.64539498,-0.01525925
2.64603498,-0.01525925
2.64667498,0.16052736
2.64731498,-0.01525925
2.64795498,-0.01525925
2.64859498,0.16052736
2.64923498,-0.01525925
2.64987498,0.16052736
2.65051498,0.16052736
2.65115498,0.16052736
2.65179498,0.16052736
2.65243498,0.16052736
2.65307498,0.33692434
2.65371498,0.16052736
2.65435498,0.33692434
2.65499498,0.33692434
2.65563498,0.33692434
2.65627498,0.33692434
2.65691498,0.33692434
2.65755498,0.33692434
2.65819498,0.33692434
2.65883498,0.33692434
2.65947498,0.33692434
2.66011498,0.51332134
2.66075498,0.51332134
2.66139498,0.51332134
2.66203498,0.51332134
2.66267498,0.51332134
2.66331498,0.51332134
2.66395498,0.51332134
2.66459498,0.51332134
2.66523498,0.51332134
2.66587498,0.68971831
2.66651498,0.51332134
2.66715498,0.68971831
2.66779498,0.68971831
2.66843498,0.68971831
2.66907498,0.68971831
2.66971498,0.86550492
2.67035498,0.68971831
2.67099498,0.86550492
2.67163498,0.86550492
2.67227498,0.86550492
2.67291498,0.86550492
2.67355498,0.86550492
2.67419498,1.04190195
2.67483498,1.04190195
2.67547498,1.04190195
2.67611498,1.04190195
2.67675498,1.04190195
2.67739498,1.21829891
2.67803498,1.04190195
2.67867498,1.04190195
2.67931498,1.04190195
2.67995498,1.04190195
2.68059498,1.04190195
2.68123498,1.04190195
2.68187498,1.04190195
2.68251498,1.21829891
2.68315498,1.21829891
2.68379498,1.21829891
2.68443498,1.21829891
2.68507498,1.21829891
2.68571498,1.21829891
2.68635498,1.21829891
2.68699498,1.21829891
2.68763498,1.21829891
2.68827498,1.21829891
2.68891498,1.21829891
2.68955498,1.21829891
2.69019498,1.21829891
2.69083498,1.21829891
2.69147498,1.21829891
2.69211498,1.21829891
2.69275498,1.21829891
2.69339498,1.39469588
2.69403498,1.21829891
2.69467498,1.39469588
2.69531498,1.21829891
2.69595498,1.21829891
2.69659498,1.21829891
2.69723498,1.21829891
2.69787498,1.21829891
2.69851498,1.21829891
2.69915498,1.21829891
2.69979498,1.21829891
2.70043498,1.21829891
2.70107498,1.21829891
2.70171498,1.21829891
2.70235498,1.21829891
2.70299498,1.21829891
2.70363498,1.21829891
2.70427498,1.21829891
2.70491498,1.21829891
2.70555498,1.21829891
2.70619498,1.21829891
2.70683498,1.04190195
2.70747498,1.04190195
2.70811498,1.04190195
2.70875498,1.21829891
2.70939498,1.04190195
2.71003498,1.04190195
2.71067498,1.04190195
2.71131498,1.04190195
2.71195498,1.04190195
2.71259498,1.04190195
2.71323498,1.04190195
2.71387498,0.86550492
2.71451498,0.86550492
2.71515498,0.86550492
2.71579498,0.86550492
2.71643498,0.86550492
2.71707498,0.86550492
2.71771498,0.86550492
2.71835498,0.86550492
2.71899498,0.86550492
2.71963498,0.86550492
2.72027498,0.68971831
2.72091498,0.86550492
2.72155498,0.68971831
2.72219498,0.68971831
2.72283498,0.68971831
2.72347498,0.68971831
2.72411498,0.68971831
2.72475498,0.68971831
2.72539498,0.51332134
2.72603498,0.51332134
2.72667498,0.51332134
2.72731498,0.51332134
2.72795498,0.51332134
2.72859498,0.51332134
2.72923498,0.51332134
2.72987498,0.33692434
2.73051498,0.51332134
2.73115498,0.33692434
2.73179498,0.33692434
2.73243498,0.51332134
2.73307498,0.51332134
2.73371498,0.33692434
2.73435498,0.33692434
2.73499498,0.33692434
2.73563498,0.33692434
2.73627498,0.33692434
2.73691498,0.33692434
2.73755498,0.33692434
2.73819498,0.33692434
2.73883498,0.33692434
2.73947498,0.33692434
2.74011498,0.33692434
2.74075498,0.33692434
2.74139498,0.16052736
2.74203498,0.33692434
2.74267498,0.16052736
2.74331498,0.16052736
2.74395498,0.16052736
2.74459498,0.16052736
2.74523498,0.16052736
2.74587498,0.16052736
2.74651498,0.16052736
2.74715498,0.16052736
2.74779498,-0.01525925
2.74843498,0.16052736
2.74907498,0.16052736
2.74971498,-0.01525925
2.75035498,-0.01525925
2.75099498,0.16052736
2.75163498,0.16052736
2.75227498,-0.01525925
2.75291498,-0.01525925
2.75355498,-0.01525925
2.75419498,-0.19104587
2.75483498,-0.01525925
2.75547498,-0.19104587
2.75611498,-0.19104587
2.75675498,-0.19104587
2.75739498,-0.19104587
2.75803498,-0.19104587
2.75867498,-0.19104587
2.75931498,-0.19104587
2.75995498,-0.19104587
2.76059498,-0.19104587
2.76123498,-0.19104587
2.76187498,-0.36744285
2.76251498,-0.36744285
2.76315498,-0.19104587
2.76379498,-0.36744285
2.76443498,-0.36744285
2.76507498,-0.36744285
2.76571498,-0.36744285
2.76635498,-0.36744285
2.76699498,-0.36744285
2.76763498,-0.36744285
2.76827498,-0.36744285
2.76891498,-0.36744285
2.76955498,-0.36744285
2.77019498,-0.36744285
2.77083498,-0.54383981
2.77147498,-0.54383981
2.77211498,-0.54383981
2.77275498,-0.72023684
2.77339498,-0.54383981
2.77403498,-0.54383981
2.77467498,-0.72023684
2.77531498,-0.54383981
2.77595498,-0.72023684
2.77659498,-0.72023684
2.77723498,-0.72023684
2.77787498,-0.72023684
2.77851498,-0.72023684
2.77915498,-0.72023684
2.77979498,-0.89602345
2.78043498,-0.89602345
2.78107498,-0.89602345
2.78171498,-0.89602345
2.78235498,-0.89602345
2.78299498,-0.89602345
2.78363498,-0.89602345
2.78427498,-0.89602345
2.78491498,-0.89602345
2.78555498,-0.89602345
2.78619498,-0.89602345
2.78683498,-0.89602345
2.78747498,-1.07242048
2.78811498,-1.07242048
2.78875498,-1.07242048
2.78939498,-1.07242048
2.79003498,-1.07242048
2.79067498,-1.07242048
2.79131498,-1.07242048
2.79195498,-1.07242048
2.79259498,-1.07242048
2.79323498,-1.07242048
2.79387498,-1.07242048
2.79451498,-1.07242048
2.79515498,-1.07242048
2.79579498,-1.07242048
2.79643498,-1.07242048
2.79707498,-1.24881744
2.79771498,-1.07242048
2.79835498,-1.07242048
2.79899498,-1.07242048
2.79963498,-1.07242048
2.80027498,-1.24881744
2.80091498,-1.07242048
2.80155498,-1.07242048
2.80219498,-1.07242048
2.80283498,-1.07242048
2.80347498,-1.07242048
2.80411498,-1.24881744
2.80475498,-1.07242048
2.80539498,-1.07242048
2.80603498,-1.07242048
2.80667498,-1.07242048
2.80731498,-1.07242048
2.80795498,-1.07242048
2.80859498,-1.07242048
2.80923498,-1.07242048
2.80987498,-1.07242048
2.81051498,-1.07242048
2.81115498,-0.89602345
2.81179498,-1.07242048
2.81243498,-1.07242048
2.81307498,-1.07242048
2.81371498,-1.07242048
2.81435498,-1.07242048
2.81499498,-0.89602345
2.81563498,-0.89602345
2.81627498,-0.89602345
2.81691498,-0.89602345
2.81755498,-0.89602345
2.81819498,-1.07242048
2.81883498,-0.89602345
2.81947498,-0.89602345
2.82011498,-0.89602345
2.82075498,-0.89602345
2.82139498,-0.89602345
2.82203498,-0.89602345
2.82267498,-0.72023684
2.82331498,-0.72023684
2.82395498,-0.72023684
2.82459498,-0.72023684
2.82523498,-0.72023684
2.82587498,-0.72023684
2.82651498,-0.54383981
2.82715498,-0.54383981
2.82779498,-0.54383981
2.82843498,-0.72023684
2.82907498,-0.54383981
2.82971498,-0.54383981
2.83035498,-0.54383981
2.83099498,-0.54383981
2.83163498,-0.54383981
2.83227498,-0.54383981
2.83291498,-0.54383981
2.83355498,-0.54383981
2.83419498,-0.54383981
2.83483498,-0.54383981
2.83547498,-0.36744285
2.83611498,-0.36744285
2.83675498,-0.36744285
2.83739498,-0.36744285
2.83803498,-0.36744285
2.83867498,-0.36744285
2.83931498,-0.36744285
2.83995498,-0.36744285
2.84059498,-0.36744285
2.84123498,-0.19104587
2.84187498,-0.36744285
2.84251498,-0.19104587
2.84315498,-0.19104587
2.84379498,-0.19104587
2.84443498,-0.19104587
2.84507498,-0.19104587
2.84571498,-0.19104587
2.84635498,-0.19104587
2.84699498,-0.19104587
2.84763498,-0.19104587
2.84827498,-0.19104587
2.84891498,-0.19104587
2.84955498,-0.01525925
2.85019498,-0.01525925
2.85083498,-0.19104587
2.85147498,-0.19104587
2.85211498,-0.01525925
2.85275498,-0.01525925
2.85339498,-0.01525925
2.85403498,-0.01525925
2.85467498,-0.01525925
2.85531498,-0.01525925
2.85595498,-0.01525925
2.85659498,0.16052736
2.85723498,0.16052736
2.85787498,0.16052736
2.85851498,-0.01525925
2.85915498,0.16052736
2.85979498,0.16052736
2.86043498,0.16052736
2.86107498,0.16052736
2.86171498,0.16052736
2.86235498,0.16052736
2.86299498,0.16052736
2.86363498,0.16052736
2.86427498,0.33692434
2.86491498,0.33692434
2.86555498,0.33692434
2.86619498,0.33692434
2.86683498,0.33692434
2.86747498,0.33692434
2.86811498,0.33692434
2.86875498,0.33692434
2.86939498,0.33692434
2.87003498,0.33692434
2.87067498,0.33692434
2.87131498,0.33692434
2.87195498,0.33692434
2.87259498,0.51332134
2.87323498,0.33692434
2.87387498,0.51332134
2.87451498,0.51332134
2.87515498,0.51332134
2.87579498,0.51332134
2.87643498,0.51332134
2.87707498,0.51332134
2.87771498,0.51332134
2.87835498,0.68971831
2.87899498,0.51332134
2.87963498,0.68971831
2.88027498,0.68971831
2.88091498,0.68971831
2.88155498,0.68971831
2.88219498,0.68971831
2.88283498,0.68971831
2.88347498,0.68971831
2.88411498,0.68971831
2.88475498,0.68971831
2.88539498,0.86550492
2.88603498,0.86550492
2.88667498,0.86550492
2.88731498,0.86550492
2.88795498,0.86550492
2.88859498,0.86550492
2.88923498,1.04190195
2.88987498,0.86550492
2.89051498,0.86550492
2.89115498,0.86550492
2.89179498,1.04190195
2.89243498,1.04190195
2.89307498,1.04190195
2.89371498,1.04190195
2.89435498,1.04190195
2.89499498,1.04190195
2.89563498,1.04190195
2.89627498,1.04190195
2.89691498,1.04190195
2.89755498,1.04190195
2.89819498,1.04190195
2.89883498,1.04190195
2.89947498,1.04190195
2.90011498,1.04190195
2.90075498,1.21829891
2.90139498,1.04190195
2.90203498,1.04190195
2.90267498,1.21829891
2.90331498,1.04190195
2.90395498,1.04190195
2.90459498,1.21829891
2.90523498,1.21829891
2.90587498,1.21829891
2.90651498,1.04190195
2.90715498,1.21829891
2.90779498,1.04190195
2.90843498,1.04190195
2.90907498,1.21829891
2.90971498,1.04190195
2.91035498,1.04190195
2.91099498,1.04190195
2.91163498,1.21829891
2.91227498,1.04190195
2.91291498,1.04190195
2.91355498,1.04190195
2.91419498,1.04190195
2.91483498,1.04190195
2.91547498,1.04190195
2.91611498,1.04190195
2.91675498,1.04190195
2.91739498,1.04190195
2.91803498,1.04190195
2.91867498,1.04190195
2.91931498,1.04190195
2.91995498,1.04190195
2.92059498,1.04190195
2.92123498,1.04190195
2.92187498,0.86550492
2.92251498,0.86550492
2.92315498,0.86550492
2.92379498,0.86550492
2.92443498,0.86550492
2.92507498,0.86550492
2.92571498,0.86550492
2.92635498,0.86550492
2.92699498,0.86550492
2.92763498,0.68971831
2.92827498,0.86550492
2.92891498,0.86550492
2.92955498,0.86550492
2.93019498,0.86550492
2.93083498,0.68971831
2.93147498,0.68971831
2.93211498,0.68971831
2.93275498,0.68971831
2.93339498,0.68971831
2.93403498,0.51332134
2.93467498,0.51332134
2.93531498,0.51332134
2.93595498,0.68971831
2.93659498,0.51332134
2.93723498,0.51332134
2.93787498,0.51332134
2.93851498,0.51332134
2.93915498,0.51332134
2.93979498,0.51332134
2.94043498,0.51332134
2.94107498,0.51332134
2.94171498,0.51332134
2.94235498,0.51332134
2.94299498,0.33692434
2.94363498,0.51332134
2.94427498,0.33692434
2.94491498,0.33692434
2.94555498,0.33692434
2.94619498,0.33692434
2.94683498,0.33692434
2.94747498,0.33692434
2.94811498,0.33692434
2.94875498,0.33692434
2.94939498,0.33692434
2.95003498,0.16052736
2.95067498,0.33692434
2.95131498,0.33692434
2.95195498,0.33692434
2.95259498,0.33692434
2.95323498,0.16052736
2.95387498,0.33692434
2.95451498,0.16052736
2.95515498,0.16052736
2.95579498,0.16052736
2.95643498,0.16052736
2.95707498,0.16052736
2.95771498,-0.01525925
2.95835498,0.16052736
2.95899498,0.16052736
2.95963498,-0.01525925
2.96027498,-0.01525925
2.96091498,-0.01525925
2.96155498,-0.01525925
2.96219498,-0.01525925
2.96283498,-0.01525925
2.96347498,-0.01525925
2.96411498,-0.01525925
2.96475498,-0.01525925
2.96539498,-0.01525925
2.96603498,-0.01525925
2.96667498,-0.01525925
2.96731498,-0.19104587
2.96795498,-0.01525925
2.96859498,-0.19104587
2.96923498,-0.19104587
2.96987498,-0.19104587
2.97051498,-0.19104587
2.97115498,-0.19104587
2.97179498,-0.19104587
2.97243498,-0.19104587
2.97307498,-0.19104587
2.97371498,-0.19104587
2.97435498,-0.19104587
2.97499498,-0.36744285
2.97563498,-0.36744285
2.97627498,-0.36744285
2.97691498,-0.36744285
2.97755498,-0.36744285
2.97819498,-0.36744285
2.97883498,-0.36744285
2.97947498,-0.36744285
2.98011498,-0.36744285
2.98075498,-0.36744285
2.98139498,-0.36744285
2.98203498,-0.54383981
2.98267498,-0.36744285
2.98331498,-0.36744285
2.98395498,-0.54383981
2.98459498,-0.54383981
2.98523498,-0.54383981
2.98587498,-0.54383981
2.98651498,-0.54383981
2.98715498,-0.54383981
2.98779498,-0.54383981
2.98843498,-0.54383981
2.98907498,-0.72023684
2.98971498,-0.72023684
2.99035498,-0.72023684
2.99099498,-0.72023684
2.99163498,-0.72023684
2.99227498,-0.72023684
2.99291498,-0.72023684
2.99355498,-0.72023684
2.99419498,-0.89602345
2.99483498,-0.72023684
2.99547498,-0.89602345
2.99611498,-0.89602345
2.99675498,-0.89602345
2.99739498,-0.72023684
2.99803498,-0.89602345
2.99867498,-0.89602345
2.99931498,-0.89602345
2.99995498,-1.07242048
3.00059498,-0.89602345
3.00123498,-0.89602345
3.00187498,-0.89602345
3.00251498,-0.89602345
3.00315498,-0.89602345
3.00379498,-0.89602345
3.00443498,-0.89602345
3.00507498,-0.89602345
3.00571498,-0.89602345
3.00635498,-1.07242048
3.00699498,-1.07242048
3.00763498,-0.89602345
3.00827498,-1.07242048
3.00891498,-1.07242048
3.00955498,-1.07242048
3.01019498,-0.89602345
3.01083498,-1.07242048
3.01147498,-1.07242048
3.01211498,-0.89602345
3.01275498,-1.07242048
3.01339498,-1.07242048
3.01403498,-1.07242048
3.01467498,-1.07242048
3.01531498,-1.07242048
3.01595498,-0.89602345
3.01659498,-0.89602345
3.01723498,-1.07242048
3.01787498,-0.89602345
3.01851498,-0.89602345
3.01915498,-0.89602345
3.01979498,-0.89602345
3.02043498,-0.89602345
3.02107498,-0.89602345
3.02171498,-0.89602345
3.02235498,-0.89602345
3.02299498,-0.89602345
3.02363498,-0.89602345
3.02427498,-0.89602345
3.02491498,-0.89602345
3.02555498,-0.89602345
3.02619498,-0.89602345
3.02683498,-0.89602345
3.02747498,-0.89602345
3.02811498,-0.89602345
3.02875498,-0.89602345
3.02939498,-0.72023684
3.03003498,-0.89602345
3.03067498,-0.72023684
3.03131498,-0.72023684
3.03195498,-0.72023684
3.03259498,-0.72023684
3.03323498,-0.72023684
3.03387498,-0.72023684
3.03451498,-0.72023684
3.03515498,-0.72023684
3.03579498,-0.72023684
3.03643498,-0.72023684
3.03707498,-0.54383981
3.03771498,-0.54383981
3.03835498,-0.54383981
3.03899498,-0.54383981
3.03963498,-0.54383981
3.04027498,-0.54383981
3.04091498,-0.54383981
3.04155498,-0.54383981
3.04219498,-0.54383981
3.04283498,-0.54383981
3.04347498,-0.36744285
3.04411498,-0.54383981
3.04475498,-0.36744285
3.04539498,-0.36744285
3.04603498,-0.36744285
3.04667498,-0.36744285
3.04731498,-0.36744285
3.04795498,-0.36744285
3.04859498,-0.36744285
3.04923498,-0.36744285
3.04987498,-0.36744285
3.05051498,-0.36744285
3.05115498,-0.36744285
3.05179498,-0.36744285
3.05243498,-0.19104587
3.05307498,-0.36744285
3.05371498,-0.19104587
3.05435498,-0.19104587
3.05499498,-0.19104587
3.05563498,-0.19104587
3.05627498,-0.19104587
3.05691498,-0.19104587
3.05755498,-0.19104587
3.05819498,-0.19104587
3.05883498,-0.19104587
3.05947498,-0.19104587
3.06011498,-0.19104587
3.06075498,-0.01525925
3.06139498,-0.01525925
3.06203498,-0.01525925
3.06267498,-0.01525925
3.06331498,-0.01525925
3.06395498,-0.01525925
3.06459498,-0.01525925
3.06523498,-0.01525925
3.06587498,-0.01525925
3.06651498,0.16052736
3.06715498,-0.01525925
3.06779498,0.16052736
3.06843498,0.16052736
3.06907498,0.16052736
3.06971498,0.16052736
3.07035498,0.16052736
3.07099498,0.16052736
3.07163498,0.16052736
3.07227498,0.16052736
3.07291498,0.16052736
3.07355498,0.16052736
3.07419498,0.16052736
3.07483498,0.16052736
3.07547498,0.33692434
3.07611498,0.16052736
3.07675498,0.33692434
3.07739498,0.16052736
3.07803498,0.33692434
3.07867498,0.33692434
3.07931498,0.33692434
3.07995498,0.33692434
3.08059498,0.33692434
3.08123498,0.33692434
3.08187498,0.33692434
3.08251498,0.33692434
3.08315498,0.33692434
3.08379498,0.33692434
3.08443498,0.33692434
3.08507498,0.33692434
3.08571498,0.33692434
3.08635498,0.33692434
3.08699498,0.33692434
3.08763498,0.51332134
3.08827498,0.51332134
3.08891498,0.51332134
3.08955498,0.51332134
3.09019498,0.51332134
3.09083498,0.51332134
3.09147498,0.51332134
3.09211498,0.51332134
3.09275498,0.51332134
3.09339498,0.68971831
3.09403498,0.68971831
3.09467498,0.51332134
3.09531498,0.68971831
3.09595498,0.68971831
3.09659498,0.68971831
3.09723498,0.68971831
3.09787498,0.68971831
3.09851498,0.68971831
3.09915498,0.68971831
3.09979498,0.68971831
3.10043498,0.68971831
3.10107498,0.86550492
3.10171498,0.86550492
3.10235498,0.86550492
3.10299498,0.86550492
3.10363498,0.86550492
3.10427498,0.86550492
3.10491498,0.86550492
3.10555498,0.86550492
3.10619498,0.86550492
3.10683498,0.86550492
3.10747498,0.86550492
3.10811498,0.86550492
3.10875498,0.86550492
3.10939498,0.86550492
3.11003498,0.86550492
3.11067498,0.86550492
3.11131498,0.86550492
3.11195498,0.86550492
3.11259498,1.04190195
3.11323498,1.04190195
3.11387498,1.04190195
3.11451498,1.04190195
3.11515498,0.86550492
3.11579498,1.04190195
3.11643498,1.04190195
3.11707498,0.86550492
3.11771498,1.04190195
3.11835498,1.04190195
3.11899498,1.04190195
3.11963498,1.04190195
3.12027498,1.04190195
3.12091498,1.04190195
3.12155498,1.04190195
3.12219498,1.04190195
3.12283498,0.86550492
3.12347498,1.04190195
3.12411498,1.04190195
3.12475498,0.86550492
3.12539498,0.86550492
3.12603498,0.86550492
3.12667498,0.86550492
3.12731498,0.86550492
3.12795498,1.04190195
3.12859498,0.86550492
3.12923498,1.04190195
3.12987498,0.86550492
3.13051498,0.86550492
3.13115498,0.86550492
3.13179498,0.86550492
3.13243498,0.86550492
3.13307498,0.86550492
3.13371498,0.86550492
3.13435498,0.86550492
3.13499498,0.86550492
3.13563498,0.86550492
3.13627498,0.86550492
3.13691498,0.68971831
3.13755498,0.68971831
3.13819498,0.68971831
3.13883498,0.68971831
3.13947498,0.68971831
3.14011498,0.68971831
3.14075498,0.68971831
3.14139498,0.68971831
3.14203498,0.68971831
3.14267498,0.68971831
3.14331498,0.68971831
3.14395498,0.51332134
3.14459498,0.68971831
3.14523498,0.51332134
3.14587498,0.51332134
3.14651498,0.51332134
3.14715498,0.51332134
3.14779498,0.51332134
3.14843498,0.51332134
3.14907498,0.51332134
3.14971498,0.33692434
3.15035498,0.51332134
3.15099498,0.51332134
3.15163498,0.33692434
3.15227498,0.51332134
3.15291498,0.33692434
3.15355498,0.33692434
3.15419498,0.33692434
3.15483498,0.33692434
3.15547498,0.33692434
3.15611498,0.33692434
3.15675498,0.33692434
3.15739498,0.33692434
3.15803498,0.33692434
3.15867498,0.33692434
3.15931498,0.33692434
3.15995498,0.33692434
3.16059498,0.33692434
3.16123498,0.33692434
3.16187498,0.33692434
3.16251498,0.16052736
3.16315498,0.16052736
3.16379498,0.16052736
3.16443498,0.33692434
3.16507498,0.16052736
3.16571498,0.16052736
3.16635498,0.16052736
3.16699498,0.16052736
3.16763498,0.16052736
3.16827498,-0.01525925
3.16891498,0.16052736
3.16955498,0.16052736
3.17019498,-0.01525925
3.17083498,-0.01525925
3.17147498,-0.01525925
3.17211498,-0.01525925
3.17275498,-0.01525925
3.17339498,-0.01525925
3.17403498,-0.01525925
3.17467498,-0.01525925
3.17531498,-0.01525925
3.17595498,-0.01525925
3.17659498,-0.01525925
3.17723498,-0.19104587
3.17787498,-0.01525925
3.17851498,-0.19104587
3.17915498,-0.19104587
3.17979498,-0.19104587
3.18043498,-0.19104587
3.18107498,-0.19104587
3.18171498,-0.19104587
3.18235498,-0.19104587
3.18299498,-0.19104587
3.18363498,-0.36744285
3.18427498,-0.19104587
3.18491498,-0.19104587
3.18555498,-0.36744285
3.18619498,-0.36744285
3.18683498,-0.19104587
3.18747498,-0.36744285
3.18811498,-0.19104587
3.18875498,-0.36744285
3.18939498,-0.36744285
3.19003498,-0.36744285
3.19067498,-0.36744285
3.19131498,-0.36744285
3.19195498,-0.36744285
3.19259498,-0.36744285
3.19323498,-0.36744285
3.19387498,-0.36744285
3.19451498,-0.36744285
3.19515498,-0.36744285
3.19579498,-0.54383981
3.19643498,-0.36744285
3.19707498,-0.54383981
3.19771498,-0.54383981
3.19835498,-0.54383981
3.19899498,-0.54383981
3.19963498,-0.36744285
3.20027498,-0.54383981
3.20091498,-0.54383981
3.20155498,-0.54383981
3.20219498,-0.54383981
3.20283498,-0.54383981
3.20347498,-0.72023684
3.20411498,-0.54383981
3.20475498,-0.54383981
3.20539498,-0.54383981
3.20603498,-0.72023684
3.20667498,-0.72023684
3.20731498,-0.54383981
3.20795498,-0.72023684
3.20859498,-0.72023684
3.20923498,-0.72023684
3.20987498,-0.72023684
3.21051498,-0.72023684
3.21115498,-0.72023684
3.21179498,-0.89602345
3.21243498,-0.89602345
3.21307498,-0.89602345
3.21371498,-0.72023684
3.21435498,-0.89602345
3.21499498,-0.89602345
3.21563498,-0.89602345
3.21627498,-0.89602345
3.21691498,-0.89602345
3.21755498,-0.89602345
3.21819498,-0.89602345
3.21883498,-0.89602345
3.21947498,-0.89602345
3.22011498,-0.89602345
3.22075498,-0.89602345
3.22139498,-0.89602345
3.22203498,-0.89602345
3.22267498,-0.89602345
3.22331498,-0.89602345
3.22395498,-0.89602345
3.22459498,-0.89602345
3.22523498,-0.89602345
3.22587498,-0.89602345
3.22651498,-0.89602345
3.22715498,-0.89602345
3.22779498,-0.89602345
3.22843498,-0.89602345
3.22907498,-0.89602345
3.22971498,-0.89602345
3.23035498,-0.89602345
3.23099498,-0.89602345
3.23163498,-0.89602345
3.23227498,-0.89602345
3.23291498,-0.89602345
3.23355498,-0.72023684
3.23419498,-0.89602345
3.23483498,-0.89602345
3.23547498,-0.72023684
3.23611498,-0.72023684
3.23675498,-0.72023684
3.23739498,-0.72023684
3.23803498,-0.72023684
3.23867498,-0.72023684
3.23931498,-0.89602345
3.23995498,-0.72023684
3.24059498,-0.72023684
3.24123498,-0.72023684
3.24187498,-0.72023684
3.24251498,-0.72023684
3.24315498,-0.72023684
3.24379498,-0.72023684
3.24443498,-0.54383981
3.24507498,-0.54383981
3.24571498,-0.72023684
3.24635498,-0.54383981
3.24699498,-0.54383981
3.24763498,-0.54383981
3.24827498,-0.54383981
3.24891498,-0.54383981
3.24955498,-0.36744285
3.25019498,-0.54383981
3.25083498,-0.54383981
3.25147498,-0.54383981
3.25211498,-0.36744285
3.25275498,-0.36744285
3.25339498,-0.54383981
3.25403498,-0.36744285
3.25467498,-0.36744285
3.25531498,-0.36744285
3.25595498,-0.36744285
3.25659498,-0.36744285
3.25723498,-0.36744285
3.25787498,-0.36744285
3.25851498,-0.36744285
3.25915498,-0.36744285
3.25979498,-0.36744285
3.26043498,-0.36744285
3.26107498,-0.19104587
3.26171498,-0.36744285
3.26235498,-0.19104587
3.26299498,-0.19104587
3.26363498,-0.19104587
3.26427498,-0.19104587
3.26491498,-0.19104587
3.26555498,-0.36744285
3.26619498,-0.19104587
3.26683498,-0.19104587
3.26747498,-0.19104587
3.26811498,-0.19104587
3.26875498,-0.19104587
3.26939498,-0.19104587
3.27003498,-0.19104587
3.27067498,-0.19104587
3.27131498,-0.01525925
3.27195498,-0.01525925
3.27259498,-0.01525925
3.27323498,-0.01525925
3.27387498,-0.01525925
3.27451498,-0.01525925
3.27515498,-0.01525925
3.27579498,-0.01525925
3.27643498,0.16052736
3.27707498,-0.01525925
3.27771498,0.16052736
3.27835498,0.16052736
3.27899498,-0.01525925
3.27963498,0.16052736
3.28027498,0.16052736
3.28091498,0.16052736
3.28155498,0.16052736
3.28219498,0.16052736
3.28283498,0.16052736
3.28347498,0.16052736
3.28411498,0.16052736
3.28475498,0.16052736
3.28539498,0.16052736
3.28603498,0.16052736
3.28667498,0.16052736
3.28731498,0.16052736
3.28795498,0.33692434
3.28859498,0.33692434
3.28923498,0.33692434
3.28987498,0.33692434
3.29051498,0.33692434
3.29115498,0.33692434
3.29179498,0.33692434
3.29243498,0.33692434
3.29307498,0.33692434
3.29371498,0.33692434
3.29435498,0.33692434
3.29499498,0.33692434
3.29563498,0.33692434
3.29627498,0.33692434
3.29691498,0.51332134
3.29755498,0.33692434
3.29819498,0.33692434
3.29883498,0.33692434
3.29947498,0.51332134
3.30011498,0.51332134
3.30075498,0.51332134
3.30139498,0.51332134
3.30203498,0.51332134
3.30267498,0.51332134
3.30331498,0.51332134
3.30395498,0.51332134
3.30459498,0.51332134
3.30523498,0.51332134
3.30587498,0.51332134
3.30651498,0.51332134
3.30715498,0.51332134
3.30779498,0.51332134
3.30843498,0.68971831
3.30907498,0.68971831
3.30971498,0.68971831
3.31035498,0.51332134
3.31099498,0.68971831
3.31163498,0.68971831
3.31227498,0.68971831
3.31291498,0.68971831
3.31355498,0.68971831
3.31419498,0.68971831
3.31483498,0.68971831
3.31547498,0.68971831
3.31611498,0.86550492
3.31675498,0.86550492
3.31739498,0.86550492
3.31803498,0.86550492
3.31867498,0.86550492
3.31931498,0.68971831
3.31995498,0.86550492
3.32059498,0.86550492
3.32123498,0.86550492
3.32187498,0.86550492
3.32251498,0.86550492
3.32315498,0.86550492
3.32379498,0.86550492
3.32443498,0.86550492
3.32507498,0.86550492
3.32571498,0.86550492
3.32635498,0.86550492
3.32699498,0.86550492
3.32763498,0.86550492
3.32827498,0.86550492
3.32891498,0.86550492
3.32955498,0.86550492
3.33019498,0.86550492
3.33083498,0.86550492
3.33147498,0.86550492
3.33211498,0.86550492
3.33275498,0.86550492
3.33339498,0.86550492
3.33403498,0.86550492
3.33467498,0.86550492
3.33531498,0.86550492
3.33595498,0.86550492
3.33659498,0.86550492
3.33723498,0.86550492
3.33787498,0.86550492
3.33851498,0.68971831
3.33915498,0.86550492
3.33979498,0.86550492
3.34043498,0.86550492
3.34107498,0.86550492
3.34171498,0.86550492
3.34235498,0.86550492
3.34299498,0.86550492
3.34363498,0.86550492
3.34427498,0.86550492
3.34491498,0.68971831
3.34555498,0.68971831
3.34619498,0.86550492
3.34683498,0.68971831
3.34747498,0.68971831
3.34811498,0.68971831
3.34875498,0.68971831
3.34939498,0.68971831
3.35003498,0.51332134
3.35067498,0.51332134
3.35131498,0.51332134
3.35195498,0.51332134
3.35259498,0.51332134
3.35323498,0.68971831
3.35387498,0.51332134
3.35451498,0.51332134
3.35515498,0.51332134
3.35579498,0.51332134
3.35643498,0.51332134
3.35707498,0.51332134
3.35771498,0.51332134
3.35835498,0.51332134
3.35899498,0.51332134
3.35963498,0.51332134
3.36027498,0.51332134
3.36091498,0.51332134
3.36155498,0.33692434
3.36219498,0.51332134
3.36283498,0.51332134
3.36347498,0.33692434
3.36411498,0.33692434
3.36475498,0.33692434
3.36539498,0.33692434
3.36603498,0.33692434
3.36667498,0.33692434
3.36731498,0.33692434
3.36795498,0.33692434
3.36859498,0.33692434
3.36923498,0.33692434
3.36987498,0.33692434
3.37051498,0.16052736
3.37115498,0.33692434
3.37179498,0.33692434
3.37243498,0.16052736
3.37307498,0.33692434
3.37371498,0.16052736
3.37435498,0.16052736
3.37499498,0.16052736
3.37563498,0.16052736
3.37627498,-0.01525925
3.37691498,0.16052736
3.37755498,0.16052736
3.37819498,0.16052736
3.37883498,0.16052736
3.37947498,-0.01525925
3.38011498,0.16052736
3.38075498,0.16052736
3.38139498,-0.01525925
3.38203498,-0.01525925
3.38267498,0.16052736
3.38331498,-0.01525925
3.38395498,-0.01525925
3.38459498,-0.01525925
3.38523498,-0.01525925
3.38587498,-0.01525925
3.38651498,-0.01525925
3.38715498,-0.19104587
3.38779498,-0.01525925
3.38843498,-0.01525925
3.38907498,-0.01525925
3.38971498,-0.19104587
3.39035498,-0.19104587
3.39099498,-0.19104587
3.39163498,-0.19104587
3.39227498,-0.19104587
3.39291498,-0.19104587
3.39355498,-0.19104587
3.39419498,-0.19104587
3.39483498,-0.19104587
3.39547498,-0.19104587
3.39611498,-0.19104587
3.39675498,-0.19104587
3.39739498,-0.19104587
3.39803498,-0.19104587
3.39867498,-0.36744285
3.39931498,-0.36744285
3.39995498,-0.19104587
3.40059498,-0.19104587
3.40123498,-0.36744285
3.40187498,-0.36744285
3.40251498,-0.36744285
3.40315498,-0.36744285
3.40379498,-0.36744285
3.40443498,-0.36744285
3.40507498,-0.36744285
3.40571498,-0.36744285
3.40635498,-0.36744285
3.40699498,-0.36744285
3.40763498,-0.36744285
3.40827498,-0.36744285
3.40891498,-0.36744285
3.40955498,-0.54383981
3.41019498,-0.54383981
3.41083498,-0.36744285
3.41147498,-0.36744285
3.41211498,-0.54383981
3.41275498,-0.36744285
3.41339498,-0.54383981
3.41403498,-0.54383981
3.41467498,-0.54383981
3.41531498,-0.54383981
3.41595498,-0.36744285
3.41659498,-0.54383981
3.41723498,-0.54383981
3.41787498,-0.54383981
3.41851498,-0.72023684
3.41915498,-0.54383981
3.41979498,-0.54383981
3.42043498,-0.72023684
3.42107498,-0.54383981
3.42171498,-0.72023684
3.42235498,-0.72023684
3.42299498,-0.54383981
3.42363498,-0.72023684
3.42427498,-0.72023684
3.42491498,-0.72023684
3.42555498,-0.72023684
3.42619498,-0.72023684
3.42683498,-0.72023684
3.42747498,-0.89602345
3.42811498,-0.72023684
3.42875498,-0.72023684
3.42939498,-0.72023684
3.43003498,-0.72023684
3.43067498,-0.72023684
3.43131498,-0.89602345
3.43195498,-0.89602345
3.43259498,-0.72023684
3.43323498,-0.72023684
3.43387498,-0.72023684
3.43451498,-0.72023684
3.43515498,-0.72023684
3.43579498,-0.72023684
3.43643498,-0.72023684
3.43707498,-0.72023684
3.43771498,-0.72023684
3.43835498,-0.72023684
3.43899498,-0.72023684
3.43963498,-0.72023684
3.44027498,-0.72023684
3.44091498,-0.72023684
3.44155498,-0.72023684
3.44219498,-0.72023684
3.44283498,-0.72023684
3.44347498,-0.72023684
3.44411498,-0.72023684
3.44475498,-0.72023684
3.44539498,-0.72023684
3.44603498,-0.72023684
3.44667498,-0.72023684
3.44731498,-0.72023684
3.44795498,-0.72023684
3.44859498,-0.72023684
3.44923498,-0.72023684
3.44987498,-0.72023684
3.45051498,-0.72023684
3.45115498,-0.72023684
3.45179498,-0.72023684
3.45243498,-0.54383981
3.45307498,-0.72023684
3.45371498,-0.54383981
3.45435498,-0.54383981
3.45499498,-0.54383981
3.45563498,-0.54383981
3.45627498,-0.54383981
3.45691498,-0.72023684
3.45755498,-0.54383981
3.45819498,-0.54383981
3.45883498,-0.36744285
3.45947498,-0.54383981
3.46011498,-0.54383981
3.46075498,-0.54383981
3.46139498,-0.36744285
3.46203498,-0.36744285
3.46267498,-0.36744285
3.46331498,-0.36744285
3.46395498,-0.36744285
3.46459498,-0.36744285
3.46523498,-0.36744285
3.46587498,-0.36744285
3.46651498,-0.36744285
3.46715498,-0.36744285
3.46779498,-0.36744285
3.46843498,-0.36744285
3.46907498,-0.36744285
3.46971498,-0.36744285
3.47035498,-0.36744285
3.47099498,-0.36744285
3.47163498,-0.36744285
3.47227498,-0.19104587
3.47291498,-0.36744285
3.47355498,-0.19104587
3.47419498,-0.19104587
3.47483498,-0.19104587
3.47547498,-0.19104587
3.47611498,-0.19104587
3.47675498,-0.19104587
3.47739498,-0.19104587
3.47803498,-0.19104587
3.47867498,-0.19104587
3.47931498,-0.19104587
3.47995498,-0.19104587
3.48059498,-0.19104587
3.48123498,-0.19104587
3.48187498,-0.01525925
3.48251498,-0.01525925
3.48315498,-0.01525925
3.48379498,-0.01525925
3.48443498,-0.01525925
3.48507498,-0.01525925
3.48571498,-0.01525925
3.48635498,-0.01525925
3.48699498,-0.01525925
3.48763498,0.16052736
3.48827498,0.16052736
3.48891498,-0.01525925
3.48955498,-0.01525925
3.49019498,-0.01525925
3.49083498,0.16052736
3.49147498,0.16052736
3.49211498,0.16052736
3.49275498,0.16052736
3.49339498,0.16052736
3.49403498,0.16052736
3.49467498,0.16052736
3.49531498,0.16052736
3.49595498,0.16052736
3.49659498,0.16052736
3.49723498,0.16052736
3.49787498,0.16052736
3.49851498,0.16052736
3.49915498,0.16052736
3.49979498,0.33692434
3.50043498,0.16052736
3.50107498,0.33692434
3.50171498,0.16052736
3.50235498,0.33692434
3.50299498,0.33692434
3.50363498,0.33692434
3.50427498,0.33692434
3.50491498,0.33692434
3.50555498,0.33692434
3.50619498,0.33692434
3.50683498,0.33692434
3.50747498,0.33692434
3.50811498,0.33692434
3.50875498,0.33692434
3.50939498,0.33692434
3.51003498,0.33692434
3.51067498,0.33692434
3.51131498,0.33692434
3.51195498,0.33692434
3.51259498,0.33692434
3.51323498,0.51332134
3.51387498,0.33692434
3.51451498,0.33692434
3.51515498,0.33692434
3.51579498,0.33692434
3.51643498,0.51332134
3.51707498,0.51332134
3.51771498,0.51332134
3.51835498,0.51332134
3.51899498,0.51332134
3.51963498,0.51332134
3.52027498,0.51332134
3.52091498,0.51332134
3.52155498,0.51332134
3.52219498,0.68971831
3.52283498,0.51332134
3.52347498,0.51332134
3.52411498,0.68971831
3.52475498,0.51332134
3.52539498,0.68971831
3.52603498,0.68971831
3.52667498,0.68971831
3.52731498,0.68971831
3.52795498,0.68971831
3.52859498,0.68971831
3.52923498,0.68971831
3.52987498,0.68971831
3.53051498,0.68971831
3.53115498,0.68971831
3.53179498,0.68971831
3.53243498,0.68971831
3.53307498,0.68971831
3.53371498,0.68971831
3.53435498,0.68971831
3.53499498,0.68971831
3.53563498,0.68971831
3.53627498,0.68971831
3.53691498,0.68971831
3.53755498,0.68971831
3.53819498,0.68971831
3.53883498,0.86550492
3.53947498,0.68971831
3.54011498,0.86550492
3.54075498,0.68971831
3.54139498,0.68971831
3.54203498,0.68971831
3.54267498,0.86550492
3.54331498,0.68971831
3.54395498,0.68971831
3.54459498,0.68971831
3.54523498,0.68971831
3.54587498,0.68971831
3.54651498,0.68971831
3.54715498,0.68971831
3.54779498,0.86550492
3.54843498,0.68971831
3.54907498,0.68971831
3.54971498,0.68971831
3.55035498,0.68971831
3.55099498,0.68971831
3.55163498,0.68971831
3.55227498,0.86550492
3.55291498,0.68971831
3.55355498,0.68971831
3.55419498,0.68971831
3.55483498,0.68971831
3.55547498,0.68971831
3.55611498,0.68971831
3.55675498,0.68971831
3.55739498,0.68971831
3.55803498,0.68971831
3.55867498,0.51332134
3.55931498,0.68971831
3.55995498,0.51332134
3.56059498,0.51332134
3.56123498,0.51332134
3.56187498,0.51332134
3.56251498,0.51332134
3.56315498,0.51332134
3.56379498,0.51332134
3.56443498,0.51332134
3.56507498,0.51332134
3.56571498,0.51332134
3.56635498,0.51332134
3.56699498,0.51332134
3.56763498,0.51332134
3.56827498,0.51332134
3.56891498,0.51332134
3.56955498,0.51332134
3.57019498,0.51332134
3.57083498,0.33692434
3.57147498,0.51332134
3.57211498,0.33692434
3.57275498,0.51332134
3.57339498,0.33692434
3.57403498,0.33692434
3.57467498,0.33692434
3.57531498,0.33692434
3.57595498,0.33692434
3.57659498,0.33692434
3.57723498,0.33692434
3.57787498,0.33692434
3.57851498,0.33692434
3.57915498,0.33692434
3.57979498,0.33692434
3.58043498,0.33692434
3.58107498,0.33692434
3.58171498,0.33692434
3.58235498,0.16052736
3.58299498,0.16052736
3.58363498,0.16052736
3.58427498,0.16052736
3.58491498,0.16052736
3.58555498,0.16052736
3.58619498,0.16052736
3.58683498,0.16052736
3.58747498,0.16052736
3.58811498,0.16052736
3.58875498,0.16052736
3.58939498,0.16052736
3.59003498,0.16052736
3.59067498,-0.01525925
3.59131498,0.16052736
3.59195498,0.16052736
3.59259498,-0.01525925
3.59323498,-0.01525925
3.59387498,-0.01525925
3.59451498,-0.01525925
3.59515498,-0.01525925
3.59579498,-0.01525925
3.59643498,-0.01525925
3.59707498,-0.01525925
3.59771498,-0.19104587
3.59835498,-0.01525925
3.59899498,-0.19104587
3.59963498,-0.19104587
3.60027498,-0.01525925
3.60091498,-0.19104587
3.60155498,-0.19104587
3.60219498,-0.19104587
3.60283498,-0.19104587
3.60347498,-0.19104587
3.60411498,-0.19104587
3.60475498,-0.19104587
3.60539498,-0.19104587
3.60603498,-0.19104587
3.60667498,-0.19104587
3.60731498,-0.19104587
3.60795498,-0.19104587
3.60859498,-0.19104587
3.60923498,-0.36744285
3.60987498,-0.36744285
3.61051498,-0.19104587
3.61115498,-0.19104587
3.61179498,-0.19104587
3.61243498,-0.19104587
3.61307498,-0.19104587
3.61371498,-0.36744285
3.61435498,-0.36744285
3.61499498,-0.36744285
3.61563498,-0.36744285
3.61627498,-0.36744285
3.61691498,-0.36744285
3.61755498,-0.36744285
3.61819498,-0.36744285
3.61883498,-0.36744285
3.61947498,-0.36744285
3.62011498,-0.36744285
3.62075498,-0.36744285
3.62139498,-0.36744285
3.62203498,-0.36744285
3.62267498,-0.36744285
3.62331498,-0.36744285
3.62395498,-0.36744285
3.62459498,-0.36744285
3.62523498,-0.54383981
3.62587498,-0.54383981
3.62651498,-0.54383981
3.62715498,-0.54383981
3.62779498,-0.36744285
3.62843498,-0.54383981
3.62907498,-0.54383981
3.62971498,-0.54383981
3.63035498,-0.54383981
3.63099498,-0.54383981
3.63163498,-0.54383981
3.63227498,-0.54383981
3.63291498,-0.54383981
3.63355498,-0.54383981
3.63419498,-0.54383981
3.63483498,-0.54383981
3.63547498,-0.54383981
3.63611498,-0.54383981
3.63675498,-0.72023684
3.63739498,-0.54383981
3.63803498,-0.54383981
3.63867498,-0.54383981
3.63931498,-0.54383981
3.63995498,-0.54383981
3.64059498,-0.54383981
3.64123498,-0.54383981
3.64187498,-0.54383981
3.64251498,-0.54383981
3.64315498,-0.54383981
3.64379498,-0.54383981
3.64443498,-0.54383981
3.64507498,-0.72023684
3.64571498,-0.72023684
3.64635498,-0.72023684
3.64699498,-0.72023684
3.64763498,-0.72023684
3.64827498,-0.72023684
3.64891498,-0.54383981
3.64955498,-0.54383981
3.65019498,-0.54383981
3.65083498,-0.54383981
3.65147498,-0.72023684
3.65211498,-0.72023684
3.65275498,-0.54383981
3.65339498,-0.54383981
3.65403498,-0.72023684
3.65467498,-0.72023684
3.65531498,-0.54383981
3.65595498,-0.72023684
3.65659498,-0.72023684
3.65723498,-0.54383981
3.65787498,-0.54383981
3.65851498,-0.54383981
3.65915498,-0.72023684
3.65979498,-0.54383981
3.66043498,-0.54383981
3.66107498,-0.72023684
3.66171498,-0.54383981
3.66235498,-0.54383981
3.66299498,-0.54383981
3.66363498,-0.54383981
3.66427498,-0.54383981
3.66491498,-0.54383981
3.66555498,-0.54383981
3.66619498,-0.54383981
3.66683498,-0.54383981
3.66747498,-0.54383981
3.66811498,-0.54383981
3.66875498,-0.54383981
3.66939498,-0.36744285
3.67003498,-0.36744285
3.67067498,-0.36744285
3.67131498,-0.36744285
3.67195498,-0.36744285
3.67259498,-0.36744285
3.67323498,-0.36744285
3.67387498,-0.36744285
3.67451498,-0.36744285
3.67515498,-0.36744285
3.67579498,-0.36744285
3.67643498,-0.36744285
3.67707498,-0.36744285
3.67771498,-0.36744285
3.67835498,-0.36744285
3.67899498,-0.36744285
3.67963498,-0.36744285
3.68027498,-0.36744285
3.68091498,-0.36744285
3.68155498,-0.36744285
3.68219498,-0.36744285
3.68283498,-0.19104587
3.68347498,-0.19104587
3.68411498,-0.19104587
3.68475498,-0.19104587
3.68539498,-0.19104587
3.68603498,-0.19104587
3.68667498,-0.19104587
3.68731498,-0.19104587
3.68795498,-0.19104587
3.68859498,-0.19104587
3.68923498,-0.19104587
3.68987498,-0.19104587
3.69051498,-0.19104587
3.69115498,-0.19104587
3.69179498,-0.19104587
3.69243498,-0.19104587
3.69307498,-0.01525925
3.69371498,-0.01525925
3.69435498,-0.01525925
3.69499498,-0.01525925
3.69563498,-0.01525925
3.69627498,-0.01525925
3.69691498,-0.01525925
3.69755498,-0.01525925
3.69819498,-0.01525925
3.69883498,0.16052736
3.69947498,0.16052736
3.70011498,-0.01525925
3.70075498,-0.01525925
3.70139498,-0.01525925
3.70203498,0.16052736
3.70267498,0.16052736
3.70331498,0.16052736
3.70395498,0.16052736
3.70459498,0.16052736
3.70523498,0.16052736
3.70587498,0.16052736
3.70651498,0.16052736
3.70715498,0.16052736
3.70779498,0.16052736
3.70843498,0.16052736
3.70907498,0.16052736
3.70971498,0.16052736
3.71035498,0.16052736
3.71099498,0.33692434
3.71163498,0.33692434
3.71227498,0.33692434
3.71291498,0.33692434
3.71355498,0.33692434
3.71419498,0.33692434
3.71483498,0.33692434
3.71547498,0.33692434
3.71611498,0.33692434
3.71675498,0.33692434
3.71739498,0.33692434
3.71803498,0.33692434
3.71867498,0.33692434
3.71931498,0.33692434
3.71995498,0.33692434
3.72059498,0.33692434
3.72123498,0.33692434
3.72187498,0.51332134
3.72251498,0.33692434
3.72315498,0.33692434
3.72379498,0.33692434
3.72443498,0.33692434
3.72507498,0.33692434
3.72571498,0.51332134
3.72635498,0.33692434
3.72699498,0.51332134
3.72763498,0.51332134
3.72827498,0.51332134
3.72891498,0.51332134
3.72955498,0.51332134
3.73019498,0.33692434
3.73083498,0.51332134
3.73147498,0.51332134
3.73211498,0.51332134
3.73275498,0.51332134
3.73339498,0.51332134
3.73403498,0.51332134
3.73467498,0.51332134
3.73531498,0.51332134
3.73595498,0.51332134
3.73659498,0.51332134
3.73723498,0.51332134
3.73787498,0.51332134
3.73851498,0.51332134
3.73915498,0.51332134
3.73979498,0.51332134
3.74043498,0.51332134
3.74107498,0.68971831
3.74171498,0.51332134
3.74235498,0.68971831
3.74299498,0.51332134
3.74363498,0.68971831
3.74427498,0.51332134
3.74491498,0.68971831
3.74555498,0.51332134
3.74619498,0.51332134
3.74683498,0.51332134
3.74747498,0.68971831
3.74811498,0.68971831
3.74875498,0.51332134
3.74939498,0.68971831
3.75003498,0.68971831
3.75067498,0.68971831
3.75131498,0.68971831
3.75195498,0.68971831
3.75259498,0.68971831
3.75323498,0.68971831
3.75387498,0.68971831
3.75451498,0.68971831
3.75515498,0.68971831
3.75579498,0.68971831
3.75643498,0.68971831
3.75707498,0.68971831
3.75771498,0.51332134
3.75835498,0.68971831
3.75899498,0.51332134
3.75963498,0.68971831
3.76027498,0.68971831
3.76091498,0.51332134
3.76155498,0.68971831
3.76219498,0.51332134
3.76283498,0.51332134
3.76347498,0.68971831
3.76411498,0.68971831
3.76475498,0.51332134
3.76539498,0.68971831
3.76603498,0.51332134
3.76667498,0.68971831
3.76731498,0.51332134
3.76795498,0.51332134
3.76859498,0.51332134
3.76923498,0.51332134
3.76987498,0.51332134
3.77051498,0.51332134
3.77115498,0.51332134
3.77179498,0.68971831
3.77243498,0.51332134
3.77307498,0.51332134
3.77371498,0.51332134
3.77435498,0.51332134
3.77499498,0.51332134
3.77563498,0.51332134
3.77627498,0.51332134
3.77691498,0.33692434
3.77755498,0.51332134
3.77819498,0.33692434
3.77883498,0.51332134
3.77947498,0.33692434
3.78011498,0.51332134
3.78075498,0.33692434
3.78139498,0.33692434
3.78203498,0.33692434
3.78267498,0.33692434
3.78331498,0.33692434
3.78395498,0.33692434
3.78459498,0.33692434
3.78523498,0.33692434
3.78587498,0.33692434
3.78651498,0.33692434
3.78715498,0.33692434
3.78779498,0.33692434
3.78843498,0.33692434
3.78907498,0.33692434
3.78971498,0.33692434
3.79035498,0.33692434
3.79099498,0.33692434
3.79163498,0.33692434
3.79227498,0.33692434
3.79291498,0.33692434
3.79355498,0.16052736
3.79419498,0.16052736
3.79483498,0.16052736
3.79547498,0.16052736
3.79611498,0.16052736
3.79675498,0.16052736
3.79739498,0.16052736
3.79803498,0.16052736
3.79867498,0.16052736
3.79931498,0.16052736
3.79995498,0.16052736
3.80059498,0.16052736
3.80123498,0.16052736
3.80187498,-0.01525925
3.80251498,-0.01525925
3.80315498,0.16052736
3.80379498,-0.01525925
3.80443498,-0.01525925
3.80507498,0.16052736
3.80571498,-0.01525925
3.80635498,-0.01525925
3.80699498,-0.01525925
3.80763498,-0.01525925
3.80827498,-0.01525925
3.80891498,-0.01525925
3.80955498,-0.01525925
3.81019498,-0.01525925
3.81083498,-0.01525925
3.81147498,-0.19104587
3.81211498,-0.19104587
3.81275498,-0.19104587
3.81339498,-0.19104587
3.81403498,-0.19104587
3.81467498,-0.19104587
3.81531498,-0.19104587
3.81595498,-0.19104587
3.81659498,-0.19104587
3.81723498,-0.19104587
3.81787498,-0.19104587
3.81851498,-0.19104587
3.81915498,-0.19104587
3.81979498,-0.19104587
3.82043498,-0.19104587
3.82107498,-0.19104587
3.82171498,-0.19104587
3.82235498,-0.19104587
3.82299498,-0.19104587
3.82363498,-0.19104587
3.82427498,-0.36744285
3.82491498,-0.36744285
3.82555498,-0.19104587
3.82619498,-0.36744285
3.82683498,-0.36744285
3.82747498,-0.36744285
3.82811498,-0.36744285
3.82875498,-0.36744285
3.82939498,-0.36744285
3.83003498,-0.36744285
3.83067498,-0.36744285
3.83131498,-0.36744285
3.83195498,-0.36744285
3.83259498,-0.36744285
3.83323498,-0.36744285
3.83387498,-0.36744285
3.83451498,-0.36744285
3.83515498,-0.36744285
3.83579498,-0.36744285
3.83643498,-0.36744285
3.83707498,-0.36744285
3.83771498,-0.36744285
3.83835498,-0.36744285
3.83899498,-0.54383981
3.83963498,-0.54383981
3.84027498,-0.36744285
3.84091498,-0.36744285
3.84155498,-0.36744285
3.84219498,-0.36744285
3.84283498,-0.36744285
3.84347498,-0.36744285
3.84411498,-0.36744285
3.84475498,-0.54383981
3.84539498,-0.54383981
3.84603498,-0.54383981
3.84667498,-0.54383981
3.84731498,-0.54383981
3.84795498,-0.54383981
3.84859498,-0.54383981
3.84923498,-0.54383981
3.84987498,-0.54383981
3.85051498,-0.54383981
3.85115498,-0.54383981
3.85179498,-0.54383981
3.85243498,-0.54383981
3.85307498,-0.54383981
3.85371498,-0.54383981
3.85435498,-0.54383981
3.85499498,-0.54383981
3.85563498,-0.54383981
3.85627498,-0.54383981
3.85691498,-0.54383981
3.85755498,-0.54383981
3.85819498,-0.54383981
3.85883498,-0.54383981
3.85947498,-0.54383981
3.86011498,-0.54383981
3.86075498,-0.54383981
3.86139498,-0.54383981
3.86203498,-0.54383981
3.86267498,-0.54383981
3.86331498,-0.54383981
3.86395498,-0.54383981
3.86459498,-0.54383981
3.86523498,-0.54383981
3.86587498,-0.54383981
3.86651498,-0.54383981
3.86715498,-0.54383981
3.86779498,-0.54383981
3.86843498,-0.54383981
3.86907498,-0.54383981
3.86971498,-0.54383981
3.87035498,-0.54383981
3.87099498,-0.54383981
3.87163498,-0.54383981
3.87227498,-0.54383981
3.87291498,-0.54383981
3.87355498,-0.54383981
3.87419498,-0.54383981
3.87483498,-0.36744285
3.87547498,-0.54383981
3.87611498,-0.36744285
3.87675498,-0.54383981
3.87739498,-0.36744285
3.87803498,-0.36744285
3.87867498,-0.36744285
3.87931498,-0.36744285
3.87995498,-0.36744285
3.88059498,-0.36744285
3.88123498,-0.36744285
3.88187498,-0.36744285
3.88251498,-0.36744285
3.88315498,-0.36744285
3.88379498,-0.36744285
3.88443498,-0.36744285
3.88507498,-0.36744285
3.88571498,-0.36744285
3.88635498,-0.36744285
3.88699498,-0.36744285
3.88763498,-0.36744285
3.88827498,-0.36744285
3.88891498,-0.36744285
3.88955498,-0.36744285
3.89019498,-0.36744285
3.89083498,-0.19104587
3.89147498,-0.36744285
3.89211498,-0.19104587
3.89275498,-0.19104587
3.89339498,-0.36744285
3.89403498,-0.36744285
3.89467498,-0.19104587
3.89531498,-0.19104587
3.89595498,-0.36744285
3.89659498,-0.19104587
3.89723498,-0.19104587
3.89787498,-0.19104587
3.89851498,-0.19104587
3.89915498,-0.19104587
3.89979498,-0.19104587
3.90043498,-0.19104587
3.90107498,-0.19104587
3.90171498,-0.01525925
3.90235498,-0.01525925
3.90299498,-0.19104587
3.90363498,-0.19104587
3.90427498,-0.01525925
3.90491498,-0.01525925
3.90555498,-0.01525925
3.90619498,-0.01525925
3.90683498,-0.01525925
3.90747498,-0.01525925
3.90811498,-0.01525925
3.90875498,-0.01525925
3.90939498,-0.01525925
3.91003498,-0.01525925
3.91067498,-0.01525925
3.91131498,-0.01525925
3.91195498,-0.01525925
3.91259498,0.16052736
3.91323498,-0.01525925
3.91387498,0.16052736
3.91451498,0.16052736
3.91515498,0.16052736
3.91579498,0.16052736
3.91643498,0.16052736
3.91707498,0.16052736
3.91771498,0.16052736
3.91835498,0.16052736
3.91899498,0.16052736
3.91963498,0.16052736
3.92027498,0.16052736
3.92091498,0.16052736
3.92155498,0.16052736
3.92219498,0.16052736
3.92283498,0.16052736
3.92347498,0.33692434
3.92411498,0.33692434
3.92475498,0.33692434
3.92539498,0.33692434
3.92603498,0.33692434
3.92667498,0.33692434
3.92731498,0.33692434
3.92795498,0.33692434
3.92859498,0.33692434
3.92923498,0.33692434
3.92987498,0.33692434
3.93051498,0.33692434
3.93115498,0.33692434
3.93179498,0.33692434
3.93243498,0.33692434
3.93307498,0.33692434
3.93371498,0.33692434
3.93435498,0.33692434
3.93499498,0.33692434
3.93563498,0.33692434
3.93627498,0.33692434
3.93691498,0.33692434
3.93755498,0.51332134
3.93819498,0.33692434
3.93883498,0.33692434
3.93947498,0.33692434
3.94011498,0.33692434
3.94075498,0.33692434
3.94139498,0.33692434
3.94203498,0.51332134
3.94267498,0.33692434
3.94331498,0.51332134
3.94395498,0.51332134
3.94459498,0.33692434
3.94523498,0.51332134
3.94587498,0.33692434
3.94651498,0.33692434
3.94715498,0.51332134
3.94779498,0.51332134
3.94843498,0.51332134
3.94907498,0.51332134
3.94971498,0.51332134
3.95035498,0.51332134
3.95099498,0.51332134
3.95163498,0.51332134
3.95227498,0.51332134
3.95291498,0.51332134
3.95355498,0.51332134
3.95419498,0.51332134
3.95483498,0.51332134
3.95547498,0.51332134
3.95611498,0.51332134
3.95675498,0.51332134
3.95739498,0.51332134
3.95803498,0.51332134
3.95867498,0.51332134
3.95931498,0.51332134
3.95995498,0.51332134
3.96059498,0.51332134
3.96123498,0.51332134
3.96187498,0.51332134
3.96251498,0.51332134
3.96315498,0.51332134
3.96379498,0.51332134
3.96443498,0.51332134
3.96507498,0.68971831
3.96571498,0.51332134
3.96635498,0.51332134
3.96699498,0.51332134
3.96763498,0.51332134
3.96827498,0.68971831
3.96891498,0.51332134
3.96955498,0.68971831
3.97019498,0.51332134
3.97083498,0.51332134
3.97147498,0.51332134
3.97211498,0.51332134
3.97275498,0.51332134
3.97339498,0.51332134
3.97403498,0.51332134
3.97467498,0.51332134
3.97531498,0.51332134
3.97595498,0.51332134
3.97659498,0.51332134
3.97723498,0.51332134
3.97787498,0.51332134
3.97851498,0.51332134
3.97915498,0.51332134
3.97979498,0.51332134
3.98043498,0.51332134
3.98107498,0.51332134
3.98171498,0.51332134
3.98235498,0.51332134
3.98299498,0.51332134
3.98363498,0.51332134
3.98427498,0.51332134
3.98491498,0.51332134
3.98555498,0.51332134
3.98619498,0.51332134
3.98683498,0.51332134
3.98747498,0.33692434
3.98811498,0.33692434
3.98875498,0.33692434
3.98939498,0.33692434
3.99003498,0.33692434
3.99067498,0.33692434
3.99131498,0.33692434
3.99195498,0.33692434
3.99259498,0.33692434
3.99323498,0.33692434
3.99387498,0.33692434
3.99451498,0.33692434
3.99515498,0.33692434
3.99579498,0.33692434
3.99643498,0.33692434
3.99707498,0.33692434
3.99771498,0.33692434
3.99835498,0.33692434
3.99899498,0.33692434
3.99963498,0.33692434
4.00027498,0.33692434
4.00091498,0.33692434
4.00155498,0.33692434
4.00219498,0.33692434
4.00283498,0.33692434
4.00347498,0.33692434
4.00411498,0.33692434
4.00475498,0.33692434
4.00539498,0.16052736
4.00603498,0.16052736
4.00667498,0.16052736
4.00731498,0.16052736
4.00795498,0.16052736
4.00859498,0.16052736
4.00923498,0.16052736
4.00987498,0.16052736
4.01051498,0.16052736
4.01115498,0.16052736
4.01179498,0.16052736
4.01243498,-0.01525925
4.01307498,-0.01525925
4.01371498,0.16052736
4.01435498,-0.01525925
4.01499498,-0.01525925
4.01563498,0.16052736
4.01627498,-0.01525925
4.01691498,-0.01525925
4.01755498,-0.01525925
4.01819498,-0.01525925
4.01883498,-0.01525925
4.01947498,-0.01525925
4.02011498,-0.01525925
4.02075498,-0.01525925
4.02139498,-0.19104587
4.02203498,-0.19104587
4.02267498,-0.01525925
4.02331498,-0.01525925
4.02395498,-0.19104587
4.02459498,-0.19104587
4.02523498,-0.19104587
4.02587498,-0.19104587
4.02651498,-0.19104587
4.02715498,-0.19104587
4.02779498,-0.19104587
4.02843498,-0.19104587
4.02907498,-0.19104587
4.02971498,-0.19104587
4.03035498,-0.19104587
4.03099498,-0.19104587
4.03163498,-0.19104587
4.03227498,-0.19104587
4.03291498,-0.19104587
4.03355498,-0.19104587
4.03419498,-0.19104587
4.03483498,-0.19104587
4.03547498,-0.19104587
4.03611498,-0.36744285
4.03675498,-0.19104587
4.03739498,-0.19104587
4.03803498,-0.19104587
4.03867498,-0.36744285
4.03931498,-0.19104587
4.03995498,-0.19104587
4.04059498,-0.36744285
4.04123498,-0.36744285
4.04187498,-0.36744285
4.04251498,-0.36744285
4.04315498,-0.36744285
4.04379498,-0.19104587
4.04443498,-0.36744285
4.04507498,-0.36744285
4.04571498,-0.36744285
4.04635498,-0.36744285
4.04699498,-0.36744285
4.04763498,-0.36744285
4.04827498,-0.36744285
4.04891498,-0.36744285
4.04955498,-0.36744285
4.05019498,-0.36744285
4.05083498,-0.36744285
4.05147498,-0.36744285
4.05211498,-0.36744285
4.05275498,-0.36744285
4.05339498,-0.36744285
4.05403498,-0.36744285
4.05467498,-0.36744285
4.05531498,-0.36744285
4.05595498,-0.36744285
4.05659498,-0.36744285
4.05723498,-0.36744285
4.05787498,-0.36744285
4.05851498,-0.36744285
4.05915498,-0.36744285
4.05979498,-0.54383981
4.06043498,-0.36744285
4.06107498,-0.54383981
4.06171498,-0.36744285
4.06235498,-0.54383981
4.06299498,-0.36744285
4.06363498,-0.36744285
4.06427498,-0.54383981
4.06491498,-0.54383981
4.06555498,-0.54383981
4.06619498,-0.54383981
4.06683498,-0.54383981
4.06747498,-0.54383981
4.06811498,-0.36744285
4.06875498,-0.54383981
4.06939498,-0.54383981
4.07003498,-0.36744285
4.07067498,-0.36744285
4.07131498,-0.54383981
4.07195498,-0.36744285
4.07259498,-0.54383981
4.07323498,-0.54383981
4.07387498,-0.54383981
4.07451498,-0.54383981
4.07515498,-0.36744285
4.07579498,-0.54383981
4.07643498,-0.36744285
4.07707498,-0.54383981
4.07771498,-0.54383981
4.07835498,-0.54383981
4.07899498,-0.54383981
4.07963498,-0.54383981
4.08027498,-0.36744285
4.08091498,-0.36744285
4.08155498,-0.36744285
4.08219498,-0.36744285
4.08283498,-0.36744285
4.08347498,-0.36744285
4.08411498,-0.36744285
4.08475498,-0.36744285
4.08539498,-0.36744285
4.08603498,-0.36744285
4.08667498,-0.36744285
4.08731498,-0.36744285
4.08795498,-0.36744285
4.08859498,-0.36744285
4.08923498,-0.36744285
4.08987498,-0.36744285
4.09051498,-0.36744285
4.09115498,-0.36744285
4.09179498,-0.36744285
4.09243498,-0.36744285
4.09307498,-0.36744285
4.09371498,-0.36744285
4.09435498,-0.36744285
4.09499498,-0.36744285
4.09563498,-0.36744285
4.09627498,-0.36744285
4.09691498,-0.36744285
4.09755498,-0.19104587
4.09819498,-0.36744285
4.09883498,-0.36744285
4.09947498,-0.19104587
4.10011498,-0.36744285
4.10075498,-0.36744285
4.10139498,-0.19104587
4.10203498,-0.36744285
4.10267498,-0.19104587
4.10331498,-0.19104587
4.10395498,-0.19104587
4.10459498,-0.19104587
4.10523498,-0.36744285
4.10587498,-0.19104587
4.10651498,-0.19104587
4.10715498,-0.19104587
4.10779498,-0.19104587
4.10843498,-0.19104587
4.10907498,-0.19104587
4.10971498,-0.19104587
4.11035498,-0.19104587
4.11099498,-0.19104587
4.11163498,-0.19104587
4.11227498,-0.19104587
4.11291497,-0.19104587
4.11355497,-0.19104587
4.11419497,-0.01525925
4.11483497,-0.19104587
4.11547497,-0.01525925
4.11611497,-0.01525925
4.11675497,-0.01525925
4.11739497,-0.01525925
4.11803497,-0.19104587
4.11867497,-0.01525925
4.11931497,-0.01525925
4.11995497,-0.01525925
4.12059497,-0.01525925
4.12123497,-0.01525925
4.12187497,0.16052736
4.12251497,-0.01525925
4.12315497,-0.01525925
4.12379497,-0.01525925
4.12443497,-0.01525925
4.12507497,0.16052736
4.12571497,0.16052736
4.12635497,0.16052736
4.12699497,0.16052736
4.12763497,0.16052736
4.12827497,0.16052736
4.12891497,0.16052736
4.12955497,0.16052736
4.13019497,0.16052736
4.13083497,0.16052736
4.13147497,0.16052736
4.13211497,0.16052736
4.13275497,0.16052736
4.13339497,0.16052736
4.13403497,0.16052736
4.13467497,0.16052736
4.13531497,0.16052736
4.13595497,0.16052736
4.13659497,0.16052736
4.13723497,0.16052736
4.13787497,0.16052736
4.13851497,0.16052736
4.13915497,0.33692434
4.13979497,0.33692434
4.14043497,0.33692434
4.14107497,0.33692434
4.14171497,0.33692434
4.14235497,0.33692434
4.14299497,0.33692434
4.14363497,0.33692434
4.14427497,0.33692434
4.14491497,0.33692434
4.14555497,0.33692434
4.14619497,0.33692434
4.14683497,0.33692434
4.14747497,0.33692434
4.14811497,0.33692434
4.14875497,0.33692434
4.14939497,0.33692434
4.15003497,0.33692434
4.15067497,0.33692434
4.15131497,0.33692434
4.15195497,0.33692434
4.15259497,0.33692434
4.15323497,0.51332134
4.15387497,0.33692434
4.15451497,0.33692434
4.15515497,0.33692434
4.15579497,0.33692434
4.15643497,0.33692434
4.15707497,0.51332134
4.15771497,0.33692434
4.15835497,0.51332134
4.15899497,0.33692434
4.15963497,0.51332134
4.16027497,0.33692434
4.16091497,0.51332134
4.16155497,0.51332134
4.16219497,0.33692434
4.16283497,0.33692434
4.16347497,0.51332134
4.16411497,0.51332134
4.16475497,0.51332134
4.16539497,0.33692434
4.16603497,0.33692434
4.16667497,0.33692434
4.16731497,0.51332134
4.16795497,0.51332134
4.16859497,0.51332134
4.16923497,0.51332134
4.16987497,0.51332134
4.17051497,0.51332134
4.17115497,0.51332134
4.17179497,0.51332134
4.17243497,0.51332134
4.17307497,0.51332134
4.17371497,0.51332134
4.17435497,0.51332134
4.17499497,0.51332134
4.17563497,0.51332134
4.17627497,0.51332134
4.17691497,0.51332134
4.17755497,0.51332134
4.17819497,0.51332134
4.17883497,0.51332134
4.17947497,0.51332134
4.18011497,0.51332134
4.18075497,0.51332134
4.18139497,0.51332134
4.18203497,0.51332134
4.18267497,0.51332134
4.18331497,0.51332134
4.18395497,0.51332134
4.18459497,0.51332134
4.18523497,0.51332134
4.18587497,0.51332134
4.18651497,0.51332134
4.18715497,0.51332134
4.18779497,0.51332134
4.18843497,0.51332134
4.18907497,0.51332134
4.18971497,0.51332134
4.19035497,0.51332134
4.19099497,0.51332134
4.19163497,0.33692434
4.19227497,0.33692434
4.19291497,0.51332134
4.19355497,0.33692434
4.19419497,0.51332134
4.19483497,0.51332134
4.19547497,0.33692434
4.19611497,0.33692434
4.19675497,0.33692434
4.19739497,0.33692434
4.19803497,0.33692434
4.19867497,0.33692434
4.19931497,0.33692434
4.19995497,0.51332134
4.20059497,0.33692434
4.20123497,0.33692434
4.20187497,0.33692434
4.20251497,0.33692434
4.20315497,0.33692434
4.20379497,0.33692434
4.20443497,0.33692434
4.20507497,0.33692434
4.20571497,0.33692434
4.20635497,0.33692434
4.20699497,0.33692434
4.20763497,0.33692434
4.20827497,0.33692434
4.20891497,0.33692434
4.20955497,0.33692434
4.21019497,0.33692434
4.21083497,0.33692434
4.21147497,0.33692434
4.21211497,0.33692434
4.21275497,0.33692434
4.21339497,0.33692434
4.21403497,0.33692434
4.21467497,0.16052736
4.21531497,0.16052736
4.21595497,0.16052736
4.21659497,0.16052736
4.21723497,0.16052736
4.21787497,0.16052736
4.21851497,0.16052736
4.21915497,0.16052736
4.21979497,0.16052736
4.22043497,0.16052736
4.22107497,0.16052736
4.22171497,0.16052736
4.22235497,0.16052736
4.22299497,0.16052736
4.22363497,0.16052736
4.22427497,-0.01525925
4.22491497,0.16052736
4.22555497,-0.01525925
4.22619497,-0.01525925
4.22683497,0.16052736
4.22747497,-0.01525925
4.22811497,-0.01525925
4.22875497,-0.01525925
4.22939497,-0.01525925
4.23003497,-0.01525925
4.23067497,-0.01525925
4.23131497,-0.19104587
4.23195497,-0.01525925
4.23259497,-0.01525925
4.23323497,-0.01525925
4.23387497,-0.01525925
4.23451497,-0.01525925
4.23515497,-0.01525925
4.23579497,-0.01525925
4.23643497,-0.01525925
4.23707497,-0.01525925
4.23771497,-0.19104587
4.23835497,-0.19104587
4.23899497,-0.19104587
4.23963497,-0.19104587
4.24027497,-0.19104587
4.24091497,-0.19104587
4.24155497,-0.19104587
4.24219497,-0.19104587
4.24283497,-0.19104587
4.24347497,-0.19104587
4.24411497,-0.19104587
4.24475497,-0.19104587
4.24539497,-0.19104587
4.24603497,-0.19104587
4.24667497,-0.19104587
4.24731497,-0.19104587
4.24795497,-0.19104587
4.24859497,-0.19104587
4.24923497,-0.36744285
4.24987497,-0.19104587
4.25051497,-0.36744285
4.25115497,-0.19104587
4.25179497,-0.19104587
4.25243497,-0.36744285
4.25307497,-0.19104587
4.25371497,-0.19104587
4.25435497,-0.36744285
4.25499497,-0.19104587
4.25563497,-0.36744285
4.25627497,-0.36744285
4.25691497,-0.19104587
4.25755497,-0.36744285
4.25819497,-0.36744285
4.25883497,-0.36744285
4.25947497,-0.36744285
4.26011497,-0.36744285
4.26075497,-0.36744285
4.26139497,-0.36744285
4.26203497,-0.36744285
4.26267497,-0.36744285
4.26331497,-0.36744285
4.26395497,-0.36744285
4.26459497,-0.36744285
4.26523497,-0.36744285
4.26587497,-0.36744285
4.26651497,-0.36744285
4.26715497,-0.36744285
4.26779497,-0.36744285
4.26843497,-0.36744285
4.26907497,-0.36744285
4.26971497,-0.36744285
4.27035497,-0.36744285
4.27099497,-0.36744285
4.27163497,-0.36744285
4.27227497,-0.36744285
4.27291497,-0.36744285
4.27355497,-0.36744285
4.27419497,-0.36744285
4.27483497,-0.36744285
4.27547497,-0.36744285
4.27611497,-0.36744285
4.27675497,-0.36744285
4.27739497,-0.54383981
4.27803497,-0.36744285
4.27867497,-0.36744285
4.27931497,-0.36744285
4.27995497,-0.54383981
4.28059497,-0.36744285
4.28123497,-0.36744285
4.28187497,-0.36744285
4.28251497,-0.36744285
4.28315497,-0.36744285
4.28379497,-0.36744285
4.28443497,-0.36744285
4.28507497,-0.36744285
4.28571497,-0.36744285
4.28635497,-0.36744285
4.28699497,-0.36744285
4.28763497,-0.36744285
4.28827497,-0.36744285
4.28891497,-0.36744285
4.28955497,-0.36744285
4.29019497,-0.36744285
4.29083497,-0.36744285
4.29147497,-0.36744285
4.29211497,-0.36744285
4.29275497,-0.36744285
4.29339497,-0.36744285
4.29403497,-0.36744285
4.29467497,-0.36744285
4.29531497,-0.36744285
4.29595497,-0.36744285
4.29659497,-0.36744285
4.29723497,-0.36744285
4.29787497,-0.36744285
4.29851497,-0.36744285
4.29915497,-0.36744285
4.29979497,-0.36744285
4.30043497,-0.36744285
4.30107497,-0.36744285
4.30171497,-0.36744285
4.30235497,-0.36744285
4.30299497,-0.36744285
4.30363497,-0.36744285
4.30427497,-0.36744285
4.30491497,-0.36744285
4.30555497,-0.36744285
4.30619497,-0.36744285
4.30683497,-0.36744285
4.30747497,-0.36744285
4.30811497,-0.36744285
4.30875497,-0.36744285
4.30939497,-0.36744285
4.31003497,-0.36744285
4.31067497,-0.36744285
4.31131497,-0.36744285
4.31195497,-0.19104587
4.31259497,-0.19104587
4.31323497,-0.19104587
4.31387497,-0.19104587
4.31451497,-0.19104587
4.31515497,-0.19104587
4.31579497,-0.19104587
4.31643497,-0.19104587
4.31707497,-0.19104587
4.31771497,-0.19104587
4.31835497,-0.19104587
4.31899497,-0.19104587
4.31963497,-0.19104587
4.32027497,-0.19104587
4.32091497,-0.19104587
4.32155497,-0.19104587
4.32219497,-0.19104587
4.32283497,-0.19104587
4.32347497,-0.19104587
4.32411497,-0.19104587
4.32475497,-0.19104587
4.32539497,-0.01525925
4.32603497,-0.01525925
4.32667497,-0.01525925
4.32731497,-0.01525925
4.32795497,-0.01525925
4.32859497,-0.01525925
4.32923497,-0.01525925
4.32987497,-0.01525925
4.33051497,-0.01525925
4.33115497,-0.01525925
4.33179497,-0.01525925
4.33243497,0.16052736
4.33307497,-0.01525925
4.33371497,-0.01525925
4.33435497,-0.01525925
4.33499497,0.16052736
4.33563497,-0.01525925
4.33627497,0.16052736
4.33691497,-0.01525925
4.33755497,-0.01525925
4.33819497,0.16052736
4.33883497,0.16052736
4.33947497,0.16052736
4.34011497,0.16052736
4.34075497,0.16052736
4.34139497,0.16052736
4.34203497,0.16052736
4.34267497,0.16052736
4.34331497,0.16052736
4.34395497,0.16052736
4.34459497,0.16052736
4.34523497,0.16052736
4.34587497,0.16052736
4.34651497,0.16052736
4.34715497,0.16052736
4.34779497,0.33692434
4.34843497,0.16052736
4.34907497,0.16052736
4.34971497,0.33692434
4.35035497,0.16052736
4.35099497,0.16052736
4.35163497,0.33692434
4.35227497,0.33692434
4.35291497,0.33692434
4.35355497,0.33692434
4.35419497,0.33692434
4.35483497,0.33692434
4.35547497,0.33692434
4.35611497,0.33692434
4.35675497,0.33692434
4.35739497,0.33692434
4.35803497,0.33692434
4.35867497,0.33692434
4.35931497,0.33692434
4.35995497,0.33692434
4.36059497,0.33692434
4.36123497,0.33692434
4.36187497,0.33692434
4.36251497,0.33692434
4.36315497,0.33692434
4.36379497,0.33692434
4.36443497,0.33692434
4.36507497,0.33692434
4.36571497,0.33692434
4.36635497,0.33692434
4.36699497,0.33692434
4.36763497,0.33692434
4.36827497,0.33692434
4.36891497,0.33692434
4.36955497,0.33692434
4.37019497,0.33692434
4.37083497,0.33692434
4.37147497,0.33692434
4.37211497,0.33692434
4.37275497,0.33692434
4.37339497,0.33692434
4.37403497,0.51332134
4.37467497,0.33692434
4.37531497,0.33692434
4.37595497,0.33692434
4.37659497,0.33692434
4.37723497,0.33692434
4.37787497,0.51332134
4.37851497,0.33692434
4.37915497,0.33692434
4.37979497,0.33692434
4.38043497,0.33692434
4.38107497,0.51332134
4.38171497,0.51332134
4.38235497,0.33692434
4.38299497,0.51332134
4.38363497,0.51332134
4.38427497,0.33692434
4.38491497,0.51332134
4.38555497,0.51332134
4.38619497,0.51332134
4.38683497,0.51332134
4.38747497,0.33692434
4.38811497,0.51332134
4.38875497,0.51332134
4.38939497,0.51332134
4.39003497,0.33692434
4.39067497,0.51332134
4.39131497,0.51332134
4.39195497,0.51332134
4.39259497,0.33692434
4.39323497,0.51332134
4.39387497,0.51332134
4.39451497,0.33692434
4.39515497,0.51332134
4.39579497,0.51332134
4.39643497,0.33692434
4.39707497,0.51332134
4.39771497,0.51332134
4.39835497,0.51332134
4.39899497,0.33692434
4.39963497,0.51332134
4.40027497,0.33692434
4.40091497,0.33692434
4.40155497,0.51332134
4.40219497,0.51332134
4.40283497,0.33692434
4.40347497,0.33692434
4.40411497,0.33692434
4.40475497,0.33692434
4.40539497,0.33692434
4.40603497,0.33692434
4.40667497,0.33692434
4.40731497,0.33692434
4.40795497,0.33692434
4.40859497,0.33692434
4.40923497,0.33692434
4.40987497,0.33692434
4.41051497,0.33692434
4.41115497,0.33692434
4.41179497,0.33692434
4.41243497,0.33692434
4.41307497,0.33692434
4.41371497,0.33692434
4.41435497,0.33692434
4.41499497,0.33692434
4.41563497,0.33692434
4.41627497,0.33692434
4.41691497,0.33692434
4.41755497,0.33692434
4.41819497,0.33692434
4.41883497,0.33692434
4.41947497,0.33692434
4.42011497,0.33692434
4.42075497,0.33692434
4.42139497,0.33692434
4.42203497,0.33692434
4.42267497,0.16052736
4.42331497,0.16052736
4.42395497,0.16052736
4.42459497,0.16052736
4.42523497,0.16052736
4.42587497,0.16052736
4.42651497,0.33692434
4.42715497,0.16052736
4.42779497,0.16052736
4.42843497,0.16052736
4.42907497,0.16052736
4.42971497,0.16052736
4.43035497,0.16052736
4.43099497,0.16052736
4.43163497,0.16052736
4.43227497,0.16052736
4.43291497,0.16052736
4.43355497,0.16052736
4.43419497,0.16052736
4.43483497,0.16052736
4.43547497,0.16052736
4.43611497,0.16052736
4.43675497,0.16052736
4.43739497,-0.01525925
4.43803497,-0.01525925
4.43867497,-0.01525925
4.43931497,-0.01525925
4.43995497,-0.01525925
4.44059497,0.16052736
4.44123497,-0.01525925
4.44187497,-0.01525925
4.44251497,-0.01525925
4.44315497,-0.01525925
4.44379497,-0.01525925
4.44443497,-0.01525925
4.44507497,-0.01525925
4.44571497,-0.01525925
4.44635497,-0.01525925
4.44699497,-0.01525925
4.44763497,-0.19104587
4.44827497,-0.01525925
4.44891497,-0.19104587
4.44955497,-0.01525925
4.45019497,-0.19104587
4.45083497,-0.19104587
4.45147497,-0.01525925
4.45211497,-0.19104587
4.45275497,-0.19104587
4.45339497,-0.19104587
4.45403497,-0.19104587
4.45467497,-0.19104587
4.45531497,-0.19104587
4.45595497,-0.19104587
4.45659497,-0.19104587
4.45723497,-0.19104587
4.45787497,-0.19104587
4.45851497,-0.19104587
4.45915497,-0.19104587
4.45979497,-0.19104587
4.46043497,-0.19104587
4.46107497,-0.19104587
4.46171497,-0.19104587
4.46235497,-0.19104587
4.46299497,-0.19104587
4.46363497,-0.36744285
4.46427497,-0.19104587
4.46491497,-0.19104587
4.46555497,-0.19104587
4.46619497,-0.36744285
4.46683497,-0.19104587
4.46747497,-0.19104587
4.46811497,-0.19104587
4.46875497,-0.36744285
4.46939497,-0.36744285
4.47003497,-0.19104587
4.47067497,-0.36744285
4.47131497,-0.19104587
4.47195497,-0.36744285
4.47259497,-0.19104587
4.47323497,-0.36744285
4.47387497,-0.36744285
4.47451497,-0.36744285
4.47515497,-0.36744285
4.47579497,-0.36744285
4.47643497,-0.36744285
4.47707497,-0.36744285
4.47771497,-0.36744285
4.47835497,-0.36744285
4.47899497,-0.36744285
4.47963497,-0.36744285
4.48027497,-0.36744285
4.48091497,-0.36744285
4.48155497,-0.36744285
4.48219497,-0.36744285
4.48283497,-0.36744285
4.48347497,-0.36744285
4.48411497,-0.36744285
4.48475497,-0.36744285
4.48539497,-0.36744285
4.48603497,-0.36744285
4.48667497,-0.36744285
4.48731497,-0.36744285
4.48795497,-0.36744285
4.48859497,-0.36744285
4.48923497,-0.36744285
4.48987497,-0.36744285
4.49051497,-0.36744285
4.49115497,-0.36744285
4.49179497,-0.36744285
4.49243497,-0.36744285
4.49307497,-0.36744285
4.49371497,-0.36744285
4.49435497,-0.36744285
4.49499497,-0.36744285
4.49563497,-0.36744285
4.49627497,-0.36744285
4.49691497,-0.36744285
4.49755497,-0.36744285
4.49819497,-0.36744285
4.49883497,-0.36744285
4.49947497,-0.36744285
4.50011497,-0.36744285
4.50075497,-0.36744285
4.50139497,-0.36744285
4.50203497,-0.36744285
4.50267497,-0.36744285
4.50331497,-0.36744285
4.50395497,-0.36744285
4.50459497,-0.36744285
4.50523497,-0.36744285
4.50587497,-0.36744285
4.50651497,-0.36744285
4.50715497,-0.36744285
4.50779497,-0.36744285
4.50843497,-0.36744285
4.50907497,-0.36744285
4.50971497,-0.36744285
4.51035497,-0.36744285
4.51099497,-0.36744285
4.51163497,-0.36744285
4.51227497,-0.36744285
4.51291497,-0.36744285
4.51355497,-0.36744285
4.51419497,-0.36744285
4.51483497,-0.36744285
4.51547497,-0.36744285
4.51611497,-0.36744285
4.51675497,-0.36744285
4.51739497,-0.19104587
4.51803497,-0.36744285
4.51867497,-0.36744285
4.51931497,-0.19104587
4.51995497,-0.36744285
4.52059497,-0.19104587
4.52123497,-0.19104587
4.52187497,-0.19104587
4.52251497,-0.36744285
4.52315497,-0.19104587
4.52379497,-0.19104587
4.52443497,-0.19104587
4.52507497,-0.19104587
4.52571497,-0.19104587
4.52635497,-0.19104587
4.52699497,-0.19104587
4.52763497,-0.19104587
4.52827497,-0.19104587
4.52891497,-0.19104587
4.52955497,-0.19104587
4.53019497,-0.19104587
4.53083497,-0.19104587
4.53147497,-0.19104587
4.53211497,-0.19104587
4.53275497,-0.19104587
4.53339497,-0.19104587
4.53403497,-0.19104587
4.53467497,-0.19104587
4.53531497,-0.01525925
4.53595497,-0.01525925
4.53659497,-0.19104587
4.53723497,-0.01525925
4.53787497,-0.01525925
4.53851497,-0.01525925
4.53915497,-0.01525925
4.53979497,-0.01525925
4.54043497,-0.01525925
4.54107497,-0.01525925
4.54171497,-0.01525925
4.54235497,-0.01525925
4.54299497,-0.01525925
4.54363497,0.16052736
4.54427497,-0.01525925
4.54491497,-0.01525925
4.54555497,-0.01525925
4.54619497,0.16052736
4.54683497,0.16052736
4.54747497,-0.01525925
4.54811497,0.16052736
4.54875497,-0.01525925
4.54939497,0.16052736
4.55003497,0.16052736
4.55067497,0.16052736
4.55131497,0.16052736
4.55195497,-0.01525925
4.55259497,0.16052736
4.55323497,0.16052736
4.55387497,0.16052736
4.55451497,0.16052736
4.55515497,0.16052736
4.55579497,-0.01525925
4.55643497,0.16052736
4.55707497,0.16052736
4.55771497,0.16052736
4.55835497,0.16052736
4.55899497,0.16052736
4.55963497,0.16052736
4.56027497,0.16052736
4.56091497,0.16052736
4.56155497,0.33692434
4.56219497,0.33692434
4.56283497,0.33692434
4.56347497,0.33692434
4.56411497,0.33692434
4.56475497,0.33692434
4.56539497,0.33692434
4.56603497,0.33692434
4.56667497,0.33692434
4.56731497,0.33692434
4.56795497,0.33692434
4.56859497,0.33692434
4.56923497,0.33692434
4.56987497,0.33692434
4.57051497,0.33692434
4.57115497,0.33692434
4.57179497,0.33692434
4.57243497,0.33692434
4.57307497,0.33692434
4.57371497,0.33692434
4.57435497,0.33692434
4.57499497,0.33692434
4.57563497,0.33692434
4.57627497,0.33692434
4.57691497,0.33692434
4.57755497,0.33692434
4.57819497,0.33692434
4.57883497,0.33692434
4.57947497,0.33692434
4.58011497,0.33692434
4.58075497,0.33692434
4.58139497,0.33692434
4.58203497,0.33692434
4.58267497,0.33692434
4.58331497,0.33692434
4.58395497,0.33692434
4.58459497,0.33692434
4.58523497,0.33692434
4.58587497,0.33692434
4.58651497,0.33692434
4.58715497,0.33692434
4.58779497,0.33692434
4.58843497,0.33692434
4.58907497,0.51332134
4.58971497,0.33692434
4.59035497,0.33692434
4.59099497,0.33692434
4.59163497,0.33692434
4.59227497,0.51332134
4.59291497,0.51332134
4.59355497,0.51332134
4.59419497,0.33692434
4.59483497,0.33692434
4.59547497,0.33692434
4.59611497,0.33692434
4.59675497,0.33692434
4.59739497,0.33692434
4.59803497,0.33692434
4.59867497,0.33692434
4.59931497,0.51332134
4.59995497,0.33692434
4.60059497,0.33692434
4.60123497,0.33692434
4.60187497,0.33692434
4.60251497,0.33692434
4.60315497,0.51332134
4.60379497,0.33692434
4.60443497,0.33692434
4.60507497,0.33692434
4.60571497,0.33692434
4.60635497,0.33692434
4.60699497,0.33692434
4.60763497,0.33692434
4.60827497,0.33692434
4.60891497,0.33692434
4.60955497,0.33692434
4.61019497,0.33692434
4.61083497,0.33692434
4.61147497,0.51332134
4.61211497,0.51332134
4.61275497,0.33692434
4.61339497,0.33692434
4.61403497,0.33692434
4.61467497,0.33692434
4.61531497,0.33692434
4.61595497,0.33692434
4.61659497,0.33692434
4.61723497,0.33692434
4.61787497,0.33692434
4.61851497,0.33692434
4.61915497,0.33692434
4.61979497,0.33692434
4.62043497,0.33692434
4.62107497,0.33692434
4.62171497,0.33692434
4.62235497,0.33692434
4.62299497,0.33692434
4.62363497,0.33692434
4.62427497,0.33692434
4.62491497,0.33692434
4.62555497,0.33692434
4.62619497,0.33692434
4.62683497,0.33692434
4.62747497,0.33692434
4.62811497,0.33692434
4.62875497,0.33692434
4.62939497,0.33692434
4.63003497,0.16052736
4.63067497,0.33692434
4.63131497,0.33692434
4.63195497,0.33692434
4.63259497,0.33692434
4.63323497,0.16052736
4.63387497,0.33692434
4.63451497,0.16052736
4.63515497,0.16052736
4.63579497,0.16052736
4.63643497,0.16052736
4.63707497,0.16052736
4.63771497,0.16052736
4.63835497,0.16052736
4.63899497,0.16052736
4.63963497,0.16052736
4.64027497,0.16052736
4.64091497,0.16052736
4.64155497,0.16052736
4.64219497,0.16052736
4.64283497,0.16052736
4.64347497,0.16052736
4.64411497,0.16052736
4.64475497,0.16052736
4.64539497,0.16052736
4.64603497,0.16052736
4.64667497,-0.01525925
4.64731497,0.16052736
4.64795497,0.16052736
4.64859497,0.16052736
4.64923497,-0.01525925
4.64987497,0.16052736
4.65051497,-0.01525925
4.65115497,-0.01525925
4.65179497,-0.01525925
4.65243497,-0.01525925
4.65307497,-0.01525925
4.65371497,-0.01525925
4.65435497,-0.01525925
4.65499497,-0.01525925
4.65563497,-0.01525925
4.65627497,-0.01525925
4.65691497,-0.01525925
4.65755497,-0.01525925
4.65819497,-0.01525925
4.65883497,-0.01525925
4.65947497,-0.19104587
4.66011497,-0.19104587
4.66075497,-0.01525925
4.66139497,-0.19104587
4.66203497,-0.19104587
4.66267497,-0.19104587
4.66331497,-0.19104587
4.66395497,-0.19104587
4.66459497,-0.19104587
4.66523497,-0.19104587
4.66587497,-0.19104587
4.66651497,-0.19104587
4.66715497,-0.19104587
4.66779497,-0.19104587
4.66843497,-0.19104587
4.66907497,-0.19104587
4.66971497,-0.19104587
4.67035497,-0.19104587
4.67099497,-0.19104587
4.67163497,-0.19104587
4.67227497,-0.19104587
4.67291497,-0.19104587
4.67355497,-0.19104587
4.67419497,-0.19104587
4.67483497,-0.19104587
4.67547497,-0.19104587
4.67611497,-0.19104587
4.67675497,-0.19104587
4.67739497,-0.19104587
4.67803497,-0.19104587
4.67867497,-0.19104587
4.67931497,-0.19104587
4.67995497,-0.19104587
4.68059497,-0.19104587
4.68123497,-0.36744285
4.68187497,-0.36744285
4.68251497,-0.19104587
4.68315497,-0.36744285
4.68379497,-0.36744285
4.68443497,-0.19104587
4.68507497,-0.36744285
4.68571497,-0.36744285
4.68635497,-0.19104587
4.68699497,-0.36744285
4.68763497,-0.36744285
4.68827497,-0.36744285
4.68891497,-0.36744285
4.68955497,-0.36744285
4.69019497,-0.36744285
4.69083497,-0.36744285
4.69147497,-0.36744285
4.69211497,-0.36744285
4.69275497,-0.36744285
4.69339497,-0.36744285
4.69403497,-0.36744285
4.69467497,-0.36744285
4.69531497,-0.36744285
4.69595497,-0.36744285
4.69659497,-0.36744285
4.69723497,-0.36744285
4.69787497,-0.36744285
4.69851497,-0.36744285
4.69915497,-0.36744285
4.69979497,-0.36744285
4.70043497,-0.36744285
4.70107497,-0.36744285
4.70171497,-0.36744285
4.70235497,-0.36744285
4.70299497,-0.36744285
4.70363497,-0.36744285
4.70427497,-0.36744285
4.70491497,-0.36744285
4.70555497,-0.36744285
4.70619497,-0.36744285
4.70683497,-0.36744285
4.70747497,-0.36744285
4.70811497,-0.36744285
4.70875497,-0.36744285
4.70939497,-0.36744285
4.71003497,-0.36744285
4.71067497,-0.36744285
4.71131497,-0.36744285
4.71195497,-0.36744285
4.71259497,-0.36744285
4.71323497,-0.36744285
4.71387497,-0.36744285
4.71451497,-0.36744285
4.71515497,-0.36744285
4.71579497,-0.36744285
4.71643497,-0.36744285
4.71707497,-0.36744285
4.71771497,-0.36744285
4.71835497,-0.36744285
4.71899497,-0.36744285
4.71963497,-0.36744285
4.72027497,-0.36744285
4.72091497,-0.36744285
4.72155497,-0.36744285
4.72219497,-0.36744285
4.72283497,-0.36744285
4.72347497,-0.36744285
4.72411497,-0.36744285
4.72475497,-0.19104587
4.72539497,-0.36744285
4.72603497,-0.36744285
4.72667497,-0.36744285
4.72731497,-0.36744285
4.72795497,-0.19104587
4.72859497,-0.36744285
4.72923497,-0.19104587
4.72987497,-0.19104587
4.73051497,-0.19104587
4.73115497,-0.19104587
4.73179497,-0.19104587
4.73243497,-0.19104587
4.73307497,-0.19104587
4.73371497,-0.19104587
4.73435497,-0.19104587
4.73499497,-0.19104587
4.73563497,-0.19104587
4.73627497,-0.19104587
4.73691497,-0.19104587
4.73755497,-0.19104587
4.73819497,-0.19104587
4.73883497,-0.19104587
4.73947497,-0.19104587
4.74011497,-0.19104587
4.74075497,-0.19104587
4.74139497,-0.19104587
4.74203497,-0.19104587
4.74267497,-0.19104587
4.74331497,-0.19104587
4.74395497,-0.19104587
4.74459497,-0.19104587
4.74523497,-0.19104587
4.74587497,-0.19104587
4.74651497,-0.19104587
4.74715497,-0.01525925
4.74779497,-0.01525925
4.74843497,-0.19104587
4.74907497,-0.01525925
4.74971497,-0.01525925
4.75035497,-0.01525925
4.75099497,-0.19104587
4.75163497,-0.01525925
4.75227497,-0.01525925
4.75291497,-0.01525925
4.75355497,-0.01525925
4.75419497,-0.01525925
4.75483497,-0.01525925
4.75547497,0.16052736
4.75611497,-0.01525925
4.75675497,-0.01525925
4.75739497,-0.01525925
4.75803497,0.16052736
4.75867497,-0.01525925
4.75931497,-0.01525925
4.75995497,-0.01525925
4.76059497,-0.01525925
4.76123497,0.16052736
4.76187497,0.16052736
4.76251497,-0.01525925
4.76315497,0.16052736
4.76379497,0.16052736
4.76443497,0.16052736
4.76507497,0.16052736
4.76571497,0.16052736
4.76635497,0.16052736
4.76699497,0.16052736
4.76763497,-0.01525925
4.76827497,0.16052736
4.76891497,0.16052736
4.76955497,0.16052736
4.77019497,0.16052736
4.77083497,0.16052736
4.77147497,0.16052736
4.77211497,0.16052736
4.77275497,0.16052736
4.77339497,0.16052736
4.77403497,0.16052736
4.77467497,0.16052736
4.77531497,0.16052736
4.77595497,0.16052736
4.77659497,0.16052736
4.77723497,0.16052736
4.77787497,0.33692434
4.77851497,0.16052736
4.77915497,0.16052736
4.77979497,0.16052736
4.78043497,0.33692434
4.78107497,0.33692434
4.78171497,0.33692434
4.78235497,0.33692434
4.78299497,0.33692434
4.78363497,0.33692434
4.78427497,0.33692434
4.78491497,0.33692434
4.78555497,0.33692434
4.78619497,0.33692434
4.78683497,0.33692434
4.78747497,0.33692434
4.78811497,0.33692434
4.78875497,0.33692434
4.78939497,0.33692434
4.79003497,0.33692434
4.79067497,0.33692434
4.79131497,0.33692434
4.79195497,0.33692434
4.79259497,0.33692434
4.79323497,0.33692434
4.79387497,0.33692434
4.79451497,0.33692434
4.79515497,0.33692434
4.79579497,0.33692434
4.79643497,0.33692434
4.79707497,0.33692434
4.79771497,0.33692434
4.79835497,0.33692434
4.79899497,0.33692434
4.79963497,0.33692434
4.80027497,0.33692434
4.80091497,0.33692434
4.80155497,0.33692434
4.80219497,0.33692434
4.80283497,0.33692434
4.80347497,0.33692434
4.80411497,0.33692434
4.80475497,0.33692434
4.80539497,0.33692434
4.80603497,0.33692434
4.80667497,0.33692434
4.80731497,0.33692434
4.80795497,0.33692434
4.80859497,0.33692434
4.80923497,0.33692434
4.80987497,0.33692434
4.81051497,0.33692434
4.81115497,0.33692434
4.81179497,0.33692434
4.81243497,0.33692434
4.81307497,0.33692434
4.81371497,0.33692434
4.81435497,0.33692434
4.81499497,0.33692434
4.81563497,0.33692434
4.81627497,0.33692434
4.81691497,0.33692434
4.81755497,0.33692434
4.81819497,0.33692434
4.81883497,0.33692434
4.81947497,0.33692434
4.82011497,0.33692434
4.82075497,0.33692434
4.82139497,0.33692434
4.82203497,0.33692434
4.82267497,0.33692434
4.82331497,0.33692434
4.82395497,0.33692434
4.82459497,0.33692434
4.82523497,0.33692434
4.82587497,0.33692434
4.82651497,0.33692434
4.82715497,0.33692434
4.82779497,0.33692434
4.82843497,0.33692434
4.82907497,0.33692434
4.82971497,0.33692434
4.83035497,0.33692434
4.83099497,0.33692434
4.83163497,0.33692434
4.83227497,0.33692434
4.83291497,0.33692434
4.83355497,0.33692434
4.83419497,0.33692434
4.83483497,0.33692434
4.83547497,0.33692434
4.83611497,0.33692434
4.83675497,0.33692434
4.83739497,0.33692434
4.83803497,0.33692434
4.83867497,0.33692434
4.83931497,0.33692434
4.83995497,0.33692434
4.84059497,0.33692434
4.84123497,0.33692434
4.84187497,0.33692434
4.84251497,0.16052736
4.84315497,0.16052736
4.84379497,0.16052736
4.84443497,0.33692434
4.84507497,0.16052736
4.84571497,0.33692434
4.84635497,0.16052736
4.84699497,0.16052736
4.84763497,0.33692434
4.84827497,0.16052736
4.84891497,0.16052736
4.84955497,0.16052736
4.85019497,0.16052736
4.85083497,0.16052736
4.85147497,-0.01525925
4.85211497,0.16052736
4.85275497,0.16052736
4.85339497,0.16052736
4.85403497,-0.01525925
4.85467497,0.16052736
4.85531497,0.16052736
4.85595497,0.16052736
4.85659497,0.16052736
4.85723497,0.16052736
4.85787497,-0.01525925
4.85851497,0.16052736
4.85915497,-0.01525925
4.85979497,-0.01525925
4.86043497,-0.01525925
4.86107497,0.16052736
4.86171497,-0.01525925
4.86235497,-0.01525925
4.86299497,-0.01525925
4.86363497,0.16052736
4.86427497,-0.01525925
4.86491497,-0.01525925
4.86555497,-0.01525925
4.86619497,-0.01525925
4.86683497,-0.01525925
4.86747497,-0.01525925
4.86811497,-0.01525925
4.86875497,-0.01525925
4.86939497,-0.01525925
4.87003497,-0.19104587
4.87067497,-0.01525925
4.87131497,-0.01525925
4.87195497,-0.01525925
4.87259497,-0.01525925
4.87323497,-0.19104587
4.87387497,-0.01525925
4.87451497,-0.19104587
4.87515497,-0.19104587
4.87579497,-0.19104587
4.87643497,-0.01525925
4.87707497,-0.19104587
4.87771497,-0.19104587
4.87835497,-0.19104587
4.87899497,-0.19104587
4.87963497,-0.19104587
4.88027497,-0.19104587
4.88091497,-0.19104587
4.88155497,-0.19104587
4.88219497,-0.19104587
4.88283497,-0.19104587
4.88347497,-0.19104587
4.88411497,-0.19104587
4.88475497,-0.19104587
4.88539497,-0.19104587
4.88603497,-0.19104587
4.88667497,-0.19104587
4.88731497,-0.19104587
4.88795497,-0.19104587
4.88859497,-0.19104587
4.88923497,-0.19104587
4.88987497,-0.19104587
4.89051497,-0.19104587
4.89115497,-0.19104587
4.89179497,-0.19104587
4.89243497,-0.19104587
4.89307497,-0.19104587
4.89371497,-0.19104587
4.89435497,-0.19104587
4.89499497,-0.19104587
4.89563497,-0.19104587
4.89627497,-0.36744285
4.89691497,-0.19104587
4.89755497,-0.19104587
4.89819497,-0.36744285
4.89883497,-0.19104587
4.89947497,-0.36744285
4.90011497,-0.19104587
4.90075497,-0.36744285
4.90139497,-0.19104587
4.90203497,-0.19104587
4.90267497,-0.19104587
4.90331497,-0.19104587
4.90395497,-0.36744285
4.90459497,-0.19104587
4.90523497,-0.36744285
4.90587497,-0.19104587
4.90651497,-0.19104587
4.90715497,-0.36744285
4.90779497,-0.19104587
4.90843497,-0.36744285
4.90907497,-0.19104587
4.90971497,-0.36744285
4.91035497,-0.36744285
4.91099497,-0.36744285
4.91163497,-0.19104587
4.91227497,-0.36744285
4.91291497,-0.36744285
4.91355497,-0.19104587
4.91419497,-0.36744285
4.91483497,-0.36744285
4.91547497,-0.36744285
4.91611497,-0.36744285
4.91675497,-0.36744285
4.91739497,-0.36744285
4.91803497,-0.36744285
4.91867497,-0.36744285
4.91931497,-0.36744285
4.91995497,-0.19104587
4.92059497,-0.36744285
4.92123497,-0.19104587
4.92187497,-0.36744285
4.92251497,-0.36744285
4.92315497,-0.36744285
4.92379497,-0.36744285
4.92443497,-0.36744285
4.92507497,-0.36744285
4.92571497,-0.19104587
4.92635497,-0.19104587
4.92699497,-0.36744285
4.92763497,-0.36744285
4.92827497,-0.36744285
4.92891497,-0.19104587
4.92955497,-0.36744285
4.93019497,-0.36744285
4.93083497,-0.36744285
4.93147497,-0.36744285
4.93211497,-0.36744285
4.93275497,-0.36744285
4.93339497,-0.19104587
4.93403497,-0.19104587
4.93467497,-0.36744285
4.93531497,-0.19104587
4.93595497,-0.19104587
4.93659497,-0.19104587
4.93723497,-0.19104587
4.93787497,-0.19104587
4.93851497,-0.19104587
4.93915497,-0.19104587
4.93979497,-0.19104587
4.94043497,-0.19104587
4.94107497,-0.19104587
4.94171497,-0.19104587
4.94235497,-0.19104587
4.94299497,-0.19104587
4.94363497,-0.19104587
4.94427497,-0.19104587
4.94491497,-0.19104587
4.94555497,-0.19104587
4.94619497,-0.19104587
4.94683497,-0.19104587
4.94747497,-0.19104587
4.94811497,-0.19104587
4.94875497,-0.19104587
4.94939497,-0.19104587
4.95003497,-0.19104587
4.95067497,-0.19104587
4.95131497,-0.19104587
4.95195497,-0.19104587
4.95259497,-0.01525925
4.95323497,-0.19104587
4.95387497,-0.19104587
4.95451497,-0.19104587
4.95515497,-0.19104587
4.95579497,-0.01525925
4.95643497,-0.01525925
4.95707497,-0.01525925
4.95771497,-0.19104587
4.95835497,-0.01525925
4.95899497,-0.01525925
4.95963497,-0.19104587
4.96027497,-0.01525925
4.96091497,-0.01525925
4.96155497,-0.01525925
4.96219497,-0.01525925
4.96283497,-0.01525925
4.96347497,-0.01525925
4.96411497,0.16052736
4.96475497,-0.01525925
4.96539497,-0.01525925
4.96603497,-0.01525925
4.96667497,-0.01525925
4.96731497,-0.01525925
4.96795497,-0.01525925
4.96859497,0.16052736
4.96923497,-0.01525925
4.96987497,0.16052736
4.97051497,0.16052736
4.97115497,-0.01525925
4.97179497,0.16052736
4.97243497,0.16052736
4.97307497,0.16052736
4.97371497,0.16052736
4.97435497,0.16052736
4.97499497,0.16052736
4.97563497,-0.01525925
4.97627497,0.16052736
4.97691497,0.16052736
4.97755497,0.16052736
4.97819497,0.16052736
4.97883497,0.16052736
4.97947497,0.16052736
4.98011497,0.16052736
4.98075497,0.16052736
4.98139497,0.16052736
4.98203497,0.16052736
4.98267497,0.16052736
4.98331497,0.16052736
4.98395497,0.16052736
4.98459497,0.16052736
4.98523497,0.16052736
4.98587497,0.16052736
4.98651497,0.16052736
4.98715497,0.16052736
4.98779497,0.16052736
4.98843497,0.16052736
4.98907497,0.16052736
4.98971497,0.16052736
4.99035497,0.33692434
4.99099497,0.16052736
4.99163497,0.16052736
4.99227497,0.16052736
4.99291497,0.16052736
4.99355497,0.16052736
4.99419497,0.16052736
4.99483497,0.33692434
4.99547497,0.33692434
4.99611497,0.33692434
4.99675497,0.33692434
4.99739497,0.33692434
4.99803497,0.16052736
4.99867497,0.33692434
4.99931497,0.33692434
4.99995497,0.33692434
5.00059497,0.33692434
