Time (UTC +02:00 M/d/yyyy h:mm:ss tt),Peak to peak (A) (V),Frequency (A) (Hz)
4/28/2025 4:55:12 PM,0.013275551,84316.19
4/28/2025 4:55:12 PM,0.008850368,293.7582
4/28/2025 4:55:12 PM,0.004425184,78538.36
4/28/2025 4:55:12 PM,0.004425184,96767.22
4/28/2025 4:55:12 PM,0.008850368,156.84602
4/28/2025 4:55:12 PM,0.008850368,979.01
4/28/2025 4:55:12 PM,0.008850368,1128.3624
4/28/2025 4:55:12 PM,0.008850368,1056.6952
4/28/2025 4:55:12 PM,0.008850368,535.46954
4/28/2025 4:55:12 PM,0.008850368,610.6696
4/28/2025 4:55:12 PM,0.008850368,1496.9082
4/28/2025 4:55:12 PM,0.008850368,781.05475
4/28/2025 4:55:12 PM,0.008850368,799.29114
4/28/2025 4:55:12 PM,0.008850368,1069.1802
4/28/2025 4:55:12 PM,0.008850368,661.79584
4/28/2025 4:55:12 PM,0.008850368,831.49615
4/28/2025 4:55:12 PM,0.008850368,1454.5955
4/28/2025 4:55:12 PM,0.008850368,582.3705
4/28/2025 4:55:12 PM,0.008850368,1308.3829
4/28/2025 4:55:12 PM,0.008850368,995.06445
4/28/2025 4:55:12 PM,0.008850368,452.11224
4/28/2025 4:55:13 PM,0.008850368,334.58246
4/28/2025 4:55:13 PM,0.008850368,328.02658
4/28/2025 4:55:13 PM,0.004425184,78525.125
4/28/2025 4:55:13 PM,0.008850368,1029.315
4/28/2025 4:55:13 PM,0.004425184,79586.586
4/28/2025 4:55:13 PM,0.004425184,102798.69
4/28/2025 4:55:13 PM,0.008850368,1515.5188
4/28/2025 4:55:13 PM,0.004425184,94241.875
4/28/2025 4:55:13 PM,0.004425184,105595.984
4/28/2025 4:55:13 PM,0.008850368,107.98203
4/28/2025 4:55:13 PM,0.004425184,79915.34
4/28/2025 4:55:13 PM,0.004425184,78064.95
4/28/2025 4:55:13 PM,0.008850368,250.64165
4/28/2025 4:55:13 PM,0.008850368,14204.531
4/28/2025 4:55:13 PM,0.008850368,242.13544
4/28/2025 4:55:13 PM,0.008850368,325.0468
4/28/2025 4:55:13 PM,0.008850368,628.267
4/28/2025 4:55:13 PM,0.008850368,641.10455
4/28/2025 4:55:13 PM,0.013275551,43954.723
4/28/2025 4:55:13 PM,0.008850368,996.9162
4/28/2025 4:55:13 PM,0.008850368,1244.9298
4/28/2025 4:55:13 PM,0.008850368,737.7243
4/28/2025 4:55:13 PM,0.008850368,751.5633
4/28/2025 4:55:13 PM,0.008850368,507.88232
4/28/2025 4:55:13 PM,0.008850368,567.43896
4/28/2025 4:55:13 PM,0.008850368,1240.6702
4/28/2025 4:55:13 PM,0.008850368,415.77966
4/28/2025 4:55:13 PM,0.008850368,660.0625
4/28/2025 4:55:13 PM,0.008850368,750.4802
4/28/2025 4:55:14 PM,0.013275551,65329.96
4/28/2025 4:55:14 PM,0.008850368,169.32164
4/28/2025 4:55:14 PM,0.008850368,395.77
4/28/2025 4:55:14 PM,0.008850368,111.28918
4/28/2025 4:55:14 PM,0.008850368,1025.2623
4/28/2025 4:55:14 PM,0.013275551,87883.13
4/28/2025 4:55:14 PM,0.008850368,249.80017
4/28/2025 4:55:14 PM,0.013275551,97052.81
4/28/2025 4:55:14 PM,0.008850368,379.06354
4/28/2025 4:55:14 PM,0.008850368,469.36014
4/28/2025 4:55:14 PM,0.008850368,275.47604
4/28/2025 4:55:14 PM,0.008850368,750.3602
4/28/2025 4:55:14 PM,0.008850368,257.49835
4/28/2025 4:55:14 PM,0.013275551,44723.08
4/28/2025 4:55:14 PM,0.008850368,748.2214
4/28/2025 4:55:14 PM,0.008850368,1468.7911
4/28/2025 4:55:14 PM,0.008850368,1207.3264
4/28/2025 4:55:14 PM,0.008850368,891.2566
4/28/2025 4:55:14 PM,0.008850368,1043.0574
4/28/2025 4:55:14 PM,0.008850368,1670.5273
4/28/2025 4:55:14 PM,0.008850368,763.43646
4/28/2025 4:55:14 PM,0.008850368,1359.2866
4/28/2025 4:55:14 PM,0.008850368,1308.6266
4/28/2025 4:55:14 PM,0.008850368,1366.618
4/28/2025 4:55:14 PM,0.008850368,1311.8228
4/28/2025 4:55:14 PM,0.008850368,789.93933
4/28/2025 4:55:14 PM,0.008850368,820.2715
4/28/2025 4:55:14 PM,0.008850368,624.00165
4/28/2025 4:55:14 PM,0.013275551,50704.18
4/28/2025 4:55:15 PM,0.008850368,399.5142
4/28/2025 4:55:15 PM,0.008850368,772.44415
4/28/2025 4:55:15 PM,0.008850368,647.80255
4/28/2025 4:55:15 PM,0.008850368,2449.061
4/28/2025 4:55:15 PM,0.008850368,514.14935
4/28/2025 4:55:15 PM,0.008850368,401.67096
4/28/2025 4:55:15 PM,0.008850368,3650.6992
4/28/2025 4:55:15 PM,0.008850368,143.85011
4/28/2025 4:55:15 PM,0.013275551,52823.668
4/28/2025 4:55:15 PM,0.008850368,505.8271
4/28/2025 4:55:15 PM,0.008850368,397.78513
4/28/2025 4:55:15 PM,0.008850368,401.46454
4/28/2025 4:55:15 PM,0.008850368,776.89935
4/28/2025 4:55:15 PM,0.008850368,527.729
4/28/2025 4:55:15 PM,0.008850368,1368.813
4/28/2025 4:55:15 PM,0.013275551,29784.02
4/28/2025 4:55:15 PM,0.008850368,752.89105
4/28/2025 4:55:15 PM,0.013275551,42668.27
4/28/2025 4:55:15 PM,0.008850368,1658.2356
4/28/2025 4:55:15 PM,0.008850368,906.98016
4/28/2025 4:55:15 PM,0.008850368,1698.0856
4/28/2025 4:55:15 PM,0.008850368,971.1672
4/28/2025 4:55:15 PM,0.02214118,48485.07
4/28/2025 4:55:15 PM,0.026566362,88700.89
4/28/2025 4:55:15 PM,0.044267096,10929.404
4/28/2025 4:55:15 PM,0.07084872,137.81091
4/28/2025 4:55:15 PM,0.079699084,154.15352
4/28/2025 4:55:16 PM,0.09743034,208.27777
4/28/2025 4:55:16 PM,0.10628071,236.49162
4/28/2025 4:55:16 PM,0.11957152,260.2432
4/28/2025 4:55:16 PM,0.13286233,294.47794
4/28/2025 4:55:16 PM,0.1417127,326.95123
4/28/2025 4:55:16 PM,0.15056306,362.19287
4/28/2025 4:55:16 PM,0.16386914,386.24753
4/28/2025 4:55:16 PM,0.16829431,406.19583
4/28/2025 4:55:16 PM,0.17271951,426.33017
4/28/2025 4:55:16 PM,0.17714468,452.0469
4/28/2025 4:55:16 PM,0.18599504,477.31787
4/28/2025 4:55:16 PM,0.19487596,494.54025
4/28/2025 4:55:16 PM,0.19930112,517.7269
4/28/2025 4:55:16 PM,0.20372632,550.7967
4/28/2025 4:55:16 PM,0.21700186,590.514
4/28/2025 4:55:16 PM,0.22142705,617.882
4/28/2025 4:55:16 PM,0.23030794,648.07135
4/28/2025 4:55:16 PM,0.23030794,672.91125
4/28/2025 4:55:16 PM,0.2391583,690.45514
4/28/2025 4:55:16 PM,0.2391583,706.16156
4/28/2025 4:55:16 PM,0.2391583,739.1201
4/28/2025 4:55:16 PM,0.24800867,759.02155
4/28/2025 4:55:16 PM,0.24800867,785.9658
4/28/2025 4:55:16 PM,0.25243384,805.531
4/28/2025 4:55:16 PM,0.25685903,823.7775
4/28/2025 4:55:16 PM,0.2612995,897.9885
4/28/2025 4:55:16 PM,0.26573992,914.2179
4/28/2025 4:55:16 PM,0.2701651,945.0605
4/28/2025 4:55:16 PM,0.27459028,962.1305
4/28/2025 4:55:16 PM,0.27459028,993.6758
4/28/2025 4:55:16 PM,0.27459028,1010.23706
4/28/2025 4:55:16 PM,0.28344065,1036.6906
4/28/2025 4:55:16 PM,0.28344065,1069.1802
4/28/2025 4:55:16 PM,0.28344065,1087.789
4/28/2025 4:55:16 PM,0.28786585,1102.5261
4/28/2025 4:55:16 PM,0.28786585,1131.4265
4/28/2025 4:55:16 PM,0.28786585,1147.5162
4/28/2025 4:55:16 PM,0.29229105,1166.2031
4/28/2025 4:55:16 PM,0.29229105,1182.7346
4/28/2025 4:55:17 PM,0.29229105,1199.9092
4/28/2025 4:55:17 PM,0.29229105,1214.1495
4/28/2025 4:55:17 PM,0.3011719,1245.3507
4/28/2025 4:55:17 PM,0.3011719,1269.1215
4/28/2025 4:55:17 PM,0.3011719,1304.4386
4/28/2025 4:55:17 PM,0.3011719,1329.41
4/28/2025 4:55:17 PM,0.3011719,1372.6517
4/28/2025 4:55:17 PM,0.3011719,1389.554
4/28/2025 4:55:17 PM,0.3100223,1414.5194
4/28/2025 4:55:17 PM,0.3100223,1437.6315
4/28/2025 4:55:17 PM,0.3100223,1474.6528
4/28/2025 4:55:17 PM,0.3100223,1496.8523
4/28/2025 4:55:17 PM,0.3100223,1518.6754
4/28/2025 4:55:17 PM,0.3100223,1542.3467
4/28/2025 4:55:17 PM,0.3100223,1578.7081
4/28/2025 4:55:17 PM,0.3100223,1608.1721
4/28/2025 4:55:17 PM,0.31887263,1637.4115
4/28/2025 4:55:17 PM,0.31887263,1659.806
4/28/2025 4:55:17 PM,0.31887263,1699.3547
4/28/2025 4:55:17 PM,0.31887263,1717.033
4/28/2025 4:55:17 PM,0.31887263,1735.8843
4/28/2025 4:55:17 PM,0.31887263,1760.0385
4/28/2025 4:55:17 PM,0.31887263,1787.2461
4/28/2025 4:55:17 PM,0.31887263,1812.8923
4/28/2025 4:55:17 PM,0.32329783,1844.8743
4/28/2025 4:55:17 PM,0.32329783,1865.0531
4/28/2025 4:55:17 PM,0.32772303,1891.6465
4/28/2025 4:55:17 PM,0.32772303,1916.6554
4/28/2025 4:55:17 PM,0.32772303,1947.9988
4/28/2025 4:55:17 PM,0.32772303,1972.5912
4/28/2025 4:55:17 PM,0.32772303,2005.6412
4/28/2025 4:55:17 PM,0.32772303,2027.2809
4/28/2025 4:55:17 PM,0.32772303,2052.1409
4/28/2025 4:55:17 PM,0.32772303,2073.9316
4/28/2025 4:55:17 PM,0.32772303,2095.909
4/28/2025 4:55:17 PM,0.32772303,2120.657
4/28/2025 4:55:17 PM,0.32772303,2144.2295
4/28/2025 4:55:17 PM,0.32772303,2170.7131
4/28/2025 4:55:18 PM,0.32772303,2203.526
4/28/2025 4:55:18 PM,0.32772303,2232.4326
4/28/2025 4:55:18 PM,0.32772303,2252.9165
4/28/2025 4:55:18 PM,0.32772303,2285.5718
4/28/2025 4:55:18 PM,0.32772303,2310.769
4/28/2025 4:55:18 PM,0.33660388,2336.9424
4/28/2025 4:55:18 PM,0.33660388,2361.5127
4/28/2025 4:55:18 PM,0.33660388,2380.282
4/28/2025 4:55:18 PM,0.33660388,2415.926
4/28/2025 4:55:18 PM,0.33660388,2438.7554
4/28/2025 4:55:18 PM,0.33660388,2466.4563
4/28/2025 4:55:18 PM,0.33660388,2490.3704
4/28/2025 4:55:18 PM,0.33660388,2515.617
4/28/2025 4:55:18 PM,0.33660388,2538.174
4/28/2025 4:55:18 PM,0.33660388,2562.4836
4/28/2025 4:55:18 PM,0.33660388,2585.893
4/28/2025 4:55:18 PM,0.33660388,2614.9753
4/28/2025 4:55:18 PM,0.33660388,2638.3298
4/28/2025 4:55:18 PM,0.33660388,2674.1047
4/28/2025 4:55:18 PM,0.33660388,2698.6182
4/28/2025 4:55:18 PM,0.33660388,2731.6433
4/28/2025 4:55:18 PM,0.33660388,2755.552
4/28/2025 4:55:18 PM,0.33660388,2782.0825
4/28/2025 4:55:18 PM,0.33660388,2804.647
4/28/2025 4:55:18 PM,0.33660388,2831.376
4/28/2025 4:55:18 PM,0.34102908,2853.509
4/28/2025 4:55:18 PM,0.34102908,2888.5515
4/28/2025 4:55:18 PM,0.33660388,2917.0557
4/28/2025 4:55:18 PM,0.34545428,2938.935
4/28/2025 4:55:18 PM,0.34102908,2962.3757
4/28/2025 4:55:18 PM,0.34102908,2997.6516
4/28/2025 4:55:18 PM,0.34102908,3022.4453
4/28/2025 4:55:18 PM,0.34102908,3040.2778
4/28/2025 4:55:18 PM,0.34545428,3059.7258
4/28/2025 4:55:18 PM,0.34545428,3091.203
4/28/2025 4:55:18 PM,0.34545428,3116.2747
4/28/2025 4:55:18 PM,0.34545428,3144.0671
4/28/2025 4:55:18 PM,0.34545428,3167.0916
4/28/2025 4:55:19 PM,0.34545428,3198.0393
4/28/2025 4:55:19 PM,0.34545428,3220.8196
4/28/2025 4:55:19 PM,0.34545428,3248.4407
4/28/2025 4:55:19 PM,0.34545428,3272.2512
4/28/2025 4:55:19 PM,0.34545428,3295.979
4/28/2025 4:55:19 PM,0.34545428,3317.4097
4/28/2025 4:55:19 PM,0.34545428,3343.4377
4/28/2025 4:55:19 PM,0.34545428,3367.017
4/28/2025 4:55:19 PM,0.34545428,3391.3772
4/28/2025 4:55:19 PM,0.34545428,3414.283
4/28/2025 4:55:19 PM,0.34545428,3447.1523
4/28/2025 4:55:19 PM,0.34545428,3471.7686
4/28/2025 4:55:19 PM,0.34545428,3510.308
4/28/2025 4:55:19 PM,0.34545428,3527.3157
4/28/2025 4:55:19 PM,0.34545428,3552.0586
4/28/2025 4:55:19 PM,0.34545428,3567.3516
4/28/2025 4:55:19 PM,0.34545428,3590.303
4/28/2025 4:55:19 PM,0.34545428,3617.3767
4/28/2025 4:55:19 PM,0.34545428,3633.721
4/28/2025 4:55:19 PM,0.34545428,3677.9128
4/28/2025 4:55:19 PM,0.34545428,3705.0454
4/28/2025 4:55:19 PM,0.34545428,3722.6338
4/28/2025 4:55:19 PM,0.34545428,3758.4517
4/28/2025 4:55:19 PM,0.34545428,3785.0266
4/28/2025 4:55:19 PM,0.34545428,3817.0146
4/28/2025 4:55:19 PM,0.34545428,3842.5447
4/28/2025 4:55:19 PM,0.34545428,3870.0952
4/28/2025 4:55:19 PM,0.34545428,3898.556
4/28/2025 4:55:19 PM,0.34545428,3922.847
4/28/2025 4:55:19 PM,0.34545428,3946.2178
4/28/2025 4:55:19 PM,0.34545428,3970.3867
4/28/2025 4:55:19 PM,0.34545428,3999.0486
4/28/2025 4:55:19 PM,0.34545428,4014.1296
4/28/2025 4:55:19 PM,0.34545428,4036.4248
4/28/2025 4:55:19 PM,0.34545428,4067.4219
4/28/2025 4:55:19 PM,0.34545428,4104.821
4/28/2025 4:55:19 PM,0.34545428,4122.9565
4/28/2025 4:55:19 PM,0.34545428,4155.585
4/28/2025 4:55:20 PM,0.34545428,4184.9033
4/28/2025 4:55:20 PM,0.34987944,4211.314
4/28/2025 4:55:20 PM,0.34545428,4234.1377
4/28/2025 4:55:20 PM,0.34545428,4265.7954
4/28/2025 4:55:20 PM,0.34987944,4301.0225
4/28/2025 4:55:20 PM,0.34545428,4325.19
4/28/2025 4:55:20 PM,0.34987944,4347.58
4/28/2025 4:55:20 PM,0.34545428,4370.7715
4/28/2025 4:55:20 PM,0.34987944,4392.4883
4/28/2025 4:55:20 PM,0.34987944,4419.6484
4/28/2025 4:55:20 PM,0.34545428,4436.629
4/28/2025 4:55:20 PM,0.34987944,4470.6724
4/28/2025 4:55:20 PM,0.35430464,4489.9424
4/28/2025 4:55:20 PM,0.34545428,4522.431
4/28/2025 4:55:20 PM,0.34545428,4556.2793
4/28/2025 4:55:20 PM,0.34987944,4578.829
4/28/2025 4:55:20 PM,0.35430464,4602.808
4/28/2025 4:55:20 PM,0.34545428,4628.735
4/28/2025 4:55:20 PM,0.34987944,4648.493
4/28/2025 4:55:20 PM,0.34545428,4672.6694
4/28/2025 4:55:20 PM,0.34987944,4697.712
4/28/2025 4:55:20 PM,0.34987944,4726.131
4/28/2025 4:55:20 PM,0.34987944,4756.3145
4/28/2025 4:55:20 PM,0.34987944,4782.956
4/28/2025 4:55:20 PM,0.34987944,4808.0073
4/28/2025 4:55:20 PM,0.34987944,4831.229
4/28/2025 4:55:20 PM,0.34987944,4860.661
4/28/2025 4:55:20 PM,0.34987944,4876.463
4/28/2025 4:55:20 PM,0.34987944,4899.399
4/28/2025 4:55:20 PM,0.35430464,4922.367
4/28/2025 4:55:20 PM,0.34987944,4940.1533
4/28/2025 4:55:20 PM,0.35430464,4965.7866
4/28/2025 4:55:20 PM,0.34545428,4989.7354
4/28/2025 4:55:20 PM,0.35430464,5019.8335
4/28/2025 4:55:20 PM,0.35430464,5048.1387
4/28/2025 4:55:20 PM,0.34987944,5076.348
4/28/2025 4:55:20 PM,0.34987944,5105.542
4/28/2025 4:55:20 PM,0.34987944,5130.537
4/28/2025 4:55:20 PM,0.35430464,5145.896
4/28/2025 4:55:21 PM,0.34987944,5175.1855
4/28/2025 4:55:21 PM,0.34987944,5198.819
4/28/2025 4:55:21 PM,0.34987944,5230.211
4/28/2025 4:55:21 PM,0.34987944,5245.3594
4/28/2025 4:55:21 PM,0.35430464,5275.2886
4/28/2025 4:55:21 PM,0.34987944,5300.0654
4/28/2025 4:55:21 PM,0.35430464,5336.267
4/28/2025 4:55:21 PM,0.35430464,5356.5654
4/28/2025 4:55:21 PM,0.34987944,5380.929
4/28/2025 4:55:21 PM,0.34987944,5404.81
4/28/2025 4:55:21 PM,0.34987944,5427.4414
4/28/2025 4:55:21 PM,0.35430464,5455.5156
4/28/2025 4:55:21 PM,0.34987944,5478.896
4/28/2025 4:55:21 PM,0.34987944,5503.196
4/28/2025 4:55:21 PM,0.35430464,5530.084
4/28/2025 4:55:21 PM,0.34987944,5559.419
4/28/2025 4:55:21 PM,0.34987944,5589.7944
4/28/2025 4:55:21 PM,0.34987944,5619.0337
4/28/2025 4:55:21 PM,0.35430464,5645.8896
4/28/2025 4:55:21 PM,0.35430464,5671.5063
4/28/2025 4:55:21 PM,0.34987944,5693.6494
4/28/2025 4:55:21 PM,0.34987944,5708.403
4/28/2025 4:55:21 PM,0.34987944,5741.4697
4/28/2025 4:55:21 PM,0.34987944,5766.0557
4/28/2025 4:55:21 PM,0.34987944,5794.568
4/28/2025 4:55:21 PM,0.34987944,5818.993
4/28/2025 4:55:21 PM,0.35430464,5840.745
4/28/2025 4:55:21 PM,0.35430464,5877.87
4/28/2025 4:55:21 PM,0.35430464,5899.297
4/28/2025 4:55:21 PM,0.34987944,5922.428
4/28/2025 4:55:21 PM,0.34987944,5950.652
4/28/2025 4:55:21 PM,0.35430464,5973.7886
4/28/2025 4:55:21 PM,0.34987944,5997.8853
4/28/2025 4:55:21 PM,0.35430464,6021.968
4/28/2025 4:55:21 PM,0.34987944,6055.4194
4/28/2025 4:55:21 PM,0.35430464,6086.081
4/28/2025 4:55:21 PM,0.35430464,6109.776
4/28/2025 4:55:21 PM,0.35430464,6136.5244
4/28/2025 4:55:21 PM,0.35430464,6159.5254
4/28/2025 4:55:22 PM,0.35430464,6187.516
4/28/2025 4:55:22 PM,0.35430464,6210.9023
4/28/2025 4:55:22 PM,0.35430464,6237.123
4/28/2025 4:55:22 PM,0.35430464,6259.6924
4/28/2025 4:55:22 PM,0.35430464,6283.2407
4/28/2025 4:55:22 PM,0.34987944,6307.7876
4/28/2025 4:55:22 PM,0.34987944,6338.5386
4/28/2025 4:55:22 PM,0.34987944,6356.548
4/28/2025 4:55:22 PM,0.35430464,6380.445
4/28/2025 4:55:22 PM,0.35430464,6403.688
4/28/2025 4:55:22 PM,0.35430464,6437.492
4/28/2025 4:55:22 PM,0.35430464,6461.618
4/28/2025 4:55:22 PM,0.35430464,6482.5615
4/28/2025 4:55:22 PM,0.35430464,6508.722
4/28/2025 4:55:22 PM,0.35430464,6541.4463
4/28/2025 4:55:22 PM,0.35430464,6565.1265
4/28/2025 4:55:22 PM,0.35430464,6601.826
4/28/2025 4:55:22 PM,0.35430464,6625.016
4/28/2025 4:55:22 PM,0.35430464,6652.3677
4/28/2025 4:55:22 PM,0.35430464,6673.893
4/28/2025 4:55:22 PM,0.35430464,6706.009
4/28/2025 4:55:22 PM,0.35430464,6727.124
4/28/2025 4:55:22 PM,0.35430464,6750.548
4/28/2025 4:55:22 PM,0.35430464,6785.552
4/28/2025 4:55:22 PM,0.34987944,6816.48
4/28/2025 4:55:22 PM,0.34987944,6841.597
4/28/2025 4:55:22 PM,0.35430464,6861.922
4/28/2025 4:55:22 PM,0.35430464,6881.477
4/28/2025 4:55:22 PM,0.35430464,6915.5166
4/28/2025 4:55:22 PM,0.35430464,6944.892
4/28/2025 4:55:22 PM,0.35430464,6969.1343
4/28/2025 4:55:22 PM,0.35430464,6990.825
4/28/2025 4:55:22 PM,0.35430464,7014.815
4/28/2025 4:55:22 PM,0.35430464,7041.9663
4/28/2025 4:55:22 PM,0.35430464,7066.481
4/28/2025 4:55:22 PM,0.34987944,7093.061
4/28/2025 4:55:22 PM,0.35430464,7129.66
4/28/2025 4:55:22 PM,0.35430464,7154.4883
4/28/2025 4:55:23 PM,0.35430464,7186.0024
4/28/2025 4:55:23 PM,0.35430464,7206.5415
4/28/2025 4:55:23 PM,0.35430464,7228.14
4/28/2025 4:55:23 PM,0.35430464,7259.9375
4/28/2025 4:55:23 PM,0.35430464,7313.574
4/28/2025 4:55:23 PM,0.35430464,7330.9
4/28/2025 4:55:23 PM,0.35430464,7358.871
4/28/2025 4:55:23 PM,0.35430464,7383.642
4/28/2025 4:55:23 PM,0.35430464,7398.9688
4/28/2025 4:55:23 PM,0.35430464,7422.3267
4/28/2025 4:55:23 PM,0.35430464,7443.389
4/28/2025 4:55:23 PM,0.34987944,7467.3857
4/28/2025 4:55:23 PM,0.35430464,7490.6064
4/28/2025 4:55:23 PM,0.35430464,7522.628
4/28/2025 4:55:23 PM,0.35430464,7560.484
4/28/2025 4:55:23 PM,0.34987944,7581.026
4/28/2025 4:55:23 PM,0.34987944,7598.723
4/28/2025 4:55:23 PM,0.35430464,7627.826
4/28/2025 4:55:23 PM,0.35430464,7662.28
4/28/2025 4:55:23 PM,0.35430464,7691.062
4/28/2025 4:55:23 PM,0.34987944,7712.34
4/28/2025 4:55:23 PM,0.35430464,7745.108
4/28/2025 4:55:23 PM,0.34987944,7762.096
4/28/2025 4:55:23 PM,0.35430464,7788.2256
4/28/2025 4:55:23 PM,0.35430464,7813.502
4/28/2025 4:55:23 PM,0.35430464,7834.598
4/28/2025 4:55:23 PM,0.35430464,7856.821
4/28/2025 4:55:23 PM,0.35430464,7881.208
4/28/2025 4:55:23 PM,0.35430464,7913.6743
4/28/2025 4:55:23 PM,0.35430464,7943.2114
4/28/2025 4:55:23 PM,0.35430464,7963.7104
4/28/2025 4:55:23 PM,0.35430464,7986.381
4/28/2025 4:55:23 PM,0.35430464,8024.802
4/28/2025 4:55:23 PM,0.35430464,8056.2
4/28/2025 4:55:23 PM,0.35430464,8094.8066
4/28/2025 4:55:23 PM,0.34987944,8122.157
4/28/2025 4:55:23 PM,0.35430464,8141.162
4/28/2025 4:55:24 PM,0.35430464,8167.43
4/28/2025 4:55:24 PM,0.35430464,8195.991
4/28/2025 4:55:24 PM,0.35430464,8230.102
4/28/2025 4:55:24 PM,0.35430464,8268.263
4/28/2025 4:55:24 PM,0.35430464,8293.953
4/28/2025 4:55:24 PM,0.35430464,8312.248
4/28/2025 4:55:24 PM,0.35430464,8343.644
4/28/2025 4:55:24 PM,0.35430464,8372.338
4/28/2025 4:55:24 PM,0.35430464,8403.804
4/28/2025 4:55:24 PM,0.34987944,8436.174
4/28/2025 4:55:24 PM,0.34987944,8457.92
4/28/2025 4:55:24 PM,0.35430464,8491.848
4/28/2025 4:55:24 PM,0.35430464,8512.777
4/28/2025 4:55:24 PM,0.35430464,8531.591
4/28/2025 4:55:24 PM,0.35430464,8558.609
4/28/2025 4:55:24 PM,0.34987944,8584.056
4/28/2025 4:55:24 PM,0.35430464,8613.003
4/28/2025 4:55:24 PM,0.34987944,8649.267
4/28/2025 4:55:24 PM,0.34987944,8677.192
4/28/2025 4:55:24 PM,0.34987944,8709.813
4/28/2025 4:55:24 PM,0.34987944,8737.467
4/28/2025 4:55:24 PM,0.34987944,8762.247
4/28/2025 4:55:24 PM,0.35430464,8781.492
4/28/2025 4:55:24 PM,0.35430464,8804.242
4/28/2025 4:55:24 PM,0.35430464,8828.817
4/28/2025 4:55:24 PM,0.34987944,8848.134
4/28/2025 4:55:24 PM,0.34987944,8866.392
4/28/2025 4:55:24 PM,0.35430464,8881.281
4/28/2025 4:55:24 PM,0.34987944,8916.991
4/28/2025 4:55:24 PM,0.34987944,8942.926
4/28/2025 4:55:24 PM,0.34987944,8960.213
4/28/2025 4:55:24 PM,0.35430464,8997.315
4/28/2025 4:55:24 PM,0.34987944,9083.129
4/28/2025 4:55:24 PM,0.34987944,9107.837
4/28/2025 4:55:24 PM,0.34987944,9128.628
4/28/2025 4:55:24 PM,0.35430464,9142.715
4/28/2025 4:55:25 PM,0.34987944,9160.385
4/28/2025 4:55:25 PM,0.35430464,9179.31
4/28/2025 4:55:25 PM,0.34987944,9201.883
4/28/2025 4:55:25 PM,0.34987944,9230.127
4/28/2025 4:55:25 PM,0.34987944,9246.752
4/28/2025 4:55:25 PM,0.35430464,9262.242
4/28/2025 4:55:25 PM,0.35430464,9286.176
4/28/2025 4:55:25 PM,0.34987944,9311.439
4/28/2025 4:55:25 PM,0.34987944,9340.051
4/28/2025 4:55:25 PM,0.34987944,9358.095
4/28/2025 4:55:25 PM,0.35430464,9377.421
4/28/2025 4:55:25 PM,0.35430464,9399.257
4/28/2025 4:55:25 PM,0.35430464,9415.09
4/28/2025 4:55:25 PM,0.35430464,9439.267
4/28/2025 4:55:25 PM,0.35430464,9467.255
4/28/2025 4:55:25 PM,0.35430464,9490.501
4/28/2025 4:55:25 PM,0.34987944,9524.994
4/28/2025 4:55:25 PM,0.35430464,9545.82
4/28/2025 4:55:25 PM,0.35430464,9572.907
4/28/2025 4:55:25 PM,0.35430464,9601.391
4/28/2025 4:55:25 PM,0.35430464,9626.298
4/28/2025 4:55:25 PM,0.34987944,9659.97
4/28/2025 4:55:25 PM,0.34987944,9689.923
4/28/2025 4:55:25 PM,0.34987944,9711.252
4/28/2025 4:55:25 PM,0.34987944,9736.767
4/28/2025 4:55:25 PM,0.34987944,9759.337
4/28/2025 4:55:25 PM,0.34987944,9778.226
4/28/2025 4:55:25 PM,0.34987944,9804.794
4/28/2025 4:55:25 PM,0.34987944,9834.618
4/28/2025 4:55:25 PM,0.35430464,9859.949
4/28/2025 4:55:25 PM,0.34987944,9895.631
4/28/2025 4:55:25 PM,0.35430464,9918.409
4/28/2025 4:55:25 PM,0.34987944,9941.356
4/28/2025 4:55:25 PM,0.35430464,9969.548
4/28/2025 4:55:25 PM,0.35430464,9995.316
4/28/2025 4:55:25 PM,0.34987944,10022.515
4/28/2025 4:55:25 PM,0.35430464,10048.231
4/28/2025 4:55:25 PM,0.34987944,10081.946
4/28/2025 4:55:25 PM,0.35430464,10105.42
4/28/2025 4:55:25 PM,0.34987944,10133.074
4/28/2025 4:55:26 PM,0.34987944,10163.093
4/28/2025 4:55:26 PM,0.34987944,10178.825
4/28/2025 4:55:26 PM,0.34987944,10202.515
4/28/2025 4:55:26 PM,0.35430464,10226.836
4/28/2025 4:55:26 PM,0.34987944,10242.609
4/28/2025 4:55:26 PM,0.34987944,10276.954
4/28/2025 4:55:26 PM,0.35430464,10306.195
4/28/2025 4:55:26 PM,0.34987944,10329.749
4/28/2025 4:55:26 PM,0.35430464,10363.007
4/28/2025 4:55:26 PM,0.34987944,10391.108
4/28/2025 4:55:26 PM,0.34987944,10434.057
4/28/2025 4:55:26 PM,0.34987944,10466.314
4/28/2025 4:55:26 PM,0.35430464,10487.931
4/28/2025 4:55:26 PM,0.35430464,10519.161
4/28/2025 4:55:26 PM,0.34987944,10545.218
4/28/2025 4:55:26 PM,0.35430464,10573.763
4/28/2025 4:55:26 PM,0.34987944,10596.984
4/28/2025 4:55:26 PM,0.34987944,10629.252
4/28/2025 4:55:26 PM,0.34987944,10653.866
4/28/2025 4:55:26 PM,0.34987944,10688.241
4/28/2025 4:55:26 PM,0.34987944,10711.654
4/28/2025 4:55:26 PM,0.34987944,10735.039
4/28/2025 4:55:26 PM,0.35430464,10764.067
4/28/2025 4:55:26 PM,0.34987944,10790.468
4/28/2025 4:55:26 PM,0.34987944,10814.198
4/28/2025 4:55:26 PM,0.34987944,10845.115
4/28/2025 4:55:26 PM,0.34987944,10867.465
4/28/2025 4:55:26 PM,0.34987944,10896.939
4/28/2025 4:55:26 PM,0.34987944,10918.091
4/28/2025 4:55:26 PM,0.34987944,10937.906
4/28/2025 4:55:26 PM,0.34987944,10966.678
4/28/2025 4:55:26 PM,0.35430464,10989.322
4/28/2025 4:55:26 PM,0.34987944,11006.365
4/28/2025 4:55:26 PM,0.34987944,11034.891
4/28/2025 4:55:26 PM,0.34987944,11051.634
4/28/2025 4:55:26 PM,0.34987944,11065.863
4/28/2025 4:55:26 PM,0.35430464,11097.301
4/28/2025 4:55:26 PM,0.34987944,11123.155
4/28/2025 4:55:27 PM,0.35430464,11163.588
4/28/2025 4:55:27 PM,0.34987944,11189.516
4/28/2025 4:55:27 PM,0.34987944,11214.115
4/28/2025 4:55:27 PM,0.34987944,11245.342
4/28/2025 4:55:27 PM,0.34987944,11268.512
4/28/2025 4:55:27 PM,0.34987944,11299.07
4/28/2025 4:55:27 PM,0.35430464,11329.7295
4/28/2025 4:55:27 PM,0.34987944,11366.197
4/28/2025 4:55:27 PM,0.34987944,11391.128
4/28/2025 4:55:27 PM,0.34987944,11419.734
4/28/2025 4:55:27 PM,0.35430464,11443.21
4/28/2025 4:55:27 PM,0.35430464,11475.647
4/28/2025 4:55:27 PM,0.34987944,11496.386
4/28/2025 4:55:27 PM,0.34987944,11521.384
4/28/2025 4:55:27 PM,0.35430464,11546.557
4/28/2025 4:55:27 PM,0.34987944,11571.837
4/28/2025 4:55:27 PM,0.34987944,11598.729
4/28/2025 4:55:27 PM,0.35430464,11616.726
4/28/2025 4:55:27 PM,0.34987944,11633.505
4/28/2025 4:55:27 PM,0.34987944,11649.955
4/28/2025 4:55:27 PM,0.35430464,11663.448
4/28/2025 4:55:27 PM,0.35430464,11692.039
4/28/2025 4:55:27 PM,0.34987944,11716.226
4/28/2025 4:55:27 PM,0.34987944,11741.329
4/28/2025 4:55:27 PM,0.34987944,11770.055
4/28/2025 4:55:27 PM,0.34987944,11803.493
4/28/2025 4:55:27 PM,0.34987944,11829.462
4/28/2025 4:55:27 PM,0.34987944,11853.864
4/28/2025 4:55:27 PM,0.34987944,11890.56
4/28/2025 4:55:27 PM,0.34545428,11908.384
4/28/2025 4:55:27 PM,0.34987944,11940.502
4/28/2025 4:55:27 PM,0.34987944,11965.09
4/28/2025 4:55:27 PM,0.34545428,12005.262
4/28/2025 4:55:27 PM,0.34545428,12020.784
4/28/2025 4:55:27 PM,0.34545428,12043.936
4/28/2025 4:55:27 PM,0.34987944,12065.638
4/28/2025 4:55:27 PM,0.34987944,12092.094
4/28/2025 4:55:28 PM,0.35430464,12122.499
4/28/2025 4:55:28 PM,0.34545428,12159.924
4/28/2025 4:55:28 PM,0.34987944,12188.145
4/28/2025 4:55:28 PM,0.34545428,12208.608
4/28/2025 4:55:28 PM,0.34987944,12224.395
4/28/2025 4:55:28 PM,0.34987944,12247.816
4/28/2025 4:55:28 PM,0.34545428,12268.31
4/28/2025 4:55:28 PM,0.34987944,12295.214
4/28/2025 4:55:28 PM,0.34987944,12332.359
4/28/2025 4:55:28 PM,0.34987944,12359.324
4/28/2025 4:55:28 PM,0.34545428,12392.798
4/28/2025 4:55:28 PM,0.34545428,12416.6875
4/28/2025 4:55:28 PM,0.34545428,12443.803
4/28/2025 4:55:28 PM,0.35430464,12467.825
4/28/2025 4:55:28 PM,0.34987944,12485.502
4/28/2025 4:55:28 PM,0.34545428,12504.841
4/28/2025 4:55:28 PM,0.34545428,12536.104
4/28/2025 4:55:28 PM,0.34987944,12557.06
4/28/2025 4:55:28 PM,0.34987944,12582.946
4/28/2025 4:55:28 PM,0.34987944,12604.06
4/28/2025 4:55:28 PM,0.34987944,12630.141
4/28/2025 4:55:28 PM,0.34987944,12660.772
4/28/2025 4:55:28 PM,0.34545428,12696.698
4/28/2025 4:55:28 PM,0.35430464,12723.615
4/28/2025 4:55:28 PM,0.34545428,12751.413
4/28/2025 4:55:28 PM,0.34987944,12784.274
4/28/2025 4:55:28 PM,0.34545428,12812.339
4/28/2025 4:55:28 PM,0.34987944,12845.216
4/28/2025 4:55:28 PM,0.34545428,12874.983
4/28/2025 4:55:28 PM,0.34987944,12899.175
4/28/2025 4:55:28 PM,0.34987944,12923.236
4/28/2025 4:55:28 PM,0.34987944,12942.244
4/28/2025 4:55:28 PM,0.34987944,12973.899
4/28/2025 4:55:28 PM,0.34545428,13000.678
4/28/2025 4:55:28 PM,0.34545428,13025.845
4/28/2025 4:55:28 PM,0.34545428,13054.306
4/28/2025 4:55:28 PM,0.34987944,13077.84
4/28/2025 4:55:28 PM,0.34987944,13109.913
4/28/2025 4:55:29 PM,0.34545428,13134.466
4/28/2025 4:55:29 PM,0.34987944,13161.49
4/28/2025 4:55:29 PM,0.34545428,13185.2295
4/28/2025 4:55:29 PM,0.34987944,13214.171
4/28/2025 4:55:29 PM,0.34987944,13231.253
4/28/2025 4:55:29 PM,0.34987944,13260.254
4/28/2025 4:55:29 PM,0.34987944,13280.746
4/28/2025 4:55:29 PM,0.34987944,13301.304
4/28/2025 4:55:29 PM,0.34987944,13318.48
4/28/2025 4:55:29 PM,0.34545428,13345.267
4/28/2025 4:55:29 PM,0.34545428,13365.867
4/28/2025 4:55:29 PM,0.34545428,13389.98
4/28/2025 4:55:29 PM,0.34545428,13414.182
4/28/2025 4:55:29 PM,0.34987944,13449.0625
4/28/2025 4:55:29 PM,0.34545428,13469.827
4/28/2025 4:55:29 PM,0.34987944,13487.182
4/28/2025 4:55:29 PM,0.34545428,13504.579
4/28/2025 4:55:29 PM,0.34545428,13538.992
4/28/2025 4:55:29 PM,0.34545428,13565.112
4/28/2025 4:55:29 PM,0.34987944,13589.583
4/28/2025 4:55:29 PM,0.34545428,13615.899
4/28/2025 4:55:29 PM,0.34545428,13649.794
4/28/2025 4:55:29 PM,0.34545428,13690.246
4/28/2025 4:55:29 PM,0.34545428,13704.373
4/28/2025 4:55:29 PM,0.34987944,13723.715
4/28/2025 4:55:29 PM,0.34987944,13753.695
4/28/2025 4:55:29 PM,0.34545428,13780.256
4/28/2025 4:55:29 PM,0.34987944,13802.65
4/28/2025 4:55:29 PM,0.34545428,13836.307
4/28/2025 4:55:29 PM,0.34545428,13859.429
4/28/2025 4:55:29 PM,0.34545428,13887.994
4/28/2025 4:55:29 PM,0.34545428,13911.291
4/28/2025 4:55:29 PM,0.34545428,13938.359
4/28/2025 4:55:29 PM,0.34987944,13977.828
4/28/2025 4:55:29 PM,0.34545428,14017.523
4/28/2025 4:55:29 PM,0.34545428,14040.437
4/28/2025 4:55:29 PM,0.34987944,14072.955
4/28/2025 4:55:29 PM,0.34545428,14089.27
4/28/2025 4:55:29 PM,0.34545428,14118.369
4/28/2025 4:55:30 PM,0.34545428,14142.541
4/28/2025 4:55:30 PM,0.34545428,14169.829
4/28/2025 4:55:30 PM,0.34987944,14195.393
4/28/2025 4:55:30 PM,0.34545428,14217.378
4/28/2025 4:55:30 PM,0.34987944,14250.161
4/28/2025 4:55:30 PM,0.34545428,14285.025
4/28/2025 4:55:30 PM,0.34545428,14308.977
4/28/2025 4:55:30 PM,0.34987944,14330.266
4/28/2025 4:55:30 PM,0.34545428,14354.201
4/28/2025 4:55:30 PM,0.34545428,14387.476
4/28/2025 4:55:30 PM,0.34545428,14407.886
4/28/2025 4:55:30 PM,0.34545428,14430.218
4/28/2025 4:55:30 PM,0.34545428,14452.724
4/28/2025 4:55:30 PM,0.34545428,14469.453
4/28/2025 4:55:30 PM,0.34545428,14501.16
4/28/2025 4:55:30 PM,0.34545428,14536.282
4/28/2025 4:55:30 PM,0.34545428,14560.573
4/28/2025 4:55:30 PM,0.34545428,14594.338
4/28/2025 4:55:30 PM,0.34545428,14618.823
4/28/2025 4:55:30 PM,0.34545428,14653.456
4/28/2025 4:55:30 PM,0.34545428,14670.417
4/28/2025 4:55:30 PM,0.34545428,14696.883
4/28/2025 4:55:30 PM,0.34545428,14725.445
4/28/2025 4:55:30 PM,0.34545428,14759.511
4/28/2025 4:55:30 PM,0.34545428,14776.603
4/28/2025 4:55:30 PM,0.34987944,14795.639
4/28/2025 4:55:30 PM,0.34545428,14823.719
4/28/2025 4:55:30 PM,0.34545428,14867.559
4/28/2025 4:55:30 PM,0.34545428,14884.782
4/28/2025 4:55:30 PM,0.34545428,14902.05
4/28/2025 4:55:30 PM,0.34987944,14920.054
4/28/2025 4:55:30 PM,0.34987944,14938.63
4/28/2025 4:55:30 PM,0.34545428,14971.865
4/28/2025 4:55:30 PM,0.34545428,15000.806
4/28/2025 4:55:30 PM,0.34545428,15027.918
4/28/2025 4:55:30 PM,0.34545428,15043.324
4/28/2025 4:55:30 PM,0.34545428,15070.409
4/28/2025 4:55:30 PM,0.34545428,15097.591
4/28/2025 4:55:31 PM,0.34987944,15120.968
4/28/2025 4:55:31 PM,0.34545428,15145.56
4/28/2025 4:55:31 PM,0.34545428,15178.687
4/28/2025 4:55:31 PM,0.34545428,15202.158
4/28/2025 4:55:31 PM,0.34545428,15232.172
4/28/2025 4:55:31 PM,0.34545428,15273.312
4/28/2025 4:55:31 PM,0.34545428,15332.382
4/28/2025 4:55:31 PM,0.34545428,15375.772
4/28/2025 4:55:31 PM,0.34545428,15401.528
4/28/2025 4:55:31 PM,0.34545428,15431.351
4/28/2025 4:55:31 PM,0.34545428,15474.277
4/28/2025 4:55:31 PM,0.34545428,15504.188
4/28/2025 4:55:31 PM,0.34545428,15532.806
4/28/2025 4:55:31 PM,0.34545428,15562.75
4/28/2025 4:55:31 PM,0.34545428,15608.888
4/28/2025 4:55:31 PM,0.34545428,15633.018
4/28/2025 4:55:31 PM,0.34545428,15657.117
4/28/2025 4:55:31 PM,0.34545428,15683.309
4/28/2025 4:55:31 PM,0.34545428,15715.088
4/28/2025 4:55:31 PM,0.34545428,15742.057
4/28/2025 4:55:31 PM,0.34545428,15775.724
4/28/2025 4:55:31 PM,0.34545428,15806.218
4/28/2025 4:55:31 PM,0.34545428,15825.32
4/28/2025 4:55:31 PM,0.34545428,15859.887
4/28/2025 4:55:31 PM,0.34545428,15884.379
4/28/2025 4:55:31 PM,0.34987944,15901.018
4/28/2025 4:55:31 PM,0.34545428,15929.565
4/28/2025 4:55:31 PM,0.34545428,15974.633
4/28/2025 4:55:31 PM,0.34545428,15999.325
4/28/2025 4:55:31 PM,0.34545428,16027.696
4/28/2025 4:55:31 PM,0.34987944,16058.581
4/28/2025 4:55:31 PM,0.34545428,16079.239
4/28/2025 4:55:32 PM,0.34545428,16115.471
4/28/2025 4:55:32 PM,0.34545428,16143.614
4/28/2025 4:55:32 PM,0.34545428,16173.492
4/28/2025 4:55:32 PM,0.34545428,16206.837
4/28/2025 4:55:32 PM,0.34545428,16229.837
4/28/2025 4:55:32 PM,0.34545428,16267.674
4/28/2025 4:55:32 PM,0.34545428,16290.706
4/28/2025 4:55:32 PM,0.34545428,16313.573
4/28/2025 4:55:32 PM,0.34545428,16338.69
4/28/2025 4:55:32 PM,0.34545428,16365.988
4/28/2025 4:55:32 PM,0.34545428,16389.158
4/28/2025 4:55:32 PM,0.34545428,16425.094
4/28/2025 4:55:32 PM,0.34545428,16447.37
4/28/2025 4:55:32 PM,0.34545428,16472.744
4/28/2025 4:55:32 PM,0.34545428,16489.705
4/28/2025 4:55:32 PM,0.34545428,16508.826
4/28/2025 4:55:32 PM,0.34545428,16545.533
4/28/2025 4:55:32 PM,0.34545428,16571.059
4/28/2025 4:55:32 PM,0.34545428,16596.658
4/28/2025 4:55:32 PM,0.34545428,16615.912
4/28/2025 4:55:32 PM,0.34545428,16635.133
4/28/2025 4:55:32 PM,0.34545428,16656.5
4/28/2025 4:55:32 PM,0.34545428,16682.21
4/28/2025 4:55:32 PM,0.34545428,16703.697
4/28/2025 4:55:32 PM,0.34545428,16726.764
4/28/2025 4:55:32 PM,0.34545428,16752.535
4/28/2025 4:55:32 PM,0.34545428,16769.762
4/28/2025 4:55:32 PM,0.34545428,16787.023
4/28/2025 4:55:32 PM,0.34545428,16819.486
4/28/2025 4:55:32 PM,0.34545428,16855.016
4/28/2025 4:55:32 PM,0.34545428,16876.688
4/28/2025 4:55:32 PM,0.34545428,16907.123
4/28/2025 4:55:32 PM,0.34545428,16922.383
4/28/2025 4:55:32 PM,0.34545428,16964.057
4/28/2025 4:55:32 PM,0.34545428,16988.066
4/28/2025 4:55:32 PM,0.34545428,17003.38
4/28/2025 4:55:32 PM,0.34545428,17022.879
4/28/2025 4:55:32 PM,0.34545428,17057.86
4/28/2025 4:55:32 PM,0.34545428,17088.588
4/28/2025 4:55:33 PM,0.34987944,17116.432
4/28/2025 4:55:33 PM,0.34545428,17142.79
4/28/2025 4:55:33 PM,0.34545428,17173.64
4/28/2025 4:55:33 PM,0.34545428,17202.389
4/28/2025 4:55:33 PM,0.34545428,17220.94
4/28/2025 4:55:33 PM,0.34545428,17280.736
4/28/2025 4:55:33 PM,0.34545428,17296.305
4/28/2025 4:55:33 PM,0.34545428,17329.945
4/28/2025 4:55:33 PM,0.34545428,17345.514
4/28/2025 4:55:33 PM,0.34545428,17361.111
4/28/2025 4:55:33 PM,0.34545428,17390.15
4/28/2025 4:55:33 PM,0.34545428,17408.07
4/28/2025 4:55:33 PM,0.34545428,17430.52
4/28/2025 4:55:33 PM,0.34545428,17445.777
4/28/2025 4:55:33 PM,0.34545428,17465.951
4/28/2025 4:55:33 PM,0.34545428,17483.924
4/28/2025 4:55:33 PM,0.34545428,17515.463
4/28/2025 4:55:33 PM,0.34545428,17537.04
4/28/2025 4:55:33 PM,0.34545428,17582.145
4/28/2025 4:55:33 PM,0.34545428,17602.518
4/28/2025 4:55:33 PM,0.34545428,17618.395
4/28/2025 4:55:33 PM,0.34545428,17644.04
4/28/2025 4:55:33 PM,0.34545428,17680.34
4/28/2025 4:55:33 PM,0.34545428,17701.133
4/28/2025 4:55:33 PM,0.34545428,17728.365
4/28/2025 4:55:33 PM,0.34545428,17748.846
4/28/2025 4:55:33 PM,0.34545428,17773.94
4/28/2025 4:55:33 PM,0.34545428,17801.396
4/28/2025 4:55:33 PM,0.34545428,17828.527
4/28/2025 4:55:33 PM,0.34545428,17858.29
4/28/2025 4:55:33 PM,0.34545428,17892.758
4/28/2025 4:55:33 PM,0.34545428,17915.809
4/28/2025 4:55:33 PM,0.34545428,17940.188
4/28/2025 4:55:33 PM,0.34545428,17963.23
4/28/2025 4:55:33 PM,0.34545428,17984.021
4/28/2025 4:55:33 PM,0.34545428,18016.457
4/28/2025 4:55:33 PM,0.34545428,18042.725
4/28/2025 4:55:33 PM,0.34545428,18093.799
4/28/2025 4:55:34 PM,0.34545428,18124.36
4/28/2025 4:55:34 PM,0.34545428,18140.637
4/28/2025 4:55:34 PM,0.34545428,18177.947
4/28/2025 4:55:34 PM,0.34545428,18205.826
4/28/2025 4:55:34 PM,0.34545428,18231.854
4/28/2025 4:55:34 PM,0.34545428,18247.883
4/28/2025 4:55:34 PM,0.34545428,18280.729
4/28/2025 4:55:34 PM,0.34545428,18306.62
4/28/2025 4:55:34 PM,0.34545428,18334.945
4/28/2025 4:55:34 PM,0.34545428,18355.21
4/28/2025 4:55:34 PM,0.34545428,18378.809
4/28/2025 4:55:34 PM,0.34545428,18400.098
4/28/2025 4:55:34 PM,0.34545428,18430.934
4/28/2025 4:55:34 PM,0.34545428,18446.041
4/28/2025 4:55:34 PM,0.34545428,18481.615
4/28/2025 4:55:34 PM,0.34545428,18505.406
4/28/2025 4:55:34 PM,0.34545428,18536.775
4/28/2025 4:55:34 PM,0.34545428,18560.582
4/28/2025 4:55:34 PM,0.34545428,18579.67
4/28/2025 4:55:34 PM,0.34545428,18605.98
4/28/2025 4:55:34 PM,0.34545428,18634.586
4/28/2025 4:55:34 PM,0.34545428,18656.12
4/28/2025 4:55:34 PM,0.34545428,18687.309
4/28/2025 4:55:34 PM,0.34545428,18722.768
4/28/2025 4:55:34 PM,0.34545428,18744.387
4/28/2025 4:55:34 PM,0.34545428,18766.057
4/28/2025 4:55:34 PM,0.34545428,18782.945
4/28/2025 4:55:34 PM,0.34545428,18807.125
4/28/2025 4:55:34 PM,0.34545428,18832.543
4/28/2025 4:55:34 PM,0.34545428,18849.46
4/28/2025 4:55:34 PM,0.34545428,18868.832
4/28/2025 4:55:34 PM,0.34545428,18893.105
4/28/2025 4:55:34 PM,0.34545428,18922.314
4/28/2025 4:55:34 PM,0.34545428,18947.293
4/28/2025 4:55:34 PM,0.34545428,18976.514
4/28/2025 4:55:34 PM,0.34545428,18996.045
4/28/2025 4:55:34 PM,0.34545428,19023.133
4/28/2025 4:55:34 PM,0.34545428,19052.432
4/28/2025 4:55:34 PM,0.34545428,19076.918
4/28/2025 4:55:35 PM,0.34545428,19111.305
4/28/2025 4:55:35 PM,0.34545428,19135.943
4/28/2025 4:55:35 PM,0.34545428,19157.625
4/28/2025 4:55:35 PM,0.34545428,19174.86
4/28/2025 4:55:35 PM,0.34545428,19192.123
4/28/2025 4:55:35 PM,0.34545428,19228.303
4/28/2025 4:55:35 PM,0.34545428,19245.574
4/28/2025 4:55:35 PM,0.34545428,19262.875
4/28/2025 4:55:35 PM,0.34545428,19290.125
4/28/2025 4:55:35 PM,0.34545428,19311.123
4/28/2025 4:55:35 PM,0.34545428,19338.367
4/28/2025 4:55:35 PM,0.34545428,19365.69
4/28/2025 4:55:35 PM,0.34545428,19385.607
4/28/2025 4:55:35 PM,0.34545428,19410.562
4/28/2025 4:55:35 PM,0.34545428,19443.553
4/28/2025 4:55:35 PM,0.34545428,19478.54
4/28/2025 4:55:35 PM,0.34545428,19501.094
4/28/2025 4:55:35 PM,0.34545428,19528.746
4/28/2025 4:55:35 PM,0.34545428,19551.303
4/28/2025 4:55:35 PM,0.34545428,19573.91
4/28/2025 4:55:35 PM,0.34545428,19596.57
4/28/2025 4:55:35 PM,0.34102908,19631.928
4/28/2025 4:55:35 PM,0.34545428,19656.611
4/28/2025 4:55:35 PM,0.34102908,19681.877
4/28/2025 4:55:35 PM,0.34102908,19702.135
4/28/2025 4:55:35 PM,0.34545428,19724.977
4/28/2025 4:55:35 PM,0.34545428,19749.295
4/28/2025 4:55:35 PM,0.34545428,19779.752
4/28/2025 4:55:35 PM,0.34102908,19812.854
4/28/2025 4:55:35 PM,0.34102908,19839.361
4/28/2025 4:55:35 PM,0.34102908,19859.738
4/28/2025 4:55:35 PM,0.34102908,19887.826
4/28/2025 4:55:35 PM,0.34545428,19910.865
4/28/2025 4:55:35 PM,0.34545428,19939.56
4/28/2025 4:55:35 PM,0.34102908,19965.168
4/28/2025 4:55:35 PM,0.34545428,19993.41
4/28/2025 4:55:35 PM,0.34102908,20021.783
4/28/2025 4:55:35 PM,0.34102908,20050.045
4/28/2025 4:55:35 PM,0.34545428,20070.648
4/28/2025 4:55:36 PM,0.34102908,20109.395
4/28/2025 4:55:36 PM,0.34545428,20132.21
4/28/2025 4:55:36 PM,0.34102908,20160.643
4/28/2025 4:55:36 PM,0.34545428,20178.78
4/28/2025 4:55:36 PM,0.34545428,20214.23
4/28/2025 4:55:36 PM,0.34545428,20237.56
4/28/2025 4:55:36 PM,0.34545428,20260.945
4/28/2025 4:55:36 PM,0.34545428,20279.17
4/28/2025 4:55:36 PM,0.34102908,20307.875
4/28/2025 4:55:36 PM,0.34102908,20332.533
4/28/2025 4:55:36 PM,0.34102908,20358.63
4/28/2025 4:55:36 PM,0.34545428,20387.42
4/28/2025 4:55:36 PM,0.34545428,20411.037
4/28/2025 4:55:36 PM,0.34102908,20443.176
4/28/2025 4:55:36 PM,0.34545428,20464.176
4/28/2025 4:55:36 PM,0.34102908,20485.219
4/28/2025 4:55:36 PM,0.34102908,20514.441
4/28/2025 4:55:36 PM,0.34102908,20538.12
4/28/2025 4:55:36 PM,0.34545428,20572.414
4/28/2025 4:55:36 PM,0.34102908,20596.227
4/28/2025 4:55:36 PM,0.34102908,20620.092
4/28/2025 4:55:36 PM,0.34102908,20643.602
4/28/2025 4:55:36 PM,0.34102908,20670.113
4/28/2025 4:55:36 PM,0.34102908,20694.035
4/28/2025 4:55:36 PM,0.34102908,20728.684
4/28/2025 4:55:36 PM,0.34545428,20754.459
4/28/2025 4:55:36 PM,0.34102908,20778.46
4/28/2025 4:55:36 PM,0.34102908,20791.816
4/28/2025 4:55:36 PM,0.34102908,20807.867
4/28/2025 4:55:36 PM,0.34545428,20825.322
4/28/2025 4:55:36 PM,0.34102908,20842.73
4/28/2025 4:55:36 PM,0.33660388,20857.398
4/28/2025 4:55:36 PM,0.34102908,20884.205
4/28/2025 4:55:36 PM,0.34102908,20913.771
4/28/2025 4:55:36 PM,0.34545428,20938.861
4/28/2025 4:55:36 PM,0.34102908,20952.297
4/28/2025 4:55:36 PM,0.34102908,20995.402
4/28/2025 4:55:36 PM,0.34102908,21017.488
4/28/2025 4:55:36 PM,0.34102908,21041.396
4/28/2025 4:55:36 PM,0.34102908,21063.36
4/28/2025 4:55:36 PM,0.34545428,21087.725
4/28/2025 4:55:37 PM,0.34102908,21112.148
4/28/2025 4:55:37 PM,0.34545428,21133.814
4/28/2025 4:55:37 PM,0.34102908,21160.943
4/28/2025 4:55:37 PM,0.34102908,21188.143
4/28/2025 4:55:37 PM,0.34545428,21217.654
4/28/2025 4:55:37 PM,0.34545428,21240.016
4/28/2025 4:55:37 PM,0.34102908,21272.156
4/28/2025 4:55:37 PM,0.34102908,21309.547
4/28/2025 4:55:37 PM,0.34102908,21324.193
4/28/2025 4:55:37 PM,0.34102908,21353.297
4/28/2025 4:55:37 PM,0.34102908,21383.482
4/28/2025 4:55:37 PM,0.34102908,21410.994
4/28/2025 4:55:37 PM,0.34102908,21439.793
4/28/2025 4:55:37 PM,0.34102908,21467.322
4/28/2025 4:55:37 PM,0.34102908,21486.635
4/28/2025 4:55:37 PM,0.34102908,21509.637
4/28/2025 4:55:37 PM,0.34102908,21539.98
4/28/2025 4:55:37 PM,0.34102908,21567.637
4/28/2025 4:55:37 PM,0.34102908,21589.814
4/28/2025 4:55:37 PM,0.34102908,21620.754
4/28/2025 4:55:37 PM,0.34102908,21642.94
4/28/2025 4:55:37 PM,0.33660388,21662.387
4/28/2025 4:55:37 PM,0.33660388,21681.871
4/28/2025 4:55:37 PM,0.33660388,21706.947
4/28/2025 4:55:37 PM,0.34102908,21740.531
4/28/2025 4:55:37 PM,0.33660388,21768.266
4/28/2025 4:55:37 PM,0.33660388,21799.057
4/28/2025 4:55:37 PM,0.33660388,21815.357
4/28/2025 4:55:37 PM,0.33660388,21840.537
4/28/2025 4:55:37 PM,0.33660388,21871.389
4/28/2025 4:55:37 PM,0.33660388,21899.512
4/28/2025 4:55:37 PM,0.33660388,21937.908
4/28/2025 4:55:37 PM,0.33660388,21966.074
4/28/2025 4:55:37 PM,0.33660388,21997.14
4/28/2025 4:55:37 PM,0.34102908,22022.623
4/28/2025 4:55:37 PM,0.33660388,22042.482
4/28/2025 4:55:37 PM,0.33660388,22069.209
4/28/2025 4:55:38 PM,0.34102908,22091.902
4/28/2025 4:55:38 PM,0.34102908,22114.643
4/28/2025 4:55:38 PM,0.33660388,22146.773
4/28/2025 4:55:38 PM,0.33660388,22172.371
4/28/2025 4:55:38 PM,0.34102908,22189.469
4/28/2025 4:55:38 PM,0.33660388,22249.84
4/28/2025 4:55:38 PM,0.34102908,22298.47
4/28/2025 4:55:38 PM,0.33660388,22324.3
4/28/2025 4:55:38 PM,0.33660388,22367.281
4/28/2025 4:55:38 PM,0.33660388,22398.912
4/28/2025 4:55:38 PM,0.33660388,22421.525
4/28/2025 4:55:38 PM,0.34102908,22447.408
4/28/2025 4:55:38 PM,0.33660388,22464.697
4/28/2025 4:55:38 PM,0.33660388,22512.967
4/28/2025 4:55:38 PM,0.34102908,22541.836
4/28/2025 4:55:38 PM,0.33660388,22562.092
4/28/2025 4:55:38 PM,0.33660388,22582.38
4/28/2025 4:55:38 PM,0.33660388,22596.896
4/28/2025 4:55:38 PM,0.34102908,22615.924
4/28/2025 4:55:38 PM,0.34102908,22639.121
4/28/2025 4:55:38 PM,0.34102908,22662.367
4/28/2025 4:55:38 PM,0.33660388,22679.832
4/28/2025 4:55:38 PM,0.34102908,22707.266
4/28/2025 4:55:38 PM,0.33660388,22730.55
4/28/2025 4:55:38 PM,0.33660388,22753.883
4/28/2025 4:55:38 PM,0.33660388,22777.26
4/28/2025 4:55:38 PM,0.33660388,22803.62
4/28/2025 4:55:38 PM,0.33660388,22827.76
4/28/2025 4:55:38 PM,0.33660388,22859.986
4/28/2025 4:55:38 PM,0.33660388,22874.664
4/28/2025 4:55:38 PM,0.33660388,22895.242
4/28/2025 4:55:38 PM,0.33660388,22927.883
4/28/2025 4:55:38 PM,0.33660388,22951.412
4/28/2025 4:55:38 PM,0.33660388,22977.94
4/28/2025 4:55:38 PM,0.33660388,22998.617
4/28/2025 4:55:38 PM,0.34102908,23042.768
4/28/2025 4:55:38 PM,0.33660388,23069.393
4/28/2025 4:55:39 PM,0.33660388,23090.143
4/28/2025 4:55:39 PM,0.33660388,23116.273
4/28/2025 4:55:39 PM,0.34102908,23134.055
4/28/2025 4:55:39 PM,0.33660388,23160.771
4/28/2025 4:55:39 PM,0.34102908,23208.428
4/28/2025 4:55:39 PM,0.33660388,23240.158
4/28/2025 4:55:39 PM,0.33660388,23267.008
4/28/2025 4:55:39 PM,0.33660388,23314.895
4/28/2025 4:55:39 PM,0.34102908,23337.338
4/28/2025 4:55:39 PM,0.33660388,23361.299
4/28/2025 4:55:39 PM,0.33660388,23382.307
4/28/2025 4:55:39 PM,0.33660388,23409.37
4/28/2025 4:55:39 PM,0.33660388,23443.514
4/28/2025 4:55:39 PM,0.33660388,23479.645
4/28/2025 4:55:39 PM,0.33660388,23519.568
4/28/2025 4:55:39 PM,0.33660388,23561.828
4/28/2025 4:55:39 PM,0.33660388,23583.012
4/28/2025 4:55:39 PM,0.34102908,23604.531
4/28/2025 4:55:39 PM,0.33660388,23643.883
4/28/2025 4:55:39 PM,0.33660388,23671.203
4/28/2025 4:55:39 PM,0.33660388,23698.586
4/28/2025 4:55:39 PM,0.33660388,23713.828
4/28/2025 4:55:39 PM,0.33660388,23731.895
4/28/2025 4:55:39 PM,0.33660388,23768.453
4/28/2025 4:55:39 PM,0.33660388,23789.83
4/28/2025 4:55:39 PM,0.33660388,23813.717
4/28/2025 4:55:39 PM,0.33660388,23838.143
4/28/2025 4:55:39 PM,0.33660388,23868.742
4/28/2025 4:55:39 PM,0.33660388,23890.209
4/28/2025 4:55:39 PM,0.33660388,23916.838
4/28/2025 4:55:39 PM,0.33660388,23941.37
4/28/2025 4:55:39 PM,0.33660388,23962.877
4/28/2025 4:55:39 PM,0.33660388,23990.59
4/28/2025 4:55:39 PM,0.33660388,24016.908
4/28/2025 4:55:39 PM,0.33660388,24038.46
4/28/2025 4:55:39 PM,0.33660388,24066.23
4/28/2025 4:55:40 PM,0.33660388,24090.967
4/28/2025 4:55:40 PM,0.34102908,24118.86
4/28/2025 4:55:40 PM,0.33660388,24144.812
4/28/2025 4:55:40 PM,0.33660388,24182.025
4/28/2025 4:55:40 PM,0.33660388,24210.848
4/28/2025 4:55:40 PM,0.33660388,24245
4/28/2025 4:55:40 PM,0.34102908,24260.555
4/28/2025 4:55:40 PM,0.33660388,24294.848
4/28/2025 4:55:40 PM,0.33660388,24320.234
4/28/2025 4:55:40 PM,0.33660388,24345.186
4/28/2025 4:55:40 PM,0.33660388,24367.059
4/28/2025 4:55:40 PM,0.33660388,24392.105
4/28/2025 4:55:40 PM,0.33660388,24423.447
4/28/2025 4:55:40 PM,0.34102908,24457.914
4/28/2025 4:55:40 PM,0.33660388,24483.047
4/28/2025 4:55:40 PM,0.33660388,24501.93
4/28/2025 4:55:40 PM,0.33660388,24520.84
4/28/2025 4:55:40 PM,0.33660388,24548.707
4/28/2025 4:55:40 PM,0.33660388,24567.611
4/28/2025 4:55:40 PM,0.33660388,24583.387
4/28/2025 4:55:40 PM,0.33660388,24623.64
4/28/2025 4:55:40 PM,0.33660388,24648.904
4/28/2025 4:55:40 PM,0.33660388,24674.219
4/28/2025 4:55:40 PM,0.33660388,24702.764
4/28/2025 4:55:40 PM,0.33660388,24728.191
4/28/2025 4:55:40 PM,0.33660388,24749.102
4/28/2025 4:55:40 PM,0.33660388,24771.344
4/28/2025 4:55:40 PM,0.33660388,24799.994
4/28/2025 4:55:40 PM,0.33660388,24827.014
4/28/2025 4:55:40 PM,0.33660388,24846.115
4/28/2025 4:55:40 PM,0.33660388,24881.213
4/28/2025 4:55:40 PM,0.33660388,24900.398
4/28/2025 4:55:40 PM,0.33660388,24929.234
4/28/2025 4:55:40 PM,0.33660388,24952.701
4/28/2025 4:55:40 PM,0.33660388,24975.125
4/28/2025 4:55:40 PM,0.33660388,24997.59
4/28/2025 4:55:40 PM,0.33660388,25030.438
4/28/2025 4:55:40 PM,0.33660388,25059.34
4/28/2025 4:55:41 PM,0.33660388,25075.428
4/28/2025 4:55:41 PM,0.33660388,25097.982
4/28/2025 4:55:41 PM,0.33660388,25120.9
4/28/2025 4:55:41 PM,0.33660388,25153.123
4/28/2025 4:55:41 PM,0.33660388,25182.195
4/28/2025 4:55:41 PM,0.33660388,25204.852
4/28/2025 4:55:41 PM,0.33660388,25230.797
4/28/2025 4:55:41 PM,0.33660388,25259.816
4/28/2025 4:55:41 PM,0.33660388,25276.031
4/28/2025 4:55:41 PM,0.33660388,25302.018
4/28/2025 4:55:41 PM,0.33660388,25369.816
4/28/2025 4:55:41 PM,0.33660388,25392.633
4/28/2025 4:55:41 PM,0.33660388,25408.953
4/28/2025 4:55:41 PM,0.33660388,25428.568
4/28/2025 4:55:41 PM,0.33660388,25447.23
4/28/2025 4:55:41 PM,0.33660388,25473.365
4/28/2025 4:55:41 PM,0.33660388,25489.725
4/28/2025 4:55:41 PM,0.33660388,25506.107
4/28/2025 4:55:41 PM,0.33660388,25521.234
4/28/2025 4:55:41 PM,0.33660388,25547.416
4/28/2025 4:55:41 PM,0.33660388,25576.936
4/28/2025 4:55:41 PM,0.33660388,25603.232
4/28/2025 4:55:41 PM,0.33660388,25616.402
4/28/2025 4:55:41 PM,0.33660388,25634.453
4/28/2025 4:55:41 PM,0.33660388,25667.352
4/28/2025 4:55:41 PM,0.33660388,25697.033
4/28/2025 4:55:41 PM,0.33660388,25724.697
4/28/2025 4:55:41 PM,0.33660388,25757.697
4/28/2025 4:55:41 PM,0.33660388,25784.158
4/28/2025 4:55:41 PM,0.33660388,25804.957
4/28/2025 4:55:41 PM,0.33660388,25834.723
4/28/2025 4:55:41 PM,0.33660388,25861.24
4/28/2025 4:55:41 PM,0.33660388,25887.812
4/28/2025 4:55:41 PM,0.33660388,25911.107
4/28/2025 4:55:41 PM,0.33660388,25924.438
4/28/2025 4:55:41 PM,0.33660388,25968.143
4/28/2025 4:55:41 PM,0.33660388,25991.488
4/28/2025 4:55:41 PM,0.33660388,26024.984
4/28/2025 4:55:41 PM,0.33660388,26051.686
4/28/2025 4:55:42 PM,0.33660388,26078.443
4/28/2025 4:55:42 PM,0.33660388,26101.902
4/28/2025 4:55:42 PM,0.33660388,26135.125
4/28/2025 4:55:42 PM,0.33660388,26148.533
4/28/2025 4:55:42 PM,0.33660388,26205.662
4/28/2025 4:55:42 PM,0.33660388,26231.898
4/28/2025 4:55:42 PM,0.33660388,26258.82
4/28/2025 4:55:42 PM,0.33660388,26289.172
4/28/2025 4:55:42 PM,0.33660388,26311.787
4/28/2025 4:55:42 PM,0.33660388,26338.771
4/28/2025 4:55:42 PM,0.33660388,26355.664
4/28/2025 4:55:42 PM,0.33660388,26398.31
4/28/2025 4:55:42 PM,0.33660388,26420.05
4/28/2025 4:55:42 PM,0.33660388,26445.697
4/28/2025 4:55:42 PM,0.33660388,26466.06
4/28/2025 4:55:42 PM,0.33660388,26489.854
4/28/2025 4:55:42 PM,0.33660388,26511.877
4/28/2025 4:55:42 PM,0.33660388,26542.47
4/28/2025 4:55:42 PM,0.33660388,26566.309
4/28/2025 4:55:42 PM,0.33660388,26590.193
4/28/2025 4:55:42 PM,0.33660388,26610.701
4/28/2025 4:55:42 PM,0.33660388,26639.215
4/28/2025 4:55:42 PM,0.33660388,26663.137
4/28/2025 4:55:42 PM,0.33660388,26690.533
4/28/2025 4:55:42 PM,0.33660388,26704.254
4/28/2025 4:55:42 PM,0.33660388,26731.734
4/28/2025 4:55:42 PM,0.33660388,26759.941
4/28/2025 4:55:42 PM,0.33660388,26777.117
4/28/2025 4:55:42 PM,0.33216345,26811.537
4/28/2025 4:55:42 PM,0.33660388,26839.51
4/28/2025 4:55:42 PM,0.33660388,26863.611
4/28/2025 4:55:42 PM,0.33216345,26880.86
4/28/2025 4:55:42 PM,0.33660388,26898.125
4/28/2025 4:55:42 PM,0.33660388,26922.336
4/28/2025 4:55:42 PM,0.33660388,26953.477
4/28/2025 4:55:42 PM,0.33660388,26977.697
4/28/2025 4:55:42 PM,0.33660388,27001.96
4/28/2025 4:55:42 PM,0.33660388,27029.406
4/28/2025 4:55:42 PM,0.33216345,27053.674
4/28/2025 4:55:43 PM,0.33660388,27077.984
4/28/2025 4:55:43 PM,0.33660388,27105.82
4/28/2025 4:55:43 PM,0.33660388,27126.736
4/28/2025 4:55:43 PM,0.33660388,27164.326
4/28/2025 4:55:43 PM,0.33660388,27185.252
4/28/2025 4:55:43 PM,0.33660388,27226.137
4/28/2025 4:55:43 PM,0.33216345,27240.1
4/28/2025 4:55:43 PM,0.33660388,27285.568
4/28/2025 4:55:43 PM,0.33660388,27308.738
4/28/2025 4:55:43 PM,0.33660388,27347.258
4/28/2025 4:55:43 PM,0.33216345,27375.338
4/28/2025 4:55:43 PM,0.33660388,27408.771
4/28/2025 4:55:43 PM,0.33216345,27447.43
4/28/2025 4:55:43 PM,0.33660388,27475.613
4/28/2025 4:55:43 PM,0.33216345,27500.322
4/28/2025 4:55:43 PM,0.33660388,27525.074
4/28/2025 4:55:43 PM,0.33660388,27551.133
4/28/2025 4:55:43 PM,0.33660388,27565.273
4/28/2025 4:55:43 PM,0.33660388,27586.512
4/28/2025 4:55:43 PM,0.33660388,27626.523
4/28/2025 4:55:43 PM,0.33660388,27654.867
4/28/2025 4:55:43 PM,0.33216345,27686.826
4/28/2025 4:55:43 PM,0.33216345,27718.857
4/28/2025 4:55:43 PM,0.33216345,27737.28
4/28/2025 4:55:43 PM,0.33660388,27765.748
4/28/2025 4:55:43 PM,0.33660388,27794.277
4/28/2025 4:55:43 PM,0.33216345,27823.148
4/28/2025 4:55:43 PM,0.33216345,27840.98
4/28/2025 4:55:43 PM,0.33216345,27869.562
4/28/2025 4:55:43 PM,0.33660388,27894.62
4/28/2025 4:55:43 PM,0.33216345,27919.658
4/28/2025 4:55:43 PM,0.33216345,27937.549
4/28/2025 4:55:43 PM,0.33216345,27955.463
4/28/2025 4:55:43 PM,0.33660388,27980.584
4/28/2025 4:55:43 PM,0.33216345,28001.791
4/28/2025 4:55:43 PM,0.33216345,28030.498
4/28/2025 4:55:44 PM,0.33216345,28059.262
4/28/2025 4:55:44 PM,0.33660388,28084.479
4/28/2025 4:55:44 PM,0.33216345,28098.908
4/28/2025 4:55:44 PM,0.33216345,28135.049
4/28/2025 4:55:44 PM,0.33216345,28163.086
4/28/2025 4:55:44 PM,0.33216345,28192.02
4/28/2025 4:55:44 PM,0.33216345,28205.416
4/28/2025 4:55:44 PM,0.33216345,28221.012
4/28/2025 4:55:44 PM,0.33660388,28256.059
4/28/2025 4:55:44 PM,0.33216345,28285.082
4/28/2025 4:55:44 PM,0.33216345,28310.523
4/28/2025 4:55:44 PM,0.33216345,28338.086
4/28/2025 4:55:44 PM,0.33216345,28370.812
4/28/2025 4:55:44 PM,0.33660388,28396.32
4/28/2025 4:55:44 PM,0.33216345,28420.01
4/28/2025 4:55:44 PM,0.33216345,28452.807
4/28/2025 4:55:44 PM,0.33216345,28478.373
4/28/2025 4:55:44 PM,0.33216345,28496.66
4/28/2025 4:55:44 PM,0.33216345,28523.73
4/28/2025 4:55:44 PM,0.33216345,28560.318
4/28/2025 4:55:44 PM,0.33216345,28589.656
4/28/2025 4:55:44 PM,0.33216345,28619.057
4/28/2025 4:55:44 PM,0.33216345,28638.49
4/28/2025 4:55:44 PM,0.33216345,28675.244
4/28/2025 4:55:44 PM,0.33216345,28701.838
4/28/2025 4:55:44 PM,0.33216345,28727.578
4/28/2025 4:55:44 PM,0.33216345,28764.434
4/28/2025 4:55:44 PM,0.33660388,28793.984
4/28/2025 4:55:44 PM,0.33216345,28823.594
4/28/2025 4:55:44 PM,0.33216345,28846.152
4/28/2025 4:55:44 PM,0.33216345,28879.479
4/28/2025 4:55:44 PM,0.33216345,28901.736
4/28/2025 4:55:44 PM,0.33216345,28924.064
4/28/2025 4:55:44 PM,0.33216345,28957.451
4/28/2025 4:55:44 PM,0.32772303,28990.918
4/28/2025 4:55:44 PM,0.33216345,29012.998
4/28/2025 4:55:44 PM,0.33216345,29046.475
4/28/2025 4:55:45 PM,0.32772303,29072.564
4/28/2025 4:55:45 PM,0.33216345,29098.701
4/28/2025 4:55:45 PM,0.33216345,29120.502
4/28/2025 4:55:45 PM,0.33216345,29146.633
4/28/2025 4:55:45 PM,0.33216345,29187.797
4/28/2025 4:55:45 PM,0.33216345,29239.297
4/28/2025 4:55:45 PM,0.33216345,29284.342
4/28/2025 4:55:45 PM,0.33216345,29324.398
4/28/2025 4:55:45 PM,0.33216345,29339.432
4/28/2025 4:55:45 PM,0.33216345,29369.547
4/28/2025 4:55:45 PM,0.33216345,29462.225
4/28/2025 4:55:45 PM,0.33216345,29500.066
4/28/2025 4:55:45 PM,0.33216345,29539.701
4/28/2025 4:55:45 PM,0.32772303,29628.445
4/28/2025 4:55:45 PM,0.32772303,29643.637
4/28/2025 4:55:45 PM,0.32772303,29681.686
4/28/2025 4:55:45 PM,0.32772303,29712.193
4/28/2025 4:55:45 PM,0.33216345,29759.043
4/28/2025 4:55:45 PM,0.33216345,29789.61
4/28/2025 4:55:45 PM,0.32772303,29809.54
4/28/2025 4:55:45 PM,0.32772303,29824.816
4/28/2025 4:55:45 PM,0.33216345,29863.07
4/28/2025 4:55:45 PM,0.32772303,29889.908
4/28/2025 4:55:45 PM,0.33216345,29917.23
4/28/2025 4:55:45 PM,0.32772303,29947.916
4/28/2025 4:55:45 PM,0.32772303,29970.973
4/28/2025 4:55:45 PM,0.33216345,29994.06
4/28/2025 4:55:45 PM,0.32772303,30017.291
4/28/2025 4:55:46 PM,0.33216345,30048.08
4/28/2025 4:55:46 PM,0.32772303,30075.068
4/28/2025 4:55:46 PM,0.32772303,30109.84
4/28/2025 4:55:46 PM,0.32772303,30125.066
4/28/2025 4:55:46 PM,0.33216345,30152.104
4/28/2025 4:55:46 PM,0.32772303,30179.191
4/28/2025 4:55:46 PM,0.32772303,30206.326
4/28/2025 4:55:46 PM,0.32772303,30232.893
4/28/2025 4:55:46 PM,0.32772303,30275.568
4/28/2025 4:55:46 PM,0.33216345,30295.008
4/28/2025 4:55:46 PM,0.32772303,30322.262
4/28/2025 4:55:46 PM,0.32772303,30340.777
4/28/2025 4:55:46 PM,0.32772303,30375.82
4/28/2025 4:55:46 PM,0.32772303,30391.418
4/28/2025 4:55:46 PM,0.32772303,30410.941
4/28/2025 4:55:46 PM,0.32772303,30440.912
4/28/2025 4:55:46 PM,0.32772303,30464.344
4/28/2025 4:55:46 PM,0.32772303,30495.633
4/28/2025 4:55:46 PM,0.32772303,30525.396
4/28/2025 4:55:46 PM,0.32772303,30552.795
4/28/2025 4:55:46 PM,0.32772303,30588.096
4/28/2025 4:55:46 PM,0.33216345,30625.479
4/28/2025 4:55:46 PM,0.32772303,30660.83
4/28/2025 4:55:46 PM,0.32772303,30684.443
4/28/2025 4:55:46 PM,0.32772303,30708.094
4/28/2025 4:55:46 PM,0.32772303,30733.44
4/28/2025 4:55:46 PM,0.32772303,30761.031
4/28/2025 4:55:46 PM,0.32772303,30784.72
4/28/2025 4:55:46 PM,0.32772303,30816.361
4/28/2025 4:55:46 PM,0.32772303,30845.402
4/28/2025 4:55:46 PM,0.32772303,30881.033
4/28/2025 4:55:46 PM,0.33216345,30913.85
4/28/2025 4:55:46 PM,0.32772303,30945.55
4/28/2025 4:55:46 PM,0.32772303,30973.346
4/28/2025 4:55:46 PM,0.32772303,30997.207
4/28/2025 4:55:46 PM,0.32772303,31021.84
4/28/2025 4:55:47 PM,0.33216345,31049.68
4/28/2025 4:55:47 PM,0.32772303,31073.582
4/28/2025 4:55:47 PM,0.32772303,31105.508
4/28/2025 4:55:47 PM,0.32772303,31125.898
4/28/2025 4:55:47 PM,0.32772303,31145.846
4/28/2025 4:55:47 PM,0.32772303,31185.824
4/28/2025 4:55:47 PM,0.32772303,31201.994
4/28/2025 4:55:47 PM,0.32772303,31225.98
4/28/2025 4:55:47 PM,0.32772303,31250
4/28/2025 4:55:47 PM,0.32772303,31274.057
4/28/2025 4:55:47 PM,0.32772303,31302.002
4/28/2025 4:55:47 PM,0.32772303,31334.092
4/28/2025 4:55:47 PM,0.32772303,31354.182
4/28/2025 4:55:47 PM,0.32772303,31378.32
4/28/2025 4:55:47 PM,0.32772303,31398.463
4/28/2025 4:55:47 PM,0.32772303,31426.146
4/28/2025 4:55:47 PM,0.32772303,31454.355
4/28/2025 4:55:47 PM,0.32772303,31478.568
4/28/2025 4:55:47 PM,0.32772303,31498.78
4/28/2025 4:55:47 PM,0.32772303,31534.31
4/28/2025 4:55:47 PM,0.32772303,31554.525
4/28/2025 4:55:47 PM,0.32772303,31578.82
4/28/2025 4:55:47 PM,0.32772303,31606.07
4/28/2025 4:55:47 PM,0.32772303,31638.475
4/28/2025 4:55:47 PM,0.32772303,31666.88
4/28/2025 4:55:47 PM,0.32772303,31691.27
4/28/2025 4:55:47 PM,0.32772303,31719.777
4/28/2025 4:55:47 PM,0.32772303,31742.662
4/28/2025 4:55:47 PM,0.32772303,31767.092
4/28/2025 4:55:47 PM,0.32772303,31787.48
4/28/2025 4:55:47 PM,0.32772303,31820.152
4/28/2025 4:55:47 PM,0.32772303,31846.88
4/28/2025 4:55:47 PM,0.32772303,31875.482
4/28/2025 4:55:47 PM,0.32772303,31910.21
4/28/2025 4:55:47 PM,0.32772303,31930.654
4/28/2025 4:55:47 PM,0.32772303,31955.22
4/28/2025 4:55:47 PM,0.32772303,31988.03
4/28/2025 4:55:47 PM,0.32772303,32010.246
4/28/2025 4:55:48 PM,0.32772303,32033.26
4/28/2025 4:55:48 PM,0.32772303,32063.615
4/28/2025 4:55:48 PM,0.32772303,32080.072
4/28/2025 4:55:48 PM,0.32772303,32126.73
4/28/2025 4:55:48 PM,0.32772303,32159.69
4/28/2025 4:55:48 PM,0.32772303,32188.586
4/28/2025 4:55:48 PM,0.32772303,32213.393
4/28/2025 4:55:48 PM,0.32772303,32230.941
4/28/2025 4:55:48 PM,0.32772303,32255.736
4/28/2025 4:55:48 PM,0.32772303,32276.432
4/28/2025 4:55:48 PM,0.32772303,32297.15
4/28/2025 4:55:48 PM,0.32772303,32339.326
4/28/2025 4:55:48 PM,0.32772303,32372.516
4/28/2025 4:55:48 PM,0.32772303,32397.453
4/28/2025 4:55:48 PM,0.32772303,32430.762
4/28/2025 4:55:48 PM,0.32772303,32456.084
4/28/2025 4:55:48 PM,0.32772303,32501.924
4/28/2025 4:55:48 PM,0.32772303,32527.062
4/28/2025 4:55:48 PM,0.32772303,32552.084
4/28/2025 4:55:48 PM,0.32772303,32572.965
4/28/2025 4:55:48 PM,0.32772303,32598.059
4/28/2025 4:55:48 PM,0.32772303,32622.965
4/28/2025 4:55:48 PM,0.32772303,32656.432
4/28/2025 4:55:48 PM,0.32772303,32673.19
4/28/2025 4:55:48 PM,0.32772303,32714.658
4/28/2025 4:55:48 PM,0.32772303,32735.613
4/28/2025 4:55:48 PM,0.32772303,32773.414
4/28/2025 4:55:48 PM,0.32772303,32798.656
4/28/2025 4:55:48 PM,0.32772303,32823.945
4/28/2025 4:55:48 PM,0.32772303,32844.145
4/28/2025 4:55:48 PM,0.32772303,32886.293
4/28/2025 4:55:48 PM,0.32772303,32907.41
4/28/2025 4:55:48 PM,0.32772303,32931.613
4/28/2025 4:55:48 PM,0.32772303,32956.95
4/28/2025 4:55:48 PM,0.32772303,32982.324
4/28/2025 4:55:48 PM,0.32772303,33006.336
4/28/2025 4:55:49 PM,0.32772303,33027.477
4/28/2025 4:55:49 PM,0.32772303,33048.65
4/28/2025 4:55:49 PM,0.32772303,33065.6
4/28/2025 4:55:49 PM,0.32772303,33086.82
4/28/2025 4:55:49 PM,0.32772303,33114.836
4/28/2025 4:55:49 PM,0.32772303,33140.297
4/28/2025 4:55:49 PM,0.32772303,33153.043
4/28/2025 4:55:49 PM,0.32772303,33182.824
4/28/2025 4:55:49 PM,0.32772303,33210.63
4/28/2025 4:55:49 PM,0.32772303,33227.645
4/28/2025 4:55:51 PM,0.32329783,35115.73
4/28/2025 4:55:51 PM,0.32329783,35138.23
4/28/2025 4:55:51 PM,0.32329783,35160.76
4/28/2025 4:55:51 PM,0.32329783,35187.83
4/28/2025 4:55:51 PM,0.32329783,35215.773
4/28/2025 4:55:51 PM,0.32329783,35238.34
4/28/2025 4:55:51 PM,0.32329783,35256.41
4/28/2025 4:55:51 PM,0.32329783,35279.027
4/28/2025 4:55:51 PM,0.32329783,35310.734
4/28/2025 4:55:51 PM,0.32329783,35338.45
4/28/2025 4:55:51 PM,0.32329783,35374.71
4/28/2025 4:55:51 PM,0.32329783,35401.957
4/28/2025 4:55:51 PM,0.32329783,35434.016
4/28/2025 4:55:51 PM,0.32329783,35461.277
4/28/2025 4:55:51 PM,0.32329783,35484.027
4/28/2025 4:55:51 PM,0.32329783,35515.914
4/28/2025 4:55:51 PM,0.32329783,35547.777
4/28/2025 4:55:51 PM,0.32329783,35561.45
4/28/2025 4:55:51 PM,0.32329783,35584.266
4/28/2025 4:55:51 PM,0.32329783,35607.105
4/28/2025 4:55:51 PM,0.32329783,35629.645
4/28/2025 4:55:51 PM,0.32329783,35657.05
4/28/2025 4:55:51 PM,0.32329783,35684.5
4/28/2025 4:55:51 PM,0.32329783,35706.855
4/28/2025 4:55:51 PM,0.32329783,35738.883
4/28/2025 4:55:51 PM,0.32329783,35761.797
4/28/2025 4:55:51 PM,0.32329783,35789.332
4/28/2025 4:55:51 PM,0.32329783,35821.508
4/28/2025 4:55:51 PM,0.32329783,35848.18
4/28/2025 4:55:51 PM,0.32329783,35871.168
4/28/2025 4:55:51 PM,0.32329783,35903.402
4/28/2025 4:55:51 PM,0.32329783,35926.46
4/28/2025 4:55:51 PM,0.32329783,35948.316
4/28/2025 4:55:51 PM,0.32329783,35975.98
4/28/2025 4:55:51 PM,0.32329783,36003.688
4/28/2025 4:55:52 PM,0.32329783,36034.594
4/28/2025 4:55:52 PM,0.32329783,36048.45
4/28/2025 4:55:52 PM,0.32329783,36066.94
4/28/2025 4:55:52 PM,0.32329783,36099.344
4/28/2025 4:55:52 PM,0.32329783,36148.582
4/28/2025 4:55:52 PM,0.32329783,36167.125
4/28/2025 4:55:52 PM,0.32329783,36194.977
4/28/2025 4:55:52 PM,0.32329783,36225.504
4/28/2025 4:55:52 PM,0.32329783,36253.367
4/28/2025 4:55:52 PM,0.32329783,36276.617
4/28/2025 4:55:52 PM,0.32329783,36295.24
4/28/2025 4:55:52 PM,0.32329783,36323.21
4/28/2025 4:55:52 PM,0.32329783,36362.836
4/28/2025 4:55:52 PM,0.32329783,36409.52
4/28/2025 4:55:52 PM,0.32329783,36430.31
4/28/2025 4:55:52 PM,0.32329783,36481.72
4/28/2025 4:55:52 PM,0.32329783,36507.008
4/28/2025 4:55:52 PM,0.32329783,36539.758
4/28/2025 4:55:52 PM,0.32329783,36558.496
4/28/2025 4:55:52 PM,0.32329783,36572.562
4/28/2025 4:55:52 PM,0.32329783,36600.727
4/28/2025 4:55:52 PM,0.32329783,36625.78
4/28/2025 4:55:52 PM,0.32329783,36668.06
4/28/2025 4:55:52 PM,0.32329783,36691.58
4/28/2025 4:55:52 PM,0.31887263,36721.152
4/28/2025 4:55:52 PM,0.32329783,36758.812
4/28/2025 4:55:52 PM,0.32329783,36806
4/28/2025 4:55:52 PM,0.31887263,36840.082
4/28/2025 4:55:52 PM,0.31887263,36868.43
4/28/2025 4:55:52 PM,0.31887263,36896.816
4/28/2025 4:55:52 PM,0.32329783,36921.266
4/28/2025 4:55:52 PM,0.32329783,36935.457
4/28/2025 4:55:52 PM,0.32329783,36973.355
4/28/2025 4:55:52 PM,0.31887263,36997.08
4/28/2025 4:55:53 PM,0.32329783,37020.836
4/28/2025 4:55:53 PM,0.32329783,37049.797
4/28/2025 4:55:53 PM,0.32329783,37073.555
4/28/2025 4:55:53 PM,0.32329783,37097.348
4/28/2025 4:55:53 PM,0.32329783,37125.93
4/28/2025 4:55:53 PM,0.31887263,37149.93
4/28/2025 4:55:53 PM,0.32329783,37178.52
4/28/2025 4:55:53 PM,0.32329783,37197.605
4/28/2025 4:55:53 PM,0.31887263,37230.977
4/28/2025 4:55:53 PM,0.32329783,37264.395
4/28/2025 4:55:53 PM,0.32329783,37297.613
4/28/2025 4:55:53 PM,0.32329783,37336.203
4/28/2025 4:55:53 PM,0.31887263,37359.777
4/28/2025 4:55:53 PM,0.31887263,37388.535
4/28/2025 4:55:53 PM,0.32329783,37402.934
4/28/2025 4:55:53 PM,0.32329783,37426.348
4/28/2025 4:55:53 PM,0.32329783,37435.938
4/28/2025 4:55:53 PM,0.32329783,37474.35
4/28/2025 4:55:53 PM,0.32329783,37508.023
4/28/2025 4:55:53 PM,0.32329783,37540.844
4/28/2025 4:55:53 PM,0.32329783,37574.547
4/28/2025 4:55:53 PM,0.32329783,37603.484
4/28/2025 4:55:53 PM,0.31887263,37621.668
4/28/2025 4:55:53 PM,0.32329783,37645.777
4/28/2025 4:55:53 PM,0.31887263,37674.746
4/28/2025 4:55:53 PM,0.32329783,37703.76
4/28/2025 4:55:53 PM,0.32329783,37731.39
4/28/2025 4:55:53 PM,0.31887263,37755.58
4/28/2025 4:55:53 PM,0.32329783,37784.637
4/28/2025 4:55:53 PM,0.31887263,37807.258
4/28/2025 4:55:53 PM,0.32329783,37833.17
4/28/2025 4:55:53 PM,0.31887263,37870.29
4/28/2025 4:55:53 PM,0.31887263,37884.863
4/28/2025 4:55:53 PM,0.31887263,37914.047
4/28/2025 4:55:53 PM,0.31887263,37941.277
4/28/2025 4:55:53 PM,0.31887263,37960.74
4/28/2025 4:55:53 PM,0.31887263,37985.086
4/28/2025 4:55:54 PM,0.31887263,38009.465
4/28/2025 4:55:54 PM,0.31887263,38033.88
4/28/2025 4:55:54 PM,0.31887263,38065.78
4/28/2025 4:55:54 PM,0.31887263,38090.195
4/28/2025 4:55:54 PM,0.31887263,38119.543
4/28/2025 4:55:54 PM,0.32329783,38141.5
4/28/2025 4:55:54 PM,0.31887263,38175.74
4/28/2025 4:55:54 PM,0.31887263,38190.438
4/28/2025 4:55:54 PM,0.31887263,38219.86
4/28/2025 4:55:54 PM,0.31887263,38251.41
4/28/2025 4:55:54 PM,0.31887263,38271.03
4/28/2025 4:55:54 PM,0.31887263,38302.453
4/28/2025 4:55:54 PM,0.31887263,38325.094
4/28/2025 4:55:54 PM,0.31887263,38346.63
4/28/2025 4:55:54 PM,0.32329783,38381.062
4/28/2025 4:55:54 PM,0.31887263,38410.625
4/28/2025 4:55:54 PM,0.32329783,38436.9
4/28/2025 4:55:54 PM,0.31887263,38451.68
4/28/2025 4:55:54 PM,0.31887263,38476.34
4/28/2025 4:55:54 PM,0.31887263,38501.03
4/28/2025 4:55:54 PM,0.31887263,38532.06
4/28/2025 4:55:54 PM,0.31887263,38566.645
4/28/2025 4:55:54 PM,0.31887263,38596.336
4/28/2025 4:55:54 PM,0.31887263,38612.355
4/28/2025 4:55:54 PM,0.31887263,38632.14
4/28/2025 4:55:54 PM,0.31887263,38666.816
4/28/2025 4:55:54 PM,0.31887263,38696.59
4/28/2025 4:55:54 PM,0.31887263,38717.348
4/28/2025 4:55:54 PM,0.31887263,38747.117
4/28/2025 4:55:54 PM,0.31887263,38771.96
4/28/2025 4:55:54 PM,0.31887263,38806.797
4/28/2025 4:55:54 PM,0.31887263,38822.363
4/28/2025 4:55:54 PM,0.31887263,38832.31
4/28/2025 4:55:54 PM,0.31887263,38857.2
4/28/2025 4:55:54 PM,0.31887263,38882.12
4/28/2025 4:55:54 PM,0.31887263,38912.453
4/28/2025 4:55:54 PM,0.31887263,38927.06
4/28/2025 4:55:54 PM,0.31887263,38952.35
4/28/2025 4:55:54 PM,0.31887263,38982.332
4/28/2025 4:55:55 PM,0.31887263,38997.504
4/28/2025 4:55:55 PM,0.31887263,39027.383
4/28/2025 4:55:55 PM,0.31887263,39047.48
4/28/2025 4:55:55 PM,0.31887263,39067.51
4/28/2025 4:55:55 PM,0.31887263,39092.57
4/28/2025 4:55:55 PM,0.31887263,39122.535
4/28/2025 4:55:55 PM,0.31887263,39142.586
4/28/2025 4:55:55 PM,0.31887263,39167.68
4/28/2025 4:55:55 PM,0.31887263,39182.758
4/28/2025 4:55:55 PM,0.31887263,39217.57
4/28/2025 4:55:55 PM,0.31887263,39237.668
4/28/2025 4:55:55 PM,0.31887263,39272.895
4/28/2025 4:55:55 PM,0.31887263,39302.51
4/28/2025 4:55:55 PM,0.31887263,39327.688
4/28/2025 4:55:55 PM,0.31887263,39352.89
4/28/2025 4:55:55 PM,0.31887263,39388.23
4/28/2025 4:55:55 PM,0.31887263,39417.66
4/28/2025 4:55:55 PM,0.31887263,39442.914
4/28/2025 4:55:55 PM,0.31887263,39468.203
4/28/2025 4:55:55 PM,0.31887263,39488.453
4/28/2025 4:55:55 PM,0.31887263,39508.727
4/28/2025 4:55:55 PM,0.31887263,39543.023
4/28/2025 4:55:55 PM,0.31887263,39568.375
4/28/2025 4:55:55 PM,0.31887263,39598.836
4/28/2025 4:55:55 PM,0.31887263,39619.17
4/28/2025 4:55:55 PM,0.31887263,39643.133
4/28/2025 4:55:55 PM,0.31887263,39668.547
4/28/2025 4:55:55 PM,0.31887263,39704.184
4/28/2025 4:55:55 PM,0.31887263,39733.06
4/28/2025 4:55:55 PM,0.31887263,39763.62
4/28/2025 4:55:55 PM,0.31887263,39784.027
4/28/2025 4:55:55 PM,0.31887263,39814.668
4/28/2025 4:55:55 PM,0.31887263,39833.145
4/28/2025 4:55:55 PM,0.31887263,39863.785
4/28/2025 4:55:55 PM,0.31887263,39894.47
4/28/2025 4:55:55 PM,0.31887263,39912.773
4/28/2025 4:55:55 PM,0.31887263,39943.457
4/28/2025 4:55:55 PM,0.31887263,39969.066
4/28/2025 4:55:56 PM,0.31887263,39994.71
4/28/2025 4:55:56 PM,0.31887263,40020.383
4/28/2025 4:55:56 PM,0.31887263,40043.566
4/28/2025 4:55:56 PM,0.31887263,40069.24
4/28/2025 4:55:56 PM,0.31887263,40089.797
4/28/2025 4:55:56 PM,0.31887263,40117.973
4/28/2025 4:55:56 PM,0.31887263,40143.676
4/28/2025 4:55:56 PM,0.31887263,40164.26
4/28/2025 4:55:56 PM,0.31887263,40200.34
4/28/2025 4:55:56 PM,0.31887263,40233.477
4/28/2025 4:55:56 PM,0.31887263,40269.586
4/28/2025 4:55:56 PM,0.31887263,40290.25
4/28/2025 4:55:56 PM,0.31887263,40333.555
4/28/2025 4:55:56 PM,0.31887263,40354.24
4/28/2025 4:55:56 PM,0.31887263,40385.293
4/28/2025 4:55:56 PM,0.31887263,40407.758
4/28/2025 4:55:56 PM,0.31887263,40428.46
4/28/2025 4:55:56 PM,0.31887263,40454.37
4/28/2025 4:55:56 PM,0.31887263,40480.312
4/28/2025 4:55:56 PM,0.31887263,40501.09
4/28/2025 4:55:56 PM,0.31887263,40527.094
4/28/2025 4:55:56 PM,0.31887263,40544.113
4/28/2025 4:55:56 PM,0.31887263,40564.902
4/28/2025 4:55:56 PM,0.31887263,40597.402
4/28/2025 4:55:56 PM,0.31444746,40618.2
4/28/2025 4:55:56 PM,0.31887263,40649.43
4/28/2025 4:55:56 PM,0.31887263,40675.492
4/28/2025 4:55:56 PM,0.31887263,40706.816
4/28/2025 4:55:56 PM,0.31887263,40733.89
4/28/2025 4:55:56 PM,0.31887263,40754.777
4/28/2025 4:55:56 PM,0.31887263,40786.14
4/28/2025 4:55:56 PM,0.31444746,40807.074
4/28/2025 4:55:56 PM,0.31444746,40828.742
4/28/2025 4:55:56 PM,0.31887263,40854.91
4/28/2025 4:55:56 PM,0.31444746,40881.11
4/28/2025 4:55:56 PM,0.31887263,40907.855
4/28/2025 4:55:56 PM,0.31887263,40939.305
4/28/2025 4:55:56 PM,0.31444746,40965.547
4/28/2025 4:55:57 PM,0.31444746,40981.31
4/28/2025 4:55:57 PM,0.31444746,41007.605
4/28/2025 4:55:57 PM,0.31887263,41039.4
4/28/2025 4:55:57 PM,0.31444746,41060.445
4/28/2025 4:55:57 PM,0.31444746,41081.504
4/28/2025 4:55:57 PM,0.31887263,41107.867
4/28/2025 4:55:57 PM,0.31444746,41139.492
4/28/2025 4:55:57 PM,0.31887263,41160.59
4/28/2025 4:55:57 PM,0.31887263,41192.273
4/28/2025 4:55:57 PM,0.31444746,41223.746
4/28/2025 4:55:57 PM,0.31444746,41260.734
4/28/2025 4:55:57 PM,0.31444746,41297.793
4/28/2025 4:55:57 PM,0.31444746,41334.39
4/28/2025 4:55:57 PM,0.31444746,41366.188
4/28/2025 4:55:57 PM,0.31887263,41392.723
4/28/2025 4:55:57 PM,0.31444746,41413.973
4/28/2025 4:55:57 PM,0.31444746,41445.094
4/28/2025 4:55:57 PM,0.31444746,41476.98
4/28/2025 4:55:57 PM,0.31887263,41514.246
4/28/2025 4:55:57 PM,0.31444746,41545.203
4/28/2025 4:55:57 PM,0.31444746,41566.504
4/28/2025 4:55:57 PM,0.31444746,41593.168
4/28/2025 4:55:57 PM,0.31444746,41619.867
4/28/2025 4:55:57 PM,0.31887263,41650.65
4/28/2025 4:55:57 PM,0.31444746,41672.01
4/28/2025 4:55:57 PM,0.31444746,41702.668
4/28/2025 4:55:57 PM,0.31444746,41725.51
4/28/2025 4:55:57 PM,0.31444746,41756.12
4/28/2025 4:55:57 PM,0.31444746,41782.895
4/28/2025 4:55:57 PM,0.31444746,41808.027
4/28/2025 4:55:57 PM,0.31444746,41834.805
4/28/2025 4:55:57 PM,0.31444746,41861.62
4/28/2025 4:55:57 PM,0.31444746,41888.47
4/28/2025 4:55:57 PM,0.3100223,41915.348
4/28/2025 4:55:57 PM,0.3100223,41940.26
4/28/2025 4:55:58 PM,0.31444746,41972.53
4/28/2025 4:55:58 PM,0.31444746,42015.63
4/28/2025 4:55:58 PM,0.31444746,42051.133
4/28/2025 4:55:58 PM,0.31444746,42078.098
4/28/2025 4:55:58 PM,0.31444746,42113.477
4/28/2025 4:55:58 PM,0.31444746,42135.06
4/28/2025 4:55:58 PM,0.31444746,42156.66
4/28/2025 4:55:58 PM,0.31444746,42183.69
4/28/2025 4:55:58 PM,0.3100223,42205.344
4/28/2025 4:55:58 PM,0.31444746,42224.32
4/28/2025 4:55:58 PM,0.31444746,42262.207
4/28/2025 4:55:58 PM,0.31444746,42289.316
4/28/2025 4:55:58 PM,0.3100223,42308.125
4/28/2025 4:55:58 PM,0.31444746,42335.22
4/28/2025 4:55:58 PM,0.3100223,42351.5
4/28/2025 4:55:58 PM,0.31444746,42367.793
4/28/2025 4:55:58 PM,0.31444746,42394.965
4/28/2025 4:55:58 PM,0.3100223,42419.004
4/28/2025 4:55:58 PM,0.31444746,42440.746
4/28/2025 4:55:58 PM,0.3100223,42457.066
4/28/2025 4:55:58 PM,0.3100223,42478.84
4/28/2025 4:55:58 PM,0.3100223,42506.094
4/28/2025 4:55:58 PM,0.3100223,42535.387
4/28/2025 4:55:58 PM,0.3100223,42568.11
4/28/2025 4:55:58 PM,0.31444746,42595.414
4/28/2025 4:55:58 PM,0.3100223,42619.094
4/28/2025 4:55:58 PM,0.3100223,42646.402
4/28/2025 4:55:58 PM,0.31444746,42668.27
4/28/2025 4:55:58 PM,0.3100223,42695.64
4/28/2025 4:55:58 PM,0.3100223,42723.04
4/28/2025 4:55:58 PM,0.3100223,42735.555
4/28/2025 4:55:58 PM,0.3100223,42757.465
4/28/2025 4:55:58 PM,0.3100223,42797.26
4/28/2025 4:55:58 PM,0.3100223,42874.086
4/28/2025 4:55:58 PM,0.31444746,42901.59
4/28/2025 4:55:58 PM,0.3100223,42918.113
4/28/2025 4:55:58 PM,0.3100223,42941.223
4/28/2025 4:55:58 PM,0.3100223,42963.242
4/28/2025 4:55:59 PM,0.31444746,42985.285
4/28/2025 4:55:59 PM,0.3100223,43008.258
4/28/2025 4:55:59 PM,0.3100223,43029.434
4/28/2025 4:55:59 PM,0.3100223,43052.35
4/28/2025 4:55:59 PM,0.3100223,43085.484
4/28/2025 4:55:59 PM,0.3100223,43124.2
4/28/2025 4:55:59 PM,0.3100223,43158.004
4/28/2025 4:55:59 PM,0.31444746,43185.68
4/28/2025 4:55:59 PM,0.3100223,43213.832
4/28/2025 4:55:59 PM,0.3100223,43252.598
4/28/2025 4:55:59 PM,0.31444746,43280.332
4/28/2025 4:55:59 PM,0.3100223,43302.543
4/28/2025 4:55:59 PM,0.31444746,43341.61
4/28/2025 4:55:59 PM,0.31444746,43369.39
4/28/2025 4:55:59 PM,0.3100223,43408.348
4/28/2025 4:55:59 PM,0.3100223,43436.137
4/28/2025 4:55:59 PM,0.31444746,43452.84
4/28/2025 4:55:59 PM,0.3100223,43486.277
4/28/2025 4:55:59 PM,0.3100223,43508.594
4/28/2025 4:55:59 PM,0.3100223,43530.645
4/28/2025 4:55:59 PM,0.3100223,43569.715
4/28/2025 4:55:59 PM,0.3100223,43592.066
4/28/2025 4:55:59 PM,0.3100223,43630.715
4/28/2025 4:55:59 PM,0.3100223,43669.875
4/28/2025 4:55:59 PM,0.3100223,43697.883
4/28/2025 4:55:59 PM,0.3100223,43725.184
4/28/2025 4:55:59 PM,0.3100223,43747.598
4/28/2025 4:55:59 PM,0.3100223,43775.65
4/28/2025 4:55:59 PM,0.3100223,43798.105
4/28/2025 4:55:59 PM,0.3100223,43830.86
4/28/2025 4:55:59 PM,0.3100223,43853.324
4/28/2025 4:55:59 PM,0.3100223,43881.445
4/28/2025 4:55:59 PM,0.3100223,43909.6
4/28/2025 4:55:59 PM,0.3100223,43930.93
4/28/2025 4:55:59 PM,0.3100223,43947.812
4/28/2025 4:56:00 PM,0.3100223,43981.63
4/28/2025 4:56:00 PM,0.3100223,44014.086
4/28/2025 4:56:00 PM,0.3100223,44031
4/28/2025 4:56:00 PM,0.3100223,44053.574
4/28/2025 4:56:00 PM,0.3100223,44070.51
4/28/2025 4:56:00 PM,0.3100223,44114.117
4/28/2025 4:56:00 PM,0.3100223,44142.38
4/28/2025 4:56:00 PM,0.3100223,44187.668
4/28/2025 4:56:00 PM,0.3100223,44208.49
4/28/2025 4:56:00 PM,0.3100223,44242.473
4/28/2025 4:56:00 PM,0.3100223,44270.832
4/28/2025 4:56:00 PM,0.3100223,44287.867
4/28/2025 4:56:00 PM,0.3100223,44304.914
4/28/2025 4:56:00 PM,0.3100223,44327.664
4/28/2025 4:56:00 PM,0.3100223,44348.254
4/28/2025 4:56:00 PM,0.3100223,44370.992
4/28/2025 4:56:00 PM,0.3100223,44408.527
4/28/2025 4:56:00 PM,0.3100223,44436.973
4/28/2025 4:56:00 PM,0.3100223,44459.754
4/28/2025 4:56:00 PM,0.3100223,44488.266
4/28/2025 4:56:00 PM,0.3100223,44516.812
4/28/2025 4:56:00 PM,0.31444746,44537.06
4/28/2025 4:56:00 PM,0.3100223,44571.312
4/28/2025 4:56:00 PM,0.3100223,44597.15
4/28/2025 4:56:00 PM,0.3100223,44625.703
4/28/2025 4:56:00 PM,0.3100223,44654.3
4/28/2025 4:56:00 PM,0.3100223,44688.664
4/28/2025 4:56:00 PM,0.3100223,44714.31
4/28/2025 4:56:00 PM,0.3100223,44742.957
4/28/2025 4:56:00 PM,0.3100223,44777.38
4/28/2025 4:56:00 PM,0.3100223,44808.6
4/28/2025 4:56:00 PM,0.3100223,44837.3
4/28/2025 4:56:00 PM,0.3100223,44854.543
4/28/2025 4:56:00 PM,0.31444746,44877.55
4/28/2025 4:56:00 PM,0.3100223,44920.125
4/28/2025 4:56:00 PM,0.3100223,44943.145
4/28/2025 4:56:01 PM,0.3100223,44983.492
4/28/2025 4:56:01 PM,0.3100223,45018.125
4/28/2025 4:56:01 PM,0.3100223,45043.246
4/28/2025 4:56:01 PM,0.3100223,45072.117
4/28/2025 4:56:01 PM,0.3100223,45101.027
4/28/2025 4:56:01 PM,0.3100223,45131.773
4/28/2025 4:56:01 PM,0.3100223,45154.906
4/28/2025 4:56:01 PM,0.3100223,45172.277
4/28/2025 4:56:01 PM,0.3100223,45218.652
4/28/2025 4:56:01 PM,0.3100223,45255.03
4/28/2025 4:56:01 PM,0.3100223,45289.855
4/28/2025 4:56:01 PM,0.3100223,45330.555
4/28/2025 4:56:01 PM,0.3100223,45355.152
4/28/2025 4:56:01 PM,0.3100223,45378.414
4/28/2025 4:56:01 PM,0.3100223,45397.094
4/28/2025 4:56:01 PM,0.3100223,45431.984
4/28/2025 4:56:01 PM,0.3100223,45461.1
4/28/2025 4:56:01 PM,0.3100223,45490.254
4/28/2025 4:56:01 PM,0.3100223,45519.44
4/28/2025 4:56:01 PM,0.3100223,45549.56
4/28/2025 4:56:01 PM,0.3100223,45578.758
4/28/2025 4:56:01 PM,0.3100223,45608
4/28/2025 4:56:01 PM,0.3100223,45632.125
4/28/2025 4:56:01 PM,0.3100223,45643.82
4/28/2025 4:56:01 PM,0.3100223,45684.79
4/28/2025 4:56:01 PM,0.3100223,45708.777
4/28/2025 4:56:01 PM,0.3100223,45743.914
4/28/2025 4:56:01 PM,0.3100223,45761.504
4/28/2025 4:56:01 PM,0.3100223,45790.85
4/28/2025 4:56:01 PM,0.3100223,45814.66
4/28/2025 4:56:01 PM,0.3100223,45838.137
4/28/2025 4:56:01 PM,0.3100223,45861.637
4/28/2025 4:56:01 PM,0.3100223,45885.16
4/28/2025 4:56:01 PM,0.3100223,45902.824
4/28/2025 4:56:01 PM,0.3100223,45932.34
4/28/2025 4:56:02 PM,0.3100223,45973.56
4/28/2025 4:56:02 PM,0.3100223,45991.246
4/28/2025 4:56:02 PM,0.3100223,46032.406
4/28/2025 4:56:02 PM,0.3100223,46050.105
4/28/2025 4:56:02 PM,0.3100223,46061.906
4/28/2025 4:56:02 PM,0.3100223,46097.355
4/28/2025 4:56:02 PM,0.3100223,46120.664
4/28/2025 4:56:02 PM,0.3100223,46144.297
4/28/2025 4:56:02 PM,0.3100223,46185.72
4/28/2025 4:56:02 PM,0.3100223,46209.426
4/28/2025 4:56:02 PM,0.3055971,46244.395
4/28/2025 4:56:02 PM,0.3100223,46262.18
4/28/2025 4:56:02 PM,0.3100223,46274.035
4/28/2025 4:56:02 PM,0.3100223,46332.62
4/28/2025 4:56:02 PM,0.3055971,46368.254
4/28/2025 4:56:02 PM,0.3100223,46392.043
4/28/2025 4:56:02 PM,0.3055971,46408.914
4/28/2025 4:56:02 PM,0.3100223,46432.69
4/28/2025 4:56:02 PM,0.3100223,46468.402
4/28/2025 4:56:02 PM,0.3100223,46492.242
4/28/2025 4:56:02 PM,0.3100223,46514.887
4/28/2025 4:56:02 PM,0.3055971,46544.684
4/28/2025 4:56:02 PM,0.3055971,46574.52
4/28/2025 4:56:02 PM,0.3055971,46592.44
4/28/2025 4:56:02 PM,0.3055971,46620.887
4/28/2025 4:56:02 PM,0.3055971,46638.8
4/28/2025 4:56:02 PM,0.3100223,46668.695
4/28/2025 4:56:02 PM,0.3055971,46686.652
4/28/2025 4:56:02 PM,0.3055971,46720.934
4/28/2025 4:56:02 PM,0.3055971,46744.88
4/28/2025 4:56:02 PM,0.3055971,46774.84
4/28/2025 4:56:02 PM,0.3100223,46798.84
4/28/2025 4:56:02 PM,0.3100223,46820.977
4/28/2025 4:56:02 PM,0.3055971,46850.973
4/28/2025 4:56:02 PM,0.3055971,46881.01
4/28/2025 4:56:02 PM,0.3055971,46899.05
4/28/2025 4:56:02 PM,0.3100223,46923.12
4/28/2025 4:56:03 PM,0.3055971,46951.082
4/28/2025 4:56:03 PM,0.3055971,46981.184
4/28/2025 4:56:03 PM,0.3055971,47003.01
4/28/2025 4:56:03 PM,0.3055971,47029.426
4/28/2025 4:56:03 PM,0.3055971,47045.164
4/28/2025 4:56:03 PM,0.3055971,47075.32
4/28/2025 4:56:03 PM,0.3100223,47105.516
4/28/2025 4:56:03 PM,0.3055971,47129.703
4/28/2025 4:56:03 PM,0.3055971,47151.3
4/28/2025 4:56:03 PM,0.3055971,47181.527
4/28/2025 4:56:03 PM,0.3055971,47205.74
4/28/2025 4:56:03 PM,0.3055971,47233.254
4/28/2025 4:56:03 PM,0.3100223,47245.36
4/28/2025 4:56:03 PM,0.3055971,47263.523
4/28/2025 4:56:03 PM,0.3055971,47287.766
4/28/2025 4:56:03 PM,0.3055971,47315.14
4/28/2025 4:56:03 PM,0.3055971,47345.45
4/28/2025 4:56:03 PM,0.3055971,47363.656
4/28/2025 4:56:03 PM,0.3055971,47409.1
4/28/2025 4:56:03 PM,0.3055971,47433.39
4/28/2025 4:56:03 PM,0.3055971,47457.71
4/28/2025 4:56:03 PM,0.3055971,47488.137
4/28/2025 4:56:03 PM,0.3055971,47521.29
4/28/2025 4:56:03 PM,0.3055971,47545.645
4/28/2025 4:56:03 PM,0.3055971,47576.125
4/28/2025 4:56:03 PM,0.3055971,47603.047
4/28/2025 4:56:03 PM,0.3055971,47633.535
4/28/2025 4:56:03 PM,0.3100223,47651.844
4/28/2025 4:56:03 PM,0.3055971,47682.4
4/28/2025 4:56:03 PM,0.3055971,47703.055
4/28/2025 4:56:03 PM,0.3055971,47733.605
4/28/2025 4:56:03 PM,0.3055971,47751.953
4/28/2025 4:56:03 PM,0.3055971,47776.44
4/28/2025 4:56:03 PM,0.3055971,47803.06
4/28/2025 4:56:03 PM,0.3055971,47833.68
4/28/2025 4:56:03 PM,0.3055971,47858.195
4/28/2025 4:56:03 PM,0.3055971,47896.938
4/28/2025 4:56:03 PM,0.3055971,47919.61
4/28/2025 4:56:03 PM,0.3055971,47933.746
4/28/2025 4:56:04 PM,0.3055971,47958.316
4/28/2025 4:56:04 PM,0.3055971,47982.914
4/28/2025 4:56:04 PM,0.3055971,48015.367
4/28/2025 4:56:04 PM,0.3055971,48033.816
4/28/2025 4:56:04 PM,0.3055971,48058.438
4/28/2025 4:56:04 PM,0.3055971,48096.92
4/28/2025 4:56:04 PM,0.3055971,48115.4
4/28/2025 4:56:04 PM,0.3055971,48146.22
4/28/2025 4:56:04 PM,0.3055971,48170.91
4/28/2025 4:56:04 PM,0.3055971,48189.438
4/28/2025 4:56:04 PM,0.3055971,48220.36
4/28/2025 4:56:04 PM,0.3055971,48233.957
4/28/2025 4:56:04 PM,0.3055971,48264.867
4/28/2025 4:56:04 PM,0.3055971,48283.434
4/28/2025 4:56:04 PM,0.3055971,48321.65
4/28/2025 4:56:04 PM,0.3055971,48340.22
4/28/2025 4:56:04 PM,0.3055971,48389.81
4/28/2025 4:56:04 PM,0.3055971,48427.895
4/28/2025 4:56:04 PM,0.3055971,48446.508
4/28/2025 4:56:04 PM,0.3055971,48483.777
4/28/2025 4:56:04 PM,0.3055971,48509.312
4/28/2025 4:56:04 PM,0.3055971,48540.383
4/28/2025 4:56:04 PM,0.3055971,48559.047
4/28/2025 4:56:04 PM,0.3055971,48583.953
4/28/2025 4:56:04 PM,0.3055971,48615.56
4/28/2025 4:56:04 PM,0.3055971,48646.7
4/28/2025 4:56:04 PM,0.3055971,48671.645
4/28/2025 4:56:04 PM,0.3055971,48709.35
4/28/2025 4:56:04 PM,0.3011719,48746.797
4/28/2025 4:56:04 PM,0.3055971,48771.793
4/28/2025 4:56:04 PM,0.3055971,48796.816
4/28/2025 4:56:04 PM,0.3055971,48821.87
4/28/2025 4:56:04 PM,0.3055971,48853.152
4/28/2025 4:56:04 PM,0.3055971,48878.207
4/28/2025 4:56:04 PM,0.3055971,48903.13
4/28/2025 4:56:04 PM,0.3011719,48928.39
4/28/2025 4:56:05 PM,0.3055971,48959.535
4/28/2025 4:56:05 PM,0.3055971,48972.082
4/28/2025 4:56:05 PM,0.3055971,48997.21
4/28/2025 4:56:05 PM,0.3055971,49022.36
4/28/2025 4:56:05 PM,0.3055971,49053.367
4/28/2025 4:56:05 PM,0.3055971,49078.527
4/28/2025 4:56:05 PM,0.3055971,49103.707
4/28/2025 4:56:05 PM,0.3055971,49128.297
4/28/2025 4:56:05 PM,0.3011719,49159.777
4/28/2025 4:56:05 PM,0.3011719,49184.992
4/28/2025 4:56:05 PM,0.3055971,49209.45
4/28/2025 4:56:05 PM,0.3011719,49234.664
4/28/2025 4:56:05 PM,0.3011719,49259.902
4/28/2025 4:56:05 PM,0.3011719,49278.848
4/28/2025 4:56:05 PM,0.3055971,49310.457
4/28/2025 4:56:05 PM,0.3011719,49334.73
4/28/2025 4:56:05 PM,0.3055971,49366.35
4/28/2025 4:56:05 PM,0.3055971,49379.008
4/28/2025 4:56:05 PM,0.3055971,49404.344
4/28/2025 4:56:05 PM,0.3011719,49434.8
4/28/2025 4:56:05 PM,0.3011719,49466.484
4/28/2025 4:56:05 PM,0.3011719,49485.51
4/28/2025 4:56:05 PM,0.3011719,49515.844
4/28/2025 4:56:05 PM,0.3011719,49547.566
4/28/2025 4:56:05 PM,0.3055971,49585.688
4/28/2025 4:56:05 PM,0.3011719,49609.523
4/28/2025 4:56:05 PM,0.3011719,49634.94
4/28/2025 4:56:05 PM,0.3011719,49666.75
4/28/2025 4:56:05 PM,0.3055971,49692.23
4/28/2025 4:56:05 PM,0.3011719,49722.277
4/28/2025 4:56:05 PM,0.3011719,49760.51
4/28/2025 4:56:05 PM,0.3011719,49803.188
4/28/2025 4:56:05 PM,0.3011719,49815.94
4/28/2025 4:56:05 PM,0.3011719,49860.63
4/28/2025 4:56:05 PM,0.3055971,49886.207
4/28/2025 4:56:05 PM,0.3011719,49915.973
4/28/2025 4:56:06 PM,0.3011719,49941.555
4/28/2025 4:56:06 PM,0.3011719,49979.97
4/28/2025 4:56:06 PM,0.3011719,50012.027
4/28/2025 4:56:06 PM,0.3011719,50041.637
4/28/2025 4:56:06 PM,0.3011719,50099.4
4/28/2025 4:56:06 PM,0.3011719,50135.293
4/28/2025 4:56:06 PM,0.3011719,50148.145
4/28/2025 4:56:06 PM,0.3011719,50173.85
4/28/2025 4:56:06 PM,0.3011719,50199.598
4/28/2025 4:56:06 PM,0.3011719,50222.5
4/28/2025 4:56:06 PM,0.3011719,50248.24
4/28/2025 4:56:06 PM,0.3011719,50280.453
4/28/2025 4:56:06 PM,0.3011719,50293.348
4/28/2025 4:56:06 PM,0.3011719,50335.438
4/28/2025 4:56:06 PM,0.3011719,50374.15
4/28/2025 4:56:06 PM,0.3011719,50387.066
4/28/2025 4:56:06 PM,0.3011719,50416.133
4/28/2025 4:56:06 PM,0.3011719,50435.504
4/28/2025 4:56:06 PM,0.3055971,50467.832
4/28/2025 4:56:06 PM,0.3011719,50493.715
4/28/2025 4:56:06 PM,0.3011719,50509.695
4/28/2025 4:56:06 PM,0.3011719,50535.58
4/28/2025 4:56:06 PM,0.3011719,50567.96
4/28/2025 4:56:06 PM,0.3011719,50596.76
4/28/2025 4:56:06 PM,0.3011719,50619.867
4/28/2025 4:56:06 PM,0.3011719,50648.625
4/28/2025 4:56:06 PM,0.3011719,50668.098
4/28/2025 4:56:06 PM,0.3011719,50681.09
4/28/2025 4:56:06 PM,0.3011719,50716.23
4/28/2025 4:56:06 PM,0.3011719,50748.72
4/28/2025 4:56:06 PM,0.3011719,50781.25
4/28/2025 4:56:06 PM,0.3011719,50807.305
4/28/2025 4:56:06 PM,0.3011719,50835.79
4/28/2025 4:56:06 PM,0.3011719,50855.332
4/28/2025 4:56:06 PM,0.3011719,50881.41
4/28/2025 4:56:06 PM,0.3011719,50922.812
4/28/2025 4:56:07 PM,0.3011719,50955.44
4/28/2025 4:56:07 PM,0.3011719,50975.035
4/28/2025 4:56:07 PM,0.3011719,51003.27
4/28/2025 4:56:07 PM,0.3011719,51042.47
4/28/2025 4:56:07 PM,0.3011719,51114.496
4/28/2025 4:56:07 PM,0.3011719,51142.555
4/28/2025 4:56:07 PM,0.3011719,51175.33
4/28/2025 4:56:07 PM,0.3011719,51201.586
4/28/2025 4:56:07 PM,0.3011719,51222.95
4/28/2025 4:56:07 PM,0.3011719,51255.766
4/28/2025 4:56:07 PM,0.29673147,51275.48
4/28/2025 4:56:07 PM,0.3011719,51290.152
4/28/2025 4:56:07 PM,0.29673147,51322.996
4/28/2025 4:56:07 PM,0.3011719,51349.293
4/28/2025 4:56:07 PM,0.3011719,51369.04
4/28/2025 4:56:07 PM,0.3011719,51395.39
4/28/2025 4:56:07 PM,0.29673147,51423.035
4/28/2025 4:56:07 PM,0.3011719,51436.21
4/28/2025 4:56:07 PM,0.3011719,51469.176
4/28/2025 4:56:07 PM,0.3011719,51495.58
4/28/2025 4:56:07 PM,0.3011719,51528.617
4/28/2025 4:56:07 PM,0.3011719,51549.49
4/28/2025 4:56:07 PM,0.29673147,51589.145
4/28/2025 4:56:07 PM,0.3011719,51609.004
4/28/2025 4:56:07 PM,0.3011719,51642.97
4/28/2025 4:56:07 PM,0.3011719,51656.207
4/28/2025 4:56:07 PM,0.29673147,51689.32
4/28/2025 4:56:07 PM,0.3011719,51716.55
4/28/2025 4:56:07 PM,0.3011719,51743.047
4/28/2025 4:56:07 PM,0.3011719,51769.58
4/28/2025 4:56:07 PM,0.29673147,51796.133
4/28/2025 4:56:07 PM,0.3011719,51836.492
4/28/2025 4:56:07 PM,0.3011719,51869.71
4/28/2025 4:56:07 PM,0.29673147,51896.676
4/28/2025 4:56:07 PM,0.3011719,51916.293
4/28/2025 4:56:08 PM,0.3011719,51936.566
4/28/2025 4:56:08 PM,0.29673147,51969.848
4/28/2025 4:56:08 PM,0.29673147,51989.84
4/28/2025 4:56:08 PM,0.3011719,52023.19
4/28/2025 4:56:08 PM,0.29673147,52056.64
4/28/2025 4:56:08 PM,0.29673147,52083.332
4/28/2025 4:56:08 PM,0.29673147,52116.742
4/28/2025 4:56:08 PM,0.29673147,52143.383
4/28/2025 4:56:08 PM,0.29673147,52163.434
4/28/2025 4:56:08 PM,0.29673147,52190.188
4/28/2025 4:56:08 PM,0.3011719,52223.395
4/28/2025 4:56:08 PM,0.29673147,52250.16
4/28/2025 4:56:08 PM,0.3011719,52276.95
4/28/2025 4:56:08 PM,0.29673147,52303.77
4/28/2025 4:56:08 PM,0.29673147,52330.14
4/28/2025 4:56:08 PM,0.29673147,52350.258
4/28/2025 4:56:08 PM,0.3011719,52390.53
4/28/2025 4:56:08 PM,0.29673147,52416.773
4/28/2025 4:56:08 PM,0.3011719,52436.918
4/28/2025 4:56:08 PM,0.29673147,52457.074
4/28/2025 4:56:08 PM,0.29673147,52490.703
4/28/2025 4:56:08 PM,0.29673147,52517.64
4/28/2025 4:56:08 PM,0.29673147,52543.715
4/28/2025 4:56:08 PM,0.29673147,52563.918
4/28/2025 4:56:08 PM,0.29673147,52596.637
4/28/2025 4:56:08 PM,0.29673147,52616.836
4/28/2025 4:56:08 PM,0.29673147,52643.797
4/28/2025 4:56:08 PM,0.3011719,52677.54
4/28/2025 4:56:08 PM,0.29673147,52697.81
4/28/2025 4:56:08 PM,0.29673147,52723.625
4/28/2025 4:56:08 PM,0.29673147,52750.637
4/28/2025 4:56:08 PM,0.29673147,52777.688
4/28/2025 4:56:08 PM,0.29673147,52803.38
4/28/2025 4:56:08 PM,0.29673147,52823.66
4/28/2025 4:56:08 PM,0.29673147,52864.28
4/28/2025 4:56:08 PM,0.29673147,52891.395
4/28/2025 4:56:08 PM,0.3011719,52911.75
4/28/2025 4:56:09 PM,0.29673147,52937.266
4/28/2025 4:56:09 PM,0.29673147,52971.195
4/28/2025 4:56:09 PM,0.29673147,52998.367
4/28/2025 4:56:09 PM,0.29673147,53023.75
4/28/2025 4:56:09 PM,0.29673147,53044.133
4/28/2025 4:56:09 PM,0.29673147,53071.33
4/28/2025 4:56:09 PM,0.3011719,53105.36
4/28/2025 4:56:09 PM,0.29673147,53130.605
4/28/2025 4:56:09 PM,0.29673147,53151.027
4/28/2025 4:56:09 PM,0.29673147,53185.1
4/28/2025 4:56:09 PM,0.29673147,53212.383
4/28/2025 4:56:09 PM,0.29673147,53237.48
4/28/2025 4:56:09 PM,0.29673147,53264.77
4/28/2025 4:56:09 PM,0.29673147,53292.09
4/28/2025 4:56:09 PM,0.29673147,53310.24
4/28/2025 4:56:09 PM,0.29673147,53351.22
4/28/2025 4:56:09 PM,0.29673147,53378.574
4/28/2025 4:56:09 PM,0.29673147,53396.586
4/28/2025 4:56:09 PM,0.29673147,53430.773
4/28/2025 4:56:09 PM,0.29673147,53451.316
4/28/2025 4:56:09 PM,0.29673147,53485.582
4/28/2025 4:56:09 PM,0.29673147,53499.297
4/28/2025 4:56:09 PM,0.29673147,53523.98
4/28/2025 4:56:09 PM,0.30115664,53551.41
4/28/2025 4:56:09 PM,0.29673147,53572
4/28/2025 4:56:09 PM,0.30115664,53599.484
4/28/2025 4:56:09 PM,0.29673147,53624.023
4/28/2025 4:56:09 PM,0.29673147,53658.38
4/28/2025 4:56:09 PM,0.29673147,53685.895
4/28/2025 4:56:09 PM,0.29673147,53710.316
4/28/2025 4:56:09 PM,0.29673147,53737.832
4/28/2025 4:56:09 PM,0.29673147,53772.27
4/28/2025 4:56:09 PM,0.29673147,53792.953
4/28/2025 4:56:09 PM,0.29673147,53813.652
4/28/2025 4:56:09 PM,0.29673147,53851.695
4/28/2025 4:56:09 PM,0.29673147,53879.31
4/28/2025 4:56:09 PM,0.29673147,53903.453
4/28/2025 4:56:10 PM,0.29673147,53920.78
4/28/2025 4:56:10 PM,0.29673147,53937.973
4/28/2025 4:56:10 PM,0.29673147,53972.54
4/28/2025 4:56:10 PM,0.29673147,54010.37
4/28/2025 4:56:10 PM,0.29673147,54031.12
4/28/2025 4:56:10 PM,0.29673147,54072.67
4/28/2025 4:56:10 PM,0.29673147,54107.35
4/28/2025 4:56:10 PM,0.29673147,54124.25
4/28/2025 4:56:10 PM,0.29673147,54145.05
4/28/2025 4:56:10 PM,0.29673147,54172.805
4/28/2025 4:56:10 PM,0.29673147,54200.598
4/28/2025 4:56:10 PM,0.29673147,54231.234
4/28/2025 4:56:10 PM,0.29673147,54259.035
4/28/2025 4:56:10 PM,0.29673147,54286.86
4/28/2025 4:56:10 PM,0.29673147,54345.215
4/28/2025 4:56:10 PM,0.29673147,54380.05
4/28/2025 4:56:10 PM,0.29673147,54393.996
4/28/2025 4:56:10 PM,0.29673147,54431.355
4/28/2025 4:56:10 PM,0.29673147,54452.273
4/28/2025 4:56:10 PM,0.29673147,54480.19
4/28/2025 4:56:10 PM,0.29673147,54501.152
4/28/2025 4:56:10 PM,0.29673147,54524.426
4/28/2025 4:56:10 PM,0.29673147,54552.37
4/28/2025 4:56:10 PM,0.29673147,54573.348
4/28/2025 4:56:10 PM,0.29673147,54596.508
4/28/2025 4:56:10 PM,0.29673147,54624.473
4/28/2025 4:56:10 PM,0.29673147,54652.465
4/28/2025 4:56:10 PM,0.29229105,54680.49
4/28/2025 4:56:10 PM,0.29673147,54708.54
4/28/2025 4:56:10 PM,0.29673147,54731.527
4/28/2025 4:56:10 PM,0.29673147,54752.562
4/28/2025 4:56:10 PM,0.29673147,54780.64
4/28/2025 4:56:10 PM,0.29673147,54810.523
4/28/2025 4:56:10 PM,0.29229105,54838.61
4/28/2025 4:56:10 PM,0.29673147,54859.69
4/28/2025 4:56:10 PM,0.29229105,54894.86
4/28/2025 4:56:11 PM,0.29673147,54924.605
4/28/2025 4:56:11 PM,0.29673147,54945.72
4/28/2025 4:56:11 PM,0.29673147,54973.883
4/28/2025 4:56:11 PM,0.29673147,55009.137
4/28/2025 4:56:11 PM,0.29229105,55024.652
4/28/2025 4:56:11 PM,0.29673147,55059.906
4/28/2025 4:56:11 PM,0.29673147,55088.145
4/28/2025 4:56:11 PM,0.29229105,55674.83
4/28/2025 4:56:11 PM,0.29229105,55696.242
4/28/2025 4:56:11 PM,0.29229105,55710.53
4/28/2025 4:56:11 PM,0.29673147,55732.1
4/28/2025 4:56:11 PM,0.29229105,55760.664
4/28/2025 4:56:11 PM,0.29229105,55789.26
4/28/2025 4:56:11 PM,0.29229105,55817.863
4/28/2025 4:56:11 PM,0.29229105,55846.46
4/28/2025 4:56:11 PM,0.29673147,55875.098
4/28/2025 4:56:12 PM,0.29229105,55903.758
4/28/2025 4:56:12 PM,0.29229105,55939.383
4/28/2025 4:56:12 PM,0.29229105,55968.06
4/28/2025 4:56:12 PM,0.29229105,55996.414
4/28/2025 4:56:12 PM,0.29229105,56025.098
4/28/2025 4:56:12 PM,0.29229105,56053.816
4/28/2025 4:56:12 PM,0.29229105,56075.363
4/28/2025 4:56:12 PM,0.29229105,56111.324
4/28/2025 4:56:12 PM,0.29229105,56139.523
4/28/2025 4:56:12 PM,0.29229105,56168.297
4/28/2025 4:56:12 PM,0.29229105,56189.21
4/28/2025 4:56:12 PM,0.29229105,56217.99
4/28/2025 4:56:12 PM,0.29229105,56239.594
4/28/2025 4:56:12 PM,0.29229105,56268.42
4/28/2025 4:56:12 PM,0.29229105,56290.062
4/28/2025 4:56:12 PM,0.29229105,56310.812
4/28/2025 4:56:12 PM,0.29229105,56339.668
4/28/2025 4:56:12 PM,0.29229105,56354.098
4/28/2025 4:56:12 PM,0.29229105,56375.77
4/28/2025 4:56:12 PM,0.29229105,56396.387
4/28/2025 4:56:12 PM,0.29229105,56426.4
4/28/2025 4:56:12 PM,0.29229105,56454.195
4/28/2025 4:56:12 PM,0.29229105,56475.902
4/28/2025 4:56:12 PM,0.29229105,56503.613
4/28/2025 4:56:12 PM,0.29229105,56539.8
4/28/2025 4:56:12 PM,0.29229105,56554.293
4/28/2025 4:56:12 PM,0.29229105,56583.293
4/28/2025 4:56:12 PM,0.29229105,56610.87
4/28/2025 4:56:12 PM,0.29229105,56632.617
4/28/2025 4:56:12 PM,0.29229105,56661.652
4/28/2025 4:56:12 PM,0.29229105,56690.703
4/28/2025 4:56:12 PM,0.29229105,56718.15
4/28/2025 4:56:12 PM,0.29229105,56739.945
4/28/2025 4:56:12 PM,0.29229105,56769.027
4/28/2025 4:56:12 PM,0.29229105,56789.098
4/28/2025 4:56:12 PM,0.29229105,56820.004
4/28/2025 4:56:12 PM,0.29229105,56861.867
4/28/2025 4:56:13 PM,0.29229105,56910.93
4/28/2025 4:56:13 PM,0.29229105,56920.223
4/28/2025 4:56:13 PM,0.29229105,56954.676
4/28/2025 4:56:13 PM,0.29229105,56976.574
4/28/2025 4:56:13 PM,0.29229105,57032.85
4/28/2025 4:56:13 PM,0.28786585,57084.027
4/28/2025 4:56:13 PM,0.29229105,57105.99
4/28/2025 4:56:13 PM,0.29229105,57120.637
4/28/2025 4:56:13 PM,0.29229105,57147.547
4/28/2025 4:56:13 PM,0.29229105,57184.176
4/28/2025 4:56:13 PM,0.29229105,57213.516
4/28/2025 4:56:13 PM,0.29229105,57240.3
4/28/2025 4:56:13 PM,0.28786585,57269.645
4/28/2025 4:56:13 PM,0.29229105,57299.016
4/28/2025 4:56:13 PM,0.29229105,57325.684
4/28/2025 4:56:13 PM,0.29229105,57347.71
4/28/2025 4:56:13 PM,0.29229105,57384.465
4/28/2025 4:56:13 PM,0.29229105,57403.676
4/28/2025 4:56:13 PM,0.29229105,57433.08
4/28/2025 4:56:13 PM,0.29229105,57462.52
4/28/2025 4:56:13 PM,0.29229105,57496.316
4/28/2025 4:56:13 PM,0.29229105,57528.867
4/28/2025 4:56:13 PM,0.28786585,57547.88
4/28/2025 4:56:13 PM,0.29229105,57584.766
4/28/2025 4:56:13 PM,0.28786585,57618.434
4/28/2025 4:56:13 PM,0.29229105,57640.574
4/28/2025 4:56:13 PM,0.29229105,57677.52
4/28/2025 4:56:13 PM,0.29229105,57703.69
4/28/2025 4:56:13 PM,0.29229105,57733.258
4/28/2025 4:56:13 PM,0.29229105,57755.44
4/28/2025 4:56:13 PM,0.29229105,57785.062
4/28/2025 4:56:13 PM,0.29229105,57811.1
4/28/2025 4:56:13 PM,0.28786585,57840.715
4/28/2025 4:56:13 PM,0.29229105,57862.953
4/28/2025 4:56:14 PM,0.28786585,57900.05
4/28/2025 4:56:14 PM,0.29229105,57925.953
4/28/2025 4:56:14 PM,0.28786585,57963.066
4/28/2025 4:56:14 PM,0.28786585,57970.492
4/28/2025 4:56:14 PM,0.28786585,58007.66
4/28/2025 4:56:14 PM,0.29229105,58025.996
4/28/2025 4:56:14 PM,0.28786585,58063.17
4/28/2025 4:56:14 PM,0.29229105,58100.402
4/28/2025 4:56:14 PM,0.28786585,58118.594
4/28/2025 4:56:14 PM,0.28786585,58155.83
4/28/2025 4:56:14 PM,0.28786585,58178.19
4/28/2025 4:56:14 PM,0.28786585,58193.113
4/28/2025 4:56:14 PM,0.2923063,58226.086
4/28/2025 4:56:14 PM,0.29229105,58263.39
4/28/2025 4:56:14 PM,0.29229105,58285.793
4/28/2025 4:56:14 PM,0.28786585,58300.746
4/28/2025 4:56:14 PM,0.28786585,58333.6
4/28/2025 4:56:14 PM,0.28786585,58363.5
4/28/2025 4:56:14 PM,0.28786585,58388.793
4/28/2025 4:56:14 PM,0.28786585,58411.21
4/28/2025 4:56:14 PM,0.28786585,58441.14
4/28/2025 4:56:14 PM,0.28786585,58463.61
4/28/2025 4:56:14 PM,0.28786585,58486.094
4/28/2025 4:56:14 PM,0.28786585,58518.727
4/28/2025 4:56:14 PM,0.28786585,58533.72
4/28/2025 4:56:14 PM,0.28786585,58563.715
4/28/2025 4:56:14 PM,0.28786585,58593.746
4/28/2025 4:56:14 PM,0.28786585,58626.26
4/28/2025 4:56:14 PM,0.28786585,58648.797
4/28/2025 4:56:14 PM,0.28786585,58663.824
4/28/2025 4:56:14 PM,0.28786585,58686.387
4/28/2025 4:56:14 PM,0.28786585,58718.785
4/28/2025 4:56:14 PM,0.28786585,58756.41
4/28/2025 4:56:14 PM,0.28786585,58786.535
4/28/2025 4:56:14 PM,0.28786585,58826.355
4/28/2025 4:56:14 PM,0.28786585,58848.96
4/28/2025 4:56:14 PM,0.28786585,58879.14
4/28/2025 4:56:15 PM,0.28786585,58909.336
4/28/2025 4:56:15 PM,0.28786585,58941.496
4/28/2025 4:56:15 PM,0.28786585,58964.152
4/28/2025 4:56:15 PM,0.28786585,58996.227
4/28/2025 4:56:15 PM,0.28786585,59017.098
4/28/2025 4:56:15 PM,0.28786585,59049.133
4/28/2025 4:56:15 PM,0.28786585,59071.836
4/28/2025 4:56:15 PM,0.28786585,59086.977
4/28/2025 4:56:15 PM,0.28786585,59102.13
4/28/2025 4:56:15 PM,0.28786585,59126.484
4/28/2025 4:56:15 PM,0.28786585,59156.79
4/28/2025 4:56:15 PM,0.28786585,59187.125
4/28/2025 4:56:15 PM,0.28786585,59218.95
4/28/2025 4:56:15 PM,0.28786585,59241.707
4/28/2025 4:56:15 PM,0.28786585,59264.48
4/28/2025 4:56:15 PM,0.28786585,59279.67
4/28/2025 4:56:15 PM,0.28786585,59310.082
4/28/2025 4:56:15 PM,0.28786585,59341.777
4/28/2025 4:56:15 PM,0.28786585,59356.98
4/28/2025 4:56:15 PM,0.28786585,59372.2
4/28/2025 4:56:15 PM,0.28786585,59419.01
4/28/2025 4:56:15 PM,0.28786585,59441.844
4/28/2025 4:56:15 PM,0.28786585,59479.945
4/28/2025 4:56:15 PM,0.28786585,59502.816
4/28/2025 4:56:15 PM,0.28786585,59534.297
4/28/2025 4:56:15 PM,0.28786585,59549.547
4/28/2025 4:56:15 PM,0.28786585,59572.44
4/28/2025 4:56:15 PM,0.28786585,59611.445
4/28/2025 4:56:15 PM,0.28786585,59626.715
4/28/2025 4:56:15 PM,0.28786585,59649.633
4/28/2025 4:56:15 PM,0.28786585,59687.86
4/28/2025 4:56:15 PM,0.28786585,59711.465
4/28/2025 4:56:15 PM,0.28786585,59772.688
4/28/2025 4:56:15 PM,0.28786585,59857.465
4/28/2025 4:56:16 PM,0.28786585,59888.152
4/28/2025 4:56:16 PM,0.28786585,59911.504
4/28/2025 4:56:16 PM,0.28786585,59942.2
4/28/2025 4:56:16 PM,0.28786585,59972.926
4/28/2025 4:56:16 PM,0.28786585,60003.688
4/28/2025 4:56:16 PM,0.28786585,60019.207
4/28/2025 4:56:16 PM,0.28786585,60042.273
4/28/2025 4:56:16 PM,0.28786585,60057.652
4/28/2025 4:56:16 PM,0.28786585,60096.152
4/28/2025 4:56:16 PM,0.28786585,60119.277
4/28/2025 4:56:16 PM,0.28786585,60150.05
4/28/2025 4:56:16 PM,0.28786585,60188.44
4/28/2025 4:56:16 PM,0.28786585,60219.27
4/28/2025 4:56:16 PM,0.28786585,60226.984
4/28/2025 4:56:16 PM,0.28786585,60257.85
4/28/2025 4:56:16 PM,0.28786585,60281.016
4/28/2025 4:56:16 PM,0.28786585,60311.582
4/28/2025 4:56:16 PM,0.28786585,60334.75
4/28/2025 4:56:16 PM,0.28786585,60365.68
4/28/2025 4:56:16 PM,0.28786585,60404.375
4/28/2025 4:56:16 PM,0.28786585,60427.07
4/28/2025 4:56:16 PM,0.28786585,60458.043
4/28/2025 4:56:16 PM,0.28786585,60481.29
4/28/2025 4:56:16 PM,0.28786585,60503.875
4/28/2025 4:56:16 PM,0.28786585,60534.867
4/28/2025 4:56:16 PM,0.28786585,60558.133
4/28/2025 4:56:16 PM,0.28786585,60581.42
4/28/2025 4:56:16 PM,0.28344065,60603.875
4/28/2025 4:56:16 PM,0.28786585,60627.16
4/28/2025 4:56:16 PM,0.28344065,60658.234
4/28/2025 4:56:16 PM,0.28786585,60689.336
4/28/2025 4:56:16 PM,0.28344065,60712.688
4/28/2025 4:56:16 PM,0.28344065,60742.766
4/28/2025 4:56:16 PM,0.28786585,60773.902
4/28/2025 4:56:16 PM,0.28786585,60803.89
4/28/2025 4:56:16 PM,0.28786585,60827.254
4/28/2025 4:56:16 PM,0.28786585,60850.63
4/28/2025 4:56:17 PM,0.28786585,60881.824
4/28/2025 4:56:17 PM,0.28344065,60913.06
4/28/2025 4:56:17 PM,0.28786585,60935.094
4/28/2025 4:56:17 PM,0.28786585,60966.33
4/28/2025 4:56:17 PM,0.28344065,60996.098
4/28/2025 4:56:17 PM,0.28344065,61019.527
4/28/2025 4:56:17 PM,0.28344065,61042.973
4/28/2025 4:56:17 PM,0.28786585,61058.62
4/28/2025 4:56:17 PM,0.28344065,61089.926
4/28/2025 4:56:17 PM,0.28344065,61119.56
4/28/2025 4:56:17 PM,0.28786585,61150.88
4/28/2025 4:56:17 PM,0.28344065,61182.23
4/28/2025 4:56:17 PM,0.28344065,61205.766
4/28/2025 4:56:17 PM,0.28344065,61235.27
4/28/2025 4:56:17 PM,0.28786585,61258.812
4/28/2025 4:56:17 PM,0.28344065,61274.508
4/28/2025 4:56:17 PM,0.28344065,61288.234
4/28/2025 4:56:17 PM,0.28344065,61305.934
4/28/2025 4:56:17 PM,0.28344065,61343.188
4/28/2025 4:56:17 PM,0.28344065,61374.63
4/28/2025 4:56:17 PM,0.28344065,61398.234
4/28/2025 4:56:17 PM,0.28344065,61419.66
4/28/2025 4:56:17 PM,0.28344065,61459.004
4/28/2025 4:56:17 PM,0.28786585,61482.633
4/28/2025 4:56:17 PM,0.28344065,61506.28
4/28/2025 4:56:17 PM,0.28344065,61543.324
4/28/2025 4:56:17 PM,0.28786585,61559.094
4/28/2025 4:56:17 PM,0.28344065,61590.66
4/28/2025 4:56:17 PM,0.28344065,61614.363
4/28/2025 4:56:17 PM,0.28344065,61643.4
4/28/2025 4:56:17 PM,0.28344065,61659.19
4/28/2025 4:56:17 PM,0.28344065,61674.996
4/28/2025 4:56:17 PM,0.28786585,61711.848
4/28/2025 4:56:17 PM,0.28344065,61743.47
4/28/2025 4:56:17 PM,0.28344065,61775.12
4/28/2025 4:56:17 PM,0.28344065,61803.953
4/28/2025 4:56:17 PM,0.28344065,61843.535
4/28/2025 4:56:17 PM,0.28344065,61859.387
4/28/2025 4:56:18 PM,0.28344065,61891.1
4/28/2025 4:56:18 PM,0.28344065,61927.746
4/28/2025 4:56:18 PM,0.28344065,61959.48
4/28/2025 4:56:18 PM,0.28344065,61983.3
4/28/2025 4:56:18 PM,0.28344065,62019.844
4/28/2025 4:56:18 PM,0.28344065,62043.68
4/28/2025 4:56:18 PM,0.28344065,62075.484
4/28/2025 4:56:18 PM,0.28344065,62099.36
4/28/2025 4:56:18 PM,0.28344065,62127.836
4/28/2025 4:56:18 PM,0.28344065,62151.71
4/28/2025 4:56:18 PM,0.28344065,62175.6
4/28/2025 4:56:18 PM,0.28344065,62199.52
4/28/2025 4:56:18 PM,0.28344065,62235.848
4/28/2025 4:56:18 PM,0.28344065,62259.77
4/28/2025 4:56:18 PM,0.28344065,62283.707
4/28/2025 4:56:18 PM,0.28344065,62315.664
4/28/2025 4:56:18 PM,0.28344065,62351.88
4/28/2025 4:56:18 PM,0.28344065,62367.855
4/28/2025 4:56:18 PM,0.28344065,62391.836
4/28/2025 4:56:18 PM,0.28344065,62415.85
4/28/2025 4:56:18 PM,0.28344065,62451.96
4/28/2025 4:56:18 PM,0.28344065,62475.973
4/28/2025 4:56:18 PM,0.28344065,62508.016
4/28/2025 4:56:18 PM,0.28344065,62544.027
4/28/2025 4:56:18 PM,0.28344065,62560.055
4/28/2025 4:56:18 PM,0.28344065,62568.074
4/28/2025 4:56:18 PM,0.28344065,62608.19
4/28/2025 4:56:18 PM,0.28786585,62628.06
4/28/2025 4:56:18 PM,0.28344065,62660.152
4/28/2025 4:56:18 PM,0.28344065,62687.96
4/28/2025 4:56:18 PM,0.28344065,62720.066
4/28/2025 4:56:18 PM,0.28344065,62744.176
4/28/2025 4:56:18 PM,0.28344065,62768.297
4/28/2025 4:56:18 PM,0.28344065,62792.43
4/28/2025 4:56:18 PM,0.28344065,62828.145
4/28/2025 4:56:18 PM,0.28344065,62852.293
4/28/2025 4:56:19 PM,0.28344065,62876.453
4/28/2025 4:56:19 PM,0.28344065,62904.023
4/28/2025 4:56:19 PM,0.28344065,62928.195
4/28/2025 4:56:19 PM,0.28344065,62944.312
4/28/2025 4:56:19 PM,0.28344065,62984.652
4/28/2025 4:56:19 PM,0.28344065,63004.035
4/28/2025 4:56:19 PM,0.28344065,63028.23
4/28/2025 4:56:19 PM,0.28344065,63052.465
4/28/2025 4:56:19 PM,0.28344065,63084.785
4/28/2025 4:56:19 PM,0.27901548,63117.145
4/28/2025 4:56:19 PM,0.28344065,63136.367
4/28/2025 4:56:19 PM,0.28344065,63160.63
4/28/2025 4:56:19 PM,0.28344065,63193.02
4/28/2025 4:56:19 PM,0.27901548,63209.227
4/28/2025 4:56:19 PM,0.28344065,63236.43
4/28/2025 4:56:19 PM,0.27901548,63276.94
4/28/2025 4:56:19 PM,0.28344065,63301.28
4/28/2025 4:56:19 PM,0.28344065,63317.52
4/28/2025 4:56:19 PM,0.28344065,63336.484
4/28/2025 4:56:19 PM,0.28344065,63377.066
4/28/2025 4:56:19 PM,0.27901548,63404.062
4/28/2025 4:56:19 PM,0.27901548,63436.543
4/28/2025 4:56:19 PM,0.28344065,63452.793
4/28/2025 4:56:19 PM,0.27901548,63485.324
4/28/2025 4:56:19 PM,0.28344065,63526.04
4/28/2025 4:56:19 PM,0.28344065,63544.734
4/28/2025 4:56:19 PM,0.28344065,63569.16
4/28/2025 4:56:19 PM,0.28344065,63601.76
4/28/2025 4:56:19 PM,0.28344065,63628.504
4/28/2025 4:56:19 PM,0.27901548,63661.117
4/28/2025 4:56:19 PM,0.28344065,63677.434
4/28/2025 4:56:19 PM,0.27901548,63701.92
4/28/2025 4:56:19 PM,0.27901548,63720.39
4/28/2025 4:56:19 PM,0.28344065,63777.555
4/28/2025 4:56:19 PM,0.28344065,63802.082
4/28/2025 4:56:19 PM,0.28344065,63828.594
4/28/2025 4:56:19 PM,0.27901548,63853.125
4/28/2025 4:56:20 PM,0.28344065,63877.676
4/28/2025 4:56:20 PM,0.27901548,63902.246
4/28/2025 4:56:20 PM,0.27901548,63936.83
4/28/2025 4:56:20 PM,0.27901548,63961.402
4/28/2025 4:56:20 PM,0.28344065,64004.094
4/28/2025 4:56:20 PM,0.28344065,64018.824
4/28/2025 4:56:20 PM,0.28344065,64045.082
4/28/2025 4:56:20 PM,0.27901548,64077.92
4/28/2025 4:56:20 PM,0.27901548,64120.51
4/28/2025 4:56:20 PM,0.27901548,64178.04
4/28/2025 4:56:20 PM,0.27901548,64212.332
4/28/2025 4:56:20 PM,0.27901548,64253.46
4/28/2025 4:56:20 PM,0.27901548,64286.4
4/28/2025 4:56:20 PM,0.27901548,64311.125
4/28/2025 4:56:22 PM,0.27901548,66205.93
4/28/2025 4:56:22 PM,0.27901548,66238.16
4/28/2025 4:56:22 PM,0.27901548,66255.125
4/28/2025 4:56:22 PM,0.27901548,66280.6
4/28/2025 4:56:22 PM,0.27901548,66314.59
4/28/2025 4:56:22 PM,0.27459028,66329.72
4/28/2025 4:56:22 PM,0.27459028,66363.71
4/28/2025 4:56:22 PM,0.27901548,66380.72
4/28/2025 4:56:22 PM,0.27459028,66429.76
4/28/2025 4:56:22 PM,0.27901548,66463.805
4/28/2025 4:56:22 PM,0.27901548,66480.84
4/28/2025 4:56:22 PM,0.27901548,66512.77
4/28/2025 4:56:22 PM,0.27459028,66538.33
4/28/2025 4:56:22 PM,0.27459028,66572.43
4/28/2025 4:56:22 PM,0.27459028,66598.03
4/28/2025 4:56:22 PM,0.27459028,66621.32
4/28/2025 4:56:22 PM,0.27459028,66646.92
4/28/2025 4:56:22 PM,0.27459028,66689.63
4/28/2025 4:56:22 PM,0.27459028,66715.28
4/28/2025 4:56:22 PM,0.27459028,66738.44
4/28/2025 4:56:22 PM,0.27459028,66764.09
4/28/2025 4:56:22 PM,0.27901548,66795.73
4/28/2025 4:56:22 PM,0.27459028,66829.94
4/28/2025 4:56:23 PM,0.27459028,66855.625
4/28/2025 4:56:23 PM,0.27901548,66889.9
4/28/2025 4:56:23 PM,0.27459028,66907.055
4/28/2025 4:56:23 PM,0.27459028,66929.984
4/28/2025 4:56:23 PM,0.27459028,66964.28
4/28/2025 4:56:23 PM,0.27459028,66990.04
4/28/2025 4:56:23 PM,0.27459028,67007.21
4/28/2025 4:56:23 PM,0.27459028,67038.62
4/28/2025 4:56:23 PM,0.27459028,67072.98
4/28/2025 4:56:23 PM,0.27459028,67087.125
4/28/2025 4:56:23 PM,0.27459028,67138.67
4/28/2025 4:56:23 PM,0.27459028,67173.08
4/28/2025 4:56:23 PM,0.27459028,67195.695
4/28/2025 4:56:23 PM,0.27459028,67221.516
4/28/2025 4:56:23 PM,0.27459028,67238.734
4/28/2025 4:56:23 PM,0.27459028,67273.195
4/28/2025 4:56:23 PM,0.27459028,67299.06
4/28/2025 4:56:23 PM,0.27459028,67321.54
4/28/2025 4:56:23 PM,0.27459028,67347.414
4/28/2025 4:56:23 PM,0.27459028,67381.94
4/28/2025 4:56:23 PM,0.27459028,67421.58
4/28/2025 4:56:23 PM,0.27459028,67447.484
4/28/2025 4:56:23 PM,0.27459028,67473.414
4/28/2025 4:56:23 PM,0.27459028,67504.32
4/28/2025 4:56:23 PM,0.27459028,67538.9
4/28/2025 4:56:23 PM,0.27459028,67556.2
4/28/2025 4:56:23 PM,0.27459028,67582.18
4/28/2025 4:56:23 PM,0.27459028,67604.33
4/28/2025 4:56:23 PM,0.27459028,67634.19
4/28/2025 4:56:23 PM,0.27459028,67656.29
4/28/2025 4:56:23 PM,0.27459028,67682.3
4/28/2025 4:56:23 PM,0.27459028,67717.016
4/28/2025 4:56:23 PM,0.27459028,67747.7
4/28/2025 4:56:23 PM,0.27459028,67765.055
4/28/2025 4:56:23 PM,0.27459028,67821.7
4/28/2025 4:56:24 PM,0.27459028,67856.46
4/28/2025 4:56:24 PM,0.27459028,67873.85
4/28/2025 4:56:24 PM,0.27459028,67899.95
4/28/2025 4:56:24 PM,0.27459028,67917.36
4/28/2025 4:56:24 PM,0.27459028,67939.13
4/28/2025 4:56:24 PM,0.27459028,67956.54
4/28/2025 4:56:24 PM,0.27459028,67982.664
4/28/2025 4:56:24 PM,0.27459028,68021.766
4/28/2025 4:56:24 PM,0.27459028,68047.91
4/28/2025 4:56:24 PM,0.27459028,68082.79
4/28/2025 4:56:24 PM,0.27459028,68100.24
4/28/2025 4:56:24 PM,0.27459028,68121.8
4/28/2025 4:56:24 PM,0.27459028,68174.17
4/28/2025 4:56:24 PM,0.27459028,68186.914
4/28/2025 4:56:24 PM,0.27459028,68217.88
4/28/2025 4:56:24 PM,0.27459028,68230.56
4/28/2025 4:56:24 PM,0.27459028,68256.79
4/28/2025 4:56:24 PM,0.27459028,68283.03
4/28/2025 4:56:24 PM,0.27459028,68313.12
4/28/2025 4:56:24 PM,0.27459028,68321.87
4/28/2025 4:56:24 PM,0.27459028,68365.63
4/28/2025 4:56:24 PM,0.27459028,68400.69
4/28/2025 4:56:24 PM,0.27901548,68421.89
4/28/2025 4:56:24 PM,0.27459028,68448.19
4/28/2025 4:56:24 PM,0.27459028,68474.5
4/28/2025 4:56:24 PM,0.27459028,68500.836
4/28/2025 4:56:24 PM,0.27459028,68530.7
4/28/2025 4:56:24 PM,0.27459028,68574.61
4/28/2025 4:56:24 PM,0.27459028,68592.19
4/28/2025 4:56:24 PM,0.2701651,68604.39
4/28/2025 4:56:24 PM,0.27459028,68648.33
4/28/2025 4:56:24 PM,0.2701651,68665.92
4/28/2025 4:56:24 PM,0.27459028,68709.94
4/28/2025 4:56:24 PM,0.27459028,68730.79
4/28/2025 4:56:24 PM,0.27459028,68766.016
4/28/2025 4:56:24 PM,0.27459028,68792.45
4/28/2025 4:56:24 PM,0.2701651,68818.92
4/28/2025 4:56:25 PM,0.2701651,68848.48
4/28/2025 4:56:25 PM,0.27459028,68874.94
4/28/2025 4:56:25 PM,0.27459028,68901.42
4/28/2025 4:56:25 PM,0.27459028,68930.88
4/28/2025 4:56:25 PM,0.2701651,68957.37
4/28/2025 4:56:25 PM,0.2701651,68983.88
4/28/2025 4:56:25 PM,0.27459028,69004.414
4/28/2025 4:56:25 PM,0.27459028,69039.766
4/28/2025 4:56:25 PM,0.27459028,69066.305
4/28/2025 4:56:25 PM,0.27459028,69101.72
4/28/2025 4:56:25 PM,0.2701651,69122.125
4/28/2025 4:56:25 PM,0.27459028,69139.83
4/28/2025 4:56:25 PM,0.27459028,69166.4
4/28/2025 4:56:25 PM,0.27459028,69192.99
4/28/2025 4:56:25 PM,0.27459028,69213.29
4/28/2025 4:56:25 PM,0.2701651,69239.88
4/28/2025 4:56:25 PM,0.27459028,69266.49
4/28/2025 4:56:25 PM,0.27459028,69304.44
4/28/2025 4:56:25 PM,0.27459028,69319.79
4/28/2025 4:56:25 PM,0.27459028,69348.82
4/28/2025 4:56:25 PM,0.27459028,69384.375
4/28/2025 4:56:25 PM,0.27459028,69431.11
4/28/2025 4:56:25 PM,0.2701651,69457.79
4/28/2025 4:56:25 PM,0.27459028,69466.69
4/28/2025 4:56:25 PM,0.2701651,69493.41
4/28/2025 4:56:25 PM,0.2701651,69522.24
4/28/2025 4:56:25 PM,0.27459028,69548.97
4/28/2025 4:56:25 PM,0.27459028,69566.78
4/28/2025 4:56:25 PM,0.27459028,69604.46
4/28/2025 4:56:25 PM,0.27459028,69622.28
4/28/2025 4:56:25 PM,0.27459028,69631.195
4/28/2025 4:56:25 PM,0.27459028,69657.95
4/28/2025 4:56:25 PM,0.27459028,69684.74
4/28/2025 4:56:25 PM,0.27459028,69702.6
4/28/2025 4:56:25 PM,0.27459028,69731.234
4/28/2025 4:56:25 PM,0.27459028,69749.1
4/28/2025 4:56:25 PM,0.27459028,69784.86
4/28/2025 4:56:25 PM,0.27459028,69802.75
4/28/2025 4:56:25 PM,0.27459028,69811.7
4/28/2025 4:56:26 PM,0.27459028,69831.29
4/28/2025 4:56:26 PM,0.27459028,69858.125
4/28/2025 4:56:26 PM,0.2701651,69876.03
4/28/2025 4:56:26 PM,0.27459028,69913.43
4/28/2025 4:56:26 PM,0.27459028,69976.13
4/28/2025 4:56:26 PM,0.27459028,69994.07
4/28/2025 4:56:26 PM,0.27459028,70031.375
4/28/2025 4:56:26 PM,0.27459028,70040.34
4/28/2025 4:56:26 PM,0.27459028,70067.266
4/28/2025 4:56:26 PM,0.2701651,70094.2
4/28/2025 4:56:26 PM,0.2701651,70113.46
4/28/2025 4:56:26 PM,0.2701651,70140.41
4/28/2025 4:56:26 PM,0.2701651,70176.35
4/28/2025 4:56:26 PM,0.27459028,70213.484
4/28/2025 4:56:26 PM,0.2701651,70240.46
4/28/2025 4:56:26 PM,0.27459028,70258.46
4/28/2025 4:56:26 PM,0.27459028,70285.47
4/28/2025 4:56:26 PM,0.27459028,70312.5
4/28/2025 4:56:26 PM,0.2701651,70331.51
4/28/2025 4:56:26 PM,0.2701651,70358.54
4/28/2025 4:56:26 PM,0.2701651,70376.57
4/28/2025 4:56:26 PM,0.2701651,70403.64
4/28/2025 4:56:26 PM,0.2701651,70431.555
4/28/2025 4:56:26 PM,0.2701651,70449.59
4/28/2025 4:56:26 PM,0.2701651,70476.68
4/28/2025 4:56:26 PM,0.27459028,70504.516
4/28/2025 4:56:26 PM,0.27459028,70521.86
4/28/2025 4:56:26 PM,0.2701651,70549.664
4/28/2025 4:56:26 PM,0.2701651,70585.836
4/28/2025 4:56:26 PM,0.27459028,70631.64
4/28/2025 4:56:26 PM,0.27459028,70667.84
4/28/2025 4:56:26 PM,0.2701651,70695.016
4/28/2025 4:56:26 PM,0.2701651,70722.2
4/28/2025 4:56:26 PM,0.2701651,70740.75
4/28/2025 4:56:26 PM,0.2701651,70767.94
4/28/2025 4:56:26 PM,0.2701651,70804.23
4/28/2025 4:56:27 PM,0.2701651,70831.734
4/28/2025 4:56:27 PM,0.2701651,70849.88
4/28/2025 4:56:27 PM,0.2701651,70886.2
4/28/2025 4:56:27 PM,0.2701651,70904.375
4/28/2025 4:56:27 PM,0.2701651,70931.77
4/28/2025 4:56:27 PM,0.2701651,70977.23
4/28/2025 4:56:27 PM,0.2701651,71013.62
4/28/2025 4:56:27 PM,0.2701651,71040.92
4/28/2025 4:56:27 PM,0.2701651,71059.12
4/28/2025 4:56:27 PM,0.2701651,71086.44
4/28/2025 4:56:27 PM,0.2701651,71122.76
4/28/2025 4:56:27 PM,0.2701651,71150.086
4/28/2025 4:56:27 PM,0.2701651,71177.445
4/28/2025 4:56:27 PM,0.2701651,71213.94
4/28/2025 4:56:27 PM,0.2701651,71241.04
4/28/2025 4:56:27 PM,0.2701651,71259.29
4/28/2025 4:56:27 PM,0.2745903,71286.69
4/28/2025 4:56:27 PM,0.2701651,71304.96
4/28/2025 4:56:27 PM,0.2701651,71331.95
4/28/2025 4:56:27 PM,0.2701651,71359.375
4/28/2025 4:56:27 PM,0.2701651,71395.95
4/28/2025 4:56:27 PM,0.2701651,71413.71
4/28/2025 4:56:27 PM,0.2701651,71441.16
4/28/2025 4:56:27 PM,0.2701651,71477.766
4/28/2025 4:56:27 PM,0.2701651,71496.09
4/28/2025 4:56:27 PM,0.2701651,71541.21
4/28/2025 4:56:27 PM,0.2701651,71568.71
4/28/2025 4:56:27 PM,0.2701651,71577.875
4/28/2025 4:56:27 PM,0.2701651,71613.75
4/28/2025 4:56:27 PM,0.2701651,71650.445
4/28/2025 4:56:27 PM,0.2701651,71668.805
4/28/2025 4:56:27 PM,0.2701651,71696.37
4/28/2025 4:56:27 PM,0.2701651,71732.14
4/28/2025 4:56:27 PM,0.2701651,71768.9
4/28/2025 4:56:27 PM,0.2701651,71795.41
4/28/2025 4:56:28 PM,0.2701651,71814.9
4/28/2025 4:56:28 PM,0.2701651,71850.586
4/28/2025 4:56:28 PM,0.2701651,71868.99
4/28/2025 4:56:28 PM,0.2701651,71896.63
4/28/2025 4:56:28 PM,0.2701651,71924.28
4/28/2025 4:56:28 PM,0.2701651,71950.65
4/28/2025 4:56:28 PM,0.2701651,71986.18
4/28/2025 4:56:28 PM,0.2701651,72013.83
4/28/2025 4:56:28 PM,0.2701651,72050.72
4/28/2025 4:56:28 PM,0.2701651,72069.19
4/28/2025 4:56:28 PM,0.2701651,72087.66
4/28/2025 4:56:28 PM,0.2701651,72123.086
4/28/2025 4:56:28 PM,0.2701651,72169.28
4/28/2025 4:56:28 PM,0.2701651,72197.04
4/28/2025 4:56:28 PM,0.2701651,72232.36
4/28/2025 4:56:28 PM,0.2701651,72250.87
4/28/2025 4:56:28 PM,0.2701651,72297.164
4/28/2025 4:56:28 PM,0.2701651,72313.88
4/28/2025 4:56:28 PM,0.2701651,72350.93
4/28/2025 4:56:28 PM,0.2701651,72388.02
4/28/2025 4:56:28 PM,0.2701651,72415.86
4/28/2025 4:56:28 PM,0.2701651,72432.45
4/28/2025 4:56:28 PM,0.2701651,72469.57
4/28/2025 4:56:28 PM,0.2701651,72504.64
4/28/2025 4:56:28 PM,0.2701651,72523.2
4/28/2025 4:56:28 PM,0.2701651,72560.37
4/28/2025 4:56:28 PM,0.2701651,72578.97
4/28/2025 4:56:28 PM,0.2701651,72604.65
4/28/2025 4:56:28 PM,0.2701651,72632.54
4/28/2025 4:56:28 PM,0.2701651,72651.15
4/28/2025 4:56:28 PM,0.2701651,72679.07
4/28/2025 4:56:28 PM,0.2701651,72704.65
4/28/2025 4:56:28 PM,0.2701651,72732.586
4/28/2025 4:56:28 PM,0.2701651,72769.86
4/28/2025 4:56:28 PM,0.2701651,72788.51
4/28/2025 4:56:29 PM,0.2701651,72823.305
4/28/2025 4:56:29 PM,0.2701651,72841.96
4/28/2025 4:56:29 PM,0.2701651,72860.62
4/28/2025 4:56:29 PM,0.2701651,72888.63
4/28/2025 4:56:29 PM,0.2701651,72923.336
4/28/2025 4:56:29 PM,0.2701651,72951.36
4/28/2025 4:56:29 PM,0.2701651,72988.75
4/28/2025 4:56:29 PM,0.2701651,73023.37
4/28/2025 4:56:29 PM,0.2701651,73042.07
4/28/2025 4:56:29 PM,0.2701651,73051.43
4/28/2025 4:56:29 PM,0.2701651,73079.51
4/28/2025 4:56:29 PM,0.2701651,73104.69
4/28/2025 4:56:29 PM,0.2701651,73132.766
4/28/2025 4:56:29 PM,0.2701651,73151.5
4/28/2025 4:56:29 PM,0.2701651,73189
4/28/2025 4:56:29 PM,0.2701651,73204.69
4/28/2025 4:56:29 PM,0.2701651,73251.56
4/28/2025 4:56:29 PM,0.2701651,73260.95
4/28/2025 4:56:29 PM,0.2701651,73289.125
4/28/2025 4:56:29 PM,0.2701651,73317.31
4/28/2025 4:56:29 PM,0.2701651,73342.24
4/28/2025 4:56:29 PM,0.2701651,73370.44
4/28/2025 4:56:29 PM,0.2701651,73389.24
4/28/2025 4:56:29 PM,0.2701651,73414.09
4/28/2025 4:56:29 PM,0.26573992,73451.71
4/28/2025 4:56:29 PM,0.2701651,73470.53
4/28/2025 4:56:29 PM,0.26573992,73523.52
4/28/2025 4:56:29 PM,0.2701651,73542.36
4/28/2025 4:56:29 PM,0.2701651,73580.055
4/28/2025 4:56:29 PM,0.2701651,73595.3
4/28/2025 4:56:29 PM,0.2701651,73623.56
4/28/2025 4:56:29 PM,0.2701651,73642.42
4/28/2025 4:56:29 PM,0.2701651,73670.72
4/28/2025 4:56:29 PM,0.2701651,73689.61
4/28/2025 4:56:29 PM,0.2701651,73723.586
4/28/2025 4:56:29 PM,0.2701651,73751.92
4/28/2025 4:56:29 PM,0.26573992,73770.82
4/28/2025 4:56:29 PM,0.2701651,73795.27
4/28/2025 4:56:30 PM,0.2701651,73823.625
4/28/2025 4:56:30 PM,0.2701651,73851.99
4/28/2025 4:56:30 PM,0.2701651,73880.38
4/28/2025 4:56:30 PM,0.26573992,73914.195
4/28/2025 4:56:30 PM,0.2701651,73933.12
4/28/2025 4:56:30 PM,0.2701651,73961.54
4/28/2025 4:56:30 PM,0.26573992,73989.98
4/28/2025 4:56:30 PM,0.2701651,74014.21
4/28/2025 4:56:30 PM,0.2701651,74033.17
4/28/2025 4:56:30 PM,0.2701651,74071.11
4/28/2025 4:56:30 PM,0.26573992,74090.09
4/28/2025 4:56:30 PM,0.2701651,74118.586
4/28/2025 4:56:30 PM,0.2701651,74142.71
4/28/2025 4:56:30 PM,0.26573992,74171.2
4/28/2025 4:56:30 PM,0.2701651,74190.22
4/28/2025 4:56:30 PM,0.26573992,74214.25
4/28/2025 4:56:30 PM,0.26573992,74233.26
4/28/2025 4:56:30 PM,0.26573992,74261.79
4/28/2025 4:56:30 PM,0.2701651,74290.336
4/28/2025 4:56:30 PM,0.26573992,74314.266
4/28/2025 4:56:30 PM,0.2701651,74342.82
4/28/2025 4:56:30 PM,0.2701651,74361.87
4/28/2025 4:56:30 PM,0.2701651,74390.46
4/28/2025 4:56:30 PM,0.2701651,74423.81
4/28/2025 4:56:30 PM,0.26573992,74442.88
4/28/2025 4:56:30 PM,0.26573992,74471.5
4/28/2025 4:56:30 PM,0.26573992,74490.586
4/28/2025 4:56:30 PM,0.2701651,74514.305
4/28/2025 4:56:30 PM,0.2701651,74542.94
4/28/2025 4:56:30 PM,0.2701651,74571.586
4/28/2025 4:56:30 PM,0.26573992,74590.7
4/28/2025 4:56:30 PM,0.26573992,74623.88
4/28/2025 4:56:30 PM,0.26573992,74652.56
4/28/2025 4:56:30 PM,0.26573992,74681.26
4/28/2025 4:56:30 PM,0.26573992,74700.4
4/28/2025 4:56:30 PM,0.2701651,74723.914
4/28/2025 4:56:30 PM,0.2612995,74743.055
4/28/2025 4:56:30 PM,0.2612995,74781.37
4/28/2025 4:56:31 PM,0.26573992,74804.79
4/28/2025 4:56:31 PM,0.26572466,74823.945
4/28/2025 4:56:31 PM,0.2701651,74852.695
4/28/2025 4:56:31 PM,0.2612995,74891.07
4/28/2025 4:56:31 PM,0.26573992,74904.8
4/28/2025 4:56:31 PM,0.26573992,74943.17
4/28/2025 4:56:31 PM,0.26573992,74971.97
4/28/2025 4:56:31 PM,0.26573992,75014.41
4/28/2025 4:56:31 PM,0.26573992,75033.62
4/28/2025 4:56:31 PM,0.26573992,75062.45
4/28/2025 4:56:31 PM,0.26573992,75110.56
4/28/2025 4:56:31 PM,0.26573992,75124.04
4/28/2025 4:56:31 PM,0.26573992,75162.54
4/28/2025 4:56:31 PM,0.26573992,75204.81
4/28/2025 4:56:31 PM,0.26573992,75224.08
4/28/2025 4:56:31 PM,0.26573992,75252.98
4/28/2025 4:56:31 PM,0.26573992,75281.91
4/28/2025 4:56:31 PM,0.26573992,75301.2
4/28/2025 4:56:31 PM,0.26573992,75333.75
4/28/2025 4:56:31 PM,0.2612995,75362.695
4/28/2025 4:56:31 PM,0.2612995,75382.016
4/28/2025 4:56:31 PM,0.26573992,75411.01
4/28/2025 4:56:31 PM,0.26573992,75443.45
4/28/2025 4:56:31 PM,0.2612995,75462.78
4/28/2025 4:56:31 PM,0.2612995,75482.125
4/28/2025 4:56:31 PM,0.26573992,75504.83
4/28/2025 4:56:31 PM,0.2612995,75533.836
4/28/2025 4:56:31 PM,0.26573992,75572.55
4/28/2025 4:56:31 PM,0.26573992,75595.164
4/28/2025 4:56:31 PM,0.26573992,75624.2
4/28/2025 4:56:31 PM,0.26573992,75653.266
4/28/2025 4:56:31 PM,0.2612995,75682.34
4/28/2025 4:56:31 PM,0.2612995,75701.74
4/28/2025 4:56:31 PM,0.2612995,75733.93
4/28/2025 4:56:31 PM,0.2612995,75763.03
4/28/2025 4:56:31 PM,0.26572466,75785.45
4/28/2025 4:56:32 PM,0.2612995,75814.555
4/28/2025 4:56:32 PM,0.2612995,75833.98
4/28/2025 4:56:32 PM,0.2612995,75863.12
4/28/2025 4:56:32 PM,0.2612995,75892.28
4/28/2025 4:56:32 PM,0.2612995,75914.58
4/28/2025 4:56:32 PM,0.2612995,75934.02
4/28/2025 4:56:32 PM,0.2612995,75972.94
4/28/2025 4:56:32 PM,0.2612995,76004.87
4/28/2025 4:56:32 PM,0.2612995,76024.33
4/28/2025 4:56:32 PM,0.2612995,76043.805
4/28/2025 4:56:32 PM,0.2612995,76073.03
4/28/2025 4:56:32 PM,0.2612995,76092.53
4/28/2025 4:56:32 PM,0.2612995,76114.61
4/28/2025 4:56:32 PM,0.2612995,76143.86
4/28/2025 4:56:32 PM,0.2612995,76163.37
4/28/2025 4:56:32 PM,0.2612995,76182.88
4/28/2025 4:56:32 PM,0.2612995,76202.414
4/28/2025 4:56:32 PM,0.2612995,76214.63
4/28/2025 4:56:32 PM,0.2612995,76234.16
4/28/2025 4:56:32 PM,0.2612995,76273.22
4/28/2025 4:56:32 PM,0.2612995,76312.336
4/28/2025 4:56:32 PM,0.26573992,76343.98
4/28/2025 4:56:32 PM,0.26573992,76363.53
4/28/2025 4:56:32 PM,0.2612995,76385.33
4/28/2025 4:56:32 PM,0.2612995,76422.27
4/28/2025 4:56:32 PM,0.2612995,76444.03
4/28/2025 4:56:32 PM,0.2612995,76473.414
4/28/2025 4:56:32 PM,0.2612995,76504.9
4/28/2025 4:56:32 PM,0.2612995,76534.29
4/28/2025 4:56:32 PM,0.26573992,76563.7
4/28/2025 4:56:32 PM,0.2612995,76593.14
4/28/2025 4:56:32 PM,0.2612995,76614.71
4/28/2025 4:56:32 PM,0.2612995,76653.97
4/28/2025 4:56:32 PM,0.2612995,76683.43
4/28/2025 4:56:32 PM,0.2612995,76703.086
4/28/2025 4:56:32 PM,0.2612995,76724.555
4/28/2025 4:56:32 PM,0.2612995,76744.2
4/28/2025 4:56:32 PM,0.2612995,76763.87
4/28/2025 4:56:33 PM,0.2612995,76793.38
4/28/2025 4:56:33 PM,0.2612995,76824.586
4/28/2025 4:56:33 PM,0.2612995,76854.11
4/28/2025 4:56:33 PM,0.2612995,76883.65
4/28/2025 4:56:33 PM,0.2612995,76913.22
4/28/2025 4:56:33 PM,0.2612995,76934.46
4/28/2025 4:56:33 PM,0.2612995,76964.04
4/28/2025 4:56:33 PM,0.2612995,76995.07
4/28/2025 4:56:33 PM,0.2612995,77034.516
4/28/2025 4:56:33 PM,0.2612995,77044.375
4/28/2025 4:56:33 PM,0.2612995,77073.99
4/28/2025 4:56:33 PM,0.2612995,77104.93
4/28/2025 4:56:33 PM,0.2612995,77134.555
4/28/2025 4:56:33 PM,0.2612995,77154.31
4/28/2025 4:56:33 PM,0.2612995,77185.18
4/28/2025 4:56:33 PM,0.2612995,77193.87
4/28/2025 4:56:33 PM,0.2612995,77214.83
4/28/2025 4:56:33 PM,0.2612995,77244.49
4/28/2025 4:56:33 PM,0.2612995,77264.28
4/28/2025 4:56:33 PM,0.2612995,77285.16
4/28/2025 4:56:33 PM,0.2612995,77303.9
4/28/2025 4:56:33 PM,0.2612995,77344.55
4/28/2025 4:56:33 PM,0.2612995,77374.28
4/28/2025 4:56:33 PM,0.2612995,77404.95
4/28/2025 4:56:33 PM,0.2612995,77424.77
4/28/2025 4:56:33 PM,0.2612995,77464.45
4/28/2025 4:56:33 PM,0.2612995,77504.164
4/28/2025 4:56:33 PM,0.2612995,77524.81
4/28/2025 4:56:33 PM,0.2612995,77544.67
4/28/2025 4:56:33 PM,0.2612995,77585.1
4/28/2025 4:56:33 PM,0.2612995,77594.35
4/28/2025 4:56:33 PM,0.2612995,77634.78
4/28/2025 4:56:33 PM,0.2612995,77664.62
4/28/2025 4:56:33 PM,0.2612995,77684.52
4/28/2025 4:56:33 PM,0.2612995,77724.36
4/28/2025 4:56:33 PM,0.2612995,77744.78
4/28/2025 4:56:33 PM,0.2612995,77764.7
4/28/2025 4:56:33 PM,0.2612995,77784.63
4/28/2025 4:56:34 PM,0.2612995,77814.54
4/28/2025 4:56:34 PM,0.2612995,77834.87
4/28/2025 4:56:34 PM,0.2612995,77854.81
4/28/2025 4:56:34 PM,0.2612995,77884.74
4/28/2025 4:56:34 PM,0.2612995,77904.984
4/28/2025 4:56:34 PM,0.2612995,77924.94
4/28/2025 4:56:34 PM,0.2612995,77954.88
4/28/2025 4:56:34 PM,0.2612995,77974.85
4/28/2025 4:56:34 PM,0.2612995,78004.836
4/28/2025 4:56:34 PM,0.2612995,78034.96
4/28/2025 4:56:34 PM,0.26573992,78064.945
4/28/2025 4:56:34 PM,0.2612995,78074.945
4/28/2025 4:56:34 PM,0.2612995,78104.98
4/28/2025 4:56:34 PM,0.2612995,78115
4/28/2025 4:56:34 PM,0.2612995,78155.02
4/28/2025 4:56:34 PM,0.2612995,78225.03
4/28/2025 4:56:34 PM,0.2612995,78255.086
4/28/2025 4:56:34 PM,0.2612995,78285.18
4/28/2025 4:56:34 PM,0.2612995,78305.24
4/28/2025 4:56:34 PM,0.2612995,78325.06
4/28/2025 4:56:34 PM,0.2612995,78355.164
4/28/2025 4:56:34 PM,0.2612995,78395.336
4/28/2025 4:56:34 PM,0.2612995,78405.02
4/28/2025 4:56:34 PM,0.2612995,78455.234
4/28/2025 4:56:34 PM,0.2612995,78465.28
4/28/2025 4:56:34 PM,0.2612995,78485.4
4/28/2025 4:56:34 PM,0.2612995,78525.125
4/28/2025 4:56:34 PM,0.2612995,78555.305
4/28/2025 4:56:34 PM,0.2612995,78575.43
4/28/2025 4:56:34 PM,0.2612995,78605.65
4/28/2025 4:56:34 PM,0.2612995,78635.23
4/28/2025 4:56:34 PM,0.2612995,78665.45
4/28/2025 4:56:34 PM,0.2612995,78694.96
4/28/2025 4:56:34 PM,0.2612995,78715.12
4/28/2025 4:56:34 PM,0.2612995,78735.28
4/28/2025 4:56:34 PM,0.2612995,78765.54
4/28/2025 4:56:35 PM,0.2612995,78785.72
4/28/2025 4:56:35 PM,0.2612995,78815.13
4/28/2025 4:56:35 PM,0.2612995,78845.414
4/28/2025 4:56:35 PM,0.2612995,78875.72
4/28/2025 4:56:35 PM,0.2612995,78895.94
4/28/2025 4:56:35 PM,0.2612995,78935.36
4/28/2025 4:56:35 PM,0.2612995,78965.7
4/28/2025 4:56:35 PM,0.2612995,78985.94
4/28/2025 4:56:35 PM,0.2612995,79015.164
4/28/2025 4:56:35 PM,0.2612995,79035.41
4/28/2025 4:56:35 PM,0.2612995,79075.914
4/28/2025 4:56:35 PM,0.2612995,79105.06
4/28/2025 4:56:35 PM,0.2612995,79125.32
4/28/2025 4:56:35 PM,0.2612995,79145.586
4/28/2025 4:56:35 PM,0.2612995,79184.8
4/28/2025 4:56:35 PM,0.2612995,79206.45
4/28/2025 4:56:35 PM,0.2612995,79235.5
4/28/2025 4:56:35 PM,0.2612995,79255.8
4/28/2025 4:56:35 PM,0.2612995,79286.266
4/28/2025 4:56:35 PM,0.2612995,79315.23
4/28/2025 4:56:35 PM,0.2612995,79345.7
4/28/2025 4:56:35 PM,0.25685903,79355.87
4/28/2025 4:56:35 PM,0.2612995,79386.37
4/28/2025 4:56:35 PM,0.2612995,79425.414
4/28/2025 4:56:35 PM,0.2612995,79455.94
4/28/2025 4:56:35 PM,0.2612995,79486.484
4/28/2025 4:56:35 PM,0.2612995,79506.85
4/28/2025 4:56:35 PM,0.2612995,79535.63
4/28/2025 4:56:35 PM,0.2612995,79566.195
4/28/2025 4:56:35 PM,0.2612995,79596.79
4/28/2025 4:56:35 PM,0.2612995,79615.29
4/28/2025 4:56:35 PM,0.2612995,79645.88
4/28/2025 4:56:35 PM,0.2612995,79676.484
4/28/2025 4:56:35 PM,0.2612995,79707.13
4/28/2025 4:56:35 PM,0.2612995,79735.73
4/28/2025 4:56:35 PM,0.2612995,79756.15
4/28/2025 4:56:36 PM,0.2612995,79784.69
4/28/2025 4:56:36 PM,0.2612995,79817.49
4/28/2025 4:56:36 PM,0.25685903,79835.766
4/28/2025 4:56:36 PM,0.2612995,79856.22
4/28/2025 4:56:36 PM,0.2612995,79886.914
4/28/2025 4:56:36 PM,0.2612995,79915.34
4/28/2025 4:56:36 PM,0.2612995,79935.81
4/28/2025 4:56:36 PM,0.2612995,79956.29
4/28/2025 4:56:36 PM,0.2612995,79984.64
4/28/2025 4:56:36 PM,0.2612995,80005.12
4/28/2025 4:56:36 PM,0.2612995,80035.86
4/28/2025 4:56:36 PM,0.2612995,80066.62
4/28/2025 4:56:36 PM,0.2612995,80094.87
4/28/2025 4:56:36 PM,0.2612995,80115.375
4/28/2025 4:56:36 PM,0.2612995,80135.91
4/28/2025 4:56:36 PM,0.2612995,80166.7
4/28/2025 4:56:36 PM,0.25685903,80187.24
4/28/2025 4:56:36 PM,0.2612995,80215.41
4/28/2025 4:56:36 PM,0.2612995,80246.23
4/28/2025 4:56:36 PM,0.25685903,80266.79
4/28/2025 4:56:36 PM,0.2612995,80297.64
4/28/2025 4:56:36 PM,0.2612995,80325.7
4/28/2025 4:56:36 PM,0.25685903,80346.28
4/28/2025 4:56:36 PM,0.2612995,80366.86
4/28/2025 4:56:36 PM,0.25685903,80387.47
4/28/2025 4:56:36 PM,0.25685903,80425.734
4/28/2025 4:56:36 PM,0.2612995,80446.336
4/28/2025 4:56:36 PM,0.25685903,80477.26
4/28/2025 4:56:36 PM,0.25685903,80494.85
4/28/2025 4:56:36 PM,0.2612995,80536.08
4/28/2025 4:56:36 PM,0.2612995,80556.71
4/28/2025 4:56:36 PM,0.25685903,80598.01
4/28/2025 4:56:36 PM,0.2612995,80615.48
4/28/2025 4:56:36 PM,0.25685903,80656.78
4/28/2025 4:56:36 PM,0.25685903,80687.78
4/28/2025 4:56:36 PM,0.2612995,80715.5
4/28/2025 4:56:36 PM,0.25685903,80746.51
4/28/2025 4:56:36 PM,0.2612995,80767.195
4/28/2025 4:56:37 PM,0.2612995,80787.9
4/28/2025 4:56:37 PM,0.25685903,80808.61
4/28/2025 4:56:37 PM,0.25685903,80825.86
4/28/2025 4:56:37 PM,0.2612995,80846.57
4/28/2025 4:56:37 PM,0.25685903,80877.64
4/28/2025 4:56:37 PM,0.2612995,80905.18
4/28/2025 4:56:37 PM,0.25685903,80936.26
4/28/2025 4:56:37 PM,0.2612995,80946.625
4/28/2025 4:56:37 PM,0.25685903,80967.37
4/28/2025 4:56:37 PM,0.25685903,81005.19
4/28/2025 4:56:37 PM,0.25685903,81019.266
4/28/2025 4:56:37 PM,0.25685903,81057.07
4/28/2025 4:56:37 PM,0.25685903,81077.83
4/28/2025 4:56:37 PM,0.25685903,81088.23
4/28/2025 4:56:37 PM,0.2612995,81125.96
4/28/2025 4:56:37 PM,0.2612995,81157.13
4/28/2025 4:56:37 PM,0.25685903,81177.94
4/28/2025 4:56:37 PM,0.2612995,81205.195
4/28/2025 4:56:37 PM,0.25685903,81236.39
4/28/2025 4:56:37 PM,0.25685903,81257.2
4/28/2025 4:56:37 PM,0.25685903,81288.445
4/28/2025 4:56:37 PM,0.25685903,81315.61
4/28/2025 4:56:37 PM,0.2612995,81346.86
4/28/2025 4:56:37 PM,0.25685903,81384.375
4/28/2025 4:56:37 PM,0.25243384,81405.21
4/28/2025 4:56:37 PM,0.25685903,81436.48
4/28/2025 4:56:37 PM,0.25243384,81467.78
4/28/2025 4:56:37 PM,0.25685903,81488.664
4/28/2025 4:56:37 PM,0.25685903,81515.65
4/28/2025 4:56:37 PM,0.25685903,81536.52
4/28/2025 4:56:37 PM,0.2568743,81557.414
4/28/2025 4:56:37 PM,0.25243384,81588.766
4/28/2025 4:56:37 PM,0.25243384,81605.23
4/28/2025 4:56:37 PM,0.25685903,81636.58
4/28/2025 4:56:37 PM,0.25685903,81657.484
4/28/2025 4:56:37 PM,0.25243384,81688.875
4/28/2025 4:56:37 PM,0.25685903,81726.16
4/28/2025 4:56:37 PM,0.25685903,81747.09
4/28/2025 4:56:38 PM,0.25243384,81778.51
4/28/2025 4:56:38 PM,0.25685903,81809.945
4/28/2025 4:56:38 PM,0.25243384,81847.14
4/28/2025 4:56:38 PM,0.25243384,81868.12
4/28/2025 4:56:38 PM,0.25243384,81899.59
4/28/2025 4:56:38 PM,0.25243384,81915.73
4/28/2025 4:56:38 PM,0.25685903,81947.195
4/28/2025 4:56:38 PM,0.25685903,81968.195
4/28/2025 4:56:38 PM,0.25685903,81994.76
4/28/2025 4:56:38 PM,0.25243384,82026.24
4/28/2025 4:56:38 PM,0.25243384,82047.26
4/28/2025 4:56:38 PM,0.25685903,82078.8
4/28/2025 4:56:38 PM,0.25685903,82105.26
4/28/2025 4:56:38 PM,0.25243384,82126.28
4/28/2025 4:56:38 PM,0.25685903,82157.84
4/28/2025 4:56:38 PM,0.25685903,82178.89
4/28/2025 4:56:38 PM,0.25685903,82199.95
4/28/2025 4:56:38 PM,0.25243384,82226.31
4/28/2025 4:56:38 PM,0.25685903,82247.375
4/28/2025 4:56:38 PM,0.25685903,82278.99
4/28/2025 4:56:38 PM,0.25243384,82310.625
4/28/2025 4:56:38 PM,0.25685903,82326.34
4/28/2025 4:56:38 PM,0.25243384,82368.53
4/28/2025 4:56:38 PM,0.25243384,82389.64
4/28/2025 4:56:38 PM,0.25243384,82426.38
4/28/2025 4:56:38 PM,0.25243384,82458.05
4/28/2025 4:56:38 PM,0.25243384,82479.19
4/28/2025 4:56:38 PM,0.25243384,82500.32
4/28/2025 4:56:38 PM,0.25243384,82526.41
4/28/2025 4:56:38 PM,0.25243384,82547.55
4/28/2025 4:56:38 PM,0.25243384,82579.28
4/28/2025 4:56:38 PM,0.25243384,82594.72
4/28/2025 4:56:38 PM,0.25243384,82637.016
4/28/2025 4:56:38 PM,0.25243384,82658.195
4/28/2025 4:56:38 PM,0.25243384,82689.97
4/28/2025 4:56:38 PM,0.25243384,82715.88
4/28/2025 4:56:38 PM,0.25243384,82747.664
4/28/2025 4:56:39 PM,0.25243384,82768.87
4/28/2025 4:56:39 PM,0.25243384,82790.07
4/28/2025 4:56:39 PM,0.25243384,82815.91
4/28/2025 4:56:39 PM,0.25243384,82837.11
4/28/2025 4:56:39 PM,0.25243384,82868.945
4/28/2025 4:56:39 PM,0.25243384,82900.805
4/28/2025 4:56:39 PM,0.25243384,82937.16
4/28/2025 4:56:39 PM,0.25243384,82969.03
4/28/2025 4:56:39 PM,0.25243384,83000.93
4/28/2025 4:56:39 PM,0.25243384,83026.57
4/28/2025 4:56:39 PM,0.25243384,83058.48
4/28/2025 4:56:39 PM,0.25243384,83079.76
4/28/2025 4:56:39 PM,0.25243384,83115.96
4/28/2025 4:56:39 PM,0.25243384,83137.24
4/28/2025 4:56:39 PM,0.25243384,83158.55
4/28/2025 4:56:39 PM,0.25685903,83179.86
4/28/2025 4:56:39 PM,0.25243384,83215.98
4/28/2025 4:56:39 PM,0.25243384,83237.29
4/28/2025 4:56:39 PM,0.25243384,83269.28
4/28/2025 4:56:39 PM,0.25243384,83279.95
4/28/2025 4:56:39 PM,0.25243384,83316
4/28/2025 4:56:39 PM,0.25243384,83337.336
4/28/2025 4:56:39 PM,0.25243384,83369.36
4/28/2025 4:56:39 PM,0.25243384,83390.734
4/28/2025 4:56:39 PM,0.25243384,83416.016
4/28/2025 4:56:39 PM,0.25243384,83437.375
4/28/2025 4:56:39 PM,0.25243384,83458.76
4/28/2025 4:56:39 PM,0.25243384,83490.84
4/28/2025 4:56:39 PM,0.25243384,83516.03
4/28/2025 4:56:39 PM,0.25243384,83537.42
4/28/2025 4:56:39 PM,0.25243384,83569.52
4/28/2025 4:56:39 PM,0.25243384,83594.65
4/28/2025 4:56:39 PM,0.25243384,83626.766
4/28/2025 4:56:39 PM,0.25243384,83658.9
4/28/2025 4:56:39 PM,0.25243384,83691.06
4/28/2025 4:56:39 PM,0.25243384,83705.36
4/28/2025 4:56:39 PM,0.25243384,83748.24
4/28/2025 4:56:40 PM,0.25243384,83758.96
4/28/2025 4:56:40 PM,0.25243384,83791.164
4/28/2025 4:56:40 PM,0.25243384,83816.09
4/28/2025 4:56:40 PM,0.25243384,83837.555
4/28/2025 4:56:40 PM,0.25243384,83859.04
4/28/2025 4:56:40 PM,0.25243384,83891.27
4/28/2025 4:56:40 PM,0.25243384,83912.78
4/28/2025 4:56:40 PM,0.25243384,83948.35
4/28/2025 4:56:40 PM,0.25243384,83969.86
4/28/2025 4:56:40 PM,0.25243384,84005.38
4/28/2025 4:56:40 PM,0.25243384,84037.65
4/28/2025 4:56:40 PM,0.25243384,84059.18
4/28/2025 4:56:40 PM,0.25243384,84094.62
4/28/2025 4:56:40 PM,0.25243384,84126.914
4/28/2025 4:56:40 PM,0.25243384,84159.25
4/28/2025 4:56:40 PM,0.25243384,84180.81
4/28/2025 4:56:40 PM,0.25243384,84216.164
4/28/2025 4:56:40 PM,0.25243384,84237.734
4/28/2025 4:56:40 PM,0.25243384,84259.32
4/28/2025 4:56:40 PM,0.25243384,84291.71
4/28/2025 4:56:40 PM,0.25243384,84313.31
4/28/2025 4:56:40 PM,0.25243384,84326.984
4/28/2025 4:56:40 PM,0.25243384,84359.38
4/28/2025 4:56:40 PM,0.25243384,84383.8
4/28/2025 4:56:40 PM,0.25243384,84405.41
4/28/2025 4:56:40 PM,0.25243384,84437.83
4/28/2025 4:56:40 PM,0.25243384,84470.28
4/28/2025 4:56:40 PM,0.25243384,84483.78
4/28/2025 4:56:40 PM,0.25243384,84513.586
4/28/2025 4:56:40 PM,0.25243384,84559.52
4/28/2025 4:56:40 PM,0.25243384,84581.2
4/28/2025 4:56:40 PM,0.25243384,84602.875
4/28/2025 4:56:40 PM,0.2568743,84648.76
4/28/2025 4:56:40 PM,0.25243384,84659.6
4/28/2025 4:56:40 PM,0.25243384,84681.29
4/28/2025 4:56:40 PM,0.25243384,84716.266
4/28/2025 4:56:40 PM,0.25243384,84737.96
4/28/2025 4:56:41 PM,0.25243384,84770.52
4/28/2025 4:56:41 PM,0.25243384,84794.57
4/28/2025 4:56:41 PM,0.25243384,84816.28
4/28/2025 4:56:41 PM,0.25243384,84838.01
4/28/2025 4:56:41 PM,0.25243384,84859.74
4/28/2025 4:56:41 PM,0.25243384,84892.37
4/28/2025 4:56:41 PM,0.25243384,84916.3
4/28/2025 4:56:41 PM,0.25243384,84948.93
4/28/2025 4:56:41 PM,0.25243384,84981.586
4/28/2025 4:56:41 PM,0.25243384,85005.44
4/28/2025 4:56:41 PM,0.25243384,85038.09
4/28/2025 4:56:41 PM,0.25243384,85059.88
4/28/2025 4:56:41 PM,0.25243384,85094.555
4/28/2025 4:56:41 PM,0.25243384,85127.234
4/28/2025 4:56:41 PM,0.25243384,85149.05
4/28/2025 4:56:41 PM,0.25243384,85170.87
4/28/2025 4:56:41 PM,0.25243384,85203.6
4/28/2025 4:56:41 PM,0.25243384,85227.27
4/28/2025 4:56:41 PM,0.25243384,85249.1
4/28/2025 4:56:41 PM,0.25243384,85281.875
4/28/2025 4:56:41 PM,0.25243384,85316.38
4/28/2025 4:56:41 PM,0.25243384,85338.23
4/28/2025 4:56:41 PM,0.25243384,85371.02
4/28/2025 4:56:41 PM,0.25243384,85394.53
4/28/2025 4:56:41 PM,0.25243384,85427.34
4/28/2025 4:56:41 PM,0.25243384,85460.164
4/28/2025 4:56:41 PM,0.25243384,85471.11
4/28/2025 4:56:41 PM,0.25243384,85505.48
4/28/2025 4:56:41 PM,0.25243384,85538.33
4/28/2025 4:56:41 PM,0.25243384,85560.234
4/28/2025 4:56:41 PM,0.25243384,85593.13
4/28/2025 4:56:41 PM,0.25243384,85616.445
4/28/2025 4:56:41 PM,0.25243384,85649.33
4/28/2025 4:56:41 PM,0.25685903,85671.27
4/28/2025 4:56:41 PM,0.25243384,85705.49
4/28/2025 4:56:41 PM,0.25243384,85716.45
4/28/2025 4:56:42 PM,0.25243384,85738.41
4/28/2025 4:56:42 PM,0.25243384,85771.36
4/28/2025 4:56:42 PM,0.25243384,85793.34
4/28/2025 4:56:42 PM,0.25243384,85827.47
4/28/2025 4:56:42 PM,0.25243384,85849.45
4/28/2025 4:56:42 PM,0.25243384,85882.45
4/28/2025 4:56:42 PM,0.25243384,85916.5
4/28/2025 4:56:42 PM,0.25243384,85938.5
4/28/2025 4:56:42 PM,0.25243384,85960.516
4/28/2025 4:56:42 PM,0.25243384,85994.5
4/28/2025 4:56:42 PM,0.25243384,86016.516
4/28/2025 4:56:42 PM,0.25243384,86049.56
4/28/2025 4:56:42 PM,0.25243384,86071.61
4/28/2025 4:56:42 PM,0.25243384,86082.64
4/28/2025 4:56:42 PM,0.25243384,86115.74
4/28/2025 4:56:42 PM,0.25243384,86138.586
4/28/2025 4:56:42 PM,0.25243384,86160.664
4/28/2025 4:56:42 PM,0.25243384,86193.78
4/28/2025 4:56:42 PM,0.25243384,86216.555
4/28/2025 4:56:42 PM,0.25243384,86249.68
4/28/2025 4:56:42 PM,0.25243384,86271.77
4/28/2025 4:56:42 PM,0.25243384,86293.88
4/28/2025 4:56:42 PM,0.25243384,86316.57
4/28/2025 4:56:42 PM,0.25243384,86349.74
4/28/2025 4:56:42 PM,0.25243384,86371.87
4/28/2025 4:56:42 PM,0.25243384,86416.59
4/28/2025 4:56:42 PM,0.25243384,86494.1
4/28/2025 4:56:42 PM,0.25243384,86516.62
4/28/2025 4:56:42 PM,0.25243384,86549.85
4/28/2025 4:56:42 PM,0.25243384,86572.02
4/28/2025 4:56:42 PM,0.25243384,86616.41
4/28/2025 4:56:42 PM,0.25243384,86627.72
4/28/2025 4:56:42 PM,0.25243384,86638.81
4/28/2025 4:56:42 PM,0.25243384,86661.01
4/28/2025 4:56:42 PM,0.25243384,86705.55
4/28/2025 4:56:42 PM,0.25243384,86727.75
4/28/2025 4:56:43 PM,0.25243384,86749.97
4/28/2025 4:56:43 PM,0.25243384,86783.31
4/28/2025 4:56:43 PM,0.24800867,86805.555
4/28/2025 4:56:43 PM,0.25243384,86838.9
4/28/2025 4:56:43 PM,0.24800867,86861.16
4/28/2025 4:56:43 PM,0.25243384,86883.4
4/28/2025 4:56:43 PM,0.24800867,86905.56
4/28/2025 4:56:43 PM,0.25243384,86927.82
4/28/2025 4:56:43 PM,0.25243384,86961.23
4/28/2025 4:56:43 PM,0.25243384,86994.44
4/28/2025 4:56:43 PM,0.25243384,87016.71
4/28/2025 4:56:43 PM,0.24800867,87039
4/28/2025 4:56:43 PM,0.24800867,87072.445
4/28/2025 4:56:43 PM,0.25243384,87094.42
4/28/2025 4:56:43 PM,0.25243384,87117.08
4/28/2025 4:56:43 PM,0.25243384,87139.04
4/28/2025 4:56:43 PM,0.25243384,87161.36
4/28/2025 4:56:43 PM,0.25243384,87183.69
4/28/2025 4:56:43 PM,0.24800867,87216.74
4/28/2025 4:56:43 PM,0.24800867,87239.086
4/28/2025 4:56:43 PM,0.25243384,87272.62
4/28/2025 4:56:43 PM,0.24800867,87316.77
4/28/2025 4:56:43 PM,0.24800867,87327.95
4/28/2025 4:56:43 PM,0.25243384,87361.5
4/28/2025 4:56:43 PM,0.25243384,87383.89
4/28/2025 4:56:43 PM,0.24800867,87395.086
4/28/2025 4:56:43 PM,0.25243384,87427.98
4/28/2025 4:56:43 PM,0.25243384,87461.57
4/28/2025 4:56:43 PM,0.24800867,87483.984
4/28/2025 4:56:43 PM,0.25243384,87517.625
4/28/2025 4:56:43 PM,0.24800867,87528
4/28/2025 4:56:43 PM,0.24800867,87561.64
4/28/2025 4:56:43 PM,0.25243384,87595.305
4/28/2025 4:56:43 PM,0.24800867,87616.83
4/28/2025 4:56:43 PM,0.24800867,87639.266
4/28/2025 4:56:43 PM,0.24800867,87672.945
4/28/2025 4:56:43 PM,0.24800867,87694.39
4/28/2025 4:56:43 PM,0.24800867,87728.07
4/28/2025 4:56:44 PM,0.25243384,87750.54
4/28/2025 4:56:44 PM,0.25243384,87773.03
4/28/2025 4:56:44 PM,0.24358347,87795.516
4/28/2025 4:56:44 PM,0.24800867,87828.11
4/28/2025 4:56:44 PM,0.24800867,87850.6
4/28/2025 4:56:44 PM,0.24800867,87895.63
4/28/2025 4:56:44 PM,0.24800867,87916.88
4/28/2025 4:56:44 PM,0.24800867,87950.664
4/28/2025 4:56:44 PM,0.24800867,87984.47
4/28/2025 4:56:44 PM,0.24800867,88016.9
4/28/2025 4:56:44 PM,0.24800867,88039.445
4/28/2025 4:56:44 PM,0.24358347,88062
4/28/2025 4:56:44 PM,0.25243384,88084.56
4/28/2025 4:56:44 PM,0.24800867,88116.92
4/28/2025 4:56:44 PM,0.24800867,88139.484
4/28/2025 4:56:44 PM,0.25243384,88173.36
4/28/2025 4:56:44 PM,0.25243384,88216.94
4/28/2025 4:56:44 PM,0.25243384,88250.836
4/28/2025 4:56:44 PM,0.24800867,88273.44
4/28/2025 4:56:44 PM,0.24358347,88294.35
4/28/2025 4:56:44 PM,0.24800867,88316.96
4/28/2025 4:56:44 PM,0.25243384,88350.89
4/28/2025 4:56:44 PM,0.25243384,88384.85
4/28/2025 4:56:44 PM,0.25243384,88407.5
4/28/2025 4:56:44 PM,0.24800867,88428.3
4/28/2025 4:56:44 PM,0.24800867,88450.945
4/28/2025 4:56:44 PM,0.24800867,88484.945
4/28/2025 4:56:44 PM,0.24358347,88517
4/28/2025 4:56:44 PM,0.24800867,88528.33
4/28/2025 4:56:44 PM,0.24358347,88551.01
4/28/2025 4:56:44 PM,0.25243384,88605.664
4/28/2025 4:56:44 PM,0.24800867,88628.37
4/28/2025 4:56:44 PM,0.25243384,88662.42
4/28/2025 4:56:44 PM,0.24800867,88673.77
4/28/2025 4:56:44 PM,0.24358347,88719.24
4/28/2025 4:56:45 PM,0.24800867,88751.12
4/28/2025 4:56:45 PM,0.24358347,88785.234
4/28/2025 4:56:45 PM,0.24358347,88807.984
4/28/2025 4:56:45 PM,0.24358347,88851.18
4/28/2025 4:56:45 PM,0.24800867,88882.94
4/28/2025 4:56:45 PM,0.24800867,88894.305
4/28/2025 4:56:45 PM,0.24800867,88928.46
4/28/2025 4:56:45 PM,0.24800867,88962.625
4/28/2025 4:56:45 PM,0.25243384,88985.43
4/28/2025 4:56:45 PM,0.24800867,89028.49
4/28/2025 4:56:45 PM,0.24358347,89051.3
4/28/2025 4:56:45 PM,0.24358347,89094.305
4/28/2025 4:56:45 PM,0.24800867,89117.12
4/28/2025 4:56:45 PM,0.24800867,89139.94
4/28/2025 4:56:45 PM,0.24800867,89174.195
4/28/2025 4:56:45 PM,0.24800867,89185.62
4/28/2025 4:56:45 PM,0.24358347,89219.91
4/28/2025 4:56:45 PM,0.24358347,89239.984
4/28/2025 4:56:45 PM,0.24358347,89262.836
4/28/2025 4:56:45 PM,0.24800867,89297.16
4/28/2025 4:56:45 PM,0.24358347,89305.72
4/28/2025 4:56:45 PM,0.24358347,89351.47
4/28/2025 4:56:45 PM,0.24358347,89374.36
4/28/2025 4:56:45 PM,0.24358347,89417.17
4/28/2025 4:56:45 PM,0.24358347,89440.07
4/28/2025 4:56:45 PM,0.24358347,89474.445
4/28/2025 4:56:45 PM,0.24358347,89485.91
4/28/2025 4:56:45 PM,0.24358347,89517.19
4/28/2025 4:56:45 PM,0.24358347,89528.65
4/28/2025 4:56:45 PM,0.24358347,89563.055
4/28/2025 4:56:45 PM,0.24358347,89594.266
4/28/2025 4:56:45 PM,0.24358347,89628.68
4/28/2025 4:56:45 PM,0.24358347,89651.64
4/28/2025 4:56:45 PM,0.24358347,89674.6
4/28/2025 4:56:45 PM,0.24358347,89705.74
4/28/2025 4:56:46 PM,0.24358347,89728.72
4/28/2025 4:56:46 PM,0.24358347,89740.2
4/28/2025 4:56:46 PM,0.24358347,89774.69
4/28/2025 4:56:46 PM,0.24358347,89797.7
4/28/2025 4:56:46 PM,0.24358347,89840.24
4/28/2025 4:56:46 PM,0.24800867,89874.78
4/28/2025 4:56:46 PM,0.24800867,89917.27
4/28/2025 4:56:46 PM,0.24358347,89951.81
4/28/2025 4:56:46 PM,0.24358347,89994.24
4/28/2025 4:56:46 PM,0.24358347,90017.28
4/28/2025 4:56:46 PM,0.24358347,90051.875
4/28/2025 4:56:46 PM,0.24358347,90074.945
4/28/2025 4:56:46 PM,0.24358347,90109.57
4/28/2025 4:56:46 PM,0.24358347,90121.12
4/28/2025 4:56:46 PM,0.24358347,90140.39
4/28/2025 4:56:46 PM,0.24358347,90151.92
4/28/2025 4:56:46 PM,0.24358347,90175.03
4/28/2025 4:56:46 PM,0.24358347,90209.7
4/28/2025 4:56:46 PM,0.24358347,90217.32
4/28/2025 4:56:46 PM,0.24358347,90240.43
4/28/2025 4:56:46 PM,0.24358347,90263.55
4/28/2025 4:56:46 PM,0.24358347,90298.25
4/28/2025 4:56:46 PM,0.24358347,90317.34
4/28/2025 4:56:46 PM,0.24358347,90363.61
4/28/2025 4:56:46 PM,0.24358347,90394.22
4/28/2025 4:56:46 PM,0.24358347,90440.52
4/28/2025 4:56:46 PM,0.24358347,90452.09
4/28/2025 4:56:46 PM,0.24358347,90486.87
4/28/2025 4:56:46 PM,0.24358347,90517.38
4/28/2025 4:56:46 PM,0.24358347,90540.56
4/28/2025 4:56:46 PM,0.24358347,90552.16
4/28/2025 4:56:46 PM,0.24358347,90586.96
4/28/2025 4:56:46 PM,0.24358347,90605.8
4/28/2025 4:56:46 PM,0.24358347,90652.22
4/28/2025 4:56:46 PM,0.24358347,90663.83
4/28/2025 4:56:46 PM,0.24358347,90687.055
4/28/2025 4:56:46 PM,0.24358347,90717.42
4/28/2025 4:56:47 PM,0.24358347,90740.66
4/28/2025 4:56:47 PM,0.24358347,90763.9
4/28/2025 4:56:47 PM,0.24358347,90794.19
4/28/2025 4:56:47 PM,0.24358347,90840.695
4/28/2025 4:56:47 PM,0.24358347,90863.97
4/28/2025 4:56:47 PM,0.24358347,90894.18
4/28/2025 4:56:47 PM,0.24358347,90929.1
4/28/2025 4:56:47 PM,0.24358347,90975.69
4/28/2025 4:56:47 PM,0.24800867,91005.83
4/28/2025 4:56:47 PM,0.24358347,91029.13
4/28/2025 4:56:47 PM,0.24358347,91052.445
4/28/2025 4:56:47 PM,0.24358347,91099.11
4/28/2025 4:56:47 PM,0.24358347,91117.49
4/28/2025 4:56:47 PM,0.24358347,91164.18
4/28/2025 4:56:47 PM,0.24358347,91187.55
4/28/2025 4:56:47 PM,0.24358347,91217.516
4/28/2025 4:56:47 PM,0.24358347,91240.88
4/28/2025 4:56:47 PM,0.24358347,91264.25
4/28/2025 4:56:47 PM,0.24358347,91282.48
4/28/2025 4:56:47 PM,0.24358347,91305.85
4/28/2025 4:56:47 PM,0.24358347,91340.92
4/28/2025 4:56:47 PM,0.24358347,91387.73
4/28/2025 4:56:47 PM,0.24358347,91417.555
4/28/2025 4:56:47 PM,0.24358347,91440.97
4/28/2025 4:56:47 PM,0.24358347,91452.67
4/28/2025 4:56:47 PM,0.24358347,91476.12
4/28/2025 4:56:47 PM,0.24358347,91499.555
4/28/2025 4:56:47 PM,0.24358347,91541.01
4/28/2025 4:56:47 PM,0.24358347,91564.46
4/28/2025 4:56:47 PM,0.24358347,91599.66
4/28/2025 4:56:47 PM,0.24358347,91641.06
4/28/2025 4:56:47 PM,0.24358347,91652.79
4/28/2025 4:56:47 PM,0.24358347,91694.13
4/28/2025 4:56:48 PM,0.24358347,91717.61
4/28/2025 4:56:48 PM,0.24358347,91741.1
4/28/2025 4:56:48 PM,0.24358347,91776.36
4/28/2025 4:56:48 PM,0.24358347,91811.64
4/28/2025 4:56:48 PM,0.24358347,91829.38
4/28/2025 4:56:48 PM,0.24358347,91852.91
4/28/2025 4:56:48 PM,0.24358347,91894.12
4/28/2025 4:56:48 PM,0.24358347,91917.65
4/28/2025 4:56:48 PM,0.24358347,91952.96
4/28/2025 4:56:48 PM,0.24358347,91976.52
4/28/2025 4:56:48 PM,0.24358347,92005.88
4/28/2025 4:56:48 PM,0.24358347,92029.445
4/28/2025 4:56:48 PM,0.24358347,92064.81
4/28/2025 4:56:48 PM,0.24358347,92088.41
4/28/2025 4:56:48 PM,0.24358347,92129.48
4/28/2025 4:56:48 PM,0.24358347,92153.08
4/28/2025 4:56:48 PM,0.24358347,92176.69
4/28/2025 4:56:48 PM,0.24358347,92212.13
4/28/2025 4:56:48 PM,0.24358347,92241.33
4/28/2025 4:56:48 PM,0.24358347,92288.6
4/28/2025 4:56:48 PM,0.24358347,92312.25
4/28/2025 4:56:48 PM,0.24358347,92341.37
4/28/2025 4:56:48 PM,0.24358347,92365.03
4/28/2025 4:56:48 PM,0.24358347,92400.53
4/28/2025 4:56:48 PM,0.24358347,92429.58
4/28/2025 4:56:48 PM,0.24358347,92453.26
4/28/2025 4:56:48 PM,0.24358347,92476.945
4/28/2025 4:56:48 PM,0.24358347,92512.49
4/28/2025 4:56:48 PM,0.24358347,92541.46
4/28/2025 4:56:48 PM,0.24358347,92565.164
4/28/2025 4:56:48 PM,0.24358347,92605.92
4/28/2025 4:56:48 PM,0.24358347,92617.78
4/28/2025 4:56:48 PM,0.24358347,92641.51
4/28/2025 4:56:48 PM,0.24358347,92688.98
4/28/2025 4:56:48 PM,0.24358347,92705.94
4/28/2025 4:56:49 PM,0.24358347,92729.68
4/28/2025 4:56:49 PM,0.24358347,92741.55
4/28/2025 4:56:49 PM,0.24358347,92765.31
4/28/2025 4:56:49 PM,0.24358347,92794.06
4/28/2025 4:56:49 PM,0.24358347,92841.59
4/28/2025 4:56:49 PM,0.24358347,92865.38
4/28/2025 4:56:49 PM,0.24358347,92894.05
4/28/2025 4:56:49 PM,0.24358347,92917.84
4/28/2025 4:56:49 PM,0.24358347,92953.54
4/28/2025 4:56:49 PM,0.24358347,92977.37
4/28/2025 4:56:49 PM,0.24358347,92994.05
4/28/2025 4:56:49 PM,0.24358347,93041.68
4/28/2025 4:56:49 PM,0.24358347,93065.516
4/28/2025 4:56:49 PM,0.24358347,93082.13
4/28/2025 4:56:49 PM,0.24358347,93101.29
4/28/2025 4:56:49 PM,0.24358347,93129.805
4/28/2025 4:56:49 PM,0.24358347,93153.66
4/28/2025 4:56:49 PM,0.24358347,93177.52
4/28/2025 4:56:49 PM,0.24358347,93217.9
4/28/2025 4:56:49 PM,0.24358347,93241.78
4/28/2025 4:56:49 PM,0.24358347,93277.6
4/28/2025 4:56:49 PM,0.24358347,93294.02
4/28/2025 4:56:49 PM,0.24358347,93329.87
4/28/2025 4:56:49 PM,0.24358347,93341.82
4/28/2025 4:56:49 PM,0.24358347,93377.69
4/28/2025 4:56:49 PM,0.24358347,93413.586
4/28/2025 4:56:49 PM,0.24358347,93441.87
4/28/2025 4:56:49 PM,0.24358347,93494.016
4/28/2025 4:56:49 PM,0.24358347,93505.984
4/28/2025 4:56:49 PM,0.2391583,93541.91
4/28/2025 4:56:49 PM,0.24358347,93565.87
4/28/2025 4:56:49 PM,0.24358347,93589.85
4/28/2025 4:56:49 PM,0.24358347,93629.96
4/28/2025 4:56:49 PM,0.24358347,93641.95
4/28/2025 4:56:49 PM,0.24358347,93665.945
4/28/2025 4:56:49 PM,0.24358347,93689.945
4/28/2025 4:56:50 PM,0.24358347,93730
4/28/2025 4:56:50 PM,0.24358347,93754.01
4/28/2025 4:56:50 PM,0.24358347,93778.02
4/28/2025 4:56:50 PM,0.24358347,93814.07
4/28/2025 4:56:50 PM,0.24358347,93830.03
4/28/2025 4:56:50 PM,0.24358347,93854.055
4/28/2025 4:56:50 PM,0.24358347,93881.98
4/28/2025 4:56:50 PM,0.24358347,93906.016
4/28/2025 4:56:50 PM,0.24358347,93930.055
4/28/2025 4:56:50 PM,0.24358347,93966.16
4/28/2025 4:56:50 PM,0.24358347,93978.195
4/28/2025 4:56:50 PM,0.24358347,94018.05
4/28/2025 4:56:50 PM,0.24358347,94066.23
4/28/2025 4:56:50 PM,0.24358347,94078.27
4/28/2025 4:56:50 PM,0.2391583,94118.06
4/28/2025 4:56:50 PM,0.2391583,94142.17
4/28/2025 4:56:50 PM,0.24358347,94166.3
4/28/2025 4:56:50 PM,0.24358347,94193.97
4/28/2025 4:56:50 PM,0.24358347,94202.484
4/28/2025 4:56:50 PM,0.24358347,94242.22
4/28/2025 4:56:50 PM,0.2391583,94266.36
4/28/2025 4:56:50 PM,0.2391583,94293.96
4/28/2025 4:56:50 PM,0.24358347,94330.19
4/28/2025 4:56:50 PM,0.24358347,94354.35
4/28/2025 4:56:50 PM,0.24358347,94393.96
4/28/2025 4:56:50 PM,0.24358347,94406.04
4/28/2025 4:56:50 PM,0.24358347,94418.13
4/28/2025 4:56:50 PM,0.24358347,94454.41
4/28/2025 4:56:50 PM,0.2391583,94493.945
4/28/2025 4:56:50 PM,0.24358347,94502.82
4/28/2025 4:56:50 PM,0.2391583,94530.25
4/28/2025 4:56:50 PM,0.2391583,94554.47
4/28/2025 4:56:50 PM,0.2391583,94578.69
4/28/2025 4:56:50 PM,0.2391583,94590.805
4/28/2025 4:56:50 PM,0.2391583,94606.06
4/28/2025 4:56:50 PM,0.2391583,94654.516
4/28/2025 4:56:50 PM,0.24358347,94666.65
4/28/2025 4:56:50 PM,0.2391583,94703.05
4/28/2025 4:56:51 PM,0.2391583,94718.19
4/28/2025 4:56:51 PM,0.2391583,94742.445
4/28/2025 4:56:51 PM,0.2391583,94806.06
4/28/2025 4:56:51 PM,0.24358347,94842.49
4/28/2025 4:56:51 PM,0.2391583,94881.78
4/28/2025 4:56:51 PM,0.24358347,94906.08
4/28/2025 4:56:51 PM,0.24358347,94930.38
4/28/2025 4:56:51 PM,0.24358347,94942.53
4/28/2025 4:56:51 PM,0.2391583,94966.86
4/28/2025 4:56:51 PM,0.2391583,94993.92
4/28/2025 4:56:51 PM,0.2391583,95030.41
4/28/2025 4:56:51 PM,0.2391583,95066.92
4/28/2025 4:56:51 PM,0.24358347,95079.11
4/28/2025 4:56:51 PM,0.2391583,95106.086
4/28/2025 4:56:51 PM,0.2391583,95130.445
4/28/2025 4:56:51 PM,0.2391583,95154.81
4/28/2025 4:56:51 PM,0.2391583,95193.91
4/28/2025 4:56:51 PM,0.2391583,95218.28
4/28/2025 4:56:51 PM,0.2391583,95254.87
4/28/2025 4:56:51 PM,0.2347331,95279.27
4/28/2025 4:56:51 PM,0.2391583,95303.69
4/28/2025 4:56:51 PM,0.2347331,95330.51
4/28/2025 4:56:51 PM,0.24358347,95354.93
4/28/2025 4:56:51 PM,0.2347331,95379.35
4/28/2025 4:56:51 PM,0.2391583,95403.8
4/28/2025 4:56:51 PM,0.2391583,95442.76
4/28/2025 4:56:51 PM,0.2391583,95467.21
4/28/2025 4:56:51 PM,0.2391583,95491.67
4/28/2025 4:56:51 PM,0.2347331,95506.11
4/28/2025 4:56:51 PM,0.2347331,95530.58
4/28/2025 4:56:51 PM,0.2347331,95567.28
4/28/2025 4:56:51 PM,0.2347331,95581.65
4/28/2025 4:56:51 PM,0.2347331,95618.35
4/28/2025 4:56:51 PM,0.2391583,95667.36
4/28/2025 4:56:51 PM,0.2391583,95691.87
4/28/2025 4:56:52 PM,0.2347331,95706.125
4/28/2025 4:56:52 PM,0.2391583,95730.63
4/28/2025 4:56:52 PM,0.2391583,95755.16
4/28/2025 4:56:52 PM,0.2347331,95779.69
4/28/2025 4:56:52 PM,0.2347331,95806.125
4/28/2025 4:56:52 PM,0.2347331,95842.94
4/28/2025 4:56:52 PM,0.2391583,95867.49
4/28/2025 4:56:52 PM,0.2347331,95893.86
4/28/2025 4:56:52 PM,0.2347331,95930.7
4/28/2025 4:56:52 PM,0.2347331,95967.555
4/28/2025 4:56:52 PM,0.2347331,95993.86
4/28/2025 4:56:52 PM,0.2347331,96018.44
4/28/2025 4:56:52 PM,0.2391583,96055.33
4/28/2025 4:56:52 PM,0.2347331,96067.63
4/28/2025 4:56:52 PM,0.2347331,96106.15
4/28/2025 4:56:52 PM,0.2347331,96143.07
4/28/2025 4:56:52 PM,0.2347331,96155.38
4/28/2025 4:56:52 PM,0.2391583,96181.54
4/28/2025 4:56:52 PM,0.2347331,96218.47
4/28/2025 4:56:52 PM,0.2391583,96230.8
4/28/2025 4:56:52 PM,0.2347331,96267.766
4/28/2025 4:56:52 PM,0.2347331,96292.445
4/28/2025 4:56:52 PM,0.2347331,96318.49
4/28/2025 4:56:52 PM,0.2347331,96330.82
4/28/2025 4:56:52 PM,0.2347331,96355.5
4/28/2025 4:56:52 PM,0.2347331,96392.54
4/28/2025 4:56:52 PM,0.2347331,96430.86
4/28/2025 4:56:52 PM,0.2347331,96443.21
4/28/2025 4:56:52 PM,0.2347331,96480.266
4/28/2025 4:56:52 PM,0.2347331,96506.17
4/28/2025 4:56:52 PM,0.2347331,96543.26
4/28/2025 4:56:52 PM,0.2347331,96567.99
4/28/2025 4:56:52 PM,0.2347331,96592.73
4/28/2025 4:56:52 PM,0.2347331,96618.55
4/28/2025 4:56:52 PM,0.2347331,96655.68
4/28/2025 4:56:52 PM,0.2347331,96680.44
4/28/2025 4:56:53 PM,0.2347331,96706.19
4/28/2025 4:56:53 PM,0.2347331,96718.57
4/28/2025 4:56:53 PM,0.2391583,96743.34
4/28/2025 4:56:53 PM,0.2347331,96780.52
4/28/2025 4:56:53 PM,0.2347331,96806.195
4/28/2025 4:56:53 PM,0.2347331,96818.586
4/28/2025 4:56:53 PM,0.2347331,96855.79
4/28/2025 4:56:53 PM,0.2347331,96880.6
4/28/2025 4:56:53 PM,0.2347331,96906.2
4/28/2025 4:56:53 PM,0.2347331,96931.02
4/28/2025 4:56:53 PM,0.2347331,96968.266
4/28/2025 4:56:53 PM,0.2347331,96980.695
4/28/2025 4:56:53 PM,0.2347331,97006.21
4/28/2025 4:56:53 PM,0.2347331,97043.48
4/28/2025 4:56:53 PM,0.2347331,97068.33
4/28/2025 4:56:53 PM,0.2347331,97093.79
4/28/2025 4:56:53 PM,0.2347331,97118.64
4/28/2025 4:56:53 PM,0.2347331,97155.95
4/28/2025 4:56:53 PM,0.2347331,97180.86
4/28/2025 4:56:53 PM,0.2347331,97181.34
4/28/2025 4:56:53 PM,0.2347331,97218.664
4/28/2025 4:56:53 PM,0.2391583,97243.57
4/28/2025 4:56:53 PM,0.2347331,97268.47
4/28/2025 4:56:53 PM,0.2347331,97305.875
4/28/2025 4:56:53 PM,0.2347331,97331.14
4/28/2025 4:56:53 PM,0.2347331,97368.55
4/28/2025 4:56:53 PM,0.2347331,97393.5
4/28/2025 4:56:53 PM,0.2347331,97418.7
4/28/2025 4:56:53 PM,0.2347331,97456.13
4/28/2025 4:56:53 PM,0.2391583,97493.76
4/28/2025 4:56:53 PM,0.2347331,97506.24
4/28/2025 4:56:53 PM,0.2347331,97531.21
4/28/2025 4:56:53 PM,0.2347331,97543.7
4/28/2025 4:56:53 PM,0.2347331,97581.19
4/28/2025 4:56:53 PM,0.2347331,97606.25
4/28/2025 4:56:53 PM,0.2347331,97643.74
4/28/2025 4:56:53 PM,0.2347331,97668.76
4/28/2025 4:56:54 PM,0.2347331,97693.79
4/28/2025 4:56:54 PM,0.2347331,97718.76
4/28/2025 4:56:54 PM,0.2347331,97756.305
4/28/2025 4:56:54 PM,0.2347331,97781.36
4/28/2025 4:56:54 PM,0.2347331,97806.26
4/28/2025 4:56:54 PM,0.2347331,97831.31
4/28/2025 4:56:54 PM,0.2347331,97856.37
4/28/2025 4:56:54 PM,0.2347331,97881.44
4/28/2025 4:56:54 PM,0.2347331,97906.27
4/28/2025 4:56:54 PM,0.2347331,97931.34
4/28/2025 4:56:54 PM,0.2347331,97956.43
4/28/2025 4:56:54 PM,0.2347331,97994.07
4/28/2025 4:56:54 PM,0.2347331,98019.19
4/28/2025 4:56:54 PM,0.2347331,98043.92
4/28/2025 4:56:54 PM,0.2347331,98069.05
4/28/2025 4:56:54 PM,0.2347331,98081.6
4/28/2025 4:56:54 PM,0.2347331,98106.734
4/28/2025 4:56:54 PM,0.2347331,98143.96
4/28/2025 4:56:54 PM,0.2347331,98169.11
4/28/2025 4:56:54 PM,0.2347331,98194.266
4/28/2025 4:56:54 PM,0.2347331,98231.44
4/28/2025 4:56:54 PM,0.2347331,98244.016
4/28/2025 4:56:54 PM,0.2347331,98281.77
4/28/2025 4:56:54 PM,0.2347331,98306.96
4/28/2025 4:56:54 PM,0.2347331,98331.47
4/28/2025 4:56:54 PM,0.2347331,98344.055
4/28/2025 4:56:54 PM,0.2347331,98393.71
4/28/2025 4:56:54 PM,0.2347331,98418.9
4/28/2025 4:56:54 PM,0.2347331,98444.1
4/28/2025 4:56:54 PM,0.2347331,98469.33
4/28/2025 4:56:54 PM,0.2347331,98494.555
4/28/2025 4:56:54 PM,0.2347331,98506.305
4/28/2025 4:56:54 PM,0.2347331,98531.54
4/28/2025 4:56:54 PM,0.2347331,98556.766
4/28/2025 4:56:54 PM,0.2347331,98594.66
4/28/2025 4:56:54 PM,0.2347331,98618.93
4/28/2025 4:56:54 PM,0.2347331,98644.19
4/28/2025 4:56:55 PM,0.2347331,98669.46
4/28/2025 4:56:55 PM,0.2347331,98693.69
4/28/2025 4:56:55 PM,0.2347331,98731.6
4/28/2025 4:56:55 PM,0.2347331,98756.88
4/28/2025 4:56:55 PM,0.2347331,98782.19
4/28/2025 4:56:55 PM,0.2347331,98806.32
4/28/2025 4:56:55 PM,0.2347331,98844.28
4/28/2025 4:56:55 PM,0.2347331,98869.61
4/28/2025 4:56:55 PM,0.2347331,98893.67
4/28/2025 4:56:55 PM,0.2347331,98931.66
4/28/2025 4:56:55 PM,0.2347331,98944.33
4/28/2025 4:56:55 PM,0.2347331,98969.67
4/28/2025 4:56:55 PM,0.2347331,98995.04
4/28/2025 4:56:55 PM,0.2347331,99031.69
4/28/2025 4:56:55 PM,0.2347331,99057.055
4/28/2025 4:56:55 PM,0.2347331,99095.13
4/28/2025 4:56:55 PM,0.2347331,99144.42
4/28/2025 4:56:55 PM,0.2347331,99169.805
4/28/2025 4:56:55 PM,0.2347331,99195.234
4/28/2025 4:56:55 PM,0.2347331,99219.055
4/28/2025 4:56:55 PM,0.2347331,99269.89
4/28/2025 4:56:55 PM,0.2347331,99293.65
4/28/2025 4:56:55 PM,0.2347331,99319.07
4/28/2025 4:56:55 PM,0.2347331,99344.51
4/28/2025 4:56:55 PM,0.2347331,99380.92
4/28/2025 4:56:55 PM,0.2347331,99406.37
4/28/2025 4:56:55 PM,0.2347331,99419.086
4/28/2025 4:56:55 PM,0.2347331,99457.29
4/28/2025 4:56:55 PM,0.2347331,99470.02
4/28/2025 4:56:55 PM,0.2347331,99506.37
4/28/2025 4:56:55 PM,0.2347331,99544.59
4/28/2025 4:56:55 PM,0.2347331,99557.34
4/28/2025 4:56:55 PM,0.2347331,99582.85
4/28/2025 4:56:55 PM,0.2347331,99606.375
4/28/2025 4:56:55 PM,0.2347331,99631.88
4/28/2025 4:56:55 PM,0.2347331,99657.4
4/28/2025 4:56:56 PM,0.2347331,99695.7
4/28/2025 4:56:56 PM,0.2347331,99719.15
4/28/2025 4:56:56 PM,0.2347331,99770.24
4/28/2025 4:56:56 PM,0.2347331,99795.81
4/28/2025 4:56:56 PM,0.2347331,99808.59
4/28/2025 4:56:56 PM,0.2347331,99844.73
4/28/2025 4:56:56 PM,0.2347331,99883.11
4/28/2025 4:56:56 PM,0.2347331,99895.9
4/28/2025 4:56:56 PM,0.2347331,99931.984
4/28/2025 4:56:56 PM,0.2347331,99944.78
4/28/2025 4:56:56 PM,0.2347331,99983.19
4/28/2025 4:56:56 PM,0.28344065,100008.18
4/28/2025 4:56:56 PM,0.008850368,5580.3574
4/28/2025 4:56:56 PM,0.030991547,73504.73
4/28/2025 4:56:56 PM,0.039841913,119634.6
4/28/2025 4:56:56 PM,0.066423535,8462.413
4/28/2025 4:56:56 PM,0.079699084,157.86018
4/28/2025 4:56:56 PM,0.088579975,192.0477
4/28/2025 4:56:56 PM,0.10628071,233.94223
4/28/2025 4:56:56 PM,0.11957152,259.55148
4/28/2025 4:56:56 PM,0.12401196,275.13647
4/28/2025 4:56:56 PM,0.13286233,300.77
4/28/2025 4:56:56 PM,0.1417127,328.21033
4/28/2025 4:56:56 PM,0.15056306,355.27515
4/28/2025 4:56:56 PM,0.16386914,391.604
4/28/2025 4:56:56 PM,0.16829431,415.0434
4/28/2025 4:56:56 PM,0.17714468,440.38895
