Frequency,Channel A

0.00000000,-24.24078751
0.19073486,-31.10126877
0.38146973,-45.91898346
0.57220459,-51.36432648
0.76293945,-62.75519562
0.95367432,-51.15516663
1.14440918,-48.62293243
1.33514404,-49.82105637
1.52587891,-50.44710541
1.71661377,-52.41894531
1.90734863,-51.35043716
2.09808350,-48.70931625
2.28881836,-46.89997864
2.47955322,-47.35044479
2.67028809,-57.95442200
2.86102295,-51.16217804
3.05175781,-50.23654175
3.24249268,-42.80551529
3.43322754,-30.08996964
3.62396240,-9.40753841
3.81469727,-1.21800721
4.00543213,-1.28267050
4.19616699,-9.58493614
4.38690186,-13.48268032
4.57763672,-1.45943832
4.76837158,0.98076904
4.95910645,-4.39190626
5.14984131,-19.75663948
5.34057617,-44.56573486
5.53131104,-66.57137299
5.72204590,-52.21989441
5.91278076,-52.95287323
6.10351562,-52.29444504
6.29425049,-59.16879272
6.48498535,-61.07406616
6.67572021,-57.99450684
6.86645508,-63.90888214
7.05718994,-51.82582855
7.24792480,-49.02338028
7.43865967,-49.69283676
7.62939453,-51.57139587
7.82012939,-53.23992920
8.01086426,-52.58212662
8.20159912,-46.21362686
8.39233398,-47.91211700
8.58306885,-54.49859238
8.77380371,-48.00428009
8.96453857,-50.53014374
9.15527344,-57.38329315
9.34600830,-52.52319336
9.53674316,-50.00846100
9.72747803,-51.11235809
9.91821289,-46.92143250
10.10894775,-48.66922379
10.29968262,-52.23128891
10.49041748,-46.32063293
10.68115234,-49.14868164
10.87188721,-54.91390991
11.06262207,-48.66855621
11.25335693,-46.28845215
11.44409180,-48.90011597
11.63482666,-59.71947479
11.82556152,-53.23460388
12.01629639,-48.49578476
12.20703125,-50.36812592
12.39776611,-48.82310486
12.58850098,-45.58200455
12.77923584,-44.07945251
12.96997070,-46.68076324
13.16070557,-52.30980301
13.35144043,-55.58017731
13.54217529,-54.68006516
13.73291016,-50.53614807
13.92364502,-46.53642654
14.11437988,-47.88732147
14.30511475,-63.24088287
14.49584961,-51.58531570
14.68658447,-49.87512589
14.87731934,-46.23771667
15.06805420,-47.62661743
15.25878906,-51.97306061
15.44952393,-55.51377106
15.64025879,-50.51829529
15.83099365,-46.30583191
16.02172852,-47.52698517
16.21246338,-54.42462540
16.40319824,-77.86685181
16.59393311,-52.87603378
16.78466797,-48.55367279
16.97540283,-52.35908508
17.16613770,-57.39108276
17.35687256,-48.45088196
17.54760742,-49.90095139
17.73834229,-65.34133148
17.92907715,-65.32376862
18.11981201,-61.28011703
18.31054688,-52.57896042
18.50128174,-48.02861023
18.69201660,-49.48534012
18.88275146,-56.16080856
19.07348633,-71.18813324
19.26422119,-52.05659485
19.45495605,-49.87548065
19.64569092,-57.77371979
19.83642578,-60.76125717
20.02716064,-47.84906387
20.21789551,-45.22348022
20.40863037,-48.39430237
20.59936523,-52.04872131
20.79010010,-48.22363281
20.98083496,-46.57955551
21.17156982,-49.41794586
21.36230469,-51.31782150
21.55303955,-59.07411957
21.74377441,-56.32104874
21.93450928,-54.76936340
22.12524414,-53.12845612
22.31597900,-53.84945679
22.50671387,-59.13955307
22.69744873,-57.01898193
22.88818359,-51.64587402
23.07891846,-48.76986694
23.26965332,-53.50249481
23.46038818,-58.78504181
23.65112305,-54.32183075
23.84185791,-55.93519211
24.03259277,-68.82605743
24.22332764,-63.81476593
24.41406250,-48.81018829
24.60479736,-46.90050507
24.79553223,-57.86460114
24.98626709,-53.04040909
25.17700195,-52.26581573
25.36773682,-55.66920853
25.55847168,-71.58867645
25.74920654,-61.98694229
25.93994141,-52.84952164
26.13067627,-50.36994171
26.32141113,-50.11196518
26.51214600,-53.33982849
26.70288086,-50.95446014
26.89361572,-54.45749664
27.08435059,-53.34359741
27.27508545,-49.62360764
27.46582031,-50.81840897
27.65655518,-55.23450851
27.84729004,-54.82952118
28.03802490,-49.58064270
28.22875977,-52.90826797
28.41949463,-55.86329651
28.61022949,-54.71336746
28.80096436,-61.48670197
28.99169922,-50.44063568
29.18243408,-51.32197952
29.37316895,-54.34962463
29.56390381,-54.72311020
29.75463867,-58.75991440
29.94537354,-64.32658386
30.13610840,-52.79285812
30.32684326,-60.30295944
30.51757812,-51.49181366
30.70831299,-50.85125351
30.89904785,-58.29725647
31.08978271,-62.02545547
31.28051758,-64.06288910
31.47125244,-65.01251984
31.66198730,-64.53768158
31.85272217,-56.97003937
32.04345703,-61.19096756
32.23419189,-61.91189194
32.42492676,-57.62100220
32.61566162,-54.71822357
32.80639648,-55.97027588
32.99713135,-57.86140442
33.18786621,-57.29045486
33.37860107,-54.27853012
33.56933594,-55.40328979
33.76007080,-55.72196198
33.95080566,-52.19424820
34.14154053,-53.72779846
34.33227539,-56.47037125
34.52301025,-57.53356552
34.71374512,-56.98617935
34.90447998,-53.43124771
35.09521484,-47.73894882
35.28594971,-48.15937424
35.47668457,-52.67372894
35.66741943,-56.38463593
35.85815430,-55.13103104
36.04888916,-59.88404846
36.23962402,-55.94945526
36.43035889,-52.30478668
36.62109375,-53.67168808
36.81182861,-51.19436646
37.00256348,-50.98991394
37.19329834,-52.66739655
37.38403320,-54.67348480
37.57476807,-65.90699768
37.76550293,-54.30759048
37.95623779,-50.63253784
38.14697266,-51.60186005
38.33770752,-53.40235138
38.52844238,-64.69211578
38.71917725,-55.82980347
38.90991211,-51.00681305
39.10064697,-54.15626526
39.29138184,-49.49794769
39.48211670,-45.19962311
39.67285156,-50.22987366
39.86358643,-57.32691956
40.05432129,-49.43036652
40.24505615,-54.75128555
40.43579102,-53.58774185
40.62652588,-46.15932083
40.81726074,-44.48724747
41.00799561,-45.74050903
41.19873047,-45.71372604
41.38946533,-47.46141815
41.58020020,-64.25104523
41.77093506,-49.27684402
41.96166992,-45.73470688
42.15240479,-46.77179718
42.34313965,-49.05608749
42.53387451,-52.44857788
42.72460938,-56.69073105
42.91534424,-54.11161423
43.10607910,-53.88936615
43.29681396,-61.20571518
43.48754883,-62.99002838
43.67828369,-58.17876434
43.86901855,-57.44166565
44.05975342,-51.86400604
44.25048828,-50.49045944
44.44122314,-51.05582428
44.63195801,-52.84815979
44.82269287,-51.11037827
45.01342773,-47.51821136
45.20416260,-46.92216873
45.39489746,-46.74698257
45.58563232,-47.84000778
45.77636719,-50.26222610
45.96710205,-52.06375122
46.15783691,-52.81076431
46.34857178,-52.90557098
46.53930664,-52.87511826
46.73004150,-53.23370361
46.92077637,-53.19833755
47.11151123,-51.06842041
47.30224609,-57.39762115
47.49298096,-54.20608139
47.68371582,-52.05368423
47.87445068,-56.40184021
48.06518555,-62.18791199
48.25592041,-63.46593475
48.44665527,-55.41738892
48.63739014,-50.45798874
48.82812500,-51.54026794
49.01885986,-58.51886368
49.20959473,-61.79767227
49.40032959,-54.85213852
49.59106445,-52.96033478
49.78179932,-51.50678635
49.97253418,-50.59394836
50.16326904,-52.51650238
50.35400391,-55.27647018
50.54473877,-57.00400925
50.73547363,-55.86965179
50.92620850,-53.12031555
51.11694336,-51.90276718
51.30767822,-51.04190826
51.49841309,-51.76553345
51.68914795,-54.71802521
51.87988281,-66.96791840
52.07061768,-54.01573181
52.26135254,-52.12488174
52.45208740,-54.59512711
52.64282227,-56.44023895
52.83355713,-54.64981842
53.02429199,-57.93404007
53.21502686,-62.74716187
53.40576172,-54.24282455
53.59649658,-48.34632111
53.78723145,-47.40433502
53.97796631,-54.48194122
54.16870117,-59.30888748
54.35943604,-53.86722183
54.55017090,-50.43708420
54.74090576,-50.56038666
54.93164062,-60.47895813
55.12237549,-53.20269775
55.31311035,-48.80788803
55.50384521,-49.24188614
55.69458008,-52.46276855
55.88531494,-53.11243439
56.07604980,-52.21500397
56.26678467,-50.40534973
56.45751953,-47.23080444
56.64825439,-48.79252625
56.83898926,-54.63842010
57.02972412,-64.88857269
57.22045898,-62.00092316
57.41119385,-62.79192352
57.60192871,-53.05288315
57.79266357,-51.12378693
57.98339844,-58.18278503
58.17413330,-65.04922485
58.36486816,-61.13309479
58.55560303,-62.08899689
58.74633789,-58.27735138
58.93707275,-70.46471405
59.12780762,-80.15541840
59.31854248,-60.15789032
59.50927734,-64.47449493
59.70001221,-60.47989273
59.89074707,-54.14372253
60.08148193,-58.31178665
60.27221680,-52.81214905
60.46295166,-51.85974884
60.65368652,-60.12951660
60.84442139,-59.12368393
61.03515625,-58.94278717
61.22589111,-62.48718262
61.41662598,-60.49018097
61.60736084,-54.35657501
61.79809570,-53.08979034
61.98883057,-64.26142883
62.17956543,-54.41923141
62.37030029,-49.26071548
62.56103516,-46.22764587
62.75177002,-47.54344940
62.94250488,-58.07573318
63.13323975,-55.46379089
63.32397461,-54.14194107
63.51470947,-62.29975128
63.70544434,-60.88188934
63.89617920,-51.05098724
64.08691406,-48.71703720
64.27764893,-50.74945068
64.46838379,-53.65974045
64.65911865,-54.23864365
64.84985352,-56.45557022
65.04058838,-58.22196579
65.23132324,-64.65765381
65.42205811,-57.96636581
65.61279297,-58.95101929
65.80352783,-59.67350006
65.99426270,-53.78297806
66.18499756,-50.89569855
66.37573242,-46.47026825
66.56646729,-46.83898163
66.75720215,-53.55698013
66.94793701,-82.19852448
67.13867188,-60.53203964
67.32940674,-53.20674133
67.52014160,-52.10787201
67.71087646,-53.95900345
67.90161133,-55.12649155
68.09234619,-59.06259155
68.28308105,-57.92820740
68.47381592,-52.93056870
68.66455078,-57.49662018
68.85528564,-68.12056732
69.04602051,-59.40568542
69.23675537,-53.04231262
69.42749023,-55.76638031
69.61822510,-60.50819016
69.80895996,-57.55937195
69.99969482,-60.42232513
70.19042969,-63.92795181
70.38116455,-59.51795959
70.57189941,-66.51596069
70.76263428,-55.45603943
70.95336914,-62.84733582
71.14410400,-56.71678543
71.33483887,-52.75620270
71.52557373,-53.70915985
71.71630859,-58.91255188
71.90704346,-62.30743790
72.09777832,-57.99377441
72.28851318,-55.28213501
72.47924805,-60.20261765
72.66998291,-63.10747528
72.86071777,-54.75305557
73.05145264,-50.24378967
73.24218750,-49.86235046
73.43292236,-49.67717743
73.62365723,-51.35528183
73.81439209,-54.81462479
74.00512695,-53.02770233
74.19586182,-53.20374298
74.38659668,-53.38580704
74.57733154,-53.21007156
74.76806641,-74.92167664
74.95880127,-63.02179337
75.14953613,-59.56608200
75.34027100,-54.32353973
75.53100586,-55.33589172
75.72174072,-58.58699036
75.91247559,-56.19150162
76.10321045,-55.77989197
76.29394531,-58.87168503
76.48468018,-57.00451279
76.67541504,-54.86676025
76.86614990,-53.99300003
77.05688477,-59.39409256
77.24761963,-56.94817352
77.43835449,-58.34091187
77.62908936,-65.37303162
77.81982422,-51.25398636
78.01055908,-49.04703140
78.20129395,-52.73675537
78.39202881,-64.98282623
78.58276367,-63.92871857
78.77349854,-55.91698456
78.96423340,-53.93778229
79.15496826,-55.72851181
79.34570312,-54.19023132
79.53643799,-52.88801193
79.72717285,-55.81744385
79.91790771,-74.00672150
80.10864258,-57.63539886
80.29937744,-54.82736969
80.49011230,-57.70131683
80.68084717,-63.65274811
80.87158203,-51.81942749
81.06231689,-49.73125458
81.25305176,-51.15861511
81.44378662,-51.85214996
81.63452148,-50.51248550
81.82525635,-52.95244598
82.01599121,-58.35853195
82.20672607,-54.84252167
82.39746094,-52.16356659
82.58819580,-51.51119614
82.77893066,-48.26288605
82.96966553,-48.73652649
83.16040039,-48.89581680
83.35113525,-50.71306610
83.54187012,-54.91932678
83.73260498,-54.30843735
83.92333984,-53.70420837
84.11407471,-52.25434113
84.30480957,-51.71889877
84.49554443,-56.34685516
84.68627930,-61.75410461
84.87701416,-65.49626160
85.06774902,-59.86256409
85.25848389,-65.62009430
85.44921875,-58.75335312
85.63995361,-53.77296829
85.83068848,-55.74173737
86.02142334,-61.54524231
86.21215820,-59.94683075
86.40289307,-59.83162689
86.59362793,-60.89250946
86.78436279,-55.59179688
86.97509766,-60.44744110
87.16583252,-59.96495056
87.35656738,-59.32607651
87.54730225,-60.75513458
87.73803711,-53.75709152
87.92877197,-57.42269516
88.11950684,-63.92279816
88.31024170,-57.08315277
88.50097656,-52.82827377
88.69171143,-54.71136475
88.88244629,-69.00937653
89.07318115,-63.48302460
89.26391602,-57.22150421
89.45465088,-57.95215607
89.64538574,-57.37115860
89.83612061,-52.21971893
90.02685547,-52.37012482
90.21759033,-53.37268448
90.40832520,-61.36654663
90.59906006,-58.00852966
90.78979492,-53.76371002
90.98052979,-52.78863907
91.17126465,-59.26016235
91.36199951,-64.23268890
91.55273438,-57.44817352
91.74346924,-58.39633179
91.93420410,-57.15341568
92.12493896,-52.45058060
92.31567383,-58.17626953
92.50640869,-60.20143509
92.69714355,-55.07518387
92.88787842,-55.61752701
93.07861328,-63.26071930
93.26934814,-65.32551575
93.46008301,-64.33689880
93.65081787,-66.26673889
93.84155273,-56.77997971
94.03228760,-52.83612061
94.22302246,-51.49838257
94.41375732,-51.86827087
94.60449219,-52.06571198
94.79522705,-52.06624603
94.98596191,-53.80786514
95.17669678,-54.62758636
95.36743164,-66.45307159
95.55816650,-60.36813736
95.74890137,-57.21464157
95.93963623,-57.00376511
96.13037109,-60.63540649
96.32110596,-62.54783249
96.51184082,-57.16792679
96.70257568,-53.07072067
96.89331055,-52.80597305
97.08404541,-53.55746460
97.27478027,-56.51416397
97.46551514,-53.05481339
97.65625000,-53.32989502
97.84698486,-68.29236603
98.03771973,-59.03129578
98.22845459,-59.40450668
98.41918945,-50.56442642
98.60992432,-49.65382004
98.80065918,-52.58388519
98.99139404,-55.38737869
99.18212891,-52.61602402
99.37286377,-52.55871201
99.56359863,-59.15325546
99.75433350,-65.61572266
99.94506836,-59.47285080
100.13580322,-53.41302490
100.32653809,-52.42871857
100.51727295,-55.10467911
100.70800781,-59.34185410
100.89874268,-65.60727692
101.08947754,-61.28714752
101.28021240,-59.13323212
101.47094727,-58.44146729
101.66168213,-59.27912903
101.85241699,-56.28796387
102.04315186,-52.07192993
102.23388672,-50.50017548
102.42462158,-64.16369629
102.61535645,-54.36550140
102.80609131,-59.08540726
102.99682617,-58.43183899
103.18756104,-65.38021851
103.37829590,-56.59063721
103.56903076,-55.24122620
103.75976562,-65.92085266
103.95050049,-59.61929321
104.14123535,-53.98647690
104.33197021,-50.57064438
104.52270508,-48.61898422
104.71343994,-48.41511536
104.90417480,-46.51242065
105.09490967,-48.02883530
105.28564453,-57.49362946
105.47637939,-62.32582474
105.66711426,-54.11277008
105.85784912,-51.16601944
106.04858398,-52.27019501
106.23931885,-60.24423599
106.43005371,-67.86609650
106.62078857,-63.17807007
106.81152344,-64.10950470
107.00225830,-52.41791534
107.19299316,-50.49196243
107.38372803,-52.78778076
107.57446289,-59.07024765
107.76519775,-59.90493393
107.95593262,-55.11672974
108.14666748,-66.27449036
108.33740234,-56.49118423
108.52813721,-52.09014893
108.71887207,-52.24180222
108.90960693,-56.29678726
109.10034180,-64.70896912
109.29107666,-53.06377792
109.48181152,-53.94340897
109.67254639,-66.50436401
109.86328125,-57.07851028
110.05401611,-65.73110962
110.24475098,-74.76529694
110.43548584,-57.69476318
110.62622070,-53.74325180
110.81695557,-59.41889191
111.00769043,-53.63689423
111.19842529,-53.71527863
111.38916016,-57.51840591
111.57989502,-58.04296112
111.77062988,-66.35163879
111.96136475,-56.06312561
112.15209961,-51.12764359
112.34283447,-52.44851685
112.53356934,-57.25322342
112.72430420,-57.64046097
112.91503906,-59.41726303
113.10577393,-59.88301086
113.29650879,-58.31057739
113.48724365,-60.40607071
113.67797852,-55.78018188
113.86871338,-53.38280487
114.05944824,-57.51455688
114.25018311,-56.56373596
114.44091797,-46.78306961
114.63165283,-47.59578705
114.82238770,-53.89118576
115.01312256,-52.10467529
115.20385742,-50.45954132
115.39459229,-56.73025131
115.58532715,-54.72172165
115.77606201,-53.58168793
115.96679688,-53.73511887
116.15753174,-58.66312027
116.34826660,-60.05563736
116.53900146,-51.25531006
116.72973633,-51.63494110
116.92047119,-54.16800690
117.11120605,-51.07231140
117.30194092,-51.87656784
117.49267578,-55.97949600
117.68341064,-57.02740479
117.87414551,-58.10428619
118.06488037,-57.11353302
118.25561523,-57.35448837
118.44635010,-56.76012039
118.63708496,-56.52671432
118.82781982,-52.95833588
119.01855469,-52.06031799
119.20928955,-50.62370300
119.40002441,-54.44468689
119.59075928,-70.83450317
119.78149414,-58.75232697
119.97222900,-54.04765320
120.16296387,-49.89446640
120.35369873,-48.89932251
120.54443359,-50.31194305
120.73516846,-51.98959351
120.92590332,-52.72964478
121.11663818,-52.11689758
121.30737305,-51.57240295
121.49810791,-52.81748199
121.68884277,-59.29072952
121.87957764,-59.44457245
122.07031250,-54.52204132
122.26104736,-50.56477356
122.45178223,-49.72633362
122.64251709,-57.36029053
122.83325195,-55.76448441
123.02398682,-53.35455322
123.21472168,-57.94330215
123.40545654,-55.28584290
123.59619141,-52.15957642
123.78692627,-51.94709396
123.97766113,-50.92071915
124.16839600,-51.85411453
124.35913086,-55.73261642
124.54986572,-60.22920227
124.74060059,-71.68407440
124.93133545,-64.01509094
125.12207031,-72.85462189
125.31280518,-61.15508270
125.50354004,-63.43061066
125.69427490,-59.95246887
125.88500977,-53.30268860
126.07574463,-54.24945068
126.26647949,-57.19728470
126.45721436,-55.28494263
126.64794922,-53.95953751
126.83868408,-57.06580734
127.02941895,-57.12942505
127.22015381,-56.36716843
127.41088867,-57.58564377
127.60162354,-62.85629272
127.79235840,-54.04710770
127.98309326,-54.26382065
128.17382812,-59.98057556
128.36456299,-60.89673615
128.55529785,-57.46413422
128.74603271,-61.44721222
128.93676758,-71.60255432
129.12750244,-65.91950989
129.31823730,-58.98043060
129.50897217,-60.65471649
129.69970703,-53.54791260
129.89044189,-63.29388428
130.08117676,-60.28435135
130.27191162,-69.40998840
130.46264648,-69.67981720
130.65338135,-62.04984665
130.84411621,-53.49189377
131.03485107,-50.10995865
131.22558594,-49.35357666
131.41632080,-52.42987823
131.60705566,-73.80001831
131.79779053,-54.62265396
131.98852539,-58.39559174
132.17926025,-59.43852997
132.36999512,-52.54088593
132.56072998,-52.60848236
132.75146484,-56.81131363
132.94219971,-57.09169006
133.13293457,-54.45410919
133.32366943,-58.87806702
133.51440430,-62.82292175
133.70513916,-58.92567062
133.89587402,-51.09161758
134.08660889,-49.82872772
134.27734375,-52.61579895
134.46807861,-52.91334534
134.65881348,-55.99609756
134.84954834,-59.24967194
135.04028320,-88.58470154
135.23101807,-64.05033875
135.42175293,-62.18996048
135.61248779,-66.27318573
135.80322266,-63.55242920
135.99395752,-67.93273163
136.18469238,-60.96005249
136.37542725,-60.21728134
136.56616211,-68.42185974
136.75689697,-63.79919434
136.94763184,-57.75989151
137.13836670,-53.62563705
137.32910156,-59.25909424
137.51983643,-58.77967453
137.71057129,-56.69257736
137.90130615,-61.99317169
138.09204102,-54.07169724
138.28277588,-51.16596985
138.47351074,-49.64767456
138.66424561,-48.88788605
138.85498047,-49.37024689
139.04571533,-51.34828568
139.23645020,-54.99920654
139.42718506,-63.63146973
139.61791992,-64.07927704
139.80865479,-55.10799789
139.99938965,-53.34850693
140.19012451,-59.32937241
140.38085938,-59.27943420
140.57159424,-57.01956177
140.76232910,-55.79336548
140.95306396,-55.12863541
141.14379883,-52.49696350
141.33453369,-52.09362793
141.52526855,-55.19970322
141.71600342,-61.59603500
141.90673828,-60.04720688
142.09747314,-53.39723206
142.28820801,-57.23866272
142.47894287,-69.10264587
142.66967773,-57.04960632
142.86041260,-52.70664215
143.05114746,-57.31936646
143.24188232,-65.29447937
143.43261719,-63.20411682
143.62335205,-65.72694397
143.81408691,-60.08777237
144.00482178,-60.78946686
144.19555664,-59.95771408
144.38629150,-53.19722748
144.57702637,-56.06985092
144.76776123,-59.65481186
144.95849609,-70.60862732
145.14923096,-59.22736359
145.33996582,-60.46719360
145.53070068,-54.22583008
145.72143555,-50.01987457
145.91217041,-52.68607712
146.10290527,-57.99437714
146.29364014,-59.10531616
146.48437500,-61.08734131
146.67510986,-67.56731415
146.86584473,-60.21461487
147.05657959,-56.67443085
147.24731445,-60.46025848
147.43804932,-55.96897507
147.62878418,-51.58702469
147.81951904,-54.64313126
148.01025391,-61.35950470
148.20098877,-61.59301376
148.39172363,-57.73783112
148.58245850,-59.56826019
148.77319336,-59.26187515
148.96392822,-54.51752472
149.15466309,-54.42155457
149.34539795,-50.69672394
149.53613281,-49.90926743
149.72686768,-56.00179291
149.91760254,-72.09870911
150.10833740,-58.09059143
150.29907227,-55.98934937
150.48980713,-56.91296387
150.68054199,-56.46352768
150.87127686,-55.25874329
151.06201172,-60.93993759
151.25274658,-65.43085480
151.44348145,-60.56442642
151.63421631,-59.52263641
151.82495117,-53.40813065
152.01568604,-50.81687164
152.20642090,-53.00408936
152.39715576,-59.05011749
152.58789062,-66.60176849
152.77862549,-64.07548523
152.96936035,-58.29833221
153.16009521,-55.79644012
153.35083008,-57.09048462
153.54156494,-53.28869247
153.73229980,-54.19966888
153.92303467,-60.94975281
154.11376953,-57.15218353
154.30450439,-52.33127594
154.49523926,-54.09712219
154.68597412,-63.21556473
154.87670898,-55.69634247
155.06744385,-58.79579544
155.25817871,-54.50137711
155.44891357,-50.01848221
155.63964844,-48.30091858
155.83038330,-49.50820160
156.02111816,-52.64539337
156.21185303,-54.40387726
156.40258789,-54.62735748
156.59332275,-52.71770859
156.78405762,-53.97455215
156.97479248,-61.30159378
157.16552734,-60.00770187
157.35626221,-62.84158707
157.54699707,-68.12185669
157.73773193,-78.93390656
157.92846680,-55.95162964
158.11920166,-52.66953278
158.30993652,-54.58312607
158.50067139,-59.41106415
158.69140625,-56.73355103
158.88214111,-53.89354706
159.07287598,-55.10131836
159.26361084,-56.30683136
159.45434570,-57.63838196
159.64508057,-59.02259827
159.83581543,-54.01336670
160.02655029,-56.23095703
160.21728516,-52.91949463
160.40802002,-50.34313583
160.59875488,-53.58135605
160.78948975,-59.36727142
160.98022461,-57.20412827
161.17095947,-56.03694916
161.36169434,-63.97727585
161.55242920,-60.78681564
161.74316406,-61.32035065
161.93389893,-61.83826447
162.12463379,-56.89188385
162.31536865,-54.32560730
162.50610352,-49.70595551
162.69683838,-46.86651611
162.88757324,-47.51750183
163.07830811,-52.56240463
163.26904297,-55.65954590
163.45977783,-51.82022095
163.65051270,-55.88607407
163.84124756,-63.94904327
164.03198242,-64.55785370
164.22271729,-58.87124634
164.41345215,-57.15663910
164.60418701,-55.59043884
164.79492188,-56.24504471
164.98565674,-65.48252869
165.17639160,-58.15071487
165.36712646,-56.09638977
165.55786133,-57.42618179
165.74859619,-52.43236542
165.93933105,-52.06014252
166.13006592,-55.83421326
166.32080078,-61.17082596
166.51153564,-77.17004395
166.70227051,-59.86337662
166.89300537,-61.75408936
167.08374023,-64.25639343
167.27447510,-54.62057495
167.46520996,-52.84508514
167.65594482,-53.85940552
167.84667969,-54.47187424
168.03741455,-57.23923111
168.22814941,-55.56914520
168.41888428,-55.93007660
168.60961914,-57.55369186
168.80035400,-65.63254547
168.99108887,-66.52034760
169.18182373,-63.54731750
169.37255859,-63.72836304
169.56329346,-63.59998703
169.75402832,-64.21096802
169.94476318,-63.45136642
170.13549805,-62.13550568
170.32623291,-65.52462769
170.51696777,-56.59557343
170.70770264,-51.00893402
170.89843750,-52.10052109
171.08917236,-58.36143112
171.27990723,-62.22620392
171.47064209,-63.49822617
171.66137695,-61.10963821
171.85211182,-59.52927399
172.04284668,-67.27713776
172.23358154,-65.71543121
172.42431641,-53.91742325
172.61505127,-49.36165237
172.80578613,-48.79169846
172.99652100,-49.48985291
173.18725586,-49.06700897
173.37799072,-50.24197388
173.56872559,-53.56111908
173.75946045,-59.68847275
173.95019531,-52.31683731
174.14093018,-48.96622086
174.33166504,-49.51648712
174.52239990,-52.42059708
174.71313477,-54.07545471
174.90386963,-60.60808563
175.09460449,-54.58126068
175.28533936,-56.61904144
175.47607422,-58.85761642
175.66680908,-57.11876297
175.85754395,-58.48814392
176.04827881,-70.11511993
176.23901367,-60.40365219
176.42974854,-58.63235092
176.62048340,-60.70918655
176.81121826,-60.22231674
177.00195312,-65.91763306
177.19268799,-57.61241913
177.38342285,-55.44025803
177.57415771,-56.56776047
177.76489258,-60.36212158
177.95562744,-58.43368530
178.14636230,-57.92196655
178.33709717,-55.41883469
178.52783203,-57.01788330
178.71856689,-60.08430862
178.90930176,-64.82450867
179.10003662,-55.16122818
179.29077148,-51.14585495
179.48150635,-52.85911942
179.67224121,-53.06167603
179.86297607,-55.08291626
180.05371094,-63.83970642
180.24444580,-63.84345245
180.43518066,-60.11462402
180.62591553,-54.80865479
180.81665039,-54.59783173
181.00738525,-54.12834930
181.19812012,-54.14552689
181.38885498,-56.63905334
181.57958984,-58.96709824
181.77032471,-60.53573608
181.96105957,-65.24491119
182.15179443,-58.42758942
182.34252930,-54.71576309
182.53326416,-55.86119080
182.72399902,-71.97914886
182.91473389,-56.04800797
183.10546875,-53.51180649
183.29620361,-57.90485764
183.48693848,-57.29344940
183.67767334,-68.81282043
183.86840820,-59.68425751
184.05914307,-71.68581390
184.24987793,-58.34125519
184.44061279,-53.69285202
184.63134766,-52.36480331
184.82208252,-55.97932434
185.01281738,-55.63626862
185.20355225,-53.31096268
185.39428711,-55.26951218
185.58502197,-64.46474457
185.77575684,-64.54325867
185.96649170,-58.06062317
186.15722656,-59.94147491
186.34796143,-57.06210327
186.53869629,-52.73609161
186.72943115,-50.21363068
186.92016602,-55.76572418
187.11090088,-56.49009323
187.30163574,-56.61102295
187.49237061,-60.12910461
187.68310547,-55.91204071
187.87384033,-52.20060730
188.06457520,-54.63145447
188.25531006,-64.31065369
188.44604492,-53.68722534
188.63677979,-55.25265503
188.82751465,-60.53935623
189.01824951,-53.65776062
189.20898438,-53.58961487
189.39971924,-58.22470856
189.59045410,-68.51522827
189.78118896,-59.36406708
189.97192383,-53.34352112
190.16265869,-55.45855713
190.35339355,-62.16942596
190.54412842,-61.51966858
190.73486328,-52.65306473
190.92559814,-51.45728683
191.11633301,-52.66619873
191.30706787,-56.25793076
191.49780273,-63.50116730
191.68853760,-61.20072174
191.87927246,-55.78399277
192.07000732,-57.37951279
192.26074219,-52.23414993
192.45147705,-50.12801361
192.64221191,-50.84304810
192.83294678,-50.71382141
193.02368164,-52.87237167
193.21441650,-56.01078415
193.40515137,-56.04227448
193.59588623,-56.90241241
193.78662109,-63.64849091
193.97735596,-70.17943573
194.16809082,-54.48723602
194.35882568,-49.81002426
194.54956055,-52.42919922
194.74029541,-57.76966095
194.93103027,-54.82897949
195.12176514,-52.01979065
195.31250000,-53.10512543
195.50323486,-59.35218430
195.69396973,-59.00784302
195.88470459,-60.31773376
196.07543945,-62.45576477
196.26617432,-56.06330490
196.45690918,-55.52609253
196.64764404,-70.47310638
196.83837891,-57.49641037
197.02911377,-55.79989624
197.21984863,-66.57608795
197.41058350,-64.35093689
197.60131836,-63.04652786
197.79205322,-63.78938293
197.98278809,-55.01922607
198.17352295,-51.65621948
198.36425781,-53.88842773
198.55499268,-53.32470322
198.74572754,-52.77799988
198.93646240,-55.93879318
199.12719727,-53.12030792
199.31793213,-49.93514633
199.50866699,-51.80381012
199.69940186,-53.58866119
199.89013672,-53.42444611
200.08087158,-50.60688400
200.27160645,-48.05561829
200.46234131,-51.61548996
200.65307617,-64.67900085
200.84381104,-61.50049591
201.03454590,-61.08421326
201.22528076,-55.04092407
201.41601562,-53.10836029
201.60675049,-53.59649658
201.79748535,-54.18350220
201.98822021,-52.31412888
202.17895508,-53.65262985
202.36968994,-53.92445374
202.56042480,-55.01318359
202.75115967,-62.73974609
202.94189453,-62.01345062
203.13262939,-59.15895462
203.32336426,-60.54413223
203.51409912,-75.33802795
203.70483398,-59.36854935
203.89556885,-58.77942657
204.08630371,-63.73893738
204.27703857,-55.63087082
204.46777344,-51.21480560
204.65850830,-52.01761627
204.84924316,-63.56851959
205.03997803,-54.31615448
205.23071289,-51.95656204
205.42144775,-55.33115768
205.61218262,-56.38793564
205.80291748,-55.34978867
205.99365234,-61.82098770
206.18438721,-75.93302155
206.37512207,-66.16497803
206.56585693,-56.19541931
206.75659180,-54.65122986
206.94732666,-55.49698639
207.13806152,-58.19532776
207.32879639,-62.15751266
207.51953125,-51.31056213
207.71026611,-51.73776627
207.90100098,-56.42875671
208.09173584,-58.00723648
208.28247070,-56.67295837
208.47320557,-53.39550400
208.66394043,-53.86196136
208.85467529,-57.82854462
209.04541016,-59.16102600
209.23614502,-60.32253265
209.42687988,-94.83161926
209.61761475,-60.08313751
209.80834961,-60.67882156
209.99908447,-54.46355820
210.18981934,-53.36833572
210.38055420,-55.41912842
210.57128906,-57.86659622
210.76202393,-65.39106750
210.95275879,-59.93171310
211.14349365,-52.51801300
211.33422852,-51.44192123
211.52496338,-59.50065994
211.71569824,-58.94749451
211.90643311,-54.16688919
212.09716797,-50.33264160
212.28790283,-51.60142517
212.47863770,-58.06786346
212.66937256,-73.73218536
212.86010742,-57.34066772
213.05084229,-56.42376709
213.24157715,-62.51346207
213.43231201,-61.34326553
213.62304688,-54.22606659
213.81378174,-53.79460907
214.00451660,-59.81205750
214.19525146,-67.32267761
214.38598633,-60.58990479
214.57672119,-60.79290009
214.76745605,-68.25942230
214.95819092,-58.22832489
215.14892578,-56.47955322
215.33966064,-51.96793365
215.53039551,-53.68121338
215.72113037,-69.74794769
215.91186523,-57.28950882
216.10260010,-67.48378754
216.29333496,-57.03349304
216.48406982,-53.72442245
216.67480469,-57.24330139
216.86553955,-58.99939728
217.05627441,-58.35339355
217.24700928,-57.23713684
217.43774414,-53.93320465
217.62847900,-50.80166626
217.81921387,-51.07393646
218.00994873,-53.62395859
218.20068359,-54.66881180
218.39141846,-63.29002380
218.58215332,-55.82858658
218.77288818,-50.42369080
218.96362305,-51.35823059
219.15435791,-53.77309418
219.34509277,-52.68382645
219.53582764,-52.82025909
219.72656250,-58.47121429
219.91729736,-66.06639099
220.10803223,-64.36966705
220.29876709,-61.95448303
220.48950195,-58.85101318
220.68023682,-59.62982178
220.87097168,-60.71921921
221.06170654,-57.36246109
221.25244141,-52.18623352
221.44317627,-53.80076599
221.63391113,-57.54319763
221.82464600,-67.63957214
222.01538086,-59.93849945
222.20611572,-68.36396790
222.39685059,-59.52779770
222.58758545,-54.28159332
222.77832031,-51.51629639
222.96905518,-53.98529434
223.15979004,-69.61746216
223.35052490,-70.85964203
223.54125977,-70.97515106
223.73199463,-62.94231415
223.92272949,-61.76343536
224.11346436,-71.44648743
224.30419922,-56.20845413
224.49493408,-52.98115540
224.68566895,-58.73096085
224.87640381,-54.91675949
225.06713867,-54.85525131
225.25787354,-67.70018005
225.44860840,-67.07888794
225.63934326,-67.09862518
225.83007812,-62.80973434
226.02081299,-59.11399078
226.21154785,-56.57678604
226.40228271,-58.40660858
226.59301758,-55.82701111
226.78375244,-54.78826904
226.97448730,-59.30309677
227.16522217,-55.59574509
227.35595703,-56.31427002
227.54669189,-53.19014740
227.73742676,-53.89322281
227.92816162,-58.79521942
228.11889648,-58.50116730
228.30963135,-60.38388824
228.50036621,-56.98641205
228.69110107,-56.22247314
228.88183594,-57.59307480
229.07257080,-60.49405670
229.26330566,-65.62593842
229.45404053,-61.01913071
229.64477539,-61.95775604
229.83551025,-61.76026154
230.02624512,-58.42620087
230.21697998,-58.14098358
230.40771484,-54.61413956
230.59844971,-54.23890686
230.78918457,-56.05003738
230.97991943,-59.38888550
231.17065430,-53.78113556
231.36138916,-52.43574142
231.55212402,-53.09923172
231.74285889,-52.91756058
231.93359375,-53.33146667
232.12432861,-58.08104706
232.31506348,-55.86896896
232.50579834,-53.57620621
232.69653320,-54.60353470
232.88726807,-54.77076721
233.07800293,-52.52239609
233.26873779,-51.13698578
233.45947266,-55.74975586
233.65020752,-66.07100677
233.84094238,-61.36310959
234.03167725,-58.86858368
234.22241211,-57.69005585
234.41314697,-59.00327301
234.60388184,-65.73914337
234.79461670,-63.92627335
234.98535156,-56.10605621
235.17608643,-55.29907608
235.36682129,-58.11929703
235.55755615,-61.50405884
235.74829102,-56.67448044
235.93902588,-59.11045837
236.12976074,-60.77582932
236.32049561,-62.03162384
236.51123047,-58.95677567
236.70196533,-56.90105438
236.89270020,-57.44158173
237.08343506,-58.03423309
237.27416992,-57.84613037
237.46490479,-56.41771317
237.65563965,-54.26868439
237.84637451,-55.77880859
238.03710938,-61.53915024
238.22784424,-60.09048462
238.41857910,-54.94505310
238.60931396,-53.14426804
238.80004883,-56.26766968
238.99078369,-61.96645737
239.18151855,-58.41541672
239.37225342,-50.99067307
239.56298828,-49.33444977
239.75372314,-51.08938599
239.94445801,-53.04685211
240.13519287,-55.84599304
240.32592773,-63.15840149
240.51666260,-66.03282928
240.70739746,-57.82655334
240.89813232,-58.12309647
241.08886719,-64.38747406
241.27960205,-54.38149261
241.47033691,-50.45320511
241.66107178,-55.77465057
241.85180664,-55.54484558
242.04254150,-52.62322235
242.23327637,-57.20565033
242.42401123,-55.73992920
242.61474609,-55.39179993
242.80548096,-57.86224365
242.99621582,-58.62767792
243.18695068,-61.10726929
243.37768555,-65.07525635
243.56842041,-54.72311401
243.75915527,-52.03195190
243.94989014,-52.30934906
244.14062500,-54.18478394
244.33135986,-57.56778336
244.52209473,-57.26754761
244.71282959,-51.26608276
244.90356445,-51.32619858
245.09429932,-55.38610840
245.28503418,-58.33176422
245.47576904,-61.73851395
245.66650391,-55.41718292
245.85723877,-54.14854050
246.04797363,-57.62626266
246.23870850,-56.29470444
246.42944336,-48.72967529
246.62017822,-47.83141708
246.81091309,-52.26490784
247.00164795,-69.69104004
247.19238281,-55.70465469
247.38311768,-52.89611816
247.57385254,-57.38537598
247.76458740,-58.99829102
247.95532227,-52.06094360
248.14605713,-51.99283600
248.33679199,-53.78208160
248.52752686,-67.35528564
248.71826172,-55.03442383
248.90899658,-54.15943909
249.09973145,-53.95693970
249.29046631,-53.42807770
249.48120117,-56.67255402
249.67193604,-58.00741196
249.86267090,-56.95415115
250.05340576,-57.08156204
250.24414062,-59.24949265
250.43487549,-61.54280853
250.62561035,-62.94194031
250.81634521,-55.31719208
251.00708008,-49.40641403
251.19781494,-47.71165466
251.38854980,-48.15543365
251.57928467,-51.74173355
251.77001953,-56.92881775
251.96075439,-54.52920914
252.15148926,-55.28068924
252.34222412,-65.12265015
252.53295898,-61.31391907
252.72369385,-54.67977142
252.91442871,-55.82485199
253.10516357,-60.08384323
253.29589844,-60.11060715
253.48663330,-64.50844574
253.67736816,-63.62638474
253.86810303,-63.48933792
254.05883789,-54.02274704
254.24957275,-51.15577698
254.44030762,-53.24547195
254.63104248,-69.75328064
254.82177734,-55.44082642
255.01251221,-54.53294373
255.20324707,-54.46657562
255.39398193,-52.04170227
255.58471680,-51.96688080
255.77545166,-56.93677902
255.96618652,-61.61271667
256.15692139,-54.24112701
256.34765625,-56.45801926
256.53839111,-67.18389893
256.72912598,-62.03236008
256.91986084,-56.93807602
257.11059570,-52.01153564
257.30133057,-58.15531158
257.49206543,-56.57214355
257.68280029,-51.70090103
257.87353516,-54.60680389
258.06427002,-59.77928162
258.25500488,-57.70727539
258.44573975,-56.53491211
258.63647461,-57.89028931
258.82720947,-64.98890686
259.01794434,-53.53302002
259.20867920,-53.64992523
259.39941406,-53.62968445
259.59014893,-50.21102142
259.78088379,-53.14754868
259.97161865,-56.38471603
260.16235352,-59.75131989
260.35308838,-60.68494797
260.54382324,-60.69095993
260.73455811,-60.89157486
260.92529297,-53.69114685
261.11602783,-50.19775009
261.30676270,-50.16317368
261.49749756,-51.95024490
261.68823242,-55.99890137
261.87896729,-55.78687286
262.06970215,-54.77906036
262.26043701,-63.72659302
262.45117188,-71.60195923
262.64190674,-56.81988144
262.83264160,-56.11778641
263.02337646,-60.61639404
263.21411133,-69.19163513
263.40484619,-68.15023041
263.59558105,-77.89868164
263.78631592,-57.38975525
263.97705078,-52.10914612
264.16778564,-52.67209625
264.35852051,-59.19990158
264.54925537,-65.23454285
264.73999023,-60.62241364
264.93072510,-57.73647690
265.12145996,-58.29463959
265.31219482,-58.63784409
265.50292969,-61.22209930
265.69366455,-60.28029633
265.88439941,-56.16884232
266.07513428,-57.35490417
266.26586914,-74.28945923
266.45660400,-54.15002823
266.64733887,-50.58601761
266.83807373,-55.32061005
267.02880859,-65.03969574
267.21954346,-76.62642670
267.41027832,-65.78617859
267.60101318,-54.37557220
267.79174805,-49.34565735
267.98248291,-51.56763077
268.17321777,-66.61383820
268.36395264,-57.35222626
268.55468750,-56.66191483
268.74542236,-59.13662720
268.93615723,-55.99954224
269.12689209,-60.33901215
269.31762695,-62.20906830
269.50836182,-53.46638489
269.69909668,-49.45602417
269.88983154,-47.32975388
270.08056641,-49.01190186
270.27130127,-55.15985870
270.46203613,-72.09651184
270.65277100,-55.25947952
270.84350586,-52.59973526
271.03424072,-56.65177917
271.22497559,-59.96780777
271.41571045,-50.80525208
271.60644531,-48.97541046
271.79718018,-52.10781097
271.98791504,-56.96668243
272.17864990,-60.29030609
272.36938477,-59.99988937
272.56011963,-52.95381165
272.75085449,-48.80260849
272.94158936,-48.60937119
273.13232422,-51.36523819
273.32305908,-60.65277481
273.51379395,-62.07929611
273.70452881,-61.58226395
273.89526367,-82.16340637
274.08599854,-58.73088074
274.27673340,-57.13800049
274.46746826,-59.69771957
274.65820312,-58.61686325
274.84893799,-62.83695984
275.03967285,-61.33682251
275.23040771,-59.31064987
275.42114258,-58.06926727
275.61187744,-52.23291016
275.80261230,-54.10280609
275.99334717,-59.47782898
276.18408203,-53.33182526
276.37481689,-58.57587433
276.56555176,-53.61048889
276.75628662,-49.63447571
276.94702148,-53.08874130
277.13775635,-59.73414612
277.32849121,-62.89848328
277.51922607,-60.85403061
277.70996094,-58.53475571
277.90069580,-56.05966187
278.09143066,-57.38819885
278.28216553,-61.57414246
278.47290039,-63.60398865
278.66363525,-56.29738235
278.85437012,-56.51752090
279.04510498,-56.58131409
279.23583984,-59.84821701
279.42657471,-60.45004272
279.61730957,-66.06436157
279.80804443,-73.85279083
279.99877930,-57.83619308
280.18951416,-54.69532394
280.38024902,-56.96929550
280.57098389,-55.71313858
280.76171875,-58.60040665
280.95245361,-54.20383835
281.14318848,-50.95513153
281.33392334,-51.41447449
281.52465820,-53.26856232
281.71539307,-53.45659256
281.90612793,-55.76565170
282.09686279,-54.70122910
282.28759766,-51.00565338
282.47833252,-53.04351807
282.66906738,-64.19989777
282.85980225,-57.93737411
283.05053711,-56.12453842
283.24127197,-62.63669968
283.43200684,-56.56221771
283.62274170,-51.67856598
283.81347656,-52.39818192
284.00421143,-55.47371292
284.19494629,-63.01187134
284.38568115,-55.34490967
284.57641602,-50.73995209
284.76715088,-55.10093307
284.95788574,-57.80074310
285.14862061,-54.25066376
285.33935547,-58.05873489
285.53009033,-59.27624130
285.72082520,-58.34783173
285.91156006,-55.60665131
286.10229492,-57.28118896
286.29302979,-70.92778015
286.48376465,-76.08673859
286.67449951,-58.41085815
286.86523438,-57.27862549
287.05596924,-63.99623871
287.24670410,-56.74917221
287.43743896,-54.80144501
287.62817383,-56.23649216
287.81890869,-56.36247635
288.00964355,-57.21851349
288.20037842,-62.21982956
288.39111328,-72.89959717
288.58184814,-63.70536041
288.77258301,-59.10504150
288.96331787,-58.36824417
289.15405273,-66.38031769
289.34478760,-60.83095169
289.53552246,-60.63079834
289.72625732,-53.04248810
289.91699219,-51.10237122
290.10772705,-54.27243042
290.29846191,-56.91268158
290.48919678,-53.41119766
290.67993164,-55.28911591
290.87066650,-53.98704910
291.06140137,-55.39044952
291.25213623,-57.65340805
291.44287109,-53.86314011
291.63360596,-57.33843231
291.82434082,-76.91053772
292.01507568,-56.13444901
292.20581055,-54.30466461
292.39654541,-60.98728943
292.58728027,-56.83277130
292.77801514,-54.75283813
292.96875000,-54.77568054
293.15948486,-55.27281189
293.35021973,-50.82577133
293.54095459,-47.37133408
293.73168945,-47.89343262
293.92242432,-52.01045990
294.11315918,-58.23283768
294.30389404,-60.82806015
294.49462891,-60.51399994
294.68536377,-55.19918442
294.87609863,-53.39471436
295.06683350,-55.93801880
295.25756836,-56.43604279
295.44830322,-55.11867142
295.63903809,-55.45839691
295.82977295,-55.41967392
296.02050781,-58.46097946
296.21124268,-55.06957245
296.40197754,-51.31000900
296.59271240,-56.90904236
296.78344727,-57.98063660
296.97418213,-54.71269226
297.16491699,-55.18288040
297.35565186,-67.54620361
297.54638672,-57.24398804
297.73712158,-54.02804947
297.92785645,-58.14185333
298.11859131,-60.33683777
298.30932617,-57.53016663
298.50006104,-71.50437927
298.69079590,-54.13503265
298.88153076,-51.14624405
299.07226562,-53.22253799
299.26300049,-53.93275833
299.45373535,-54.26970673
299.64447021,-55.11854553
299.83520508,-58.52642059
300.02593994,-58.53400421
300.21667480,-56.30151749
300.40740967,-53.27294159
300.59814453,-51.17436218
300.78887939,-53.26927567
300.97961426,-54.64100647
301.17034912,-52.45916748
301.36108398,-49.96295166
301.55181885,-48.70830917
301.74255371,-49.63565826
301.93328857,-55.01697159
302.12402344,-62.21368408
302.31475830,-52.77841568
302.50549316,-51.93092728
302.69622803,-58.83192444
302.88696289,-66.82977295
303.07769775,-61.30646133
303.26843262,-62.60660172
303.45916748,-65.36273956
303.64990234,-59.24829102
303.84063721,-59.68436813
304.03137207,-67.88741302
304.22210693,-66.57081604
304.41284180,-57.86704636
304.60357666,-59.59521866
304.79431152,-60.67643738
304.98504639,-53.75995255
305.17578125,-55.91515350
305.36651611,-52.70672226
305.55725098,-48.94220352
305.74798584,-53.08992386
305.93872070,-57.33535004
306.12945557,-53.46667480
306.32019043,-51.62203979
306.51092529,-48.80942917
306.70166016,-48.29032516
306.89239502,-50.48728180
307.08312988,-55.83921051
307.27386475,-53.72829437
307.46459961,-55.41183472
307.65533447,-74.80062103
307.84606934,-57.27569962
308.03680420,-56.29064941
308.22753906,-56.69511414
308.41827393,-65.21399689
308.60900879,-59.34732819
308.79974365,-55.25705338
308.99047852,-57.99133301
309.18121338,-58.58375931
309.37194824,-56.08664703
309.56268311,-56.18562698
309.75341797,-57.90007782
309.94415283,-62.99703979
310.13488770,-71.97666931
310.32562256,-58.75526047
310.51635742,-55.39017105
310.70709229,-56.52457428
310.89782715,-59.46998978
311.08856201,-59.12706375
311.27929688,-76.13739777
311.47003174,-57.23590088
311.66076660,-59.60546112
311.85150146,-65.61872101
312.04223633,-59.27132416
312.23297119,-58.82896042
312.42370605,-56.70890808
312.61444092,-52.68600845
312.80517578,-53.38154221
312.99591064,-60.17677307
313.18664551,-66.58041382
313.37738037,-55.17989349
313.56811523,-51.08986282
313.75885010,-53.54236221
313.94958496,-60.66083527
314.14031982,-55.89104462
314.33105469,-53.22147369
314.52178955,-52.66014099
314.71252441,-54.90220642
314.90325928,-56.83493805
315.09399414,-57.36090851
315.28472900,-56.64366150
315.47546387,-54.31155777
315.66619873,-61.01709747
315.85693359,-60.04016495
316.04766846,-53.13717651
316.23840332,-50.99988556
316.42913818,-54.38666916
316.61987305,-57.65769958
316.81060791,-61.21378326
317.00134277,-62.64717102
317.19207764,-57.07122803
317.38281250,-55.88535690
317.57354736,-56.15076065
317.76428223,-57.34807587
317.95501709,-60.55989075
318.14575195,-58.30281067
318.33648682,-56.92678833
318.52722168,-55.44892883
318.71795654,-63.37758636
318.90869141,-62.28701019
319.09942627,-54.41439819
319.29016113,-52.32935333
319.48089600,-55.19336319
319.67163086,-65.47282410
319.86236572,-68.22962952
320.05310059,-65.15339661
320.24383545,-72.41003418
320.43457031,-63.75469589
320.62530518,-60.32225037
320.81604004,-65.68349457
321.00677490,-57.60925674
321.19750977,-54.56444168
321.38824463,-55.89288712
321.57897949,-52.87791824
321.76971436,-51.02619553
321.96044922,-54.56161118
322.15118408,-63.32620621
322.34191895,-67.16179657
322.53265381,-58.43275452
322.72338867,-56.37794495
322.91412354,-58.25628662
323.10485840,-62.60886765
323.29559326,-72.32917023
323.48632812,-59.86127853
323.67706299,-53.74556732
323.86779785,-50.97254944
324.05853271,-53.79238510
324.24926758,-59.97600937
324.44000244,-53.43292618
324.63073730,-56.85437775
324.82147217,-60.72832108
325.01220703,-57.15470886
325.20294189,-56.78169250
325.39367676,-64.92547607
325.58441162,-64.03319550
325.77514648,-60.94039917
325.96588135,-65.91893768
326.15661621,-55.36737823
326.34735107,-53.94651794
326.53808594,-57.70518494
326.72882080,-53.73744965
326.91955566,-54.24604416
327.11029053,-53.96476746
327.30102539,-52.69664001
327.49176025,-52.57141876
327.68249512,-52.80546570
327.87322998,-55.03017807
328.06396484,-54.64823914
328.25469971,-57.41632080
328.44543457,-69.32401276
328.63616943,-55.66376495
328.82690430,-54.79759216
329.01763916,-63.06605530
329.20837402,-52.99108887
329.39910889,-53.63819885
329.58984375,-62.80106354
329.78057861,-63.66664124
329.97131348,-64.71363068
330.16204834,-54.28055191
330.35278320,-54.55056000
330.54351807,-59.46253204
330.73425293,-59.87564087
330.92498779,-55.07356644
331.11572266,-54.19078064
331.30645752,-57.36473083
331.49719238,-56.59159851
331.68792725,-52.72292709
331.87866211,-51.65996552
332.06939697,-55.71028900
332.26013184,-66.75000000
332.45086670,-57.62744904
332.64160156,-55.58649445
332.83233643,-50.84616089
333.02307129,-48.75261688
333.21380615,-50.90833664
333.40454102,-55.93264008
333.59527588,-59.03429031
333.78601074,-58.13857269
333.97674561,-60.34748077
334.16748047,-57.17966080
334.35821533,-59.72940826
334.54895020,-54.12116241
334.73968506,-55.07477570
334.93041992,-59.81872940
335.12115479,-62.35446548
335.31188965,-57.26810837
335.50262451,-54.69512558
335.69335938,-54.15554428
335.88409424,-54.25258255
336.07482910,-56.49953461
336.26556396,-65.46485138
336.45629883,-55.89295959
336.64703369,-52.89440536
336.83776855,-59.46870422
337.02850342,-55.95566559
337.21923828,-59.17917252
337.40997314,-73.66771698
337.60070801,-62.82550430
337.79144287,-60.42144012
337.98217773,-56.61472321
338.17291260,-60.13828659
338.36364746,-64.82127380
338.55438232,-60.17100906
338.74511719,-55.69174957
338.93585205,-57.83028030
339.12658691,-57.21439362
339.31732178,-57.17397690
339.50805664,-60.56742859
339.69879150,-55.19387817
339.88952637,-57.51378632
340.08026123,-69.23440552
340.27099609,-65.29734802
340.46173096,-65.49761963
340.65246582,-60.02448273
340.84320068,-57.89629364
341.03393555,-60.75363159
341.22467041,-57.38541412
341.41540527,-54.81034851
341.60614014,-54.26769257
341.79687500,-55.85870361
341.98760986,-58.71799469
342.17834473,-55.06382370
342.36907959,-52.69282532
342.55981445,-54.60702515
342.75054932,-55.39892578
342.94128418,-65.14916992
343.13201904,-54.85885620
343.32275391,-55.66212463
343.51348877,-55.14831543
343.70422363,-58.45597839
343.89495850,-63.76612091
344.08569336,-61.46723938
344.27642822,-56.29420853
344.46716309,-55.64014435
344.65789795,-55.93021774
344.84863281,-54.64767075
345.03936768,-53.82029724
345.23010254,-52.95737839
345.42083740,-52.21349716
345.61157227,-55.39179993
345.80230713,-63.79203033
345.99304199,-54.36439514
346.18377686,-53.33050156
346.37451172,-57.97315598
346.56524658,-69.68786621
346.75598145,-62.21225739
346.94671631,-53.60124207
347.13745117,-52.49393845
347.32818604,-56.83547211
347.51892090,-56.36801147
347.70965576,-66.35549927
347.90039062,-52.32421494
348.09112549,-50.14064789
348.28186035,-52.47986221
348.47259521,-56.56607819
348.66333008,-58.08088303
348.85406494,-62.76486969
349.04479980,-59.72362900
349.23553467,-57.10432053
349.42626953,-55.53968430
349.61700439,-54.03989792
349.80773926,-52.75682449
349.99847412,-51.21655273
350.18920898,-52.98682785
350.37994385,-58.86608887
350.57067871,-56.62338638
350.76141357,-57.39823914
350.95214844,-56.70317841
351.14288330,-54.32653427
351.33361816,-53.22261429
351.52435303,-54.27383423
351.71508789,-55.62000275
351.90582275,-61.15965271
352.09655762,-58.52409744
352.28729248,-56.61382675
352.47802734,-61.36623001
352.66876221,-65.37142181
352.85949707,-61.66308975
353.05023193,-56.59648895
353.24096680,-54.71704102
353.43170166,-52.87534332
353.62243652,-53.40130234
353.81317139,-54.63505554
354.00390625,-53.96792984
354.19464111,-60.02756500
354.38537598,-62.20781326
354.57611084,-59.34659576
354.76684570,-52.82881165
354.95758057,-51.50463104
355.14831543,-52.20930099
355.33905029,-54.15075684
355.52978516,-60.67745590
355.72052002,-66.18142700
355.91125488,-54.26602936
356.10198975,-50.21883392
356.29272461,-50.92893982
356.48345947,-54.88425446
356.67419434,-62.95600128
356.86492920,-55.89267349
357.05566406,-54.96644974
357.24639893,-57.41735077
357.43713379,-59.50569534
357.62786865,-56.68115234
357.81860352,-65.83649445
358.00933838,-62.66110229
358.20007324,-56.14358521
358.39080811,-53.40953445
358.58154297,-56.32667542
358.77227783,-59.58257675
358.96301270,-49.36592865
359.15374756,-48.37564468
359.34448242,-49.94495392
359.53521729,-51.72534180
359.72595215,-56.37954712
359.91668701,-61.79118347
360.10742188,-54.86260223
360.29815674,-59.92836380
360.48889160,-66.31758118
360.67962646,-62.52214813
360.87036133,-59.88393402
361.06109619,-53.60829163
361.25183105,-52.14238739
361.44256592,-54.49403763
361.63330078,-55.92693710
361.82403564,-58.39160538
362.01477051,-64.47860718
362.20550537,-65.62638855
362.39624023,-58.95124435
362.58697510,-56.51045227
362.77770996,-71.75186157
362.96844482,-52.56485748
363.15917969,-51.87382507
363.34991455,-58.39333344
363.54064941,-62.42226028
363.73138428,-75.47129822
363.92211914,-61.54647064
364.11285400,-61.97607422
364.30358887,-56.67991257
364.49432373,-52.31657028
364.68505859,-61.53127289
364.87579346,-62.94888306
365.06652832,-56.99373627
365.25726318,-59.41828918
365.44799805,-52.14648819
365.63873291,-52.44534302
365.82946777,-64.81501770
366.02020264,-63.07447815
366.21093750,-61.58894348
366.40167236,-56.94658279
366.59240723,-56.66448593
366.78314209,-57.91898727
366.97387695,-79.10329437
367.16461182,-58.64231110
367.35534668,-61.55752182
367.54608154,-58.60437775
367.73681641,-50.03427887
367.92755127,-50.28673172
368.11828613,-55.38320541
368.30902100,-64.24355316
368.49975586,-65.85781097
368.69049072,-68.35764313
368.88122559,-61.57994080
369.07196045,-62.46393204
369.26269531,-68.93921661
369.45343018,-58.21027374
369.64416504,-63.42757797
369.83489990,-64.25392151
370.02563477,-58.07618713
370.21636963,-55.68746567
370.40710449,-54.02259064
370.59783936,-56.42073822
370.78857422,-61.44765472
370.97930908,-67.42065430
371.17004395,-56.77616501
371.36077881,-52.87973404
371.55151367,-52.86897659
371.74224854,-53.66347885
371.93298340,-52.94142914
372.12371826,-53.23678970
372.31445312,-55.06301880
372.50518799,-63.33678436
372.69592285,-67.35497284
372.88665771,-75.45421600
373.07739258,-69.07069397
373.26812744,-62.04619980
373.45886230,-59.51641083
373.64959717,-58.04928589
373.84033203,-80.32203674
374.03106689,-55.63488007
374.22180176,-56.55100250
374.41253662,-60.02975845
374.60327148,-54.01803589
374.79400635,-56.87564468
374.98474121,-60.17723083
375.17547607,-60.66264725
375.36621094,-59.82738495
375.55694580,-59.74260712
375.74768066,-55.36228561
375.93841553,-52.00764465
376.12915039,-55.15534210
376.31988525,-74.54281616
376.51062012,-52.88690948
376.70135498,-50.03610992
376.89208984,-51.87952423
377.08282471,-53.43891144
377.27355957,-53.89726639
377.46429443,-55.21540833
377.65502930,-57.25103378
377.84576416,-64.08036804
378.03649902,-59.62073898
378.22723389,-60.40650940
378.41796875,-69.31257629
378.60870361,-55.65617371
378.79943848,-52.75245285
378.99017334,-56.95552444
379.18090820,-60.75109863
379.37164307,-56.07371521
379.56237793,-55.58546448
379.75311279,-55.57921982
379.94384766,-54.51903915
380.13458252,-58.00378418
380.32531738,-79.15354156
380.51605225,-54.69069672
380.70678711,-49.65394974
380.89752197,-51.96462631
381.08825684,-62.70433044
381.27899170,-58.98661804
381.46972656,-57.56233978
381.66046143,-56.37298965
381.85119629,-57.23367310
382.04193115,-63.65551376
382.23266602,-57.62575531
382.42340088,-56.71121597
382.61413574,-60.69384766
382.80487061,-65.97837830
382.99560547,-59.01731110
383.18634033,-54.51564407
383.37707520,-54.89818573
383.56781006,-52.89588547
383.75854492,-53.03868103
383.94927979,-50.95023727
384.14001465,-55.24017334
384.33074951,-68.18278503
384.52148438,-62.93739319
384.71221924,-64.34854126
384.90295410,-58.20302963
385.09368896,-53.08029556
385.28442383,-53.90446091
385.47515869,-56.24550247
385.66589355,-53.36837387
385.85662842,-56.22920990
386.04736328,-56.62356567
386.23809814,-59.33566284
386.42883301,-65.65541077
386.61956787,-58.72356033
386.81030273,-65.07495117
387.00103760,-54.77603531
387.19177246,-51.45360947
387.38250732,-50.74066544
387.57324219,-50.34712982
387.76397705,-54.15630341
387.95471191,-68.46399689
388.14544678,-61.15547180
388.33618164,-55.06591034
388.52691650,-51.24324036
388.71765137,-51.94446564
388.90838623,-52.40940475
389.09912109,-51.21303177
389.28985596,-50.80161667
389.48059082,-54.82797241
389.67132568,-61.50591278
389.86206055,-54.28196716
390.05279541,-49.96311951
390.24353027,-49.67549896
390.43426514,-51.38618088
390.62500000,-51.61293030
390.81573486,-50.69796753
391.00646973,-47.78411484
391.19720459,-48.72754669
391.38793945,-55.90438461
391.57867432,-66.56347656
391.76940918,-60.14892960
391.96014404,-61.50817871
392.15087891,-53.10413361
392.34161377,-50.69483948
392.53234863,-51.66886139
392.72308350,-52.21484375
392.91381836,-53.64384079
393.10455322,-56.46541977
393.29528809,-59.66499329
393.48602295,-57.32833481
393.67675781,-55.29958725
393.86749268,-59.07598114
394.05822754,-58.80104828
394.24896240,-58.64250183
394.43969727,-56.91574478
394.63043213,-55.91103363
394.82116699,-56.54378891
395.01190186,-51.31217575
395.20263672,-48.25984955
395.39337158,-48.52805710
395.58410645,-52.04940033
395.77484131,-57.33566284
395.96557617,-63.46334839
396.15631104,-60.33992767
396.34704590,-63.65691376
396.53778076,-60.75675583
396.72851562,-54.53588486
396.91925049,-53.47958374
397.10998535,-57.92457962
397.30072021,-62.52315140
397.49145508,-59.84732056
397.68218994,-54.90967560
397.87292480,-54.03593445
398.06365967,-59.45928574
398.25439453,-61.55667114
398.44512939,-67.45091248
398.63586426,-66.44455719
398.82659912,-54.67869568
399.01733398,-51.82609940
399.20806885,-57.80429840
399.39880371,-57.90283966
399.58953857,-54.10871124
399.78027344,-56.92440414
399.97100830,-70.60842133
400.16174316,-57.73023224
400.35247803,-54.60236359
400.54321289,-55.90578461
400.73394775,-56.20986557
400.92468262,-54.81195831
401.11541748,-55.76389313
401.30615234,-69.27381897
401.49688721,-74.76628113
401.68762207,-62.72068024
401.87835693,-58.25668335
402.06909180,-74.45140839
402.25982666,-53.04465866
402.45056152,-48.50239563
402.64129639,-50.73802567
402.83203125,-56.86490631
403.02276611,-59.92024994
403.21350098,-63.13835144
403.40423584,-68.21836853
403.59497070,-56.26525116
403.78570557,-53.11784744
403.97644043,-58.44825745
404.16717529,-61.17782593
404.35791016,-53.35913086
404.54864502,-52.53078461
404.73937988,-55.32519913
404.93011475,-63.79240036
405.12084961,-64.85878754
405.31158447,-63.09378815
405.50231934,-63.14025116
405.69305420,-59.58434296
405.88378906,-58.88277054
406.07452393,-58.24872589
406.26525879,-54.80867386
406.45599365,-53.41912842
406.64672852,-54.52233887
406.83746338,-54.48949432
407.02819824,-54.49695587
407.21893311,-53.22578430
407.40966797,-55.26072693
407.60040283,-55.15047455
407.79113770,-50.85530090
407.98187256,-51.57155991
408.17260742,-53.03229904
408.36334229,-57.22276306
408.55407715,-59.47211456
408.74481201,-55.06697083
408.93554688,-54.60354233
409.12628174,-54.55249405
409.31701660,-61.45333862
409.50775146,-56.94739914
409.69848633,-55.95161438
409.88922119,-63.06095886
410.07995605,-72.23512268
410.27069092,-64.26390839
410.46142578,-56.84577179
410.65216064,-55.10840988
410.84289551,-58.70270157
411.03363037,-65.47858429
411.22436523,-54.76255417
411.41510010,-52.63448715
411.60583496,-53.32550430
411.79656982,-61.92209244
411.98730469,-62.04668427
412.17803955,-59.09432983
412.36877441,-61.51918030
412.55950928,-62.78284454
412.75024414,-56.98385239
412.94097900,-52.69065857
413.13171387,-58.86718750
413.32244873,-62.87438202
413.51318359,-62.26863480
413.70391846,-78.64017487
413.89465332,-61.61544800
414.08538818,-54.08127213
414.27612305,-54.90456390
414.46685791,-61.64660645
414.65759277,-56.17279053
414.84832764,-51.27546310
415.03906250,-49.87425995
415.22979736,-51.85543442
415.42053223,-55.15800476
415.61126709,-61.08724594
415.80200195,-66.81671906
415.99273682,-59.16477966
416.18347168,-56.30261993
416.37420654,-57.84457779
416.56494141,-57.35781860
416.75567627,-63.52215195
416.94641113,-60.14333725
417.13714600,-59.00444794
417.32788086,-61.88146591
417.51861572,-60.18651581
417.70935059,-59.78266144
417.90008545,-53.21683502
418.09082031,-52.40654373
418.28155518,-55.39675903
418.47229004,-52.82298279
418.66302490,-54.68788147
418.85375977,-56.80047607
419.04449463,-56.11487961
419.23522949,-60.53584290
419.42596436,-63.72452164
419.61669922,-55.44419098
419.80743408,-53.50805283
419.99816895,-54.00562668
420.18890381,-56.40636063
420.37963867,-63.49345398
420.57037354,-53.21113205
420.76110840,-52.91023636
420.95184326,-55.81329727
421.14257812,-59.27249527
421.33331299,-57.18956757
421.52404785,-53.44256592
421.71478271,-53.08561325
421.90551758,-57.16432571
422.09625244,-53.63933563
422.28698730,-52.98276901
422.47772217,-62.98163986
422.66845703,-58.29628754
422.85919189,-65.27098083
423.04992676,-58.60838318
423.24066162,-52.47618103
423.43139648,-52.15723038
423.62213135,-52.25043488
423.81286621,-51.78238678
424.00360107,-54.81690216
424.19433594,-59.12151337
424.38507080,-60.89193726
424.57580566,-61.28174591
424.76654053,-53.69289780
424.95727539,-52.64301682
425.14801025,-52.21401215
425.33874512,-52.09059906
425.52947998,-60.54826355
425.72021484,-65.83594513
425.91094971,-63.97412872
426.10168457,-68.19609833
426.29241943,-57.00390244
426.48315430,-55.58017349
426.67388916,-66.21880341
426.86462402,-56.50376129
427.05535889,-51.89472198
427.24609375,-55.04710388
427.43682861,-61.55140686
427.62756348,-60.71385193
427.81829834,-55.85817337
428.00903320,-55.99045181
428.19976807,-59.57499695
428.39050293,-57.24130630
428.58123779,-55.44415283
428.77197266,-55.51412582
428.96270752,-55.88616943
429.15344238,-58.92751694
429.34417725,-64.20260620
429.53491211,-79.77664185
429.72564697,-57.98820877
429.91638184,-53.22191620
430.10711670,-56.84919357
430.29785156,-56.05960083
430.48858643,-50.40259552
430.67932129,-54.70027924
430.87005615,-62.46497345
431.06079102,-55.62888336
431.25152588,-54.29069519
431.44226074,-57.05053329
431.63299561,-57.17409515
431.82373047,-54.93046188
432.01446533,-53.63937378
432.20520020,-57.52506638
432.39593506,-70.19911194
432.58666992,-57.26442719
432.77740479,-52.21200943
432.96813965,-54.99059296
433.15887451,-59.12928772
433.34960938,-57.71976852
433.54034424,-59.08990479
433.73107910,-68.90373230
433.92181396,-69.41134644
434.11254883,-65.07997131
434.30328369,-65.78469849
434.49401855,-57.79050446
434.68475342,-61.44002914
434.87548828,-68.32936096
435.06622314,-63.98731995
435.25695801,-57.16415024
435.44769287,-57.50880432
435.63842773,-61.53492737
435.82916260,-61.44359589
436.01989746,-71.25436401
436.21063232,-58.58359909
436.40136719,-59.23789215
436.59210205,-67.21659851
436.78283691,-65.52279663
436.97357178,-56.50816345
437.16430664,-54.49119949
437.35504150,-57.34621048
437.54577637,-49.80768585
437.73651123,-47.23023224
437.92724609,-50.77579880
438.11798096,-62.75255585
438.30871582,-53.39981461
438.49945068,-53.67179489
438.69018555,-53.89929962
438.88092041,-52.66604996
439.07165527,-55.74637985
439.26239014,-58.85016632
439.45312500,-55.27813339
439.64385986,-61.24864197
439.83459473,-71.67206573
440.02532959,-82.19527435
440.21606445,-68.31488037
440.40679932,-65.87747955
440.59753418,-57.42206955
440.78826904,-58.39983368
440.97900391,-76.74058533
441.16973877,-58.66047287
441.36047363,-53.50522995
441.55120850,-54.03276062
441.74194336,-58.85315323
441.93267822,-54.45338440
442.12341309,-53.79985046
442.31414795,-56.24427795
442.50488281,-58.96291733
442.69561768,-56.53803253
442.88635254,-56.25346756
443.07708740,-54.05527115
443.26782227,-52.87011719
443.45855713,-55.56782150
443.64929199,-54.45231628
443.84002686,-56.36500549
444.03076172,-66.82372284
444.22149658,-76.58733368
444.41223145,-62.26557159
444.60296631,-54.16417694
444.79370117,-54.97349167
444.98443604,-56.50632477
445.17517090,-52.44403839
445.36590576,-53.25867462
445.55664062,-55.01928711
445.74737549,-52.91269302
445.93811035,-52.70860291
446.12884521,-55.26859283
446.31958008,-55.73279953
446.51031494,-57.21447754
446.70104980,-52.95631409
446.89178467,-51.58538818
447.08251953,-57.31567383
447.27325439,-59.81563950
447.46398926,-57.63460159
447.65472412,-59.42433167
447.84545898,-58.77353287
448.03619385,-52.88608170
448.22692871,-50.74473572
448.41766357,-53.59825897
448.60839844,-58.02556992
448.79913330,-65.73325348
448.98986816,-61.84085464
449.18060303,-62.82960892
449.37133789,-70.76672363
449.56207275,-62.86009216
449.75280762,-60.45507812
449.94354248,-56.03588104
450.13427734,-55.40129089
450.32501221,-64.06172180
450.51574707,-61.22281647
450.70648193,-55.02102661
450.89721680,-62.14571381
451.08795166,-60.13723373
451.27868652,-58.53882217
451.46942139,-62.07911682
451.66015625,-63.35654449
451.85089111,-56.36556625
452.04162598,-58.31821060
452.23236084,-59.34049988
452.42309570,-56.32578278
452.61383057,-58.41675568
452.80456543,-58.20395660
452.99530029,-54.92612839
453.18603516,-56.28575897
453.37677002,-61.33749390
453.56750488,-54.01939774
453.75823975,-52.07321930
453.94897461,-53.41016769
454.13970947,-55.63500977
454.33044434,-57.82386780
454.52117920,-66.36608887
454.71191406,-55.61631775
454.90264893,-53.34214783
455.09338379,-54.75078201
455.28411865,-55.28629684
455.47485352,-57.00597382
455.66558838,-63.88787079
455.85632324,-64.52040100
456.04705811,-55.17572784
456.23779297,-54.34322739
456.42852783,-57.57078171
456.61926270,-57.73876190
456.80999756,-55.08100510
457.00073242,-54.26130295
457.19146729,-56.78686142
457.38220215,-61.77085114
457.57293701,-55.11230469
457.76367188,-58.43484879
457.95440674,-68.41145325
458.14514160,-84.02515411
458.33587646,-64.00509644
458.52661133,-61.96794128
458.71734619,-69.27697754
458.90808105,-60.05742645
459.09881592,-70.26656342
459.28955078,-55.91932297
459.48028564,-54.08553696
459.67102051,-53.23223877
459.86175537,-54.83407593
460.05249023,-53.75244141
460.24322510,-53.10099030
460.43395996,-59.53945923
460.62469482,-61.32143021
460.81542969,-55.06237793
461.00616455,-53.46769714
461.19689941,-56.12844849
461.38763428,-60.00256348
461.57836914,-58.59306717
461.76910400,-56.99336243
461.95983887,-58.46288681
462.15057373,-61.47248840
462.34130859,-67.37818909
462.53204346,-62.78524399
462.72277832,-57.65878296
462.91351318,-58.35025406
463.10424805,-65.32093811
463.29498291,-62.84093475
463.48571777,-56.65649796
463.67645264,-56.98462677
463.86718750,-64.45746613
464.05792236,-62.50875092
464.24865723,-57.40036011
464.43939209,-52.56887817
464.63012695,-51.60036087
464.82086182,-55.33391953
465.01159668,-55.39649200
465.20233154,-55.88894272
465.39306641,-64.66155243
465.58380127,-70.43237305
465.77453613,-57.59388733
465.96527100,-53.93210983
466.15600586,-52.48149109
466.34674072,-52.30642700
466.53747559,-54.55276108
466.72821045,-56.40437317
466.91894531,-55.75157166
467.10968018,-59.02723312
467.30041504,-64.23949432
467.49114990,-58.43910980
467.68188477,-56.58192444
467.87261963,-57.18103409
468.06335449,-53.64030457
468.25408936,-53.91684723
468.44482422,-56.42280197
468.63555908,-54.63531494
468.82629395,-54.58512878
469.01702881,-59.75684357
469.20776367,-59.45199966
469.39849854,-52.83329010
469.58923340,-50.95726776
469.77996826,-52.85266495
469.97070312,-55.80361176
470.16143799,-56.90444946
470.35217285,-58.56107712
470.54290771,-53.19795990
470.73364258,-51.68408203
470.92437744,-53.25499725
471.11511230,-53.90707016
471.30584717,-58.04874802
471.49658203,-61.39234924
471.68731689,-53.89517212
471.87805176,-52.88964081
472.06878662,-53.97885132
472.25952148,-58.40129089
472.45025635,-69.21341705
472.64099121,-58.32833862
472.83172607,-56.29628754
473.02246094,-63.61331177
473.21319580,-66.08042145
473.40393066,-63.71728516
473.59466553,-59.68848419
473.78540039,-60.64039612
473.97613525,-65.65805054
474.16687012,-69.22536469
474.35760498,-56.23005676
474.54833984,-52.01089478
474.73907471,-50.66400909
474.92980957,-54.14554596
475.12054443,-58.69736481
475.31127930,-58.49179077
475.50201416,-60.55879974
475.69274902,-61.07044220
475.88348389,-58.35367203
476.07421875,-61.82495117
476.26495361,-64.41270447
476.45568848,-60.34238434
476.64642334,-54.74286652
476.83715820,-51.15573502
477.02789307,-52.17668152
477.21862793,-55.38397980
477.40936279,-58.65555573
477.60009766,-55.23722076
477.79083252,-51.23379135
477.98156738,-52.36977386
478.17230225,-53.12166214
478.36303711,-58.29196167
478.55377197,-55.86237335
478.74450684,-53.30486298
478.93524170,-54.33805466
479.12597656,-55.15715790
479.31671143,-55.75971222
479.50744629,-56.89495468
479.69818115,-58.69127655
479.88891602,-65.83995056
480.07965088,-77.09404755
480.27038574,-62.87922668
480.46112061,-57.72336578
480.65185547,-57.41814041
480.84259033,-66.90038300
481.03332520,-55.90218353
481.22406006,-53.88901520
481.41479492,-61.48823547
481.60552979,-67.17808533
481.79626465,-60.15869141
481.98699951,-56.59818649
482.17773438,-53.31784058
482.36846924,-52.73989105
482.55920410,-55.60317230
482.74993896,-60.70528030
482.94067383,-55.44239044
483.13140869,-58.91642761
483.32214355,-60.18020630
483.51287842,-55.53626633
483.70361328,-60.41269684
483.89434814,-69.83092499
484.08508301,-62.29636765
484.27581787,-60.15054703
484.46655273,-59.23698425
484.65728760,-50.51148987
484.84802246,-52.18281174
485.03875732,-51.46146393
485.22949219,-54.73300934
485.42022705,-76.65322113
485.61096191,-58.46721268
485.80169678,-64.45842743
485.99243164,-51.45734406
486.18316650,-50.79764557
486.37390137,-59.58098602
486.56463623,-64.71997833
486.75537109,-63.28345490
486.94610596,-63.11302948
487.13684082,-54.42940140
487.32757568,-53.70195389
487.51831055,-55.65750122
487.70904541,-56.84596252
487.89978027,-57.80405045
488.09051514,-57.42655945
488.28125000,-53.56607056
488.47198486,-52.91610336
488.66271973,-57.61543655
488.85345459,-59.17858505
489.04418945,-54.70649719
489.23492432,-54.72084045
489.42565918,-55.25422668
489.61639404,-59.36566162
489.80712891,-70.57257843
489.99786377,-57.27172852
490.18859863,-57.50089645
490.37933350,-62.19615173
490.57006836,-57.56100464
490.76080322,-60.42732620
490.95153809,-71.15885925
491.14227295,-58.71589661
491.33300781,-54.12517929
491.52374268,-59.16022873
491.71447754,-57.33555222
491.90521240,-53.67926788
492.09594727,-55.09937668
492.28668213,-52.78820419
492.47741699,-52.10344315
492.66815186,-56.00997162
492.85888672,-61.73339844
493.04962158,-64.83051300
493.24035645,-64.98373413
493.43109131,-58.86046600
493.62182617,-56.27862549
493.81256104,-60.21083450
494.00329590,-62.18503571
494.19403076,-58.48744202
494.38476562,-64.13650513
494.57550049,-60.36884308
494.76623535,-55.96550369
494.95697021,-54.88178635
495.14770508,-57.57530212
495.33843994,-61.67779922
495.52917480,-59.47405243
495.71990967,-52.56753540
495.91064453,-49.81311798
496.10137939,-53.33116150
496.29211426,-56.62933731
496.48284912,-54.58599091
496.67358398,-67.61224365
496.86431885,-56.58724976
497.05505371,-56.11358261
497.24578857,-56.65210724
497.43652344,-63.30262756
497.62725830,-69.49382782
497.81799316,-73.12649536
498.00872803,-80.99748230
498.19946289,-69.35500336
498.39019775,-58.65090179
498.58093262,-55.26896667
498.77166748,-54.81874466
498.96240234,-54.42396545
499.15313721,-58.84829712
499.34387207,-69.25550842
499.53460693,-82.20536041
499.72534180,-70.15847778
499.91607666,-62.14256287
500.10681152,-55.39564133
500.29754639,-54.46429443
500.48828125,-63.84844971
500.67901611,-57.79354095
500.86975098,-54.15777206
501.06048584,-54.99322510
501.25122070,-77.35020447
501.44195557,-61.78199005
501.63269043,-59.49083328
501.82342529,-55.99201965
502.01416016,-59.49518204
502.20489502,-57.76350021
502.39562988,-66.93012238
502.58636475,-60.62097931
502.77709961,-59.81527328
502.96783447,-74.53518677
503.15856934,-57.95180893
503.34930420,-56.46800232
503.54003906,-55.75330353
503.73077393,-55.06396484
503.92150879,-56.07525253
504.11224365,-57.65602112
504.30297852,-58.96013260
504.49371338,-60.03397369
504.68444824,-58.51051331
504.87518311,-56.57408905
505.06591797,-56.37561035
505.25665283,-65.36291504
505.44738770,-61.46873093
505.63812256,-54.95114899
505.82885742,-52.04515076
506.01959229,-53.02355194
506.21032715,-55.42939758
506.40106201,-58.27340698
506.59179688,-58.56617737
506.78253174,-59.36116028
506.97326660,-60.69868469
507.16400146,-51.77047729
507.35473633,-53.64432907
507.54547119,-58.51263428
507.73620605,-60.72383118
507.92694092,-58.77690125
508.11767578,-54.76184845
508.30841064,-53.41860199
508.49914551,-56.11869049
508.68988037,-62.02149200
508.88061523,-61.79524231
509.07135010,-61.34225464
509.26208496,-52.90477753
509.45281982,-50.57851410
509.64355469,-50.92369843
509.83428955,-50.71949768
510.02502441,-53.49090195
510.21575928,-64.77555084
510.40649414,-58.54281616
510.59722900,-52.33123016
510.78796387,-52.24172592
510.97869873,-60.51711273
511.16943359,-59.97451019
511.36016846,-58.45199203
511.55090332,-51.94977570
511.74163818,-52.22835541
511.93237305,-59.34799194
512.12310791,-56.90496445
512.31384277,-51.93925476
512.50457764,-52.61750793
512.69531250,-57.38674545
512.88604736,-66.87519836
513.07678223,-58.49785614
513.26751709,-52.45256424
513.45825195,-50.88971710
513.64898682,-52.71603012
513.83972168,-61.18822479
514.03045654,-64.76204681
514.22119141,-55.90024567
514.41192627,-59.03286743
514.60266113,-64.73319244
514.79339600,-59.13418579
514.98413086,-62.46609497
515.17486572,-63.05569458
515.36560059,-57.27917480
515.55633545,-53.22114944
515.74707031,-52.84260559
515.93780518,-56.65055084
516.12854004,-66.92828369
516.31927490,-63.71039581
516.51000977,-63.59527588
516.70074463,-59.39331818
516.89147949,-60.35819626
517.08221436,-58.30570984
517.27294922,-58.79904938
517.46368408,-58.32574844
517.65441895,-57.96844864
517.84515381,-53.31256866
518.03588867,-56.34577942
518.22662354,-62.69935226
518.41735840,-63.88503265
518.60809326,-60.83191299
518.79882812,-57.00048065
518.98956299,-60.89847183
519.18029785,-55.30955887
519.37103271,-52.50461197
519.56176758,-52.62275696
519.75250244,-52.26484680
519.94323730,-52.10929871
520.13397217,-53.99297714
520.32470703,-55.91696930
520.51544189,-57.12816238
520.70617676,-57.90722275
520.89691162,-57.33112335
521.08764648,-56.67103195
521.27838135,-57.61103058
521.46911621,-57.42584991
521.65985107,-52.87416840
521.85058594,-53.01173782
522.04132080,-53.13381958
522.23205566,-53.55312729
522.42279053,-57.42738342
522.61352539,-62.35023117
522.80426025,-58.71598816
522.99499512,-59.84332275
523.18572998,-65.68699646
523.37646484,-62.95648575
523.56719971,-63.73452759
523.75793457,-60.33941650
523.94866943,-62.68257904
524.13940430,-63.12564087
524.33013916,-59.98915863
524.52087402,-67.69549561
524.71160889,-65.79437256
524.90234375,-63.32062149
525.09307861,-62.10129547
525.28381348,-60.63942337
525.47454834,-59.45734406
525.66528320,-54.06155014
525.85601807,-58.37402725
526.04675293,-65.48720551
526.23748779,-57.13662720
526.42822266,-56.36289978
526.61895752,-66.47721100
526.80969238,-58.64914322
527.00042725,-54.88871765
527.19116211,-58.44272614
527.38189697,-60.55585480
527.57263184,-56.80334473
527.76336670,-56.40874481
527.95410156,-57.98232269
528.14483643,-58.01376724
528.33557129,-83.02055359
528.52630615,-60.88549042
528.71704102,-58.26951599
528.90777588,-54.16515350
529.09851074,-56.11180115
529.28924561,-74.14170837
529.47998047,-62.77555466
529.67071533,-60.05030823
529.86145020,-58.52071381
530.05218506,-59.98066330
530.24291992,-67.59313965
530.43365479,-72.95670319
530.62438965,-61.77666473
530.81512451,-57.67769241
531.00585938,-69.92581177
531.19659424,-61.73726654
531.38732910,-67.88463593
531.57806396,-57.40236282
531.76879883,-55.24524689
531.95953369,-59.67349243
532.15026855,-60.39432144
532.34100342,-60.33744812
532.53173828,-58.98511505
532.72247314,-52.55492783
532.91320801,-54.13457489
533.10394287,-61.10834122
533.29467773,-58.79819489
533.48541260,-55.56652069
533.67614746,-57.93081284
533.86688232,-65.13340759
534.05761719,-66.79724884
534.24835205,-63.75036621
534.43908691,-61.29588318
534.62982178,-59.55656433
534.82055664,-58.29212570
535.01129150,-56.34556580
535.20202637,-58.69646454
535.39276123,-60.31055832
535.58349609,-56.77476883
535.77423096,-59.22264862
535.96496582,-82.29096985
536.15570068,-58.55055237
536.34643555,-54.96281052
536.53717041,-54.46127319
536.72790527,-56.11684799
536.91864014,-58.79934311
537.10937500,-61.81041718
537.30010986,-58.17243576
537.49084473,-52.61196899
537.68157959,-51.37583923
537.87231445,-52.88821411
538.06304932,-55.64195633
538.25378418,-53.43787766
538.44451904,-53.86966324
538.63525391,-55.28755951
538.82598877,-55.41086197
539.01672363,-54.95151520
539.20745850,-59.35263062
539.39819336,-59.95928192
539.58892822,-53.84057999
539.77966309,-56.82648468
539.97039795,-58.03080750
540.16113281,-52.27830505
540.35186768,-52.62572861
540.54260254,-56.50644302
540.73333740,-61.99522018
540.92407227,-62.84759521
541.11480713,-64.25567627
541.30554199,-66.14212036
541.49627686,-60.22272110
541.68701172,-59.16977692
541.87774658,-62.52357864
542.06848145,-51.11766434
542.25921631,-50.73772049
542.44995117,-56.23080444
542.64068604,-58.35218430
542.83142090,-52.69542694
543.02215576,-51.88673019
543.21289062,-52.39295197
543.40362549,-52.44609070
543.59436035,-54.05559540
543.78509521,-54.16487885
543.97583008,-52.08760834
544.16656494,-52.02724075
544.35729980,-58.04192352
544.54803467,-64.80905151
544.73876953,-56.71060181
544.92950439,-53.47884369
545.12023926,-54.15287018
545.31097412,-55.61760330
545.50170898,-55.85137939
545.69244385,-54.47658539
545.88317871,-54.47778320
546.07391357,-53.99691772
546.26464844,-60.92464066
546.45538330,-57.88187027
546.64611816,-53.09688187
546.83685303,-51.52645874
547.02758789,-51.07217407
547.21832275,-57.22282028
547.40905762,-55.35901642
547.59979248,-54.44223785
547.79052734,-62.94178391
547.98126221,-65.05472565
548.17199707,-63.70799637
548.36273193,-72.56724548
548.55346680,-66.43688202
548.74420166,-59.67496490
548.93493652,-54.63367462
549.12567139,-58.78293991
549.31640625,-66.52127075
549.50714111,-56.82713318
549.69787598,-56.87839508
549.88861084,-60.51984406
550.07934570,-57.83494568
550.27008057,-57.21574783
550.46081543,-55.26736450
550.65155029,-55.94733810
550.84228516,-61.98522949
551.03302002,-55.14518356
551.22375488,-56.10634232
551.41448975,-56.39009094
551.60522461,-54.74900818
551.79595947,-51.31166840
551.98669434,-51.48485184
552.17742920,-54.39712524
552.36816406,-54.63887024
552.55889893,-58.01525116
552.74963379,-66.61546326
552.94036865,-66.64220428
553.13110352,-60.46479034
553.32183838,-59.13562393
553.51257324,-61.08148575
553.70330811,-64.50166321
553.89404297,-65.95913696
554.08477783,-72.78886414
554.27551270,-65.26603699
554.46624756,-73.77897644
554.65698242,-70.10215759
554.84771729,-67.66598511
555.03845215,-61.76446915
555.22918701,-55.58541107
555.41992188,-52.87502289
555.61065674,-59.17863464
555.80139160,-58.59912109
555.99212646,-52.88513565
556.18286133,-54.54379272
556.37359619,-58.83437347
556.56433105,-55.96569824
556.75506592,-54.76166153
556.94580078,-57.96868896
557.13653564,-66.39567566
557.32727051,-55.76976013
557.51800537,-57.23899078
557.70874023,-59.06296539
557.89947510,-57.42109680
558.09020996,-55.43914413
558.28094482,-56.49234772
558.47167969,-63.04684067
558.66241455,-72.72000122
558.85314941,-69.29893494
559.04388428,-67.43150330
559.23461914,-62.39865875
559.42535400,-58.38764572
559.61608887,-55.22506332
559.80682373,-58.15744400
559.99755859,-62.04730606
560.18829346,-66.75864410
560.37902832,-57.55508804
560.56976318,-49.99301147
560.76049805,-49.48423767
560.95123291,-54.33772278
561.14196777,-64.81512451
561.33270264,-59.53582764
561.52343750,-63.84883499
561.71417236,-55.43192291
561.90490723,-52.10768890
562.09564209,-56.50128937
562.28637695,-58.53179169
562.47711182,-56.80847549
562.66784668,-53.16055298
562.85858154,-56.88440704
563.04931641,-57.16482544
563.24005127,-62.89295197
563.43078613,-54.40666580
563.62152100,-62.19644165
563.81225586,-56.77709579
564.00299072,-53.01390839
564.19372559,-55.45903015
564.38446045,-59.87417221
564.57519531,-59.13054657
564.76593018,-71.57601929
564.95666504,-59.73976135
565.14739990,-55.73343277
565.33813477,-53.01160431
565.52886963,-51.47960663
565.71960449,-51.08815765
565.91033936,-50.63117599
566.10107422,-52.51932526
566.29180908,-57.78675461
566.48254395,-62.13664627
566.67327881,-55.95740509
566.86401367,-54.76276016
567.05474854,-56.04463577
567.24548340,-59.82380676
567.43621826,-64.30522156
567.62695312,-65.09034729
567.81768799,-65.85597992
568.00842285,-62.66044617
568.19915771,-60.13095856
568.38989258,-60.61388397
568.58062744,-62.94394684
568.77136230,-61.31967545
568.96209717,-55.45219803
569.15283203,-61.31285858
569.34356689,-55.68184662
569.53430176,-53.83444977
569.72503662,-60.13434601
569.91577148,-56.01381302
570.10650635,-50.66974640
570.29724121,-48.57080078
570.48797607,-48.84680176
570.67871094,-50.32564545
570.86944580,-50.65906143
571.06018066,-52.19068146
571.25091553,-56.14883423
571.44165039,-60.52633286
571.63238525,-58.54199982
571.82312012,-60.22766495
572.01385498,-62.45400238
572.20458984,-57.63304138
572.39532471,-50.06779480
572.58605957,-52.16744995
572.77679443,-64.62699127
572.96752930,-64.46360779
573.15826416,-57.07659912
573.34899902,-57.74935913
573.53973389,-59.08236694
573.73046875,-53.72364426
573.92120361,-51.22437286
574.11193848,-54.31852341
574.30267334,-59.86875916
574.49340820,-64.16998291
574.68414307,-56.42963409
574.87487793,-61.59607315
575.06561279,-54.66623688
575.25634766,-61.33521271
575.44708252,-55.45436859
575.63781738,-53.52840805
575.82855225,-62.11174011
576.01928711,-55.11069489
576.21002197,-54.52658844
576.40075684,-58.21287155
576.59149170,-53.93589783
576.78222656,-55.28229141
576.97296143,-61.12413406
577.16369629,-58.69958878
577.35443115,-55.60545349
577.54516602,-52.70526123
577.73590088,-56.13268280
577.92663574,-60.80504608
578.11737061,-66.79756927
578.30810547,-57.37844849
578.49884033,-55.03614044
578.68957520,-55.70746613
578.88031006,-56.87305832
579.07104492,-62.59956741
579.26177979,-66.10081482
579.45251465,-56.72370148
579.64324951,-54.73335648
579.83398438,-54.63243866
580.02471924,-53.29493713
580.21545410,-51.02971649
580.40618896,-52.73323441
580.59692383,-61.52747726
580.78765869,-57.53152466
580.97839355,-56.03771973
581.16912842,-56.02046967
581.35986328,-67.33815002
581.55059814,-56.74804688
581.74133301,-54.46512222
581.93206787,-58.60733795
582.12280273,-68.37696075
582.31353760,-62.73685837
582.50427246,-58.05560684
582.69500732,-60.96178055
582.88574219,-60.50461197
583.07647705,-65.16870117
583.26721191,-62.48808289
583.45794678,-57.39952850
583.64868164,-59.94044876
583.83941650,-64.54679108
584.03015137,-54.42142487
584.22088623,-53.54621506
584.41162109,-58.64936447
584.60235596,-67.44023132
584.79309082,-56.39757538
584.98382568,-52.36928940
585.17456055,-54.23553467
585.36529541,-58.51899719
585.55603027,-73.32652283
585.74676514,-61.88559723
585.93750000,-65.98948669
586.12823486,-60.97235107
586.31896973,-70.80969238
586.50970459,-68.40995026
586.70043945,-59.24670792
586.89117432,-56.80761337
587.08190918,-66.09747314
587.27264404,-68.96316528
587.46337891,-58.99800110
587.65411377,-56.63286209
587.84484863,-55.61466980
588.03558350,-55.24612808
588.22631836,-52.99173737
588.41705322,-52.18904495
588.60778809,-54.25779343
588.79852295,-58.68365479
588.98925781,-71.51444244
589.17999268,-59.43215179
589.37072754,-64.74427795
589.56146240,-54.89204788
589.75219727,-51.74837112
589.94293213,-59.46197510
590.13366699,-64.17975616
590.32440186,-58.18270874
590.51513672,-55.30782318
590.70587158,-54.38258362
590.89660645,-66.61123657
591.08734131,-57.11032104
591.27807617,-55.08152771
591.46881104,-55.98993301
591.65954590,-62.80852509
591.85028076,-53.73857117
592.04101562,-50.10029602
592.23175049,-53.32646942
592.42248535,-64.15536499
592.61322021,-64.37577057
592.80395508,-67.92132568
592.99468994,-64.05511475
593.18542480,-60.98206329
593.37615967,-71.50324249
593.56689453,-62.62899399
593.75762939,-57.88973999
593.94836426,-56.64808273
594.13909912,-64.30651855
594.32983398,-59.23587418
594.52056885,-56.58051300
594.71130371,-59.91306305
594.90203857,-60.44336319
595.09277344,-63.40430832
595.28350830,-67.54983521
595.47424316,-62.22392273
595.66497803,-68.03823090
595.85571289,-52.94675827
596.04644775,-49.77365494
596.23718262,-51.70692444
596.42791748,-58.84578705
596.61865234,-60.78738785
596.80938721,-54.31597900
597.00012207,-54.72410583
597.19085693,-59.34551239
597.38159180,-70.45880890
597.57232666,-61.88613510
597.76306152,-56.69276428
597.95379639,-53.03155899
598.14453125,-53.76290131
598.33526611,-64.94198608
598.52600098,-62.44950867
598.71673584,-63.33172226
598.90747070,-63.92053604
599.09820557,-70.16099548
599.28894043,-71.31832886
599.47967529,-63.46141052
599.67041016,-56.78375244
599.86114502,-58.56250000
600.05187988,-57.76468277
600.24261475,-57.25753403
600.43334961,-57.49873352
600.62408447,-54.95055771
600.81481934,-70.99514771
601.00555420,-68.77389526
601.19628906,-67.47415161
601.38702393,-58.48828125
601.57775879,-59.24505615
601.76849365,-65.29165649
601.95922852,-57.72567368
602.14996338,-68.30335236
602.34069824,-54.40328598
602.53143311,-52.43622589
602.72216797,-55.55966949
602.91290283,-58.45893478
603.10363770,-69.58596802
603.29437256,-59.98066711
603.48510742,-68.84335327
603.67584229,-65.20772552
603.86657715,-58.05850220
604.05731201,-54.40752411
604.24804688,-59.27854156
604.43878174,-57.23270798
604.62951660,-52.43450546
604.82025146,-51.02204132
605.01098633,-50.88027954
605.20172119,-50.91488647
605.39245605,-54.99559402
605.58319092,-58.75739670
605.77392578,-61.43037796
605.96466064,-62.64793396
606.15539551,-55.33131027
606.34613037,-58.87602234
606.53686523,-63.72702026
606.72760010,-60.63392258
606.91833496,-62.75928497
607.10906982,-60.76330185
607.29980469,-62.19684219
607.49053955,-61.68247604
607.68127441,-53.33826447
607.87200928,-53.29669571
608.06274414,-54.10049820
608.25347900,-64.30296326
608.44421387,-61.75441360
608.63494873,-61.42296600
608.82568359,-61.48427963
609.01641846,-63.28314972
609.20715332,-58.70668411
609.39788818,-58.13308716
609.58862305,-69.78362274
609.77935791,-61.93642044
609.97009277,-53.16008759
610.16082764,-51.14646149
610.35156250,-51.05034256
610.54229736,-52.57610703
610.73303223,-56.85993576
610.92376709,-60.33982086
611.11450195,-62.18033218
611.30523682,-65.13777924
611.49597168,-62.96640015
611.68670654,-53.92302704
611.87744141,-58.32836533
612.06817627,-57.13987350
612.25891113,-55.75830841
612.44964600,-56.57779694
612.64038086,-54.36108017
612.83111572,-57.30551910
613.02185059,-57.59418488
613.21258545,-55.20634079
613.40332031,-54.42115784
613.59405518,-52.32650757
613.78479004,-52.39616776
613.97552490,-57.93366241
614.16625977,-58.46083832
614.35699463,-54.41390991
614.54772949,-54.87975311
614.73846436,-60.77072525
614.92919922,-56.34957886
615.11993408,-57.91431808
615.31066895,-58.16622925
615.50140381,-50.43893433
615.69213867,-51.97809601
615.88287354,-57.31801605
616.07360840,-59.99699402
616.26434326,-58.33560181
616.45507812,-58.20747757
616.64581299,-61.89488983
616.83654785,-61.07873917
617.02728271,-67.36927795
617.21801758,-63.70294189
617.40875244,-79.20968628
617.59948730,-70.80123138
617.79022217,-64.78902435
617.98095703,-58.45912170
618.17169189,-54.89426422
618.36242676,-52.31556702
618.55316162,-54.46475601
618.74389648,-58.96855927
618.93463135,-66.56305695
619.12536621,-59.79771042
619.31610107,-59.08756638
619.50683594,-60.27265549
619.69757080,-55.30305481
619.88830566,-65.48195648
620.07904053,-59.38786316
620.26977539,-53.93608856
620.46051025,-53.95210648
620.65124512,-65.55358887
620.84197998,-54.02729416
621.03271484,-53.50483704
621.22344971,-58.95905304
621.41418457,-58.50454330
621.60491943,-57.01581573
621.79565430,-60.53519440
621.98638916,-71.90359497
622.17712402,-60.31946182
622.36785889,-64.32272339
622.55859375,-62.81020737
622.74932861,-58.97933960
622.94006348,-62.21780396
623.13079834,-60.88790131
623.32153320,-62.02462006
623.51226807,-54.62036514
623.70300293,-49.65650177
623.89373779,-50.65484619
624.08447266,-55.72143936
624.27520752,-62.33798599
624.46594238,-68.39849091
624.65667725,-63.86495590
624.84741211,-70.26103973
625.03814697,-54.57573700
625.22888184,-52.91976929
625.41961670,-52.37049103
625.61035156,-54.47261810
625.80108643,-57.16536713
625.99182129,-55.19245529
626.18255615,-55.28836823
626.37329102,-64.47122192
626.56402588,-62.25275421
626.75476074,-57.77460098
626.94549561,-59.79190445
627.13623047,-61.37157822
627.32696533,-65.33966064
627.51770020,-62.74936676
627.70843506,-57.63257599
627.89916992,-53.70095062
628.08990479,-55.38776016
628.28063965,-59.26809311
628.47137451,-51.30062866
628.66210938,-49.50194931
628.85284424,-59.47375870
629.04357910,-60.41130066
629.23431396,-62.90765381
629.42504883,-70.97772980
629.61578369,-68.13860321
629.80651855,-55.03250885
629.99725342,-51.21173477
630.18798828,-50.38520813
630.37872314,-52.98740768
630.56945801,-61.60514450
630.76019287,-65.26107025
630.95092773,-66.09719849
631.14166260,-72.09437561
631.33239746,-56.41066742
631.52313232,-53.84519577
631.71386719,-58.93210602
631.90460205,-60.64968109
632.09533691,-55.26315689
632.28607178,-57.46218872
632.47680664,-66.80359650
632.66754150,-55.61087799
632.85827637,-57.20296478
633.04901123,-59.27021027
633.23974609,-54.77468872
633.43048096,-51.03665161
633.62121582,-52.43001938
633.81195068,-60.11064529
634.00268555,-79.36843872
634.19342041,-76.58967590
634.38415527,-64.66174316
634.57489014,-65.80091858
634.76562500,-61.42017365
634.95635986,-58.98374939
635.14709473,-54.41892242
635.33782959,-53.11229324
635.52856445,-53.07407761
635.71929932,-59.94475937
635.91003418,-57.54465103
636.10076904,-52.08044052
636.29150391,-50.70651627
636.48223877,-52.25479507
636.67297363,-53.49224472
636.86370850,-58.76678085
637.05444336,-61.94334030
637.24517822,-64.43803406
637.43591309,-55.02914047
637.62664795,-54.51062775
637.81738281,-54.53330231
638.00811768,-60.08679962
638.19885254,-63.64830399
638.38958740,-58.97247314
638.58032227,-57.13791656
638.77105713,-53.48450089
638.96179199,-52.46752930
639.15252686,-53.37162781
639.34326172,-54.12187576
639.53399658,-53.35018921
639.72473145,-53.48670197
639.91546631,-57.87242508
640.10620117,-56.17874908
640.29693604,-60.85459900
640.48767090,-62.85214996
640.67840576,-55.98883057
640.86914062,-53.71751785
641.05987549,-51.72205353
641.25061035,-49.95885849
641.44134521,-51.02609634
641.63208008,-56.10534286
641.82281494,-55.83628845
642.01354980,-52.03961945
642.20428467,-52.48846436
642.39501953,-55.89603806
642.58575439,-63.17170715
642.77648926,-64.04925537
642.96722412,-58.42691803
643.15795898,-60.82140350
643.34869385,-55.87918091
643.53942871,-53.33710480
643.73016357,-58.03576660
643.92089844,-61.16304016
644.11163330,-58.40649414
644.30236816,-61.53289032
644.49310303,-68.14549255
644.68383789,-60.03155518
644.87457275,-63.28444672
645.06530762,-63.52154541
645.25604248,-57.08653259
645.44677734,-52.59215546
645.63751221,-48.92928314
645.82824707,-50.17501068
646.01898193,-55.38405991
646.20971680,-61.43444824
646.40045166,-66.21536255
646.59118652,-68.45343018
646.78192139,-64.20053101
646.97265625,-58.26362991
647.16339111,-65.57711792
647.35412598,-64.24424744
647.54486084,-63.53437424
647.73559570,-72.15308380
647.92633057,-60.93160629
648.11706543,-57.29693985
648.30780029,-59.85809708
648.49853516,-67.39245605
648.68927002,-59.39192963
648.88000488,-56.81824493
649.07073975,-58.81326294
649.26147461,-67.11265564
649.45220947,-69.07178497
649.64294434,-61.90792847
649.83367920,-56.83556366
650.02441406,-56.80294037
650.21514893,-53.93361664
650.40588379,-53.90557098
650.59661865,-52.85665894
650.78735352,-51.40348816
650.97808838,-49.83093262
651.16882324,-51.99060822
651.35955811,-65.73210144
651.55029297,-65.78022003
651.74102783,-66.70480347
651.93176270,-63.98610687
652.12249756,-59.77208710
652.31323242,-58.10997391
652.50396729,-52.82187653
652.69470215,-54.33797455
652.88543701,-67.31015015
653.07617188,-65.19042206
653.26690674,-70.05682373
653.45764160,-74.93315887
653.64837646,-63.91168213
653.83911133,-59.85958099
654.02984619,-65.72511292
654.22058105,-58.31917572
654.41131592,-59.44477463
654.60205078,-59.97838974
654.79278564,-60.74626923
654.98352051,-62.03245163
655.17425537,-56.42098236
655.36499023,-55.11031723
655.55572510,-57.13381958
655.74645996,-58.25689697
655.93719482,-56.83036041
656.12792969,-56.67909622
656.31866455,-55.20683289
656.50939941,-50.38318634
656.70013428,-52.61021423
656.89086914,-60.19395828
657.08160400,-59.22066116
657.27233887,-54.31889343
657.46307373,-57.65392685
657.65380859,-65.66170502
657.84454346,-60.20223236
658.03527832,-55.47824097
658.22601318,-58.34718323
658.41674805,-56.79668427
658.60748291,-57.30087662
658.79821777,-56.04289627
658.98895264,-52.51340485
659.17968750,-53.62518311
659.37042236,-58.86303329
659.56115723,-59.23403931
659.75189209,-60.07267761
659.94262695,-62.88706207
660.13336182,-62.48601913
660.32409668,-65.99093628
660.51483154,-67.37916565
660.70556641,-59.89890671
660.89630127,-55.10888672
661.08703613,-54.34722519
661.27777100,-60.90904999
661.46850586,-61.04977417
661.65924072,-58.30014038
661.84997559,-71.91455841
662.04071045,-61.28271484
662.23144531,-58.60995483
662.42218018,-56.35956192
662.61291504,-56.62179565
662.80364990,-58.44326019
662.99438477,-54.22593689
663.18511963,-53.41676712
663.37585449,-57.55966187
663.56658936,-66.23595428
663.75732422,-56.96049118
663.94805908,-59.20525360
664.13879395,-69.29938507
664.32952881,-56.18236160
664.52026367,-53.60446930
664.71099854,-54.27451324
664.90173340,-58.54917908
665.09246826,-68.60090637
665.28320312,-62.06724167
665.47393799,-55.59335327
665.66467285,-57.33973694
665.85540771,-70.24548340
666.04614258,-65.62942505
666.23687744,-60.48197174
666.42761230,-51.89921951
666.61834717,-53.68244553
666.80908203,-60.08086777
666.99981689,-72.81534576
667.19055176,-59.96076584
667.38128662,-57.47032547
667.57202148,-58.07425690
667.76275635,-57.91894913
667.95349121,-60.09415054
668.14422607,-64.70984650
668.33496094,-54.78754044
668.52569580,-55.96194839
668.71643066,-55.35649109
668.90716553,-56.16405106
669.09790039,-62.38246536
669.28863525,-54.64173889
669.47937012,-51.43802261
669.67010498,-52.43511963
669.86083984,-56.26110458
670.05157471,-56.52595901
670.24230957,-57.67502213
670.43304443,-63.86074448
670.62377930,-53.25918198
670.81451416,-49.69113159
671.00524902,-50.43657303
671.19598389,-52.12678909
671.38671875,-55.34876251
671.57745361,-66.43560791
671.76818848,-63.33263016
671.95892334,-54.65371704
672.14965820,-52.67472076
672.34039307,-54.43136597
672.53112793,-54.85822678
672.72186279,-54.05116653
672.91259766,-55.80183029
673.10333252,-58.68801498
673.29406738,-59.93753433
673.48480225,-66.89549255
673.67553711,-61.93072891
673.86627197,-56.09920502
674.05700684,-53.39035416
674.24774170,-55.61654663
674.43847656,-60.78524780
674.62921143,-67.92214203
674.81994629,-52.55307007
675.01068115,-47.79613495
675.20141602,-50.91186523
675.39215088,-59.11550522
675.58288574,-56.79027176
675.77362061,-59.24549484
675.96435547,-59.18716049
676.15509033,-56.82115173
676.34582520,-63.97594833
676.53656006,-61.54877472
676.72729492,-60.89546585
676.91802979,-61.41484070
677.10876465,-59.91827393
677.29949951,-61.57844162
677.49023438,-53.74593353
677.68096924,-53.40026474
677.87170410,-59.78866196
678.06243896,-55.11490631
678.25317383,-53.78994370
678.44390869,-60.64886093
678.63464355,-51.00216675
678.82537842,-55.30765152
679.01611328,-65.58048248
679.20684814,-65.17591858
679.39758301,-61.51907349
679.58831787,-64.46437836
679.77905273,-66.02379608
679.96978760,-57.95076752
680.16052246,-64.62952423
680.35125732,-70.43066406
680.54199219,-61.70199966
680.73272705,-62.18008423
680.92346191,-63.65473938
681.11419678,-80.18495178
681.30493164,-64.20063782
681.49566650,-55.31692505
681.68640137,-56.05484390
681.87713623,-60.60788727
682.06787109,-56.07690811
682.25860596,-53.76348495
682.44934082,-50.35932541
682.64007568,-50.55311584
682.83081055,-53.12030792
683.02154541,-53.87432098
683.21228027,-51.58645630
683.40301514,-50.72442627
683.59375000,-52.55548096
683.78448486,-59.89328003
683.97521973,-60.54002380
684.16595459,-55.54565430
684.35668945,-60.27699280
684.54742432,-67.64425659
684.73815918,-64.63973236
684.92889404,-59.84324646
685.11962891,-58.30786896
685.31036377,-69.82098389
685.50109863,-68.18551636
685.69183350,-58.96902084
685.88256836,-52.92896271
686.07330322,-53.98360443
686.26403809,-62.47067261
686.45477295,-61.81037140
686.64550781,-53.81665039
686.83624268,-54.28554916
687.02697754,-56.31505585
687.21771240,-63.74542236
687.40844727,-64.46566772
687.59918213,-58.08122635
687.78991699,-53.17072296
687.98065186,-61.46350098
688.17138672,-61.04528809
688.36212158,-60.10231400
688.55285645,-50.15192413
688.74359131,-48.42463684
688.93432617,-52.11970901
689.12506104,-56.31090164
689.31579590,-57.48868942
689.50653076,-54.70903778
689.69726562,-56.12144089
689.88800049,-59.99135971
690.07873535,-59.49413300
690.26947021,-56.39621735
690.46020508,-53.73447037
690.65093994,-51.38808823
690.84167480,-51.26550293
691.03240967,-49.80986023
691.22314453,-48.49325562
691.41387939,-51.34626389
691.60461426,-59.23933029
691.79534912,-60.96752167
691.98608398,-61.70886612
692.17681885,-66.58983612
692.36755371,-63.08523178
692.55828857,-57.08086014
692.74902344,-57.89192200
692.93975830,-66.33921051
693.13049316,-58.41655350
693.32122803,-61.26132202
693.51196289,-60.33792114
693.70269775,-53.55228424
693.89343262,-58.41443634
694.08416748,-57.13344574
694.27490234,-51.26348114
694.46563721,-55.35418701
694.65637207,-64.33709717
694.84710693,-61.20005798
695.03784180,-66.91353607
695.22857666,-68.43555450
695.41931152,-57.01930618
695.61004639,-53.99938583
695.80078125,-65.26742554
695.99151611,-57.89777374
696.18225098,-60.93491364
696.37298584,-67.20510864
696.56372070,-57.66416931
696.75445557,-56.60637665
696.94519043,-60.91154480
697.13592529,-56.22988892
697.32666016,-65.24690247
697.51739502,-53.13035965
697.70812988,-52.00864792
697.89886475,-53.17232513
698.08959961,-55.76036835
698.28033447,-56.69897461
698.47106934,-57.33502197
698.66180420,-67.97709656
698.85253906,-59.39847565
699.04327393,-73.64936066
699.23400879,-57.78941727
699.42474365,-63.60175705
699.61547852,-58.76178741
699.80621338,-58.10566711
699.99694824,-55.23675919
700.18768311,-52.49303818
700.37841797,-51.82380676
700.56915283,-58.55408096
700.75988770,-57.74765396
700.95062256,-53.87209320
701.14135742,-55.34630585
701.33209229,-52.19789886
701.52282715,-54.19208145
701.71356201,-54.02545929
701.90429688,-56.55084991
702.09503174,-53.83662796
702.28576660,-53.12376022
702.47650146,-52.74703979
702.66723633,-54.11263275
702.85797119,-58.47059250
703.04870605,-55.81061935
703.23944092,-54.06370544
703.43017578,-50.50474548
703.62091064,-48.35118866
703.81164551,-50.35316086
704.00238037,-56.97912216
704.19311523,-55.03946686
704.38385010,-53.61995697
704.57458496,-53.87675476
704.76531982,-55.00325775
704.95605469,-56.21794891
705.14678955,-52.86156082
705.33752441,-53.32696533
705.52825928,-59.50531387
705.71899414,-57.83497620
705.90972900,-61.89036560
706.10046387,-63.78223419
706.29119873,-62.85330200
706.48193359,-54.43096924
706.67266846,-53.68851471
706.86340332,-52.84922791
707.05413818,-52.05771637
707.24487305,-53.80134583
707.43560791,-62.77085876
707.62634277,-60.59448624
707.81707764,-57.95849609
708.00781250,-59.89570236
708.19854736,-64.38298035
708.38928223,-57.86798477
708.58001709,-60.39500809
708.77075195,-58.89541626
708.96148682,-57.34880447
709.15222168,-57.02317810
709.34295654,-52.62802505
709.53369141,-50.52804947
709.72442627,-51.61262894
709.91516113,-51.18438721
710.10589600,-54.59042358
710.29663086,-59.96317291
710.48736572,-63.97459412
710.67810059,-58.85258102
710.86883545,-57.34899902
711.05957031,-65.68472290
711.25030518,-52.78623962
711.44104004,-53.68165588
711.63177490,-59.84626389
711.82250977,-66.03688049
712.01324463,-63.08879471
712.20397949,-59.68371964
712.39471436,-56.84761810
712.58544922,-55.46008682
712.77618408,-61.99499130
712.96691895,-62.47121811
713.15765381,-65.76322174
713.34838867,-58.62964630
713.53912354,-56.44090271
713.72985840,-67.57707977
713.92059326,-55.30782700
714.11132812,-54.00836182
714.30206299,-55.46669769
714.49279785,-59.37326431
714.68353271,-58.88706970
714.87426758,-58.16462708
715.06500244,-59.32326889
715.25573730,-61.80994034
715.44647217,-60.69602966
715.63720703,-64.79839325
715.82794189,-63.64362335
716.01867676,-59.43512726
716.20941162,-54.09372330
716.40014648,-55.78747177
716.59088135,-57.98855591
716.78161621,-59.94433594
716.97235107,-61.30632782
717.16308594,-59.09368515
717.35382080,-57.49900436
717.54455566,-59.80612183
717.73529053,-60.25938034
717.92602539,-57.87284088
718.11676025,-56.24732590
718.30749512,-59.26708221
718.49822998,-58.57715225
718.68896484,-57.64971161
718.87969971,-57.23699570
719.07043457,-55.48539734
719.26116943,-55.76980972
719.45190430,-60.97633743
719.64263916,-74.12207031
719.83337402,-66.64170837
720.02410889,-66.25512695
720.21484375,-54.87562561
720.40557861,-54.23214722
720.59631348,-62.74471283
720.78704834,-63.63482666
720.97778320,-58.36998749
721.16851807,-56.92463303
721.35925293,-54.48341751
721.54998779,-51.76204681
721.74072266,-50.89590073
721.93145752,-52.77641296
722.12219238,-62.69264221
722.31292725,-63.09301376
722.50366211,-58.76859283
722.69439697,-55.75358963
722.88513184,-57.94365692
723.07586670,-64.83654785
723.26660156,-57.40935516
723.45733643,-52.64535904
723.64807129,-50.07117844
723.83880615,-50.84575653
724.02954102,-57.21363831
724.22027588,-65.05230713
724.41101074,-61.83004761
724.60174561,-62.89827728
724.79248047,-59.65164566
724.98321533,-60.83235931
725.17395020,-59.69623566
725.36468506,-55.28559113
725.55541992,-57.90493393
725.74615479,-57.93017578
725.93688965,-57.40509796
726.12762451,-55.89543915
726.31835938,-61.12202454
726.50909424,-53.17335510
726.69982910,-51.53875732
726.89056396,-58.78020477
727.08129883,-74.34594727
727.27203369,-58.16907501
727.46276855,-52.01333618
727.65350342,-56.80947113
727.84423828,-56.55422211
728.03497314,-53.45351791
728.22570801,-56.59259796
728.41644287,-60.53237152
728.60717773,-57.34571457
728.79791260,-56.15566254
728.98864746,-64.23928070
729.17938232,-64.13082123
729.37011719,-57.82755280
729.56085205,-60.06694412
729.75158691,-66.58524323
729.94232178,-59.72732925
730.13305664,-65.69652557
730.32379150,-73.21604156
730.51452637,-63.71127701
730.70526123,-71.97951508
730.89599609,-74.86980438
731.08673096,-63.99255371
731.27746582,-68.20664215
731.46820068,-53.58193970
731.65893555,-51.30263519
731.84967041,-53.89705658
732.04040527,-58.22372055
732.23114014,-55.55661774
732.42187500,-60.14329529
732.61260986,-55.25547028
732.80334473,-51.12720871
732.99407959,-51.06921768
733.18481445,-55.93078613
733.37554932,-62.96154785
733.56628418,-65.97466278
733.75701904,-68.39125061
733.94775391,-57.45397186
734.13848877,-56.36677170
734.32922363,-57.13482285
734.51995850,-61.62977219
734.71069336,-57.94308090
734.90142822,-54.64965820
735.09216309,-54.91376877
735.28289795,-53.92057800
735.47363281,-52.03001022
735.66436768,-57.75633240
735.85510254,-59.61161041
736.04583740,-55.14294434
736.23657227,-59.12677002
736.42730713,-61.02907562
736.61804199,-56.69383240
736.80877686,-53.02966309
736.99951172,-53.30531311
737.19024658,-54.90729904
737.38098145,-55.02462769
737.57171631,-54.15415192
737.76245117,-54.50172043
737.95318604,-61.17218781
738.14392090,-73.64044952
738.33465576,-63.13688660
738.52539062,-57.44310760
738.71612549,-59.30805206
738.90686035,-58.83168793
739.09759521,-55.37712097
739.28833008,-64.30255127
739.47906494,-62.15380859
739.66979980,-61.31032944
739.86053467,-56.84736252
740.05126953,-65.61543274
740.24200439,-56.60690308
740.43273926,-53.96150589
740.62347412,-61.49271011
740.81420898,-60.36527252
741.00494385,-58.90030670
741.19567871,-53.32080841
741.38641357,-54.82581329
741.57714844,-59.67124176
741.76788330,-57.68413162
741.95861816,-57.26153564
742.14935303,-57.36735535
742.34008789,-61.64384460
742.53082275,-61.49509430
742.72155762,-61.27672195
742.91229248,-61.78231812
743.10302734,-58.06635284
743.29376221,-60.13191605
743.48449707,-61.49482727
743.67523193,-56.62666702
743.86596680,-57.23543167
744.05670166,-53.94357300
744.24743652,-54.86362457
744.43817139,-67.98043060
744.62890625,-56.23981857
744.81964111,-50.76623535
745.01037598,-52.37126923
745.20111084,-56.57121277
745.39184570,-57.61860657
745.58258057,-64.77658081
745.77331543,-79.04801178
745.96405029,-54.98261261
746.15478516,-53.32508850
746.34552002,-60.15405273
746.53625488,-58.07293701
746.72698975,-53.82796478
746.91772461,-53.58877182
747.10845947,-55.98742676
747.29919434,-55.64157486
747.48992920,-57.18105316
747.68066406,-66.68470001
747.87139893,-56.55675507
748.06213379,-59.49275208
748.25286865,-57.32691193
748.44360352,-52.48021698
748.63433838,-51.72560883
748.82507324,-54.10604095
749.01580811,-51.55170441
749.20654297,-52.80069351
749.39727783,-68.57407379
749.58801270,-55.36584473
749.77874756,-58.24614716
749.96948242,-81.61400604
750.16021729,-76.29873657
750.35095215,-60.39282227
750.54168701,-55.96247101
750.73242188,-63.92143631
750.92315674,-65.01091766
751.11389160,-60.89673996
751.30462646,-62.11525345
751.49536133,-56.30088043
751.68609619,-53.12940598
751.87683105,-54.53075409
752.06756592,-58.65368652
752.25830078,-69.56927490
752.44903564,-54.96690750
752.63977051,-52.83752060
752.83050537,-53.99774170
753.02124023,-54.04342651
753.21197510,-54.61325073
753.40270996,-53.29642487
753.59344482,-51.43303680
753.78417969,-54.28653336
753.97491455,-67.21430969
754.16564941,-66.90646362
754.35638428,-63.42321777
754.54711914,-56.04857635
754.73785400,-59.10091019
754.92858887,-68.71968079
755.11932373,-83.40507507
755.31005859,-61.78171539
755.50079346,-57.56630325
755.69152832,-57.52006149
755.88226318,-55.09371185
756.07299805,-55.61339951
756.26373291,-56.21640015
756.45446777,-53.61152267
756.64520264,-54.32859421
756.83593750,-58.04473495
757.02667236,-55.12781525
757.21740723,-55.41016388
757.40814209,-60.30560303
757.59887695,-59.42461395
757.78961182,-58.72499847
757.98034668,-53.37638092
758.17108154,-50.83126068
758.36181641,-49.64711761
758.55255127,-54.92955780
758.74328613,-64.21511078
758.93402100,-61.22566986
759.12475586,-57.24018097
759.31549072,-56.54815292
759.50622559,-54.94701385
759.69696045,-55.94274139
759.88769531,-63.08165741
760.07843018,-64.11061096
760.26916504,-58.77945709
760.45989990,-58.68528366
760.65063477,-66.63130188
760.84136963,-53.36656189
761.03210449,-54.94838715
761.22283936,-60.45894623
761.41357422,-58.91715240
761.60430908,-56.11687469
761.79504395,-54.60873413
761.98577881,-53.74923706
762.17651367,-55.34620285
762.36724854,-60.46737671
762.55798340,-56.68655777
762.74871826,-54.92881775
762.93945312,-54.97242355
763.13018799,-55.88126373
763.32092285,-51.83747864
763.51165771,-53.01840210
763.70239258,-56.50495529
763.89312744,-52.16432571
764.08386230,-56.92220306
764.27459717,-63.20076370
764.46533203,-54.78374481
764.65606689,-52.76092911
764.84680176,-57.25952911
765.03753662,-64.67108154
765.22827148,-59.58435440
765.41900635,-63.62389374
765.60974121,-69.43144226
765.80047607,-60.51082230
765.99121094,-55.07767487
766.18194580,-56.92945480
766.37268066,-58.56185913
766.56341553,-56.87017441
766.75415039,-56.19047546
766.94488525,-56.46993256
767.13562012,-66.72263336
767.32635498,-55.64676285
767.51708984,-50.49438095
767.70782471,-51.14105988
767.89855957,-57.48317337
768.08929443,-59.01885986
768.28002930,-61.01046753
768.47076416,-63.80567551
768.66149902,-66.94470215
768.85223389,-65.83209229
769.04296875,-59.81645203
769.23370361,-56.48425293
769.42443848,-59.33021545
769.61517334,-57.07948303
769.80590820,-55.93019867
769.99664307,-69.54577637
770.18737793,-59.30854797
770.37811279,-68.69783020
770.56884766,-55.82536316
770.75958252,-55.06097794
770.95031738,-59.11666870
771.14105225,-63.90370941
771.33178711,-55.42837524
771.52252197,-58.67172623
771.71325684,-61.83373260
771.90399170,-63.16642761
772.09472656,-67.93265533
772.28546143,-59.94689178
772.47619629,-60.22470856
772.66693115,-64.10287476
772.85766602,-61.98735046
773.04840088,-61.32455826
773.23913574,-67.17030334
773.42987061,-60.37042236
773.62060547,-62.83220673
773.81134033,-59.15024185
774.00207520,-57.36299896
774.19281006,-56.48370361
774.38354492,-57.64429474
774.57427979,-55.61863327
774.76501465,-54.18695450
774.95574951,-58.66634369
775.14648438,-56.71453857
775.33721924,-56.08901978
775.52795410,-55.80860519
775.71868896,-64.87258911
775.90942383,-69.93254089
776.10015869,-57.46054840
776.29089355,-54.38238525
776.48162842,-58.15641785
776.67236328,-57.97122955
776.86309814,-55.01390839
777.05383301,-55.20845413
777.24456787,-60.79341125
777.43530273,-62.38414383
777.62603760,-62.47099304
777.81677246,-59.12910843
778.00750732,-57.70561600
778.19824219,-55.78330231
778.38897705,-54.19086456
778.57971191,-55.28457642
778.77044678,-56.81751633
778.96118164,-60.47965622
779.15191650,-61.96182632
779.34265137,-64.88511658
779.53338623,-60.99626923
779.72412109,-55.77494049
779.91485596,-56.46312332
780.10559082,-62.05715179
780.29632568,-61.65575409
780.48706055,-62.43276596
780.67779541,-68.73094177
780.86853027,-58.54875183
781.05926514,-56.27133942
