Time,Channel A

-0.00157900,1.57048249
-0.00093900,1.39469588
-0.00029900,1.39469588
0.00034100,1.21829891
0.00098100,1.21829891
0.00162100,1.21829891
0.00226100,1.04190195
0.00290100,1.04190195
0.00354100,0.86550492
0.00418100,0.86550492
0.00482100,0.68971831
0.00546100,0.68971831
0.00610100,0.51332134
0.00674100,0.51332134
0.00738100,0.33692434
0.00802100,0.33692434
0.00866100,0.33692434
0.00930100,0.16052736
0.00994100,-0.01525925
0.01058100,-0.01525925
0.01122100,-0.19104587
0.01186100,-0.19104587
0.01250100,-0.19104587
0.01314100,-0.36744285
0.01378100,-0.36744285
0.01442100,-0.54383981
0.01506100,-0.54383981
0.01570100,-0.72023684
0.01634100,-0.89602345
0.01698100,-0.89602345
0.01762100,-0.89602345
0.01826100,-1.07242048
0.01890100,-1.24881744
0.01954100,-1.24881744
0.02018100,-1.42521441
0.02082100,-1.42521441
0.02146100,-1.60100102
0.02210100,-1.60100102
0.02274100,-1.77739799
0.02338100,-1.77739799
0.02402100,-1.77739799
0.02466100,-1.95379496
0.02530100,-1.95379496
0.02594100,-2.13019204
0.02658100,-2.13019204
0.02722100,-2.30597854
0.02786100,-2.30597854
0.02850100,-2.30597854
0.02914100,-2.48237562
0.02978100,-2.48237562
0.03042100,-2.65877247
0.03106100,-2.65877247
0.03170100,-2.65877247
0.03234100,-2.83516955
0.03298100,-3.01095605
0.03362100,-3.01095605
0.03426100,-3.01095605
0.03490100,-3.18735313
0.03554100,-3.18735313
0.03618100,-3.18735313
0.03682100,-3.36375022
0.03746100,-3.36375022
0.03810100,-3.54014707
0.03874100,-3.54014707
0.03938100,-3.71593380
0.04002100,-3.71593380
0.04066100,-3.71593380
0.04130100,-3.89233065
0.04194100,-3.89233065
0.04258100,-3.89233065
0.04322100,-3.89233065
0.04386100,-4.06872749
0.04450100,-4.06872749
0.04514100,-4.24512482
0.04578100,-4.24512482
0.04642100,-4.24512482
0.04706100,-4.42091131
0.04770100,-4.42091131
0.04834100,-4.42091131
0.04898100,-4.59730816
0.04962100,-4.59730816
0.05026100,-4.59730816
0.05090100,-4.77370548
0.05154100,-4.77370548
0.05218100,-4.77370548
0.05282100,-4.77370548
0.05346100,-4.77370548
0.05410100,-4.95010233
0.05474100,-4.95010233
0.05538100,-4.95010233
0.05602100,-4.95010233
0.05666100,-5.12588882
0.05730100,-5.12588882
0.05794100,-5.12588882
0.05858100,-5.12588882
0.05922100,-5.12588882
0.05986100,-5.12588882
0.06050100,-5.12588882
0.06114100,-5.12588882
0.06178100,-5.30228567
0.06242100,-5.12588882
0.06306100,-5.12588882
0.06370100,-5.30228567
0.06434100,-5.30228567
0.06498100,-5.30228567
0.06562100,-5.30228567
0.06626100,-5.12588882
0.06690100,-5.30228567
0.06754100,-5.30228567
0.06818100,-5.30228567
0.06882100,-5.30228567
0.06946100,-5.30228567
0.07010100,-5.30228567
0.07074100,-5.30228567
0.07138100,-5.30228567
0.07202100,-5.30228567
0.07266100,-5.30228567
0.07330100,-5.30228567
0.07394100,-5.12588882
0.07458100,-5.12588882
0.07522100,-5.12588882
0.07586100,-5.12588882
0.07650100,-5.12588882
0.07714100,-5.12588882
0.07778100,-5.12588882
0.07842100,-5.12588882
0.07906100,-5.12588882
0.07970100,-4.95010233
0.08034100,-4.95010233
0.08098100,-4.95010233
0.08162100,-4.77370548
0.08226100,-4.77370548
0.08290100,-4.95010233
0.08354100,-4.77370548
0.08418100,-4.59730816
0.08482100,-4.59730816
0.08546100,-4.59730816
0.08610100,-4.59730816
0.08674100,-4.59730816
0.08738100,-4.42091131
0.08802100,-4.42091131
0.08866100,-4.42091131
0.08930100,-4.24512482
0.08994100,-4.24512482
0.09058100,-4.24512482
0.09122100,-4.06872749
0.09186100,-4.06872749
0.09250100,-3.89233065
0.09314100,-3.89233065
0.09378100,-3.89233065
0.09442100,-3.71593380
0.09506100,-3.71593380
0.09570100,-3.71593380
0.09634100,-3.71593380
0.09698100,-3.54014707
0.09762100,-3.36375022
0.09826100,-3.36375022
0.09890100,-3.36375022
0.09954100,-3.18735313
0.10018100,-3.18735313
0.10082100,-3.18735313
0.10146100,-3.01095605
0.10210100,-2.83516955
0.10274100,-2.83516955
0.10338100,-2.65877247
0.10402100,-2.65877247
0.10466100,-2.65877247
0.10530100,-2.48237562
0.10594100,-2.30597854
0.10658100,-2.48237562
0.10722100,-2.30597854
0.10786100,-2.13019204
0.10850100,-2.13019204
0.10914100,-2.13019204
0.10978100,-1.95379496
0.11042100,-1.77739799
0.11106100,-1.77739799
0.11170100,-1.60100102
0.11234100,-1.60100102
0.11298100,-1.42521441
0.11362100,-1.24881744
0.11426100,-1.24881744
0.11490100,-1.07242048
0.11554100,-1.07242048
0.11618100,-0.89602345
0.11682100,-0.72023684
0.11746100,-0.72023684
0.11810100,-0.54383981
0.11874100,-0.36744285
0.11938100,-0.36744285
0.12002100,-0.19104587
0.12066100,-0.19104587
0.12130100,-0.01525925
0.12194100,-0.01525925
0.12258100,0.16052736
0.12322100,0.16052736
0.12386100,0.33692434
0.12450100,0.51332134
0.12514100,0.51332134
0.12578100,0.51332134
0.12642100,0.68971831
0.12706100,0.86550492
0.12770100,1.04190195
0.12834100,1.04190195
0.12898100,1.21829891
0.12962100,1.21829891
0.13026100,1.39469588
0.13090100,1.39469588
0.13154100,1.57048249
0.13218100,1.74687946
0.13282100,1.74687946
0.13346100,1.92327642
0.13410100,1.92327642
0.13474100,1.92327642
0.13538100,2.09967351
0.13602100,2.27546000
0.13666100,2.27546000
0.13730100,2.45185709
0.13794100,2.62825394
0.13858100,2.62825394
0.13922100,2.80465102
0.13986100,2.98043752
0.14050100,2.98043752
0.14114100,3.15683460
0.14178100,3.15683460
0.14242100,3.15683460
0.14306100,3.33323169
0.14370100,3.50962853
0.14434100,3.50962853
0.14498100,3.68541527
0.14562100,3.68541527
0.14626100,3.86181211
0.14690100,3.86181211
0.14754100,3.86181211
0.14818100,4.03820896
0.14882100,4.03820896
0.14946100,4.21460629
0.15010100,4.21460629
0.15074100,4.21460629
0.15138100,4.39039278
0.15202100,4.39039278
0.15266100,4.56678963
0.15330100,4.74318695
0.15394100,4.74318695
0.15458100,4.74318695
0.15522100,4.91958380
0.15586100,4.91958380
0.15650100,4.91958380
0.15714100,5.09537029
0.15778100,5.27176714
0.15842100,5.27176714
0.15906100,5.27176714
0.15970100,5.27176714
0.16034100,5.27176714
0.16098100,5.44816446
0.16162100,5.44816446
0.16226100,5.44816446
0.16290100,5.62456131
0.16354100,5.62456131
0.16418100,5.62456131
0.16482100,5.62456131
0.16546100,5.80034781
0.16610100,5.80034781
0.16674100,5.80034781
0.16738100,5.80034781
0.16802100,5.97674465
0.16866100,5.80034781
0.16930100,5.97674465
0.16994100,5.97674465
0.17058100,5.97674465
0.17122100,5.97674465
0.17186100,5.97674465
0.17250100,5.97674465
0.17314100,6.15314198
0.17378100,5.97674465
0.17442100,6.15314198
0.17506100,6.15314198
0.17570100,6.15314198
0.17634100,6.15314198
0.17698100,6.15314198
0.17762100,6.15314198
0.17826100,6.15314198
0.17890100,6.15314198
0.17954100,6.15314198
0.18018100,6.15314198
0.18082100,6.15314198
0.18146100,6.15314198
0.18210100,6.15314198
0.18274100,6.15314198
0.18338100,6.15314198
0.18402100,6.15314198
0.18466100,6.15314198
0.18530100,5.97674465
0.18594100,6.15314198
0.18658100,5.97674465
0.18722100,6.15314198
0.18786100,5.97674465
0.18850100,6.15314198
0.18914100,5.97674465
0.18978100,5.97674465
0.19042100,5.97674465
0.19106100,5.80034781
0.19170100,5.80034781
0.19234100,5.97674465
0.19298100,5.80034781
0.19362100,5.80034781
0.19426100,5.62456131
0.19490100,5.62456131
0.19554100,5.62456131
0.19618100,5.44816446
0.19682100,5.44816446
0.19746100,5.44816446
0.19810100,5.44816446
0.19874100,5.27176714
0.19938100,5.27176714
0.20002100,5.27176714
0.20066100,5.27176714
0.20130100,5.09537029
0.20194100,5.09537029
0.20258100,4.91958380
0.20322100,4.91958380
0.20386100,4.74318695
0.20450100,4.74318695
0.20514100,4.56678963
0.20578100,4.74318695
0.20642100,4.56678963
0.20706100,4.39039278
0.20770100,4.21460629
0.20834100,4.21460629
0.20898100,4.21460629
0.20962100,4.03820896
0.21026100,4.03820896
0.21090100,3.86181211
0.21154100,3.86181211
0.21218100,3.86181211
0.21282100,3.68541527
0.21346100,3.50962853
0.21410100,3.50962853
0.21474100,3.50962853
0.21538100,3.33323169
0.21602100,3.15683460
0.21666100,3.15683460
0.21730100,2.98043752
0.21794100,2.98043752
0.21858100,2.80465102
0.21922100,2.62825394
0.21986100,2.62825394
0.22050100,2.45185709
0.22114100,2.45185709
0.22178100,2.27546000
0.22242100,2.27546000
0.22306100,2.09967351
0.22370100,1.92327642
0.22434100,1.92327642
0.22498100,1.74687946
0.22562100,1.74687946
0.22626100,1.57048249
0.22690100,1.57048249
0.22754100,1.39469588
0.22818100,1.21829891
0.22882100,1.04190195
0.22946100,1.04190195
0.23010100,0.86550492
0.23074100,0.68971831
0.23138100,0.68971831
0.23202100,0.51332134
0.23266100,0.51332134
0.23330100,0.33692434
0.23394100,0.16052736
0.23458100,0.16052736
0.23522100,-0.01525925
0.23586100,-0.01525925
0.23650100,-0.19104587
0.23714100,-0.36744285
0.23778100,-0.36744285
0.23842100,-0.54383981
0.23906100,-0.72023684
0.23970100,-0.72023684
0.24034100,-0.89602345
0.24098100,-1.07242048
0.24162100,-1.07242048
0.24226100,-1.24881744
0.24290100,-1.42521441
0.24354100,-1.42521441
0.24418100,-1.60100102
0.24482100,-1.77739799
0.24546100,-1.77739799
0.24610100,-1.77739799
0.24674100,-2.13019204
0.24738100,-2.13019204
0.24802100,-2.30597854
0.24866100,-2.30597854
0.24930100,-2.48237562
0.24994100,-2.48237562
0.25058100,-2.65877247
0.25122100,-2.65877247
0.25186100,-2.83516955
0.25250100,-3.01095605
0.25314100,-3.01095605
0.25378100,-3.18735313
0.25442100,-3.18735313
0.25506100,-3.36375022
0.25570100,-3.36375022
0.25634100,-3.54014707
0.25698100,-3.54014707
0.25762100,-3.71593380
0.25826100,-3.71593380
0.25890100,-3.89233065
0.25954100,-3.89233065
0.26018100,-4.06872749
0.26082100,-4.06872749
0.26146100,-4.24512482
0.26210100,-4.24512482
0.26274100,-4.42091131
0.26338100,-4.59730816
0.26402100,-4.59730816
0.26466100,-4.77370548
0.26530100,-4.77370548
0.26594100,-4.77370548
0.26658100,-4.95010233
0.26722100,-4.95010233
0.26786100,-5.12588882
0.26850100,-5.12588882
0.26914100,-5.30228567
0.26978100,-5.30228567
0.27042100,-5.30228567
0.27106100,-5.30228567
0.27170100,-5.47868299
0.27234100,-5.47868299
0.27298100,-5.47868299
0.27362100,-5.47868299
0.27426100,-5.65507984
0.27490100,-5.83086634
0.27554100,-5.83086634
0.27618100,-5.83086634
0.27682100,-5.83086634
0.27746100,-6.00726318
0.27810100,-6.00726318
0.27874100,-6.00726318
0.27938100,-6.00726318
0.28002100,-6.00726318
0.28066100,-6.18366051
0.28130100,-6.00726318
0.28194100,-6.18366051
0.28258100,-6.18366051
0.28322100,-6.18366051
0.28386100,-6.36005735
0.28450100,-6.36005735
0.28514100,-6.36005735
0.28578100,-6.36005735
0.28642100,-6.36005735
0.28706100,-6.36005735
0.28770100,-6.36005735
0.28834100,-6.36005735
0.28898100,-6.53584385
0.28962100,-6.53584385
0.29026100,-6.53584385
0.29090100,-6.53584385
0.29154100,-6.36005735
0.29218100,-6.36005735
0.29282100,-6.53584385
0.29346100,-6.53584385
0.29410100,-6.53584385
0.29474100,-6.36005735
0.29538100,-6.53584385
0.29602100,-6.36005735
0.29666100,-6.36005735
0.29730100,-6.36005735
0.29794100,-6.36005735
0.29858100,-6.36005735
0.29922100,-6.36005735
0.29986100,-6.36005735
0.30050100,-6.18366051
0.30114100,-6.18366051
0.30178100,-6.18366051
0.30242100,-6.18366051
0.30306100,-6.18366051
0.30370100,-6.00726318
0.30434100,-6.00726318
0.30498100,-6.00726318
0.30562100,-6.00726318
0.30626100,-6.00726318
0.30690100,-5.83086634
0.30754100,-5.83086634
0.30818100,-5.83086634
0.30882100,-5.83086634
0.30946100,-5.65507984
0.31010100,-5.65507984
0.31074100,-5.65507984
0.31138100,-5.47868299
0.31202100,-5.47868299
0.31266100,-5.30228567
0.31330100,-5.30228567
0.31394100,-5.30228567
0.31458100,-5.30228567
0.31522100,-5.12588882
0.31586100,-5.12588882
0.31650100,-5.12588882
0.31714100,-4.95010233
0.31778100,-4.95010233
0.31842100,-4.77370548
0.31906100,-4.77370548
0.31970100,-4.59730816
0.32034100,-4.42091131
0.32098100,-4.59730816
0.32162100,-4.42091131
0.32226100,-4.24512482
0.32290100,-4.24512482
0.32354100,-4.06872749
0.32418100,-4.06872749
0.32482100,-3.89233065
0.32546100,-3.89233065
0.32610100,-3.71593380
0.32674100,-3.71593380
0.32738100,-3.71593380
0.32802100,-3.36375022
0.32866100,-3.54014707
0.32930100,-3.18735313
0.32994100,-3.18735313
0.33058100,-3.01095605
0.33122100,-3.01095605
0.33186100,-2.83516955
0.33250100,-2.83516955
0.33314100,-2.65877247
0.33378100,-2.65877247
0.33442100,-2.48237562
0.33506100,-2.30597854
0.33570100,-2.30597854
0.33634100,-2.30597854
0.33698100,-2.13019204
0.33762100,-1.95379496
0.33826100,-1.77739799
0.33890100,-1.77739799
0.33954100,-1.60100102
0.34018100,-1.60100102
0.34082100,-1.60100102
0.34146100,-1.24881744
0.34210100,-1.24881744
0.34274100,-1.07242048
0.34338100,-0.89602345
0.34402100,-0.89602345
0.34466100,-0.72023684
0.34530100,-0.54383981
0.34594100,-0.36744285
0.34658100,-0.36744285
0.34722100,-0.36744285
0.34786100,-0.19104587
0.34850100,-0.19104587
0.34914100,0.16052736
0.34978100,0.16052736
0.35042100,0.33692434
0.35106100,0.33692434
0.35170100,0.51332134
0.35234100,0.51332134
0.35298100,0.68971831
0.35362100,0.86550492
0.35426100,1.04190195
0.35490100,1.04190195
0.35554100,1.21829891
0.35618100,1.21829891
0.35682100,1.39469588
0.35746100,1.57048249
0.35810100,1.57048249
0.35874100,1.74687946
0.35938100,1.92327642
0.36002100,1.92327642
0.36066100,1.92327642
0.36130100,2.27546000
0.36194100,2.27546000
0.36258100,2.45185709
0.36322100,2.45185709
0.36386100,2.62825394
0.36450100,2.62825394
0.36514100,2.80465102
0.36578100,2.98043752
0.36642100,3.15683460
0.36706100,3.15683460
0.36770100,3.15683460
0.36834100,3.33323169
0.36898100,3.50962853
0.36962100,3.50962853
0.37026100,3.50962853
0.37090100,3.68541527
0.37154100,3.68541527
0.37218100,3.86181211
0.37282100,3.86181211
0.37346100,4.03820896
0.37410100,4.03820896
0.37474100,4.21460629
0.37538100,4.21460629
0.37602100,4.21460629
0.37666100,4.39039278
0.37730100,4.56678963
0.37794100,4.56678963
0.37858100,4.74318695
0.37922100,4.74318695
0.37986100,4.74318695
0.38050100,4.91958380
0.38114100,4.91958380
0.38178100,5.09537029
0.38242100,5.09537029
0.38306100,5.27176714
0.38370100,5.27176714
0.38434100,5.27176714
0.38498100,5.27176714
0.38562100,5.44816446
0.38626100,5.44816446
0.38690100,5.44816446
0.38754100,5.62456131
0.38818100,5.62456131
0.38882100,5.62456131
0.38946100,5.62456131
0.39010100,5.80034781
0.39074100,5.80034781
0.39138100,5.80034781
0.39202100,5.97674465
0.39266100,5.80034781
0.39330100,5.97674465
0.39394100,5.97674465
0.39458100,5.97674465
0.39522100,5.97674465
0.39586100,6.15314198
0.39650100,5.97674465
0.39714100,6.15314198
0.39778100,6.15314198
0.39842100,6.15314198
0.39906100,6.15314198
0.39970100,5.97674465
0.40034100,6.15314198
0.40098100,6.15314198
0.40162100,6.15314198
0.40226100,6.15314198
0.40290100,6.15314198
0.40354100,6.15314198
0.40418100,6.15314198
0.40482100,6.15314198
0.40546100,6.15314198
0.40610100,6.15314198
0.40674100,6.15314198
0.40738100,6.15314198
0.40802100,6.32953882
0.40866100,6.15314198
0.40930100,6.15314198
0.40994100,6.15314198
0.41058100,6.15314198
0.41122100,6.15314198
0.41186100,5.97674465
0.41250100,6.15314198
0.41314100,5.97674465
0.41378100,6.15314198
0.41442100,5.97674465
0.41506100,5.97674465
0.41570100,5.97674465
0.41634100,5.97674465
0.41698100,5.97674465
0.41762100,5.97674465
0.41826100,5.80034781
0.41890100,5.80034781
0.41954100,5.80034781
0.42018100,5.80034781
0.42082100,5.62456131
0.42146100,5.62456131
0.42210100,5.62456131
0.42274100,5.44816446
0.42338100,5.44816446
0.42402100,5.44816446
0.42466100,5.27176714
0.42530100,5.27176714
0.42594100,5.27176714
0.42658100,5.27176714
0.42722100,5.09537029
0.42786100,5.09537029
0.42850100,4.91958380
0.42914100,4.91958380
0.42978100,4.74318695
0.43042100,4.74318695
0.43106100,4.74318695
0.43170100,4.74318695
0.43234100,4.56678963
0.43298100,4.56678963
0.43362100,4.39039278
0.43426100,4.39039278
0.43490100,4.39039278
0.43554100,4.21460629
0.43618100,4.21460629
0.43682100,4.03820896
0.43746100,3.86181211
0.43810100,3.86181211
0.43874100,3.68541527
0.43938100,3.68541527
0.44002100,3.50962853
0.44066100,3.50962853
0.44130100,3.33323169
0.44194100,3.33323169
0.44258100,3.33323169
0.44322100,3.15683460
0.44386100,2.98043752
0.44450100,2.98043752
0.44514100,2.98043752
0.44578100,2.62825394
0.44642100,2.62825394
0.44706100,2.62825394
0.44770100,2.45185709
0.44834100,2.27546000
0.44898100,2.27546000
0.44962100,2.09967351
0.45026100,2.09967351
0.45090100,1.92327642
0.45154100,1.92327642
0.45218100,1.74687946
0.45282100,1.74687946
0.45346100,1.57048249
0.45410100,1.57048249
0.45474100,1.39469588
0.45538100,1.21829891
0.45602100,1.21829891
0.45666100,1.04190195
0.45730100,0.86550492
0.45794100,0.86550492
0.45858100,0.68971831
0.45922100,0.51332134
0.45986100,0.51332134
0.46050100,0.33692434
0.46114100,0.33692434
0.46178100,0.16052736
0.46242100,0.16052736
0.46306100,-0.01525925
0.46370100,-0.19104587
0.46434100,-0.19104587
0.46498100,-0.36744285
0.46562100,-0.36744285
0.46626100,-0.54383981
0.46690100,-0.54383981
0.46754100,-0.72023684
0.46818100,-0.89602345
0.46882100,-0.89602345
0.46946100,-1.07242048
0.47010100,-1.07242048
0.47074100,-1.24881744
0.47138100,-1.42521441
0.47202100,-1.42521441
0.47266100,-1.60100102
0.47330100,-1.77739799
0.47394100,-1.77739799
0.47458100,-1.77739799
0.47522100,-1.95379496
0.47586100,-1.95379496
0.47650100,-2.13019204
0.47714100,-2.30597854
0.47778100,-2.30597854
0.47842100,-2.48237562
0.47906100,-2.48237562
0.47970100,-2.48237562
0.48034100,-2.65877247
0.48098100,-2.65877247
0.48162100,-2.83516955
0.48226100,-3.01095605
0.48290100,-3.01095605
0.48354100,-3.01095605
0.48418100,-3.18735313
0.48482100,-3.18735313
0.48546100,-3.18735313
0.48610100,-3.36375022
0.48674100,-3.36375022
0.48738100,-3.36375022
0.48802100,-3.71593380
0.48866100,-3.71593380
0.48930100,-3.71593380
0.48994100,-3.71593380
0.49058100,-3.89233065
0.49122100,-3.89233065
0.49186100,-3.89233065
0.49250100,-4.06872749
0.49314100,-4.06872749
0.49378100,-4.24512482
0.49442100,-4.42091131
0.49506100,-4.42091131
0.49570100,-4.42091131
0.49634100,-4.59730816
0.49698100,-4.59730816
0.49762100,-4.59730816
0.49826100,-4.59730816
0.49890100,-4.77370548
0.49954100,-4.77370548
0.50018100,-4.77370548
0.50082100,-4.95010233
0.50146100,-4.95010233
0.50210100,-4.95010233
0.50274100,-4.95010233
0.50338100,-4.95010233
0.50402100,-5.12588882
0.50466100,-5.12588882
0.50530100,-5.12588882
0.50594100,-5.12588882
0.50658100,-5.30228567
0.50722100,-5.30228567
0.50786100,-5.30228567
0.50850100,-5.30228567
0.50914100,-5.30228567
0.50978100,-5.30228567
0.51042100,-5.30228567
0.51106100,-5.30228567
0.51170100,-5.30228567
0.51234100,-5.30228567
0.51298100,-5.47868299
0.51362100,-5.47868299
0.51426100,-5.47868299
0.51490100,-5.47868299
0.51554100,-5.47868299
0.51618100,-5.47868299
0.51682100,-5.47868299
0.51746100,-5.47868299
0.51810100,-5.47868299
0.51874100,-5.47868299
0.51938100,-5.47868299
0.52002100,-5.47868299
0.52066100,-5.30228567
0.52130100,-5.47868299
0.52194100,-5.30228567
0.52258100,-5.47868299
0.52322100,-5.47868299
0.52386100,-5.30228567
0.52450100,-5.47868299
0.52514100,-5.30228567
0.52578100,-5.30228567
0.52642100,-5.30228567
0.52706100,-5.30228567
0.52770100,-5.30228567
0.52834100,-5.30228567
0.52898100,-5.30228567
0.52962100,-5.12588882
0.53026100,-5.12588882
0.53090100,-5.12588882
0.53154100,-5.12588882
0.53218100,-5.12588882
0.53282100,-5.12588882
0.53346100,-4.95010233
0.53410100,-4.95010233
0.53474100,-4.95010233
0.53538100,-4.95010233
0.53602100,-4.77370548
0.53666100,-4.77370548
0.53730100,-4.59730816
0.53794100,-4.77370548
0.53858100,-4.59730816
0.53922100,-4.59730816
0.53986100,-4.42091131
0.54050100,-4.42091131
0.54114100,-4.42091131
0.54178100,-4.24512482
0.54242100,-4.24512482
0.54306100,-4.24512482
0.54370100,-4.06872749
0.54434100,-4.06872749
0.54498100,-3.89233065
0.54562100,-3.89233065
0.54626100,-3.89233065
0.54690100,-3.71593380
0.54754100,-3.71593380
0.54818100,-3.71593380
0.54882100,-3.71593380
0.54946100,-3.54014707
0.55010100,-3.36375022
0.55074100,-3.36375022
0.55138100,-3.18735313
0.55202100,-3.18735313
0.55266100,-3.18735313
0.55330100,-3.18735313
0.55394100,-3.01095605
0.55458100,-3.01095605
0.55522100,-2.83516955
0.55586100,-2.83516955
0.55650100,-2.65877247
0.55714100,-2.65877247
0.55778100,-2.48237562
0.55842100,-2.48237562
0.55906100,-2.30597854
0.55970100,-2.30597854
0.56034100,-2.30597854
0.56098100,-2.13019204
0.56162100,-2.13019204
0.56226100,-1.95379496
0.56290100,-1.77739799
0.56354100,-1.77739799
0.56418100,-1.77739799
0.56482100,-1.60100102
0.56546100,-1.60100102
0.56610100,-1.60100102
0.56674100,-1.42521441
0.56738100,-1.24881744
0.56802100,-1.24881744
0.56866100,-1.07242048
0.56930100,-1.07242048
0.56994100,-0.89602345
0.57058100,-0.89602345
0.57122100,-0.72023684
0.57186100,-0.72023684
0.57250100,-0.54383981
0.57314100,-0.36744285
0.57378100,-0.36744285
0.57442100,-0.36744285
0.57506100,-0.19104587
0.57570100,-0.19104587
0.57634100,-0.01525925
0.57698100,0.16052736
0.57762100,0.16052736
0.57826100,0.16052736
0.57890100,0.33692434
0.57954100,0.33692434
0.58018100,0.51332134
0.58082100,0.51332134
0.58146100,0.68971831
0.58210100,0.68971831
0.58274100,0.68971831
0.58338100,0.86550492
0.58402100,1.04190195
0.58466100,1.21829891
0.58530100,1.21829891
0.58594100,1.21829891
0.58658100,1.21829891
0.58722100,1.57048249
0.58786100,1.57048249
0.58850100,1.57048249
0.58914100,1.74687946
0.58978100,1.74687946
0.59042100,1.92327642
0.59106100,1.92327642
0.59170100,1.92327642
0.59234100,2.09967351
0.59298100,2.09967351
0.59362100,2.27546000
0.59426100,2.27546000
0.59490100,2.27546000
0.59554100,2.45185709
0.59618100,2.45185709
0.59682100,2.45185709
0.59746100,2.45185709
0.59810100,2.62825394
0.59874100,2.80465102
0.59938100,2.98043752
0.60002100,2.80465102
0.60066100,2.98043752
0.60130100,3.15683460
0.60194100,3.15683460
0.60258100,3.15683460
0.60322100,3.15683460
0.60386100,3.33323169
0.60450100,3.33323169
0.60514100,3.33323169
0.60578100,3.33323169
0.60642100,3.33323169
0.60706100,3.50962853
0.60770100,3.50962853
0.60834100,3.50962853
0.60898100,3.68541527
0.60962100,3.68541527
0.61026100,3.68541527
0.61090100,3.86181211
0.61154100,3.86181211
0.61218100,3.86181211
0.61282100,3.86181211
0.61346100,3.86181211
0.61410100,4.03820896
0.61474100,4.03820896
0.61538100,4.03820896
0.61602100,4.03820896
0.61666100,4.03820896
0.61730100,4.03820896
0.61794100,4.03820896
0.61858100,4.21460629
0.61922100,4.21460629
0.61986100,4.21460629
0.62050100,4.21460629
0.62114100,4.21460629
0.62178100,4.39039278
0.62242100,4.39039278
0.62306100,4.39039278
0.62370100,4.39039278
0.62434100,4.21460629
0.62498100,4.39039278
0.62562100,4.39039278
0.62626100,4.39039278
0.62690100,4.39039278
0.62754100,4.39039278
0.62818100,4.39039278
0.62882100,4.39039278
0.62946100,4.39039278
0.63010100,4.39039278
0.63074100,4.39039278
0.63138100,4.39039278
0.63202100,4.39039278
0.63266100,4.39039278
0.63330100,4.39039278
0.63394100,4.39039278
0.63458100,4.39039278
0.63522100,4.39039278
0.63586100,4.39039278
0.63650100,4.39039278
0.63714100,4.39039278
0.63778100,4.39039278
0.63842100,4.39039278
0.63906100,4.21460629
0.63970100,4.21460629
0.64034100,4.21460629
0.64098100,4.21460629
0.64162100,4.21460629
0.64226100,4.21460629
0.64290100,4.03820896
0.64354100,4.03820896
0.64418100,4.03820896
0.64482100,4.03820896
0.64546100,4.03820896
0.64610100,4.03820896
0.64674100,4.03820896
0.64738100,3.86181211
0.64802100,3.86181211
0.64866100,3.86181211
0.64930100,3.86181211
0.64994100,3.86181211
0.65058100,3.86181211
0.65122100,3.68541527
0.65186100,3.68541527
0.65250100,3.68541527
0.65314100,3.68541527
0.65378100,3.50962853
0.65442100,3.50962853
0.65506100,3.50962853
0.65570100,3.33323169
0.65634100,3.33323169
0.65698100,3.33323169
0.65762100,3.15683460
0.65826100,3.15683460
0.65890100,3.15683460
0.65954100,3.15683460
0.66018100,3.15683460
0.66082100,2.98043752
0.66146100,2.98043752
0.66210100,2.80465102
0.66274100,2.80465102
0.66338100,2.62825394
0.66402100,2.80465102
0.66466100,2.62825394
0.66530100,2.62825394
0.66594100,2.45185709
0.66658100,2.45185709
0.66722100,2.27546000
0.66786100,2.27546000
0.66850100,2.27546000
0.66914100,2.27546000
0.66978100,2.09967351
0.67042100,2.09967351
0.67106100,1.92327642
0.67170100,1.92327642
0.67234100,1.92327642
0.67298100,1.74687946
0.67362100,1.74687946
0.67426100,1.74687946
0.67490100,1.74687946
0.67554100,1.57048249
0.67618100,1.57048249
0.67682100,1.39469588
0.67746100,1.21829891
0.67810100,1.21829891
0.67874100,1.21829891
0.67938100,1.04190195
0.68002100,1.04190195
0.68066100,1.04190195
0.68130100,0.86550492
0.68194100,0.86550492
0.68258100,0.86550492
0.68322100,0.68971831
0.68386100,0.68971831
0.68450100,0.51332134
0.68514100,0.51332134
0.68578100,0.51332134
0.68642100,0.51332134
0.68706100,0.33692434
0.68770100,0.33692434
0.68834100,0.16052736
0.68898100,0.16052736
0.68962100,0.16052736
0.69026100,-0.01525925
0.69090100,-0.01525925
0.69154100,-0.19104587
0.69218100,-0.19104587
0.69282100,-0.19104587
0.69346100,-0.36744285
0.69410100,-0.36744285
0.69474100,-0.36744285
0.69538100,-0.54383981
0.69602100,-0.54383981
0.69666100,-0.54383981
0.69730100,-0.72023684
0.69794100,-0.72023684
0.69858100,-0.89602345
0.69922100,-0.89602345
0.69986100,-0.89602345
0.70050100,-1.07242048
0.70114100,-1.07242048
0.70178100,-1.24881744
0.70242100,-1.24881744
0.70306100,-1.42521441
0.70370100,-1.42521441
0.70434100,-1.24881744
0.70498100,-1.42521441
0.70562100,-1.60100102
0.70626100,-1.60100102
0.70690100,-1.60100102
0.70754100,-1.77739799
0.70818100,-1.60100102
0.70882100,-1.77739799
0.70946100,-1.77739799
0.71010100,-1.95379496
0.71074100,-1.95379496
0.71138100,-1.95379496
0.71202100,-1.95379496
0.71266100,-1.95379496
0.71330100,-1.95379496
0.71394100,-2.13019204
0.71458100,-2.13019204
0.71522100,-2.30597854
0.71586100,-2.30597854
0.71650100,-2.30597854
0.71714100,-2.30597854
0.71778100,-2.30597854
0.71842100,-2.48237562
0.71906100,-2.48237562
0.71970100,-2.48237562
0.72034100,-2.48237562
0.72098100,-2.48237562
0.72162100,-2.48237562
0.72226100,-2.48237562
0.72290100,-2.65877247
0.72354100,-2.65877247
0.72418100,-2.65877247
0.72482100,-2.65877247
0.72546100,-2.65877247
0.72610100,-2.65877247
0.72674100,-2.83516955
0.72738100,-2.65877247
0.72802100,-3.01095605
0.72866100,-2.83516955
0.72930100,-2.83516955
0.72994100,-2.83516955
0.73058100,-2.83516955
0.73122100,-3.01095605
0.73186100,-3.01095605
0.73250100,-3.01095605
0.73314100,-3.01095605
0.73378100,-3.01095605
0.73442100,-3.01095605
0.73506100,-3.01095605
0.73570100,-3.01095605
0.73634100,-3.01095605
0.73698100,-3.01095605
0.73762100,-3.01095605
0.73826100,-3.01095605
0.73890100,-3.01095605
0.73954100,-3.18735313
0.74018100,-3.01095605
0.74082100,-3.01095605
0.74146100,-3.01095605
0.74210100,-3.01095605
0.74274100,-3.01095605
0.74338100,-3.01095605
0.74402100,-3.01095605
0.74466100,-3.01095605
0.74530100,-3.01095605
0.74594100,-3.01095605
0.74658100,-3.01095605
0.74722100,-3.01095605
0.74786100,-3.01095605
0.74850100,-3.01095605
0.74914100,-3.01095605
0.74978100,-3.01095605
0.75042100,-3.01095605
0.75106100,-3.01095605
0.75170100,-3.01095605
0.75234100,-3.01095605
0.75298100,-2.83516955
0.75362100,-2.83516955
0.75426100,-2.83516955
0.75490100,-2.83516955
0.75554100,-2.83516955
0.75618100,-2.83516955
0.75682100,-2.65877247
0.75746100,-2.65877247
0.75810100,-2.65877247
0.75874100,-2.65877247
0.75938100,-2.65877247
0.76002100,-2.48237562
0.76066100,-2.65877247
0.76130100,-2.65877247
0.76194100,-2.48237562
0.76258100,-2.48237562
0.76322100,-2.48237562
0.76386100,-2.48237562
0.76450100,-2.48237562
0.76514100,-2.48237562
0.76578100,-2.30597854
0.76642100,-2.30597854
0.76706100,-2.30597854
0.76770100,-2.30597854
0.76834100,-2.13019204
0.76898100,-2.30597854
0.76962100,-2.13019204
0.77026100,-2.13019204
0.77090100,-2.13019204
0.77154100,-1.95379496
0.77218100,-2.13019204
0.77282100,-1.95379496
0.77346100,-1.95379496
0.77410100,-1.77739799
0.77474100,-1.77739799
0.77538100,-1.77739799
0.77602100,-1.77739799
0.77666100,-1.77739799
0.77730100,-1.77739799
0.77794100,-1.60100102
0.77858100,-1.60100102
0.77922100,-1.60100102
0.77986100,-1.60100102
0.78050100,-1.60100102
0.78114100,-1.24881744
0.78178100,-1.42521441
0.78242100,-1.42521441
0.78306100,-1.24881744
0.78370100,-1.24881744
0.78434100,-1.07242048
0.78498100,-1.07242048
0.78562100,-1.07242048
0.78626100,-1.07242048
0.78690100,-1.07242048
0.78754100,-0.89602345
0.78818100,-0.89602345
0.78882100,-0.89602345
0.78946100,-0.89602345
0.79010100,-0.72023684
0.79074100,-0.72023684
0.79138100,-0.54383981
0.79202100,-0.72023684
0.79266100,-0.54383981
0.79330100,-0.54383981
0.79394100,-0.36744285
0.79458100,-0.36744285
0.79522100,-0.36744285
0.79586100,-0.36744285
0.79650100,-0.36744285
0.79714100,-0.36744285
0.79778100,-0.19104587
0.79842100,-0.19104587
0.79906100,-0.19104587
0.79970100,-0.19104587
0.80034100,-0.01525925
0.80098100,0.16052736
0.80162100,0.16052736
0.80226100,0.16052736
0.80290100,0.16052736
0.80354100,0.16052736
0.80418100,0.33692434
0.80482100,0.33692434
0.80546100,0.33692434
0.80610100,0.33692434
0.80674100,0.33692434
0.80738100,0.51332134
0.80802100,0.51332134
0.80866100,0.51332134
0.80930100,0.51332134
0.80994100,0.51332134
0.81058100,0.51332134
0.81122100,0.68971831
0.81186100,0.51332134
0.81250100,0.68971831
0.81314100,0.86550492
0.81378100,0.86550492
0.81442100,0.86550492
0.81506100,0.86550492
0.81570100,0.86550492
0.81634100,1.04190195
0.81698100,1.04190195
0.81762100,1.04190195
0.81826100,1.04190195
0.81890100,1.04190195
0.81954099,1.04190195
0.82018099,1.21829891
0.82082099,1.21829891
0.82146099,1.21829891
0.82210099,1.21829891
0.82274099,1.21829891
0.82338099,1.21829891
0.82402099,1.21829891
0.82466099,1.39469588
0.82530099,1.39469588
0.82594099,1.39469588
0.82658099,1.39469588
0.82722099,1.39469588
0.82786099,1.57048249
0.82850099,1.39469588
0.82914099,1.57048249
0.82978099,1.57048249
0.83042099,1.57048249
0.83106099,1.57048249
0.83170099,1.57048249
0.83234099,1.57048249
0.83298099,1.57048249
0.83362099,1.57048249
0.83426099,1.57048249
0.83490099,1.74687946
0.83554099,1.74687946
0.83618099,1.74687946
0.83682099,1.74687946
0.83746099,1.74687946
0.83810099,1.74687946
0.83874099,1.74687946
0.83938099,1.74687946
0.84002099,1.74687946
0.84066099,1.74687946
0.84130099,1.74687946
0.84194099,1.74687946
0.84258099,1.74687946
0.84322099,1.74687946
0.84386099,1.74687946
0.84450099,1.74687946
0.84514099,1.74687946
0.84578099,1.74687946
0.84642099,1.74687946
0.84706099,1.92327642
0.84770099,1.74687946
0.84834099,1.92327642
0.84898099,1.74687946
0.84962099,1.74687946
0.85026099,1.74687946
0.85090099,1.74687946
0.85154099,1.74687946
0.85218099,1.74687946
0.85282099,1.74687946
0.85346099,1.74687946
0.85410099,1.74687946
0.85474099,1.74687946
0.85538099,1.74687946
0.85602099,1.74687946
0.85666099,1.74687946
0.85730099,1.74687946
0.85794099,1.74687946
0.85858099,1.74687946
0.85922099,1.74687946
0.85986099,1.57048249
0.86050099,1.57048249
0.86114099,1.74687946
0.86178099,1.74687946
0.86242099,1.74687946
0.86306099,1.57048249
0.86370099,1.57048249
0.86434099,1.57048249
0.86498099,1.57048249
0.86562099,1.57048249
0.86626099,1.57048249
0.86690099,1.39469588
0.86754099,1.39469588
0.86818099,1.39469588
0.86882099,1.39469588
0.86946099,1.39469588
0.87010099,1.39469588
0.87074099,1.39469588
0.87138099,1.21829891
0.87202099,1.21829891
0.87266099,1.21829891
0.87330099,1.21829891
0.87394099,1.21829891
0.87458099,1.21829891
0.87522099,1.21829891
0.87586099,1.21829891
0.87650099,1.21829891
0.87714099,1.04190195
0.87778099,1.21829891
0.87842099,1.04190195
0.87906099,1.04190195
0.87970099,1.04190195
0.88034099,1.04190195
0.88098099,1.04190195
0.88162099,1.04190195
0.88226099,0.86550492
0.88290099,0.86550492
0.88354099,0.86550492
0.88418099,0.86550492
0.88482099,0.86550492
0.88546099,0.68971831
0.88610099,0.86550492
0.88674099,0.68971831
0.88738099,0.86550492
0.88802099,0.68971831
0.88866099,0.68971831
0.88930099,0.68971831
0.88994099,0.68971831
0.89058099,0.51332134
0.89122099,0.51332134
0.89186099,0.51332134
0.89250099,0.51332134
0.89314099,0.51332134
0.89378099,0.51332134
0.89442099,0.51332134
0.89506099,0.33692434
0.89570099,0.51332134
0.89634099,0.33692434
0.89698099,0.33692434
0.89762099,0.33692434
0.89826099,0.33692434
0.89890099,0.33692434
0.89954099,0.33692434
0.90018099,0.16052736
0.90082099,0.16052736
0.90146099,0.16052736
0.90210099,0.16052736
0.90274099,-0.01525925
0.90338099,0.16052736
0.90402099,0.16052736
0.90466099,-0.01525925
0.90530099,-0.01525925
0.90594099,-0.01525925
0.90658099,-0.01525925
0.90722099,-0.01525925
0.90786099,-0.19104587
0.90850099,-0.19104587
0.90914099,-0.19104587
0.90978099,-0.19104587
0.91042099,-0.19104587
0.91106099,-0.19104587
0.91170099,-0.19104587
0.91234099,-0.19104587
0.91298099,-0.19104587
0.91362099,-0.36744285
0.91426099,-0.19104587
0.91490099,-0.36744285
0.91554099,-0.36744285
0.91618099,-0.36744285
0.91682099,-0.36744285
0.91746099,-0.36744285
0.91810099,-0.36744285
0.91874099,-0.36744285
0.91938099,-0.36744285
0.92002099,-0.36744285
0.92066099,-0.54383981
0.92130099,-0.54383981
0.92194099,-0.54383981
0.92258099,-0.54383981
0.92322099,-0.54383981
0.92386099,-0.54383981
0.92450099,-0.54383981
0.92514099,-0.54383981
0.92578099,-0.54383981
0.92642099,-0.54383981
0.92706099,-0.54383981
0.92770099,-0.72023684
0.92834099,-0.54383981
0.92898099,-0.72023684
0.92962099,-0.72023684
0.93026099,-0.72023684
0.93090099,-0.54383981
0.93154099,-0.72023684
0.93218099,-0.72023684
0.93282099,-0.72023684
0.93346099,-0.72023684
0.93410099,-0.72023684
0.93474099,-0.89602345
0.93538099,-0.72023684
0.93602099,-0.72023684
0.93666099,-0.72023684
0.93730099,-0.72023684
0.93794099,-0.72023684
0.93858099,-0.72023684
0.93922099,-0.72023684
0.93986099,-0.72023684
0.94050099,-0.72023684
0.94114099,-0.72023684
0.94178099,-0.72023684
0.94242099,-0.72023684
0.94306099,-0.72023684
0.94370099,-0.72023684
0.94434099,-0.72023684
0.94498099,-0.72023684
0.94562099,-0.72023684
0.94626099,-0.72023684
0.94690099,-0.72023684
0.94754099,-0.72023684
0.94818099,-0.72023684
0.94882099,-0.72023684
0.94946099,-0.72023684
0.95010099,-0.72023684
0.95074099,-0.72023684
0.95138099,-0.72023684
0.95202099,-0.72023684
0.95266099,-0.72023684
0.95330099,-0.72023684
0.95394099,-0.54383981
0.95458099,-0.72023684
0.95522099,-0.72023684
0.95586099,-0.54383981
0.95650099,-0.72023684
0.95714099,-0.54383981
0.95778099,-0.54383981
0.95842099,-0.54383981
0.95906099,-0.54383981
0.95970099,-0.54383981
0.96034099,-0.54383981
0.96098099,-0.54383981
0.96162099,-0.54383981
0.96226099,-0.54383981
0.96290099,-0.54383981
0.96354099,-0.54383981
0.96418099,-0.36744285
0.96482099,-0.54383981
0.96546099,-0.36744285
0.96610099,-0.36744285
0.96674099,-0.36744285
0.96738099,-0.36744285
0.96802099,-0.36744285
0.96866099,-0.36744285
0.96930099,-0.36744285
0.96994099,-0.36744285
0.97058099,-0.19104587
0.97122099,-0.36744285
0.97186099,-0.36744285
0.97250099,-0.19104587
0.97314099,-0.36744285
0.97378099,-0.19104587
0.97442099,-0.19104587
0.97506099,-0.19104587
0.97570099,-0.19104587
0.97634099,-0.19104587
0.97698099,-0.19104587
0.97762099,-0.19104587
0.97826099,-0.19104587
0.97890099,-0.19104587
0.97954099,-0.19104587
0.98018099,-0.01525925
0.98082099,-0.01525925
0.98146099,-0.01525925
0.98210099,-0.01525925
0.98274099,-0.01525925
0.98338099,-0.01525925
0.98402099,-0.01525925
0.98466099,0.16052736
0.98530099,0.16052736
0.98594099,0.16052736
0.98658099,0.16052736
0.98722099,0.16052736
0.98786099,0.16052736
0.98850099,0.16052736
0.98914099,0.16052736
0.98978099,0.16052736
0.99042099,0.33692434
0.99106099,0.33692434
0.99170099,0.33692434
0.99234099,0.33692434
0.99298099,0.33692434
0.99362099,0.33692434
0.99426099,0.33692434
0.99490099,0.33692434
0.99554099,0.33692434
0.99618099,0.33692434
0.99682099,0.33692434
0.99746099,0.33692434
0.99810099,0.51332134
0.99874099,0.33692434
0.99938099,0.51332134
1.00002099,0.51332134
1.00066099,0.51332134
1.00130099,0.51332134
1.00194099,0.51332134
1.00258099,0.51332134
1.00322099,0.51332134
1.00386099,0.51332134
1.00450099,0.51332134
1.00514099,0.51332134
1.00578099,0.51332134
1.00642099,0.51332134
1.00706099,0.51332134
1.00770099,0.51332134
1.00834099,0.68971831
1.00898099,0.68971831
1.00962099,0.68971831
1.01026099,0.68971831
1.01090099,0.68971831
1.01154099,0.68971831
1.01218099,0.68971831
1.01282099,0.68971831
1.01346099,0.68971831
1.01410099,0.68971831
1.01474099,0.68971831
1.01538099,0.68971831
1.01602099,0.68971831
1.01666099,0.68971831
1.01730099,0.68971831
1.01794099,0.86550492
1.01858099,0.68971831
1.01922099,0.86550492
1.01986099,0.86550492
1.02050099,0.68971831
1.02114099,0.86550492
1.02178099,0.86550492
1.02242099,0.68971831
1.02306099,0.86550492
1.02370099,0.86550492
1.02434099,0.86550492
1.02498099,0.68971831
1.02562099,0.68971831
1.02626099,0.86550492
1.02690099,0.68971831
1.02754099,0.68971831
1.02818099,0.86550492
1.02882099,0.68971831
1.02946099,0.68971831
1.03010099,0.68971831
1.03074099,0.86550492
1.03138099,0.86550492
1.03202099,0.68971831
1.03266099,0.68971831
1.03330099,0.68971831
1.03394099,0.68971831
1.03458099,0.68971831
1.03522099,0.68971831
1.03586099,0.68971831
1.03650099,0.68971831
1.03714099,0.68971831
1.03778099,0.68971831
1.03842099,0.68971831
1.03906099,0.51332134
1.03970099,0.51332134
1.04034099,0.68971831
1.04098099,0.51332134
1.04162099,0.51332134
1.04226099,0.68971831
1.04290099,0.51332134
1.04354099,0.51332134
1.04418099,0.51332134
1.04482099,0.51332134
1.04546099,0.51332134
1.04610099,0.51332134
1.04674099,0.51332134
1.04738099,0.51332134
1.04802099,0.51332134
1.04866099,0.51332134
1.04930099,0.33692434
1.04994099,0.51332134
1.05058099,0.33692434
1.05122099,0.33692434
1.05186099,0.33692434
1.05250099,0.33692434
1.05314099,0.33692434
1.05378099,0.33692434
1.05442099,0.33692434
1.05506099,0.33692434
1.05570099,0.33692434
1.05634099,0.33692434
1.05698099,0.16052736
1.05762099,0.33692434
1.05826099,0.16052736
1.05890099,0.16052736
1.05954099,0.16052736
1.06018099,0.16052736
1.06082099,0.16052736
1.06146099,-0.01525925
1.06210099,0.16052736
1.06274099,-0.01525925
1.06338099,0.16052736
1.06402099,-0.01525925
1.06466099,-0.01525925
1.06530099,-0.01525925
1.06594099,-0.19104587
1.06658099,-0.19104587
1.06722099,-0.19104587
1.06786099,-0.19104587
1.06850099,-0.19104587
1.06914099,-0.19104587
1.06978099,-0.19104587
1.07042099,-0.36744285
1.07106099,-0.19104587
1.07170099,-0.36744285
1.07234099,-0.36744285
1.07298099,-0.36744285
1.07362099,-0.36744285
1.07426099,-0.36744285
1.07490099,-0.36744285
1.07554099,-0.36744285
1.07618099,-0.54383981
1.07682099,-0.36744285
1.07746099,-0.54383981
1.07810099,-0.54383981
1.07874099,-0.54383981
1.07938099,-0.54383981
1.08002099,-0.72023684
1.08066099,-0.54383981
1.08130099,-0.72023684
1.08194099,-0.72023684
1.08258099,-0.72023684
1.08322099,-0.89602345
1.08386099,-0.72023684
1.08450099,-0.89602345
1.08514099,-0.89602345
1.08578099,-0.89602345
1.08642099,-0.89602345
1.08706099,-0.89602345
1.08770099,-0.89602345
1.08834099,-0.89602345
1.08898099,-0.89602345
1.08962099,-0.89602345
1.09026099,-1.07242048
1.09090099,-1.07242048
1.09154099,-1.07242048
1.09218099,-1.07242048
1.09282099,-1.07242048
1.09346099,-1.07242048
1.09410099,-1.07242048
1.09474099,-1.07242048
1.09538099,-1.07242048
1.09602099,-1.24881744
1.09666099,-1.24881744
1.09730099,-1.24881744
1.09794099,-1.24881744
1.09858099,-1.24881744
1.09922099,-1.24881744
1.09986099,-1.24881744
1.10050099,-1.42521441
1.10114099,-1.24881744
1.10178099,-1.42521441
1.10242099,-1.24881744
1.10306099,-1.42521441
1.10370099,-1.42521441
1.10434099,-1.42521441
1.10498099,-1.24881744
1.10562099,-1.42521441
1.10626099,-1.42521441
1.10690099,-1.42521441
1.10754099,-1.60100102
1.10818099,-1.42521441
1.10882099,-1.42521441
1.10946099,-1.42521441
1.11010099,-1.42521441
1.11074099,-1.60100102
1.11138099,-1.42521441
1.11202099,-1.60100102
1.11266099,-1.60100102
1.11330099,-1.60100102
1.11394099,-1.60100102
1.11458099,-1.60100102
1.11522099,-1.60100102
1.11586099,-1.60100102
1.11650099,-1.60100102
1.11714099,-1.60100102
1.11778099,-1.60100102
1.11842099,-1.60100102
1.11906099,-1.60100102
1.11970099,-1.60100102
1.12034099,-1.60100102
1.12098099,-1.60100102
1.12162099,-1.60100102
1.12226099,-1.60100102
1.12290099,-1.60100102
1.12354099,-1.60100102
1.12418099,-1.60100102
1.12482099,-1.60100102
1.12546099,-1.60100102
1.12610099,-1.60100102
1.12674099,-1.60100102
1.12738099,-1.60100102
1.12802099,-1.60100102
1.12866099,-1.60100102
1.12930099,-1.42521441
1.12994099,-1.60100102
1.13058099,-1.60100102
1.13122099,-1.42521441
1.13186099,-1.42521441
1.13250099,-1.42521441
1.13314099,-1.42521441
1.13378099,-1.42521441
1.13442099,-1.42521441
1.13506099,-1.42521441
1.13570099,-1.24881744
1.13634099,-1.42521441
1.13698099,-1.24881744
1.13762099,-1.24881744
1.13826099,-1.42521441
1.13890099,-1.24881744
1.13954099,-1.24881744
1.14018099,-1.24881744
1.14082099,-1.24881744
1.14146099,-1.07242048
1.14210099,-1.24881744
1.14274099,-1.24881744
1.14338099,-1.07242048
1.14402099,-1.07242048
1.14466099,-1.07242048
1.14530099,-1.07242048
1.14594099,-1.07242048
1.14658099,-1.07242048
1.14722099,-0.89602345
1.14786099,-0.89602345
1.14850099,-0.89602345
1.14914099,-0.89602345
1.14978099,-0.89602345
1.15042099,-0.72023684
1.15106099,-0.89602345
1.15170099,-0.72023684
1.15234099,-0.72023684
1.15298099,-0.72023684
1.15362099,-0.72023684
1.15426099,-0.72023684
1.15490099,-0.54383981
1.15554099,-0.54383981
1.15618099,-0.54383981
1.15682099,-0.54383981
1.15746099,-0.54383981
1.15810099,-0.36744285
1.15874099,-0.36744285
1.15938099,-0.36744285
1.16002099,-0.36744285
1.16066099,-0.36744285
1.16130099,-0.19104587
1.16194099,-0.36744285
1.16258099,-0.19104587
1.16322099,-0.36744285
1.16386099,-0.19104587
1.16450099,-0.19104587
1.16514099,-0.01525925
1.16578099,-0.01525925
1.16642099,-0.01525925
1.16706099,-0.01525925
1.16770099,0.16052736
1.16834099,0.16052736
1.16898099,-0.01525925
1.16962099,0.16052736
1.17026099,0.16052736
1.17090099,0.33692434
1.17154099,0.33692434
1.17218099,0.33692434
1.17282099,0.33692434
1.17346099,0.33692434
1.17410099,0.51332134
1.17474099,0.33692434
1.17538099,0.51332134
1.17602099,0.51332134
1.17666099,0.51332134
1.17730099,0.68971831
1.17794099,0.68971831
1.17858099,0.68971831
1.17922099,0.68971831
1.17986099,0.86550492
1.18050099,0.86550492
1.18114099,0.86550492
1.18178099,0.86550492
1.18242099,0.86550492
1.18306099,1.04190195
1.18370099,1.04190195
1.18434099,1.04190195
1.18498099,1.04190195
1.18562099,1.21829891
1.18626099,1.21829891
1.18690099,1.21829891
1.18754099,1.21829891
1.18818099,1.21829891
1.18882099,1.21829891
1.18946099,1.21829891
1.19010099,1.39469588
1.19074099,1.39469588
1.19138099,1.39469588
1.19202099,1.57048249
1.19266099,1.39469588
1.19330099,1.57048249
1.19394099,1.57048249
1.19458099,1.57048249
1.19522099,1.74687946
1.19586099,1.74687946
1.19650099,1.74687946
1.19714099,1.74687946
1.19778099,1.74687946
1.19842099,1.74687946
1.19906099,1.74687946
1.19970099,1.74687946
1.20034099,1.92327642
1.20098099,1.92327642
1.20162099,1.92327642
1.20226099,1.92327642
1.20290099,1.92327642
1.20354099,1.92327642
1.20418099,1.92327642
1.20482099,2.09967351
1.20546099,2.09967351
1.20610099,2.09967351
1.20674099,2.09967351
1.20738099,2.09967351
1.20802099,2.09967351
1.20866099,2.09967351
1.20930099,2.27546000
1.20994099,2.27546000
1.21058099,2.27546000
1.21122099,2.27546000
1.21186099,2.27546000
1.21250099,2.27546000
1.21314099,2.27546000
1.21378099,2.27546000
1.21442099,2.27546000
1.21506099,2.27546000
1.21570099,2.45185709
1.21634099,2.45185709
1.21698099,2.45185709
1.21762099,2.45185709
1.21826099,2.45185709
1.21890099,2.45185709
1.21954099,2.45185709
1.22018099,2.45185709
1.22082099,2.45185709
1.22146099,2.45185709
1.22210099,2.45185709
1.22274099,2.45185709
1.22338099,2.45185709
1.22402099,2.45185709
1.22466099,2.45185709
1.22530099,2.45185709
1.22594099,2.45185709
1.22658099,2.45185709
1.22722099,2.45185709
1.22786099,2.45185709
1.22850099,2.45185709
1.22914099,2.45185709
1.22978099,2.45185709
1.23042099,2.45185709
1.23106099,2.45185709
1.23170099,2.45185709
1.23234099,2.45185709
1.23298099,2.45185709
1.23362099,2.45185709
1.23426099,2.45185709
1.23490099,2.45185709
1.23554099,2.45185709
1.23618099,2.45185709
1.23682099,2.27546000
1.23746099,2.45185709
1.23810099,2.27546000
1.23874099,2.27546000
1.23938099,2.27546000
1.24002099,2.27546000
1.24066099,2.27546000
1.24130099,2.09967351
1.24194099,2.27546000
1.24258099,2.27546000
1.24322099,2.09967351
1.24386099,2.09967351
1.24450099,2.09967351
1.24514099,2.09967351
1.24578099,2.09967351
1.24642099,2.09967351
1.24706099,1.92327642
1.24770099,2.09967351
1.24834099,1.92327642
1.24898099,1.92327642
1.24962099,1.92327642
1.25026099,1.92327642
1.25090099,1.92327642
1.25154099,1.74687946
1.25218099,1.74687946
1.25282099,1.74687946
1.25346099,1.74687946
1.25410099,1.74687946
1.25474099,1.57048249
1.25538099,1.57048249
1.25602099,1.57048249
1.25666099,1.57048249
1.25730099,1.57048249
1.25794099,1.39469588
1.25858099,1.57048249
1.25922099,1.39469588
1.25986099,1.39469588
1.26050099,1.21829891
1.26114099,1.21829891
1.26178099,1.21829891
1.26242099,1.21829891
1.26306099,1.21829891
1.26370099,1.21829891
1.26434099,1.04190195
1.26498099,1.04190195
1.26562099,1.04190195
1.26626099,1.04190195
1.26690099,0.86550492
1.26754099,0.86550492
1.26818099,0.86550492
1.26882099,0.68971831
1.26946099,0.68971831
1.27010099,0.68971831
1.27074099,0.68971831
1.27138099,0.51332134
1.27202099,0.51332134
1.27266099,0.51332134
1.27330099,0.33692434
1.27394099,0.33692434
1.27458099,0.33692434
1.27522099,0.16052736
1.27586099,0.33692434
1.27650099,0.16052736
1.27714099,0.16052736
1.27778099,0.16052736
1.27842099,-0.01525925
1.27906099,-0.01525925
1.27970099,-0.01525925
1.28034099,-0.19104587
1.28098099,-0.19104587
1.28162099,-0.19104587
1.28226099,-0.19104587
1.28290099,-0.36744285
1.28354099,-0.36744285
1.28418099,-0.36744285
1.28482099,-0.36744285
1.28546099,-0.54383981
1.28610099,-0.36744285
1.28674099,-0.54383981
1.28738099,-0.54383981
1.28802099,-0.72023684
1.28866099,-0.72023684
1.28930099,-0.72023684
1.28994099,-0.89602345
1.29058099,-0.89602345
1.29122099,-0.89602345
1.29186099,-1.07242048
1.29250099,-0.89602345
1.29314099,-1.07242048
1.29378099,-1.24881744
1.29442099,-1.24881744
1.29506099,-1.24881744
1.29570099,-1.24881744
1.29634099,-1.24881744
1.29698099,-1.42521441
1.29762099,-1.42521441
1.29826099,-1.42521441
1.29890099,-1.60100102
1.29954099,-1.60100102
1.30018099,-1.60100102
1.30082099,-1.60100102
1.30146099,-1.77739799
1.30210099,-1.77739799
1.30274099,-1.77739799
1.30338099,-1.77739799
1.30402099,-1.77739799
1.30466099,-1.77739799
1.30530099,-1.95379496
1.30594099,-1.95379496
1.30658099,-1.95379496
1.30722099,-1.95379496
1.30786099,-2.13019204
1.30850099,-2.13019204
1.30914099,-2.13019204
1.30978099,-2.30597854
1.31042099,-2.30597854
1.31106099,-2.30597854
1.31170099,-2.48237562
1.31234099,-2.30597854
1.31298099,-2.48237562
1.31362099,-2.30597854
1.31426099,-2.48237562
1.31490099,-2.48237562
1.31554099,-2.48237562
1.31618099,-2.48237562
1.31682099,-2.65877247
1.31746099,-2.48237562
1.31810099,-2.65877247
1.31874099,-2.65877247
1.31938099,-2.65877247
1.32002099,-2.65877247
1.32066099,-2.65877247
1.32130099,-2.83516955
1.32194099,-2.83516955
1.32258099,-2.83516955
1.32322099,-2.83516955
1.32386099,-2.83516955
1.32450099,-2.83516955
1.32514099,-2.83516955
1.32578099,-2.83516955
1.32642099,-3.01095605
1.32706099,-3.01095605
1.32770099,-3.01095605
1.32834099,-3.01095605
1.32898099,-3.01095605
1.32962099,-3.01095605
1.33026099,-3.01095605
1.33090099,-3.01095605
1.33154099,-3.01095605
1.33218099,-3.01095605
1.33282099,-3.01095605
1.33346099,-3.01095605
1.33410099,-3.01095605
1.33474099,-3.01095605
1.33538099,-3.01095605
1.33602099,-3.18735313
1.33666099,-3.01095605
1.33730099,-3.01095605
1.33794099,-3.18735313
1.33858099,-3.18735313
1.33922099,-3.01095605
1.33986099,-3.01095605
1.34050099,-3.01095605
1.34114099,-3.01095605
1.34178099,-3.01095605
1.34242099,-3.01095605
1.34306099,-3.01095605
1.34370099,-3.01095605
1.34434099,-3.01095605
1.34498099,-3.01095605
1.34562099,-3.01095605
1.34626099,-3.01095605
1.34690099,-3.01095605
1.34754099,-3.01095605
1.34818099,-3.01095605
1.34882099,-3.01095605
1.34946099,-3.01095605
1.35010099,-2.83516955
1.35074099,-2.65877247
1.35138099,-2.83516955
1.35202099,-2.83516955
1.35266099,-2.83516955
1.35330099,-2.65877247
1.35394099,-2.83516955
1.35458099,-2.65877247
1.35522099,-2.65877247
1.35586099,-2.65877247
1.35650099,-2.65877247
1.35714099,-2.48237562
1.35778099,-2.48237562
1.35842099,-2.48237562
1.35906099,-2.48237562
1.35970099,-2.48237562
1.36034099,-2.48237562
1.36098099,-2.30597854
1.36162099,-2.30597854
1.36226099,-2.30597854
1.36290099,-2.30597854
1.36354099,-2.30597854
1.36418099,-2.13019204
1.36482099,-2.13019204
1.36546099,-2.13019204
1.36610099,-2.13019204
1.36674099,-2.13019204
1.36738099,-1.95379496
1.36802099,-1.95379496
1.36866099,-1.95379496
1.36930099,-1.77739799
1.36994099,-1.77739799
1.37058099,-1.77739799
1.37122099,-1.77739799
1.37186099,-1.77739799
1.37250099,-1.60100102
1.37314099,-1.60100102
1.37378099,-1.60100102
1.37442099,-1.42521441
1.37506099,-1.60100102
1.37570099,-1.42521441
1.37634099,-1.42521441
1.37698099,-1.24881744
1.37762099,-1.24881744
1.37826099,-1.24881744
1.37890099,-1.24881744
1.37954099,-1.07242048
1.38018099,-1.07242048
1.38082099,-1.07242048
1.38146099,-0.89602345
1.38210099,-0.89602345
1.38274099,-0.89602345
1.38338099,-0.72023684
1.38402099,-0.72023684
1.38466099,-0.72023684
1.38530099,-0.54383981
1.38594099,-0.54383981
1.38658099,-0.36744285
1.38722099,-0.36744285
1.38786099,-0.36744285
1.38850099,-0.36744285
1.38914099,-0.19104587
1.38978099,-0.19104587
1.39042099,-0.19104587
1.39106099,-0.01525925
1.39170099,-0.01525925
1.39234099,0.16052736
1.39298099,-0.01525925
1.39362099,0.16052736
1.39426099,0.16052736
1.39490099,0.33692434
1.39554099,0.33692434
1.39618099,0.33692434
1.39682099,0.33692434
1.39746099,0.51332134
1.39810099,0.51332134
1.39874099,0.51332134
1.39938099,0.68971831
1.40002099,0.86550492
1.40066099,0.68971831
1.40130099,0.86550492
1.40194099,0.86550492
1.40258099,1.04190195
1.40322099,1.04190195
1.40386099,1.04190195
1.40450099,1.04190195
1.40514099,1.21829891
1.40578099,1.21829891
1.40642099,1.21829891
1.40706099,1.21829891
1.40770099,1.39469588
1.40834099,1.39469588
1.40898099,1.39469588
1.40962099,1.57048249
1.41026099,1.57048249
1.41090099,1.74687946
1.41154099,1.74687946
1.41218099,1.74687946
1.41282099,1.74687946
1.41346099,1.92327642
1.41410099,1.92327642
1.41474099,1.92327642
1.41538099,1.92327642
1.41602099,1.92327642
1.41666099,2.09967351
1.41730099,2.09967351
1.41794099,2.09967351
1.41858099,2.27546000
1.41922099,2.27546000
1.41986099,2.27546000
1.42050099,2.45185709
1.42114099,2.45185709
1.42178099,2.45185709
1.42242099,2.45185709
1.42306099,2.45185709
1.42370099,2.62825394
1.42434099,2.62825394
1.42498099,2.62825394
1.42562099,2.62825394
1.42626099,2.80465102
1.42690099,2.62825394
1.42754099,2.80465102
1.42818099,2.80465102
1.42882099,2.98043752
1.42946099,2.98043752
1.43010099,2.98043752
1.43074099,2.98043752
1.43138099,2.98043752
1.43202099,3.15683460
1.43266099,3.15683460
1.43330099,3.15683460
1.43394099,3.15683460
1.43458099,3.15683460
1.43522099,3.15683460
1.43586099,3.15683460
1.43650099,3.15683460
1.43714099,3.33323169
1.43778099,3.33323169
1.43842099,3.33323169
1.43906099,3.33323169
1.43970099,3.33323169
1.44034099,3.33323169
1.44098099,3.33323169
1.44162099,3.33323169
1.44226099,3.33323169
1.44290099,3.33323169
1.44354099,3.33323169
1.44418099,3.50962853
1.44482099,3.33323169
1.44546099,3.33323169
1.44610099,3.33323169
1.44674099,3.50962853
1.44738099,3.50962853
1.44802099,3.33323169
1.44866099,3.50962853
1.44930099,3.33323169
1.44994099,3.33323169
1.45058099,3.33323169
1.45122099,3.50962853
1.45186099,3.50962853
1.45250099,3.50962853
1.45314099,3.33323169
1.45378099,3.33323169
1.45442099,3.33323169
1.45506099,3.33323169
1.45570099,3.33323169
1.45634099,3.33323169
1.45698099,3.33323169
1.45762099,3.33323169
1.45826099,3.33323169
1.45890099,3.33323169
1.45954099,3.33323169
1.46018099,3.33323169
1.46082099,3.33323169
1.46146099,3.33323169
1.46210099,3.33323169
1.46274099,3.33323169
1.46338099,3.15683460
1.46402099,3.15683460
1.46466099,3.15683460
1.46530099,3.15683460
1.46594099,3.15683460
1.46658099,3.15683460
1.46722099,3.15683460
1.46786099,2.98043752
1.46850099,3.15683460
1.46914099,2.98043752
1.46978099,2.98043752
1.47042099,2.98043752
1.47106099,2.80465102
1.47170099,2.98043752
1.47234099,2.80465102
1.47298099,2.62825394
1.47362099,2.62825394
1.47426099,2.62825394
1.47490099,2.62825394
1.47554099,2.62825394
1.47618099,2.62825394
1.47682099,2.45185709
1.47746099,2.45185709
1.47810099,2.45185709
1.47874099,2.45185709
1.47938099,2.27546000
1.48002099,2.27546000
1.48066099,2.27546000
1.48130099,2.27546000
1.48194099,2.09967351
1.48258099,2.09967351
1.48322099,1.92327642
1.48386099,1.92327642
1.48450099,1.92327642
1.48514099,1.92327642
1.48578099,1.92327642
1.48642099,1.74687946
1.48706099,1.74687946
1.48770099,1.74687946
1.48834099,1.74687946
1.48898099,1.57048249
1.48962099,1.57048249
1.49026099,1.57048249
1.49090099,1.39469588
1.49154099,1.39469588
1.49218099,1.21829891
1.49282099,1.39469588
1.49346099,1.21829891
1.49410099,1.21829891
1.49474099,1.21829891
1.49538099,1.04190195
1.49602099,1.04190195
1.49666099,0.86550492
1.49730099,0.86550492
1.49794099,0.68971831
1.49858099,0.86550492
1.49922099,0.68971831
1.49986099,0.68971831
1.50050099,0.51332134
1.50114099,0.51332134
1.50178099,0.51332134
1.50242099,0.33692434
1.50306099,0.33692434
1.50370099,0.33692434
1.50434099,0.33692434
1.50498099,0.16052736
1.50562099,0.16052736
1.50626099,0.16052736
1.50690099,-0.01525925
1.50754099,-0.01525925
1.50818099,-0.19104587
1.50882099,-0.19104587
1.50946099,-0.19104587
1.51010099,-0.19104587
1.51074099,-0.36744285
1.51138099,-0.36744285
1.51202099,-0.36744285
1.51266099,-0.54383981
1.51330099,-0.54383981
1.51394099,-0.72023684
1.51458099,-0.72023684
1.51522099,-0.89602345
1.51586099,-0.89602345
1.51650099,-0.89602345
1.51714099,-0.89602345
1.51778099,-1.07242048
1.51842099,-1.07242048
1.51906099,-1.07242048
1.51970099,-1.24881744
1.52034099,-1.24881744
1.52098099,-1.24881744
1.52162099,-1.42521441
1.52226099,-1.42521441
1.52290099,-1.42521441
1.52354099,-1.60100102
1.52418099,-1.77739799
1.52482099,-1.77739799
1.52546099,-1.77739799
1.52610099,-1.77739799
1.52674099,-1.77739799
1.52738099,-1.77739799
1.52802099,-1.95379496
1.52866099,-1.95379496
1.52930099,-1.95379496
1.52994099,-2.13019204
1.53058099,-2.13019204
1.53122099,-2.13019204
1.53186099,-2.30597854
1.53250099,-2.30597854
1.53314099,-2.30597854
1.53378099,-2.48237562
1.53442099,-2.48237562
1.53506099,-2.48237562
1.53570099,-2.48237562
1.53634099,-2.48237562
1.53698099,-2.48237562
1.53762099,-2.48237562
1.53826099,-2.65877247
1.53890099,-2.65877247
1.53954099,-2.65877247
1.54018099,-2.65877247
1.54082099,-2.83516955
1.54146099,-2.65877247
1.54210099,-2.83516955
1.54274099,-2.83516955
1.54338099,-2.83516955
1.54402099,-2.83516955
1.54466099,-2.83516955
1.54530099,-3.01095605
1.54594099,-3.01095605
1.54658099,-3.01095605
1.54722099,-3.01095605
1.54786099,-3.01095605
1.54850099,-3.01095605
1.54914099,-3.18735313
1.54978099,-3.18735313
1.55042099,-3.18735313
1.55106099,-3.18735313
1.55170099,-3.18735313
1.55234099,-3.18735313
1.55298099,-3.18735313
1.55362099,-3.36375022
1.55426099,-3.18735313
1.55490099,-3.36375022
1.55554099,-3.36375022
1.55618099,-3.18735313
1.55682099,-3.18735313
1.55746099,-3.18735313
1.55810099,-3.36375022
1.55874099,-3.36375022
1.55938099,-3.36375022
1.56002099,-3.36375022
1.56066099,-3.18735313
1.56130099,-3.36375022
1.56194099,-3.36375022
1.56258099,-3.36375022
1.56322099,-3.36375022
1.56386099,-3.36375022
1.56450099,-3.36375022
1.56514099,-3.36375022
1.56578099,-3.36375022
1.56642099,-3.36375022
1.56706099,-3.36375022
1.56770099,-3.36375022
1.56834099,-3.36375022
1.56898099,-3.36375022
1.56962099,-3.36375022
1.57026099,-3.18735313
1.57090099,-3.36375022
1.57154099,-3.18735313
1.57218099,-3.18735313
1.57282099,-3.18735313
1.57346099,-3.18735313
1.57410099,-3.18735313
1.57474099,-3.18735313
1.57538099,-3.18735313
1.57602099,-3.18735313
1.57666099,-3.18735313
1.57730099,-3.18735313
1.57794099,-3.18735313
1.57858099,-3.01095605
1.57922099,-3.01095605
1.57986099,-3.01095605
1.58050099,-3.01095605
1.58114099,-3.01095605
1.58178099,-3.01095605
1.58242099,-3.01095605
1.58306099,-2.83516955
1.58370099,-2.83516955
1.58434099,-2.83516955
1.58498099,-2.83516955
1.58562099,-2.65877247
1.58626099,-2.65877247
1.58690099,-2.65877247
1.58754099,-2.65877247
1.58818099,-2.65877247
1.58882099,-2.65877247
1.58946099,-2.48237562
1.59010099,-2.48237562
1.59074099,-2.48237562
1.59138099,-2.48237562
1.59202099,-2.30597854
1.59266099,-2.48237562
1.59330099,-2.30597854
1.59394099,-2.30597854
1.59458099,-2.30597854
1.59522099,-2.13019204
1.59586099,-2.13019204
1.59650099,-2.13019204
1.59714099,-1.95379496
1.59778099,-1.95379496
1.59842099,-1.95379496
1.59906099,-1.95379496
1.59970099,-1.77739799
1.60034099,-1.77739799
1.60098099,-1.77739799
1.60162099,-1.60100102
1.60226099,-1.60100102
1.60290099,-1.60100102
1.60354099,-1.60100102
1.60418099,-1.42521441
1.60482099,-1.42521441
1.60546099,-1.24881744
1.60610099,-1.42521441
1.60674099,-1.24881744
1.60738099,-1.24881744
1.60802099,-1.07242048
1.60866099,-1.24881744
1.60930099,-1.07242048
1.60994099,-0.89602345
1.61058099,-0.89602345
1.61122099,-0.89602345
1.61186099,-0.89602345
1.61250099,-0.72023684
1.61314099,-0.54383981
1.61378099,-0.54383981
1.61442099,-0.54383981
1.61506099,-0.54383981
1.61570099,-0.36744285
1.61634099,-0.36744285
1.61698099,-0.36744285
1.61762099,-0.19104587
1.61826099,-0.19104587
1.61890099,-0.19104587
1.61954099,-0.19104587
1.62018099,-0.01525925
1.62082099,-0.01525925
1.62146099,-0.01525925
1.62210099,0.16052736
1.62274099,0.16052736
1.62338099,0.33692434
1.62402099,0.33692434
1.62466099,0.33692434
1.62530099,0.33692434
1.62594099,0.51332134
1.62658099,0.51332134
1.62722099,0.51332134
1.62786099,0.51332134
1.62850099,0.68971831
1.62914099,0.68971831
1.62978099,0.86550492
1.63042099,0.86550492
1.63106099,0.86550492
1.63170099,1.04190195
1.63234099,1.04190195
1.63298099,1.21829891
1.63362099,1.21829891
1.63426099,1.21829891
1.63490099,1.21829891
1.63554099,1.21829891
1.63618099,1.39469588
1.63682099,1.39469588
1.63746099,1.39469588
1.63810099,1.39469588
1.63874099,1.57048249
1.63938099,1.57048249
1.64002099,1.74687946
1.64066099,1.74687946
1.64130099,1.74687946
1.64194099,1.74687946
1.64258099,1.92327642
1.64322099,1.92327642
1.64386099,1.92327642
1.64450099,1.92327642
1.64514099,1.92327642
1.64578099,1.92327642
1.64642099,2.09967351
1.64706099,2.09967351
1.64770099,2.09967351
1.64834099,2.09967351
1.64898099,2.27546000
1.64962099,2.27546000
1.65026099,2.45185709
1.65090099,2.45185709
1.65154099,2.45185709
1.65218099,2.45185709
1.65282099,2.45185709
1.65346099,2.45185709
1.65410099,2.62825394
1.65474099,2.62825394
1.65538099,2.62825394
1.65602099,2.62825394
1.65666099,2.62825394
1.65730099,2.80465102
1.65794099,2.80465102
1.65858099,2.80465102
1.65922099,2.80465102
1.65986099,2.80465102
1.66050099,2.80465102
1.66114099,2.80465102
1.66178099,2.98043752
1.66242099,2.98043752
1.66306099,2.98043752
1.66370099,2.98043752
1.66434099,3.15683460
1.66498099,3.15683460
1.66562099,2.98043752
1.66626099,2.98043752
1.66690099,2.98043752
1.66754099,3.15683460
1.66818099,3.15683460
1.66882099,3.15683460
1.66946099,3.15683460
1.67010099,3.15683460
1.67074099,3.15683460
1.67138099,3.15683460
1.67202099,3.15683460
1.67266099,3.15683460
1.67330099,3.15683460
1.67394099,3.15683460
1.67458099,3.15683460
1.67522099,3.15683460
1.67586099,3.15683460
1.67650099,3.15683460
1.67714099,3.15683460
1.67778099,3.15683460
1.67842099,3.15683460
1.67906099,3.15683460
1.67970099,3.15683460
1.68034099,3.15683460
1.68098099,3.15683460
1.68162099,3.15683460
1.68226099,3.15683460
1.68290099,3.15683460
1.68354099,3.15683460
1.68418099,3.15683460
1.68482099,3.15683460
1.68546099,3.15683460
1.68610099,3.15683460
1.68674099,3.15683460
1.68738099,3.15683460
1.68802099,3.15683460
1.68866099,2.98043752
1.68930099,2.98043752
1.68994099,2.98043752
1.69058099,2.98043752
1.69122099,2.98043752
1.69186099,2.98043752
1.69250099,2.80465102
1.69314099,2.80465102
1.69378099,2.98043752
1.69442099,2.98043752
1.69506099,2.80465102
1.69570099,2.62825394
1.69634099,2.62825394
1.69698099,2.62825394
1.69762099,2.62825394
1.69826099,2.62825394
1.69890099,2.62825394
1.69954099,2.45185709
1.70018099,2.45185709
1.70082099,2.45185709
1.70146099,2.45185709
1.70210099,2.45185709
1.70274099,2.45185709
1.70338099,2.45185709
1.70402099,2.27546000
1.70466099,2.27546000
1.70530099,2.45185709
1.70594099,2.27546000
1.70658099,2.27546000
1.70722099,2.09967351
1.70786099,2.09967351
1.70850099,2.09967351
1.70914099,2.09967351
1.70978099,1.92327642
1.71042099,1.92327642
1.71106099,1.92327642
1.71170099,1.74687946
1.71234099,1.74687946
1.71298099,1.74687946
1.71362099,1.74687946
1.71426099,1.74687946
1.71490099,1.74687946
1.71554099,1.57048249
1.71618099,1.57048249
1.71682099,1.57048249
1.71746099,1.57048249
1.71810099,1.39469588
1.71874099,1.39469588
1.71938099,1.21829891
1.72002099,1.21829891
1.72066099,1.21829891
1.72130099,1.04190195
1.72194099,1.04190195
1.72258099,1.04190195
1.72322099,1.04190195
1.72386099,0.86550492
1.72450099,0.86550492
1.72514099,0.86550492
1.72578099,0.86550492
1.72642099,0.68971831
1.72706099,0.68971831
1.72770099,0.68971831
1.72834099,0.51332134
1.72898099,0.51332134
1.72962099,0.51332134
1.73026099,0.51332134
1.73090099,0.33692434
1.73154099,0.33692434
1.73218099,0.33692434
1.73282099,0.16052736
1.73346099,0.16052736
1.73410099,0.16052736
1.73474099,0.16052736
1.73538099,-0.01525925
1.73602099,-0.01525925
1.73666099,-0.19104587
1.73730099,-0.19104587
1.73794099,-0.19104587
1.73858099,-0.19104587
1.73922099,-0.19104587
1.73986099,-0.36744285
1.74050099,-0.36744285
1.74114099,-0.36744285
1.74178099,-0.36744285
1.74242099,-0.54383981
1.74306099,-0.54383981
1.74370099,-0.54383981
1.74434099,-0.54383981
1.74498099,-0.72023684
1.74562099,-0.72023684
1.74626099,-0.72023684
1.74690099,-0.89602345
1.74754099,-0.89602345
1.74818099,-0.89602345
1.74882099,-1.07242048
1.74946099,-0.89602345
1.75010099,-1.07242048
1.75074099,-1.07242048
1.75138099,-1.24881744
1.75202099,-1.24881744
1.75266099,-1.24881744
1.75330099,-1.24881744
1.75394099,-1.24881744
1.75458099,-1.42521441
1.75522099,-1.42521441
1.75586099,-1.42521441
1.75650099,-1.60100102
1.75714099,-1.60100102
1.75778099,-1.60100102
1.75842099,-1.77739799
1.75906099,-1.77739799
1.75970099,-1.77739799
1.76034099,-1.77739799
1.76098099,-1.77739799
1.76162099,-1.77739799
1.76226099,-1.77739799
1.76290099,-1.77739799
1.76354099,-1.95379496
1.76418099,-1.95379496
1.76482099,-1.95379496
1.76546099,-1.95379496
1.76610099,-2.13019204
1.76674099,-1.95379496
1.76738099,-2.13019204
1.76802099,-2.13019204
1.76866099,-2.13019204
1.76930099,-2.13019204
1.76994099,-2.13019204
1.77058099,-2.30597854
1.77122099,-2.30597854
1.77186099,-2.30597854
1.77250099,-2.30597854
1.77314099,-2.30597854
1.77378099,-2.30597854
1.77442099,-2.48237562
1.77506099,-2.30597854
1.77570099,-2.48237562
1.77634099,-2.48237562
1.77698099,-2.48237562
1.77762099,-2.48237562
1.77826099,-2.48237562
1.77890099,-2.48237562
1.77954099,-2.48237562
1.78018099,-2.48237562
1.78082099,-2.48237562
1.78146099,-2.48237562
1.78210099,-2.48237562
1.78274099,-2.48237562
1.78338099,-2.48237562
1.78402099,-2.48237562
1.78466099,-2.48237562
1.78530099,-2.48237562
1.78594099,-2.48237562
1.78658099,-2.65877247
1.78722099,-2.48237562
1.78786099,-2.65877247
1.78850099,-2.65877247
1.78914099,-2.65877247
1.78978099,-2.48237562
1.79042099,-2.65877247
1.79106099,-2.48237562
1.79170099,-2.65877247
1.79234099,-2.65877247
1.79298099,-2.48237562
1.79362099,-2.65877247
1.79426099,-2.65877247
1.79490099,-2.48237562
1.79554099,-2.48237562
1.79618099,-2.48237562
1.79682099,-2.48237562
1.79746099,-2.48237562
1.79810099,-2.48237562
1.79874099,-2.48237562
1.79938099,-2.48237562
1.80002099,-2.48237562
1.80066099,-2.48237562
1.80130099,-2.48237562
1.80194099,-2.48237562
1.80258099,-2.48237562
1.80322099,-2.48237562
1.80386099,-2.48237562
1.80450099,-2.48237562
1.80514099,-2.30597854
1.80578099,-2.30597854
1.80642099,-2.48237562
1.80706099,-2.30597854
1.80770099,-2.30597854
1.80834099,-2.30597854
1.80898099,-2.30597854
1.80962099,-2.30597854
1.81026099,-2.30597854
1.81090099,-2.30597854
1.81154099,-2.30597854
1.81218099,-2.13019204
1.81282099,-2.13019204
1.81346099,-2.13019204
1.81410099,-2.13019204
1.81474099,-1.95379496
1.81538099,-1.95379496
1.81602099,-2.13019204
1.81666099,-1.95379496
1.81730099,-1.95379496
1.81794099,-1.77739799
1.81858099,-1.77739799
1.81922099,-1.77739799
1.81986099,-1.77739799
1.82050099,-1.77739799
1.82114099,-1.77739799
1.82178099,-1.77739799
1.82242099,-1.77739799
1.82306099,-1.60100102
1.82370099,-1.60100102
1.82434099,-1.60100102
1.82498099,-1.60100102
1.82562099,-1.42521441
1.82626099,-1.60100102
1.82690099,-1.60100102
1.82754099,-1.42521441
1.82818099,-1.24881744
1.82882099,-1.42521441
1.82946099,-1.24881744
1.83010099,-1.24881744
1.83074099,-1.24881744
1.83138099,-1.24881744
1.83202099,-1.07242048
1.83266099,-1.07242048
1.83330099,-1.07242048
1.83394099,-1.07242048
1.83458099,-0.89602345
1.83522099,-0.89602345
1.83586099,-0.89602345
1.83650099,-0.89602345
1.83714099,-0.89602345
1.83778099,-0.72023684
1.83842099,-0.72023684
1.83906099,-0.54383981
1.83970099,-0.54383981
1.84034099,-0.54383981
1.84098099,-0.54383981
1.84162099,-0.54383981
1.84226099,-0.36744285
1.84290099,-0.36744285
1.84354099,-0.36744285
1.84418099,-0.36744285
1.84482099,-0.36744285
1.84546099,-0.19104587
1.84610099,-0.19104587
1.84674099,-0.19104587
1.84738099,-0.19104587
1.84802099,-0.19104587
1.84866099,-0.01525925
1.84930099,-0.01525925
1.84994099,-0.01525925
1.85058099,-0.01525925
1.85122099,0.16052736
1.85186099,0.16052736
1.85250099,0.16052736
1.85314099,0.16052736
1.85378099,0.33692434
1.85442099,0.33692434
1.85506099,0.33692434
1.85570099,0.51332134
1.85634099,0.33692434
1.85698099,0.51332134
1.85762099,0.51332134
1.85826099,0.51332134
1.85890099,0.51332134
1.85954099,0.68971831
1.86018099,0.68971831
1.86082099,0.68971831
1.86146099,0.68971831
1.86210099,0.68971831
1.86274099,0.68971831
1.86338099,0.86550492
1.86402099,0.86550492
1.86466099,0.86550492
1.86530099,0.86550492
1.86594099,1.04190195
1.86658099,1.04190195
1.86722099,1.04190195
1.86786099,1.04190195
1.86850099,1.04190195
1.86914099,1.04190195
1.86978099,1.04190195
1.87042099,1.21829891
1.87106099,1.21829891
1.87170099,1.21829891
1.87234099,1.21829891
1.87298099,1.21829891
1.87362099,1.39469588
1.87426099,1.39469588
1.87490099,1.39469588
1.87554099,1.39469588
1.87618099,1.57048249
1.87682099,1.39469588
1.87746099,1.39469588
1.87810099,1.57048249
1.87874099,1.57048249
1.87938099,1.57048249
1.88002099,1.57048249
1.88066099,1.57048249
1.88130099,1.57048249
1.88194099,1.57048249
1.88258099,1.74687946
1.88322099,1.74687946
1.88386099,1.74687946
1.88450099,1.74687946
1.88514099,1.74687946
1.88578099,1.74687946
1.88642099,1.74687946
1.88706099,1.74687946
1.88770099,1.74687946
1.88834099,1.74687946
1.88898099,1.92327642
1.88962099,1.92327642
1.89026099,1.74687946
1.89090099,1.92327642
1.89154099,1.92327642
1.89218099,1.92327642
1.89282099,1.92327642
1.89346099,1.92327642
1.89410099,1.92327642
1.89474099,1.92327642
1.89538099,1.92327642
1.89602099,1.92327642
1.89666099,1.92327642
1.89730099,1.92327642
1.89794099,1.92327642
1.89858099,1.92327642
1.89922099,1.92327642
1.89986099,1.92327642
1.90050099,1.92327642
1.90114099,1.92327642
1.90178099,1.92327642
1.90242099,1.92327642
1.90306099,1.92327642
1.90370099,1.92327642
1.90434099,1.92327642
1.90498099,1.92327642
1.90562099,1.92327642
1.90626099,1.92327642
1.90690099,1.92327642
1.90754099,1.92327642
1.90818099,1.92327642
1.90882099,1.92327642
1.90946099,1.92327642
1.91010099,1.92327642
1.91074099,1.92327642
1.91138099,1.92327642
1.91202099,1.92327642
1.91266099,1.92327642
1.91330099,1.92327642
1.91394099,1.92327642
1.91458099,1.74687946
1.91522099,1.92327642
1.91586099,1.74687946
1.91650099,1.74687946
1.91714099,1.92327642
1.91778099,1.74687946
1.91842099,1.74687946
1.91906099,1.74687946
1.91970099,1.74687946
1.92034099,1.74687946
1.92098099,1.74687946
1.92162099,1.74687946
1.92226099,1.74687946
1.92290099,1.57048249
1.92354099,1.74687946
1.92418099,1.74687946
1.92482099,1.57048249
1.92546099,1.57048249
1.92610099,1.57048249
1.92674099,1.57048249
1.92738099,1.57048249
1.92802099,1.57048249
1.92866099,1.57048249
1.92930099,1.57048249
1.92994099,1.39469588
1.93058099,1.39469588
1.93122099,1.39469588
1.93186099,1.39469588
1.93250099,1.39469588
1.93314099,1.39469588
1.93378099,1.39469588
1.93442099,1.39469588
1.93506099,1.21829891
1.93570099,1.21829891
1.93634099,1.21829891
1.93698099,1.21829891
1.93762099,1.21829891
1.93826099,1.04190195
1.93890099,1.21829891
1.93954099,1.04190195
1.94018099,1.04190195
1.94082099,1.04190195
1.94146099,1.04190195
1.94210099,1.04190195
1.94274099,0.86550492
1.94338099,0.86550492
1.94402099,0.86550492
1.94466099,0.86550492
1.94530099,0.86550492
1.94594099,0.86550492
1.94658099,0.68971831
1.94722099,0.68971831
1.94786099,0.68971831
1.94850099,0.68971831
1.94914099,0.68971831
1.94978099,0.51332134
1.95042099,0.51332134
1.95106099,0.51332134
1.95170099,0.51332134
1.95234099,0.51332134
1.95298099,0.51332134
1.95362099,0.51332134
1.95426099,0.33692434
1.95490099,0.33692434
1.95554099,0.33692434
1.95618099,0.33692434
1.95682099,0.33692434
1.95746099,0.33692434
1.95810099,0.33692434
1.95874099,0.33692434
1.95938099,0.16052736
1.96002099,0.16052736
1.96066099,0.16052736
1.96130099,0.16052736
1.96194099,0.16052736
1.96258099,-0.01525925
1.96322099,-0.01525925
1.96386099,-0.01525925
1.96450099,-0.01525925
1.96514099,-0.01525925
1.96578099,-0.01525925
1.96642099,-0.19104587
1.96706099,-0.19104587
1.96770099,-0.19104587
1.96834099,-0.19104587
1.96898099,-0.19104587
1.96962099,-0.36744285
1.97026099,-0.19104587
1.97090099,-0.36744285
1.97154099,-0.36744285
1.97218099,-0.36744285
1.97282099,-0.36744285
1.97346099,-0.36744285
1.97410099,-0.36744285
1.97474099,-0.36744285
1.97538099,-0.36744285
1.97602099,-0.54383981
1.97666099,-0.54383981
1.97730099,-0.36744285
1.97794099,-0.54383981
1.97858099,-0.54383981
1.97922099,-0.54383981
1.97986099,-0.72023684
1.98050099,-0.54383981
1.98114099,-0.54383981
1.98178099,-0.72023684
1.98242099,-0.72023684
1.98306099,-0.72023684
1.98370099,-0.72023684
1.98434099,-0.72023684
1.98498099,-0.72023684
1.98562099,-0.72023684
1.98626099,-0.72023684
1.98690099,-0.89602345
1.98754099,-0.89602345
1.98818099,-0.89602345
1.98882099,-0.89602345
1.98946099,-1.07242048
1.99010099,-0.89602345
1.99074099,-0.89602345
1.99138099,-0.89602345
1.99202099,-0.89602345
1.99266099,-0.89602345
1.99330099,-0.89602345
1.99394099,-1.07242048
1.99458099,-0.89602345
1.99522099,-1.07242048
1.99586099,-1.07242048
1.99650099,-1.07242048
1.99714099,-1.07242048
1.99778099,-1.07242048
1.99842099,-1.07242048
1.99906099,-1.07242048
1.99970099,-1.07242048
2.00034099,-1.07242048
2.00098099,-1.07242048
2.00162099,-1.07242048
2.00226099,-1.24881744
2.00290099,-1.07242048
2.00354099,-1.07242048
2.00418099,-1.24881744
2.00482099,-1.24881744
2.00546099,-1.24881744
2.00610099,-1.07242048
2.00674099,-1.24881744
2.00738099,-1.24881744
2.00802099,-1.24881744
2.00866099,-1.07242048
2.00930099,-1.07242048
2.00994099,-1.24881744
2.01058099,-1.24881744
2.01122099,-1.24881744
2.01186099,-1.24881744
2.01250099,-1.24881744
2.01314099,-1.24881744
2.01378099,-1.24881744
2.01442099,-1.07242048
2.01506099,-1.24881744
2.01570099,-1.07242048
2.01634099,-1.24881744
2.01698099,-1.24881744
2.01762099,-1.24881744
2.01826099,-1.07242048
2.01890099,-1.24881744
2.01954099,-1.07242048
2.02018099,-1.07242048
2.02082099,-1.24881744
2.02146099,-1.24881744
2.02210099,-1.24881744
2.02274099,-1.24881744
2.02338099,-1.07242048
2.02402099,-1.24881744
2.02466099,-1.07242048
2.02530099,-1.07242048
2.02594099,-1.07242048
2.02658099,-1.07242048
2.02722099,-1.07242048
2.02786099,-1.07242048
2.02850099,-1.07242048
2.02914099,-1.07242048
2.02978099,-1.07242048
2.03042099,-1.07242048
2.03106099,-1.07242048
2.03170099,-1.07242048
2.03234099,-1.07242048
2.03298099,-0.89602345
2.03362099,-1.07242048
2.03426099,-0.89602345
2.03490099,-0.89602345
2.03554099,-0.89602345
2.03618099,-0.89602345
2.03682099,-0.89602345
2.03746099,-0.89602345
2.03810099,-0.89602345
2.03874099,-0.89602345
2.03938099,-0.89602345
2.04002099,-0.89602345
2.04066099,-0.89602345
2.04130099,-0.89602345
2.04194099,-0.89602345
2.04258099,-0.72023684
2.04322099,-0.72023684
2.04386099,-0.89602345
2.04450099,-0.72023684
2.04514099,-0.72023684
2.04578099,-0.72023684
2.04642099,-0.72023684
2.04706099,-0.72023684
2.04770099,-0.72023684
2.04834099,-0.72023684
2.04898099,-0.72023684
2.04962099,-0.54383981
2.05026099,-0.54383981
2.05090099,-0.54383981
2.05154099,-0.54383981
2.05218099,-0.54383981
2.05282099,-0.54383981
2.05346099,-0.54383981
2.05410099,-0.36744285
2.05474099,-0.54383981
2.05538099,-0.54383981
2.05602099,-0.36744285
2.05666099,-0.36744285
2.05730099,-0.36744285
2.05794099,-0.36744285
2.05858099,-0.36744285
2.05922099,-0.36744285
2.05986099,-0.36744285
2.06050099,-0.36744285
2.06114099,-0.36744285
2.06178099,-0.36744285
2.06242099,-0.36744285
2.06306099,-0.19104587
2.06370099,-0.36744285
2.06434099,-0.19104587
2.06498099,-0.19104587
2.06562099,-0.19104587
2.06626099,-0.19104587
2.06690099,-0.19104587
2.06754099,-0.19104587
2.06818099,-0.19104587
2.06882099,-0.19104587
2.06946099,-0.19104587
2.07010099,-0.01525925
2.07074099,-0.19104587
2.07138099,-0.01525925
2.07202099,-0.19104587
2.07266099,-0.01525925
2.07330099,0.16052736
2.07394099,-0.01525925
2.07458099,-0.01525925
2.07522099,-0.01525925
2.07586099,0.16052736
2.07650099,-0.01525925
2.07714099,0.16052736
2.07778099,0.16052736
2.07842099,0.16052736
2.07906099,0.16052736
2.07970099,0.16052736
2.08034099,0.16052736
2.08098099,0.16052736
2.08162099,0.16052736
2.08226099,0.16052736
2.08290099,0.33692434
2.08354099,0.33692434
2.08418099,0.33692434
2.08482099,0.16052736
2.08546099,0.33692434
2.08610099,0.33692434
2.08674099,0.33692434
2.08738099,0.33692434
2.08802099,0.33692434
2.08866099,0.33692434
2.08930099,0.33692434
2.08994099,0.33692434
2.09058099,0.33692434
2.09122099,0.33692434
2.09186099,0.33692434
2.09250099,0.33692434
2.09314099,0.33692434
2.09378099,0.33692434
2.09442099,0.33692434
2.09506099,0.33692434
2.09570099,0.51332134
2.09634099,0.33692434
2.09698099,0.51332134
2.09762099,0.33692434
2.09826099,0.51332134
2.09890099,0.33692434
2.09954099,0.51332134
2.10018099,0.51332134
2.10082099,0.51332134
2.10146099,0.51332134
2.10210099,0.51332134
2.10274099,0.51332134
2.10338099,0.51332134
2.10402099,0.51332134
2.10466099,0.51332134
2.10530099,0.51332134
2.10594099,0.51332134
2.10658099,0.51332134
2.10722099,0.51332134
2.10786099,0.51332134
2.10850099,0.51332134
2.10914099,0.51332134
2.10978099,0.51332134
2.11042099,0.51332134
2.11106099,0.51332134
2.11170099,0.51332134
2.11234099,0.51332134
2.11298099,0.51332134
2.11362099,0.51332134
2.11426099,0.51332134
2.11490099,0.51332134
2.11554099,0.51332134
2.11618099,0.51332134
2.11682099,0.51332134
2.11746099,0.51332134
2.11810099,0.51332134
2.11874099,0.51332134
2.11938099,0.51332134
2.12002099,0.51332134
2.12066099,0.51332134
2.12130099,0.51332134
2.12194099,0.51332134
2.12258099,0.51332134
2.12322099,0.51332134
2.12386099,0.51332134
2.12450099,0.51332134
2.12514099,0.51332134
2.12578099,0.51332134
2.12642099,0.51332134
2.12706099,0.51332134
2.12770099,0.51332134
2.12834099,0.51332134
2.12898099,0.51332134
2.12962099,0.51332134
2.13026099,0.51332134
2.13090099,0.51332134
2.13154099,0.51332134
2.13218099,0.51332134
2.13282099,0.33692434
2.13346099,0.33692434
2.13410099,0.51332134
2.13474099,0.33692434
2.13538099,0.51332134
2.13602099,0.33692434
2.13666099,0.51332134
2.13730099,0.33692434
2.13794099,0.51332134
2.13858099,0.33692434
2.13922099,0.33692434
2.13986099,0.33692434
2.14050099,0.33692434
2.14114099,0.33692434
2.14178099,0.33692434
2.14242099,0.33692434
2.14306099,0.33692434
2.14370099,0.33692434
2.14434099,0.33692434
2.14498099,0.33692434
2.14562099,0.33692434
2.14626099,0.33692434
2.14690099,0.33692434
2.14754099,0.33692434
2.14818099,0.33692434
2.14882099,0.33692434
2.14946099,0.33692434
2.15010099,0.33692434
2.15074099,0.33692434
2.15138099,0.16052736
2.15202099,0.33692434
2.15266099,0.33692434
2.15330099,0.33692434
2.15394099,0.33692434
2.15458099,0.16052736
2.15522099,0.16052736
2.15586099,0.16052736
2.15650099,0.16052736
2.15714099,0.16052736
2.15778099,0.16052736
2.15842099,0.16052736
2.15906099,0.16052736
2.15970099,0.16052736
2.16034099,0.16052736
2.16098099,-0.01525925
2.16162099,0.16052736
2.16226099,-0.01525925
2.16290099,0.16052736
2.16354099,-0.01525925
2.16418099,-0.01525925
2.16482099,0.16052736
2.16546099,0.16052736
2.16610099,-0.01525925
2.16674099,-0.01525925
2.16738099,-0.01525925
2.16802099,-0.01525925
2.16866099,-0.01525925
2.16930099,-0.01525925
2.16994099,-0.01525925
2.17058099,-0.01525925
2.17122099,-0.01525925
2.17186099,-0.01525925
2.17250099,-0.01525925
2.17314099,-0.01525925
2.17378099,-0.01525925
2.17442099,-0.01525925
2.17506099,-0.01525925
2.17570099,-0.01525925
2.17634099,-0.19104587
2.17698099,-0.01525925
2.17762099,-0.19104587
2.17826099,-0.19104587
2.17890099,-0.01525925
2.17954099,-0.01525925
2.18018099,-0.01525925
2.18082099,-0.19104587
2.18146099,-0.19104587
2.18210099,-0.19104587
2.18274099,-0.19104587
2.18338099,-0.19104587
2.18402099,-0.19104587
2.18466099,-0.19104587
2.18530099,-0.19104587
2.18594099,-0.19104587
2.18658099,-0.19104587
2.18722099,-0.19104587
2.18786099,-0.19104587
2.18850099,-0.19104587
2.18914099,-0.19104587
2.18978099,-0.19104587
2.19042099,-0.19104587
2.19106099,-0.19104587
2.19170099,-0.19104587
2.19234099,-0.19104587
2.19298099,-0.19104587
2.19362099,-0.19104587
2.19426099,-0.19104587
2.19490099,-0.19104587
2.19554099,-0.19104587
2.19618099,-0.19104587
2.19682099,-0.19104587
2.19746099,-0.19104587
2.19810099,-0.19104587
2.19874099,-0.19104587
2.19938099,-0.19104587
2.20002099,-0.19104587
2.20066099,-0.19104587
2.20130099,-0.19104587
2.20194099,-0.19104587
2.20258099,-0.19104587
2.20322099,-0.19104587
2.20386099,-0.19104587
2.20450099,-0.19104587
2.20514099,-0.19104587
2.20578099,-0.19104587
2.20642099,-0.19104587
2.20706099,-0.19104587
2.20770099,-0.19104587
2.20834099,-0.19104587
2.20898099,-0.19104587
2.20962099,-0.19104587
2.21026099,-0.19104587
2.21090099,-0.19104587
2.21154099,-0.19104587
2.21218099,-0.19104587
2.21282099,-0.19104587
2.21346099,-0.19104587
2.21410099,-0.19104587
2.21474099,-0.19104587
2.21538099,-0.19104587
2.21602099,-0.01525925
2.21666099,-0.01525925
2.21730099,-0.01525925
2.21794099,-0.01525925
2.21858099,-0.19104587
2.21922099,-0.01525925
2.21986099,-0.01525925
2.22050099,-0.01525925
2.22114099,-0.01525925
2.22178099,-0.01525925
2.22242099,-0.01525925
2.22306099,-0.01525925
2.22370099,-0.01525925
2.22434099,-0.01525925
2.22498099,-0.01525925
2.22562099,-0.01525925
2.22626099,-0.01525925
2.22690099,-0.01525925
2.22754099,-0.01525925
2.22818099,0.16052736
2.22882099,0.16052736
2.22946099,0.16052736
2.23010099,0.16052736
2.23074099,0.16052736
2.23138099,-0.01525925
2.23202099,0.16052736
2.23266099,-0.01525925
2.23330099,0.16052736
2.23394099,0.16052736
2.23458099,0.16052736
2.23522099,0.16052736
2.23586099,0.16052736
2.23650099,0.16052736
2.23714099,0.16052736
2.23778099,0.16052736
2.23842099,0.16052736
2.23906099,0.16052736
2.23970099,0.16052736
2.24034099,0.16052736
2.24098099,0.33692434
2.24162099,0.16052736
2.24226099,0.33692434
2.24290099,0.33692434
2.24354099,0.33692434
2.24418099,0.33692434
2.24482099,0.33692434
2.24546099,0.33692434
2.24610099,0.33692434
2.24674099,0.33692434
2.24738099,0.33692434
2.24802099,0.33692434
2.24866099,0.33692434
2.24930099,0.33692434
2.24994099,0.33692434
2.25058099,0.33692434
2.25122099,0.33692434
2.25186099,0.33692434
2.25250099,0.33692434
2.25314099,0.33692434
2.25378099,0.33692434
2.25442099,0.33692434
2.25506099,0.33692434
2.25570099,0.33692434
2.25634099,0.33692434
2.25698099,0.33692434
2.25762099,0.33692434
2.25826099,0.51332134
2.25890099,0.51332134
2.25954099,0.51332134
2.26018099,0.51332134
2.26082099,0.51332134
2.26146099,0.51332134
2.26210099,0.51332134
2.26274099,0.51332134
2.26338099,0.33692434
2.26402099,0.33692434
2.26466099,0.51332134
2.26530099,0.51332134
2.26594099,0.51332134
2.26658099,0.51332134
2.26722099,0.51332134
2.26786099,0.51332134
2.26850099,0.51332134
2.26914099,0.51332134
2.26978099,0.51332134
2.27042099,0.51332134
2.27106099,0.51332134
2.27170099,0.51332134
2.27234099,0.51332134
2.27298099,0.51332134
2.27362099,0.51332134
2.27426099,0.51332134
2.27490099,0.51332134
2.27554099,0.51332134
2.27618099,0.51332134
2.27682099,0.51332134
2.27746099,0.51332134
2.27810099,0.51332134
2.27874099,0.51332134
2.27938099,0.51332134
2.28002099,0.51332134
2.28066099,0.51332134
2.28130099,0.51332134
2.28194099,0.51332134
2.28258099,0.51332134
2.28322099,0.51332134
2.28386099,0.51332134
2.28450099,0.51332134
2.28514099,0.51332134
2.28578099,0.51332134
2.28642099,0.51332134
2.28706099,0.51332134
2.28770099,0.51332134
2.28834099,0.51332134
2.28898099,0.51332134
2.28962099,0.51332134
2.29026099,0.51332134
2.29090099,0.51332134
2.29154099,0.51332134
2.29218099,0.51332134
2.29282099,0.51332134
2.29346099,0.51332134
2.29410099,0.51332134
2.29474099,0.51332134
2.29538099,0.51332134
2.29602099,0.51332134
2.29666099,0.33692434
2.29730099,0.33692434
2.29794099,0.33692434
2.29858099,0.51332134
2.29922099,0.51332134
2.29986099,0.33692434
2.30050099,0.33692434
2.30114099,0.51332134
2.30178099,0.33692434
2.30242099,0.33692434
2.30306099,0.51332134
2.30370099,0.33692434
2.30434099,0.33692434
2.30498099,0.33692434
2.30562099,0.33692434
2.30626099,0.33692434
2.30690099,0.33692434
2.30754099,0.33692434
2.30818099,0.33692434
2.30882099,0.33692434
2.30946099,0.33692434
2.31010099,0.33692434
2.31074099,0.33692434
2.31138099,0.33692434
2.31202099,0.33692434
2.31266099,0.33692434
2.31330099,0.33692434
2.31394099,0.16052736
2.31458099,0.16052736
2.31522099,0.16052736
2.31586099,0.16052736
2.31650099,0.16052736
2.31714099,0.16052736
2.31778099,0.16052736
2.31842099,0.16052736
2.31906099,0.16052736
2.31970099,0.16052736
2.32034099,-0.01525925
2.32098099,0.16052736
2.32162099,0.16052736
2.32226099,0.16052736
2.32290099,-0.01525925
2.32354099,-0.01525925
2.32418099,0.16052736
2.32482099,-0.01525925
2.32546099,-0.01525925
2.32610099,-0.01525925
2.32674099,-0.01525925
2.32738099,-0.01525925
2.32802099,-0.19104587
2.32866099,-0.19104587
2.32930099,-0.19104587
2.32994099,-0.19104587
2.33058099,-0.19104587
2.33122099,-0.19104587
2.33186099,-0.19104587
2.33250099,-0.19104587
2.33314099,-0.19104587
2.33378099,-0.19104587
2.33442099,-0.19104587
2.33506099,-0.36744285
2.33570099,-0.36744285
2.33634099,-0.36744285
2.33698099,-0.36744285
2.33762099,-0.36744285
2.33826099,-0.36744285
2.33890099,-0.36744285
2.33954099,-0.36744285
2.34018099,-0.36744285
2.34082099,-0.36744285
2.34146099,-0.36744285
2.34210099,-0.36744285
2.34274099,-0.36744285
2.34338099,-0.36744285
2.34402099,-0.36744285
2.34466099,-0.54383981
2.34530099,-0.54383981
2.34594099,-0.54383981
2.34658099,-0.54383981
2.34722099,-0.54383981
2.34786099,-0.54383981
2.34850099,-0.54383981
2.34914099,-0.54383981
2.34978099,-0.72023684
2.35042099,-0.54383981
2.35106099,-0.54383981
2.35170099,-0.54383981
2.35234099,-0.54383981
2.35298099,-0.72023684
2.35362099,-0.72023684
2.35426099,-0.72023684
2.35490099,-0.72023684
2.35554099,-0.72023684
2.35618099,-0.89602345
2.35682099,-0.72023684
2.35746099,-0.72023684
2.35810099,-0.72023684
2.35874099,-0.89602345
2.35938099,-0.89602345
2.36002099,-0.89602345
2.36066099,-0.89602345
2.36130099,-0.89602345
2.36194099,-0.89602345
2.36258099,-0.89602345
2.36322099,-0.89602345
2.36386099,-0.89602345
2.36450099,-0.89602345
2.36514099,-0.89602345
2.36578099,-0.89602345
2.36642099,-0.89602345
2.36706099,-0.89602345
2.36770099,-0.89602345
2.36834099,-0.89602345
2.36898099,-0.89602345
2.36962099,-0.89602345
2.37026099,-0.89602345
2.37090099,-1.07242048
2.37154099,-0.89602345
2.37218099,-0.89602345
2.37282099,-0.89602345
2.37346099,-1.07242048
2.37410099,-1.07242048
2.37474099,-0.89602345
2.37538099,-0.89602345
2.37602099,-1.07242048
2.37666099,-0.89602345
2.37730099,-1.07242048
2.37794099,-1.07242048
2.37858099,-1.07242048
2.37922099,-1.07242048
2.37986099,-0.89602345
2.38050099,-1.07242048
2.38114099,-1.07242048
2.38178099,-1.07242048
2.38242099,-1.07242048
2.38306099,-1.07242048
2.38370099,-1.07242048
2.38434099,-1.07242048
2.38498099,-1.07242048
2.38562099,-1.07242048
2.38626099,-1.07242048
2.38690099,-1.07242048
2.38754099,-1.07242048
2.38818099,-1.07242048
2.38882099,-1.07242048
2.38946099,-1.07242048
2.39010099,-1.07242048
2.39074099,-0.89602345
2.39138099,-0.89602345
2.39202099,-1.07242048
2.39266099,-1.07242048
2.39330099,-1.07242048
2.39394099,-0.89602345
2.39458099,-0.89602345
2.39522099,-0.89602345
2.39586099,-0.89602345
2.39650099,-1.07242048
2.39714099,-1.07242048
2.39778099,-0.89602345
2.39842099,-0.89602345
2.39906099,-0.89602345
2.39970099,-0.89602345
2.40034099,-0.89602345
2.40098099,-0.89602345
2.40162099,-0.89602345
2.40226099,-0.89602345
2.40290099,-0.89602345
2.40354099,-0.89602345
2.40418099,-0.89602345
2.40482099,-0.89602345
2.40546099,-0.89602345
2.40610099,-0.89602345
2.40674099,-0.72023684
2.40738099,-0.89602345
2.40802099,-0.72023684
2.40866099,-0.72023684
2.40930099,-0.72023684
2.40994099,-0.72023684
2.41058099,-0.72023684
2.41122099,-0.72023684
2.41186099,-0.72023684
2.41250099,-0.72023684
2.41314099,-0.72023684
2.41378099,-0.72023684
2.41442099,-0.54383981
2.41506099,-0.54383981
2.41570099,-0.54383981
2.41634099,-0.54383981
2.41698099,-0.54383981
2.41762099,-0.54383981
2.41826099,-0.36744285
2.41890099,-0.36744285
2.41954099,-0.54383981
2.42018099,-0.36744285
2.42082099,-0.36744285
2.42146099,-0.36744285
2.42210099,-0.36744285
2.42274099,-0.36744285
2.42338099,-0.36744285
2.42402099,-0.36744285
2.42466099,-0.36744285
2.42530099,-0.36744285
2.42594099,-0.19104587
2.42658099,-0.19104587
2.42722099,-0.19104587
2.42786099,-0.19104587
2.42850099,-0.19104587
2.42914099,-0.19104587
2.42978099,-0.19104587
2.43042099,-0.19104587
2.43106099,-0.01525925
2.43170099,-0.01525925
2.43234099,-0.01525925
2.43298099,-0.01525925
2.43362099,-0.01525925
2.43426099,-0.01525925
2.43490099,0.16052736
2.43554099,-0.01525925
2.43618099,0.16052736
2.43682099,0.16052736
2.43746099,0.16052736
2.43810099,0.16052736
2.43874099,0.16052736
2.43938099,0.16052736
2.44002099,0.16052736
2.44066099,0.33692434
2.44130099,0.33692434
2.44194099,0.33692434
2.44258099,0.33692434
2.44322099,0.33692434
2.44386099,0.33692434
2.44450099,0.33692434
2.44514099,0.33692434
2.44578099,0.51332134
2.44642099,0.33692434
2.44706099,0.51332134
2.44770099,0.51332134
2.44834099,0.51332134
2.44898099,0.51332134
2.44962099,0.51332134
2.45026099,0.51332134
2.45090099,0.51332134
2.45154099,0.68971831
2.45218099,0.68971831
2.45282099,0.68971831
2.45346099,0.68971831
2.45410099,0.68971831
2.45474099,0.86550492
2.45538099,0.68971831
2.45602099,0.68971831
2.45666099,0.86550492
2.45730099,0.86550492
2.45794099,0.86550492
2.45858099,0.86550492
2.45922099,0.86550492
2.45986099,0.86550492
2.46050099,1.04190195
2.46114099,1.04190195
2.46178099,1.04190195
2.46242099,1.04190195
2.46306099,1.04190195
2.46370099,1.04190195
2.46434099,1.04190195
2.46498098,1.04190195
2.46562098,1.04190195
2.46626098,1.04190195
2.46690098,1.04190195
2.46754098,1.21829891
2.46818098,1.21829891
2.46882098,1.04190195
2.46946098,1.21829891
2.47010098,1.21829891
2.47074098,1.21829891
2.47138098,1.21829891
2.47202098,1.21829891
2.47266098,1.21829891
2.47330098,1.21829891
2.47394098,1.21829891
2.47458098,1.21829891
2.47522098,1.39469588
2.47586098,1.39469588
2.47650098,1.21829891
2.47714098,1.39469588
2.47778098,1.39469588
2.47842098,1.39469588
2.47906098,1.39469588
2.47970098,1.39469588
2.48034098,1.39469588
2.48098098,1.39469588
2.48162098,1.39469588
2.48226098,1.39469588
2.48290098,1.57048249
2.48354098,1.57048249
2.48418098,1.39469588
2.48482098,1.39469588
2.48546098,1.57048249
2.48610098,1.57048249
2.48674098,1.57048249
2.48738098,1.57048249
2.48802098,1.57048249
2.48866098,1.57048249
2.48930098,1.57048249
2.48994098,1.57048249
2.49058098,1.57048249
2.49122098,1.57048249
2.49186098,1.57048249
2.49250098,1.57048249
2.49314098,1.57048249
2.49378098,1.57048249
2.49442098,1.57048249
2.49506098,1.57048249
2.49570098,1.57048249
2.49634098,1.57048249
2.49698098,1.57048249
2.49762098,1.57048249
2.49826098,1.57048249
2.49890098,1.57048249
2.49954098,1.57048249
2.50018098,1.57048249
2.50082098,1.57048249
2.50146098,1.57048249
2.50210098,1.39469588
2.50274098,1.57048249
2.50338098,1.39469588
2.50402098,1.57048249
2.50466098,1.57048249
2.50530098,1.39469588
2.50594098,1.39469588
2.50658098,1.57048249
2.50722098,1.57048249
2.50786098,1.39469588
2.50850098,1.39469588
2.50914098,1.39469588
2.50978098,1.39469588
2.51042098,1.39469588
2.51106098,1.39469588
2.51170098,1.21829891
2.51234098,1.39469588
2.51298098,1.39469588
2.51362098,1.21829891
2.51426098,1.21829891
2.51490098,1.21829891
2.51554098,1.21829891
2.51618098,1.21829891
2.51682098,1.21829891
2.51746098,1.21829891
2.51810098,1.21829891
2.51874098,1.21829891
2.51938098,1.21829891
2.52002098,1.04190195
2.52066098,1.04190195
2.52130098,1.21829891
2.52194098,1.04190195
2.52258098,1.04190195
2.52322098,1.04190195
2.52386098,1.04190195
2.52450098,1.04190195
2.52514098,1.04190195
2.52578098,1.04190195
2.52642098,0.86550492
2.52706098,1.04190195
2.52770098,0.86550492
2.52834098,0.86550492
2.52898098,0.86550492
2.52962098,0.86550492
2.53026098,0.86550492
2.53090098,0.86550492
2.53154098,0.86550492
2.53218098,0.86550492
2.53282098,0.68971831
2.53346098,0.68971831
2.53410098,0.68971831
2.53474098,0.68971831
2.53538098,0.51332134
2.53602098,0.51332134
2.53666098,0.51332134
2.53730098,0.51332134
2.53794098,0.51332134
2.53858098,0.33692434
2.53922098,0.51332134
2.53986098,0.33692434
2.54050098,0.33692434
2.54114098,0.51332134
2.54178098,0.33692434
2.54242098,0.33692434
2.54306098,0.33692434
2.54370098,0.33692434
2.54434098,0.33692434
2.54498098,0.16052736
2.54562098,0.16052736
2.54626098,0.16052736
2.54690098,0.16052736
2.54754098,0.16052736
2.54818098,-0.01525925
2.54882098,0.16052736
2.54946098,-0.01525925
2.55010098,-0.01525925
2.55074098,-0.01525925
2.55138098,-0.19104587
2.55202098,-0.19104587
2.55266098,-0.19104587
2.55330098,-0.19104587
2.55394098,-0.19104587
2.55458098,-0.19104587
2.55522098,-0.36744285
2.55586098,-0.36744285
2.55650098,-0.19104587
2.55714098,-0.36744285
2.55778098,-0.36744285
2.55842098,-0.36744285
2.55906098,-0.36744285
2.55970098,-0.54383981
2.56034098,-0.54383981
2.56098098,-0.54383981
2.56162098,-0.54383981
2.56226098,-0.54383981
2.56290098,-0.72023684
2.56354098,-0.54383981
2.56418098,-0.54383981
2.56482098,-0.54383981
2.56546098,-0.72023684
2.56610098,-0.72023684
2.56674098,-0.72023684
2.56738098,-0.89602345
2.56802098,-0.89602345
2.56866098,-0.89602345
2.56930098,-0.89602345
2.56994098,-0.89602345
2.57058098,-0.89602345
2.57122098,-0.89602345
2.57186098,-0.89602345
2.57250098,-1.07242048
2.57314098,-1.07242048
2.57378098,-1.07242048
2.57442098,-1.07242048
2.57506098,-1.07242048
2.57570098,-1.07242048
2.57634098,-1.07242048
2.57698098,-1.24881744
2.57762098,-1.24881744
2.57826098,-1.24881744
2.57890098,-1.24881744
2.57954098,-1.24881744
2.58018098,-1.24881744
2.58082098,-1.42521441
2.58146098,-1.24881744
2.58210098,-1.24881744
2.58274098,-1.42521441
2.58338098,-1.42521441
2.58402098,-1.42521441
2.58466098,-1.42521441
2.58530098,-1.42521441
2.58594098,-1.60100102
2.58658098,-1.60100102
2.58722098,-1.42521441
2.58786098,-1.60100102
2.58850098,-1.60100102
2.58914098,-1.60100102
2.58978098,-1.60100102
2.59042098,-1.60100102
2.59106098,-1.60100102
2.59170098,-1.60100102
2.59234098,-1.60100102
2.59298098,-1.60100102
2.59362098,-1.77739799
2.59426098,-1.60100102
2.59490098,-1.60100102
2.59554098,-1.77739799
2.59618098,-1.77739799
2.59682098,-1.77739799
2.59746098,-1.60100102
2.59810098,-1.60100102
2.59874098,-1.77739799
2.59938098,-1.60100102
2.60002098,-1.77739799
2.60066098,-1.77739799
2.60130098,-1.77739799
2.60194098,-1.77739799
2.60258098,-1.77739799
2.60322098,-1.77739799
2.60386098,-1.77739799
2.60450098,-1.77739799
2.60514098,-1.77739799
2.60578098,-1.77739799
2.60642098,-1.77739799
2.60706098,-1.77739799
2.60770098,-1.77739799
2.60834098,-1.77739799
2.60898098,-1.77739799
2.60962098,-1.77739799
2.61026098,-1.77739799
2.61090098,-1.77739799
2.61154098,-1.77739799
2.61218098,-1.77739799
2.61282098,-1.77739799
2.61346098,-1.77739799
2.61410098,-1.77739799
2.61474098,-1.77739799
2.61538098,-1.60100102
2.61602098,-1.77739799
2.61666098,-1.77739799
2.61730098,-1.60100102
2.61794098,-1.60100102
2.61858098,-1.60100102
2.61922098,-1.77739799
2.61986098,-1.60100102
2.62050098,-1.60100102
2.62114098,-1.60100102
2.62178098,-1.60100102
2.62242098,-1.60100102
2.62306098,-1.60100102
2.62370098,-1.60100102
2.62434098,-1.60100102
2.62498098,-1.60100102
2.62562098,-1.60100102
2.62626098,-1.42521441
2.62690098,-1.60100102
2.62754098,-1.42521441
2.62818098,-1.60100102
2.62882098,-1.42521441
2.62946098,-1.42521441
2.63010098,-1.42521441
2.63074098,-1.42521441
2.63138098,-1.42521441
2.63202098,-1.42521441
2.63266098,-1.24881744
2.63330098,-1.24881744
2.63394098,-1.24881744
2.63458098,-1.24881744
2.63522098,-1.24881744
2.63586098,-1.24881744
2.63650098,-1.24881744
2.63714098,-1.07242048
2.63778098,-1.07242048
2.63842098,-1.07242048
2.63906098,-1.07242048
2.63970098,-0.89602345
2.64034098,-0.89602345
2.64098098,-0.89602345
2.64162098,-0.89602345
2.64226098,-0.89602345
2.64290098,-0.89602345
2.64354098,-0.89602345
2.64418098,-0.89602345
2.64482098,-0.89602345
2.64546098,-0.89602345
2.64610098,-0.89602345
2.64674098,-0.72023684
2.64738098,-0.72023684
2.64802098,-0.72023684
2.64866098,-0.72023684
2.64930098,-0.72023684
2.64994098,-0.54383981
2.65058098,-0.54383981
2.65122098,-0.54383981
2.65186098,-0.54383981
2.65250098,-0.54383981
2.65314098,-0.54383981
2.65378098,-0.36744285
2.65442098,-0.36744285
2.65506098,-0.36744285
2.65570098,-0.36744285
2.65634098,-0.36744285
2.65698098,-0.36744285
2.65762098,-0.19104587
2.65826098,-0.19104587
2.65890098,-0.19104587
2.65954098,-0.19104587
2.66018098,-0.19104587
2.66082098,-0.19104587
2.66146098,-0.19104587
2.66210098,-0.01525925
2.66274098,-0.01525925
2.66338098,0.16052736
2.66402098,-0.01525925
2.66466098,0.16052736
2.66530098,-0.01525925
2.66594098,0.16052736
2.66658098,0.33692434
2.66722098,0.16052736
2.66786098,0.16052736
2.66850098,0.33692434
2.66914098,0.33692434
2.66978098,0.33692434
2.67042098,0.33692434
2.67106098,0.33692434
2.67170098,0.33692434
2.67234098,0.33692434
2.67298098,0.33692434
2.67362098,0.51332134
2.67426098,0.51332134
2.67490098,0.51332134
2.67554098,0.51332134
2.67618098,0.68971831
2.67682098,0.68971831
2.67746098,0.68971831
2.67810098,0.86550492
2.67874098,0.68971831
2.67938098,0.86550492
2.68002098,0.86550492
2.68066098,0.86550492
2.68130098,0.86550492
2.68194098,0.86550492
2.68258098,1.04190195
2.68322098,0.86550492
2.68386098,1.04190195
2.68450098,1.04190195
2.68514098,1.04190195
2.68578098,1.04190195
2.68642098,1.04190195
2.68706098,1.21829891
2.68770098,1.04190195
2.68834098,1.21829891
2.68898098,1.21829891
2.68962098,1.21829891
2.69026098,1.21829891
2.69090098,1.21829891
2.69154098,1.39469588
2.69218098,1.39469588
2.69282098,1.39469588
2.69346098,1.39469588
2.69410098,1.39469588
2.69474098,1.39469588
2.69538098,1.39469588
2.69602098,1.57048249
2.69666098,1.57048249
2.69730098,1.57048249
2.69794098,1.57048249
2.69858098,1.57048249
2.69922098,1.57048249
2.69986098,1.57048249
2.70050098,1.57048249
2.70114098,1.57048249
2.70178098,1.57048249
2.70242098,1.74687946
2.70306098,1.74687946
2.70370098,1.74687946
2.70434098,1.74687946
2.70498098,1.74687946
2.70562098,1.74687946
2.70626098,1.74687946
2.70690098,1.74687946
2.70754098,1.74687946
2.70818098,1.74687946
2.70882098,1.74687946
2.70946098,1.74687946
2.71010098,1.74687946
2.71074098,1.74687946
2.71138098,1.74687946
2.71202098,1.74687946
2.71266098,1.74687946
2.71330098,1.92327642
2.71394098,1.92327642
2.71458098,1.92327642
2.71522098,1.92327642
2.71586098,1.92327642
2.71650098,1.74687946
2.71714098,1.92327642
2.71778098,1.74687946
2.71842098,1.74687946
2.71906098,1.74687946
2.71970098,1.74687946
2.72034098,1.92327642
2.72098098,1.92327642
2.72162098,1.92327642
2.72226098,1.92327642
2.72290098,1.74687946
2.72354098,1.92327642
2.72418098,1.92327642
2.72482098,1.74687946
2.72546098,1.92327642
2.72610098,1.74687946
2.72674098,1.74687946
2.72738098,1.92327642
2.72802098,1.92327642
2.72866098,1.92327642
2.72930098,1.74687946
2.72994098,1.74687946
2.73058098,1.74687946
2.73122098,1.74687946
2.73186098,1.74687946
2.73250098,1.74687946
2.73314098,1.74687946
2.73378098,1.74687946
2.73442098,1.74687946
2.73506098,1.74687946
2.73570098,1.74687946
2.73634098,1.74687946
2.73698098,1.74687946
2.73762098,1.74687946
2.73826098,1.74687946
2.73890098,1.74687946
2.73954098,1.74687946
2.74018098,1.57048249
2.74082098,1.74687946
2.74146098,1.74687946
2.74210098,1.57048249
2.74274098,1.57048249
2.74338098,1.57048249
2.74402098,1.57048249
2.74466098,1.57048249
2.74530098,1.57048249
2.74594098,1.39469588
2.74658098,1.39469588
2.74722098,1.39469588
2.74786098,1.39469588
2.74850098,1.39469588
2.74914098,1.39469588
2.74978098,1.39469588
2.75042098,1.21829891
2.75106098,1.21829891
2.75170098,1.21829891
2.75234098,1.21829891
2.75298098,1.21829891
2.75362098,1.21829891
2.75426098,1.21829891
2.75490098,1.21829891
2.75554098,1.04190195
2.75618098,1.04190195
2.75682098,1.04190195
2.75746098,1.04190195
2.75810098,1.04190195
2.75874098,1.04190195
2.75938098,0.86550492
2.76002098,0.86550492
2.76066098,0.86550492
2.76130098,0.86550492
2.76194098,0.86550492
2.76258098,0.86550492
2.76322098,0.86550492
2.76386098,0.68971831
2.76450098,0.68971831
2.76514098,0.68971831
2.76578098,0.68971831
2.76642098,0.51332134
2.76706098,0.51332134
2.76770098,0.51332134
2.76834098,0.51332134
2.76898098,0.51332134
2.76962098,0.51332134
2.77026098,0.33692434
2.77090098,0.33692434
2.77154098,0.33692434
2.77218098,0.33692434
2.77282098,0.33692434
2.77346098,0.33692434
2.77410098,0.33692434
2.77474098,0.33692434
2.77538098,0.16052736
2.77602098,0.16052736
2.77666098,0.16052736
2.77730098,0.16052736
2.77794098,0.16052736
2.77858098,-0.01525925
2.77922098,-0.01525925
2.77986098,-0.19104587
2.78050098,-0.01525925
2.78114098,-0.19104587
2.78178098,-0.01525925
2.78242098,-0.19104587
2.78306098,-0.19104587
2.78370098,-0.19104587
2.78434098,-0.19104587
2.78498098,-0.36744285
2.78562098,-0.36744285
2.78626098,-0.36744285
2.78690098,-0.36744285
2.78754098,-0.36744285
2.78818098,-0.36744285
2.78882098,-0.36744285
2.78946098,-0.54383981
2.79010098,-0.36744285
2.79074098,-0.54383981
2.79138098,-0.54383981
2.79202098,-0.54383981
2.79266098,-0.72023684
2.79330098,-0.72023684
2.79394098,-0.72023684
2.79458098,-0.72023684
2.79522098,-0.72023684
2.79586098,-0.89602345
2.79650098,-0.89602345
2.79714098,-0.89602345
2.79778098,-0.89602345
2.79842098,-1.07242048
2.79906098,-0.89602345
2.79970098,-0.89602345
2.80034098,-1.07242048
2.80098098,-0.89602345
2.80162098,-1.07242048
2.80226098,-1.07242048
2.80290098,-1.07242048
2.80354098,-1.07242048
2.80418098,-1.24881744
2.80482098,-1.24881744
2.80546098,-1.24881744
2.80610098,-1.24881744
2.80674098,-1.24881744
2.80738098,-1.24881744
2.80802098,-1.24881744
2.80866098,-1.24881744
2.80930098,-1.24881744
2.80994098,-1.24881744
2.81058098,-1.42521441
2.81122098,-1.42521441
2.81186098,-1.42521441
2.81250098,-1.42521441
2.81314098,-1.42521441
2.81378098,-1.42521441
2.81442098,-1.60100102
2.81506098,-1.60100102
2.81570098,-1.60100102
2.81634098,-1.60100102
2.81698098,-1.60100102
2.81762098,-1.60100102
2.81826098,-1.60100102
2.81890098,-1.60100102
2.81954098,-1.60100102
2.82018098,-1.60100102
2.82082098,-1.60100102
2.82146098,-1.60100102
2.82210098,-1.77739799
2.82274098,-1.60100102
2.82338098,-1.60100102
2.82402098,-1.77739799
2.82466098,-1.77739799
2.82530098,-1.77739799
2.82594098,-1.60100102
2.82658098,-1.77739799
2.82722098,-1.77739799
2.82786098,-1.77739799
2.82850098,-1.77739799
2.82914098,-1.77739799
2.82978098,-1.77739799
2.83042098,-1.77739799
2.83106098,-1.60100102
2.83170098,-1.77739799
2.83234098,-1.77739799
2.83298098,-1.77739799
2.83362098,-1.77739799
2.83426098,-1.77739799
2.83490098,-1.77739799
2.83554098,-1.77739799
2.83618098,-1.77739799
2.83682098,-1.77739799
2.83746098,-1.77739799
2.83810098,-1.77739799
2.83874098,-1.77739799
2.83938098,-1.77739799
2.84002098,-1.77739799
2.84066098,-1.77739799
2.84130098,-1.77739799
2.84194098,-1.77739799
2.84258098,-1.77739799
2.84322098,-1.77739799
2.84386098,-1.77739799
2.84450098,-1.77739799
2.84514098,-1.77739799
2.84578098,-1.77739799
2.84642098,-1.60100102
2.84706098,-1.60100102
2.84770098,-1.77739799
2.84834098,-1.77739799
2.84898098,-1.60100102
2.84962098,-1.60100102
2.85026098,-1.60100102
2.85090098,-1.60100102
2.85154098,-1.60100102
2.85218098,-1.60100102
2.85282098,-1.60100102
2.85346098,-1.60100102
2.85410098,-1.60100102
2.85474098,-1.60100102
2.85538098,-1.60100102
2.85602098,-1.42521441
2.85666098,-1.42521441
2.85730098,-1.42521441
2.85794098,-1.42521441
2.85858098,-1.24881744
2.85922098,-1.42521441
2.85986098,-1.42521441
2.86050098,-1.24881744
2.86114098,-1.24881744
2.86178098,-1.24881744
2.86242098,-1.24881744
2.86306098,-1.24881744
2.86370098,-1.24881744
2.86434098,-1.24881744
2.86498098,-1.24881744
2.86562098,-1.07242048
2.86626098,-1.24881744
2.86690098,-1.24881744
2.86754098,-1.07242048
2.86818098,-1.07242048
2.86882098,-1.07242048
2.86946098,-1.07242048
2.87010098,-0.89602345
2.87074098,-1.07242048
2.87138098,-0.89602345
2.87202098,-0.89602345
2.87266098,-0.89602345
2.87330098,-0.89602345
2.87394098,-0.89602345
2.87458098,-0.89602345
2.87522098,-0.89602345
2.87586098,-0.72023684
2.87650098,-0.72023684
2.87714098,-0.72023684
2.87778098,-0.72023684
2.87842098,-0.72023684
2.87906098,-0.72023684
2.87970098,-0.54383981
2.88034098,-0.54383981
2.88098098,-0.54383981
2.88162098,-0.36744285
2.88226098,-0.36744285
2.88290098,-0.36744285
2.88354098,-0.36744285
2.88418098,-0.36744285
2.88482098,-0.36744285
2.88546098,-0.36744285
2.88610098,-0.19104587
2.88674098,-0.19104587
2.88738098,-0.19104587
2.88802098,-0.19104587
2.88866098,-0.19104587
2.88930098,-0.19104587
2.88994098,-0.19104587
2.89058098,-0.19104587
2.89122098,-0.19104587
2.89186098,-0.01525925
2.89250098,-0.01525925
2.89314098,-0.01525925
2.89378098,-0.01525925
2.89442098,-0.01525925
2.89506098,0.16052736
2.89570098,0.16052736
2.89634098,0.16052736
2.89698098,0.16052736
2.89762098,0.33692434
2.89826098,0.16052736
2.89890098,0.33692434
2.89954098,0.33692434
2.90018098,0.33692434
2.90082098,0.33692434
2.90146098,0.33692434
2.90210098,0.33692434
2.90274098,0.51332134
2.90338098,0.33692434
2.90402098,0.51332134
2.90466098,0.51332134
2.90530098,0.51332134
2.90594098,0.51332134
2.90658098,0.51332134
2.90722098,0.51332134
2.90786098,0.68971831
2.90850098,0.68971831
2.90914098,0.68971831
2.90978098,0.68971831
2.91042098,0.68971831
2.91106098,0.68971831
2.91170098,0.68971831
2.91234098,0.86550492
2.91298098,0.86550492
2.91362098,0.86550492
2.91426098,0.86550492
2.91490098,0.86550492
2.91554098,1.04190195
2.91618098,1.04190195
2.91682098,1.04190195
2.91746098,1.04190195
2.91810098,1.04190195
2.91874098,1.04190195
2.91938098,1.04190195
2.92002098,1.04190195
2.92066098,1.04190195
2.92130098,1.21829891
2.92194098,1.21829891
2.92258098,1.21829891
2.92322098,1.21829891
2.92386098,1.21829891
2.92450098,1.21829891
2.92514098,1.21829891
2.92578098,1.21829891
2.92642098,1.21829891
2.92706098,1.21829891
2.92770098,1.21829891
2.92834098,1.39469588
2.92898098,1.39469588
2.92962098,1.39469588
2.93026098,1.39469588
2.93090098,1.39469588
2.93154098,1.39469588
2.93218098,1.39469588
2.93282098,1.57048249
2.93346098,1.39469588
2.93410098,1.57048249
2.93474098,1.39469588
2.93538098,1.57048249
2.93602098,1.57048249
2.93666098,1.57048249
2.93730098,1.57048249
2.93794098,1.57048249
2.93858098,1.57048249
2.93922098,1.57048249
2.93986098,1.57048249
2.94050098,1.57048249
2.94114098,1.57048249
2.94178098,1.57048249
2.94242098,1.57048249
2.94306098,1.57048249
2.94370098,1.57048249
2.94434098,1.57048249
2.94498098,1.57048249
2.94562098,1.57048249
2.94626098,1.57048249
2.94690098,1.57048249
2.94754098,1.57048249
2.94818098,1.57048249
2.94882098,1.57048249
2.94946098,1.57048249
2.95010098,1.57048249
2.95074098,1.57048249
2.95138098,1.57048249
2.95202098,1.57048249
2.95266098,1.57048249
2.95330098,1.57048249
2.95394098,1.57048249
2.95458098,1.57048249
2.95522098,1.57048249
2.95586098,1.57048249
2.95650098,1.57048249
2.95714098,1.57048249
2.95778098,1.57048249
2.95842098,1.57048249
2.95906098,1.57048249
2.95970098,1.57048249
2.96034098,1.57048249
2.96098098,1.57048249
2.96162098,1.57048249
2.96226098,1.39469588
2.96290098,1.39469588
2.96354098,1.57048249
2.96418098,1.57048249
2.96482098,1.39469588
2.96546098,1.39469588
2.96610098,1.39469588
2.96674098,1.39469588
2.96738098,1.39469588
2.96802098,1.39469588
2.96866098,1.39469588
2.96930098,1.39469588
2.96994098,1.39469588
2.97058098,1.21829891
2.97122098,1.21829891
2.97186098,1.39469588
2.97250098,1.39469588
2.97314098,1.21829891
2.97378098,1.21829891
2.97442098,1.21829891
2.97506098,1.21829891
2.97570098,1.21829891
2.97634098,1.21829891
2.97698098,1.21829891
2.97762098,1.21829891
2.97826098,1.04190195
2.97890098,1.04190195
2.97954098,1.21829891
2.98018098,1.04190195
2.98082098,1.04190195
2.98146098,1.04190195
2.98210098,1.04190195
2.98274098,1.04190195
2.98338098,1.04190195
2.98402098,1.04190195
2.98466098,0.86550492
2.98530098,0.86550492
2.98594098,0.86550492
2.98658098,0.86550492
2.98722098,0.86550492
2.98786098,0.68971831
2.98850098,0.86550492
2.98914098,0.86550492
2.98978098,0.68971831
2.99042098,0.68971831
2.99106098,0.68971831
2.99170098,0.68971831
2.99234098,0.68971831
2.99298098,0.51332134
2.99362098,0.51332134
2.99426098,0.51332134
2.99490098,0.51332134
2.99554098,0.51332134
2.99618098,0.51332134
2.99682098,0.51332134
2.99746098,0.51332134
2.99810098,0.33692434
2.99874098,0.33692434
2.99938098,0.51332134
3.00002098,0.33692434
3.00066098,0.33692434
3.00130098,0.33692434
3.00194098,0.33692434
3.00258098,0.33692434
3.00322098,0.33692434
3.00386098,0.16052736
3.00450098,0.16052736
3.00514098,0.16052736
3.00578098,0.16052736
3.00642098,0.16052736
3.00706098,0.16052736
3.00770098,0.16052736
3.00834098,0.16052736
3.00898098,-0.01525925
3.00962098,-0.01525925
3.01026098,-0.01525925
3.01090098,-0.01525925
3.01154098,-0.01525925
3.01218098,-0.01525925
3.01282098,-0.01525925
3.01346098,-0.19104587
3.01410098,-0.19104587
3.01474098,-0.19104587
3.01538098,-0.36744285
3.01602098,-0.19104587
3.01666098,-0.19104587
3.01730098,-0.36744285
3.01794098,-0.36744285
3.01858098,-0.36744285
3.01922098,-0.36744285
3.01986098,-0.36744285
3.02050098,-0.36744285
3.02114098,-0.36744285
3.02178098,-0.54383981
3.02242098,-0.36744285
3.02306098,-0.36744285
3.02370098,-0.36744285
3.02434098,-0.54383981
3.02498098,-0.54383981
3.02562098,-0.54383981
3.02626098,-0.54383981
3.02690098,-0.54383981
3.02754098,-0.54383981
3.02818098,-0.54383981
3.02882098,-0.54383981
3.02946098,-0.54383981
3.03010098,-0.72023684
3.03074098,-0.54383981
3.03138098,-0.72023684
3.03202098,-0.72023684
3.03266098,-0.72023684
3.03330098,-0.72023684
3.03394098,-0.89602345
3.03458098,-0.89602345
3.03522098,-0.89602345
3.03586098,-0.89602345
3.03650098,-0.89602345
3.03714098,-0.89602345
3.03778098,-0.89602345
3.03842098,-0.89602345
3.03906098,-0.89602345
3.03970098,-0.89602345
3.04034098,-1.07242048
3.04098098,-1.07242048
3.04162098,-0.89602345
3.04226098,-1.07242048
3.04290098,-0.89602345
3.04354098,-1.07242048
3.04418098,-1.07242048
3.04482098,-1.07242048
3.04546098,-1.07242048
3.04610098,-1.07242048
3.04674098,-1.07242048
3.04738098,-1.07242048
3.04802098,-1.07242048
3.04866098,-1.07242048
3.04930098,-1.07242048
3.04994098,-1.07242048
3.05058098,-1.07242048
3.05122098,-1.07242048
3.05186098,-1.07242048
3.05250098,-1.07242048
3.05314098,-1.24881744
3.05378098,-1.24881744
3.05442098,-1.07242048
3.05506098,-1.24881744
3.05570098,-1.24881744
3.05634098,-1.24881744
3.05698098,-1.07242048
3.05762098,-1.24881744
3.05826098,-1.07242048
3.05890098,-1.07242048
3.05954098,-1.24881744
3.06018098,-1.07242048
3.06082098,-1.24881744
3.06146098,-1.07242048
3.06210098,-1.24881744
3.06274098,-1.24881744
3.06338098,-1.24881744
3.06402098,-1.07242048
3.06466098,-1.07242048
3.06530098,-1.24881744
3.06594098,-1.24881744
3.06658098,-1.24881744
3.06722098,-1.24881744
3.06786098,-1.24881744
3.06850098,-1.24881744
3.06914098,-1.24881744
3.06978098,-1.24881744
3.07042098,-1.24881744
3.07106098,-1.24881744
3.07170098,-1.07242048
3.07234098,-1.07242048
3.07298098,-1.07242048
3.07362098,-1.24881744
3.07426098,-1.24881744
3.07490098,-1.07242048
3.07554098,-1.07242048
3.07618098,-1.07242048
3.07682098,-1.07242048
3.07746098,-1.07242048
3.07810098,-1.07242048
3.07874098,-1.07242048
3.07938098,-1.07242048
3.08002098,-1.07242048
3.08066098,-0.89602345
3.08130098,-1.07242048
3.08194098,-1.07242048
3.08258098,-1.07242048
3.08322098,-1.07242048
3.08386098,-0.89602345
3.08450098,-0.89602345
3.08514098,-0.89602345
3.08578098,-1.07242048
3.08642098,-0.89602345
3.08706098,-1.07242048
3.08770098,-0.89602345
3.08834098,-0.89602345
3.08898098,-0.89602345
3.08962098,-0.89602345
3.09026098,-0.89602345
3.09090098,-0.89602345
3.09154098,-0.89602345
3.09218098,-0.89602345
3.09282098,-0.89602345
3.09346098,-0.89602345
3.09410098,-0.89602345
3.09474098,-0.89602345
3.09538098,-0.72023684
3.09602098,-0.72023684
3.09666098,-0.72023684
3.09730098,-0.72023684
3.09794098,-0.72023684
3.09858098,-0.72023684
3.09922098,-0.72023684
3.09986098,-0.72023684
3.10050098,-0.72023684
3.10114098,-0.54383981
3.10178098,-0.54383981
3.10242098,-0.54383981
3.10306098,-0.54383981
3.10370098,-0.54383981
3.10434098,-0.54383981
3.10498098,-0.54383981
3.10562098,-0.36744285
3.10626098,-0.36744285
3.10690098,-0.36744285
3.10754098,-0.36744285
3.10818098,-0.36744285
3.10882098,-0.36744285
3.10946098,-0.36744285
3.11010098,-0.36744285
3.11074098,-0.36744285
3.11138098,-0.36744285
3.11202098,-0.36744285
3.11266098,-0.36744285
3.11330098,-0.19104587
3.11394098,-0.19104587
3.11458098,-0.36744285
3.11522098,-0.19104587
3.11586098,-0.19104587
3.11650098,-0.19104587
3.11714098,-0.19104587
3.11778098,-0.19104587
3.11842098,-0.19104587
3.11906098,-0.19104587
3.11970098,-0.19104587
3.12034098,-0.01525925
3.12098098,-0.01525925
3.12162098,-0.01525925
3.12226098,-0.01525925
3.12290098,-0.01525925
3.12354098,0.16052736
3.12418098,-0.01525925
3.12482098,-0.01525925
3.12546098,0.16052736
3.12610098,0.16052736
3.12674098,0.16052736
3.12738098,0.16052736
3.12802098,0.16052736
3.12866098,0.16052736
3.12930098,0.16052736
3.12994098,0.16052736
3.13058098,0.16052736
3.13122098,0.16052736
3.13186098,0.16052736
3.13250098,0.33692434
3.13314098,0.33692434
3.13378098,0.33692434
3.13442098,0.33692434
3.13506098,0.33692434
3.13570098,0.33692434
3.13634098,0.33692434
3.13698098,0.33692434
3.13762098,0.33692434
3.13826098,0.33692434
3.13890098,0.51332134
3.13954098,0.51332134
3.14018098,0.33692434
3.14082098,0.33692434
3.14146098,0.51332134
3.14210098,0.51332134
3.14274098,0.51332134
3.14338098,0.51332134
3.14402098,0.51332134
3.14466098,0.51332134
3.14530098,0.51332134
3.14594098,0.51332134
3.14658098,0.51332134
3.14722098,0.51332134
3.14786098,0.51332134
3.14850098,0.51332134
3.14914098,0.51332134
3.14978098,0.68971831
3.15042098,0.68971831
3.15106098,0.68971831
3.15170098,0.68971831
3.15234098,0.68971831
3.15298098,0.68971831
3.15362098,0.68971831
3.15426098,0.68971831
3.15490098,0.68971831
3.15554098,0.68971831
3.15618098,0.68971831
3.15682098,0.68971831
3.15746098,0.68971831
3.15810098,0.86550492
3.15874098,0.68971831
3.15938098,0.68971831
3.16002098,0.68971831
3.16066098,0.86550492
3.16130098,0.86550492
3.16194098,0.86550492
3.16258098,0.86550492
3.16322098,0.86550492
3.16386098,0.68971831
3.16450098,0.86550492
3.16514098,0.86550492
3.16578098,0.68971831
3.16642098,0.86550492
3.16706098,0.86550492
3.16770098,0.86550492
3.16834098,0.86550492
3.16898098,0.86550492
3.16962098,0.86550492
3.17026098,0.86550492
3.17090098,0.86550492
3.17154098,0.86550492
3.17218098,0.86550492
3.17282098,0.86550492
3.17346098,0.86550492
3.17410098,0.86550492
3.17474098,0.86550492
3.17538098,0.86550492
3.17602098,0.86550492
3.17666098,0.86550492
3.17730098,0.86550492
3.17794098,0.86550492
3.17858098,0.86550492
3.17922098,0.86550492
3.17986098,0.86550492
3.18050098,0.86550492
3.18114098,0.86550492
3.18178098,0.86550492
3.18242098,0.86550492
3.18306098,0.86550492
3.18370098,0.86550492
3.18434098,0.86550492
3.18498098,0.86550492
3.18562098,0.86550492
3.18626098,0.86550492
3.18690098,0.86550492
3.18754098,0.68971831
3.18818098,0.86550492
3.18882098,0.86550492
3.18946098,0.86550492
3.19010098,0.86550492
3.19074098,0.68971831
3.19138098,0.68971831
3.19202098,0.68971831
3.19266098,0.68971831
3.19330098,0.86550492
3.19394098,0.86550492
3.19458098,0.68971831
3.19522098,0.68971831
3.19586098,0.68971831
3.19650098,0.68971831
3.19714098,0.68971831
3.19778098,0.68971831
3.19842098,0.68971831
3.19906098,0.68971831
3.19970098,0.51332134
3.20034098,0.51332134
3.20098098,0.68971831
3.20162098,0.51332134
3.20226098,0.51332134
3.20290098,0.51332134
3.20354098,0.68971831
3.20418098,0.51332134
3.20482098,0.51332134
3.20546098,0.51332134
3.20610098,0.51332134
3.20674098,0.51332134
3.20738098,0.51332134
3.20802098,0.51332134
3.20866098,0.51332134
3.20930098,0.51332134
3.20994098,0.51332134
3.21058098,0.51332134
3.21122098,0.51332134
3.21186098,0.51332134
3.21250098,0.51332134
3.21314098,0.51332134
3.21378098,0.51332134
3.21442098,0.51332134
3.21506098,0.33692434
3.21570098,0.33692434
3.21634098,0.33692434
3.21698098,0.51332134
3.21762098,0.33692434
3.21826098,0.51332134
3.21890098,0.33692434
3.21954098,0.33692434
3.22018098,0.33692434
3.22082098,0.33692434
3.22146098,0.33692434
3.22210098,0.33692434
3.22274098,0.33692434
3.22338098,0.33692434
3.22402098,0.33692434
3.22466098,0.33692434
3.22530098,0.33692434
3.22594098,0.33692434
3.22658098,0.33692434
3.22722098,0.33692434
3.22786098,0.16052736
3.22850098,0.33692434
3.22914098,0.16052736
3.22978098,0.16052736
3.23042098,0.16052736
3.23106098,0.16052736
3.23170098,0.16052736
3.23234098,0.16052736
3.23298098,0.16052736
3.23362098,0.16052736
3.23426098,0.16052736
3.23490098,-0.01525925
3.23554098,0.16052736
3.23618098,-0.01525925
3.23682098,0.16052736
3.23746098,0.16052736
3.23810098,-0.01525925
3.23874098,0.16052736
3.23938098,0.16052736
3.24002098,-0.01525925
3.24066098,-0.01525925
3.24130098,-0.01525925
3.24194098,-0.01525925
3.24258098,-0.01525925
3.24322098,-0.01525925
3.24386098,-0.01525925
3.24450098,-0.01525925
3.24514098,-0.19104587
3.24578098,-0.19104587
3.24642098,-0.19104587
3.24706098,-0.19104587
3.24770098,-0.19104587
3.24834098,-0.19104587
3.24898098,-0.19104587
3.24962098,-0.19104587
3.25026098,-0.19104587
3.25090098,-0.19104587
3.25154098,-0.19104587
3.25218098,-0.19104587
3.25282098,-0.19104587
3.25346098,-0.19104587
3.25410098,-0.19104587
3.25474098,-0.19104587
3.25538098,-0.19104587
3.25602098,-0.19104587
3.25666098,-0.19104587
3.25730098,-0.19104587
3.25794098,-0.19104587
3.25858098,-0.19104587
3.25922098,-0.19104587
3.25986098,-0.19104587
3.26050098,-0.36744285
3.26114098,-0.36744285
3.26178098,-0.36744285
3.26242098,-0.19104587
3.26306098,-0.19104587
3.26370098,-0.36744285
3.26434098,-0.36744285
3.26498098,-0.36744285
3.26562098,-0.36744285
3.26626098,-0.19104587
3.26690098,-0.36744285
3.26754098,-0.36744285
3.26818098,-0.36744285
3.26882098,-0.36744285
3.26946098,-0.36744285
3.27010098,-0.36744285
3.27074098,-0.36744285
3.27138098,-0.36744285
3.27202098,-0.36744285
3.27266098,-0.36744285
3.27330098,-0.36744285
3.27394098,-0.36744285
3.27458098,-0.36744285
3.27522098,-0.36744285
3.27586098,-0.36744285
3.27650098,-0.36744285
3.27714098,-0.36744285
3.27778098,-0.36744285
3.27842098,-0.36744285
3.27906098,-0.36744285
3.27970098,-0.36744285
3.28034098,-0.36744285
3.28098098,-0.36744285
3.28162098,-0.36744285
3.28226098,-0.36744285
3.28290098,-0.36744285
3.28354098,-0.36744285
3.28418098,-0.36744285
3.28482098,-0.36744285
3.28546098,-0.36744285
3.28610098,-0.36744285
3.28674098,-0.36744285
3.28738098,-0.36744285
3.28802098,-0.36744285
3.28866098,-0.36744285
3.28930098,-0.36744285
3.28994098,-0.36744285
3.29058098,-0.36744285
3.29122098,-0.36744285
3.29186098,-0.36744285
3.29250098,-0.36744285
3.29314098,-0.36744285
3.29378098,-0.36744285
3.29442098,-0.36744285
3.29506098,-0.36744285
3.29570098,-0.36744285
3.29634098,-0.36744285
3.29698098,-0.36744285
3.29762098,-0.36744285
3.29826098,-0.36744285
3.29890098,-0.36744285
3.29954098,-0.36744285
3.30018098,-0.36744285
3.30082098,-0.36744285
3.30146098,-0.36744285
3.30210098,-0.36744285
3.30274098,-0.36744285
3.30338098,-0.19104587
3.30402098,-0.36744285
3.30466098,-0.36744285
3.30530098,-0.36744285
3.30594098,-0.36744285
3.30658098,-0.36744285
3.30722098,-0.19104587
3.30786098,-0.36744285
3.30850098,-0.36744285
3.30914098,-0.19104587
3.30978098,-0.19104587
3.31042098,-0.36744285
3.31106098,-0.19104587
3.31170098,-0.36744285
3.31234098,-0.19104587
3.31298098,-0.36744285
3.31362098,-0.19104587
3.31426098,-0.19104587
3.31490098,-0.19104587
3.31554098,-0.19104587
3.31618098,-0.19104587
3.31682098,-0.19104587
3.31746098,-0.19104587
3.31810098,-0.19104587
3.31874098,-0.19104587
3.31938098,-0.19104587
3.32002098,-0.19104587
3.32066098,-0.19104587
3.32130098,-0.19104587
3.32194098,-0.19104587
3.32258098,-0.19104587
3.32322098,-0.19104587
3.32386098,-0.19104587
3.32450098,-0.19104587
3.32514098,-0.19104587
3.32578098,-0.19104587
3.32642098,-0.19104587
3.32706098,-0.19104587
3.32770098,-0.19104587
3.32834098,-0.19104587
3.32898098,-0.19104587
3.32962098,-0.19104587
3.33026098,-0.19104587
3.33090098,-0.01525925
3.33154098,-0.19104587
3.33218098,-0.19104587
3.33282098,-0.19104587
3.33346098,-0.01525925
3.33410098,-0.01525925
3.33474098,-0.01525925
3.33538098,-0.19104587
3.33602098,-0.01525925
3.33666098,-0.01525925
3.33730098,-0.01525925
3.33794098,-0.01525925
3.33858098,-0.19104587
3.33922098,-0.01525925
3.33986098,-0.01525925
3.34050098,-0.01525925
3.34114098,-0.01525925
3.34178098,-0.01525925
3.34242098,-0.01525925
3.34306098,-0.01525925
3.34370098,-0.01525925
3.34434098,-0.01525925
3.34498098,-0.01525925
3.34562098,-0.01525925
3.34626098,-0.01525925
3.34690098,-0.01525925
3.34754098,0.16052736
3.34818098,-0.01525925
3.34882098,-0.01525925
3.34946098,-0.01525925
3.35010098,-0.01525925
3.35074098,-0.01525925
3.35138098,-0.01525925
3.35202098,-0.01525925
3.35266098,-0.01525925
3.35330098,0.16052736
3.35394098,-0.01525925
3.35458098,0.16052736
3.35522098,-0.01525925
3.35586098,-0.01525925
3.35650098,0.16052736
3.35714098,-0.01525925
3.35778098,0.16052736
3.35842098,0.16052736
3.35906098,0.16052736
3.35970098,-0.01525925
3.36034098,0.16052736
3.36098098,0.16052736
3.36162098,-0.01525925
3.36226098,0.16052736
3.36290098,0.16052736
3.36354098,0.16052736
3.36418098,0.16052736
3.36482098,0.16052736
3.36546098,0.16052736
3.36610098,0.16052736
3.36674098,0.16052736
3.36738098,0.16052736
3.36802098,0.16052736
3.36866098,0.16052736
3.36930098,0.16052736
3.36994098,0.16052736
3.37058098,0.16052736
3.37122098,0.16052736
3.37186098,-0.01525925
3.37250098,0.16052736
3.37314098,0.16052736
3.37378098,0.16052736
3.37442098,0.16052736
3.37506098,0.16052736
3.37570098,0.16052736
3.37634098,-0.01525925
3.37698098,0.16052736
3.37762098,0.16052736
3.37826098,0.16052736
3.37890098,0.16052736
3.37954098,0.16052736
3.38018098,0.16052736
3.38082098,0.16052736
3.38146098,-0.01525925
3.38210098,0.16052736
3.38274098,0.16052736
3.38338098,0.16052736
3.38402098,0.16052736
3.38466098,0.16052736
3.38530098,0.16052736
3.38594098,-0.01525925
3.38658098,0.16052736
3.38722098,0.16052736
3.38786098,0.16052736
3.38850098,0.16052736
3.38914098,0.16052736
3.38978098,0.16052736
3.39042098,0.16052736
3.39106098,-0.01525925
3.39170098,0.16052736
3.39234098,0.16052736
3.39298098,0.16052736
3.39362098,0.16052736
3.39426098,0.16052736
3.39490098,-0.01525925
3.39554098,-0.01525925
3.39618098,-0.01525925
3.39682098,0.16052736
3.39746098,-0.01525925
3.39810098,-0.01525925
3.39874098,-0.01525925
3.39938098,0.16052736
3.40002098,0.16052736
3.40066098,-0.01525925
3.40130098,-0.01525925
3.40194098,-0.01525925
3.40258098,-0.01525925
3.40322098,-0.01525925
3.40386098,-0.01525925
3.40450098,-0.01525925
3.40514098,-0.01525925
3.40578098,0.16052736
3.40642098,-0.01525925
3.40706098,0.16052736
3.40770098,-0.01525925
3.40834098,-0.01525925
3.40898098,-0.01525925
3.40962098,-0.01525925
3.41026098,-0.01525925
3.41090098,-0.01525925
3.41154098,-0.01525925
3.41218098,-0.01525925
3.41282098,-0.01525925
3.41346098,-0.01525925
3.41410098,-0.01525925
3.41474098,-0.01525925
3.41538098,-0.01525925
3.41602098,-0.01525925
3.41666098,-0.01525925
3.41730098,-0.01525925
3.41794098,-0.01525925
3.41858098,-0.01525925
3.41922098,-0.01525925
3.41986098,-0.01525925
3.42050098,-0.01525925
3.42114098,-0.01525925
3.42178098,-0.19104587
3.42242098,-0.01525925
3.42306098,-0.01525925
3.42370098,-0.01525925
3.42434098,-0.01525925
3.42498098,-0.01525925
3.42562098,-0.01525925
3.42626098,-0.01525925
3.42690098,-0.19104587
3.42754098,-0.01525925
3.42818098,-0.19104587
3.42882098,-0.01525925
3.42946098,-0.01525925
3.43010098,-0.01525925
3.43074098,-0.19104587
3.43138098,-0.01525925
3.43202098,-0.01525925
3.43266098,-0.01525925
3.43330098,-0.01525925
3.43394098,-0.19104587
3.43458098,-0.19104587
3.43522098,-0.19104587
3.43586098,-0.19104587
3.43650098,-0.01525925
3.43714098,-0.01525925
3.43778098,-0.19104587
3.43842098,-0.01525925
3.43906098,-0.01525925
3.43970098,-0.01525925
3.44034098,-0.01525925
3.44098098,-0.19104587
3.44162098,-0.19104587
3.44226098,-0.01525925
3.44290098,-0.19104587
3.44354098,-0.01525925
3.44418098,-0.19104587
3.44482098,-0.19104587
3.44546098,-0.01525925
3.44610098,-0.01525925
3.44674098,-0.01525925
3.44738098,-0.19104587
3.44802098,-0.19104587
3.44866098,-0.01525925
3.44930098,-0.01525925
3.44994098,-0.19104587
3.45058098,-0.01525925
3.45122098,-0.01525925
3.45186098,-0.01525925
3.45250098,-0.19104587
3.45314098,-0.19104587
3.45378098,-0.01525925
3.45442098,-0.01525925
3.45506098,-0.01525925
3.45570098,-0.19104587
3.45634098,-0.01525925
3.45698098,-0.01525925
3.45762098,-0.01525925
3.45826098,-0.01525925
3.45890098,-0.01525925
3.45954098,-0.01525925
3.46018098,-0.01525925
3.46082098,-0.01525925
3.46146098,-0.01525925
3.46210098,-0.01525925
3.46274098,-0.01525925
3.46338098,-0.01525925
3.46402098,-0.01525925
3.46466098,-0.01525925
3.46530098,-0.01525925
3.46594098,-0.01525925
3.46658098,-0.01525925
3.46722098,-0.01525925
3.46786098,-0.01525925
3.46850098,-0.01525925
3.46914098,-0.01525925
3.46978098,-0.01525925
3.47042098,-0.01525925
3.47106098,-0.01525925
3.47170098,-0.01525925
3.47234098,-0.01525925
3.47298098,-0.01525925
3.47362098,-0.01525925
3.47426098,-0.01525925
3.47490098,0.16052736
3.47554098,-0.01525925
3.47618098,-0.01525925
3.47682098,0.16052736
3.47746098,0.16052736
3.47810098,-0.01525925
3.47874098,0.16052736
3.47938098,0.16052736
3.48002098,-0.01525925
3.48066098,-0.01525925
3.48130098,-0.01525925
3.48194098,0.16052736
3.48258098,0.16052736
3.48322098,-0.01525925
3.48386098,0.16052736
3.48450098,-0.01525925
3.48514098,0.16052736
3.48578098,0.16052736
3.48642098,0.16052736
3.48706098,0.16052736
3.48770098,0.16052736
3.48834098,0.16052736
3.48898098,0.16052736
3.48962098,0.16052736
3.49026098,0.16052736
3.49090098,0.16052736
3.49154098,0.16052736
3.49218098,0.16052736
3.49282098,0.16052736
3.49346098,0.16052736
3.49410098,0.16052736
3.49474098,0.16052736
3.49538098,0.16052736
3.49602098,0.16052736
3.49666098,0.16052736
3.49730098,0.16052736
3.49794098,0.33692434
3.49858098,0.16052736
3.49922098,0.16052736
3.49986098,0.33692434
3.50050098,0.33692434
3.50114098,0.33692434
3.50178098,0.16052736
3.50242098,0.33692434
3.50306098,0.33692434
3.50370098,0.16052736
3.50434098,0.33692434
3.50498098,0.16052736
3.50562098,0.16052736
3.50626098,0.33692434
3.50690098,0.33692434
3.50754098,0.33692434
3.50818098,0.33692434
3.50882098,0.33692434
3.50946098,0.33692434
3.51010098,0.33692434
3.51074098,0.33692434
3.51138098,0.33692434
3.51202098,0.33692434
3.51266098,0.33692434
3.51330098,0.33692434
3.51394098,0.33692434
3.51458098,0.33692434
3.51522098,0.33692434
3.51586098,0.33692434
3.51650098,0.33692434
3.51714098,0.33692434
3.51778098,0.33692434
3.51842098,0.33692434
3.51906098,0.33692434
3.51970098,0.33692434
3.52034098,0.33692434
3.52098098,0.33692434
3.52162098,0.33692434
3.52226098,0.33692434
3.52290098,0.33692434
3.52354098,0.33692434
3.52418098,0.33692434
3.52482098,0.33692434
3.52546098,0.33692434
3.52610098,0.33692434
3.52674098,0.51332134
3.52738098,0.33692434
3.52802098,0.33692434
3.52866098,0.33692434
3.52930098,0.33692434
3.52994098,0.33692434
3.53058098,0.51332134
3.53122098,0.33692434
3.53186098,0.51332134
3.53250098,0.51332134
3.53314098,0.33692434
3.53378098,0.33692434
3.53442098,0.33692434
3.53506098,0.51332134
3.53570098,0.33692434
3.53634098,0.51332134
3.53698098,0.51332134
3.53762098,0.51332134
3.53826098,0.51332134
3.53890098,0.33692434
3.53954098,0.33692434
3.54018098,0.33692434
3.54082098,0.33692434
3.54146098,0.33692434
3.54210098,0.33692434
3.54274098,0.33692434
3.54338098,0.51332134
3.54402098,0.33692434
3.54466098,0.33692434
3.54530098,0.33692434
3.54594098,0.33692434
3.54658098,0.51332134
3.54722098,0.33692434
3.54786098,0.33692434
3.54850098,0.33692434
3.54914098,0.33692434
3.54978098,0.33692434
3.55042098,0.33692434
3.55106098,0.33692434
3.55170098,0.51332134
3.55234098,0.33692434
3.55298098,0.33692434
3.55362098,0.51332134
3.55426098,0.33692434
3.55490098,0.33692434
3.55554098,0.51332134
3.55618098,0.33692434
3.55682098,0.33692434
3.55746098,0.33692434
3.55810098,0.33692434
3.55874098,0.33692434
3.55938098,0.33692434
3.56002098,0.33692434
3.56066098,0.33692434
3.56130098,0.33692434
3.56194098,0.33692434
3.56258098,0.33692434
3.56322098,0.33692434
3.56386098,0.33692434
3.56450098,0.33692434
3.56514098,0.33692434
3.56578098,0.33692434
3.56642098,0.33692434
3.56706098,0.33692434
3.56770098,0.33692434
3.56834098,0.33692434
3.56898098,0.33692434
3.56962098,0.33692434
3.57026098,0.33692434
3.57090098,0.33692434
3.57154098,0.33692434
3.57218098,0.33692434
3.57282098,0.33692434
3.57346098,0.33692434
3.57410098,0.33692434
3.57474098,0.33692434
3.57538098,0.16052736
3.57602098,0.33692434
3.57666098,0.16052736
3.57730098,0.16052736
3.57794098,0.16052736
3.57858098,0.33692434
3.57922098,0.16052736
3.57986098,0.16052736
3.58050098,0.16052736
3.58114098,0.16052736
3.58178098,0.16052736
3.58242098,0.16052736
3.58306098,0.16052736
3.58370098,0.16052736
3.58434098,0.16052736
3.58498098,0.16052736
3.58562098,0.16052736
3.58626098,0.16052736
3.58690098,0.16052736
3.58754098,0.16052736
3.58818098,-0.01525925
3.58882098,0.16052736
3.58946098,0.16052736
3.59010098,-0.01525925
3.59074098,-0.01525925
3.59138098,-0.01525925
3.59202098,-0.01525925
3.59266098,-0.01525925
3.59330098,-0.01525925
3.59394098,-0.19104587
3.59458098,-0.01525925
3.59522098,-0.01525925
3.59586098,-0.19104587
3.59650098,-0.01525925
3.59714098,-0.19104587
3.59778098,-0.19104587
3.59842098,-0.19104587
3.59906098,-0.19104587
3.59970098,-0.19104587
3.60034098,-0.19104587
3.60098098,-0.19104587
3.60162098,-0.19104587
3.60226098,-0.19104587
3.60290098,-0.19104587
3.60354098,-0.19104587
3.60418098,-0.19104587
3.60482098,-0.19104587
3.60546098,-0.19104587
3.60610098,-0.19104587
3.60674098,-0.19104587
3.60738098,-0.36744285
3.60802098,-0.36744285
3.60866098,-0.36744285
3.60930098,-0.36744285
3.60994098,-0.19104587
3.61058098,-0.36744285
3.61122098,-0.36744285
3.61186098,-0.36744285
3.61250098,-0.36744285
3.61314098,-0.36744285
3.61378098,-0.36744285
3.61442098,-0.36744285
3.61506098,-0.36744285
3.61570098,-0.36744285
3.61634098,-0.36744285
3.61698098,-0.36744285
3.61762098,-0.36744285
3.61826098,-0.36744285
3.61890098,-0.36744285
3.61954098,-0.36744285
3.62018098,-0.36744285
3.62082098,-0.36744285
3.62146098,-0.36744285
3.62210098,-0.36744285
3.62274098,-0.54383981
3.62338098,-0.54383981
3.62402098,-0.36744285
3.62466098,-0.54383981
3.62530098,-0.54383981
3.62594098,-0.54383981
3.62658098,-0.54383981
3.62722098,-0.54383981
3.62786098,-0.36744285
3.62850098,-0.54383981
3.62914098,-0.54383981
3.62978098,-0.54383981
3.63042098,-0.54383981
3.63106098,-0.54383981
3.63170098,-0.54383981
3.63234098,-0.54383981
3.63298098,-0.54383981
3.63362098,-0.54383981
3.63426098,-0.72023684
3.63490098,-0.54383981
3.63554098,-0.72023684
3.63618098,-0.54383981
3.63682098,-0.54383981
3.63746098,-0.72023684
3.63810098,-0.54383981
3.63874098,-0.54383981
3.63938098,-0.54383981
3.64002098,-0.54383981
3.64066098,-0.54383981
3.64130098,-0.54383981
3.64194098,-0.54383981
3.64258098,-0.54383981
3.64322098,-0.54383981
3.64386098,-0.54383981
3.64450098,-0.72023684
3.64514098,-0.54383981
3.64578098,-0.72023684
3.64642098,-0.72023684
3.64706098,-0.72023684
3.64770098,-0.54383981
3.64834098,-0.54383981
3.64898098,-0.54383981
3.64962098,-0.72023684
3.65026098,-0.72023684
3.65090098,-0.72023684
3.65154098,-0.54383981
3.65218098,-0.54383981
3.65282098,-0.54383981
3.65346098,-0.54383981
3.65410098,-0.72023684
3.65474098,-0.72023684
3.65538098,-0.54383981
3.65602098,-0.72023684
3.65666098,-0.72023684
3.65730098,-0.54383981
3.65794098,-0.72023684
3.65858098,-0.54383981
3.65922098,-0.72023684
3.65986098,-0.54383981
3.66050098,-0.54383981
3.66114098,-0.54383981
3.66178098,-0.72023684
3.66242098,-0.54383981
3.66306098,-0.54383981
3.66370098,-0.54383981
3.66434098,-0.54383981
3.66498098,-0.54383981
3.66562098,-0.54383981
3.66626098,-0.54383981
3.66690098,-0.54383981
3.66754098,-0.54383981
3.66818098,-0.54383981
3.66882098,-0.54383981
3.66946098,-0.54383981
3.67010098,-0.54383981
3.67074098,-0.54383981
3.67138098,-0.54383981
3.67202098,-0.54383981
3.67266098,-0.54383981
3.67330098,-0.54383981
3.67394098,-0.54383981
3.67458098,-0.36744285
3.67522098,-0.54383981
3.67586098,-0.36744285
3.67650098,-0.36744285
3.67714098,-0.36744285
3.67778098,-0.36744285
3.67842098,-0.36744285
3.67906098,-0.36744285
3.67970098,-0.36744285
3.68034098,-0.36744285
3.68098098,-0.36744285
3.68162098,-0.36744285
3.68226098,-0.36744285
3.68290098,-0.36744285
3.68354098,-0.36744285
3.68418098,-0.36744285
3.68482098,-0.36744285
3.68546098,-0.36744285
3.68610098,-0.36744285
3.68674098,-0.36744285
3.68738098,-0.36744285
3.68802098,-0.36744285
3.68866098,-0.36744285
3.68930098,-0.36744285
3.68994098,-0.19104587
3.69058098,-0.19104587
3.69122098,-0.19104587
3.69186098,-0.19104587
3.69250098,-0.19104587
3.69314098,-0.19104587
3.69378098,-0.19104587
3.69442098,-0.19104587
3.69506098,-0.19104587
3.69570098,-0.19104587
3.69634098,-0.19104587
3.69698098,-0.19104587
3.69762098,-0.19104587
3.69826098,-0.19104587
3.69890098,-0.19104587
3.69954098,-0.19104587
3.70018098,-0.01525925
3.70082098,-0.01525925
3.70146098,-0.01525925
3.70210098,-0.01525925
3.70274098,-0.01525925
3.70338098,-0.01525925
3.70402098,-0.01525925
3.70466098,-0.01525925
3.70530098,0.16052736
3.70594098,0.16052736
3.70658098,0.16052736
3.70722098,0.16052736
3.70786098,0.16052736
3.70850098,0.16052736
3.70914098,0.16052736
3.70978098,0.16052736
3.71042098,0.16052736
3.71106098,0.16052736
3.71170098,0.16052736
3.71234098,0.16052736
3.71298098,0.16052736
3.71362098,0.33692434
3.71426098,0.16052736
3.71490098,0.33692434
3.71554098,0.16052736
3.71618098,0.33692434
3.71682098,0.33692434
3.71746098,0.33692434
3.71810098,0.33692434
3.71874098,0.33692434
3.71938098,0.33692434
3.72002098,0.33692434
3.72066098,0.33692434
3.72130098,0.33692434
3.72194098,0.51332134
3.72258098,0.51332134
3.72322098,0.51332134
3.72386098,0.33692434
3.72450098,0.33692434
3.72514098,0.51332134
3.72578098,0.51332134
3.72642098,0.51332134
3.72706098,0.51332134
3.72770098,0.51332134
3.72834098,0.51332134
3.72898098,0.51332134
3.72962098,0.51332134
3.73026098,0.51332134
3.73090098,0.51332134
3.73154098,0.51332134
3.73218098,0.51332134
3.73282098,0.51332134
3.73346098,0.51332134
3.73410098,0.51332134
3.73474098,0.51332134
3.73538098,0.68971831
3.73602098,0.68971831
3.73666098,0.68971831
3.73730098,0.68971831
3.73794098,0.51332134
3.73858098,0.68971831
3.73922098,0.68971831
3.73986098,0.68971831
3.74050098,0.68971831
3.74114098,0.68971831
3.74178098,0.68971831
3.74242098,0.68971831
3.74306098,0.86550492
3.74370098,0.86550492
3.74434098,0.86550492
3.74498098,0.86550492
3.74562098,0.86550492
3.74626098,0.86550492
3.74690098,0.86550492
3.74754098,0.86550492
3.74818098,0.86550492
3.74882098,0.86550492
3.74946098,0.86550492
3.75010098,0.86550492
3.75074098,0.86550492
3.75138098,0.86550492
3.75202098,0.86550492
3.75266098,0.86550492
3.75330098,0.86550492
3.75394098,0.86550492
3.75458098,0.86550492
3.75522098,0.86550492
3.75586098,0.86550492
3.75650098,0.86550492
3.75714098,0.86550492
3.75778098,0.86550492
3.75842098,0.86550492
3.75906098,0.86550492
3.75970098,0.86550492
3.76034098,0.86550492
3.76098098,0.86550492
3.76162098,0.86550492
3.76226098,0.86550492
3.76290098,0.86550492
3.76354098,0.86550492
3.76418098,0.86550492
3.76482098,0.86550492
3.76546098,0.86550492
3.76610098,0.86550492
3.76674098,0.86550492
3.76738098,0.86550492
3.76802098,0.86550492
3.76866098,0.86550492
3.76930098,0.86550492
3.76994098,0.86550492
3.77058098,0.86550492
3.77122098,0.86550492
3.77186098,0.86550492
3.77250098,0.86550492
3.77314098,0.86550492
3.77378098,0.86550492
3.77442098,0.86550492
3.77506098,0.86550492
3.77570098,0.86550492
3.77634098,0.86550492
3.77698098,0.86550492
3.77762098,0.86550492
3.77826098,0.86550492
3.77890098,0.86550492
3.77954098,0.86550492
3.78018098,0.86550492
3.78082098,0.86550492
3.78146098,0.68971831
3.78210098,0.68971831
3.78274098,0.86550492
3.78338098,0.68971831
3.78402098,0.86550492
3.78466098,0.68971831
3.78530098,0.68971831
3.78594098,0.68971831
3.78658098,0.86550492
3.78722098,0.68971831
3.78786098,0.68971831
3.78850098,0.68971831
3.78914098,0.68971831
3.78978098,0.68971831
3.79042098,0.68971831
3.79106098,0.68971831
3.79170098,0.68971831
3.79234098,0.68971831
3.79298098,0.68971831
3.79362098,0.68971831
3.79426098,0.51332134
3.79490098,0.68971831
3.79554098,0.51332134
3.79618098,0.51332134
3.79682098,0.51332134
3.79746098,0.51332134
3.79810098,0.51332134
3.79874098,0.51332134
3.79938098,0.51332134
3.80002098,0.51332134
3.80066098,0.51332134
3.80130098,0.33692434
3.80194098,0.33692434
3.80258098,0.33692434
3.80322098,0.33692434
3.80386098,0.51332134
3.80450098,0.33692434
3.80514098,0.33692434
3.80578098,0.33692434
3.80642098,0.33692434
3.80706098,0.33692434
3.80770098,0.33692434
3.80834098,0.33692434
3.80898098,0.33692434
3.80962098,0.33692434
3.81026098,0.33692434
3.81090098,0.33692434
3.81154098,0.16052736
3.81218098,0.16052736
3.81282098,0.16052736
3.81346098,0.16052736
3.81410098,0.16052736
3.81474098,0.16052736
3.81538098,0.16052736
3.81602098,0.16052736
3.81666098,0.16052736
3.81730098,-0.01525925
3.81794098,0.16052736
3.81858098,-0.01525925
3.81922098,0.16052736
3.81986098,-0.01525925
3.82050098,-0.01525925
3.82114098,-0.01525925
3.82178098,-0.01525925
3.82242098,-0.01525925
3.82306098,-0.01525925
3.82370098,-0.01525925
3.82434098,-0.01525925
3.82498098,-0.19104587
3.82562098,-0.19104587
3.82626098,-0.19104587
3.82690098,-0.19104587
3.82754098,-0.19104587
3.82818098,-0.19104587
3.82882098,-0.19104587
3.82946098,-0.19104587
3.83010098,-0.19104587
3.83074098,-0.36744285
3.83138098,-0.36744285
3.83202098,-0.19104587
3.83266098,-0.36744285
3.83330098,-0.36744285
3.83394098,-0.36744285
3.83458098,-0.36744285
3.83522098,-0.36744285
3.83586098,-0.36744285
3.83650098,-0.36744285
3.83714098,-0.36744285
3.83778098,-0.36744285
3.83842098,-0.36744285
3.83906098,-0.54383981
3.83970098,-0.36744285
3.84034098,-0.36744285
3.84098098,-0.54383981
3.84162098,-0.54383981
3.84226098,-0.36744285
3.84290098,-0.54383981
3.84354098,-0.54383981
3.84418098,-0.54383981
3.84482098,-0.54383981
3.84546098,-0.54383981
3.84610098,-0.54383981
3.84674098,-0.54383981
3.84738098,-0.54383981
3.84802098,-0.54383981
3.84866098,-0.54383981
3.84930098,-0.72023684
3.84994098,-0.54383981
3.85058098,-0.72023684
3.85122098,-0.72023684
3.85186098,-0.72023684
3.85250098,-0.72023684
3.85314098,-0.72023684
3.85378098,-0.72023684
3.85442098,-0.72023684
3.85506098,-0.89602345
3.85570098,-0.72023684
3.85634098,-0.72023684
3.85698098,-0.72023684
3.85762098,-0.89602345
3.85826098,-0.89602345
3.85890098,-0.89602345
3.85954098,-0.89602345
3.86018098,-0.89602345
3.86082098,-0.89602345
3.86146098,-0.89602345
3.86210098,-0.89602345
3.86274098,-0.89602345
3.86338098,-0.89602345
3.86402098,-0.89602345
3.86466098,-0.89602345
3.86530098,-0.89602345
3.86594098,-0.89602345
3.86658098,-0.89602345
3.86722098,-0.89602345
3.86786098,-0.89602345
3.86850098,-0.89602345
3.86914098,-0.89602345
3.86978098,-0.89602345
3.87042098,-0.89602345
3.87106098,-0.89602345
3.87170098,-0.89602345
3.87234098,-0.89602345
3.87298098,-0.89602345
3.87362098,-0.89602345
3.87426098,-0.89602345
3.87490098,-0.89602345
3.87554098,-0.89602345
3.87618098,-1.07242048
3.87682098,-0.89602345
3.87746098,-0.89602345
3.87810098,-0.89602345
3.87874098,-0.89602345
3.87938098,-1.07242048
3.88002098,-0.89602345
3.88066098,-0.89602345
3.88130098,-0.89602345
3.88194098,-1.07242048
3.88258098,-0.89602345
3.88322098,-1.07242048
3.88386098,-0.89602345
3.88450098,-1.07242048
3.88514098,-0.89602345
3.88578098,-0.89602345
3.88642098,-0.89602345
3.88706098,-0.89602345
3.88770098,-0.89602345
3.88834098,-0.89602345
3.88898098,-0.89602345
3.88962098,-0.89602345
3.89026098,-0.89602345
3.89090098,-0.89602345
3.89154098,-0.89602345
3.89218098,-0.89602345
3.89282098,-0.89602345
3.89346098,-0.89602345
3.89410098,-0.89602345
3.89474098,-0.89602345
3.89538098,-0.89602345
3.89602098,-0.89602345
3.89666098,-0.89602345
3.89730098,-0.89602345
3.89794098,-0.89602345
3.89858098,-0.89602345
3.89922098,-0.89602345
3.89986098,-0.72023684
3.90050098,-0.89602345
3.90114098,-0.89602345
3.90178098,-0.72023684
3.90242098,-0.72023684
3.90306098,-0.72023684
3.90370098,-0.72023684
3.90434098,-0.72023684
3.90498098,-0.72023684
3.90562098,-0.72023684
3.90626098,-0.72023684
3.90690098,-0.72023684
3.90754098,-0.72023684
3.90818098,-0.54383981
3.90882098,-0.54383981
3.90946098,-0.54383981
3.91010098,-0.54383981
3.91074098,-0.54383981
3.91138098,-0.54383981
3.91202098,-0.54383981
3.91266098,-0.54383981
3.91330098,-0.54383981
3.91394098,-0.54383981
3.91458098,-0.54383981
3.91522098,-0.54383981
3.91586098,-0.36744285
3.91650098,-0.36744285
3.91714098,-0.36744285
3.91778098,-0.36744285
3.91842098,-0.36744285
3.91906098,-0.36744285
3.91970098,-0.36744285
3.92034098,-0.36744285
3.92098098,-0.36744285
3.92162098,-0.36744285
3.92226098,-0.36744285
3.92290098,-0.36744285
3.92354098,-0.19104587
3.92418098,-0.36744285
3.92482098,-0.19104587
3.92546098,-0.19104587
3.92610098,-0.19104587
3.92674098,-0.19104587
3.92738098,-0.19104587
3.92802098,-0.19104587
3.92866098,-0.19104587
3.92930098,-0.19104587
3.92994098,-0.19104587
3.93058098,-0.19104587
3.93122098,-0.19104587
3.93186098,-0.01525925
3.93250098,-0.19104587
3.93314098,-0.01525925
3.93378098,-0.01525925
3.93442098,-0.01525925
3.93506098,-0.01525925
3.93570098,-0.01525925
3.93634098,-0.01525925
3.93698098,0.16052736
3.93762098,0.16052736
3.93826098,0.16052736
3.93890098,0.16052736
3.93954098,0.16052736
3.94018098,0.16052736
3.94082098,0.16052736
3.94146098,0.16052736
3.94210098,0.16052736
3.94274098,0.16052736
3.94338098,0.16052736
3.94402098,0.33692434
3.94466098,0.33692434
3.94530098,0.33692434
3.94594098,0.33692434
3.94658098,0.33692434
3.94722098,0.33692434
3.94786098,0.33692434
3.94850098,0.33692434
3.94914098,0.33692434
3.94978098,0.33692434
3.95042098,0.33692434
3.95106098,0.33692434
3.95170098,0.51332134
3.95234098,0.33692434
3.95298098,0.51332134
3.95362098,0.51332134
3.95426098,0.51332134
3.95490098,0.51332134
3.95554098,0.51332134
3.95618098,0.51332134
3.95682098,0.51332134
3.95746098,0.51332134
3.95810098,0.51332134
3.95874098,0.51332134
3.95938098,0.51332134
3.96002098,0.68971831
3.96066098,0.68971831
3.96130098,0.68971831
3.96194098,0.68971831
3.96258098,0.68971831
3.96322098,0.68971831
3.96386098,0.68971831
3.96450098,0.68971831
3.96514098,0.68971831
3.96578098,0.86550492
3.96642098,0.68971831
3.96706098,0.68971831
3.96770098,0.68971831
3.96834098,0.68971831
3.96898098,0.68971831
3.96962098,0.86550492
3.97026098,0.86550492
3.97090098,0.86550492
3.97154098,0.86550492
3.97218098,0.86550492
3.97282098,0.86550492
3.97346098,0.86550492
3.97410098,0.86550492
3.97474098,0.86550492
3.97538098,0.86550492
3.97602098,0.86550492
3.97666098,0.86550492
3.97730098,0.86550492
3.97794098,0.86550492
3.97858098,1.04190195
3.97922098,0.86550492
3.97986098,1.04190195
3.98050098,0.86550492
3.98114098,0.86550492
3.98178098,0.86550492
3.98242098,0.86550492
3.98306098,1.04190195
3.98370098,1.04190195
3.98434098,1.04190195
3.98498098,1.04190195
3.98562098,1.04190195
3.98626098,1.04190195
3.98690098,1.04190195
3.98754098,1.04190195
3.98818098,1.04190195
3.98882098,0.86550492
3.98946098,1.04190195
3.99010098,1.04190195
3.99074098,1.04190195
3.99138098,1.04190195
3.99202098,1.04190195
3.99266098,1.04190195
3.99330098,1.04190195
3.99394098,1.04190195
3.99458098,1.04190195
3.99522098,1.04190195
3.99586098,1.04190195
3.99650098,1.04190195
3.99714098,1.04190195
3.99778098,1.04190195
3.99842098,1.04190195
3.99906098,1.04190195
3.99970098,1.04190195
4.00034098,1.04190195
4.00098098,1.04190195
4.00162098,1.04190195
4.00226098,0.86550492
4.00290098,0.86550492
4.00354098,0.86550492
4.00418098,0.86550492
4.00482098,0.86550492
4.00546098,0.86550492
4.00610098,0.86550492
4.00674098,0.86550492
4.00738098,1.04190195
4.00802098,0.86550492
4.00866098,0.86550492
4.00930098,0.86550492
4.00994098,0.86550492
4.01058098,0.86550492
4.01122098,1.04190195
4.01186098,0.86550492
4.01250098,0.86550492
4.01314098,0.86550492
4.01378098,0.86550492
4.01442098,0.86550492
4.01506098,0.86550492
4.01570098,0.86550492
4.01634098,0.68971831
4.01698098,0.86550492
4.01762098,0.86550492
4.01826098,0.68971831
4.01890098,0.68971831
4.01954098,0.86550492
4.02018098,0.68971831
4.02082098,0.68971831
4.02146098,0.86550492
4.02210098,0.68971831
4.02274098,0.68971831
4.02338098,0.68971831
4.02402098,0.51332134
4.02466098,0.68971831
4.02530098,0.68971831
4.02594098,0.51332134
4.02658098,0.51332134
4.02722098,0.51332134
4.02786098,0.68971831
4.02850098,0.51332134
4.02914098,0.51332134
4.02978098,0.51332134
4.03042098,0.51332134
4.03106098,0.51332134
4.03170098,0.51332134
4.03234098,0.51332134
4.03298098,0.51332134
4.03362098,0.51332134
4.03426098,0.51332134
4.03490098,0.33692434
4.03554098,0.51332134
4.03618098,0.33692434
4.03682098,0.33692434
4.03746098,0.33692434
4.03810098,0.33692434
4.03874098,0.33692434
4.03938098,0.33692434
4.04002098,0.33692434
4.04066098,0.33692434
4.04130098,0.33692434
4.04194098,0.33692434
4.04258098,0.33692434
4.04322098,0.33692434
4.04386098,0.33692434
4.04450098,0.16052736
4.04514098,0.16052736
4.04578098,0.33692434
4.04642098,0.16052736
4.04706098,0.16052736
4.04770098,0.16052736
4.04834098,0.16052736
4.04898098,0.16052736
4.04962098,0.16052736
4.05026098,0.16052736
4.05090098,-0.01525925
4.05154098,-0.01525925
4.05218098,-0.01525925
4.05282098,-0.01525925
4.05346098,-0.01525925
4.05410098,-0.19104587
4.05474098,-0.19104587
4.05538098,-0.01525925
4.05602098,-0.19104587
4.05666098,-0.01525925
4.05730098,-0.19104587
4.05794098,-0.19104587
4.05858098,-0.19104587
4.05922098,-0.19104587
4.05986098,-0.19104587
4.06050098,-0.19104587
4.06114098,-0.19104587
4.06178098,-0.36744285
4.06242098,-0.36744285
4.06306098,-0.36744285
4.06370098,-0.19104587
4.06434098,-0.36744285
4.06498098,-0.36744285
4.06562098,-0.36744285
4.06626098,-0.36744285
4.06690098,-0.36744285
4.06754098,-0.36744285
4.06818098,-0.36744285
4.06882098,-0.36744285
4.06946098,-0.36744285
4.07010098,-0.36744285
4.07074098,-0.36744285
4.07138098,-0.54383981
4.07202098,-0.36744285
4.07266098,-0.36744285
4.07330098,-0.36744285
4.07394098,-0.54383981
4.07458098,-0.54383981
4.07522098,-0.54383981
4.07586098,-0.54383981
4.07650098,-0.54383981
4.07714098,-0.54383981
4.07778098,-0.54383981
4.07842098,-0.54383981
4.07906098,-0.54383981
4.07970098,-0.54383981
4.08034098,-0.54383981
4.08098098,-0.54383981
4.08162098,-0.54383981
4.08226098,-0.72023684
4.08290098,-0.72023684
4.08354098,-0.54383981
4.08418098,-0.72023684
4.08482098,-0.72023684
4.08546098,-0.72023684
4.08610098,-0.72023684
4.08674098,-0.72023684
4.08738098,-0.72023684
4.08802098,-0.72023684
4.08866098,-0.72023684
4.08930098,-0.89602345
4.08994098,-0.72023684
4.09058098,-0.72023684
4.09122098,-0.89602345
4.09186098,-0.72023684
4.09250098,-0.89602345
4.09314098,-0.89602345
4.09378098,-0.72023684
4.09442098,-0.89602345
4.09506098,-0.72023684
4.09570098,-0.89602345
4.09634098,-0.89602345
4.09698098,-0.89602345
4.09762098,-0.89602345
4.09826098,-0.89602345
4.09890098,-0.89602345
4.09954098,-0.89602345
4.10018098,-0.89602345
4.10082098,-0.89602345
4.10146098,-0.89602345
4.10210098,-0.89602345
4.10274098,-0.89602345
4.10338098,-0.89602345
4.10402098,-0.89602345
4.10466098,-0.89602345
4.10530098,-0.89602345
4.10594098,-0.89602345
4.10658098,-0.89602345
4.10722098,-0.89602345
4.10786098,-0.89602345
4.10850098,-0.89602345
4.10914098,-0.89602345
4.10978097,-0.89602345
4.11042097,-0.89602345
4.11106097,-0.72023684
4.11170097,-0.89602345
4.11234097,-0.89602345
4.11298097,-0.89602345
4.11362097,-0.89602345
4.11426097,-0.89602345
4.11490097,-0.89602345
4.11554097,-0.89602345
4.11618097,-0.89602345
4.11682097,-0.89602345
4.11746097,-0.89602345
4.11810097,-0.89602345
4.11874097,-0.89602345
4.11938097,-0.89602345
4.12002097,-0.89602345
4.12066097,-0.89602345
4.12130097,-0.72023684
4.12194097,-0.72023684
4.12258097,-0.72023684
4.12322097,-0.89602345
4.12386097,-0.89602345
4.12450097,-0.72023684
4.12514097,-0.89602345
4.12578097,-0.72023684
4.12642097,-0.72023684
4.12706097,-0.72023684
4.12770097,-0.72023684
4.12834097,-0.72023684
4.12898097,-0.72023684
4.12962097,-0.72023684
4.13026097,-0.54383981
4.13090097,-0.72023684
4.13154097,-0.54383981
4.13218097,-0.72023684
4.13282097,-0.72023684
4.13346097,-0.54383981
4.13410097,-0.54383981
4.13474097,-0.54383981
4.13538097,-0.54383981
4.13602097,-0.54383981
4.13666097,-0.54383981
4.13730097,-0.54383981
4.13794097,-0.54383981
4.13858097,-0.54383981
4.13922097,-0.54383981
4.13986097,-0.54383981
4.14050097,-0.54383981
4.14114097,-0.54383981
4.14178097,-0.54383981
4.14242097,-0.54383981
4.14306097,-0.54383981
4.14370097,-0.54383981
4.14434097,-0.54383981
4.14498097,-0.36744285
4.14562097,-0.36744285
4.14626097,-0.36744285
4.14690097,-0.36744285
4.14754097,-0.36744285
4.14818097,-0.36744285
4.14882097,-0.36744285
4.14946097,-0.36744285
4.15010097,-0.36744285
4.15074097,-0.36744285
4.15138097,-0.36744285
4.15202097,-0.36744285
4.15266097,-0.36744285
4.15330097,-0.36744285
4.15394097,-0.19104587
4.15458097,-0.19104587
4.15522097,-0.19104587
4.15586097,-0.19104587
4.15650097,-0.19104587
4.15714097,-0.19104587
4.15778097,-0.19104587
4.15842097,-0.19104587
4.15906097,-0.19104587
4.15970097,-0.19104587
4.16034097,-0.19104587
4.16098097,-0.19104587
4.16162097,-0.01525925
4.16226097,-0.01525925
4.16290097,-0.01525925
4.16354097,-0.01525925
4.16418097,-0.01525925
4.16482097,-0.01525925
4.16546097,-0.01525925
4.16610097,-0.01525925
4.16674097,-0.01525925
4.16738097,-0.01525925
4.16802097,-0.01525925
4.16866097,0.16052736
4.16930097,-0.01525925
4.16994097,0.16052736
4.17058097,0.16052736
4.17122097,0.16052736
4.17186097,0.16052736
4.17250097,0.16052736
4.17314097,0.16052736
4.17378097,0.16052736
4.17442097,0.16052736
4.17506097,0.16052736
4.17570097,0.16052736
4.17634097,0.33692434
4.17698097,0.33692434
4.17762097,0.33692434
4.17826097,0.33692434
4.17890097,0.33692434
4.17954097,0.33692434
4.18018097,0.33692434
4.18082097,0.33692434
4.18146097,0.33692434
4.18210097,0.33692434
4.18274097,0.33692434
4.18338097,0.33692434
4.18402097,0.33692434
4.18466097,0.33692434
4.18530097,0.33692434
4.18594097,0.33692434
4.18658097,0.33692434
4.18722097,0.33692434
4.18786097,0.51332134
4.18850097,0.51332134
4.18914097,0.51332134
4.18978097,0.51332134
4.19042097,0.51332134
4.19106097,0.51332134
4.19170097,0.51332134
4.19234097,0.51332134
4.19298097,0.51332134
4.19362097,0.51332134
4.19426097,0.51332134
4.19490097,0.51332134
4.19554097,0.51332134
4.19618097,0.51332134
4.19682097,0.51332134
4.19746097,0.51332134
4.19810097,0.68971831
4.19874097,0.51332134
4.19938097,0.68971831
4.20002097,0.68971831
4.20066097,0.68971831
4.20130097,0.68971831
4.20194097,0.51332134
4.20258097,0.68971831
4.20322097,0.68971831
4.20386097,0.68971831
4.20450097,0.68971831
4.20514097,0.68971831
4.20578097,0.68971831
4.20642097,0.68971831
4.20706097,0.68971831
4.20770097,0.68971831
4.20834097,0.68971831
4.20898097,0.68971831
4.20962097,0.68971831
4.21026097,0.86550492
4.21090097,0.68971831
4.21154097,0.68971831
4.21218097,0.68971831
4.21282097,0.68971831
4.21346097,0.68971831
4.21410097,0.68971831
4.21474097,0.86550492
4.21538097,0.68971831
4.21602097,0.86550492
4.21666097,0.86550492
4.21730097,0.86550492
4.21794097,0.68971831
4.21858097,0.68971831
4.21922097,0.68971831
4.21986097,0.68971831
4.22050097,0.68971831
4.22114097,0.68971831
4.22178097,0.68971831
4.22242097,0.68971831
4.22306097,0.68971831
4.22370097,0.68971831
4.22434097,0.68971831
4.22498097,0.68971831
4.22562097,0.68971831
4.22626097,0.86550492
4.22690097,0.68971831
4.22754097,0.68971831
4.22818097,0.86550492
4.22882097,0.86550492
4.22946097,0.68971831
4.23010097,0.68971831
4.23074097,0.68971831
4.23138097,0.68971831
4.23202097,0.68971831
4.23266097,0.68971831
4.23330097,0.68971831
4.23394097,0.68971831
4.23458097,0.68971831
4.23522097,0.68971831
4.23586097,0.68971831
4.23650097,0.68971831
4.23714097,0.68971831
4.23778097,0.68971831
4.23842097,0.68971831
4.23906097,0.68971831
4.23970097,0.68971831
4.24034097,0.68971831
4.24098097,0.68971831
4.24162097,0.68971831
4.24226097,0.68971831
4.24290097,0.51332134
4.24354097,0.51332134
4.24418097,0.51332134
4.24482097,0.68971831
4.24546097,0.68971831
4.24610097,0.68971831
4.24674097,0.68971831
4.24738097,0.51332134
4.24802097,0.51332134
4.24866097,0.51332134
4.24930097,0.51332134
4.24994097,0.51332134
4.25058097,0.51332134
4.25122097,0.51332134
4.25186097,0.51332134
4.25250097,0.51332134
4.25314097,0.51332134
4.25378097,0.51332134
4.25442097,0.51332134
4.25506097,0.51332134
4.25570097,0.51332134
4.25634097,0.51332134
4.25698097,0.51332134
4.25762097,0.51332134
4.25826097,0.33692434
4.25890097,0.51332134
4.25954097,0.51332134
4.26018097,0.51332134
4.26082097,0.33692434
4.26146097,0.51332134
4.26210097,0.33692434
4.26274097,0.33692434
4.26338097,0.33692434
4.26402097,0.33692434
4.26466097,0.33692434
4.26530097,0.33692434
4.26594097,0.33692434
4.26658097,0.33692434
4.26722097,0.33692434
4.26786097,0.33692434
4.26850097,0.33692434
4.26914097,0.33692434
4.26978097,0.33692434
4.27042097,0.33692434
4.27106097,0.16052736
4.27170097,0.33692434
4.27234097,0.16052736
4.27298097,0.33692434
4.27362097,0.16052736
4.27426097,0.16052736
4.27490097,0.16052736
4.27554097,0.16052736
4.27618097,0.16052736
4.27682097,0.16052736
4.27746097,0.16052736
4.27810097,0.16052736
4.27874097,0.16052736
4.27938097,0.16052736
4.28002097,0.16052736
4.28066097,0.16052736
4.28130097,0.16052736
4.28194097,-0.01525925
4.28258097,-0.01525925
4.28322097,-0.01525925
4.28386097,-0.01525925
4.28450097,-0.01525925
4.28514097,-0.01525925
4.28578097,-0.01525925
4.28642097,-0.01525925
4.28706097,-0.01525925
4.28770097,-0.01525925
4.28834097,-0.01525925
4.28898097,-0.01525925
4.28962097,-0.19104587
4.29026097,-0.19104587
4.29090097,-0.19104587
4.29154097,-0.19104587
4.29218097,-0.19104587
4.29282097,-0.19104587
4.29346097,-0.19104587
4.29410097,-0.19104587
4.29474097,-0.19104587
4.29538097,-0.19104587
4.29602097,-0.19104587
4.29666097,-0.19104587
4.29730097,-0.19104587
4.29794097,-0.19104587
4.29858097,-0.19104587
4.29922097,-0.19104587
4.29986097,-0.19104587
4.30050097,-0.19104587
4.30114097,-0.36744285
4.30178097,-0.19104587
4.30242097,-0.19104587
4.30306097,-0.19104587
4.30370097,-0.36744285
4.30434097,-0.36744285
4.30498097,-0.19104587
4.30562097,-0.36744285
4.30626097,-0.36744285
4.30690097,-0.36744285
4.30754097,-0.36744285
4.30818097,-0.36744285
4.30882097,-0.36744285
4.30946097,-0.36744285
4.31010097,-0.36744285
4.31074097,-0.36744285
4.31138097,-0.36744285
4.31202097,-0.36744285
4.31266097,-0.36744285
4.31330097,-0.36744285
4.31394097,-0.36744285
4.31458097,-0.36744285
4.31522097,-0.36744285
4.31586097,-0.36744285
4.31650097,-0.36744285
4.31714097,-0.36744285
4.31778097,-0.36744285
4.31842097,-0.36744285
4.31906097,-0.36744285
4.31970097,-0.36744285
4.32034097,-0.36744285
4.32098097,-0.36744285
4.32162097,-0.36744285
4.32226097,-0.36744285
4.32290097,-0.36744285
4.32354097,-0.36744285
4.32418097,-0.36744285
4.32482097,-0.36744285
4.32546097,-0.36744285
4.32610097,-0.36744285
4.32674097,-0.36744285
4.32738097,-0.36744285
4.32802097,-0.54383981
4.32866097,-0.36744285
4.32930097,-0.54383981
4.32994097,-0.54383981
4.33058097,-0.54383981
4.33122097,-0.36744285
4.33186097,-0.36744285
4.33250097,-0.54383981
4.33314097,-0.54383981
4.33378097,-0.54383981
4.33442097,-0.36744285
4.33506097,-0.54383981
4.33570097,-0.54383981
4.33634097,-0.54383981
4.33698097,-0.54383981
4.33762097,-0.54383981
4.33826097,-0.54383981
4.33890097,-0.36744285
4.33954097,-0.54383981
4.34018097,-0.54383981
4.34082097,-0.54383981
4.34146097,-0.54383981
4.34210097,-0.54383981
4.34274097,-0.36744285
4.34338097,-0.36744285
4.34402097,-0.54383981
4.34466097,-0.54383981
4.34530097,-0.54383981
4.34594097,-0.54383981
4.34658097,-0.54383981
4.34722097,-0.54383981
4.34786097,-0.54383981
4.34850097,-0.36744285
4.34914097,-0.36744285
4.34978097,-0.36744285
4.35042097,-0.54383981
4.35106097,-0.54383981
4.35170097,-0.36744285
4.35234097,-0.36744285
4.35298097,-0.54383981
4.35362097,-0.36744285
4.35426097,-0.36744285
4.35490097,-0.36744285
4.35554097,-0.36744285
4.35618097,-0.36744285
4.35682097,-0.36744285
4.35746097,-0.36744285
4.35810097,-0.36744285
4.35874097,-0.36744285
4.35938097,-0.36744285
4.36002097,-0.36744285
4.36066097,-0.36744285
4.36130097,-0.36744285
4.36194097,-0.36744285
4.36258097,-0.36744285
4.36322097,-0.36744285
4.36386097,-0.36744285
4.36450097,-0.36744285
4.36514097,-0.36744285
4.36578097,-0.36744285
4.36642097,-0.36744285
4.36706097,-0.36744285
4.36770097,-0.36744285
4.36834097,-0.36744285
4.36898097,-0.36744285
4.36962097,-0.36744285
4.37026097,-0.36744285
4.37090097,-0.36744285
4.37154097,-0.36744285
4.37218097,-0.36744285
4.37282097,-0.36744285
4.37346097,-0.36744285
4.37410097,-0.36744285
4.37474097,-0.19104587
4.37538097,-0.36744285
4.37602097,-0.36744285
4.37666097,-0.19104587
4.37730097,-0.19104587
4.37794097,-0.36744285
4.37858097,-0.19104587
4.37922097,-0.19104587
4.37986097,-0.19104587
4.38050097,-0.19104587
4.38114097,-0.19104587
4.38178097,-0.19104587
4.38242097,-0.19104587
4.38306097,-0.19104587
4.38370097,-0.19104587
4.38434097,-0.19104587
4.38498097,-0.19104587
4.38562097,-0.19104587
4.38626097,-0.19104587
4.38690097,-0.19104587
4.38754097,-0.19104587
4.38818097,-0.19104587
4.38882097,-0.19104587
4.38946097,-0.19104587
4.39010097,-0.01525925
4.39074097,-0.19104587
4.39138097,-0.01525925
4.39202097,-0.19104587
4.39266097,-0.01525925
4.39330097,-0.19104587
4.39394097,-0.01525925
4.39458097,-0.01525925
4.39522097,-0.01525925
4.39586097,-0.01525925
4.39650097,-0.01525925
4.39714097,-0.01525925
4.39778097,-0.01525925
4.39842097,-0.01525925
4.39906097,-0.01525925
4.39970097,0.16052736
4.40034097,0.16052736
4.40098097,0.16052736
4.40162097,-0.01525925
4.40226097,-0.01525925
4.40290097,0.16052736
4.40354097,-0.01525925
4.40418097,0.16052736
4.40482097,-0.01525925
4.40546097,0.16052736
4.40610097,-0.01525925
4.40674097,0.16052736
4.40738097,0.16052736
4.40802097,0.16052736
4.40866097,0.16052736
4.40930097,-0.01525925
4.40994097,0.16052736
4.41058097,0.16052736
4.41122097,0.16052736
4.41186097,0.16052736
4.41250097,0.16052736
4.41314097,0.16052736
4.41378097,0.16052736
4.41442097,0.16052736
4.41506097,0.16052736
4.41570097,0.16052736
4.41634097,0.16052736
4.41698097,0.16052736
4.41762097,0.16052736
4.41826097,0.33692434
4.41890097,0.16052736
4.41954097,0.16052736
4.42018097,0.33692434
4.42082097,0.16052736
4.42146097,0.33692434
4.42210097,0.33692434
4.42274097,0.33692434
4.42338097,0.33692434
4.42402097,0.33692434
4.42466097,0.33692434
4.42530097,0.33692434
4.42594097,0.33692434
4.42658097,0.33692434
4.42722097,0.33692434
4.42786097,0.16052736
4.42850097,0.33692434
4.42914097,0.33692434
4.42978097,0.33692434
4.43042097,0.33692434
4.43106097,0.33692434
4.43170097,0.33692434
4.43234097,0.33692434
4.43298097,0.33692434
4.43362097,0.33692434
4.43426097,0.33692434
4.43490097,0.33692434
4.43554097,0.33692434
4.43618097,0.33692434
4.43682097,0.33692434
4.43746097,0.33692434
4.43810097,0.33692434
4.43874097,0.33692434
4.43938097,0.33692434
4.44002097,0.33692434
4.44066097,0.33692434
4.44130097,0.33692434
4.44194097,0.33692434
4.44258097,0.33692434
4.44322097,0.33692434
4.44386097,0.33692434
4.44450097,0.33692434
4.44514097,0.33692434
4.44578097,0.33692434
4.44642097,0.33692434
4.44706097,0.33692434
4.44770097,0.33692434
4.44834097,0.33692434
4.44898097,0.33692434
4.44962097,0.33692434
4.45026097,0.33692434
4.45090097,0.33692434
4.45154097,0.33692434
4.45218097,0.33692434
4.45282097,0.33692434
4.45346097,0.33692434
4.45410097,0.33692434
4.45474097,0.33692434
4.45538097,0.33692434
4.45602097,0.33692434
4.45666097,0.33692434
4.45730097,0.33692434
4.45794097,0.16052736
4.45858097,0.33692434
4.45922097,0.33692434
4.45986097,0.33692434
4.46050097,0.33692434
4.46114097,0.33692434
4.46178097,0.33692434
4.46242097,0.33692434
4.46306097,0.33692434
4.46370097,0.33692434
4.46434097,0.33692434
4.46498097,0.33692434
4.46562097,0.33692434
4.46626097,0.33692434
4.46690097,0.33692434
4.46754097,0.33692434
4.46818097,0.33692434
4.46882097,0.33692434
4.46946097,0.33692434
4.47010097,0.33692434
4.47074097,0.33692434
4.47138097,0.33692434
4.47202097,0.33692434
4.47266097,0.33692434
4.47330097,0.33692434
4.47394097,0.33692434
4.47458097,0.33692434
4.47522097,0.33692434
4.47586097,0.33692434
4.47650097,0.33692434
4.47714097,0.33692434
4.47778097,0.33692434
4.47842097,0.33692434
4.47906097,0.33692434
4.47970097,0.16052736
4.48034097,0.33692434
4.48098097,0.33692434
4.48162097,0.33692434
4.48226097,0.16052736
4.48290097,0.33692434
4.48354097,0.33692434
4.48418097,0.16052736
4.48482097,0.16052736
4.48546097,0.16052736
4.48610097,0.33692434
4.48674097,0.16052736
4.48738097,0.16052736
4.48802097,0.16052736
4.48866097,0.16052736
4.48930097,0.16052736
4.48994097,0.16052736
4.49058097,0.16052736
4.49122097,0.16052736
4.49186097,0.16052736
4.49250097,0.16052736
4.49314097,0.16052736
4.49378097,0.16052736
4.49442097,0.33692434
4.49506097,0.16052736
4.49570097,0.16052736
4.49634097,0.16052736
4.49698097,0.16052736
4.49762097,-0.01525925
4.49826097,0.16052736
4.49890097,0.16052736
4.49954097,0.16052736
4.50018097,0.16052736
4.50082097,0.16052736
4.50146097,0.16052736
4.50210097,0.16052736
4.50274097,0.16052736
4.50338097,0.16052736
4.50402097,-0.01525925
4.50466097,0.16052736
4.50530097,0.16052736
4.50594097,0.16052736
4.50658097,0.16052736
4.50722097,-0.01525925
4.50786097,0.16052736
4.50850097,0.16052736
4.50914097,0.16052736
4.50978097,0.16052736
4.51042097,-0.01525925
4.51106097,-0.01525925
4.51170097,0.16052736
4.51234097,-0.01525925
4.51298097,0.16052736
4.51362097,-0.01525925
4.51426097,0.16052736
4.51490097,0.16052736
4.51554097,0.16052736
4.51618097,-0.01525925
4.51682097,-0.01525925
4.51746097,-0.01525925
4.51810097,0.16052736
4.51874097,-0.01525925
4.51938097,-0.01525925
4.52002097,-0.01525925
4.52066097,-0.01525925
4.52130097,-0.01525925
4.52194097,-0.01525925
4.52258097,-0.01525925
4.52322097,-0.01525925
4.52386097,-0.01525925
4.52450097,-0.01525925
4.52514097,-0.01525925
4.52578097,-0.01525925
4.52642097,-0.01525925
4.52706097,-0.01525925
4.52770097,-0.01525925
4.52834097,-0.01525925
4.52898097,-0.01525925
4.52962097,-0.01525925
4.53026097,-0.01525925
4.53090097,-0.01525925
4.53154097,-0.01525925
4.53218097,-0.01525925
4.53282097,-0.01525925
4.53346097,-0.01525925
4.53410097,-0.01525925
4.53474097,-0.01525925
4.53538097,-0.01525925
4.53602097,-0.01525925
4.53666097,-0.01525925
4.53730097,-0.19104587
4.53794097,-0.19104587
4.53858097,-0.01525925
4.53922097,-0.01525925
4.53986097,-0.19104587
4.54050097,-0.19104587
4.54114097,-0.01525925
4.54178097,-0.01525925
4.54242097,-0.19104587
4.54306097,-0.19104587
4.54370097,-0.19104587
4.54434097,-0.19104587
4.54498097,-0.19104587
4.54562097,-0.19104587
4.54626097,-0.19104587
4.54690097,-0.01525925
4.54754097,-0.01525925
4.54818097,-0.01525925
4.54882097,-0.19104587
4.54946097,-0.01525925
4.55010097,-0.19104587
4.55074097,-0.19104587
4.55138097,-0.01525925
4.55202097,-0.19104587
4.55266097,-0.01525925
4.55330097,-0.01525925
4.55394097,-0.01525925
4.55458097,-0.19104587
4.55522097,-0.01525925
4.55586097,-0.01525925
4.55650097,-0.19104587
4.55714097,-0.01525925
4.55778097,-0.01525925
4.55842097,-0.01525925
4.55906097,-0.01525925
4.55970097,-0.19104587
4.56034097,-0.19104587
4.56098097,-0.19104587
4.56162097,-0.01525925
4.56226097,-0.01525925
4.56290097,-0.01525925
4.56354097,-0.01525925
4.56418097,-0.01525925
4.56482097,-0.19104587
4.56546097,-0.01525925
4.56610097,-0.19104587
4.56674097,-0.01525925
4.56738097,-0.01525925
4.56802097,-0.19104587
4.56866097,-0.19104587
4.56930097,-0.01525925
4.56994097,-0.01525925
4.57058097,-0.01525925
4.57122097,-0.01525925
4.57186097,-0.01525925
4.57250097,-0.01525925
4.57314097,-0.01525925
4.57378097,-0.01525925
4.57442097,-0.01525925
4.57506097,-0.01525925
4.57570097,-0.01525925
4.57634097,-0.01525925
4.57698097,-0.01525925
4.57762097,-0.01525925
4.57826097,-0.01525925
4.57890097,-0.01525925
4.57954097,-0.01525925
4.58018097,-0.01525925
4.58082097,-0.01525925
4.58146097,-0.01525925
4.58210097,-0.01525925
4.58274097,-0.01525925
4.58338097,-0.19104587
4.58402097,-0.01525925
4.58466097,-0.01525925
4.58530097,-0.01525925
4.58594097,-0.01525925
4.58658097,-0.01525925
4.58722097,-0.01525925
4.58786097,-0.01525925
4.58850097,-0.01525925
4.58914097,-0.01525925
4.58978097,-0.01525925
4.59042097,-0.01525925
4.59106097,-0.01525925
4.59170097,-0.01525925
4.59234097,-0.01525925
4.59298097,-0.01525925
4.59362097,-0.01525925
4.59426097,-0.01525925
4.59490097,-0.01525925
4.59554097,-0.01525925
4.59618097,-0.01525925
4.59682097,-0.01525925
4.59746097,-0.01525925
4.59810097,-0.01525925
4.59874097,-0.01525925
4.59938097,-0.01525925
4.60002097,-0.01525925
4.60066097,-0.01525925
4.60130097,-0.01525925
4.60194097,-0.01525925
4.60258097,-0.19104587
4.60322097,-0.01525925
4.60386097,-0.01525925
4.60450097,-0.01525925
4.60514097,-0.01525925
4.60578097,-0.01525925
4.60642097,-0.01525925
4.60706097,0.16052736
4.60770097,-0.01525925
4.60834097,-0.01525925
4.60898097,-0.01525925
4.60962097,-0.01525925
4.61026097,-0.01525925
4.61090097,-0.01525925
4.61154097,-0.01525925
4.61218097,-0.01525925
4.61282097,-0.01525925
4.61346097,-0.01525925
4.61410097,-0.01525925
4.61474097,0.16052736
4.61538097,0.16052736
4.61602097,-0.01525925
4.61666097,-0.01525925
4.61730097,-0.01525925
4.61794097,-0.01525925
4.61858097,-0.01525925
4.61922097,-0.01525925
4.61986097,-0.01525925
4.62050097,-0.01525925
4.62114097,-0.01525925
4.62178097,0.16052736
4.62242097,-0.01525925
4.62306097,-0.01525925
4.62370097,0.16052736
4.62434097,-0.01525925
4.62498097,-0.01525925
4.62562097,-0.01525925
4.62626097,-0.01525925
4.62690097,-0.01525925
4.62754097,-0.01525925
4.62818097,-0.01525925
4.62882097,-0.01525925
4.62946097,-0.01525925
4.63010097,-0.01525925
4.63074097,-0.01525925
4.63138097,-0.01525925
4.63202097,-0.01525925
4.63266097,-0.01525925
4.63330097,-0.01525925
4.63394097,-0.01525925
4.63458097,-0.01525925
4.63522097,-0.01525925
4.63586097,-0.01525925
4.63650097,-0.01525925
4.63714097,-0.01525925
4.63778097,-0.01525925
4.63842097,-0.01525925
4.63906097,-0.01525925
4.63970097,-0.01525925
4.64034097,-0.01525925
4.64098097,-0.01525925
4.64162097,-0.01525925
4.64226097,-0.01525925
4.64290097,-0.01525925
4.64354097,-0.01525925
4.64418097,-0.01525925
4.64482097,-0.01525925
4.64546097,-0.01525925
4.64610097,-0.01525925
4.64674097,-0.01525925
4.64738097,-0.01525925
4.64802097,-0.01525925
4.64866097,-0.01525925
4.64930097,-0.01525925
4.64994097,-0.01525925
4.65058097,-0.19104587
4.65122097,-0.01525925
4.65186097,-0.01525925
4.65250097,-0.01525925
4.65314097,-0.01525925
4.65378097,-0.01525925
4.65442097,-0.01525925
4.65506097,-0.01525925
4.65570097,-0.01525925
4.65634097,-0.01525925
4.65698097,-0.19104587
4.65762097,-0.01525925
4.65826097,-0.01525925
4.65890097,-0.01525925
4.65954097,-0.01525925
4.66018097,-0.01525925
4.66082097,-0.01525925
4.66146097,-0.01525925
4.66210097,-0.01525925
4.66274097,-0.01525925
4.66338097,-0.19104587
4.66402097,-0.19104587
4.66466097,-0.19104587
4.66530097,-0.01525925
4.66594097,-0.01525925
4.66658097,-0.01525925
4.66722097,-0.01525925
4.66786097,-0.01525925
4.66850097,-0.19104587
4.66914097,-0.01525925
4.66978097,-0.01525925
4.67042097,-0.01525925
4.67106097,-0.01525925
4.67170097,-0.01525925
4.67234097,-0.01525925
4.67298097,-0.01525925
4.67362097,-0.01525925
4.67426097,-0.01525925
4.67490097,-0.19104587
4.67554097,-0.01525925
4.67618097,-0.19104587
4.67682097,-0.19104587
4.67746097,-0.01525925
4.67810097,-0.19104587
4.67874097,-0.01525925
4.67938097,-0.01525925
4.68002097,-0.01525925
4.68066097,-0.01525925
4.68130097,-0.19104587
4.68194097,-0.01525925
4.68258097,-0.19104587
4.68322097,-0.19104587
4.68386097,-0.19104587
4.68450097,-0.01525925
4.68514097,-0.19104587
4.68578097,-0.01525925
4.68642097,-0.19104587
4.68706097,-0.19104587
4.68770097,-0.19104587
4.68834097,-0.19104587
4.68898097,-0.19104587
4.68962097,-0.19104587
4.69026097,-0.19104587
4.69090097,-0.01525925
4.69154097,-0.01525925
4.69218097,-0.01525925
4.69282097,-0.19104587
4.69346097,-0.19104587
4.69410097,-0.19104587
4.69474097,-0.01525925
4.69538097,-0.19104587
4.69602097,-0.19104587
4.69666097,-0.19104587
4.69730097,-0.19104587
4.69794097,-0.19104587
4.69858097,-0.19104587
4.69922097,-0.19104587
4.69986097,-0.01525925
4.70050097,-0.19104587
4.70114097,-0.19104587
4.70178097,-0.19104587
4.70242097,-0.01525925
4.70306097,-0.01525925
4.70370097,-0.19104587
4.70434097,-0.19104587
4.70498097,-0.19104587
4.70562097,-0.19104587
4.70626097,-0.19104587
4.70690097,-0.01525925
4.70754097,-0.01525925
4.70818097,-0.19104587
4.70882097,-0.19104587
4.70946097,-0.19104587
4.71010097,-0.01525925
4.71074097,-0.01525925
4.71138097,-0.19104587
4.71202097,-0.01525925
4.71266097,-0.01525925
4.71330097,-0.01525925
4.71394097,-0.19104587
4.71458097,-0.01525925
4.71522097,-0.01525925
4.71586097,-0.19104587
4.71650097,-0.01525925
4.71714097,-0.01525925
4.71778097,-0.01525925
4.71842097,-0.01525925
4.71906097,-0.19104587
4.71970097,-0.01525925
4.72034097,-0.19104587
4.72098097,-0.01525925
4.72162097,-0.19104587
4.72226097,-0.01525925
4.72290097,-0.01525925
4.72354097,-0.01525925
4.72418097,-0.01525925
4.72482097,-0.01525925
4.72546097,-0.01525925
4.72610097,-0.01525925
4.72674097,-0.01525925
4.72738097,-0.01525925
4.72802097,-0.01525925
4.72866097,-0.01525925
4.72930097,-0.01525925
4.72994097,-0.01525925
4.73058097,-0.01525925
4.73122097,-0.01525925
4.73186097,-0.01525925
4.73250097,-0.01525925
4.73314097,-0.01525925
4.73378097,-0.01525925
4.73442097,-0.01525925
4.73506097,-0.01525925
4.73570097,-0.01525925
4.73634097,-0.01525925
4.73698097,-0.01525925
4.73762097,-0.01525925
4.73826097,-0.01525925
4.73890097,0.16052736
4.73954097,-0.01525925
4.74018097,-0.01525925
4.74082097,-0.01525925
4.74146097,-0.01525925
4.74210097,-0.01525925
4.74274097,-0.01525925
4.74338097,-0.01525925
4.74402097,0.16052736
4.74466097,0.16052736
4.74530097,0.16052736
4.74594097,0.16052736
4.74658097,0.16052736
4.74722097,-0.01525925
4.74786097,-0.01525925
4.74850097,0.16052736
4.74914097,0.16052736
4.74978097,0.16052736
4.75042097,0.16052736
4.75106097,-0.01525925
4.75170097,-0.01525925
4.75234097,0.16052736
4.75298097,0.16052736
4.75362097,0.16052736
4.75426097,0.16052736
4.75490097,0.16052736
4.75554097,0.16052736
4.75618097,0.16052736
4.75682097,0.16052736
4.75746097,0.16052736
4.75810097,0.16052736
4.75874097,0.16052736
4.75938097,0.16052736
4.76002097,0.16052736
4.76066097,0.16052736
4.76130097,0.16052736
4.76194097,0.16052736
4.76258097,0.16052736
4.76322097,0.16052736
4.76386097,0.16052736
4.76450097,0.16052736
4.76514097,0.16052736
4.76578097,0.16052736
4.76642097,0.16052736
4.76706097,0.16052736
4.76770097,0.16052736
4.76834097,0.16052736
4.76898097,0.16052736
4.76962097,0.16052736
4.77026097,0.16052736
4.77090097,0.16052736
4.77154097,0.33692434
4.77218097,0.16052736
4.77282097,0.16052736
4.77346097,0.33692434
4.77410097,0.33692434
4.77474097,0.16052736
4.77538097,0.16052736
4.77602097,0.16052736
4.77666097,0.33692434
4.77730097,0.33692434
4.77794097,0.33692434
4.77858097,0.16052736
4.77922097,0.33692434
4.77986097,0.33692434
4.78050097,0.33692434
4.78114097,0.33692434
4.78178097,0.33692434
4.78242097,0.33692434
4.78306097,0.33692434
4.78370097,0.33692434
4.78434097,0.33692434
4.78498097,0.33692434
4.78562097,0.33692434
4.78626097,0.33692434
4.78690097,0.33692434
4.78754097,0.33692434
4.78818097,0.33692434
4.78882097,0.33692434
4.78946097,0.33692434
4.79010097,0.33692434
4.79074097,0.33692434
4.79138097,0.33692434
4.79202097,0.33692434
4.79266097,0.33692434
4.79330097,0.33692434
4.79394097,0.33692434
4.79458097,0.33692434
4.79522097,0.33692434
4.79586097,0.33692434
4.79650097,0.33692434
4.79714097,0.33692434
4.79778097,0.33692434
4.79842097,0.33692434
4.79906097,0.33692434
4.79970097,0.33692434
4.80034097,0.33692434
4.80098097,0.33692434
4.80162097,0.33692434
4.80226097,0.33692434
4.80290097,0.33692434
4.80354097,0.33692434
4.80418097,0.33692434
4.80482097,0.33692434
4.80546097,0.33692434
4.80610097,0.33692434
4.80674097,0.33692434
4.80738097,0.33692434
4.80802097,0.33692434
4.80866097,0.33692434
4.80930097,0.33692434
4.80994097,0.33692434
4.81058097,0.33692434
4.81122097,0.33692434
4.81186097,0.33692434
4.81250097,0.33692434
4.81314097,0.33692434
4.81378097,0.33692434
4.81442097,0.33692434
4.81506097,0.33692434
4.81570097,0.33692434
4.81634097,0.33692434
4.81698097,0.33692434
4.81762097,0.33692434
4.81826097,0.33692434
4.81890097,0.33692434
4.81954097,0.33692434
4.82018097,0.33692434
4.82082097,0.33692434
4.82146097,0.33692434
4.82210097,0.33692434
4.82274097,0.33692434
4.82338097,0.33692434
4.82402097,0.33692434
4.82466097,0.33692434
4.82530097,0.33692434
4.82594097,0.33692434
4.82658097,0.33692434
4.82722097,0.33692434
4.82786097,0.33692434
4.82850097,0.33692434
4.82914097,0.33692434
4.82978097,0.33692434
4.83042097,0.33692434
4.83106097,0.33692434
4.83170097,0.33692434
4.83234097,0.33692434
4.83298097,0.33692434
4.83362097,0.33692434
4.83426097,0.33692434
4.83490097,0.33692434
4.83554097,0.16052736
4.83618097,0.16052736
4.83682097,0.16052736
4.83746097,0.16052736
4.83810097,0.16052736
4.83874097,0.33692434
4.83938097,0.16052736
4.84002097,0.16052736
4.84066097,0.16052736
4.84130097,0.16052736
4.84194097,0.16052736
4.84258097,0.16052736
4.84322097,0.16052736
4.84386097,0.16052736
4.84450097,0.16052736
4.84514097,0.16052736
4.84578097,0.16052736
4.84642097,0.16052736
4.84706097,0.16052736
4.84770097,0.16052736
4.84834097,0.16052736
4.84898097,0.16052736
4.84962097,0.16052736
4.85026097,0.16052736
4.85090097,0.16052736
4.85154097,0.16052736
4.85218097,0.16052736
4.85282097,-0.01525925
4.85346097,-0.01525925
4.85410097,-0.01525925
4.85474097,-0.01525925
4.85538097,0.16052736
4.85602097,-0.01525925
4.85666097,-0.01525925
4.85730097,0.16052736
4.85794097,-0.01525925
4.85858097,-0.01525925
4.85922097,-0.01525925
4.85986097,0.16052736
4.86050097,-0.01525925
4.86114097,-0.01525925
4.86178097,-0.01525925
4.86242097,-0.01525925
4.86306097,0.16052736
4.86370097,-0.01525925
4.86434097,-0.01525925
4.86498097,-0.01525925
4.86562097,-0.01525925
4.86626097,-0.01525925
4.86690097,-0.01525925
4.86754097,-0.01525925
4.86818097,-0.01525925
4.86882097,-0.19104587
4.86946097,-0.19104587
4.87010097,-0.01525925
4.87074097,-0.01525925
4.87138097,-0.19104587
4.87202097,-0.19104587
4.87266097,-0.19104587
4.87330097,-0.19104587
4.87394097,-0.19104587
4.87458097,-0.19104587
4.87522097,-0.19104587
4.87586097,-0.19104587
4.87650097,-0.19104587
4.87714097,-0.19104587
4.87778097,-0.19104587
4.87842097,-0.19104587
4.87906097,-0.19104587
4.87970097,-0.19104587
4.88034097,-0.19104587
4.88098097,-0.19104587
4.88162097,-0.19104587
4.88226097,-0.19104587
4.88290097,-0.19104587
4.88354097,-0.19104587
4.88418097,-0.19104587
4.88482097,-0.19104587
4.88546097,-0.19104587
4.88610097,-0.36744285
4.88674097,-0.19104587
4.88738097,-0.36744285
4.88802097,-0.19104587
4.88866097,-0.36744285
4.88930097,-0.19104587
4.88994097,-0.19104587
4.89058097,-0.36744285
4.89122097,-0.19104587
4.89186097,-0.36744285
4.89250097,-0.36744285
4.89314097,-0.36744285
4.89378097,-0.36744285
4.89442097,-0.36744285
4.89506097,-0.36744285
4.89570097,-0.36744285
4.89634097,-0.19104587
4.89698097,-0.36744285
4.89762097,-0.36744285
4.89826097,-0.36744285
4.89890097,-0.36744285
4.89954097,-0.36744285
4.90018097,-0.36744285
4.90082097,-0.36744285
4.90146097,-0.36744285
4.90210097,-0.36744285
4.90274097,-0.36744285
4.90338097,-0.36744285
4.90402097,-0.36744285
4.90466097,-0.36744285
4.90530097,-0.36744285
4.90594097,-0.36744285
4.90658097,-0.36744285
4.90722097,-0.36744285
4.90786097,-0.36744285
4.90850097,-0.36744285
4.90914097,-0.36744285
4.90978097,-0.36744285
4.91042097,-0.36744285
4.91106097,-0.36744285
4.91170097,-0.36744285
4.91234097,-0.36744285
4.91298097,-0.36744285
4.91362097,-0.36744285
4.91426097,-0.36744285
4.91490097,-0.36744285
4.91554097,-0.36744285
4.91618097,-0.36744285
4.91682097,-0.36744285
4.91746097,-0.36744285
4.91810097,-0.36744285
4.91874097,-0.36744285
4.91938097,-0.36744285
4.92002097,-0.36744285
4.92066097,-0.36744285
4.92130097,-0.36744285
4.92194097,-0.36744285
4.92258097,-0.36744285
4.92322097,-0.36744285
4.92386097,-0.36744285
4.92450097,-0.36744285
4.92514097,-0.36744285
4.92578097,-0.36744285
4.92642097,-0.36744285
4.92706097,-0.36744285
4.92770097,-0.36744285
4.92834097,-0.36744285
4.92898097,-0.36744285
4.92962097,-0.36744285
4.93026097,-0.36744285
4.93090097,-0.36744285
4.93154097,-0.36744285
4.93218097,-0.36744285
4.93282097,-0.36744285
4.93346097,-0.36744285
4.93410097,-0.36744285
4.93474097,-0.36744285
4.93538097,-0.36744285
4.93602097,-0.36744285
4.93666097,-0.36744285
4.93730097,-0.36744285
4.93794097,-0.36744285
4.93858097,-0.36744285
4.93922097,-0.36744285
4.93986097,-0.36744285
4.94050097,-0.36744285
4.94114097,-0.36744285
4.94178097,-0.36744285
4.94242097,-0.36744285
4.94306097,-0.36744285
4.94370097,-0.19104587
4.94434097,-0.36744285
4.94498097,-0.36744285
4.94562097,-0.19104587
4.94626097,-0.19104587
4.94690097,-0.36744285
4.94754097,-0.19104587
4.94818097,-0.19104587
4.94882097,-0.36744285
4.94946097,-0.36744285
4.95010097,-0.19104587
4.95074097,-0.19104587
4.95138097,-0.36744285
4.95202097,-0.36744285
4.95266097,-0.19104587
4.95330097,-0.19104587
4.95394097,-0.19104587
4.95458097,-0.19104587
4.95522097,-0.19104587
4.95586097,-0.19104587
4.95650097,-0.19104587
4.95714097,-0.19104587
4.95778097,-0.19104587
4.95842097,-0.19104587
4.95906097,-0.19104587
4.95970097,-0.19104587
4.96034097,-0.19104587
4.96098097,-0.19104587
4.96162097,-0.19104587
4.96226097,-0.19104587
4.96290097,-0.19104587
4.96354097,-0.19104587
4.96418097,-0.19104587
4.96482097,-0.19104587
4.96546097,-0.19104587
4.96610097,-0.19104587
4.96674097,-0.19104587
4.96738097,-0.01525925
4.96802097,-0.01525925
4.96866097,-0.01525925
4.96930097,-0.01525925
4.96994097,-0.01525925
4.97058097,-0.01525925
4.97122097,-0.01525925
4.97186097,-0.01525925
4.97250097,-0.01525925
4.97314097,-0.01525925
4.97378097,0.16052736
4.97442097,-0.01525925
4.97506097,-0.01525925
4.97570097,-0.01525925
4.97634097,-0.01525925
4.97698097,0.16052736
4.97762097,0.16052736
4.97826097,-0.01525925
4.97890097,-0.01525925
4.97954097,-0.01525925
4.98018097,0.16052736
4.98082097,0.16052736
4.98146097,0.16052736
4.98210097,0.16052736
4.98274097,0.16052736
4.98338097,0.16052736
4.98402097,0.16052736
4.98466097,0.16052736
4.98530097,0.16052736
4.98594097,0.16052736
4.98658097,0.16052736
4.98722097,0.16052736
4.98786097,0.16052736
4.98850097,0.16052736
4.98914097,0.16052736
4.98978097,0.16052736
4.99042097,0.33692434
4.99106097,0.16052736
4.99170097,0.16052736
4.99234097,0.33692434
4.99298097,0.16052736
4.99362097,0.33692434
4.99426097,0.33692434
4.99490097,0.33692434
4.99554097,0.33692434
4.99618097,0.33692434
4.99682097,0.33692434
4.99746097,0.33692434
4.99810097,0.33692434
4.99874097,0.33692434
4.99938097,0.33692434
5.00002097,0.33692434
5.00066097,0.33692434
