Time,Channel A
(ms),(V)

-0.00154600,1.92327642
-0.00090600,1.57048249
-0.00026600,1.39469588
0.00037400,1.04190195
0.00101400,0.68971831
0.00165400,0.51332134
0.00229400,0.33692434
0.00293400,-0.19104587
0.00357400,-0.36744285
0.00421400,-0.54383981
0.00485400,-0.89602345
0.00549400,-1.24881744
0.00613400,-1.42521441
0.00677400,-1.77739799
0.00741400,-2.13019204
0.00805400,-2.30597854
0.00869400,-2.65877247
0.00933400,-2.83516955
0.00997400,-3.01095605
0.01061400,-3.36375022
0.01125400,-3.71593380
0.01189400,-3.89233065
0.01253400,-4.24512482
0.01317400,-4.42091131
0.01381400,-4.59730816
0.01445400,-4.95010233
0.01509400,-5.12588882
0.01573400,-5.30228567
0.01637400,-5.65507984
0.01701400,-5.83086634
0.01765400,-6.00726318
0.01829400,-6.18366051
0.01893400,-6.53584385
0.01957400,-6.71224117
0.02021400,-6.88863802
0.02085400,-7.06503487
0.02149400,-7.24082136
0.02213400,-7.41721869
0.02277400,-7.59361553
0.02341400,-7.59361553
0.02405400,-7.94579935
0.02469400,-7.94579935
0.02533400,-8.12219620
0.02597400,-8.29859352
0.02661400,-8.29859352
0.02725400,-8.47498989
0.02789400,-8.65077686
0.02853400,-8.82717323
0.02917400,-8.82717323
0.02981400,-8.82717323
0.03045400,-8.82717323
0.03109400,-9.00357056
0.03173400,-9.17996788
0.03237400,-9.17996788
0.03301400,-9.17996788
0.03365400,-9.17996788
0.03429400,-9.17996788
0.03493400,-9.35575390
0.03557400,-9.35575390
0.03621400,-9.17996788
0.03685400,-9.35575390
0.03749400,-9.17996788
0.03813400,-9.17996788
0.03877400,-9.17996788
0.03941400,-9.17996788
0.04005400,-9.00357056
0.04069400,-9.00357056
0.04133400,-9.00357056
0.04197400,-9.00357056
0.04261400,-8.82717323
0.04325400,-8.82717323
0.04389400,-8.65077686
0.04453400,-8.65077686
0.04517400,-8.47498989
0.04581400,-8.29859352
0.04645400,-8.12219620
0.04709400,-8.12219620
0.04773400,-7.94579935
0.04837400,-7.94579935
0.04901400,-7.59361553
0.04965400,-7.59361553
0.05029400,-7.41721869
0.05093400,-7.24082136
0.05157400,-6.88863802
0.05221400,-6.88863802
0.05285400,-6.53584385
0.05349400,-6.36005735
0.05413400,-6.18366051
0.05477400,-6.00726318
0.05541400,-5.83086634
0.05605400,-5.65507984
0.05669400,-5.47868299
0.05733400,-5.12588882
0.05797400,-4.95010233
0.05861400,-4.59730816
0.05925400,-4.42091131
0.05989400,-4.24512482
0.06053400,-3.89233065
0.06117400,-3.71593380
0.06181400,-3.54014707
0.06245400,-3.18735313
0.06309400,-3.01095605
0.06373400,-2.65877247
0.06437400,-2.48237562
0.06501400,-2.30597854
0.06565400,-1.95379496
0.06629400,-1.60100102
0.06693400,-1.42521441
0.06757400,-1.07242048
0.06821400,-0.89602345
0.06885400,-0.54383981
0.06949400,-0.36744285
0.07013400,-0.01525925
0.07077400,0.16052736
0.07141400,0.51332134
0.07205400,0.68971831
0.07269400,1.04190195
0.07333400,1.21829891
0.07397400,1.57048249
0.07461400,1.92327642
0.07525400,1.92327642
0.07589400,2.27546000
0.07653400,2.62825394
0.07717400,2.80465102
0.07781400,3.15683460
0.07845400,3.33323169
0.07909400,3.50962853
0.07973400,3.86181211
0.08037400,3.86181211
0.08101400,4.21460629
0.08165400,4.39039278
0.08229400,4.74318695
0.08293400,4.91958380
0.08357400,5.27176714
0.08421400,5.27176714
0.08485400,5.44816446
0.08549400,5.80034781
0.08613400,5.97674465
0.08677400,6.15314198
0.08741400,6.32953882
0.08805400,6.50532532
0.08869400,6.68172264
0.08933400,6.85811949
0.08997400,7.03451633
0.09061400,7.21030283
0.09125400,7.21030283
0.09189400,7.38670015
0.09253400,7.56309700
0.09317400,7.56309700
0.09381400,7.73949385
0.09445400,7.91528082
0.09509400,8.09167767
0.09573400,8.09167767
0.09637400,8.09167767
0.09701400,8.26807499
0.09765400,8.26807499
0.09829400,8.44447136
0.09893400,8.44447136
0.09957400,8.44447136
0.10021400,8.62025833
0.10085400,8.62025833
0.10149400,8.62025833
0.10213400,8.62025833
0.10277400,8.62025833
0.10341400,8.62025833
0.10405400,8.62025833
0.10469400,8.62025833
0.10533400,8.62025833
0.10597400,8.62025833
0.10661400,8.62025833
0.10725400,8.62025833
0.10789400,8.62025833
0.10853400,8.44447136
0.10917400,8.44447136
0.10981400,8.26807499
0.11045400,8.26807499
0.11109400,8.09167767
0.11173400,8.09167767
0.11237400,8.09167767
0.11301400,7.91528082
0.11365400,7.73949385
0.11429400,7.56309700
0.11493400,7.56309700
0.11557400,7.38670015
0.11621400,7.38670015
0.11685400,7.21030283
0.11749400,7.03451633
0.11813400,6.85811949
0.11877400,6.68172264
0.11941400,6.50532532
0.12005400,6.32953882
0.12069400,6.15314198
0.12133400,5.97674465
0.12197400,5.80034781
0.12261400,5.62456131
0.12325400,5.27176714
0.12389400,5.27176714
0.12453400,4.91958380
0.12517400,4.74318695
0.12581400,4.56678963
0.12645400,4.39039278
0.12709400,4.03820896
0.12773400,3.86181211
0.12837400,3.68541527
0.12901400,3.33323169
0.12965400,3.15683460
0.13029400,2.80465102
0.13093400,2.62825394
0.13157400,2.45185709
0.13221400,2.27546000
0.13285400,1.92327642
0.13349400,1.74687946
0.13413400,1.39469588
0.13477400,1.21829891
0.13541400,0.86550492
0.13605400,0.68971831
0.13669400,0.33692434
0.13733400,0.33692434
0.13797400,-0.01525925
0.13861400,-0.36744285
0.13925400,-0.54383981
0.13989400,-0.72023684
0.14053400,-1.07242048
0.14117400,-1.24881744
0.14181400,-1.60100102
0.14245400,-1.77739799
0.14309400,-1.95379496
0.14373400,-2.13019204
0.14437400,-2.48237562
0.14501400,-2.65877247
0.14565400,-2.83516955
0.14629400,-3.01095605
0.14693400,-3.18735313
0.14757400,-3.54014707
0.14821400,-3.71593380
0.14885400,-3.89233065
0.14949400,-4.24512482
0.15013400,-4.42091131
0.15077400,-4.59730816
0.15141400,-4.77370548
0.15205400,-4.95010233
0.15269400,-5.12588882
0.15333400,-5.30228567
0.15397400,-5.47868299
0.15461400,-5.65507984
0.15525400,-5.83086634
0.15589400,-6.00726318
0.15653400,-6.18366051
0.15717400,-6.36005735
0.15781400,-6.53584385
0.15845400,-6.71224117
0.15909400,-6.71224117
0.15973400,-6.88863802
0.16037400,-7.06503487
0.16101400,-7.24082136
0.16165400,-7.24082136
0.16229400,-7.24082136
0.16293400,-7.41721869
0.16357400,-7.41721869
0.16421400,-7.41721869
0.16485400,-7.59361553
0.16549400,-7.77001238
0.16613400,-7.77001238
0.16677400,-7.77001238
0.16741400,-7.94579935
0.16805400,-7.94579935
0.16869400,-7.94579935
0.16933400,-7.94579935
0.16997400,-7.94579935
0.17061400,-7.94579935
0.17125400,-7.94579935
0.17189400,-7.94579935
0.17253400,-7.94579935
0.17317400,-7.94579935
0.17381400,-7.94579935
0.17445400,-7.77001238
0.17509400,-7.77001238
0.17573400,-7.77001238
0.17637400,-7.77001238
0.17701400,-7.59361553
0.17765400,-7.59361553
0.17829400,-7.59361553
0.17893400,-7.41721869
0.17957400,-7.41721869
0.18021400,-7.24082136
0.18085400,-7.24082136
0.18149400,-7.06503487
0.18213400,-6.88863802
0.18277400,-6.88863802
0.18341400,-6.71224117
0.18405400,-6.53584385
0.18469400,-6.53584385
0.18533400,-6.36005735
0.18597400,-6.18366051
0.18661400,-6.00726318
0.18725400,-5.83086634
0.18789400,-5.65507984
0.18853400,-5.47868299
0.18917400,-5.30228567
0.18981400,-5.30228567
0.19045400,-4.95010233
0.19109400,-4.95010233
0.19173400,-4.59730816
0.19237400,-4.42091131
0.19301400,-4.24512482
0.19365400,-4.06872749
0.19429400,-3.89233065
0.19493400,-3.71593380
0.19557400,-3.36375022
0.19621400,-3.18735313
0.19685400,-3.01095605
0.19749400,-2.65877247
0.19813400,-2.65877247
0.19877400,-2.30597854
0.19941400,-2.30597854
0.20005400,-1.95379496
0.20069400,-1.77739799
0.20133400,-1.60100102
0.20197400,-1.24881744
0.20261400,-1.07242048
0.20325400,-0.89602345
0.20389400,-0.54383981
0.20453400,-0.36744285
0.20517400,-0.19104587
0.20581400,0.16052736
0.20645400,0.33692434
0.20709400,0.51332134
0.20773400,0.86550492
0.20837400,1.04190195
0.20901400,1.21829891
0.20965400,1.39469588
0.21029400,1.57048249
0.21093400,1.92327642
0.21157400,2.09967351
0.21221400,2.27546000
0.21285400,2.45185709
0.21349400,2.62825394
0.21413400,2.80465102
0.21477400,3.15683460
0.21541400,3.33323169
0.21605400,3.68541527
0.21669400,3.68541527
0.21733400,3.86181211
0.21797400,4.03820896
0.21861400,4.21460629
0.21925400,4.39039278
0.21989400,4.56678963
0.22053400,4.74318695
0.22117400,4.91958380
0.22181400,5.09537029
0.22245400,5.27176714
0.22309400,5.44816446
0.22373400,5.44816446
0.22437400,5.62456131
0.22501400,5.80034781
0.22565400,5.97674465
0.22629400,5.97674465
0.22693400,6.15314198
0.22757400,6.32953882
0.22821400,6.50532532
0.22885400,6.50532532
0.22949400,6.50532532
0.23013400,6.68172264
0.23077400,6.68172264
0.23141400,6.85811949
0.23205400,6.85811949
0.23269400,6.85811949
0.23333400,6.85811949
0.23397400,7.03451633
0.23461400,7.21030283
0.23525400,7.21030283
0.23589400,7.21030283
0.23653400,7.21030283
0.23717400,7.21030283
0.23781400,7.21030283
0.23845400,7.21030283
0.23909400,7.21030283
0.23973400,7.38670015
0.24037400,7.21030283
0.24101400,7.21030283
0.24165400,7.21030283
0.24229400,7.21030283
0.24293400,7.03451633
0.24357400,7.03451633
0.24421400,7.03451633
0.24485400,6.85811949
0.24549400,6.85811949
0.24613400,6.85811949
0.24677400,6.85811949
0.24741400,6.68172264
0.24805400,6.68172264
0.24869400,6.50532532
0.24933400,6.32953882
0.24997400,6.15314198
0.25061400,6.15314198
0.25125400,6.15314198
0.25189400,5.97674465
0.25253400,5.80034781
0.25317400,5.62456131
0.25381400,5.44816446
0.25445400,5.44816446
0.25509400,5.27176714
0.25573400,5.09537029
0.25637400,4.91958380
0.25701400,4.74318695
0.25765400,4.56678963
0.25829400,4.56678963
0.25893400,4.39039278
0.25957400,4.03820896
0.26021400,4.03820896
0.26085400,3.86181211
0.26149400,3.68541527
0.26213400,3.50962853
0.26277400,3.33323169
0.26341400,3.15683460
0.26405400,2.98043752
0.26469400,2.62825394
0.26533400,2.45185709
0.26597400,2.27546000
0.26661400,2.09967351
0.26725400,1.92327642
0.26789400,1.74687946
0.26853400,1.57048249
0.26917400,1.21829891
0.26981400,1.21829891
0.27045400,0.86550492
0.27109400,0.68971831
0.27173400,0.51332134
0.27237400,0.33692434
0.27301400,-0.01525925
0.27365400,-0.19104587
0.27429400,-0.36744285
0.27493400,-0.54383981
0.27557400,-0.72023684
0.27621400,-0.89602345
0.27685400,-1.07242048
0.27749400,-1.24881744
0.27813400,-1.60100102
0.27877400,-1.77739799
0.27941400,-1.95379496
0.28005400,-2.13019204
0.28069400,-2.30597854
0.28133400,-2.48237562
0.28197400,-2.65877247
0.28261400,-2.83516955
0.28325400,-3.01095605
0.28389400,-3.18735313
0.28453400,-3.36375022
0.28517400,-3.54014707
0.28581400,-3.71593380
0.28645400,-3.89233065
0.28709400,-3.89233065
0.28773400,-4.06872749
0.28837400,-4.06872749
0.28901400,-4.42091131
0.28965400,-4.42091131
0.29029400,-4.77370548
0.29093400,-4.77370548
0.29157400,-4.95010233
0.29221400,-5.12588882
0.29285400,-5.30228567
0.29349400,-5.30228567
0.29413400,-5.30228567
0.29477400,-5.47868299
0.29541400,-5.65507984
0.29605400,-5.65507984
0.29669400,-5.83086634
0.29733400,-5.83086634
0.29797400,-5.83086634
0.29861400,-6.00726318
0.29925400,-6.00726318
0.29989400,-6.18366051
0.30053400,-6.18366051
0.30117400,-6.18366051
0.30181400,-6.18366051
0.30245400,-6.18366051
0.30309400,-6.36005735
0.30373400,-6.36005735
0.30437400,-6.36005735
0.30501400,-6.36005735
0.30565400,-6.36005735
0.30629400,-6.36005735
0.30693400,-6.36005735
0.30757400,-6.36005735
0.30821400,-6.36005735
0.30885400,-6.18366051
0.30949400,-6.36005735
0.31013400,-6.36005735
0.31077400,-6.18366051
0.31141400,-6.18366051
0.31205400,-6.18366051
0.31269400,-6.00726318
0.31333400,-6.00726318
0.31397400,-6.00726318
0.31461400,-6.00726318
0.31525400,-5.83086634
0.31589400,-5.83086634
0.31653400,-5.65507984
0.31717400,-5.65507984
0.31781400,-5.47868299
0.31845400,-5.30228567
0.31909400,-5.30228567
0.31973400,-5.30228567
0.32037400,-5.12588882
0.32101400,-4.95010233
0.32165400,-4.77370548
0.32229400,-4.77370548
0.32293400,-4.59730816
0.32357400,-4.42091131
0.32421400,-4.24512482
0.32485400,-4.06872749
0.32549400,-3.89233065
0.32613400,-3.89233065
0.32677400,-3.71593380
0.32741400,-3.54014707
0.32805400,-3.36375022
0.32869400,-3.18735313
0.32933400,-3.01095605
0.32997400,-3.01095605
0.33061400,-2.83516955
0.33125400,-2.65877247
0.33189400,-2.48237562
0.33253400,-2.30597854
0.33317400,-2.30597854
0.33381400,-1.95379496
0.33445400,-1.77739799
0.33509400,-1.77739799
0.33573400,-1.42521441
0.33637400,-1.24881744
0.33701400,-1.07242048
0.33765400,-0.89602345
0.33829400,-0.72023684
0.33893400,-0.54383981
0.33957400,-0.36744285
0.34021400,-0.19104587
0.34085400,-0.01525925
0.34149400,0.16052736
0.34213400,0.33692434
0.34277400,0.51332134
0.34341400,0.68971831
0.34405400,0.86550492
0.34469400,1.04190195
0.34533400,1.21829891
0.34597400,1.39469588
0.34661400,1.57048249
0.34725400,1.74687946
0.34789400,1.92327642
0.34853400,1.92327642
0.34917400,2.27546000
0.34981400,2.45185709
0.35045400,2.62825394
0.35109400,2.80465102
0.35173400,2.80465102
0.35237400,2.98043752
0.35301400,3.15683460
0.35365400,3.33323169
0.35429400,3.33323169
0.35493400,3.50962853
0.35557400,3.68541527
0.35621400,3.86181211
0.35685400,3.86181211
0.35749400,4.03820896
0.35813400,4.21460629
0.35877400,4.21460629
0.35941400,4.39039278
0.36005400,4.39039278
0.36069400,4.56678963
0.36133400,4.74318695
0.36197400,4.74318695
0.36261400,4.74318695
0.36325400,4.91958380
0.36389400,5.09537029
0.36453400,5.09537029
0.36517400,5.09537029
0.36581400,5.27176714
0.36645400,5.27176714
0.36709400,5.27176714
0.36773400,5.44816446
0.36837400,5.44816446
0.36901400,5.44816446
0.36965400,5.44816446
0.37029400,5.44816446
0.37093400,5.44816446
0.37157400,5.62456131
0.37221400,5.44816446
0.37285400,5.62456131
0.37349400,5.62456131
0.37413400,5.62456131
0.37477400,5.62456131
0.37541400,5.62456131
0.37605400,5.62456131
0.37669400,5.62456131
0.37733400,5.44816446
0.37797400,5.44816446
0.37861400,5.44816446
0.37925400,5.44816446
0.37989400,5.27176714
0.38053400,5.27176714
0.38117400,5.27176714
0.38181400,5.27176714
0.38245400,5.09537029
0.38309400,5.09537029
0.38373400,5.09537029
0.38437400,4.91958380
0.38501400,4.91958380
0.38565400,4.74318695
0.38629400,4.74318695
0.38693400,4.56678963
0.38757400,4.39039278
0.38821400,4.39039278
0.38885400,4.21460629
0.38949400,4.21460629
0.39013400,4.03820896
0.39077400,3.86181211
0.39141400,3.86181211
0.39205400,3.86181211
0.39269400,3.68541527
0.39333400,3.50962853
0.39397400,3.33323169
0.39461400,3.33323169
0.39525400,3.15683460
0.39589400,2.98043752
0.39653400,2.80465102
0.39717400,2.80465102
0.39781400,2.62825394
0.39845400,2.45185709
0.39909400,2.27546000
0.39973400,2.09967351
0.40037400,1.92327642
0.40101400,1.74687946
0.40165400,1.74687946
0.40229400,1.57048249
0.40293400,1.39469588
0.40357400,1.21829891
0.40421400,1.21829891
0.40485400,0.86550492
0.40549400,0.86550492
0.40613400,0.68971831
0.40677400,0.51332134
0.40741400,0.33692434
0.40805400,0.16052736
0.40869400,-0.01525925
0.40933400,-0.19104587
0.40997400,-0.36744285
0.41061400,-0.36744285
0.41125400,-0.54383981
0.41189400,-0.72023684
0.41253400,-0.89602345
0.41317400,-1.07242048
0.41381400,-1.24881744
0.41445400,-1.42521441
0.41509400,-1.42521441
0.41573400,-1.60100102
0.41637400,-1.77739799
0.41701400,-1.77739799
0.41765400,-2.13019204
0.41829400,-2.13019204
0.41893400,-2.30597854
0.41957400,-2.48237562
0.42021400,-2.48237562
0.42085400,-2.65877247
0.42149400,-2.83516955
0.42213400,-2.83516955
0.42277400,-3.01095605
0.42341400,-3.18735313
0.42405400,-3.18735313
0.42469400,-3.18735313
0.42533400,-3.36375022
0.42597400,-3.54014707
0.42661400,-3.54014707
0.42725400,-3.71593380
0.42789400,-3.71593380
0.42853400,-3.89233065
0.42917400,-3.89233065
0.42981400,-3.89233065
0.43045400,-4.06872749
0.43109400,-4.06872749
0.43173400,-4.24512482
0.43237400,-4.24512482
0.43301400,-4.42091131
0.43365400,-4.24512482
0.43429400,-4.42091131
0.43493400,-4.59730816
0.43557400,-4.42091131
0.43621400,-4.59730816
0.43685400,-4.59730816
0.43749400,-4.59730816
0.43813400,-4.59730816
0.43877400,-4.59730816
0.43941400,-4.77370548
0.44005400,-4.59730816
0.44069400,-4.59730816
0.44133400,-4.77370548
0.44197400,-4.77370548
0.44261400,-4.59730816
0.44325400,-4.77370548
0.44389400,-4.59730816
0.44453400,-4.77370548
0.44517400,-4.59730816
0.44581400,-4.59730816
0.44645400,-4.42091131
0.44709400,-4.42091131
0.44773400,-4.42091131
0.44837400,-4.42091131
0.44901400,-4.42091131
0.44965400,-4.24512482
0.45029400,-4.24512482
0.45093400,-4.06872749
0.45157400,-4.24512482
0.45221400,-4.06872749
0.45285400,-4.06872749
0.45349400,-3.89233065
0.45413400,-3.89233065
0.45477400,-3.89233065
0.45541400,-3.71593380
0.45605400,-3.71593380
0.45669400,-3.54014707
0.45733400,-3.36375022
0.45797400,-3.36375022
0.45861400,-3.18735313
0.45925400,-3.18735313
0.45989400,-3.18735313
0.46053400,-3.01095605
0.46117400,-2.83516955
0.46181400,-2.65877247
0.46245400,-2.65877247
0.46309400,-2.65877247
0.46373400,-2.48237562
0.46437400,-2.30597854
0.46501400,-2.30597854
0.46565400,-2.13019204
0.46629400,-1.95379496
0.46693400,-1.77739799
0.46757400,-1.77739799
0.46821400,-1.60100102
0.46885400,-1.60100102
0.46949400,-1.42521441
0.47013400,-1.24881744
0.47077400,-1.24881744
0.47141400,-1.07242048
0.47205400,-0.89602345
0.47269400,-0.89602345
0.47333400,-0.54383981
0.47397400,-0.54383981
0.47461400,-0.36744285
0.47525400,-0.19104587
0.47589400,-0.19104587
0.47653400,-0.01525925
0.47717400,0.16052736
0.47781400,0.33692434
0.47845400,0.33692434
0.47909400,0.51332134
0.47973400,0.51332134
0.48037400,0.68971831
0.48101400,0.86550492
0.48165400,1.04190195
0.48229400,1.21829891
0.48293400,1.21829891
0.48357400,1.39469588
0.48421400,1.57048249
0.48485400,1.57048249
0.48549400,1.74687946
0.48613400,1.74687946
0.48677400,1.74687946
0.48741400,1.92327642
0.48805400,2.09967351
0.48869400,2.27546000
0.48933400,2.27546000
0.48997400,2.45185709
0.49061400,2.45185709
0.49125400,2.62825394
0.49189400,2.62825394
0.49253400,2.62825394
0.49317400,2.80465102
0.49381400,2.98043752
0.49445400,2.98043752
0.49509400,3.15683460
0.49573400,3.15683460
0.49637400,3.15683460
0.49701400,3.15683460
0.49765400,3.33323169
0.49829400,3.33323169
0.49893400,3.33323169
0.49957400,3.50962853
0.50021400,3.50962853
0.50085400,3.68541527
0.50149400,3.68541527
0.50213400,3.68541527
0.50277400,3.68541527
0.50341400,3.68541527
0.50405400,3.86181211
0.50469400,3.86181211
0.50533400,3.86181211
0.50597400,3.86181211
0.50661400,3.86181211
0.50725400,3.86181211
0.50789400,3.86181211
0.50853400,3.86181211
0.50917400,3.86181211
0.50981400,3.86181211
0.51045400,3.86181211
0.51109400,3.86181211
0.51173400,3.86181211
0.51237400,3.86181211
0.51301400,3.86181211
0.51365400,3.86181211
0.51429400,3.86181211
0.51493400,3.86181211
0.51557400,3.68541527
0.51621400,3.68541527
0.51685400,3.50962853
0.51749400,3.50962853
0.51813400,3.50962853
0.51877400,3.50962853
0.51941400,3.50962853
0.52005400,3.33323169
0.52069400,3.33323169
0.52133400,3.33323169
0.52197400,3.15683460
0.52261400,3.15683460
0.52325400,3.15683460
0.52389400,2.98043752
0.52453400,2.98043752
0.52517400,2.80465102
0.52581400,2.80465102
0.52645400,2.62825394
0.52709400,2.62825394
0.52773400,2.62825394
0.52837400,2.45185709
0.52901400,2.45185709
0.52965400,2.27546000
0.53029400,2.27546000
0.53093400,2.09967351
0.53157400,1.92327642
0.53221400,1.92327642
0.53285400,1.92327642
0.53349400,1.74687946
0.53413400,1.74687946
0.53477400,1.57048249
0.53541400,1.57048249
0.53605400,1.39469588
0.53669400,1.21829891
0.53733400,1.21829891
0.53797400,1.04190195
0.53861400,1.04190195
0.53925400,0.86550492
0.53989400,0.68971831
0.54053400,0.68971831
0.54117400,0.51332134
0.54181400,0.33692434
0.54245400,0.33692434
0.54309400,0.33692434
0.54373400,0.16052736
0.54437400,-0.01525925
0.54501400,-0.01525925
0.54565400,-0.19104587
0.54629400,-0.19104587
0.54693400,-0.36744285
0.54757400,-0.54383981
0.54821400,-0.54383981
0.54885400,-0.54383981
0.54949400,-0.72023684
0.55013400,-0.89602345
0.55077400,-0.89602345
0.55141400,-1.07242048
0.55205400,-1.07242048
0.55269400,-1.07242048
0.55333400,-1.24881744
0.55397400,-1.24881744
0.55461400,-1.42521441
0.55525400,-1.60100102
0.55589400,-1.77739799
0.55653400,-1.60100102
0.55717400,-1.77739799
0.55781400,-1.77739799
0.55845400,-1.95379496
0.55909400,-1.95379496
0.55973400,-1.95379496
0.56037400,-2.13019204
0.56101400,-2.13019204
0.56165400,-2.30597854
0.56229400,-2.30597854
0.56293400,-2.48237562
0.56357400,-2.48237562
0.56421400,-2.48237562
0.56485400,-2.48237562
0.56549400,-2.65877247
0.56613400,-2.65877247
0.56677400,-2.65877247
0.56741400,-2.65877247
0.56805400,-2.83516955
0.56869400,-2.83516955
0.56933400,-2.83516955
0.56997400,-2.83516955
0.57061400,-2.83516955
0.57125400,-2.83516955
0.57189400,-2.83516955
0.57253400,-3.01095605
0.57317400,-3.01095605
0.57381400,-3.01095605
0.57445400,-3.01095605
0.57509400,-3.01095605
0.57573400,-3.01095605
0.57637400,-3.01095605
0.57701400,-3.01095605
0.57765400,-3.01095605
0.57829400,-3.01095605
0.57893400,-3.01095605
0.57957400,-3.01095605
0.58021400,-3.01095605
0.58085400,-3.01095605
0.58149400,-2.83516955
0.58213400,-2.83516955
0.58277400,-2.83516955
0.58341400,-2.83516955
0.58405400,-2.83516955
0.58469400,-2.83516955
0.58533400,-2.65877247
0.58597400,-2.65877247
0.58661400,-2.65877247
0.58725400,-2.65877247
0.58789400,-2.48237562
0.58853400,-2.48237562
0.58917400,-2.48237562
0.58981400,-2.48237562
0.59045400,-2.30597854
0.59109400,-2.48237562
0.59173400,-2.30597854
0.59237400,-2.30597854
0.59301400,-2.30597854
0.59365400,-2.13019204
0.59429400,-2.13019204
0.59493400,-1.95379496
0.59557400,-1.95379496
0.59621400,-1.95379496
0.59685400,-1.77739799
0.59749400,-1.77739799
0.59813400,-1.77739799
0.59877400,-1.77739799
0.59941400,-1.60100102
0.60005400,-1.60100102
0.60069400,-1.42521441
0.60133400,-1.42521441
0.60197400,-1.24881744
0.60261400,-1.24881744
0.60325400,-1.07242048
0.60389400,-0.89602345
0.60453400,-0.89602345
0.60517400,-0.89602345
0.60581400,-0.89602345
0.60645400,-0.72023684
0.60709400,-0.54383981
0.60773400,-0.54383981
0.60837400,-0.54383981
0.60901400,-0.36744285
0.60965400,-0.36744285
0.61029400,-0.36744285
0.61093400,-0.19104587
0.61157400,-0.19104587
0.61221400,-0.01525925
0.61285400,-0.01525925
0.61349400,0.16052736
0.61413400,0.16052736
0.61477400,0.16052736
0.61541400,0.33692434
0.61605400,0.33692434
0.61669400,0.33692434
0.61733400,0.51332134
0.61797400,0.51332134
0.61861400,0.68971831
0.61925400,0.86550492
0.61989400,0.86550492
0.62053400,0.86550492
0.62117400,0.86550492
0.62181400,1.04190195
0.62245400,1.04190195
0.62309400,1.04190195
0.62373400,1.21829891
0.62437400,1.21829891
0.62501400,1.21829891
0.62565400,1.39469588
0.62629400,1.39469588
0.62693400,1.57048249
0.62757400,1.57048249
0.62821400,1.57048249
0.62885400,1.57048249
0.62949400,1.74687946
0.63013400,1.74687946
0.63077400,1.74687946
0.63141400,1.92327642
0.63205400,1.74687946
0.63269400,1.74687946
0.63333400,1.92327642
0.63397400,1.92327642
0.63461400,1.92327642
0.63525400,1.92327642
0.63589400,1.92327642
0.63653400,1.92327642
0.63717400,1.92327642
0.63781400,2.09967351
0.63845400,2.09967351
0.63909400,2.09967351
0.63973400,2.09967351
0.64037400,2.09967351
0.64101400,2.09967351
0.64165400,2.27546000
0.64229400,2.09967351
0.64293400,2.27546000
0.64357400,2.09967351
0.64421400,2.09967351
0.64485400,2.27546000
0.64549400,2.27546000
0.64613400,2.09967351
0.64677400,2.27546000
0.64741400,2.09967351
0.64805400,2.09967351
0.64869400,2.09967351
0.64933400,2.09967351
0.64997400,2.09967351
0.65061400,2.09967351
0.65125400,2.09967351
0.65189400,2.09967351
0.65253400,2.09967351
0.65317400,1.92327642
0.65381400,1.92327642
0.65445400,1.92327642
0.65509400,1.92327642
0.65573400,1.92327642
0.65637400,1.74687946
0.65701400,1.92327642
0.65765400,1.74687946
0.65829400,1.74687946
0.65893400,1.74687946
0.65957400,1.74687946
0.66021400,1.57048249
0.66085400,1.74687946
0.66149400,1.57048249
0.66213400,1.57048249
0.66277400,1.57048249
0.66341400,1.57048249
0.66405400,1.57048249
0.66469400,1.39469588
0.66533400,1.39469588
0.66597400,1.21829891
0.66661400,1.21829891
0.66725400,1.21829891
0.66789400,1.21829891
0.66853400,1.04190195
0.66917400,1.04190195
0.66981400,1.04190195
0.67045400,1.04190195
0.67109400,0.86550492
0.67173400,0.86550492
0.67237400,0.86550492
0.67301400,0.68971831
0.67365400,0.68971831
0.67429400,0.51332134
0.67493400,0.51332134
0.67557400,0.51332134
0.67621400,0.51332134
0.67685400,0.33692434
0.67749400,0.33692434
0.67813400,0.33692434
0.67877400,0.33692434
0.67941400,0.33692434
0.68005400,0.16052736
0.68069400,-0.01525925
0.68133400,-0.01525925
0.68197400,-0.01525925
0.68261400,-0.01525925
0.68325400,-0.19104587
0.68389400,-0.19104587
0.68453400,-0.19104587
0.68517400,-0.19104587
0.68581400,-0.36744285
0.68645400,-0.36744285
0.68709400,-0.36744285
0.68773400,-0.36744285
0.68837400,-0.54383981
0.68901400,-0.36744285
0.68965400,-0.54383981
0.69029400,-0.54383981
0.69093400,-0.54383981
0.69157400,-0.54383981
0.69221400,-0.72023684
0.69285400,-0.72023684
0.69349400,-0.89602345
0.69413400,-0.89602345
0.69477400,-0.89602345
0.69541400,-0.89602345
0.69605400,-0.89602345
0.69669400,-0.89602345
0.69733400,-1.07242048
0.69797400,-0.89602345
0.69861400,-1.07242048
0.69925400,-1.07242048
0.69989400,-1.07242048
0.70053400,-1.07242048
0.70117400,-1.07242048
0.70181400,-1.07242048
0.70245400,-1.07242048
0.70309400,-1.24881744
0.70373400,-1.24881744
0.70437400,-1.24881744
0.70501400,-1.24881744
0.70565400,-1.24881744
0.70629400,-1.24881744
0.70693400,-1.24881744
0.70757400,-1.42521441
0.70821400,-1.24881744
0.70885400,-1.42521441
0.70949400,-1.42521441
0.71013400,-1.42521441
0.71077400,-1.42521441
0.71141400,-1.42521441
0.71205400,-1.42521441
0.71269400,-1.24881744
0.71333400,-1.42521441
0.71397400,-1.42521441
0.71461400,-1.24881744
0.71525400,-1.24881744
0.71589400,-1.24881744
0.71653400,-1.24881744
0.71717400,-1.42521441
0.71781400,-1.24881744
0.71845400,-1.24881744
0.71909400,-1.24881744
0.71973400,-1.42521441
0.72037400,-1.24881744
0.72101400,-1.24881744
0.72165400,-1.24881744
0.72229400,-1.07242048
0.72293400,-1.24881744
0.72357400,-1.24881744
0.72421400,-1.24881744
0.72485400,-1.07242048
0.72549400,-1.24881744
0.72613400,-1.24881744
0.72677400,-1.07242048
0.72741400,-0.89602345
0.72805400,-1.07242048
0.72869400,-1.07242048
0.72933400,-1.07242048
0.72997400,-0.89602345
0.73061400,-0.89602345
0.73125400,-0.89602345
0.73189400,-0.89602345
0.73253400,-0.89602345
0.73317400,-0.89602345
0.73381400,-0.89602345
0.73445400,-0.72023684
0.73509400,-0.72023684
0.73573400,-0.72023684
0.73637400,-0.54383981
0.73701400,-0.72023684
0.73765400,-0.72023684
0.73829400,-0.54383981
0.73893400,-0.54383981
0.73957400,-0.54383981
0.74021400,-0.54383981
0.74085400,-0.36744285
0.74149400,-0.54383981
0.74213400,-0.36744285
0.74277400,-0.36744285
0.74341400,-0.36744285
0.74405400,-0.36744285
0.74469400,-0.36744285
0.74533400,-0.19104587
0.74597400,-0.19104587
0.74661400,-0.19104587
0.74725400,-0.19104587
0.74789400,-0.19104587
0.74853400,-0.19104587
0.74917400,-0.19104587
0.74981400,-0.19104587
0.75045400,-0.19104587
0.75109400,-0.01525925
0.75173400,-0.01525925
0.75237400,-0.01525925
0.75301400,-0.01525925
0.75365400,-0.01525925
0.75429400,0.16052736
0.75493400,0.16052736
0.75557400,0.16052736
0.75621400,0.16052736
0.75685400,0.16052736
0.75749400,0.16052736
0.75813400,0.16052736
0.75877400,0.33692434
0.75941400,0.16052736
0.76005400,0.33692434
0.76069400,0.33692434
0.76133400,0.33692434
0.76197400,0.33692434
0.76261400,0.33692434
0.76325400,0.33692434
0.76389400,0.33692434
0.76453400,0.33692434
0.76517400,0.33692434
0.76581400,0.33692434
0.76645400,0.33692434
0.76709400,0.51332134
0.76773400,0.51332134
0.76837400,0.33692434
0.76901400,0.51332134
0.76965400,0.51332134
0.77029400,0.51332134
0.77093400,0.51332134
0.77157400,0.51332134
0.77221400,0.51332134
0.77285400,0.51332134
0.77349400,0.51332134
0.77413400,0.51332134
0.77477400,0.51332134
0.77541400,0.51332134
0.77605400,0.51332134
0.77669400,0.51332134
0.77733400,0.51332134
0.77797400,0.51332134
0.77861400,0.68971831
0.77925400,0.51332134
0.77989400,0.51332134
0.78053400,0.51332134
0.78117400,0.51332134
0.78181400,0.51332134
0.78245400,0.51332134
0.78309400,0.51332134
0.78373400,0.51332134
0.78437400,0.51332134
0.78501400,0.68971831
0.78565400,0.68971831
0.78629400,0.51332134
0.78693400,0.68971831
0.78757400,0.51332134
0.78821400,0.51332134
0.78885400,0.51332134
0.78949400,0.51332134
0.79013400,0.51332134
0.79077400,0.51332134
0.79141400,0.51332134
0.79205400,0.51332134
0.79269400,0.51332134
0.79333400,0.51332134
0.79397400,0.51332134
0.79461400,0.51332134
0.79525400,0.51332134
0.79589400,0.51332134
0.79653400,0.51332134
0.79717400,0.51332134
0.79781400,0.51332134
0.79845400,0.51332134
0.79909400,0.51332134
0.79973400,0.51332134
0.80037400,0.51332134
0.80101400,0.33692434
0.80165400,0.33692434
0.80229400,0.51332134
0.80293400,0.33692434
0.80357400,0.51332134
0.80421400,0.51332134
0.80485400,0.33692434
0.80549400,0.33692434
0.80613400,0.51332134
0.80677400,0.51332134
0.80741400,0.33692434
0.80805400,0.33692434
0.80869400,0.33692434
0.80933400,0.33692434
0.80997400,0.33692434
0.81061400,0.33692434
0.81125400,0.33692434
0.81189400,0.33692434
0.81253400,0.33692434
0.81317400,0.33692434
0.81381400,0.33692434
0.81445400,0.33692434
0.81509400,0.33692434
0.81573400,0.33692434
0.81637400,0.33692434
0.81701400,0.33692434
0.81765400,0.33692434
0.81829399,0.33692434
0.81893399,0.33692434
0.81957399,0.33692434
0.82021399,0.33692434
0.82085399,0.33692434
0.82149399,0.33692434
0.82213399,0.33692434
0.82277399,0.33692434
0.82341399,0.16052736
0.82405399,0.33692434
0.82469399,0.33692434
0.82533399,0.16052736
0.82597399,0.33692434
0.82661399,0.16052736
0.82725399,0.33692434
0.82789399,0.16052736
0.82853399,0.33692434
0.82917399,0.16052736
0.82981399,0.33692434
0.83045399,0.16052736
0.83109399,0.16052736
0.83173399,0.16052736
0.83237399,0.33692434
0.83301399,0.33692434
0.83365399,0.16052736
0.83429399,0.33692434
0.83493399,0.33692434
0.83557399,0.16052736
0.83621399,0.16052736
0.83685399,0.16052736
0.83749399,0.16052736
0.83813399,0.16052736
0.83877399,0.16052736
0.83941399,0.16052736
0.84005399,0.16052736
0.84069399,0.16052736
0.84133399,0.16052736
0.84197399,0.16052736
0.84261399,0.16052736
0.84325399,0.16052736
0.84389399,0.16052736
0.84453399,0.16052736
0.84517399,0.16052736
0.84581399,0.16052736
0.84645399,0.16052736
0.84709399,0.16052736
0.84773399,0.16052736
0.84837399,0.16052736
0.84901399,0.16052736
0.84965399,0.16052736
0.85029399,0.16052736
0.85093399,0.16052736
0.85157399,0.16052736
0.85221399,0.16052736
0.85285399,0.16052736
0.85349399,0.16052736
0.85413399,0.16052736
0.85477399,0.16052736
0.85541399,0.16052736
0.85605399,0.16052736
0.85669399,0.16052736
0.85733399,0.16052736
0.85797399,-0.01525925
0.85861399,0.16052736
0.85925399,-0.01525925
0.85989399,-0.01525925
0.86053399,0.16052736
0.86117399,-0.01525925
0.86181399,0.16052736
0.86245399,-0.01525925
0.86309399,-0.01525925
0.86373399,-0.01525925
0.86437399,0.16052736
0.86501399,-0.01525925
0.86565399,-0.01525925
0.86629399,-0.01525925
0.86693399,-0.01525925
0.86757399,-0.01525925
0.86821399,-0.01525925
0.86885399,-0.01525925
0.86949399,-0.01525925
0.87013399,-0.19104587
0.87077399,-0.19104587
0.87141399,-0.19104587
0.87205399,-0.19104587
0.87269399,-0.19104587
0.87333399,-0.19104587
0.87397399,-0.19104587
0.87461399,-0.19104587
0.87525399,-0.19104587
0.87589399,-0.19104587
0.87653399,-0.19104587
0.87717399,-0.19104587
0.87781399,-0.19104587
0.87845399,-0.19104587
0.87909399,-0.19104587
0.87973399,-0.36744285
0.88037399,-0.19104587
0.88101399,-0.19104587
0.88165399,-0.36744285
0.88229399,-0.19104587
0.88293399,-0.36744285
0.88357399,-0.36744285
0.88421399,-0.36744285
0.88485399,-0.36744285
0.88549399,-0.36744285
0.88613399,-0.36744285
0.88677399,-0.36744285
0.88741399,-0.36744285
0.88805399,-0.36744285
0.88869399,-0.36744285
0.88933399,-0.54383981
0.88997399,-0.54383981
0.89061399,-0.54383981
0.89125399,-0.54383981
0.89189399,-0.54383981
0.89253399,-0.54383981
0.89317399,-0.54383981
0.89381399,-0.54383981
0.89445399,-0.54383981
0.89509399,-0.54383981
0.89573399,-0.72023684
0.89637399,-0.54383981
0.89701399,-0.72023684
0.89765399,-0.72023684
0.89829399,-0.72023684
0.89893399,-0.72023684
0.89957399,-0.72023684
0.90021399,-0.72023684
0.90085399,-0.72023684
0.90149399,-0.72023684
0.90213399,-0.72023684
0.90277399,-0.72023684
0.90341399,-0.89602345
0.90405399,-0.72023684
0.90469399,-0.89602345
0.90533399,-0.72023684
0.90597399,-0.72023684
0.90661399,-0.72023684
0.90725399,-0.72023684
0.90789399,-0.72023684
0.90853399,-0.72023684
0.90917399,-0.89602345
0.90981399,-0.72023684
0.91045399,-0.89602345
0.91109399,-0.89602345
0.91173399,-0.72023684
0.91237399,-0.72023684
0.91301399,-0.89602345
0.91365399,-0.72023684
0.91429399,-0.72023684
0.91493399,-0.89602345
0.91557399,-0.72023684
0.91621399,-0.89602345
0.91685399,-0.89602345
0.91749399,-0.72023684
0.91813399,-0.72023684
0.91877399,-0.72023684
0.91941399,-0.89602345
0.92005399,-0.72023684
0.92069399,-0.72023684
0.92133399,-0.72023684
0.92197399,-0.72023684
0.92261399,-0.72023684
0.92325399,-0.72023684
0.92389399,-0.72023684
0.92453399,-0.54383981
0.92517399,-0.54383981
0.92581399,-0.54383981
0.92645399,-0.72023684
0.92709399,-0.54383981
0.92773399,-0.54383981
0.92837399,-0.54383981
0.92901399,-0.36744285
0.92965399,-0.54383981
0.93029399,-0.54383981
0.93093399,-0.36744285
0.93157399,-0.36744285
0.93221399,-0.36744285
0.93285399,-0.36744285
0.93349399,-0.36744285
0.93413399,-0.36744285
0.93477399,-0.36744285
0.93541399,-0.36744285
0.93605399,-0.19104587
0.93669399,-0.19104587
0.93733399,-0.19104587
0.93797399,-0.19104587
0.93861399,-0.19104587
0.93925399,-0.19104587
0.93989399,-0.01525925
0.94053399,-0.01525925
0.94117399,-0.01525925
0.94181399,-0.01525925
0.94245399,0.16052736
0.94309399,0.16052736
0.94373399,0.16052736
0.94437399,0.16052736
0.94501399,0.16052736
0.94565399,0.16052736
0.94629399,0.33692434
0.94693399,0.33692434
0.94757399,0.33692434
0.94821399,0.33692434
0.94885399,0.33692434
0.94949399,0.33692434
0.95013399,0.51332134
0.95077399,0.51332134
0.95141399,0.51332134
0.95205399,0.51332134
0.95269399,0.51332134
0.95333399,0.51332134
0.95397399,0.68971831
0.95461399,0.68971831
0.95525399,0.68971831
0.95589399,0.68971831
0.95653399,0.86550492
0.95717399,0.86550492
0.95781399,0.86550492
0.95845399,0.86550492
0.95909399,0.86550492
0.95973399,0.86550492
0.96037399,1.04190195
0.96101399,1.04190195
0.96165399,1.04190195
0.96229399,1.04190195
0.96293399,1.04190195
0.96357399,1.04190195
0.96421399,1.04190195
0.96485399,1.21829891
0.96549399,1.21829891
0.96613399,1.21829891
0.96677399,1.21829891
0.96741399,1.21829891
0.96805399,1.21829891
0.96869399,1.21829891
0.96933399,1.21829891
0.96997399,1.39469588
0.97061399,1.39469588
0.97125399,1.39469588
0.97189399,1.39469588
0.97253399,1.39469588
0.97317399,1.39469588
0.97381399,1.39469588
0.97445399,1.39469588
0.97509399,1.39469588
0.97573399,1.57048249
0.97637399,1.57048249
0.97701399,1.39469588
0.97765399,1.57048249
0.97829399,1.57048249
0.97893399,1.57048249
0.97957399,1.39469588
0.98021399,1.57048249
0.98085399,1.39469588
0.98149399,1.57048249
0.98213399,1.57048249
0.98277399,1.57048249
0.98341399,1.39469588
0.98405399,1.57048249
0.98469399,1.39469588
0.98533399,1.39469588
0.98597399,1.39469588
0.98661399,1.39469588
0.98725399,1.39469588
0.98789399,1.39469588
0.98853399,1.39469588
0.98917399,1.21829891
0.98981399,1.39469588
0.99045399,1.21829891
0.99109399,1.39469588
0.99173399,1.21829891
0.99237399,1.21829891
0.99301399,1.21829891
0.99365399,1.21829891
0.99429399,1.21829891
0.99493399,1.04190195
0.99557399,1.04190195
0.99621399,1.04190195
0.99685399,1.04190195
0.99749399,1.04190195
0.99813399,0.86550492
0.99877399,1.04190195
0.99941399,0.86550492
1.00005399,0.86550492
1.00069399,0.86550492
1.00133399,0.86550492
1.00197399,0.68971831
1.00261399,0.68971831
1.00325399,0.68971831
1.00389399,0.51332134
1.00453399,0.51332134
1.00517399,0.51332134
1.00581399,0.51332134
1.00645399,0.51332134
1.00709399,0.33692434
1.00773399,0.33692434
1.00837399,0.33692434
1.00901399,0.33692434
1.00965399,0.16052736
1.01029399,0.16052736
1.01093399,0.16052736
1.01157399,-0.01525925
1.01221399,-0.01525925
1.01285399,-0.19104587
1.01349399,-0.19104587
1.01413399,-0.19104587
1.01477399,-0.19104587
1.01541399,-0.19104587
1.01605399,-0.36744285
1.01669399,-0.36744285
1.01733399,-0.36744285
1.01797399,-0.36744285
1.01861399,-0.54383981
1.01925399,-0.54383981
1.01989399,-0.54383981
1.02053399,-0.72023684
1.02117399,-0.72023684
1.02181399,-0.72023684
1.02245399,-0.89602345
1.02309399,-0.89602345
1.02373399,-0.89602345
1.02437399,-0.89602345
1.02501399,-1.07242048
1.02565399,-1.07242048
1.02629399,-1.07242048
1.02693399,-1.24881744
1.02757399,-1.24881744
1.02821399,-1.24881744
1.02885399,-1.24881744
1.02949399,-1.42521441
1.03013399,-1.42521441
1.03077399,-1.42521441
1.03141399,-1.60100102
1.03205399,-1.60100102
1.03269399,-1.60100102
1.03333399,-1.60100102
1.03397399,-1.60100102
1.03461399,-1.60100102
1.03525399,-1.77739799
1.03589399,-1.77739799
1.03653399,-1.77739799
1.03717399,-1.77739799
1.03781399,-1.77739799
1.03845399,-1.77739799
1.03909399,-1.77739799
1.03973399,-1.77739799
1.04037399,-1.77739799
1.04101399,-1.95379496
1.04165399,-1.95379496
1.04229399,-1.95379496
1.04293399,-1.95379496
1.04357399,-1.95379496
1.04421399,-1.95379496
1.04485399,-1.95379496
1.04549399,-1.95379496
1.04613399,-1.95379496
1.04677399,-1.95379496
1.04741399,-1.95379496
1.04805399,-1.95379496
1.04869399,-1.95379496
1.04933399,-1.95379496
1.04997399,-1.95379496
1.05061399,-1.95379496
1.05125399,-1.95379496
1.05189399,-1.95379496
1.05253399,-1.95379496
1.05317399,-1.95379496
1.05381399,-1.95379496
1.05445399,-1.95379496
1.05509399,-1.77739799
1.05573399,-1.77739799
1.05637399,-1.77739799
1.05701399,-1.77739799
1.05765399,-1.77739799
1.05829399,-1.77739799
1.05893399,-1.77739799
1.05957399,-1.60100102
1.06021399,-1.60100102
1.06085399,-1.60100102
1.06149399,-1.60100102
1.06213399,-1.60100102
1.06277399,-1.42521441
1.06341399,-1.60100102
1.06405399,-1.42521441
1.06469399,-1.42521441
1.06533399,-1.24881744
1.06597399,-1.42521441
1.06661399,-1.24881744
1.06725399,-1.24881744
1.06789399,-1.07242048
1.06853399,-1.07242048
1.06917399,-1.07242048
1.06981399,-1.07242048
1.07045399,-0.89602345
1.07109399,-0.89602345
1.07173399,-0.72023684
1.07237399,-0.89602345
1.07301399,-0.72023684
1.07365399,-0.72023684
1.07429399,-0.54383981
1.07493399,-0.54383981
1.07557399,-0.36744285
1.07621399,-0.36744285
1.07685399,-0.36744285
1.07749399,-0.36744285
1.07813399,-0.19104587
1.07877399,-0.19104587
1.07941399,-0.01525925
1.08005399,-0.01525925
1.08069399,0.16052736
1.08133399,0.16052736
1.08197399,0.16052736
1.08261399,0.33692434
1.08325399,0.33692434
1.08389399,0.33692434
1.08453399,0.33692434
1.08517399,0.51332134
1.08581399,0.68971831
1.08645399,0.51332134
1.08709399,0.68971831
1.08773399,0.86550492
1.08837399,0.86550492
1.08901399,0.86550492
1.08965399,1.04190195
1.09029399,1.04190195
1.09093399,1.04190195
1.09157399,1.21829891
1.09221399,1.21829891
1.09285399,1.39469588
1.09349399,1.39469588
1.09413399,1.57048249
1.09477399,1.39469588
1.09541399,1.57048249
1.09605399,1.57048249
1.09669399,1.74687946
1.09733399,1.74687946
1.09797399,1.74687946
1.09861399,1.74687946
1.09925399,1.92327642
1.09989399,1.92327642
1.10053399,1.92327642
1.10117399,1.92327642
1.10181399,1.92327642
1.10245399,1.92327642
1.10309399,2.09967351
1.10373399,2.09967351
1.10437399,2.09967351
1.10501399,2.27546000
1.10565399,2.27546000
1.10629399,2.27546000
1.10693399,2.27546000
1.10757399,2.27546000
1.10821399,2.27546000
1.10885399,2.45185709
1.10949399,2.45185709
1.11013399,2.45185709
1.11077399,2.45185709
1.11141399,2.45185709
1.11205399,2.45185709
1.11269399,2.45185709
1.11333399,2.45185709
1.11397399,2.45185709
1.11461399,2.45185709
1.11525399,2.45185709
1.11589399,2.45185709
1.11653399,2.45185709
1.11717399,2.45185709
1.11781399,2.45185709
1.11845399,2.45185709
1.11909399,2.45185709
1.11973399,2.45185709
1.12037399,2.45185709
1.12101399,2.45185709
1.12165399,2.45185709
1.12229399,2.45185709
1.12293399,2.27546000
1.12357399,2.27546000
1.12421399,2.27546000
1.12485399,2.27546000
1.12549399,2.27546000
1.12613399,2.27546000
1.12677399,2.09967351
1.12741399,2.09967351
1.12805399,2.09967351
1.12869399,1.92327642
1.12933399,1.92327642
1.12997399,1.92327642
1.13061399,1.92327642
1.13125399,1.74687946
1.13189399,1.74687946
1.13253399,1.74687946
1.13317399,1.74687946
1.13381399,1.74687946
1.13445399,1.57048249
1.13509399,1.57048249
1.13573399,1.57048249
1.13637399,1.39469588
1.13701399,1.21829891
1.13765399,1.21829891
1.13829399,1.21829891
1.13893399,1.21829891
1.13957399,1.04190195
1.14021399,1.04190195
1.14085399,0.86550492
1.14149399,0.86550492
1.14213399,0.86550492
1.14277399,0.68971831
1.14341399,0.51332134
1.14405399,0.51332134
1.14469399,0.51332134
1.14533399,0.33692434
1.14597399,0.33692434
1.14661399,0.16052736
1.14725399,0.16052736
1.14789399,0.16052736
1.14853399,-0.01525925
1.14917399,-0.19104587
1.14981399,-0.19104587
1.15045399,-0.19104587
1.15109399,-0.36744285
1.15173399,-0.36744285
1.15237399,-0.54383981
1.15301399,-0.54383981
1.15365399,-0.54383981
1.15429399,-0.72023684
1.15493399,-0.89602345
1.15557399,-0.89602345
1.15621399,-0.89602345
1.15685399,-1.07242048
1.15749399,-1.07242048
1.15813399,-1.24881744
1.15877399,-1.24881744
1.15941399,-1.24881744
1.16005399,-1.42521441
1.16069399,-1.60100102
1.16133399,-1.60100102
1.16197399,-1.60100102
1.16261399,-1.60100102
1.16325399,-1.77739799
1.16389399,-1.77739799
1.16453399,-1.77739799
1.16517399,-1.77739799
1.16581399,-1.95379496
1.16645399,-1.95379496
1.16709399,-2.13019204
1.16773399,-2.13019204
1.16837399,-2.30597854
1.16901399,-2.30597854
1.16965399,-2.48237562
1.17029399,-2.30597854
1.17093399,-2.48237562
1.17157399,-2.48237562
1.17221399,-2.48237562
1.17285399,-2.48237562
1.17349399,-2.48237562
1.17413399,-2.65877247
1.17477399,-2.65877247
1.17541399,-2.83516955
1.17605399,-2.65877247
1.17669399,-2.83516955
1.17733399,-2.83516955
1.17797399,-2.65877247
1.17861399,-2.65877247
1.17925399,-2.83516955
1.17989399,-2.83516955
1.18053399,-2.83516955
1.18117399,-2.83516955
1.18181399,-2.83516955
1.18245399,-2.83516955
1.18309399,-2.83516955
1.18373399,-3.01095605
1.18437399,-2.83516955
1.18501399,-2.83516955
1.18565399,-2.83516955
1.18629399,-2.83516955
1.18693399,-2.83516955
1.18757399,-2.83516955
1.18821399,-2.83516955
1.18885399,-2.83516955
1.18949399,-2.65877247
1.19013399,-2.65877247
1.19077399,-2.65877247
1.19141399,-2.65877247
1.19205399,-2.65877247
1.19269399,-2.48237562
1.19333399,-2.48237562
1.19397399,-2.48237562
1.19461399,-2.48237562
1.19525399,-2.48237562
1.19589399,-2.48237562
1.19653399,-2.30597854
1.19717399,-2.30597854
1.19781399,-2.30597854
1.19845399,-2.30597854
1.19909399,-2.13019204
1.19973399,-1.95379496
1.20037399,-2.13019204
1.20101399,-1.95379496
1.20165399,-1.95379496
1.20229399,-1.77739799
1.20293399,-1.77739799
1.20357399,-1.60100102
1.20421399,-1.60100102
1.20485399,-1.60100102
1.20549399,-1.42521441
1.20613399,-1.42521441
1.20677399,-1.24881744
1.20741399,-1.24881744
1.20805399,-1.07242048
1.20869399,-1.07242048
1.20933399,-0.89602345
1.20997399,-0.89602345
1.21061399,-0.89602345
1.21125399,-0.72023684
1.21189399,-0.54383981
1.21253399,-0.36744285
1.21317399,-0.36744285
1.21381399,-0.36744285
1.21445399,-0.19104587
1.21509399,-0.19104587
1.21573399,-0.19104587
1.21637399,-0.01525925
1.21701399,0.16052736
1.21765399,0.16052736
1.21829399,0.33692434
1.21893399,0.33692434
1.21957399,0.51332134
1.22021399,0.51332134
1.22085399,0.68971831
1.22149399,0.86550492
1.22213399,0.86550492
1.22277399,0.86550492
1.22341399,1.04190195
1.22405399,1.21829891
1.22469399,1.21829891
1.22533399,1.21829891
1.22597399,1.39469588
1.22661399,1.39469588
1.22725399,1.57048249
1.22789399,1.74687946
1.22853399,1.74687946
1.22917399,1.74687946
1.22981399,1.74687946
1.23045399,1.92327642
1.23109399,1.92327642
1.23173399,2.09967351
1.23237399,2.09967351
1.23301399,2.27546000
1.23365399,2.27546000
1.23429399,2.45185709
1.23493399,2.45185709
1.23557399,2.45185709
1.23621399,2.45185709
1.23685399,2.62825394
1.23749399,2.80465102
1.23813399,2.80465102
1.23877399,2.80465102
1.23941399,2.80465102
1.24005399,2.98043752
1.24069399,2.98043752
1.24133399,2.98043752
1.24197399,2.98043752
1.24261399,3.15683460
1.24325399,3.15683460
1.24389399,3.15683460
1.24453399,3.15683460
1.24517399,3.15683460
1.24581399,3.33323169
1.24645399,3.33323169
1.24709399,3.33323169
1.24773399,3.15683460
1.24837399,3.15683460
1.24901399,3.33323169
1.24965399,3.33323169
1.25029399,3.33323169
1.25093399,3.33323169
1.25157399,3.33323169
1.25221399,3.15683460
1.25285399,3.33323169
1.25349399,3.15683460
1.25413399,3.15683460
1.25477399,3.15683460
1.25541399,3.33323169
1.25605399,3.15683460
1.25669399,3.15683460
1.25733399,3.15683460
1.25797399,3.15683460
1.25861399,3.15683460
1.25925399,3.15683460
1.25989399,3.15683460
1.26053399,2.98043752
1.26117399,2.98043752
1.26181399,2.98043752
1.26245399,2.80465102
1.26309399,2.80465102
1.26373399,2.80465102
1.26437399,2.62825394
1.26501399,2.62825394
1.26565399,2.45185709
1.26629399,2.45185709
1.26693399,2.45185709
1.26757399,2.45185709
1.26821399,2.27546000
1.26885399,2.27546000
1.26949399,2.09967351
1.27013399,2.09967351
1.27077399,1.92327642
1.27141399,1.92327642
1.27205399,1.74687946
1.27269399,1.74687946
1.27333399,1.57048249
1.27397399,1.57048249
1.27461399,1.39469588
1.27525399,1.39469588
1.27589399,1.21829891
1.27653399,1.21829891
1.27717399,1.04190195
1.27781399,1.04190195
1.27845399,0.86550492
1.27909399,0.86550492
1.27973399,0.68971831
1.28037399,0.68971831
1.28101399,0.51332134
1.28165399,0.51332134
1.28229399,0.33692434
1.28293399,0.33692434
1.28357399,0.16052736
1.28421399,-0.01525925
1.28485399,-0.19104587
1.28549399,-0.19104587
1.28613399,-0.19104587
1.28677399,-0.36744285
1.28741399,-0.54383981
1.28805399,-0.54383981
1.28869399,-0.54383981
1.28933399,-0.72023684
1.28997399,-0.89602345
1.29061399,-0.89602345
1.29125399,-1.07242048
1.29189399,-1.24881744
1.29253399,-1.24881744
1.29317399,-1.42521441
1.29381399,-1.60100102
1.29445399,-1.60100102
1.29509399,-1.77739799
1.29573399,-1.77739799
1.29637399,-1.77739799
1.29701399,-1.95379496
1.29765399,-1.95379496
1.29829399,-2.13019204
1.29893399,-2.13019204
1.29957399,-2.30597854
1.30021399,-2.48237562
1.30085399,-2.48237562
1.30149399,-2.48237562
1.30213399,-2.48237562
1.30277399,-2.65877247
1.30341399,-2.65877247
1.30405399,-2.83516955
1.30469399,-2.83516955
1.30533399,-2.83516955
1.30597399,-3.01095605
1.30661399,-3.01095605
1.30725399,-3.01095605
1.30789399,-3.18735313
1.30853399,-3.18735313
1.30917399,-3.18735313
1.30981399,-3.18735313
1.31045399,-3.18735313
1.31109399,-3.18735313
1.31173399,-3.36375022
1.31237399,-3.36375022
1.31301399,-3.36375022
1.31365399,-3.36375022
1.31429399,-3.54014707
1.31493399,-3.54014707
1.31557399,-3.36375022
1.31621399,-3.54014707
1.31685399,-3.54014707
1.31749399,-3.36375022
1.31813399,-3.54014707
1.31877399,-3.54014707
1.31941399,-3.36375022
1.32005399,-3.54014707
1.32069399,-3.54014707
1.32133399,-3.54014707
1.32197399,-3.54014707
1.32261399,-3.54014707
1.32325399,-3.36375022
1.32389399,-3.36375022
1.32453399,-3.36375022
1.32517399,-3.36375022
1.32581399,-3.36375022
1.32645399,-3.18735313
1.32709399,-3.18735313
1.32773399,-3.18735313
1.32837399,-3.18735313
1.32901399,-3.01095605
1.32965399,-3.01095605
1.33029399,-3.01095605
1.33093399,-3.01095605
1.33157399,-3.01095605
1.33221399,-2.83516955
1.33285399,-2.65877247
1.33349399,-2.65877247
1.33413399,-2.65877247
1.33477399,-2.48237562
1.33541399,-2.48237562
1.33605399,-2.48237562
1.33669399,-2.30597854
1.33733399,-2.30597854
1.33797399,-2.30597854
1.33861399,-2.13019204
1.33925399,-2.13019204
1.33989399,-1.95379496
1.34053399,-1.77739799
1.34117399,-1.77739799
1.34181399,-1.60100102
1.34245399,-1.60100102
1.34309399,-1.60100102
1.34373399,-1.24881744
1.34437399,-1.24881744
1.34501399,-1.24881744
1.34565399,-1.07242048
1.34629399,-0.89602345
1.34693399,-0.89602345
1.34757399,-0.72023684
1.34821399,-0.54383981
1.34885399,-0.54383981
1.34949399,-0.36744285
1.35013399,-0.19104587
1.35077399,-0.36744285
1.35141399,-0.01525925
1.35205399,0.16052736
1.35269399,0.16052736
1.35333399,0.16052736
1.35397399,0.33692434
1.35461399,0.51332134
1.35525399,0.51332134
1.35589399,0.68971831
1.35653399,0.86550492
1.35717399,0.86550492
1.35781399,1.04190195
1.35845399,1.21829891
1.35909399,1.21829891
1.35973399,1.39469588
1.36037399,1.39469588
1.36101399,1.57048249
1.36165399,1.57048249
1.36229399,1.74687946
1.36293399,1.74687946
1.36357399,1.92327642
1.36421399,1.92327642
1.36485399,2.09967351
1.36549399,2.09967351
1.36613399,2.27546000
1.36677399,2.45185709
1.36741399,2.45185709
1.36805399,2.45185709
1.36869399,2.62825394
1.36933399,2.62825394
1.36997399,2.80465102
1.37061399,2.98043752
1.37125399,2.98043752
1.37189399,2.98043752
1.37253399,3.15683460
1.37317399,3.15683460
1.37381399,3.15683460
1.37445399,3.15683460
1.37509399,3.33323169
1.37573399,3.33323169
1.37637399,3.50962853
1.37701399,3.50962853
1.37765399,3.50962853
1.37829399,3.50962853
1.37893399,3.68541527
1.37957399,3.68541527
1.38021399,3.68541527
1.38085399,3.68541527
1.38149399,3.86181211
1.38213399,3.68541527
1.38277399,3.86181211
1.38341399,3.86181211
1.38405399,3.86181211
1.38469399,3.86181211
1.38533399,3.86181211
1.38597399,3.86181211
1.38661399,3.86181211
1.38725399,3.86181211
1.38789399,3.86181211
1.38853399,3.86181211
1.38917399,3.86181211
1.38981399,3.68541527
1.39045399,3.86181211
1.39109399,3.68541527
1.39173399,3.68541527
1.39237399,3.68541527
1.39301399,3.68541527
1.39365399,3.68541527
1.39429399,3.50962853
1.39493399,3.50962853
1.39557399,3.50962853
1.39621399,3.33323169
1.39685399,3.33323169
1.39749399,3.33323169
1.39813399,3.15683460
1.39877399,3.15683460
1.39941399,3.15683460
1.40005399,2.98043752
1.40069399,3.15683460
1.40133399,2.80465102
1.40197399,2.80465102
1.40261399,2.80465102
1.40325399,2.62825394
1.40389399,2.62825394
1.40453399,2.45185709
1.40517399,2.45185709
1.40581399,2.27546000
1.40645399,2.27546000
1.40709399,2.09967351
1.40773399,1.92327642
1.40837399,1.92327642
1.40901399,1.74687946
1.40965399,1.74687946
1.41029399,1.74687946
1.41093399,1.57048249
1.41157399,1.57048249
1.41221399,1.39469588
1.41285399,1.21829891
1.41349399,1.21829891
1.41413399,1.04190195
1.41477399,0.86550492
1.41541399,0.86550492
1.41605399,0.68971831
1.41669399,0.51332134
1.41733399,0.51332134
1.41797399,0.33692434
1.41861399,0.33692434
1.41925399,0.16052736
1.41989399,-0.01525925
1.42053399,-0.01525925
1.42117399,-0.19104587
1.42181399,-0.36744285
1.42245399,-0.36744285
1.42309399,-0.54383981
1.42373399,-0.72023684
1.42437399,-0.89602345
1.42501399,-0.89602345
1.42565399,-0.89602345
1.42629399,-1.24881744
1.42693399,-1.24881744
1.42757399,-1.24881744
1.42821399,-1.60100102
1.42885399,-1.60100102
1.42949399,-1.77739799
1.43013399,-1.77739799
1.43077399,-1.77739799
1.43141399,-1.95379496
1.43205399,-2.13019204
1.43269399,-2.13019204
1.43333399,-2.30597854
1.43397399,-2.48237562
1.43461399,-2.48237562
1.43525399,-2.48237562
1.43589399,-2.65877247
1.43653399,-2.83516955
1.43717399,-2.65877247
1.43781399,-2.83516955
1.43845399,-3.01095605
1.43909399,-3.01095605
1.43973399,-3.18735313
1.44037399,-3.18735313
1.44101399,-3.18735313
1.44165399,-3.36375022
1.44229399,-3.18735313
1.44293399,-3.36375022
1.44357399,-3.36375022
1.44421399,-3.54014707
1.44485399,-3.71593380
1.44549399,-3.71593380
1.44613399,-3.71593380
1.44677399,-3.71593380
1.44741399,-3.71593380
1.44805399,-3.71593380
1.44869399,-3.89233065
1.44933399,-3.89233065
1.44997399,-3.89233065
1.45061399,-3.71593380
1.45125399,-3.89233065
1.45189399,-3.89233065
1.45253399,-3.89233065
1.45317399,-3.89233065
1.45381399,-3.89233065
1.45445399,-3.89233065
1.45509399,-3.89233065
1.45573399,-3.89233065
1.45637399,-3.89233065
1.45701399,-3.89233065
1.45765399,-3.89233065
1.45829399,-3.89233065
1.45893399,-3.71593380
1.45957399,-3.89233065
1.46021399,-3.71593380
1.46085399,-3.71593380
1.46149399,-3.71593380
1.46213399,-3.54014707
1.46277399,-3.71593380
1.46341399,-3.54014707
1.46405399,-3.36375022
1.46469399,-3.36375022
1.46533399,-3.18735313
1.46597399,-3.36375022
1.46661399,-3.18735313
1.46725399,-3.18735313
1.46789399,-3.18735313
1.46853399,-3.01095605
1.46917399,-3.01095605
1.46981399,-2.83516955
1.47045399,-2.83516955
1.47109399,-2.65877247
1.47173399,-2.65877247
1.47237399,-2.48237562
1.47301399,-2.48237562
1.47365399,-2.48237562
1.47429399,-2.30597854
1.47493399,-2.13019204
1.47557399,-2.13019204
1.47621399,-1.95379496
1.47685399,-1.77739799
1.47749399,-1.77739799
1.47813399,-1.77739799
1.47877399,-1.60100102
1.47941399,-1.60100102
1.48005399,-1.42521441
1.48069399,-1.24881744
1.48133399,-1.07242048
1.48197399,-0.89602345
1.48261399,-0.89602345
1.48325399,-0.72023684
1.48389399,-0.72023684
1.48453399,-0.54383981
1.48517399,-0.36744285
1.48581399,-0.36744285
1.48645399,-0.19104587
1.48709399,-0.19104587
1.48773399,-0.01525925
1.48837399,0.16052736
1.48901399,0.33692434
1.48965399,0.33692434
1.49029399,0.51332134
1.49093399,0.68971831
1.49157399,0.68971831
1.49221399,0.86550492
1.49285399,1.04190195
1.49349399,1.04190195
1.49413399,1.21829891
1.49477399,1.21829891
1.49541399,1.39469588
1.49605399,1.57048249
1.49669399,1.74687946
1.49733399,1.74687946
1.49797399,1.92327642
1.49861399,1.92327642
1.49925399,2.09967351
1.49989399,2.27546000
1.50053399,2.27546000
1.50117399,2.27546000
1.50181399,2.45185709
1.50245399,2.45185709
1.50309399,2.62825394
1.50373399,2.80465102
1.50437399,2.80465102
1.50501399,2.98043752
1.50565399,2.98043752
1.50629399,3.15683460
1.50693399,3.15683460
1.50757399,3.15683460
1.50821399,3.33323169
1.50885399,3.33323169
1.50949399,3.50962853
1.51013399,3.50962853
1.51077399,3.68541527
1.51141399,3.68541527
1.51205399,3.68541527
1.51269399,3.68541527
1.51333399,3.86181211
1.51397399,3.86181211
1.51461399,3.86181211
1.51525399,3.86181211
1.51589399,3.86181211
1.51653399,3.86181211
1.51717399,4.03820896
1.51781399,3.86181211
1.51845399,4.03820896
1.51909399,4.03820896
1.51973399,4.03820896
1.52037399,4.03820896
1.52101399,4.03820896
1.52165399,4.03820896
1.52229399,4.03820896
1.52293399,4.03820896
1.52357399,4.03820896
1.52421399,4.03820896
1.52485399,4.03820896
1.52549399,4.03820896
1.52613399,3.86181211
1.52677399,3.86181211
1.52741399,3.86181211
1.52805399,3.86181211
1.52869399,3.86181211
1.52933399,3.86181211
1.52997399,3.68541527
1.53061399,3.68541527
1.53125399,3.68541527
1.53189399,3.50962853
1.53253399,3.50962853
1.53317399,3.50962853
1.53381399,3.33323169
1.53445399,3.33323169
1.53509399,3.33323169
1.53573399,3.15683460
1.53637399,3.15683460
1.53701399,3.15683460
1.53765399,2.98043752
1.53829399,2.98043752
1.53893399,2.80465102
1.53957399,2.62825394
1.54021399,2.62825394
1.54085399,2.45185709
1.54149399,2.45185709
1.54213399,2.45185709
1.54277399,2.27546000
1.54341399,2.09967351
1.54405399,1.92327642
1.54469399,1.92327642
1.54533399,1.74687946
1.54597399,1.74687946
1.54661399,1.57048249
1.54725399,1.57048249
1.54789399,1.57048249
1.54853399,1.21829891
1.54917399,1.21829891
1.54981399,1.04190195
1.55045399,0.86550492
1.55109399,0.86550492
1.55173399,0.68971831
1.55237399,0.51332134
1.55301399,0.51332134
1.55365399,0.33692434
1.55429399,0.33692434
1.55493399,0.16052736
1.55557399,-0.01525925
1.55621399,-0.19104587
1.55685399,-0.36744285
1.55749399,-0.36744285
1.55813399,-0.54383981
1.55877399,-0.72023684
1.55941399,-0.72023684
1.56005399,-0.89602345
1.56069399,-0.89602345
1.56133399,-1.07242048
1.56197399,-1.24881744
1.56261399,-1.24881744
1.56325399,-1.60100102
1.56389399,-1.60100102
1.56453399,-1.60100102
1.56517399,-1.77739799
1.56581399,-1.77739799
1.56645399,-1.95379496
1.56709399,-2.13019204
1.56773399,-2.30597854
1.56837399,-2.30597854
1.56901399,-2.48237562
1.56965399,-2.48237562
1.57029399,-2.65877247
1.57093399,-2.65877247
1.57157399,-2.65877247
1.57221399,-2.83516955
1.57285399,-3.01095605
1.57349399,-3.01095605
1.57413399,-3.18735313
1.57477399,-3.18735313
1.57541399,-3.18735313
1.57605399,-3.18735313
1.57669399,-3.36375022
1.57733399,-3.54014707
1.57797399,-3.54014707
1.57861399,-3.54014707
1.57925399,-3.54014707
1.57989399,-3.54014707
1.58053399,-3.71593380
1.58117399,-3.71593380
1.58181399,-3.71593380
1.58245399,-3.89233065
1.58309399,-3.89233065
1.58373399,-3.89233065
1.58437399,-3.89233065
1.58501399,-3.89233065
1.58565399,-3.89233065
1.58629399,-3.89233065
1.58693399,-3.89233065
1.58757399,-3.89233065
1.58821399,-4.06872749
1.58885399,-4.06872749
1.58949399,-3.89233065
1.59013399,-3.89233065
1.59077399,-3.89233065
1.59141399,-3.89233065
1.59205399,-4.06872749
1.59269399,-3.89233065
1.59333399,-3.89233065
1.59397399,-3.89233065
1.59461399,-3.89233065
1.59525399,-3.89233065
1.59589399,-3.89233065
1.59653399,-3.71593380
1.59717399,-3.71593380
1.59781399,-3.71593380
1.59845399,-3.71593380
1.59909399,-3.54014707
1.59973399,-3.54014707
1.60037399,-3.54014707
1.60101399,-3.36375022
1.60165399,-3.36375022
1.60229399,-3.36375022
1.60293399,-3.18735313
1.60357399,-3.18735313
1.60421399,-3.18735313
1.60485399,-3.01095605
1.60549399,-3.01095605
1.60613399,-2.83516955
1.60677399,-2.65877247
1.60741399,-2.65877247
1.60805399,-2.48237562
1.60869399,-2.48237562
1.60933399,-2.30597854
1.60997399,-2.30597854
1.61061399,-2.30597854
1.61125399,-1.95379496
1.61189399,-1.95379496
1.61253399,-1.95379496
1.61317399,-1.77739799
1.61381399,-1.77739799
1.61445399,-1.60100102
1.61509399,-1.60100102
1.61573399,-1.24881744
1.61637399,-1.24881744
1.61701399,-1.07242048
1.61765399,-0.89602345
1.61829399,-0.89602345
1.61893399,-0.72023684
1.61957399,-0.54383981
1.62021399,-0.54383981
1.62085399,-0.36744285
1.62149399,-0.19104587
1.62213399,-0.19104587
1.62277399,-0.01525925
1.62341399,0.16052736
1.62405399,0.16052736
1.62469399,0.33692434
1.62533399,0.51332134
1.62597399,0.51332134
1.62661399,0.68971831
1.62725399,0.68971831
1.62789399,0.86550492
1.62853399,1.04190195
1.62917399,1.21829891
1.62981399,1.21829891
1.63045399,1.39469588
1.63109399,1.39469588
1.63173399,1.57048249
1.63237399,1.74687946
1.63301399,1.74687946
1.63365399,1.92327642
1.63429399,1.92327642
1.63493399,2.09967351
1.63557399,2.27546000
1.63621399,2.45185709
1.63685399,2.45185709
1.63749399,2.62825394
1.63813399,2.62825394
1.63877399,2.80465102
1.63941399,2.80465102
1.64005399,2.98043752
1.64069399,2.98043752
1.64133399,3.15683460
1.64197399,3.15683460
1.64261399,3.15683460
1.64325399,3.33323169
1.64389399,3.33323169
1.64453399,3.33323169
1.64517399,3.33323169
1.64581399,3.50962853
1.64645399,3.50962853
1.64709399,3.68541527
1.64773399,3.68541527
1.64837399,3.86181211
1.64901399,3.86181211
1.64965399,3.86181211
1.65029399,3.86181211
1.65093399,3.86181211
1.65157399,3.86181211
1.65221399,4.03820896
1.65285399,4.03820896
1.65349399,4.03820896
1.65413399,4.03820896
1.65477399,4.03820896
1.65541399,4.03820896
1.65605399,4.03820896
1.65669399,4.03820896
1.65733399,4.03820896
1.65797399,4.03820896
1.65861399,4.03820896
1.65925399,4.03820896
1.65989399,4.03820896
1.66053399,4.03820896
1.66117399,4.03820896
1.66181399,3.86181211
1.66245399,3.86181211
1.66309399,3.86181211
1.66373399,3.86181211
1.66437399,3.86181211
1.66501399,3.86181211
1.66565399,3.86181211
1.66629399,3.68541527
1.66693399,3.68541527
1.66757399,3.68541527
1.66821399,3.50962853
1.66885399,3.33323169
1.66949399,3.33323169
1.67013399,3.33323169
1.67077399,3.33323169
1.67141399,3.15683460
1.67205399,3.15683460
1.67269399,3.15683460
1.67333399,2.98043752
1.67397399,2.80465102
1.67461399,2.62825394
1.67525399,2.62825394
1.67589399,2.62825394
1.67653399,2.45185709
1.67717399,2.45185709
1.67781399,2.45185709
1.67845399,2.27546000
1.67909399,2.09967351
1.67973399,1.92327642
1.68037399,1.74687946
1.68101399,1.74687946
1.68165399,1.74687946
1.68229399,1.57048249
1.68293399,1.57048249
1.68357399,1.21829891
1.68421399,1.21829891
1.68485399,1.04190195
1.68549399,1.04190195
1.68613399,0.86550492
1.68677399,0.68971831
1.68741399,0.68971831
1.68805399,0.51332134
1.68869399,0.33692434
1.68933399,0.33692434
1.68997399,0.16052736
1.69061399,0.16052736
1.69125399,-0.01525925
1.69189399,-0.19104587
1.69253399,-0.36744285
1.69317399,-0.36744285
1.69381399,-0.36744285
1.69445399,-0.54383981
1.69509399,-0.72023684
1.69573399,-0.89602345
1.69637399,-0.89602345
1.69701399,-1.24881744
1.69765399,-1.24881744
1.69829399,-1.24881744
1.69893399,-1.42521441
1.69957399,-1.60100102
1.70021399,-1.77739799
1.70085399,-1.77739799
1.70149399,-1.77739799
1.70213399,-1.95379496
1.70277399,-2.13019204
1.70341399,-2.30597854
1.70405399,-2.30597854
1.70469399,-2.30597854
1.70533399,-2.48237562
1.70597399,-2.65877247
1.70661399,-2.65877247
1.70725399,-2.83516955
1.70789399,-2.65877247
1.70853399,-2.83516955
1.70917399,-3.01095605
1.70981399,-3.01095605
1.71045399,-3.18735313
1.71109399,-3.18735313
1.71173399,-3.18735313
1.71237399,-3.36375022
1.71301399,-3.36375022
1.71365399,-3.36375022
1.71429399,-3.36375022
1.71493399,-3.71593380
1.71557399,-3.54014707
1.71621399,-3.54014707
1.71685399,-3.71593380
1.71749399,-3.71593380
1.71813399,-3.71593380
1.71877399,-3.89233065
1.71941399,-3.89233065
1.72005399,-3.89233065
1.72069399,-3.89233065
1.72133399,-3.89233065
1.72197399,-3.89233065
1.72261399,-3.89233065
1.72325399,-3.89233065
1.72389399,-3.89233065
1.72453399,-3.89233065
1.72517399,-3.89233065
1.72581399,-3.89233065
1.72645399,-3.89233065
1.72709399,-3.89233065
1.72773399,-3.89233065
1.72837399,-3.71593380
1.72901399,-3.89233065
1.72965399,-3.89233065
1.73029399,-3.71593380
1.73093399,-3.71593380
1.73157399,-3.71593380
1.73221399,-3.71593380
1.73285399,-3.54014707
1.73349399,-3.54014707
1.73413399,-3.36375022
1.73477399,-3.54014707
1.73541399,-3.36375022
1.73605399,-3.36375022
1.73669399,-3.36375022
1.73733399,-3.36375022
1.73797399,-3.18735313
1.73861399,-3.18735313
1.73925399,-3.01095605
1.73989399,-3.01095605
1.74053399,-2.83516955
1.74117399,-2.65877247
1.74181399,-2.65877247
1.74245399,-2.65877247
1.74309399,-2.48237562
1.74373399,-2.48237562
1.74437399,-2.48237562
1.74501399,-2.30597854
1.74565399,-2.13019204
1.74629399,-2.13019204
1.74693399,-1.95379496
1.74757399,-1.95379496
1.74821399,-1.77739799
1.74885399,-1.60100102
1.74949399,-1.60100102
1.75013399,-1.60100102
1.75077399,-1.42521441
1.75141399,-1.24881744
1.75205399,-1.07242048
1.75269399,-1.07242048
1.75333399,-0.89602345
1.75397399,-0.89602345
1.75461399,-0.54383981
1.75525399,-0.54383981
1.75589399,-0.54383981
1.75653399,-0.36744285
1.75717399,-0.36744285
1.75781399,-0.19104587
1.75845399,-0.01525925
1.75909399,0.16052736
1.75973399,0.16052736
1.76037399,0.33692434
1.76101399,0.51332134
1.76165399,0.51332134
1.76229399,0.68971831
1.76293399,0.86550492
1.76357399,0.86550492
1.76421399,1.04190195
1.76485399,1.04190195
1.76549399,1.21829891
1.76613399,1.39469588
1.76677399,1.57048249
1.76741399,1.57048249
1.76805399,1.74687946
1.76869399,1.74687946
1.76933399,1.92327642
1.76997399,1.92327642
1.77061399,1.92327642
1.77125399,2.27546000
1.77189399,2.27546000
1.77253399,2.45185709
1.77317399,2.45185709
1.77381399,2.45185709
1.77445399,2.62825394
1.77509399,2.62825394
1.77573399,2.80465102
1.77637399,2.98043752
1.77701399,2.80465102
1.77765399,3.15683460
1.77829399,3.15683460
1.77893399,3.15683460
1.77957399,3.15683460
1.78021399,3.33323169
1.78085399,3.33323169
1.78149399,3.33323169
1.78213399,3.33323169
1.78277399,3.50962853
1.78341399,3.50962853
1.78405399,3.68541527
1.78469399,3.68541527
1.78533399,3.68541527
1.78597399,3.68541527
1.78661399,3.68541527
1.78725399,3.68541527
1.78789399,3.68541527
1.78853399,3.86181211
1.78917399,3.86181211
1.78981399,3.86181211
1.79045399,3.86181211
1.79109399,3.86181211
1.79173399,3.86181211
1.79237399,3.86181211
1.79301399,3.86181211
1.79365399,3.86181211
1.79429399,3.86181211
1.79493399,3.86181211
1.79557399,3.86181211
1.79621399,3.86181211
1.79685399,3.68541527
1.79749399,3.68541527
1.79813399,3.68541527
1.79877399,3.68541527
1.79941399,3.50962853
1.80005399,3.68541527
1.80069399,3.50962853
1.80133399,3.50962853
1.80197399,3.33323169
1.80261399,3.50962853
1.80325399,3.33323169
1.80389399,3.33323169
1.80453399,3.15683460
1.80517399,3.15683460
1.80581399,3.15683460
1.80645399,3.15683460
1.80709399,2.98043752
1.80773399,2.98043752
1.80837399,2.80465102
1.80901399,2.80465102
1.80965399,2.62825394
1.81029399,2.62825394
1.81093399,2.45185709
1.81157399,2.45185709
1.81221399,2.27546000
1.81285399,2.27546000
1.81349399,2.09967351
1.81413399,2.09967351
1.81477399,1.92327642
1.81541399,1.74687946
1.81605399,1.74687946
1.81669399,1.57048249
1.81733399,1.57048249
1.81797399,1.39469588
1.81861399,1.39469588
1.81925399,1.21829891
1.81989399,1.04190195
1.82053399,1.04190195
1.82117399,1.04190195
1.82181399,0.86550492
1.82245399,0.68971831
1.82309399,0.51332134
1.82373399,0.51332134
1.82437399,0.33692434
1.82501399,0.16052736
1.82565399,0.16052736
1.82629399,-0.01525925
1.82693399,-0.19104587
1.82757399,-0.19104587
1.82821399,-0.36744285
1.82885399,-0.36744285
1.82949399,-0.36744285
1.83013399,-0.54383981
1.83077399,-0.72023684
1.83141399,-0.89602345
1.83205399,-1.07242048
1.83269399,-1.07242048
1.83333399,-1.24881744
1.83397399,-1.24881744
1.83461399,-1.42521441
1.83525399,-1.42521441
1.83589399,-1.60100102
1.83653399,-1.77739799
1.83717399,-1.77739799
1.83781399,-1.95379496
1.83845399,-1.95379496
1.83909399,-1.95379496
1.83973399,-2.13019204
1.84037399,-2.30597854
1.84101399,-2.30597854
1.84165399,-2.48237562
1.84229399,-2.48237562
1.84293399,-2.48237562
1.84357399,-2.65877247
1.84421399,-2.65877247
1.84485399,-2.83516955
1.84549399,-2.83516955
1.84613399,-3.01095605
1.84677399,-3.01095605
1.84741399,-3.01095605
1.84805399,-3.01095605
1.84869399,-3.18735313
1.84933399,-3.18735313
1.84997399,-3.36375022
1.85061399,-3.36375022
1.85125399,-3.36375022
1.85189399,-3.36375022
1.85253399,-3.54014707
1.85317399,-3.54014707
1.85381399,-3.36375022
1.85445399,-3.54014707
1.85509399,-3.54014707
1.85573399,-3.54014707
1.85637399,-3.54014707
1.85701399,-3.54014707
1.85765399,-3.54014707
1.85829399,-3.71593380
1.85893399,-3.71593380
1.85957399,-3.71593380
1.86021399,-3.71593380
1.86085399,-3.71593380
1.86149399,-3.71593380
1.86213399,-3.54014707
1.86277399,-3.54014707
1.86341399,-3.54014707
1.86405399,-3.54014707
1.86469399,-3.54014707
1.86533399,-3.54014707
1.86597399,-3.36375022
1.86661399,-3.54014707
1.86725399,-3.36375022
1.86789399,-3.36375022
1.86853399,-3.36375022
1.86917399,-3.36375022
1.86981399,-3.18735313
1.87045399,-3.18735313
1.87109399,-3.18735313
1.87173399,-3.01095605
1.87237399,-3.01095605
1.87301399,-3.01095605
1.87365399,-3.01095605
1.87429399,-2.83516955
1.87493399,-2.65877247
1.87557399,-2.65877247
1.87621399,-2.65877247
1.87685399,-2.48237562
1.87749399,-2.48237562
1.87813399,-2.48237562
1.87877399,-2.30597854
1.87941399,-2.30597854
1.88005399,-2.13019204
1.88069399,-2.13019204
1.88133399,-1.95379496
1.88197399,-1.77739799
1.88261399,-1.77739799
1.88325399,-1.77739799
1.88389399,-1.60100102
1.88453399,-1.60100102
1.88517399,-1.42521441
1.88581399,-1.24881744
1.88645399,-1.24881744
1.88709399,-1.24881744
1.88773399,-1.07242048
1.88837399,-0.89602345
1.88901399,-0.72023684
1.88965399,-0.72023684
1.89029399,-0.72023684
1.89093399,-0.36744285
1.89157399,-0.36744285
1.89221399,-0.19104587
1.89285399,-0.19104587
1.89349399,-0.01525925
1.89413399,-0.01525925
1.89477399,0.16052736
1.89541399,0.33692434
1.89605399,0.33692434
1.89669399,0.33692434
1.89733399,0.51332134
1.89797399,0.68971831
1.89861399,0.68971831
1.89925399,0.86550492
1.89989399,1.04190195
1.90053399,1.04190195
1.90117399,1.04190195
1.90181399,1.21829891
1.90245399,1.39469588
1.90309399,1.39469588
1.90373399,1.57048249
1.90437399,1.74687946
1.90501399,1.74687946
1.90565399,1.74687946
1.90629399,1.92327642
1.90693399,1.92327642
1.90757399,2.09967351
1.90821399,2.09967351
1.90885399,2.27546000
1.90949399,2.27546000
1.91013399,2.27546000
1.91077399,2.45185709
1.91141399,2.45185709
1.91205399,2.62825394
1.91269399,2.80465102
1.91333399,2.62825394
1.91397399,2.98043752
1.91461399,2.98043752
1.91525399,2.98043752
1.91589399,2.98043752
1.91653399,3.15683460
1.91717399,3.15683460
1.91781399,3.15683460
1.91845399,3.15683460
1.91909399,3.15683460
1.91973399,3.15683460
1.92037399,3.33323169
1.92101399,3.33323169
1.92165399,3.33323169
1.92229399,3.33323169
1.92293399,3.33323169
1.92357399,3.33323169
1.92421399,3.33323169
1.92485399,3.33323169
1.92549399,3.50962853
1.92613399,3.33323169
1.92677399,3.50962853
1.92741399,3.50962853
1.92805399,3.50962853
1.92869399,3.50962853
1.92933399,3.50962853
1.92997399,3.50962853
1.93061399,3.50962853
1.93125399,3.50962853
1.93189399,3.33323169
1.93253399,3.33323169
1.93317399,3.33323169
1.93381399,3.33323169
1.93445399,3.33323169
1.93509399,3.33323169
1.93573399,3.15683460
1.93637399,3.15683460
1.93701399,3.15683460
1.93765399,3.15683460
1.93829399,2.98043752
1.93893399,2.98043752
1.93957399,2.98043752
1.94021399,2.98043752
1.94085399,2.80465102
1.94149399,2.80465102
1.94213399,2.62825394
1.94277399,2.62825394
1.94341399,2.62825394
1.94405399,2.45185709
1.94469399,2.45185709
1.94533399,2.27546000
1.94597399,2.27546000
1.94661399,2.09967351
1.94725399,2.09967351
1.94789399,1.92327642
1.94853399,1.92327642
1.94917399,1.92327642
1.94981399,1.74687946
1.95045399,1.74687946
1.95109399,1.57048249
1.95173399,1.57048249
1.95237399,1.39469588
1.95301399,1.39469588
1.95365399,1.21829891
1.95429399,1.21829891
1.95493399,1.04190195
1.95557399,0.86550492
1.95621399,0.86550492
1.95685399,0.86550492
1.95749399,0.68971831
1.95813399,0.51332134
1.95877399,0.51332134
1.95941399,0.33692434
1.96005399,0.33692434
1.96069399,0.16052736
1.96133399,-0.01525925
1.96197399,-0.01525925
1.96261399,-0.19104587
1.96325399,-0.19104587
1.96389399,-0.19104587
1.96453399,-0.36744285
1.96517399,-0.36744285
1.96581399,-0.72023684
1.96645399,-0.54383981
1.96709399,-0.72023684
1.96773399,-0.89602345
1.96837399,-0.89602345
1.96901399,-1.07242048
1.96965399,-1.24881744
1.97029399,-1.24881744
1.97093399,-1.24881744
1.97157399,-1.42521441
1.97221399,-1.60100102
1.97285399,-1.60100102
1.97349399,-1.77739799
1.97413399,-1.77739799
1.97477399,-1.77739799
1.97541399,-1.95379496
1.97605399,-1.95379496
1.97669399,-1.95379496
1.97733399,-2.13019204
1.97797399,-2.30597854
1.97861399,-2.30597854
1.97925399,-2.30597854
1.97989399,-2.48237562
1.98053399,-2.48237562
1.98117399,-2.48237562
1.98181399,-2.65877247
1.98245399,-2.65877247
1.98309399,-2.65877247
1.98373399,-2.65877247
1.98437399,-2.65877247
1.98501399,-2.83516955
1.98565399,-2.83516955
1.98629399,-3.01095605
1.98693399,-3.01095605
1.98757399,-3.01095605
1.98821399,-3.01095605
1.98885399,-3.01095605
1.98949399,-3.01095605
1.99013399,-3.18735313
1.99077399,-3.18735313
1.99141399,-3.18735313
1.99205399,-3.18735313
1.99269399,-3.18735313
1.99333399,-3.18735313
1.99397399,-3.18735313
1.99461399,-3.18735313
1.99525399,-3.18735313
1.99589399,-3.18735313
1.99653399,-3.18735313
1.99717399,-3.18735313
1.99781399,-3.18735313
1.99845399,-3.18735313
1.99909399,-3.18735313
1.99973399,-3.01095605
2.00037399,-3.01095605
2.00101399,-3.01095605
2.00165399,-3.01095605
2.00229399,-3.01095605
2.00293399,-3.01095605
2.00357399,-3.01095605
2.00421399,-2.83516955
2.00485399,-2.83516955
2.00549399,-2.83516955
2.00613399,-2.83516955
2.00677399,-2.65877247
2.00741399,-2.65877247
2.00805399,-2.65877247
2.00869399,-2.48237562
2.00933399,-2.48237562
2.00997399,-2.48237562
2.01061399,-2.48237562
2.01125399,-2.48237562
2.01189399,-2.30597854
2.01253399,-2.30597854
2.01317399,-2.13019204
2.01381399,-2.13019204
2.01445399,-2.13019204
2.01509399,-1.95379496
2.01573399,-1.95379496
2.01637399,-1.77739799
2.01701399,-1.77739799
2.01765399,-1.77739799
2.01829399,-1.60100102
2.01893399,-1.60100102
2.01957399,-1.42521441
2.02021399,-1.24881744
2.02085399,-1.24881744
2.02149399,-1.07242048
2.02213399,-1.07242048
2.02277399,-0.89602345
2.02341399,-0.89602345
2.02405399,-0.72023684
2.02469399,-0.72023684
2.02533399,-0.54383981
2.02597399,-0.36744285
2.02661399,-0.36744285
2.02725399,-0.36744285
2.02789399,-0.36744285
2.02853399,-0.19104587
2.02917399,-0.01525925
2.02981399,-0.01525925
2.03045399,0.16052736
2.03109399,0.16052736
2.03173399,0.33692434
2.03237399,0.33692434
2.03301399,0.51332134
2.03365399,0.51332134
2.03429399,0.68971831
2.03493399,0.68971831
2.03557399,0.86550492
2.03621399,1.04190195
2.03685399,1.04190195
2.03749399,1.04190195
2.03813399,1.04190195
2.03877399,1.21829891
2.03941399,1.39469588
2.04005399,1.39469588
2.04069399,1.57048249
2.04133399,1.57048249
2.04197399,1.74687946
2.04261399,1.74687946
2.04325399,1.74687946
2.04389399,1.74687946
2.04453399,1.92327642
2.04517399,1.92327642
2.04581399,2.09967351
2.04645399,2.09967351
2.04709399,2.27546000
2.04773399,2.27546000
2.04837399,2.27546000
2.04901399,2.45185709
2.04965399,2.45185709
2.05029399,2.45185709
2.05093399,2.45185709
2.05157399,2.62825394
2.05221399,2.62825394
2.05285399,2.62825394
2.05349399,2.62825394
2.05413399,2.62825394
2.05477399,2.62825394
2.05541399,2.62825394
2.05605399,2.62825394
2.05669399,2.98043752
2.05733399,2.98043752
2.05797399,2.80465102
2.05861399,2.98043752
2.05925399,2.98043752
2.05989399,2.98043752
2.06053399,2.98043752
2.06117399,2.98043752
2.06181399,2.98043752
2.06245399,2.98043752
2.06309399,2.98043752
2.06373399,2.98043752
2.06437399,2.98043752
2.06501399,2.98043752
2.06565399,2.98043752
2.06629399,2.98043752
2.06693399,2.98043752
2.06757399,2.80465102
2.06821399,2.80465102
2.06885399,2.80465102
2.06949399,2.80465102
2.07013399,2.98043752
2.07077399,2.62825394
2.07141399,2.62825394
2.07205399,2.62825394
2.07269399,2.62825394
2.07333399,2.62825394
2.07397399,2.62825394
2.07461399,2.45185709
2.07525399,2.45185709
2.07589399,2.45185709
2.07653399,2.45185709
2.07717399,2.27546000
2.07781399,2.27546000
2.07845399,2.27546000
2.07909399,2.09967351
2.07973399,2.09967351
2.08037399,2.09967351
2.08101399,1.92327642
2.08165399,1.92327642
2.08229399,1.74687946
2.08293399,1.74687946
2.08357399,1.74687946
2.08421399,1.74687946
2.08485399,1.57048249
2.08549399,1.57048249
2.08613399,1.57048249
2.08677399,1.39469588
2.08741399,1.39469588
2.08805399,1.21829891
2.08869399,1.21829891
2.08933399,1.04190195
2.08997399,1.04190195
2.09061399,1.04190195
2.09125399,0.86550492
2.09189399,0.68971831
2.09253399,0.68971831
2.09317399,0.51332134
2.09381399,0.51332134
2.09445399,0.33692434
2.09509399,0.33692434
2.09573399,0.33692434
2.09637399,0.33692434
2.09701399,0.16052736
2.09765399,-0.01525925
2.09829399,-0.19104587
2.09893399,-0.19104587
2.09957399,-0.19104587
2.10021399,-0.36744285
2.10085399,-0.36744285
2.10149399,-0.36744285
2.10213399,-0.36744285
2.10277399,-0.72023684
2.10341399,-0.72023684
2.10405399,-0.89602345
2.10469399,-0.89602345
2.10533399,-1.07242048
2.10597399,-1.07242048
2.10661399,-1.07242048
2.10725399,-1.24881744
2.10789399,-1.24881744
2.10853399,-1.42521441
2.10917399,-1.42521441
2.10981399,-1.60100102
2.11045399,-1.60100102
2.11109399,-1.60100102
2.11173399,-1.60100102
2.11237399,-1.77739799
2.11301399,-1.77739799
2.11365399,-1.77739799
2.11429399,-1.95379496
2.11493399,-1.95379496
2.11557399,-1.95379496
2.11621399,-2.13019204
2.11685399,-2.13019204
2.11749399,-2.13019204
2.11813399,-2.30597854
2.11877399,-2.30597854
2.11941399,-2.30597854
2.12005399,-2.30597854
2.12069399,-2.48237562
2.12133399,-2.48237562
2.12197399,-2.48237562
2.12261399,-2.48237562
2.12325399,-2.48237562
2.12389399,-2.48237562
2.12453399,-2.48237562
2.12517399,-2.48237562
2.12581399,-2.48237562
2.12645399,-2.65877247
2.12709399,-2.65877247
2.12773399,-2.65877247
2.12837399,-2.65877247
2.12901399,-2.65877247
2.12965399,-2.65877247
2.13029399,-2.65877247
2.13093399,-2.65877247
2.13157399,-2.65877247
2.13221399,-2.48237562
2.13285399,-2.65877247
2.13349399,-2.65877247
2.13413399,-2.48237562
2.13477399,-2.48237562
2.13541399,-2.65877247
2.13605399,-2.48237562
2.13669399,-2.48237562
2.13733399,-2.48237562
2.13797399,-2.48237562
2.13861399,-2.48237562
2.13925399,-2.48237562
2.13989399,-2.48237562
2.14053399,-2.48237562
2.14117399,-2.30597854
2.14181399,-2.30597854
2.14245399,-2.30597854
2.14309399,-2.30597854
2.14373399,-2.13019204
2.14437399,-2.13019204
2.14501399,-2.13019204
2.14565399,-1.95379496
2.14629399,-1.95379496
2.14693399,-1.95379496
2.14757399,-1.95379496
2.14821399,-1.77739799
2.14885399,-1.77739799
2.14949399,-1.77739799
2.15013399,-1.60100102
2.15077399,-1.60100102
2.15141399,-1.60100102
2.15205399,-1.42521441
2.15269399,-1.60100102
2.15333399,-1.42521441
2.15397399,-1.24881744
2.15461399,-1.24881744
2.15525399,-1.07242048
2.15589399,-1.07242048
2.15653399,-1.07242048
2.15717399,-0.89602345
2.15781399,-0.89602345
2.15845399,-0.89602345
2.15909399,-0.72023684
2.15973399,-0.72023684
2.16037399,-0.54383981
2.16101399,-0.54383981
2.16165399,-0.36744285
2.16229399,-0.36744285
2.16293399,-0.36744285
2.16357399,-0.19104587
2.16421399,-0.19104587
2.16485399,-0.01525925
2.16549399,-0.01525925
2.16613399,0.16052736
2.16677399,0.16052736
2.16741399,0.33692434
2.16805399,0.33692434
2.16869399,0.33692434
2.16933399,0.33692434
2.16997399,0.51332134
2.17061399,0.51332134
2.17125399,0.68971831
2.17189399,0.68971831
2.17253399,0.86550492
2.17317399,0.86550492
2.17381399,1.04190195
2.17445399,1.04190195
2.17509399,1.04190195
2.17573399,1.04190195
2.17637399,1.21829891
2.17701399,1.21829891
2.17765399,1.21829891
2.17829399,1.39469588
2.17893399,1.57048249
2.17957399,1.57048249
2.18021399,1.57048249
2.18085399,1.57048249
2.18149399,1.74687946
2.18213399,1.74687946
2.18277399,1.74687946
2.18341399,1.74687946
2.18405399,1.74687946
2.18469399,1.92327642
2.18533399,1.92327642
2.18597399,1.92327642
2.18661399,1.92327642
2.18725399,1.92327642
2.18789399,2.09967351
2.18853399,2.09967351
2.18917399,2.27546000
2.18981399,2.27546000
2.19045399,2.09967351
2.19109399,2.27546000
2.19173399,2.27546000
2.19237399,2.27546000
2.19301399,2.27546000
2.19365399,2.27546000
2.19429399,2.27546000
2.19493399,2.27546000
2.19557399,2.45185709
2.19621399,2.27546000
2.19685399,2.27546000
2.19749399,2.45185709
2.19813399,2.45185709
2.19877399,2.27546000
2.19941399,2.45185709
2.20005399,2.45185709
2.20069399,2.27546000
2.20133399,2.27546000
2.20197399,2.27546000
2.20261399,2.45185709
2.20325399,2.27546000
2.20389399,2.27546000
2.20453399,2.27546000
2.20517399,2.27546000
2.20581399,2.27546000
2.20645399,2.27546000
2.20709399,2.09967351
2.20773399,2.09967351
2.20837399,2.09967351
2.20901399,2.09967351
2.20965399,2.09967351
2.21029399,1.92327642
2.21093399,1.92327642
2.21157399,1.92327642
2.21221399,1.92327642
2.21285399,1.92327642
2.21349399,1.92327642
2.21413399,1.74687946
2.21477399,1.74687946
2.21541399,1.74687946
2.21605399,1.74687946
2.21669399,1.57048249
2.21733399,1.57048249
2.21797399,1.57048249
2.21861399,1.57048249
2.21925399,1.39469588
2.21989399,1.39469588
2.22053399,1.21829891
2.22117399,1.21829891
2.22181399,1.21829891
2.22245399,1.04190195
2.22309399,1.04190195
2.22373399,1.04190195
2.22437399,1.04190195
2.22501399,0.86550492
2.22565399,0.86550492
2.22629399,0.68971831
2.22693399,0.51332134
2.22757399,0.68971831
2.22821399,0.51332134
2.22885399,0.51332134
2.22949399,0.51332134
2.23013399,0.33692434
2.23077399,0.33692434
2.23141399,0.16052736
2.23205399,0.16052736
2.23269399,0.16052736
2.23333399,-0.01525925
2.23397399,-0.01525925
2.23461399,-0.01525925
2.23525399,-0.19104587
2.23589399,-0.19104587
2.23653399,-0.19104587
2.23717399,-0.36744285
2.23781399,-0.36744285
2.23845399,-0.54383981
2.23909399,-0.54383981
2.23973399,-0.54383981
2.24037399,-0.54383981
2.24101399,-0.54383981
2.24165399,-0.72023684
2.24229399,-0.72023684
2.24293399,-0.89602345
2.24357399,-0.89602345
2.24421399,-1.07242048
2.24485399,-1.07242048
2.24549399,-1.07242048
2.24613399,-1.07242048
2.24677399,-1.24881744
2.24741399,-1.24881744
2.24805399,-1.24881744
2.24869399,-1.42521441
2.24933399,-1.42521441
2.24997399,-1.60100102
2.25061399,-1.42521441
2.25125399,-1.60100102
2.25189399,-1.60100102
2.25253399,-1.60100102
2.25317399,-1.77739799
2.25381399,-1.77739799
2.25445399,-1.77739799
2.25509399,-1.77739799
2.25573399,-1.77739799
2.25637399,-1.77739799
2.25701399,-1.77739799
2.25765399,-1.77739799
2.25829399,-1.77739799
2.25893399,-1.95379496
2.25957399,-1.95379496
2.26021399,-1.95379496
2.26085399,-1.95379496
2.26149399,-1.95379496
2.26213399,-1.95379496
2.26277399,-1.95379496
2.26341399,-1.95379496
2.26405399,-1.95379496
2.26469399,-2.13019204
2.26533399,-2.13019204
2.26597399,-1.95379496
2.26661399,-1.95379496
2.26725399,-1.95379496
2.26789399,-1.95379496
2.26853399,-2.13019204
2.26917399,-2.13019204
2.26981399,-1.95379496
2.27045399,-1.95379496
2.27109399,-2.13019204
2.27173399,-1.95379496
2.27237399,-1.95379496
2.27301399,-1.95379496
2.27365399,-1.95379496
2.27429399,-1.77739799
2.27493399,-1.95379496
2.27557399,-1.77739799
2.27621399,-1.95379496
2.27685399,-1.77739799
2.27749399,-1.77739799
2.27813399,-1.77739799
2.27877399,-1.77739799
2.27941399,-1.77739799
2.28005399,-1.60100102
2.28069399,-1.60100102
2.28133399,-1.60100102
2.28197399,-1.60100102
2.28261399,-1.60100102
2.28325399,-1.42521441
2.28389399,-1.42521441
2.28453399,-1.42521441
2.28517399,-1.42521441
2.28581399,-1.24881744
2.28645399,-1.24881744
2.28709399,-1.24881744
2.28773399,-1.07242048
2.28837399,-1.07242048
2.28901399,-1.07242048
2.28965399,-0.89602345
2.29029399,-0.89602345
2.29093399,-0.89602345
2.29157399,-0.89602345
2.29221399,-0.89602345
2.29285399,-0.72023684
2.29349399,-0.72023684
2.29413399,-0.54383981
2.29477399,-0.54383981
2.29541399,-0.54383981
2.29605399,-0.36744285
2.29669399,-0.36744285
2.29733399,-0.36744285
2.29797399,-0.36744285
2.29861399,-0.19104587
2.29925399,-0.19104587
2.29989399,-0.19104587
2.30053399,-0.19104587
2.30117399,-0.01525925
2.30181399,-0.01525925
2.30245399,-0.01525925
2.30309399,0.16052736
2.30373399,0.33692434
2.30437399,0.33692434
2.30501399,0.33692434
2.30565399,0.33692434
2.30629399,0.33692434
2.30693399,0.33692434
2.30757399,0.51332134
2.30821399,0.51332134
2.30885399,0.51332134
2.30949399,0.68971831
2.31013399,0.68971831
2.31077399,0.86550492
2.31141399,0.86550492
2.31205399,0.86550492
2.31269399,0.86550492
2.31333399,0.86550492
2.31397399,1.04190195
2.31461399,1.04190195
2.31525399,1.04190195
2.31589399,1.04190195
2.31653399,1.21829891
2.31717399,1.21829891
2.31781399,1.21829891
2.31845399,1.21829891
2.31909399,1.39469588
2.31973399,1.39469588
2.32037399,1.39469588
2.32101399,1.39469588
2.32165399,1.39469588
2.32229399,1.57048249
2.32293399,1.39469588
2.32357399,1.57048249
2.32421399,1.57048249
2.32485399,1.57048249
2.32549399,1.57048249
2.32613399,1.57048249
2.32677399,1.57048249
2.32741399,1.74687946
2.32805399,1.57048249
2.32869399,1.74687946
2.32933399,1.74687946
2.32997399,1.74687946
2.33061399,1.74687946
2.33125399,1.74687946
2.33189399,1.74687946
2.33253399,1.74687946
2.33317399,1.74687946
2.33381399,1.74687946
2.33445399,1.74687946
2.33509399,1.74687946
2.33573399,1.74687946
2.33637399,1.74687946
2.33701399,1.74687946
2.33765399,1.74687946
2.33829399,1.74687946
2.33893399,1.74687946
2.33957399,1.74687946
2.34021399,1.74687946
2.34085399,1.74687946
2.34149399,1.57048249
2.34213399,1.74687946
2.34277399,1.74687946
2.34341399,1.57048249
2.34405399,1.57048249
2.34469399,1.57048249
2.34533399,1.57048249
2.34597399,1.57048249
2.34661399,1.57048249
2.34725399,1.57048249
2.34789399,1.39469588
2.34853399,1.39469588
2.34917399,1.39469588
2.34981399,1.39469588
2.35045399,1.21829891
2.35109399,1.21829891
2.35173399,1.21829891
2.35237399,1.21829891
2.35301399,1.21829891
2.35365399,1.21829891
2.35429399,1.04190195
2.35493399,1.04190195
2.35557399,1.04190195
2.35621399,1.04190195
2.35685399,0.86550492
2.35749399,0.86550492
2.35813399,0.86550492
2.35877399,0.68971831
2.35941399,0.86550492
2.36005399,0.68971831
2.36069399,0.68971831
2.36133399,0.68971831
2.36197399,0.68971831
2.36261399,0.51332134
2.36325399,0.51332134
2.36389399,0.33692434
2.36453399,0.51332134
2.36517399,0.33692434
2.36581399,0.33692434
2.36645399,0.33692434
2.36709399,0.33692434
2.36773399,0.16052736
2.36837399,0.16052736
2.36901399,0.16052736
2.36965399,-0.01525925
2.37029399,-0.01525925
2.37093399,-0.01525925
2.37157399,-0.19104587
2.37221399,-0.19104587
2.37285399,-0.19104587
2.37349399,-0.19104587
2.37413399,-0.19104587
2.37477399,-0.19104587
2.37541399,-0.36744285
2.37605399,-0.36744285
2.37669399,-0.36744285
2.37733399,-0.36744285
2.37797399,-0.54383981
2.37861399,-0.54383981
2.37925399,-0.54383981
2.37989399,-0.54383981
2.38053399,-0.72023684
2.38117399,-0.72023684
2.38181399,-0.72023684
2.38245399,-0.72023684
2.38309399,-0.89602345
2.38373399,-0.89602345
2.38437399,-0.89602345
2.38501399,-0.89602345
2.38565399,-0.89602345
2.38629399,-0.89602345
2.38693399,-1.07242048
2.38757399,-1.07242048
2.38821399,-1.07242048
2.38885399,-1.07242048
2.38949399,-1.07242048
2.39013399,-1.24881744
2.39077399,-1.24881744
2.39141399,-1.24881744
2.39205399,-1.24881744
2.39269399,-1.24881744
2.39333399,-1.24881744
2.39397399,-1.24881744
2.39461399,-1.24881744
2.39525399,-1.42521441
2.39589399,-1.42521441
2.39653399,-1.24881744
2.39717399,-1.42521441
2.39781399,-1.42521441
2.39845399,-1.24881744
2.39909399,-1.42521441
2.39973399,-1.42521441
2.40037399,-1.42521441
2.40101399,-1.42521441
2.40165399,-1.42521441
2.40229399,-1.24881744
2.40293399,-1.42521441
2.40357399,-1.42521441
2.40421399,-1.42521441
2.40485399,-1.42521441
2.40549399,-1.42521441
2.40613399,-1.42521441
2.40677399,-1.42521441
2.40741399,-1.24881744
2.40805399,-1.24881744
2.40869399,-1.42521441
2.40933399,-1.24881744
2.40997399,-1.24881744
2.41061399,-1.24881744
2.41125399,-1.42521441
2.41189399,-1.24881744
2.41253399,-1.24881744
2.41317399,-1.24881744
2.41381399,-1.24881744
2.41445399,-1.24881744
2.41509399,-1.24881744
2.41573399,-1.07242048
2.41637399,-1.07242048
2.41701399,-1.07242048
2.41765399,-1.07242048
2.41829399,-1.07242048
2.41893399,-1.07242048
2.41957399,-1.07242048
2.42021399,-1.07242048
2.42085399,-0.89602345
2.42149399,-0.89602345
2.42213399,-0.89602345
2.42277399,-0.89602345
2.42341399,-0.89602345
2.42405399,-0.72023684
2.42469399,-0.72023684
2.42533399,-0.72023684
2.42597399,-0.54383981
2.42661399,-0.54383981
2.42725399,-0.54383981
2.42789399,-0.54383981
2.42853399,-0.54383981
2.42917399,-0.54383981
2.42981399,-0.54383981
2.43045399,-0.36744285
2.43109399,-0.36744285
2.43173399,-0.36744285
2.43237399,-0.36744285
2.43301399,-0.36744285
2.43365399,-0.19104587
2.43429399,-0.19104587
2.43493399,-0.19104587
2.43557399,-0.19104587
2.43621399,-0.19104587
2.43685399,-0.19104587
2.43749399,-0.01525925
2.43813399,-0.01525925
2.43877399,-0.01525925
2.43941399,0.16052736
2.44005399,0.16052736
2.44069399,0.16052736
2.44133399,0.16052736
2.44197399,0.33692434
2.44261399,0.16052736
2.44325399,0.33692434
2.44389399,0.33692434
2.44453399,0.33692434
2.44517399,0.33692434
2.44581399,0.33692434
2.44645399,0.51332134
2.44709399,0.33692434
2.44773399,0.51332134
2.44837399,0.51332134
2.44901399,0.51332134
2.44965399,0.51332134
2.45029399,0.51332134
2.45093399,0.68971831
2.45157399,0.68971831
2.45221399,0.68971831
2.45285399,0.68971831
2.45349399,0.68971831
2.45413399,0.68971831
2.45477399,0.86550492
2.45541399,0.68971831
2.45605399,0.86550492
2.45669399,0.86550492
2.45733399,0.86550492
2.45797399,0.86550492
2.45861399,1.04190195
2.45925399,1.04190195
2.45989399,1.04190195
2.46053399,1.04190195
2.46117399,0.86550492
2.46181399,1.04190195
2.46245399,1.04190195
2.46309398,1.04190195
2.46373398,1.04190195
2.46437398,1.04190195
2.46501398,1.04190195
2.46565398,1.04190195
2.46629398,1.04190195
2.46693398,1.04190195
2.46757398,1.04190195
2.46821398,1.04190195
2.46885398,1.04190195
2.46949398,1.04190195
2.47013398,1.04190195
2.47077398,1.04190195
2.47141398,1.21829891
2.47205398,1.21829891
2.47269398,1.04190195
2.47333398,1.04190195
2.47397398,1.04190195
2.47461398,1.04190195
2.47525398,1.04190195
2.47589398,1.21829891
2.47653398,1.04190195
2.47717398,1.04190195
2.47781398,1.04190195
2.47845398,1.04190195
2.47909398,1.21829891
2.47973398,1.04190195
2.48037398,1.04190195
2.48101398,1.04190195
2.48165398,1.04190195
2.48229398,1.04190195
2.48293398,1.04190195
2.48357398,1.04190195
2.48421398,0.86550492
2.48485398,0.86550492
2.48549398,0.86550492
2.48613398,0.86550492
2.48677398,0.86550492
2.48741398,0.86550492
2.48805398,0.86550492
2.48869398,0.86550492
2.48933398,0.68971831
2.48997398,0.68971831
2.49061398,0.68971831
2.49125398,0.68971831
2.49189398,0.68971831
2.49253398,0.68971831
2.49317398,0.51332134
2.49381398,0.51332134
2.49445398,0.51332134
2.49509398,0.68971831
2.49573398,0.51332134
2.49637398,0.51332134
2.49701398,0.51332134
2.49765398,0.51332134
2.49829398,0.33692434
2.49893398,0.33692434
2.49957398,0.33692434
2.50021398,0.33692434
2.50085398,0.33692434
2.50149398,0.33692434
2.50213398,0.33692434
2.50277398,0.33692434
2.50341398,0.16052736
2.50405398,0.16052736
2.50469398,0.16052736
2.50533398,0.16052736
2.50597398,0.16052736
2.50661398,0.16052736
2.50725398,0.16052736
2.50789398,-0.01525925
2.50853398,-0.01525925
2.50917398,-0.01525925
2.50981398,-0.19104587
2.51045398,-0.01525925
2.51109398,-0.19104587
2.51173398,-0.01525925
2.51237398,-0.19104587
2.51301398,-0.19104587
2.51365398,-0.19104587
2.51429398,-0.19104587
2.51493398,-0.19104587
2.51557398,-0.19104587
2.51621398,-0.19104587
2.51685398,-0.36744285
2.51749398,-0.36744285
2.51813398,-0.36744285
2.51877398,-0.36744285
2.51941398,-0.36744285
2.52005398,-0.36744285
2.52069398,-0.36744285
2.52133398,-0.36744285
2.52197398,-0.54383981
2.52261398,-0.36744285
2.52325398,-0.54383981
2.52389398,-0.54383981
2.52453398,-0.54383981
2.52517398,-0.54383981
2.52581398,-0.54383981
2.52645398,-0.54383981
2.52709398,-0.72023684
2.52773398,-0.54383981
2.52837398,-0.72023684
2.52901398,-0.72023684
2.52965398,-0.72023684
2.53029398,-0.72023684
2.53093398,-0.72023684
2.53157398,-0.72023684
2.53221398,-0.72023684
2.53285398,-0.72023684
2.53349398,-0.72023684
2.53413398,-0.72023684
2.53477398,-0.72023684
2.53541398,-0.72023684
2.53605398,-0.72023684
2.53669398,-0.72023684
2.53733398,-0.72023684
2.53797398,-0.72023684
2.53861398,-0.89602345
2.53925398,-0.89602345
2.53989398,-0.72023684
2.54053398,-0.72023684
2.54117398,-0.72023684
2.54181398,-0.72023684
2.54245398,-0.72023684
2.54309398,-0.72023684
2.54373398,-0.89602345
2.54437398,-0.72023684
2.54501398,-0.72023684
2.54565398,-0.72023684
2.54629398,-0.72023684
2.54693398,-0.72023684
2.54757398,-0.72023684
2.54821398,-0.72023684
2.54885398,-0.89602345
2.54949398,-0.72023684
2.55013398,-0.72023684
2.55077398,-0.72023684
2.55141398,-0.72023684
2.55205398,-0.72023684
2.55269398,-0.72023684
2.55333398,-0.72023684
2.55397398,-0.54383981
2.55461398,-0.54383981
2.55525398,-0.54383981
2.55589398,-0.54383981
2.55653398,-0.54383981
2.55717398,-0.54383981
2.55781398,-0.54383981
2.55845398,-0.54383981
2.55909398,-0.54383981
2.55973398,-0.54383981
2.56037398,-0.54383981
2.56101398,-0.54383981
2.56165398,-0.36744285
2.56229398,-0.54383981
2.56293398,-0.36744285
2.56357398,-0.36744285
2.56421398,-0.36744285
2.56485398,-0.36744285
2.56549398,-0.36744285
2.56613398,-0.36744285
2.56677398,-0.36744285
2.56741398,-0.36744285
2.56805398,-0.36744285
2.56869398,-0.36744285
2.56933398,-0.36744285
2.56997398,-0.19104587
2.57061398,-0.36744285
2.57125398,-0.19104587
2.57189398,-0.19104587
2.57253398,-0.36744285
2.57317398,-0.19104587
2.57381398,-0.19104587
2.57445398,-0.19104587
2.57509398,-0.19104587
2.57573398,-0.01525925
2.57637398,-0.01525925
2.57701398,-0.01525925
2.57765398,-0.01525925
2.57829398,-0.01525925
2.57893398,-0.01525925
2.57957398,-0.01525925
2.58021398,-0.01525925
2.58085398,-0.01525925
2.58149398,-0.01525925
2.58213398,0.16052736
2.58277398,0.16052736
2.58341398,0.16052736
2.58405398,0.16052736
2.58469398,0.16052736
2.58533398,0.16052736
2.58597398,0.16052736
2.58661398,0.16052736
2.58725398,0.33692434
2.58789398,0.33692434
2.58853398,0.33692434
2.58917398,0.33692434
2.58981398,0.33692434
2.59045398,0.33692434
2.59109398,0.33692434
2.59173398,0.33692434
2.59237398,0.33692434
2.59301398,0.33692434
2.59365398,0.33692434
2.59429398,0.33692434
2.59493398,0.33692434
2.59557398,0.33692434
2.59621398,0.33692434
2.59685398,0.33692434
2.59749398,0.33692434
2.59813398,0.51332134
2.59877398,0.33692434
2.59941398,0.33692434
2.60005398,0.33692434
2.60069398,0.51332134
2.60133398,0.33692434
2.60197398,0.51332134
2.60261398,0.51332134
2.60325398,0.51332134
2.60389398,0.51332134
2.60453398,0.51332134
2.60517398,0.51332134
2.60581398,0.51332134
2.60645398,0.51332134
2.60709398,0.51332134
2.60773398,0.51332134
2.60837398,0.51332134
2.60901398,0.51332134
2.60965398,0.51332134
2.61029398,0.51332134
2.61093398,0.51332134
2.61157398,0.51332134
2.61221398,0.51332134
2.61285398,0.51332134
2.61349398,0.51332134
2.61413398,0.51332134
2.61477398,0.51332134
2.61541398,0.51332134
2.61605398,0.51332134
2.61669398,0.51332134
2.61733398,0.51332134
2.61797398,0.51332134
2.61861398,0.51332134
2.61925398,0.51332134
2.61989398,0.51332134
2.62053398,0.51332134
2.62117398,0.51332134
2.62181398,0.51332134
2.62245398,0.51332134
2.62309398,0.33692434
2.62373398,0.51332134
2.62437398,0.51332134
2.62501398,0.51332134
2.62565398,0.51332134
2.62629398,0.51332134
2.62693398,0.33692434
2.62757398,0.51332134
2.62821398,0.33692434
2.62885398,0.51332134
2.62949398,0.51332134
2.63013398,0.51332134
2.63077398,0.33692434
2.63141398,0.33692434
2.63205398,0.33692434
2.63269398,0.33692434
2.63333398,0.33692434
2.63397398,0.33692434
2.63461398,0.33692434
2.63525398,0.33692434
2.63589398,0.33692434
2.63653398,0.33692434
2.63717398,0.33692434
2.63781398,0.33692434
2.63845398,0.33692434
2.63909398,0.16052736
2.63973398,0.33692434
2.64037398,0.33692434
2.64101398,0.16052736
2.64165398,0.33692434
2.64229398,0.16052736
2.64293398,0.16052736
2.64357398,0.16052736
2.64421398,0.16052736
2.64485398,0.16052736
2.64549398,0.33692434
2.64613398,0.16052736
2.64677398,0.16052736
2.64741398,0.16052736
2.64805398,0.16052736
2.64869398,0.16052736
2.64933398,0.16052736
2.64997398,0.16052736
2.65061398,0.16052736
2.65125398,-0.01525925
2.65189398,-0.01525925
2.65253398,-0.01525925
2.65317398,-0.01525925
2.65381398,-0.01525925
2.65445398,-0.01525925
2.65509398,-0.01525925
2.65573398,-0.01525925
2.65637398,0.16052736
2.65701398,-0.01525925
2.65765398,-0.01525925
2.65829398,-0.01525925
2.65893398,-0.01525925
2.65957398,-0.01525925
2.66021398,-0.01525925
2.66085398,-0.01525925
2.66149398,-0.19104587
2.66213398,-0.01525925
2.66277398,-0.01525925
2.66341398,-0.01525925
2.66405398,-0.01525925
2.66469398,-0.01525925
2.66533398,-0.01525925
2.66597398,-0.19104587
2.66661398,-0.19104587
2.66725398,-0.19104587
2.66789398,-0.19104587
2.66853398,-0.19104587
2.66917398,-0.19104587
2.66981398,-0.19104587
2.67045398,-0.19104587
2.67109398,-0.19104587
2.67173398,-0.19104587
2.67237398,-0.19104587
2.67301398,-0.19104587
2.67365398,-0.19104587
2.67429398,-0.19104587
2.67493398,-0.19104587
2.67557398,-0.19104587
2.67621398,-0.19104587
2.67685398,-0.19104587
2.67749398,-0.19104587
2.67813398,-0.19104587
2.67877398,-0.19104587
2.67941398,-0.19104587
2.68005398,-0.36744285
2.68069398,-0.19104587
2.68133398,-0.36744285
2.68197398,-0.36744285
2.68261398,-0.36744285
2.68325398,-0.19104587
2.68389398,-0.19104587
2.68453398,-0.19104587
2.68517398,-0.36744285
2.68581398,-0.36744285
2.68645398,-0.36744285
2.68709398,-0.19104587
2.68773398,-0.19104587
2.68837398,-0.19104587
2.68901398,-0.19104587
2.68965398,-0.36744285
2.69029398,-0.36744285
2.69093398,-0.19104587
2.69157398,-0.36744285
2.69221398,-0.19104587
2.69285398,-0.36744285
2.69349398,-0.19104587
2.69413398,-0.36744285
2.69477398,-0.19104587
2.69541398,-0.36744285
2.69605398,-0.36744285
2.69669398,-0.36744285
2.69733398,-0.36744285
2.69797398,-0.36744285
2.69861398,-0.19104587
2.69925398,-0.19104587
2.69989398,-0.36744285
2.70053398,-0.36744285
2.70117398,-0.36744285
2.70181398,-0.36744285
2.70245398,-0.19104587
2.70309398,-0.36744285
2.70373398,-0.36744285
2.70437398,-0.19104587
2.70501398,-0.19104587
2.70565398,-0.36744285
2.70629398,-0.19104587
2.70693398,-0.19104587
2.70757398,-0.19104587
2.70821398,-0.19104587
2.70885398,-0.36744285
2.70949398,-0.36744285
2.71013398,-0.19104587
2.71077398,-0.19104587
2.71141398,-0.19104587
2.71205398,-0.36744285
2.71269398,-0.19104587
2.71333398,-0.36744285
2.71397398,-0.19104587
2.71461398,-0.36744285
2.71525398,-0.19104587
2.71589398,-0.19104587
2.71653398,-0.19104587
2.71717398,-0.19104587
2.71781398,-0.19104587
2.71845398,-0.19104587
2.71909398,-0.19104587
2.71973398,-0.19104587
2.72037398,-0.19104587
2.72101398,-0.19104587
2.72165398,-0.19104587
2.72229398,-0.19104587
2.72293398,-0.19104587
2.72357398,-0.19104587
2.72421398,-0.19104587
2.72485398,-0.19104587
2.72549398,-0.19104587
2.72613398,-0.19104587
2.72677398,-0.19104587
2.72741398,-0.19104587
2.72805398,-0.19104587
2.72869398,-0.19104587
2.72933398,-0.19104587
2.72997398,-0.19104587
2.73061398,-0.19104587
2.73125398,-0.19104587
2.73189398,-0.19104587
2.73253398,-0.19104587
2.73317398,-0.19104587
2.73381398,-0.19104587
2.73445398,-0.19104587
2.73509398,-0.19104587
2.73573398,-0.01525925
2.73637398,-0.19104587
2.73701398,-0.19104587
2.73765398,-0.01525925
2.73829398,-0.01525925
2.73893398,-0.01525925
2.73957398,-0.01525925
2.74021398,-0.01525925
2.74085398,-0.01525925
2.74149398,-0.01525925
2.74213398,-0.01525925
2.74277398,-0.01525925
2.74341398,-0.01525925
2.74405398,-0.01525925
2.74469398,-0.01525925
2.74533398,-0.01525925
2.74597398,-0.01525925
2.74661398,-0.01525925
2.74725398,-0.01525925
2.74789398,-0.01525925
2.74853398,-0.01525925
2.74917398,-0.01525925
2.74981398,0.16052736
2.75045398,0.16052736
2.75109398,-0.01525925
2.75173398,0.16052736
2.75237398,0.16052736
2.75301398,0.16052736
2.75365398,0.16052736
2.75429398,0.16052736
2.75493398,0.16052736
2.75557398,0.16052736
2.75621398,0.16052736
2.75685398,0.16052736
2.75749398,0.16052736
2.75813398,0.16052736
2.75877398,0.16052736
2.75941398,0.16052736
2.76005398,0.16052736
2.76069398,0.16052736
2.76133398,0.16052736
2.76197398,0.33692434
2.76261398,0.33692434
2.76325398,0.16052736
2.76389398,0.33692434
2.76453398,0.16052736
2.76517398,0.16052736
2.76581398,0.33692434
2.76645398,0.33692434
2.76709398,0.33692434
2.76773398,0.33692434
2.76837398,0.33692434
2.76901398,0.33692434
2.76965398,0.33692434
2.77029398,0.33692434
2.77093398,0.33692434
2.77157398,0.33692434
2.77221398,0.33692434
2.77285398,0.33692434
2.77349398,0.33692434
2.77413398,0.33692434
2.77477398,0.33692434
2.77541398,0.33692434
2.77605398,0.33692434
2.77669398,0.33692434
2.77733398,0.33692434
2.77797398,0.33692434
2.77861398,0.33692434
2.77925398,0.33692434
2.77989398,0.33692434
2.78053398,0.33692434
2.78117398,0.33692434
2.78181398,0.33692434
2.78245398,0.33692434
2.78309398,0.33692434
2.78373398,0.33692434
2.78437398,0.33692434
2.78501398,0.51332134
2.78565398,0.33692434
2.78629398,0.33692434
2.78693398,0.33692434
2.78757398,0.33692434
2.78821398,0.33692434
2.78885398,0.51332134
2.78949398,0.51332134
2.79013398,0.51332134
2.79077398,0.33692434
2.79141398,0.51332134
2.79205398,0.33692434
2.79269398,0.33692434
2.79333398,0.51332134
2.79397398,0.33692434
2.79461398,0.51332134
2.79525398,0.33692434
2.79589398,0.33692434
2.79653398,0.33692434
2.79717398,0.33692434
2.79781398,0.33692434
2.79845398,0.33692434
2.79909398,0.33692434
2.79973398,0.33692434
2.80037398,0.33692434
2.80101398,0.33692434
2.80165398,0.33692434
2.80229398,0.33692434
2.80293398,0.33692434
2.80357398,0.33692434
2.80421398,0.33692434
2.80485398,0.33692434
2.80549398,0.33692434
2.80613398,0.33692434
2.80677398,0.33692434
2.80741398,0.33692434
2.80805398,0.33692434
2.80869398,0.33692434
2.80933398,0.33692434
2.80997398,0.33692434
2.81061398,0.33692434
2.81125398,0.33692434
2.81189398,0.33692434
2.81253398,0.33692434
2.81317398,0.33692434
2.81381398,0.33692434
2.81445398,0.33692434
2.81509398,0.16052736
2.81573398,0.16052736
2.81637398,0.16052736
2.81701398,0.16052736
2.81765398,0.16052736
2.81829398,0.16052736
2.81893398,0.16052736
2.81957398,0.16052736
2.82021398,0.16052736
2.82085398,0.16052736
2.82149398,0.16052736
2.82213398,0.16052736
2.82277398,0.16052736
2.82341398,0.16052736
2.82405398,-0.01525925
2.82469398,0.16052736
2.82533398,-0.01525925
2.82597398,-0.01525925
2.82661398,-0.01525925
2.82725398,-0.01525925
2.82789398,-0.01525925
2.82853398,-0.01525925
2.82917398,-0.19104587
2.82981398,-0.01525925
2.83045398,-0.01525925
2.83109398,-0.01525925
2.83173398,-0.19104587
2.83237398,-0.19104587
2.83301398,-0.19104587
2.83365398,-0.19104587
2.83429398,-0.19104587
2.83493398,-0.19104587
2.83557398,-0.19104587
2.83621398,-0.19104587
2.83685398,-0.19104587
2.83749398,-0.19104587
2.83813398,-0.36744285
2.83877398,-0.19104587
2.83941398,-0.19104587
2.84005398,-0.36744285
2.84069398,-0.36744285
2.84133398,-0.36744285
2.84197398,-0.36744285
2.84261398,-0.36744285
2.84325398,-0.36744285
2.84389398,-0.36744285
2.84453398,-0.36744285
2.84517398,-0.36744285
2.84581398,-0.36744285
2.84645398,-0.36744285
2.84709398,-0.36744285
2.84773398,-0.36744285
2.84837398,-0.36744285
2.84901398,-0.36744285
2.84965398,-0.36744285
2.85029398,-0.36744285
2.85093398,-0.54383981
2.85157398,-0.54383981
2.85221398,-0.54383981
2.85285398,-0.36744285
2.85349398,-0.36744285
2.85413398,-0.54383981
2.85477398,-0.54383981
2.85541398,-0.54383981
2.85605398,-0.54383981
2.85669398,-0.54383981
2.85733398,-0.54383981
2.85797398,-0.54383981
2.85861398,-0.54383981
2.85925398,-0.54383981
2.85989398,-0.54383981
2.86053398,-0.36744285
2.86117398,-0.54383981
2.86181398,-0.54383981
2.86245398,-0.54383981
2.86309398,-0.54383981
2.86373398,-0.54383981
2.86437398,-0.54383981
2.86501398,-0.72023684
2.86565398,-0.54383981
2.86629398,-0.54383981
2.86693398,-0.54383981
2.86757398,-0.54383981
2.86821398,-0.54383981
2.86885398,-0.54383981
2.86949398,-0.54383981
2.87013398,-0.54383981
2.87077398,-0.54383981
2.87141398,-0.54383981
2.87205398,-0.54383981
2.87269398,-0.54383981
2.87333398,-0.54383981
2.87397398,-0.36744285
2.87461398,-0.54383981
2.87525398,-0.54383981
2.87589398,-0.54383981
2.87653398,-0.54383981
2.87717398,-0.54383981
2.87781398,-0.36744285
2.87845398,-0.36744285
2.87909398,-0.54383981
2.87973398,-0.36744285
2.88037398,-0.36744285
2.88101398,-0.36744285
2.88165398,-0.36744285
2.88229398,-0.36744285
2.88293398,-0.36744285
2.88357398,-0.36744285
2.88421398,-0.36744285
2.88485398,-0.36744285
2.88549398,-0.36744285
2.88613398,-0.36744285
2.88677398,-0.19104587
2.88741398,-0.36744285
2.88805398,-0.36744285
2.88869398,-0.36744285
2.88933398,-0.19104587
2.88997398,-0.19104587
2.89061398,-0.19104587
2.89125398,-0.19104587
2.89189398,-0.19104587
2.89253398,-0.19104587
2.89317398,-0.19104587
2.89381398,-0.19104587
2.89445398,-0.19104587
2.89509398,-0.01525925
2.89573398,-0.01525925
2.89637398,-0.01525925
2.89701398,-0.01525925
2.89765398,-0.01525925
2.89829398,-0.01525925
2.89893398,0.16052736
2.89957398,-0.01525925
2.90021398,0.16052736
2.90085398,0.16052736
2.90149398,0.16052736
2.90213398,0.16052736
2.90277398,0.16052736
2.90341398,0.16052736
2.90405398,0.16052736
2.90469398,0.16052736
2.90533398,0.33692434
2.90597398,0.33692434
2.90661398,0.33692434
2.90725398,0.33692434
2.90789398,0.33692434
2.90853398,0.33692434
2.90917398,0.33692434
2.90981398,0.33692434
2.91045398,0.33692434
2.91109398,0.51332134
2.91173398,0.51332134
2.91237398,0.51332134
2.91301398,0.51332134
2.91365398,0.51332134
2.91429398,0.51332134
2.91493398,0.51332134
2.91557398,0.51332134
2.91621398,0.51332134
2.91685398,0.51332134
2.91749398,0.68971831
2.91813398,0.51332134
2.91877398,0.68971831
2.91941398,0.51332134
2.92005398,0.68971831
2.92069398,0.68971831
2.92133398,0.68971831
2.92197398,0.68971831
2.92261398,0.68971831
2.92325398,0.68971831
2.92389398,0.86550492
2.92453398,0.86550492
2.92517398,0.86550492
2.92581398,0.68971831
2.92645398,0.68971831
2.92709398,0.68971831
2.92773398,0.86550492
2.92837398,0.68971831
2.92901398,0.86550492
2.92965398,0.86550492
2.93029398,0.86550492
2.93093398,0.86550492
2.93157398,0.86550492
2.93221398,0.86550492
2.93285398,0.86550492
2.93349398,0.86550492
2.93413398,0.86550492
2.93477398,0.86550492
2.93541398,0.86550492
2.93605398,0.86550492
2.93669398,0.86550492
2.93733398,0.86550492
2.93797398,0.86550492
2.93861398,0.86550492
2.93925398,0.86550492
2.93989398,0.68971831
2.94053398,0.86550492
2.94117398,0.68971831
2.94181398,0.68971831
2.94245398,0.68971831
2.94309398,0.68971831
2.94373398,0.86550492
2.94437398,0.86550492
2.94501398,0.68971831
2.94565398,0.86550492
2.94629398,0.68971831
2.94693398,0.68971831
2.94757398,0.68971831
2.94821398,0.68971831
2.94885398,0.51332134
2.94949398,0.51332134
2.95013398,0.68971831
2.95077398,0.51332134
2.95141398,0.51332134
2.95205398,0.51332134
2.95269398,0.51332134
2.95333398,0.51332134
2.95397398,0.51332134
2.95461398,0.51332134
2.95525398,0.51332134
2.95589398,0.33692434
2.95653398,0.51332134
2.95717398,0.33692434
2.95781398,0.33692434
2.95845398,0.33692434
2.95909398,0.33692434
2.95973398,0.33692434
2.96037398,0.33692434
2.96101398,0.33692434
2.96165398,0.33692434
2.96229398,0.16052736
2.96293398,0.16052736
2.96357398,0.16052736
2.96421398,0.16052736
2.96485398,0.16052736
2.96549398,0.16052736
2.96613398,-0.01525925
2.96677398,0.16052736
2.96741398,0.16052736
2.96805398,0.16052736
2.96869398,-0.01525925
2.96933398,-0.01525925
2.96997398,-0.01525925
2.97061398,-0.01525925
2.97125398,-0.19104587
2.97189398,-0.19104587
2.97253398,-0.19104587
2.97317398,-0.19104587
2.97381398,-0.19104587
2.97445398,-0.19104587
2.97509398,-0.36744285
2.97573398,-0.36744285
2.97637398,-0.19104587
2.97701398,-0.36744285
2.97765398,-0.36744285
2.97829398,-0.36744285
2.97893398,-0.36744285
2.97957398,-0.36744285
2.98021398,-0.54383981
2.98085398,-0.54383981
2.98149398,-0.54383981
2.98213398,-0.54383981
2.98277398,-0.54383981
2.98341398,-0.54383981
2.98405398,-0.54383981
2.98469398,-0.54383981
2.98533398,-0.72023684
2.98597398,-0.72023684
2.98661398,-0.72023684
2.98725398,-0.72023684
2.98789398,-0.72023684
2.98853398,-0.72023684
2.98917398,-0.72023684
2.98981398,-0.72023684
2.99045398,-0.72023684
2.99109398,-0.89602345
2.99173398,-0.89602345
2.99237398,-0.89602345
2.99301398,-0.89602345
2.99365398,-0.89602345
2.99429398,-0.89602345
2.99493398,-0.89602345
2.99557398,-0.89602345
2.99621398,-0.89602345
2.99685398,-0.89602345
2.99749398,-0.89602345
2.99813398,-0.89602345
2.99877398,-0.89602345
2.99941398,-0.89602345
3.00005398,-0.89602345
3.00069398,-0.89602345
3.00133398,-0.89602345
3.00197398,-0.89602345
3.00261398,-1.07242048
3.00325398,-0.89602345
3.00389398,-0.89602345
3.00453398,-0.89602345
3.00517398,-0.89602345
3.00581398,-0.89602345
3.00645398,-0.89602345
3.00709398,-1.07242048
3.00773398,-0.89602345
3.00837398,-0.89602345
3.00901398,-0.89602345
3.00965398,-0.89602345
3.01029398,-0.89602345
3.01093398,-0.89602345
3.01157398,-0.89602345
3.01221398,-0.89602345
3.01285398,-0.89602345
3.01349398,-0.89602345
3.01413398,-0.89602345
3.01477398,-0.89602345
3.01541398,-0.89602345
3.01605398,-0.89602345
3.01669398,-0.72023684
3.01733398,-0.89602345
3.01797398,-0.72023684
3.01861398,-0.72023684
3.01925398,-0.72023684
3.01989398,-0.72023684
3.02053398,-0.72023684
3.02117398,-0.72023684
3.02181398,-0.54383981
3.02245398,-0.72023684
3.02309398,-0.54383981
3.02373398,-0.54383981
3.02437398,-0.54383981
3.02501398,-0.54383981
3.02565398,-0.36744285
3.02629398,-0.36744285
3.02693398,-0.36744285
3.02757398,-0.36744285
3.02821398,-0.36744285
3.02885398,-0.36744285
3.02949398,-0.36744285
3.03013398,-0.36744285
3.03077398,-0.19104587
3.03141398,-0.19104587
3.03205398,-0.19104587
3.03269398,-0.19104587
3.03333398,-0.19104587
3.03397398,-0.19104587
3.03461398,-0.19104587
3.03525398,-0.01525925
3.03589398,-0.01525925
3.03653398,-0.01525925
3.03717398,-0.01525925
3.03781398,0.16052736
3.03845398,0.16052736
3.03909398,0.16052736
3.03973398,0.16052736
3.04037398,0.16052736
3.04101398,0.33692434
3.04165398,0.16052736
3.04229398,0.33692434
3.04293398,0.33692434
3.04357398,0.33692434
3.04421398,0.33692434
3.04485398,0.33692434
3.04549398,0.33692434
3.04613398,0.33692434
3.04677398,0.51332134
3.04741398,0.51332134
3.04805398,0.51332134
3.04869398,0.51332134
3.04933398,0.51332134
3.04997398,0.51332134
3.05061398,0.68971831
3.05125398,0.68971831
3.05189398,0.68971831
3.05253398,0.68971831
3.05317398,0.68971831
3.05381398,0.86550492
3.05445398,0.86550492
3.05509398,0.86550492
3.05573398,0.86550492
3.05637398,0.86550492
3.05701398,0.86550492
3.05765398,0.86550492
3.05829398,0.86550492
3.05893398,1.04190195
3.05957398,1.04190195
3.06021398,1.04190195
3.06085398,1.04190195
3.06149398,1.04190195
3.06213398,1.04190195
3.06277398,1.04190195
3.06341398,1.04190195
3.06405398,1.04190195
3.06469398,1.04190195
3.06533398,1.04190195
3.06597398,1.21829891
3.06661398,1.04190195
3.06725398,1.04190195
3.06789398,1.21829891
3.06853398,1.04190195
3.06917398,1.21829891
3.06981398,1.21829891
3.07045398,1.21829891
3.07109398,1.04190195
3.07173398,1.21829891
3.07237398,1.21829891
3.07301398,1.21829891
3.07365398,1.21829891
3.07429398,1.21829891
3.07493398,1.21829891
3.07557398,1.04190195
3.07621398,1.21829891
3.07685398,1.04190195
3.07749398,1.21829891
3.07813398,1.04190195
3.07877398,1.21829891
3.07941398,1.04190195
3.08005398,1.04190195
3.08069398,1.04190195
3.08133398,1.04190195
3.08197398,1.04190195
3.08261398,1.04190195
3.08325398,1.04190195
3.08389398,1.04190195
3.08453398,1.04190195
3.08517398,0.86550492
3.08581398,0.86550492
3.08645398,0.86550492
3.08709398,0.86550492
3.08773398,0.86550492
3.08837398,0.86550492
3.08901398,0.86550492
3.08965398,0.86550492
3.09029398,0.68971831
3.09093398,0.68971831
3.09157398,0.68971831
3.09221398,0.68971831
3.09285398,0.68971831
3.09349398,0.68971831
3.09413398,0.51332134
3.09477398,0.51332134
3.09541398,0.51332134
3.09605398,0.51332134
3.09669398,0.51332134
3.09733398,0.33692434
3.09797398,0.33692434
3.09861398,0.33692434
3.09925398,0.33692434
3.09989398,0.33692434
3.10053398,0.33692434
3.10117398,0.33692434
3.10181398,0.16052736
3.10245398,0.33692434
3.10309398,0.16052736
3.10373398,0.16052736
3.10437398,0.16052736
3.10501398,-0.01525925
3.10565398,-0.01525925
3.10629398,-0.01525925
3.10693398,-0.19104587
3.10757398,-0.19104587
3.10821398,-0.19104587
3.10885398,-0.19104587
3.10949398,-0.19104587
3.11013398,-0.19104587
3.11077398,-0.19104587
3.11141398,-0.36744285
3.11205398,-0.36744285
3.11269398,-0.36744285
3.11333398,-0.36744285
3.11397398,-0.36744285
3.11461398,-0.54383981
3.11525398,-0.54383981
3.11589398,-0.54383981
3.11653398,-0.54383981
3.11717398,-0.54383981
3.11781398,-0.54383981
3.11845398,-0.72023684
3.11909398,-0.72023684
3.11973398,-0.72023684
3.12037398,-0.72023684
3.12101398,-0.89602345
3.12165398,-0.89602345
3.12229398,-0.89602345
3.12293398,-0.89602345
3.12357398,-0.89602345
3.12421398,-0.89602345
3.12485398,-0.89602345
3.12549398,-1.07242048
3.12613398,-0.89602345
3.12677398,-1.07242048
3.12741398,-1.07242048
3.12805398,-1.07242048
3.12869398,-1.07242048
3.12933398,-1.07242048
3.12997398,-1.07242048
3.13061398,-1.07242048
3.13125398,-1.07242048
3.13189398,-1.07242048
3.13253398,-1.07242048
3.13317398,-1.07242048
3.13381398,-1.07242048
3.13445398,-1.24881744
3.13509398,-1.24881744
3.13573398,-1.24881744
3.13637398,-1.07242048
3.13701398,-1.24881744
3.13765398,-1.24881744
3.13829398,-1.24881744
3.13893398,-1.24881744
3.13957398,-1.24881744
3.14021398,-1.24881744
3.14085398,-1.24881744
3.14149398,-1.24881744
3.14213398,-1.24881744
3.14277398,-1.24881744
3.14341398,-1.24881744
3.14405398,-1.24881744
3.14469398,-1.24881744
3.14533398,-1.24881744
3.14597398,-1.24881744
3.14661398,-1.24881744
3.14725398,-1.07242048
3.14789398,-1.07242048
3.14853398,-1.24881744
3.14917398,-1.07242048
3.14981398,-1.07242048
3.15045398,-1.07242048
3.15109398,-1.07242048
3.15173398,-1.07242048
3.15237398,-1.07242048
3.15301398,-1.07242048
3.15365398,-0.89602345
3.15429398,-1.07242048
3.15493398,-0.89602345
3.15557398,-0.89602345
3.15621398,-0.89602345
3.15685398,-0.89602345
3.15749398,-0.89602345
3.15813398,-0.89602345
3.15877398,-0.72023684
3.15941398,-0.72023684
3.16005398,-0.72023684
3.16069398,-0.72023684
3.16133398,-0.54383981
3.16197398,-0.54383981
3.16261398,-0.72023684
3.16325398,-0.54383981
3.16389398,-0.54383981
3.16453398,-0.36744285
3.16517398,-0.36744285
3.16581398,-0.54383981
3.16645398,-0.36744285
3.16709398,-0.36744285
3.16773398,-0.36744285
3.16837398,-0.36744285
3.16901398,-0.19104587
3.16965398,-0.19104587
3.17029398,-0.19104587
3.17093398,-0.19104587
3.17157398,-0.01525925
3.17221398,-0.01525925
3.17285398,-0.01525925
3.17349398,-0.01525925
3.17413398,0.16052736
3.17477398,-0.01525925
3.17541398,0.16052736
3.17605398,0.16052736
3.17669398,0.16052736
3.17733398,0.16052736
3.17797398,0.33692434
3.17861398,0.33692434
3.17925398,0.33692434
3.17989398,0.33692434
3.18053398,0.51332134
3.18117398,0.51332134
3.18181398,0.51332134
3.18245398,0.68971831
3.18309398,0.51332134
3.18373398,0.51332134
3.18437398,0.51332134
3.18501398,0.68971831
3.18565398,0.68971831
3.18629398,0.86550492
3.18693398,0.68971831
3.18757398,0.86550492
3.18821398,0.86550492
3.18885398,0.86550492
3.18949398,0.86550492
3.19013398,0.86550492
3.19077398,1.04190195
3.19141398,1.04190195
3.19205398,1.04190195
3.19269398,1.04190195
3.19333398,1.04190195
3.19397398,1.04190195
3.19461398,1.21829891
3.19525398,1.21829891
3.19589398,1.21829891
3.19653398,1.21829891
3.19717398,1.21829891
3.19781398,1.21829891
3.19845398,1.21829891
3.19909398,1.21829891
3.19973398,1.21829891
3.20037398,1.21829891
3.20101398,1.39469588
3.20165398,1.21829891
3.20229398,1.21829891
3.20293398,1.39469588
3.20357398,1.39469588
3.20421398,1.39469588
3.20485398,1.39469588
3.20549398,1.39469588
3.20613398,1.39469588
3.20677398,1.39469588
3.20741398,1.39469588
3.20805398,1.39469588
3.20869398,1.39469588
3.20933398,1.21829891
3.20997398,1.39469588
3.21061398,1.39469588
3.21125398,1.39469588
3.21189398,1.39469588
3.21253398,1.39469588
3.21317398,1.39469588
3.21381398,1.39469588
3.21445398,1.39469588
3.21509398,1.21829891
3.21573398,1.39469588
3.21637398,1.21829891
3.21701398,1.21829891
3.21765398,1.21829891
3.21829398,1.21829891
3.21893398,1.21829891
3.21957398,1.21829891
3.22021398,1.21829891
3.22085398,1.21829891
3.22149398,1.04190195
3.22213398,1.04190195
3.22277398,1.04190195
3.22341398,1.04190195
3.22405398,1.04190195
3.22469398,1.04190195
3.22533398,1.04190195
3.22597398,1.04190195
3.22661398,0.86550492
3.22725398,0.86550492
3.22789398,0.86550492
3.22853398,0.68971831
3.22917398,0.86550492
3.22981398,0.68971831
3.23045398,0.68971831
3.23109398,0.68971831
3.23173398,0.68971831
3.23237398,0.51332134
3.23301398,0.51332134
3.23365398,0.51332134
3.23429398,0.51332134
3.23493398,0.51332134
3.23557398,0.51332134
3.23621398,0.33692434
3.23685398,0.33692434
3.23749398,0.33692434
3.23813398,0.33692434
3.23877398,0.16052736
3.23941398,0.16052736
3.24005398,0.16052736
3.24069398,0.16052736
3.24133398,0.16052736
3.24197398,-0.01525925
3.24261398,-0.01525925
3.24325398,-0.19104587
3.24389398,-0.19104587
3.24453398,-0.19104587
3.24517398,-0.19104587
3.24581398,-0.19104587
3.24645398,-0.19104587
3.24709398,-0.36744285
3.24773398,-0.36744285
3.24837398,-0.36744285
3.24901398,-0.54383981
3.24965398,-0.36744285
3.25029398,-0.54383981
3.25093398,-0.54383981
3.25157398,-0.54383981
3.25221398,-0.54383981
3.25285398,-0.72023684
3.25349398,-0.72023684
3.25413398,-0.72023684
3.25477398,-0.72023684
3.25541398,-0.89602345
3.25605398,-0.89602345
3.25669398,-0.89602345
3.25733398,-0.89602345
3.25797398,-0.89602345
3.25861398,-1.07242048
3.25925398,-1.07242048
3.25989398,-1.07242048
3.26053398,-1.07242048
3.26117398,-1.07242048
3.26181398,-1.07242048
3.26245398,-1.07242048
3.26309398,-1.07242048
3.26373398,-1.24881744
3.26437398,-1.24881744
3.26501398,-1.24881744
3.26565398,-1.24881744
3.26629398,-1.24881744
3.26693398,-1.24881744
3.26757398,-1.24881744
3.26821398,-1.24881744
3.26885398,-1.42521441
3.26949398,-1.42521441
3.27013398,-1.42521441
3.27077398,-1.42521441
3.27141398,-1.42521441
3.27205398,-1.42521441
3.27269398,-1.42521441
3.27333398,-1.42521441
3.27397398,-1.42521441
3.27461398,-1.42521441
3.27525398,-1.42521441
3.27589398,-1.42521441
3.27653398,-1.42521441
3.27717398,-1.42521441
3.27781398,-1.42521441
3.27845398,-1.60100102
3.27909398,-1.42521441
3.27973398,-1.42521441
3.28037398,-1.42521441
3.28101398,-1.42521441
3.28165398,-1.42521441
3.28229398,-1.24881744
3.28293398,-1.24881744
3.28357398,-1.24881744
3.28421398,-1.24881744
3.28485398,-1.24881744
3.28549398,-1.24881744
3.28613398,-1.24881744
3.28677398,-1.24881744
3.28741398,-1.24881744
3.28805398,-1.24881744
3.28869398,-1.07242048
3.28933398,-1.07242048
3.28997398,-1.07242048
3.29061398,-1.07242048
3.29125398,-1.07242048
3.29189398,-1.07242048
3.29253398,-0.89602345
3.29317398,-0.89602345
3.29381398,-1.07242048
3.29445398,-0.89602345
3.29509398,-0.89602345
3.29573398,-0.89602345
3.29637398,-0.89602345
3.29701398,-0.72023684
3.29765398,-0.72023684
3.29829398,-0.72023684
3.29893398,-0.72023684
3.29957398,-0.54383981
3.30021398,-0.54383981
3.30085398,-0.54383981
3.30149398,-0.54383981
3.30213398,-0.36744285
3.30277398,-0.36744285
3.30341398,-0.36744285
3.30405398,-0.36744285
3.30469398,-0.36744285
3.30533398,-0.19104587
3.30597398,-0.36744285
3.30661398,-0.19104587
3.30725398,-0.19104587
3.30789398,-0.01525925
3.30853398,-0.01525925
3.30917398,-0.01525925
3.30981398,0.16052736
3.31045398,-0.01525925
3.31109398,0.16052736
3.31173398,0.16052736
3.31237398,0.16052736
3.31301398,0.16052736
3.31365398,0.33692434
3.31429398,0.33692434
3.31493398,0.33692434
3.31557398,0.51332134
3.31621398,0.51332134
3.31685398,0.51332134
3.31749398,0.51332134
3.31813398,0.51332134
3.31877398,0.51332134
3.31941398,0.68971831
3.32005398,0.68971831
3.32069398,0.68971831
3.32133398,0.68971831
3.32197398,0.86550492
3.32261398,0.86550492
3.32325398,0.86550492
3.32389398,0.86550492
3.32453398,1.04190195
3.32517398,1.04190195
3.32581398,1.04190195
3.32645398,1.04190195
3.32709398,1.04190195
3.32773398,1.21829891
3.32837398,1.04190195
3.32901398,1.04190195
3.32965398,1.21829891
3.33029398,1.21829891
3.33093398,1.21829891
3.33157398,1.21829891
3.33221398,1.39469588
3.33285398,1.21829891
3.33349398,1.21829891
3.33413398,1.39469588
3.33477398,1.39469588
3.33541398,1.39469588
3.33605398,1.39469588
3.33669398,1.57048249
3.33733398,1.57048249
3.33797398,1.39469588
3.33861398,1.57048249
3.33925398,1.57048249
3.33989398,1.57048249
3.34053398,1.57048249
3.34117398,1.57048249
3.34181398,1.57048249
3.34245398,1.57048249
3.34309398,1.39469588
3.34373398,1.57048249
3.34437398,1.57048249
3.34501398,1.57048249
3.34565398,1.57048249
3.34629398,1.57048249
3.34693398,1.57048249
3.34757398,1.39469588
3.34821398,1.57048249
3.34885398,1.57048249
3.34949398,1.57048249
3.35013398,1.57048249
3.35077398,1.39469588
3.35141398,1.57048249
3.35205398,1.39469588
3.35269398,1.39469588
3.35333398,1.39469588
3.35397398,1.39469588
3.35461398,1.39469588
3.35525398,1.39469588
3.35589398,1.21829891
3.35653398,1.21829891
3.35717398,1.21829891
3.35781398,1.21829891
3.35845398,1.21829891
3.35909398,1.21829891
3.35973398,1.04190195
3.36037398,1.21829891
3.36101398,1.04190195
3.36165398,1.04190195
3.36229398,1.04190195
3.36293398,1.04190195
3.36357398,0.86550492
3.36421398,1.04190195
3.36485398,0.86550492
3.36549398,0.86550492
3.36613398,0.68971831
3.36677398,0.68971831
3.36741398,0.68971831
3.36805398,0.68971831
3.36869398,0.51332134
3.36933398,0.51332134
3.36997398,0.51332134
3.37061398,0.51332134
3.37125398,0.33692434
3.37189398,0.33692434
3.37253398,0.33692434
3.37317398,0.33692434
3.37381398,0.33692434
3.37445398,0.33692434
3.37509398,0.16052736
3.37573398,0.16052736
3.37637398,0.16052736
3.37701398,0.16052736
3.37765398,0.16052736
3.37829398,-0.01525925
3.37893398,-0.01525925
3.37957398,-0.01525925
3.38021398,-0.19104587
3.38085398,-0.19104587
3.38149398,-0.19104587
3.38213398,-0.36744285
3.38277398,-0.36744285
3.38341398,-0.36744285
3.38405398,-0.36744285
3.38469398,-0.36744285
3.38533398,-0.36744285
3.38597398,-0.54383981
3.38661398,-0.54383981
3.38725398,-0.54383981
3.38789398,-0.72023684
3.38853398,-0.72023684
3.38917398,-0.72023684
3.38981398,-0.72023684
3.39045398,-0.89602345
3.39109398,-0.89602345
3.39173398,-0.89602345
3.39237398,-0.89602345
3.39301398,-0.89602345
3.39365398,-1.07242048
3.39429398,-1.07242048
3.39493398,-0.89602345
3.39557398,-1.07242048
3.39621398,-1.07242048
3.39685398,-1.07242048
3.39749398,-1.24881744
3.39813398,-1.24881744
3.39877398,-1.24881744
3.39941398,-1.24881744
3.40005398,-1.24881744
3.40069398,-1.42521441
3.40133398,-1.24881744
3.40197398,-1.42521441
3.40261398,-1.24881744
3.40325398,-1.42521441
3.40389398,-1.42521441
3.40453398,-1.42521441
3.40517398,-1.60100102
3.40581398,-1.42521441
3.40645398,-1.60100102
3.40709398,-1.42521441
3.40773398,-1.60100102
3.40837398,-1.60100102
3.40901398,-1.60100102
3.40965398,-1.60100102
3.41029398,-1.60100102
3.41093398,-1.60100102
3.41157398,-1.60100102
3.41221398,-1.60100102
3.41285398,-1.60100102
3.41349398,-1.60100102
3.41413398,-1.60100102
3.41477398,-1.60100102
3.41541398,-1.42521441
3.41605398,-1.60100102
3.41669398,-1.60100102
3.41733398,-1.42521441
3.41797398,-1.42521441
3.41861398,-1.24881744
3.41925398,-1.42521441
3.41989398,-1.42521441
3.42053398,-1.42521441
3.42117398,-1.42521441
3.42181398,-1.42521441
3.42245398,-1.24881744
3.42309398,-1.24881744
3.42373398,-1.24881744
3.42437398,-1.24881744
3.42501398,-1.24881744
3.42565398,-1.24881744
3.42629398,-1.07242048
3.42693398,-1.24881744
3.42757398,-1.07242048
3.42821398,-1.07242048
3.42885398,-1.07242048
3.42949398,-1.07242048
3.43013398,-1.07242048
3.43077398,-1.07242048
3.43141398,-0.89602345
3.43205398,-0.89602345
3.43269398,-0.89602345
3.43333398,-0.72023684
3.43397398,-0.72023684
3.43461398,-0.72023684
3.43525398,-0.72023684
3.43589398,-0.54383981
3.43653398,-0.54383981
3.43717398,-0.54383981
3.43781398,-0.54383981
3.43845398,-0.54383981
3.43909398,-0.36744285
3.43973398,-0.36744285
3.44037398,-0.36744285
3.44101398,-0.19104587
3.44165398,-0.19104587
3.44229398,-0.19104587
3.44293398,-0.19104587
3.44357398,-0.19104587
3.44421398,-0.19104587
3.44485398,-0.01525925
3.44549398,-0.01525925
3.44613398,0.16052736
3.44677398,0.16052736
3.44741398,0.16052736
3.44805398,0.16052736
3.44869398,0.33692434
3.44933398,0.33692434
3.44997398,0.33692434
3.45061398,0.33692434
3.45125398,0.33692434
3.45189398,0.51332134
3.45253398,0.51332134
3.45317398,0.51332134
3.45381398,0.51332134
3.45445398,0.51332134
3.45509398,0.68971831
3.45573398,0.68971831
3.45637398,0.68971831
3.45701398,0.68971831
3.45765398,0.86550492
3.45829398,0.86550492
3.45893398,0.86550492
3.45957398,0.86550492
3.46021398,1.04190195
3.46085398,1.04190195
3.46149398,1.04190195
3.46213398,1.04190195
3.46277398,1.04190195
3.46341398,1.04190195
3.46405398,1.21829891
3.46469398,1.21829891
3.46533398,1.21829891
3.46597398,1.21829891
3.46661398,1.21829891
3.46725398,1.39469588
3.46789398,1.21829891
3.46853398,1.39469588
3.46917398,1.39469588
3.46981398,1.39469588
3.47045398,1.57048249
3.47109398,1.57048249
3.47173398,1.57048249
3.47237398,1.57048249
3.47301398,1.57048249
3.47365398,1.57048249
3.47429398,1.39469588
3.47493398,1.57048249
3.47557398,1.57048249
3.47621398,1.57048249
3.47685398,1.57048249
3.47749398,1.57048249
3.47813398,1.57048249
3.47877398,1.57048249
3.47941398,1.57048249
3.48005398,1.57048249
3.48069398,1.57048249
3.48133398,1.57048249
3.48197398,1.57048249
3.48261398,1.57048249
3.48325398,1.57048249
3.48389398,1.57048249
3.48453398,1.39469588
3.48517398,1.39469588
3.48581398,1.39469588
3.48645398,1.57048249
3.48709398,1.39469588
3.48773398,1.39469588
3.48837398,1.39469588
3.48901398,1.39469588
3.48965398,1.39469588
3.49029398,1.39469588
3.49093398,1.39469588
3.49157398,1.39469588
3.49221398,1.21829891
3.49285398,1.21829891
3.49349398,1.21829891
3.49413398,1.21829891
3.49477398,1.21829891
3.49541398,1.21829891
3.49605398,1.04190195
3.49669398,1.21829891
3.49733398,1.04190195
3.49797398,1.04190195
3.49861398,1.04190195
3.49925398,1.04190195
3.49989398,0.86550492
3.50053398,0.86550492
3.50117398,0.86550492
3.50181398,0.86550492
3.50245398,0.68971831
3.50309398,0.68971831
3.50373398,0.68971831
3.50437398,0.68971831
3.50501398,0.51332134
3.50565398,0.51332134
3.50629398,0.51332134
3.50693398,0.51332134
3.50757398,0.33692434
3.50821398,0.33692434
3.50885398,0.33692434
3.50949398,0.33692434
3.51013398,0.33692434
3.51077398,0.16052736
3.51141398,0.16052736
3.51205398,0.16052736
3.51269398,0.16052736
3.51333398,-0.01525925
3.51397398,0.16052736
3.51461398,-0.01525925
3.51525398,-0.01525925
3.51589398,-0.19104587
3.51653398,-0.19104587
3.51717398,-0.19104587
3.51781398,-0.19104587
3.51845398,-0.36744285
3.51909398,-0.36744285
3.51973398,-0.36744285
3.52037398,-0.36744285
3.52101398,-0.36744285
3.52165398,-0.36744285
3.52229398,-0.54383981
3.52293398,-0.54383981
3.52357398,-0.72023684
3.52421398,-0.72023684
3.52485398,-0.72023684
3.52549398,-0.72023684
3.52613398,-0.89602345
3.52677398,-0.89602345
3.52741398,-0.89602345
3.52805398,-0.89602345
3.52869398,-1.07242048
3.52933398,-1.07242048
3.52997398,-0.89602345
3.53061398,-1.07242048
3.53125398,-1.07242048
3.53189398,-1.07242048
3.53253398,-1.07242048
3.53317398,-1.07242048
3.53381398,-1.24881744
3.53445398,-1.24881744
3.53509398,-1.24881744
3.53573398,-1.24881744
3.53637398,-1.42521441
3.53701398,-1.24881744
3.53765398,-1.42521441
3.53829398,-1.42521441
3.53893398,-1.42521441
3.53957398,-1.42521441
3.54021398,-1.42521441
3.54085398,-1.42521441
3.54149398,-1.42521441
3.54213398,-1.60100102
3.54277398,-1.60100102
3.54341398,-1.60100102
3.54405398,-1.42521441
3.54469398,-1.42521441
3.54533398,-1.42521441
3.54597398,-1.60100102
3.54661398,-1.60100102
3.54725398,-1.60100102
3.54789398,-1.60100102
3.54853398,-1.42521441
3.54917398,-1.60100102
3.54981398,-1.42521441
3.55045398,-1.60100102
3.55109398,-1.60100102
3.55173398,-1.42521441
3.55237398,-1.42521441
3.55301398,-1.42521441
3.55365398,-1.42521441
3.55429398,-1.42521441
3.55493398,-1.42521441
3.55557398,-1.42521441
3.55621398,-1.42521441
3.55685398,-1.24881744
3.55749398,-1.42521441
3.55813398,-1.42521441
3.55877398,-1.24881744
3.55941398,-1.24881744
3.56005398,-1.24881744
3.56069398,-1.24881744
3.56133398,-1.24881744
3.56197398,-1.07242048
3.56261398,-1.07242048
3.56325398,-1.07242048
3.56389398,-1.07242048
3.56453398,-1.07242048
3.56517398,-0.89602345
3.56581398,-0.89602345
3.56645398,-0.89602345
3.56709398,-0.89602345
3.56773398,-0.89602345
3.56837398,-0.89602345
3.56901398,-0.89602345
3.56965398,-0.72023684
3.57029398,-0.72023684
3.57093398,-0.72023684
3.57157398,-0.54383981
3.57221398,-0.72023684
3.57285398,-0.54383981
3.57349398,-0.54383981
3.57413398,-0.36744285
3.57477398,-0.36744285
3.57541398,-0.36744285
3.57605398,-0.36744285
3.57669398,-0.36744285
3.57733398,-0.36744285
3.57797398,-0.19104587
3.57861398,-0.19104587
3.57925398,-0.19104587
3.57989398,-0.01525925
3.58053398,-0.01525925
3.58117398,-0.01525925
3.58181398,0.16052736
3.58245398,0.16052736
3.58309398,0.16052736
3.58373398,0.16052736
3.58437398,0.33692434
3.58501398,0.33692434
3.58565398,0.33692434
3.58629398,0.33692434
3.58693398,0.33692434
3.58757398,0.33692434
3.58821398,0.33692434
3.58885398,0.51332134
3.58949398,0.51332134
3.59013398,0.51332134
3.59077398,0.68971831
3.59141398,0.68971831
3.59205398,0.68971831
3.59269398,0.86550492
3.59333398,0.86550492
3.59397398,0.86550492
3.59461398,0.86550492
3.59525398,0.86550492
3.59589398,0.86550492
3.59653398,1.04190195
3.59717398,1.04190195
3.59781398,1.04190195
3.59845398,1.04190195
3.59909398,1.04190195
3.59973398,1.21829891
3.60037398,1.21829891
3.60101398,1.21829891
3.60165398,1.21829891
3.60229398,1.21829891
3.60293398,1.21829891
3.60357398,1.21829891
3.60421398,1.21829891
3.60485398,1.21829891
3.60549398,1.39469588
3.60613398,1.39469588
3.60677398,1.39469588
3.60741398,1.39469588
3.60805398,1.39469588
3.60869398,1.57048249
3.60933398,1.39469588
3.60997398,1.39469588
3.61061398,1.57048249
3.61125398,1.57048249
3.61189398,1.39469588
3.61253398,1.39469588
3.61317398,1.57048249
3.61381398,1.57048249
3.61445398,1.57048249
3.61509398,1.57048249
3.61573398,1.57048249
3.61637398,1.57048249
3.61701398,1.57048249
3.61765398,1.57048249
3.61829398,1.57048249
3.61893398,1.57048249
3.61957398,1.39469588
3.62021398,1.39469588
3.62085398,1.57048249
3.62149398,1.57048249
3.62213398,1.39469588
3.62277398,1.39469588
3.62341398,1.39469588
3.62405398,1.39469588
3.62469398,1.39469588
3.62533398,1.39469588
3.62597398,1.39469588
3.62661398,1.21829891
3.62725398,1.21829891
3.62789398,1.21829891
3.62853398,1.21829891
3.62917398,1.21829891
3.62981398,1.21829891
3.63045398,1.21829891
3.63109398,1.04190195
3.63173398,1.21829891
3.63237398,1.04190195
3.63301398,1.04190195
3.63365398,1.04190195
3.63429398,1.04190195
3.63493398,0.86550492
3.63557398,0.86550492
3.63621398,0.86550492
3.63685398,0.86550492
3.63749398,0.86550492
3.63813398,0.86550492
3.63877398,0.68971831
3.63941398,0.68971831
3.64005398,0.68971831
3.64069398,0.51332134
3.64133398,0.51332134
3.64197398,0.51332134
3.64261398,0.33692434
3.64325398,0.33692434
3.64389398,0.33692434
3.64453398,0.33692434
3.64517398,0.33692434
3.64581398,0.33692434
3.64645398,0.16052736
3.64709398,0.16052736
3.64773398,0.16052736
3.64837398,0.16052736
3.64901398,-0.01525925
3.64965398,-0.01525925
3.65029398,-0.01525925
3.65093398,-0.19104587
3.65157398,-0.19104587
3.65221398,-0.19104587
3.65285398,-0.19104587
3.65349398,-0.19104587
3.65413398,-0.36744285
3.65477398,-0.36744285
3.65541398,-0.36744285
3.65605398,-0.36744285
3.65669398,-0.36744285
3.65733398,-0.54383981
3.65797398,-0.54383981
3.65861398,-0.54383981
3.65925398,-0.54383981
3.65989398,-0.72023684
3.66053398,-0.72023684
3.66117398,-0.72023684
3.66181398,-0.72023684
3.66245398,-0.72023684
3.66309398,-0.89602345
3.66373398,-0.89602345
3.66437398,-0.89602345
3.66501398,-0.89602345
3.66565398,-0.89602345
3.66629398,-0.89602345
3.66693398,-1.07242048
3.66757398,-1.07242048
3.66821398,-1.07242048
3.66885398,-1.24881744
3.66949398,-1.07242048
3.67013398,-1.24881744
3.67077398,-1.07242048
3.67141398,-1.24881744
3.67205398,-1.24881744
3.67269398,-1.24881744
3.67333398,-1.24881744
3.67397398,-1.24881744
3.67461398,-1.24881744
3.67525398,-1.42521441
3.67589398,-1.24881744
3.67653398,-1.24881744
3.67717398,-1.42521441
3.67781398,-1.42521441
3.67845398,-1.42521441
3.67909398,-1.42521441
3.67973398,-1.42521441
3.68037398,-1.42521441
3.68101398,-1.42521441
3.68165398,-1.42521441
3.68229398,-1.42521441
3.68293398,-1.42521441
3.68357398,-1.42521441
3.68421398,-1.42521441
3.68485398,-1.42521441
3.68549398,-1.42521441
3.68613398,-1.42521441
3.68677398,-1.42521441
3.68741398,-1.42521441
3.68805398,-1.42521441
3.68869398,-1.42521441
3.68933398,-1.24881744
3.68997398,-1.24881744
3.69061398,-1.24881744
3.69125398,-1.24881744
3.69189398,-1.24881744
3.69253398,-1.24881744
3.69317398,-1.24881744
3.69381398,-1.24881744
3.69445398,-1.24881744
3.69509398,-1.24881744
3.69573398,-1.07242048
3.69637398,-1.24881744
3.69701398,-1.07242048
3.69765398,-1.07242048
3.69829398,-1.07242048
3.69893398,-1.07242048
3.69957398,-1.07242048
3.70021398,-0.89602345
3.70085398,-0.89602345
3.70149398,-0.89602345
3.70213398,-0.89602345
3.70277398,-0.89602345
3.70341398,-0.89602345
3.70405398,-0.72023684
3.70469398,-0.72023684
3.70533398,-0.72023684
3.70597398,-0.72023684
3.70661398,-0.54383981
3.70725398,-0.54383981
3.70789398,-0.54383981
3.70853398,-0.54383981
3.70917398,-0.36744285
3.70981398,-0.36744285
3.71045398,-0.36744285
3.71109398,-0.36744285
3.71173398,-0.36744285
3.71237398,-0.36744285
3.71301398,-0.19104587
3.71365398,-0.19104587
3.71429398,-0.19104587
3.71493398,-0.19104587
3.71557398,-0.19104587
3.71621398,-0.01525925
3.71685398,-0.01525925
3.71749398,-0.01525925
3.71813398,0.16052736
3.71877398,0.16052736
3.71941398,0.16052736
3.72005398,0.16052736
3.72069398,0.16052736
3.72133398,0.33692434
3.72197398,0.33692434
3.72261398,0.33692434
3.72325398,0.33692434
3.72389398,0.33692434
3.72453398,0.51332134
3.72517398,0.51332134
3.72581398,0.51332134
3.72645398,0.51332134
3.72709398,0.51332134
3.72773398,0.68971831
3.72837398,0.68971831
3.72901398,0.68971831
3.72965398,0.86550492
3.73029398,0.86550492
3.73093398,0.86550492
3.73157398,0.86550492
3.73221398,0.86550492
3.73285398,0.86550492
3.73349398,1.04190195
3.73413398,1.04190195
3.73477398,1.04190195
3.73541398,1.04190195
3.73605398,1.04190195
3.73669398,1.04190195
3.73733398,1.04190195
3.73797398,1.21829891
3.73861398,1.21829891
3.73925398,1.21829891
3.73989398,1.21829891
3.74053398,1.21829891
3.74117398,1.21829891
3.74181398,1.21829891
3.74245398,1.21829891
3.74309398,1.21829891
3.74373398,1.21829891
3.74437398,1.39469588
3.74501398,1.21829891
3.74565398,1.39469588
3.74629398,1.39469588
3.74693398,1.39469588
3.74757398,1.39469588
3.74821398,1.39469588
3.74885398,1.39469588
3.74949398,1.39469588
3.75013398,1.39469588
3.75077398,1.39469588
3.75141398,1.39469588
3.75205398,1.39469588
3.75269398,1.39469588
3.75333398,1.39469588
3.75397398,1.57048249
3.75461398,1.39469588
3.75525398,1.39469588
3.75589398,1.39469588
3.75653398,1.39469588
3.75717398,1.39469588
3.75781398,1.39469588
3.75845398,1.39469588
3.75909398,1.21829891
3.75973398,1.21829891
3.76037398,1.21829891
3.76101398,1.21829891
3.76165398,1.21829891
3.76229398,1.21829891
3.76293398,1.21829891
3.76357398,1.21829891
3.76421398,1.04190195
3.76485398,1.04190195
3.76549398,1.04190195
3.76613398,1.04190195
3.76677398,1.04190195
3.76741398,1.04190195
3.76805398,1.04190195
3.76869398,0.86550492
3.76933398,0.86550492
3.76997398,0.86550492
3.77061398,0.86550492
3.77125398,0.86550492
3.77189398,0.86550492
3.77253398,0.86550492
3.77317398,0.68971831
3.77381398,0.68971831
3.77445398,0.68971831
3.77509398,0.51332134
3.77573398,0.51332134
3.77637398,0.51332134
3.77701398,0.51332134
3.77765398,0.51332134
3.77829398,0.51332134
3.77893398,0.33692434
3.77957398,0.33692434
3.78021398,0.33692434
3.78085398,0.33692434
3.78149398,0.33692434
3.78213398,0.16052736
3.78277398,0.16052736
3.78341398,0.16052736
3.78405398,0.16052736
3.78469398,-0.01525925
3.78533398,-0.01525925
3.78597398,-0.01525925
3.78661398,-0.01525925
3.78725398,-0.19104587
3.78789398,-0.19104587
3.78853398,-0.19104587
3.78917398,-0.19104587
3.78981398,-0.19104587
3.79045398,-0.19104587
3.79109398,-0.36744285
3.79173398,-0.36744285
3.79237398,-0.36744285
3.79301398,-0.36744285
3.79365398,-0.36744285
3.79429398,-0.36744285
3.79493398,-0.54383981
3.79557398,-0.54383981
3.79621398,-0.54383981
3.79685398,-0.54383981
3.79749398,-0.72023684
3.79813398,-0.72023684
3.79877398,-0.72023684
3.79941398,-0.72023684
3.80005398,-0.89602345
3.80069398,-0.72023684
3.80133398,-0.89602345
3.80197398,-0.89602345
3.80261398,-0.89602345
3.80325398,-0.89602345
3.80389398,-0.89602345
3.80453398,-0.89602345
3.80517398,-0.89602345
3.80581398,-1.07242048
3.80645398,-1.07242048
3.80709398,-1.07242048
3.80773398,-1.07242048
3.80837398,-1.07242048
3.80901398,-1.07242048
3.80965398,-1.07242048
3.81029398,-1.24881744
3.81093398,-1.07242048
3.81157398,-1.24881744
3.81221398,-1.24881744
3.81285398,-1.24881744
3.81349398,-1.24881744
3.81413398,-1.24881744
3.81477398,-1.24881744
3.81541398,-1.24881744
3.81605398,-1.24881744
3.81669398,-1.24881744
3.81733398,-1.24881744
3.81797398,-1.24881744
3.81861398,-1.24881744
3.81925398,-1.24881744
3.81989398,-1.24881744
3.82053398,-1.24881744
3.82117398,-1.24881744
3.82181398,-1.24881744
3.82245398,-1.24881744
3.82309398,-1.24881744
3.82373398,-1.24881744
3.82437398,-1.24881744
3.82501398,-1.24881744
3.82565398,-1.24881744
3.82629398,-1.24881744
3.82693398,-1.24881744
3.82757398,-1.24881744
3.82821398,-1.07242048
3.82885398,-1.07242048
3.82949398,-1.24881744
3.83013398,-1.07242048
3.83077398,-1.07242048
3.83141398,-1.07242048
3.83205398,-1.07242048
3.83269398,-1.07242048
3.83333398,-0.89602345
3.83397398,-0.89602345
3.83461398,-0.89602345
3.83525398,-0.89602345
3.83589398,-0.89602345
3.83653398,-0.89602345
3.83717398,-0.89602345
3.83781398,-0.89602345
3.83845398,-0.72023684
3.83909398,-0.72023684
3.83973398,-0.72023684
3.84037398,-0.72023684
3.84101398,-0.72023684
3.84165398,-0.54383981
3.84229398,-0.54383981
3.84293398,-0.54383981
3.84357398,-0.54383981
3.84421398,-0.36744285
3.84485398,-0.36744285
3.84549398,-0.36744285
3.84613398,-0.36744285
3.84677398,-0.36744285
3.84741398,-0.36744285
3.84805398,-0.19104587
3.84869398,-0.19104587
3.84933398,-0.19104587
3.84997398,-0.19104587
3.85061398,-0.19104587
3.85125398,-0.19104587
3.85189398,-0.01525925
3.85253398,-0.01525925
3.85317398,-0.01525925
3.85381398,0.16052736
3.85445398,-0.01525925
3.85509398,0.16052736
3.85573398,0.16052736
3.85637398,0.33692434
3.85701398,0.33692434
3.85765398,0.33692434
3.85829398,0.33692434
3.85893398,0.33692434
3.85957398,0.33692434
3.86021398,0.33692434
3.86085398,0.33692434
3.86149398,0.51332134
3.86213398,0.51332134
3.86277398,0.51332134
3.86341398,0.51332134
3.86405398,0.51332134
3.86469398,0.68971831
3.86533398,0.68971831
3.86597398,0.68971831
3.86661398,0.68971831
3.86725398,0.86550492
3.86789398,0.86550492
3.86853398,0.86550492
3.86917398,0.86550492
3.86981398,0.86550492
3.87045398,0.86550492
3.87109398,0.86550492
3.87173398,1.04190195
3.87237398,1.04190195
3.87301398,1.04190195
3.87365398,1.04190195
3.87429398,1.04190195
3.87493398,1.04190195
3.87557398,1.04190195
3.87621398,1.04190195
3.87685398,1.04190195
3.87749398,1.04190195
3.87813398,1.04190195
3.87877398,1.04190195
3.87941398,1.21829891
3.88005398,1.21829891
3.88069398,1.21829891
3.88133398,1.21829891
3.88197398,1.21829891
3.88261398,1.21829891
3.88325398,1.21829891
3.88389398,1.21829891
3.88453398,1.21829891
3.88517398,1.21829891
3.88581398,1.21829891
3.88645398,1.21829891
3.88709398,1.21829891
3.88773398,1.21829891
3.88837398,1.21829891
3.88901398,1.21829891
3.88965398,1.21829891
3.89029398,1.21829891
3.89093398,1.21829891
3.89157398,1.21829891
3.89221398,1.21829891
3.89285398,1.21829891
3.89349398,1.21829891
3.89413398,1.04190195
3.89477398,1.04190195
3.89541398,1.21829891
3.89605398,1.21829891
3.89669398,1.21829891
3.89733398,1.04190195
3.89797398,1.21829891
3.89861398,1.04190195
3.89925398,1.04190195
3.89989398,1.04190195
3.90053398,1.04190195
3.90117398,1.04190195
3.90181398,0.86550492
3.90245398,1.04190195
3.90309398,0.86550492
3.90373398,0.86550492
3.90437398,0.86550492
3.90501398,0.86550492
3.90565398,0.86550492
3.90629398,0.86550492
3.90693398,0.86550492
3.90757398,0.68971831
3.90821398,0.68971831
3.90885398,0.68971831
3.90949398,0.51332134
3.91013398,0.51332134
3.91077398,0.51332134
3.91141398,0.51332134
3.91205398,0.51332134
3.91269398,0.51332134
3.91333398,0.51332134
3.91397398,0.51332134
3.91461398,0.33692434
3.91525398,0.33692434
3.91589398,0.33692434
3.91653398,0.33692434
3.91717398,0.33692434
3.91781398,0.16052736
3.91845398,0.16052736
3.91909398,0.16052736
3.91973398,0.16052736
3.92037398,0.16052736
3.92101398,-0.01525925
3.92165398,-0.01525925
3.92229398,-0.01525925
3.92293398,-0.19104587
3.92357398,-0.19104587
3.92421398,-0.19104587
3.92485398,-0.19104587
3.92549398,-0.19104587
3.92613398,-0.19104587
3.92677398,-0.19104587
3.92741398,-0.36744285
3.92805398,-0.36744285
3.92869398,-0.36744285
3.92933398,-0.36744285
3.92997398,-0.36744285
3.93061398,-0.36744285
3.93125398,-0.36744285
3.93189398,-0.36744285
3.93253398,-0.54383981
3.93317398,-0.54383981
3.93381398,-0.54383981
3.93445398,-0.54383981
3.93509398,-0.54383981
3.93573398,-0.72023684
3.93637398,-0.72023684
3.93701398,-0.72023684
3.93765398,-0.72023684
3.93829398,-0.72023684
3.93893398,-0.89602345
3.93957398,-0.89602345
3.94021398,-0.89602345
3.94085398,-0.89602345
3.94149398,-0.89602345
3.94213398,-0.89602345
3.94277398,-0.89602345
3.94341398,-0.89602345
3.94405398,-0.89602345
3.94469398,-0.89602345
3.94533398,-0.89602345
3.94597398,-0.89602345
3.94661398,-0.89602345
3.94725398,-1.07242048
3.94789398,-0.89602345
3.94853398,-1.07242048
3.94917398,-1.07242048
3.94981398,-1.07242048
3.95045398,-1.07242048
3.95109398,-1.07242048
3.95173398,-1.07242048
3.95237398,-1.07242048
3.95301398,-1.07242048
3.95365398,-1.07242048
3.95429398,-1.07242048
3.95493398,-1.07242048
3.95557398,-1.07242048
3.95621398,-1.07242048
3.95685398,-1.07242048
3.95749398,-1.07242048
3.95813398,-1.07242048
3.95877398,-1.07242048
3.95941398,-1.07242048
3.96005398,-1.07242048
3.96069398,-1.07242048
3.96133398,-1.07242048
3.96197398,-1.07242048
3.96261398,-1.07242048
3.96325398,-1.07242048
3.96389398,-0.89602345
3.96453398,-1.07242048
3.96517398,-0.89602345
3.96581398,-1.07242048
3.96645398,-1.07242048
3.96709398,-0.89602345
3.96773398,-0.89602345
3.96837398,-0.89602345
3.96901398,-0.89602345
3.96965398,-0.89602345
3.97029398,-0.89602345
3.97093398,-0.89602345
3.97157398,-0.72023684
3.97221398,-0.72023684
3.97285398,-0.72023684
3.97349398,-0.72023684
3.97413398,-0.72023684
3.97477398,-0.72023684
3.97541398,-0.54383981
3.97605398,-0.54383981
3.97669398,-0.54383981
3.97733398,-0.54383981
3.97797398,-0.54383981
3.97861398,-0.36744285
3.97925398,-0.36744285
3.97989398,-0.36744285
3.98053398,-0.36744285
3.98117398,-0.36744285
3.98181398,-0.36744285
3.98245398,-0.36744285
3.98309398,-0.36744285
3.98373398,-0.36744285
3.98437398,-0.19104587
3.98501398,-0.19104587
3.98565398,-0.19104587
3.98629398,-0.19104587
3.98693398,-0.01525925
3.98757398,-0.01525925
3.98821398,-0.01525925
3.98885398,-0.01525925
3.98949398,0.16052736
3.99013398,-0.01525925
3.99077398,0.16052736
3.99141398,0.16052736
3.99205398,0.16052736
3.99269398,0.16052736
3.99333398,0.16052736
3.99397398,0.16052736
3.99461398,0.33692434
3.99525398,0.33692434
3.99589398,0.33692434
3.99653398,0.33692434
3.99717398,0.33692434
3.99781398,0.51332134
3.99845398,0.33692434
3.99909398,0.51332134
3.99973398,0.51332134
4.00037398,0.51332134
4.00101398,0.51332134
4.00165398,0.51332134
4.00229398,0.51332134
4.00293398,0.51332134
4.00357398,0.51332134
4.00421398,0.51332134
4.00485398,0.68971831
4.00549398,0.68971831
4.00613398,0.68971831
4.00677398,0.68971831
4.00741398,0.68971831
4.00805398,0.86550492
4.00869398,0.86550492
4.00933398,0.86550492
4.00997398,0.68971831
4.01061398,0.86550492
4.01125398,0.86550492
4.01189398,0.86550492
4.01253398,0.86550492
4.01317398,1.04190195
4.01381398,0.86550492
4.01445398,0.86550492
4.01509398,1.04190195
4.01573398,0.86550492
4.01637398,0.86550492
4.01701398,1.04190195
4.01765398,1.04190195
4.01829398,1.04190195
4.01893398,1.04190195
4.01957398,1.04190195
4.02021398,1.04190195
4.02085398,1.04190195
4.02149398,1.04190195
4.02213398,1.04190195
4.02277398,1.04190195
4.02341398,1.04190195
4.02405398,1.04190195
4.02469398,1.04190195
4.02533398,1.04190195
4.02597398,1.04190195
4.02661398,1.04190195
4.02725398,1.04190195
4.02789398,1.04190195
4.02853398,1.04190195
4.02917398,0.86550492
4.02981398,0.86550492
4.03045398,1.04190195
4.03109398,0.86550492
4.03173398,0.86550492
4.03237398,1.04190195
4.03301398,0.86550492
4.03365398,0.86550492
4.03429398,0.86550492
4.03493398,0.86550492
4.03557398,0.86550492
4.03621398,0.86550492
4.03685398,0.86550492
4.03749398,0.68971831
4.03813398,0.86550492
4.03877398,0.68971831
4.03941398,0.68971831
4.04005398,0.68971831
4.04069398,0.68971831
4.04133398,0.68971831
4.04197398,0.68971831
4.04261398,0.51332134
4.04325398,0.68971831
4.04389398,0.51332134
4.04453398,0.51332134
4.04517398,0.51332134
4.04581398,0.51332134
4.04645398,0.51332134
4.04709398,0.33692434
4.04773398,0.51332134
4.04837398,0.33692434
4.04901398,0.51332134
4.04965398,0.33692434
4.05029398,0.33692434
4.05093398,0.33692434
4.05157398,0.16052736
4.05221398,0.16052736
4.05285398,0.16052736
4.05349398,0.16052736
4.05413398,0.16052736
4.05477398,0.16052736
4.05541398,0.16052736
4.05605398,0.16052736
4.05669398,0.16052736
4.05733398,-0.01525925
4.05797398,-0.01525925
4.05861398,-0.01525925
4.05925398,-0.01525925
4.05989398,-0.01525925
4.06053398,-0.19104587
4.06117398,-0.19104587
4.06181398,-0.19104587
4.06245398,-0.19104587
4.06309398,-0.19104587
4.06373398,-0.19104587
4.06437398,-0.19104587
4.06501398,-0.19104587
4.06565398,-0.36744285
4.06629398,-0.36744285
4.06693398,-0.36744285
4.06757398,-0.36744285
4.06821398,-0.36744285
4.06885398,-0.36744285
4.06949398,-0.36744285
4.07013398,-0.36744285
4.07077398,-0.36744285
4.07141398,-0.54383981
4.07205398,-0.54383981
4.07269398,-0.54383981
4.07333398,-0.54383981
4.07397398,-0.54383981
4.07461398,-0.54383981
4.07525398,-0.54383981
4.07589398,-0.54383981
4.07653398,-0.54383981
4.07717398,-0.54383981
4.07781398,-0.72023684
4.07845398,-0.72023684
4.07909398,-0.72023684
4.07973398,-0.72023684
4.08037398,-0.72023684
4.08101398,-0.72023684
4.08165398,-0.72023684
4.08229398,-0.72023684
4.08293398,-0.89602345
4.08357398,-0.89602345
4.08421398,-0.89602345
4.08485398,-0.89602345
4.08549398,-0.89602345
4.08613398,-0.89602345
4.08677398,-0.89602345
4.08741398,-0.89602345
4.08805398,-0.89602345
4.08869398,-0.89602345
4.08933398,-0.72023684
4.08997398,-0.89602345
4.09061398,-0.89602345
4.09125398,-0.89602345
4.09189398,-0.89602345
4.09253398,-0.89602345
4.09317398,-0.89602345
4.09381398,-0.89602345
4.09445398,-0.89602345
4.09509398,-0.89602345
4.09573398,-0.89602345
4.09637398,-0.89602345
4.09701398,-0.89602345
4.09765398,-0.89602345
4.09829398,-0.89602345
4.09893398,-0.72023684
4.09957398,-0.72023684
4.10021398,-0.72023684
4.10085398,-0.72023684
4.10149398,-0.72023684
4.10213398,-0.89602345
4.10277398,-0.72023684
4.10341398,-0.72023684
4.10405398,-0.72023684
4.10469398,-0.72023684
4.10533398,-0.72023684
4.10597398,-0.54383981
4.10661398,-0.54383981
4.10725398,-0.54383981
4.10789398,-0.54383981
4.10853397,-0.54383981
4.10917397,-0.54383981
4.10981397,-0.54383981
4.11045397,-0.54383981
4.11109397,-0.54383981
4.11173397,-0.36744285
4.11237397,-0.36744285
4.11301397,-0.36744285
4.11365397,-0.36744285
4.11429397,-0.36744285
4.11493397,-0.36744285
4.11557397,-0.36744285
4.11621397,-0.36744285
4.11685397,-0.36744285
4.11749397,-0.36744285
4.11813397,-0.36744285
4.11877397,-0.19104587
4.11941397,-0.19104587
4.12005397,-0.19104587
4.12069397,-0.19104587
4.12133397,-0.19104587
4.12197397,-0.19104587
4.12261397,-0.19104587
4.12325397,-0.01525925
4.12389397,-0.01525925
4.12453397,-0.19104587
4.12517397,-0.01525925
4.12581397,-0.01525925
4.12645397,0.16052736
4.12709397,-0.01525925
4.12773397,0.16052736
4.12837397,0.16052736
4.12901397,0.16052736
4.12965397,0.16052736
4.13029397,0.16052736
4.13093397,0.33692434
4.13157397,0.16052736
4.13221397,0.33692434
4.13285397,0.33692434
4.13349397,0.33692434
4.13413397,0.33692434
4.13477397,0.33692434
4.13541397,0.33692434
4.13605397,0.33692434
4.13669397,0.33692434
4.13733397,0.51332134
4.13797397,0.33692434
4.13861397,0.33692434
4.13925397,0.33692434
4.13989397,0.33692434
4.14053397,0.51332134
4.14117397,0.51332134
4.14181397,0.51332134
4.14245397,0.51332134
4.14309397,0.51332134
4.14373397,0.51332134
4.14437397,0.51332134
4.14501397,0.51332134
4.14565397,0.68971831
4.14629397,0.51332134
4.14693397,0.51332134
4.14757397,0.68971831
4.14821397,0.68971831
4.14885397,0.68971831
4.14949397,0.68971831
4.15013397,0.68971831
4.15077397,0.68971831
4.15141397,0.68971831
4.15205397,0.68971831
4.15269397,0.68971831
4.15333397,0.68971831
4.15397397,0.68971831
4.15461397,0.68971831
4.15525397,0.68971831
4.15589397,0.68971831
4.15653397,0.68971831
4.15717397,0.68971831
4.15781397,0.86550492
4.15845397,0.86550492
4.15909397,0.68971831
4.15973397,0.68971831
4.16037397,0.86550492
4.16101397,0.68971831
4.16165397,0.86550492
4.16229397,0.68971831
4.16293397,0.68971831
4.16357397,0.86550492
4.16421397,0.68971831
4.16485397,0.68971831
4.16549397,0.68971831
4.16613397,0.68971831
4.16677397,0.68971831
4.16741397,0.68971831
4.16805397,0.68971831
4.16869397,0.68971831
4.16933397,0.68971831
4.16997397,0.68971831
4.17061397,0.68971831
4.17125397,0.68971831
4.17189397,0.51332134
4.17253397,0.68971831
4.17317397,0.51332134
4.17381397,0.68971831
4.17445397,0.51332134
4.17509397,0.51332134
4.17573397,0.51332134
4.17637397,0.51332134
4.17701397,0.51332134
4.17765397,0.51332134
4.17829397,0.51332134
4.17893397,0.51332134
4.17957397,0.51332134
4.18021397,0.33692434
4.18085397,0.33692434
4.18149397,0.51332134
4.18213397,0.33692434
4.18277397,0.33692434
4.18341397,0.33692434
4.18405397,0.33692434
4.18469397,0.33692434
4.18533397,0.33692434
4.18597397,0.33692434
4.18661397,0.33692434
4.18725397,0.33692434
4.18789397,0.16052736
4.18853397,0.33692434
4.18917397,0.16052736
4.18981397,0.16052736
4.19045397,0.16052736
4.19109397,0.16052736
4.19173397,0.16052736
4.19237397,0.16052736
4.19301397,0.16052736
4.19365397,-0.01525925
4.19429397,0.16052736
4.19493397,-0.01525925
4.19557397,-0.01525925
4.19621397,-0.01525925
4.19685397,-0.01525925
4.19749397,-0.01525925
4.19813397,-0.19104587
4.19877397,-0.19104587
4.19941397,-0.19104587
4.20005397,-0.19104587
4.20069397,-0.19104587
4.20133397,-0.19104587
4.20197397,-0.19104587
4.20261397,-0.19104587
4.20325397,-0.19104587
4.20389397,-0.36744285
4.20453397,-0.36744285
4.20517397,-0.36744285
4.20581397,-0.36744285
4.20645397,-0.36744285
4.20709397,-0.36744285
4.20773397,-0.36744285
4.20837397,-0.36744285
4.20901397,-0.36744285
4.20965397,-0.36744285
4.21029397,-0.36744285
4.21093397,-0.36744285
4.21157397,-0.36744285
4.21221397,-0.36744285
4.21285397,-0.36744285
4.21349397,-0.54383981
4.21413397,-0.36744285
4.21477397,-0.54383981
4.21541397,-0.54383981
4.21605397,-0.54383981
4.21669397,-0.54383981
4.21733397,-0.54383981
4.21797397,-0.54383981
4.21861397,-0.54383981
4.21925397,-0.54383981
4.21989397,-0.54383981
4.22053397,-0.54383981
4.22117397,-0.54383981
4.22181397,-0.54383981
4.22245397,-0.54383981
4.22309397,-0.54383981
4.22373397,-0.72023684
4.22437397,-0.54383981
4.22501397,-0.54383981
4.22565397,-0.54383981
4.22629397,-0.54383981
4.22693397,-0.54383981
4.22757397,-0.54383981
4.22821397,-0.54383981
4.22885397,-0.54383981
4.22949397,-0.54383981
4.23013397,-0.54383981
4.23077397,-0.54383981
4.23141397,-0.54383981
4.23205397,-0.54383981
4.23269397,-0.54383981
4.23333397,-0.54383981
4.23397397,-0.54383981
4.23461397,-0.54383981
4.23525397,-0.54383981
4.23589397,-0.54383981
4.23653397,-0.54383981
4.23717397,-0.54383981
4.23781397,-0.54383981
4.23845397,-0.54383981
4.23909397,-0.54383981
4.23973397,-0.54383981
4.24037397,-0.54383981
4.24101397,-0.54383981
4.24165397,-0.36744285
4.24229397,-0.54383981
4.24293397,-0.36744285
4.24357397,-0.54383981
4.24421397,-0.36744285
4.24485397,-0.36744285
4.24549397,-0.36744285
4.24613397,-0.36744285
4.24677397,-0.36744285
4.24741397,-0.36744285
4.24805397,-0.36744285
4.24869397,-0.36744285
4.24933397,-0.36744285
4.24997397,-0.36744285
4.25061397,-0.36744285
4.25125397,-0.19104587
4.25189397,-0.36744285
4.25253397,-0.36744285
4.25317397,-0.36744285
4.25381397,-0.19104587
4.25445397,-0.19104587
4.25509397,-0.19104587
4.25573397,-0.19104587
4.25637397,-0.19104587
4.25701397,-0.19104587
4.25765397,-0.19104587
4.25829397,-0.19104587
4.25893397,-0.19104587
4.25957397,-0.19104587
4.26021397,-0.19104587
4.26085397,-0.01525925
4.26149397,-0.01525925
4.26213397,-0.01525925
4.26277397,-0.01525925
4.26341397,-0.01525925
4.26405397,-0.01525925
4.26469397,-0.01525925
4.26533397,0.16052736
4.26597397,0.16052736
4.26661397,0.16052736
4.26725397,0.16052736
4.26789397,0.16052736
4.26853397,0.16052736
4.26917397,0.16052736
4.26981397,0.16052736
4.27045397,0.33692434
4.27109397,0.16052736
4.27173397,0.33692434
4.27237397,0.33692434
4.27301397,0.33692434
4.27365397,0.33692434
4.27429397,0.33692434
4.27493397,0.33692434
4.27557397,0.33692434
4.27621397,0.33692434
4.27685397,0.33692434
4.27749397,0.33692434
4.27813397,0.33692434
4.27877397,0.33692434
4.27941397,0.33692434
4.28005397,0.33692434
4.28069397,0.51332134
4.28133397,0.33692434
4.28197397,0.51332134
4.28261397,0.51332134
4.28325397,0.51332134
4.28389397,0.51332134
4.28453397,0.51332134
4.28517397,0.51332134
4.28581397,0.51332134
4.28645397,0.51332134
4.28709397,0.51332134
4.28773397,0.51332134
4.28837397,0.51332134
4.28901397,0.51332134
4.28965397,0.51332134
4.29029397,0.51332134
4.29093397,0.51332134
4.29157397,0.51332134
4.29221397,0.51332134
4.29285397,0.51332134
4.29349397,0.51332134
4.29413397,0.51332134
4.29477397,0.51332134
4.29541397,0.51332134
4.29605397,0.51332134
4.29669397,0.51332134
4.29733397,0.51332134
4.29797397,0.51332134
4.29861397,0.51332134
4.29925397,0.51332134
4.29989397,0.51332134
4.30053397,0.51332134
4.30117397,0.51332134
4.30181397,0.51332134
4.30245397,0.51332134
4.30309397,0.51332134
4.30373397,0.51332134
4.30437397,0.51332134
4.30501397,0.51332134
4.30565397,0.51332134
4.30629397,0.51332134
4.30693397,0.51332134
4.30757397,0.51332134
4.30821397,0.51332134
4.30885397,0.51332134
4.30949397,0.51332134
4.31013397,0.51332134
4.31077397,0.33692434
4.31141397,0.33692434
4.31205397,0.51332134
4.31269397,0.33692434
4.31333397,0.33692434
4.31397397,0.33692434
4.31461397,0.33692434
4.31525397,0.33692434
4.31589397,0.33692434
4.31653397,0.33692434
4.31717397,0.33692434
4.31781397,0.33692434
4.31845397,0.33692434
4.31909397,0.33692434
4.31973397,0.33692434
4.32037397,0.33692434
4.32101397,0.33692434
4.32165397,0.33692434
4.32229397,0.16052736
4.32293397,0.33692434
4.32357397,0.33692434
4.32421397,0.16052736
4.32485397,0.16052736
4.32549397,0.33692434
4.32613397,0.16052736
4.32677397,0.16052736
4.32741397,0.16052736
4.32805397,0.16052736
4.32869397,0.16052736
4.32933397,0.16052736
4.32997397,0.16052736
4.33061397,0.16052736
4.33125397,-0.01525925
4.33189397,-0.01525925
4.33253397,-0.01525925
4.33317397,-0.01525925
4.33381397,-0.01525925
4.33445397,-0.01525925
4.33509397,-0.01525925
4.33573397,-0.01525925
4.33637397,-0.19104587
4.33701397,-0.01525925
4.33765397,-0.01525925
4.33829397,-0.01525925
4.33893397,-0.19104587
4.33957397,-0.19104587
4.34021397,-0.19104587
4.34085397,-0.01525925
4.34149397,-0.19104587
4.34213397,-0.19104587
4.34277397,-0.19104587
4.34341397,-0.19104587
4.34405397,-0.19104587
4.34469397,-0.19104587
4.34533397,-0.19104587
4.34597397,-0.19104587
4.34661397,-0.19104587
4.34725397,-0.19104587
4.34789397,-0.19104587
4.34853397,-0.36744285
4.34917397,-0.19104587
4.34981397,-0.36744285
4.35045397,-0.36744285
4.35109397,-0.19104587
4.35173397,-0.36744285
4.35237397,-0.36744285
4.35301397,-0.36744285
4.35365397,-0.36744285
4.35429397,-0.36744285
4.35493397,-0.36744285
4.35557397,-0.36744285
4.35621397,-0.36744285
4.35685397,-0.36744285
4.35749397,-0.36744285
4.35813397,-0.36744285
4.35877397,-0.36744285
4.35941397,-0.36744285
4.36005397,-0.36744285
4.36069397,-0.36744285
4.36133397,-0.36744285
4.36197397,-0.36744285
4.36261397,-0.36744285
4.36325397,-0.36744285
4.36389397,-0.36744285
4.36453397,-0.36744285
4.36517397,-0.36744285
4.36581397,-0.36744285
4.36645397,-0.36744285
4.36709397,-0.36744285
4.36773397,-0.36744285
4.36837397,-0.36744285
4.36901397,-0.36744285
4.36965397,-0.36744285
4.37029397,-0.36744285
4.37093397,-0.36744285
4.37157397,-0.36744285
4.37221397,-0.36744285
4.37285397,-0.36744285
4.37349397,-0.36744285
4.37413397,-0.36744285
4.37477397,-0.36744285
4.37541397,-0.36744285
4.37605397,-0.36744285
4.37669397,-0.36744285
4.37733397,-0.19104587
4.37797397,-0.36744285
4.37861397,-0.36744285
4.37925397,-0.36744285
4.37989397,-0.19104587
4.38053397,-0.36744285
4.38117397,-0.19104587
4.38181397,-0.36744285
4.38245397,-0.19104587
4.38309397,-0.36744285
4.38373397,-0.19104587
4.38437397,-0.19104587
4.38501397,-0.36744285
4.38565397,-0.19104587
4.38629397,-0.19104587
4.38693397,-0.36744285
4.38757397,-0.19104587
4.38821397,-0.19104587
4.38885397,-0.19104587
4.38949397,-0.19104587
4.39013397,-0.19104587
4.39077397,-0.19104587
4.39141397,-0.19104587
4.39205397,-0.19104587
4.39269397,-0.19104587
4.39333397,-0.19104587
4.39397397,-0.19104587
4.39461397,-0.19104587
4.39525397,-0.19104587
4.39589397,-0.19104587
4.39653397,-0.19104587
4.39717397,-0.19104587
4.39781397,-0.19104587
4.39845397,-0.01525925
4.39909397,-0.01525925
4.39973397,-0.01525925
4.40037397,-0.01525925
4.40101397,-0.01525925
4.40165397,-0.01525925
4.40229397,-0.01525925
4.40293397,-0.01525925
4.40357397,0.16052736
4.40421397,-0.01525925
4.40485397,0.16052736
4.40549397,-0.01525925
4.40613397,-0.01525925
4.40677397,0.16052736
4.40741397,0.16052736
4.40805397,-0.01525925
4.40869397,0.16052736
4.40933397,0.16052736
4.40997397,0.16052736
4.41061397,0.16052736
4.41125397,0.16052736
4.41189397,0.16052736
4.41253397,0.16052736
4.41317397,0.16052736
4.41381397,0.16052736
4.41445397,0.16052736
4.41509397,0.16052736
4.41573397,0.16052736
4.41637397,0.16052736
4.41701397,0.16052736
4.41765397,0.16052736
4.41829397,0.33692434
4.41893397,0.33692434
4.41957397,0.16052736
4.42021397,0.16052736
4.42085397,0.33692434
4.42149397,0.33692434
4.42213397,0.33692434
4.42277397,0.33692434
4.42341397,0.33692434
4.42405397,0.33692434
4.42469397,0.33692434
4.42533397,0.33692434
4.42597397,0.33692434
4.42661397,0.33692434
4.42725397,0.33692434
4.42789397,0.33692434
4.42853397,0.33692434
4.42917397,0.33692434
4.42981397,0.33692434
4.43045397,0.33692434
4.43109397,0.33692434
4.43173397,0.33692434
4.43237397,0.33692434
4.43301397,0.33692434
4.43365397,0.33692434
4.43429397,0.33692434
4.43493397,0.33692434
4.43557397,0.33692434
4.43621397,0.33692434
4.43685397,0.33692434
4.43749397,0.33692434
4.43813397,0.33692434
4.43877397,0.33692434
4.43941397,0.33692434
4.44005397,0.33692434
4.44069397,0.33692434
4.44133397,0.33692434
4.44197397,0.33692434
4.44261397,0.33692434
4.44325397,0.33692434
4.44389397,0.33692434
4.44453397,0.33692434
4.44517397,0.33692434
4.44581397,0.33692434
4.44645397,0.33692434
4.44709397,0.33692434
4.44773397,0.33692434
4.44837397,0.33692434
4.44901397,0.33692434
4.44965397,0.33692434
4.45029397,0.33692434
4.45093397,0.33692434
4.45157397,0.33692434
4.45221397,0.33692434
4.45285397,0.33692434
4.45349397,0.33692434
4.45413397,0.33692434
4.45477397,0.33692434
4.45541397,0.33692434
4.45605397,0.16052736
4.45669397,0.16052736
4.45733397,0.16052736
4.45797397,0.16052736
4.45861397,0.16052736
4.45925397,0.16052736
4.45989397,0.33692434
4.46053397,0.16052736
4.46117397,0.16052736
4.46181397,0.16052736
4.46245397,0.16052736
4.46309397,0.16052736
4.46373397,0.16052736
4.46437397,0.16052736
4.46501397,0.16052736
4.46565397,0.16052736
4.46629397,0.16052736
4.46693397,0.16052736
4.46757397,0.16052736
4.46821397,0.16052736
4.46885397,0.16052736
4.46949397,0.16052736
4.47013397,-0.01525925
4.47077397,-0.01525925
4.47141397,-0.01525925
4.47205397,0.16052736
4.47269397,-0.01525925
4.47333397,0.16052736
4.47397397,0.16052736
4.47461397,-0.01525925
4.47525397,-0.01525925
4.47589397,-0.01525925
4.47653397,-0.01525925
4.47717397,-0.01525925
4.47781397,-0.01525925
4.47845397,0.16052736
4.47909397,-0.01525925
4.47973397,-0.01525925
4.48037397,-0.01525925
4.48101397,-0.01525925
4.48165397,-0.01525925
4.48229397,-0.01525925
4.48293397,-0.01525925
4.48357397,-0.19104587
4.48421397,-0.01525925
4.48485397,-0.01525925
4.48549397,-0.19104587
4.48613397,-0.01525925
4.48677397,-0.19104587
4.48741397,-0.19104587
4.48805397,-0.01525925
4.48869397,-0.19104587
4.48933397,-0.19104587
4.48997397,-0.19104587
4.49061397,-0.19104587
4.49125397,-0.19104587
4.49189397,-0.19104587
4.49253397,-0.19104587
4.49317397,-0.19104587
4.49381397,-0.19104587
4.49445397,-0.19104587
4.49509397,-0.19104587
4.49573397,-0.19104587
4.49637397,-0.19104587
4.49701397,-0.19104587
4.49765397,-0.19104587
4.49829397,-0.19104587
4.49893397,-0.19104587
4.49957397,-0.19104587
4.50021397,-0.19104587
4.50085397,-0.19104587
4.50149397,-0.19104587
4.50213397,-0.19104587
4.50277397,-0.19104587
4.50341397,-0.19104587
4.50405397,-0.19104587
4.50469397,-0.19104587
4.50533397,-0.19104587
4.50597397,-0.19104587
4.50661397,-0.19104587
4.50725397,-0.19104587
4.50789397,-0.19104587
4.50853397,-0.19104587
4.50917397,-0.19104587
4.50981397,-0.19104587
4.51045397,-0.19104587
4.51109397,-0.19104587
4.51173397,-0.19104587
4.51237397,-0.19104587
4.51301397,-0.19104587
4.51365397,-0.19104587
4.51429397,-0.19104587
4.51493397,-0.19104587
4.51557397,-0.19104587
4.51621397,-0.19104587
4.51685397,-0.19104587
4.51749397,-0.19104587
4.51813397,-0.19104587
4.51877397,-0.19104587
4.51941397,-0.19104587
4.52005397,-0.19104587
4.52069397,-0.19104587
4.52133397,-0.19104587
4.52197397,-0.19104587
4.52261397,-0.19104587
4.52325397,-0.19104587
4.52389397,-0.19104587
4.52453397,-0.19104587
4.52517397,-0.19104587
4.52581397,-0.19104587
4.52645397,-0.19104587
4.52709397,-0.19104587
4.52773397,-0.19104587
4.52837397,-0.19104587
4.52901397,-0.19104587
4.52965397,-0.19104587
4.53029397,-0.19104587
4.53093397,-0.19104587
4.53157397,-0.19104587
4.53221397,-0.19104587
4.53285397,-0.19104587
4.53349397,-0.19104587
4.53413397,-0.19104587
4.53477397,-0.19104587
4.53541397,-0.01525925
4.53605397,-0.19104587
4.53669397,-0.19104587
4.53733397,-0.01525925
4.53797397,-0.19104587
4.53861397,-0.01525925
4.53925397,-0.19104587
4.53989397,-0.19104587
4.54053397,-0.19104587
4.54117397,-0.19104587
4.54181397,-0.19104587
4.54245397,-0.01525925
4.54309397,-0.01525925
4.54373397,-0.01525925
4.54437397,-0.01525925
4.54501397,-0.01525925
4.54565397,-0.01525925
4.54629397,-0.01525925
4.54693397,-0.01525925
4.54757397,-0.01525925
4.54821397,-0.01525925
4.54885397,-0.01525925
4.54949397,-0.01525925
4.55013397,-0.01525925
4.55077397,-0.01525925
4.55141397,-0.01525925
4.55205397,-0.01525925
4.55269397,-0.01525925
4.55333397,-0.01525925
4.55397397,-0.01525925
4.55461397,-0.01525925
4.55525397,0.16052736
4.55589397,-0.01525925
4.55653397,0.16052736
4.55717397,0.16052736
4.55781397,-0.01525925
4.55845397,-0.01525925
4.55909397,0.16052736
4.55973397,0.16052736
4.56037397,-0.01525925
4.56101397,0.16052736
4.56165397,-0.01525925
4.56229397,0.16052736
4.56293397,-0.01525925
4.56357397,0.16052736
4.56421397,0.16052736
4.56485397,0.16052736
4.56549397,0.16052736
4.56613397,0.16052736
4.56677397,0.16052736
4.56741397,0.16052736
4.56805397,0.16052736
4.56869397,0.16052736
4.56933397,0.16052736
4.56997397,0.16052736
4.57061397,0.16052736
4.57125397,0.16052736
4.57189397,0.16052736
4.57253397,0.16052736
4.57317397,0.16052736
4.57381397,0.16052736
4.57445397,0.16052736
4.57509397,0.16052736
4.57573397,0.16052736
4.57637397,0.16052736
4.57701397,0.16052736
4.57765397,0.16052736
4.57829397,0.16052736
4.57893397,0.16052736
4.57957397,0.16052736
4.58021397,0.33692434
4.58085397,0.16052736
4.58149397,0.16052736
4.58213397,0.16052736
4.58277397,0.16052736
4.58341397,0.16052736
4.58405397,0.16052736
4.58469397,0.33692434
4.58533397,0.16052736
4.58597397,0.16052736
4.58661397,0.16052736
4.58725397,0.16052736
4.58789397,0.16052736
4.58853397,0.16052736
4.58917397,0.16052736
4.58981397,0.16052736
4.59045397,0.16052736
4.59109397,0.16052736
4.59173397,0.16052736
4.59237397,0.33692434
4.59301397,0.33692434
4.59365397,0.16052736
4.59429397,0.16052736
4.59493397,0.16052736
4.59557397,0.16052736
4.59621397,0.16052736
4.59685397,0.16052736
4.59749397,0.16052736
4.59813397,0.16052736
4.59877397,0.33692434
4.59941397,0.16052736
4.60005397,0.16052736
4.60069397,0.16052736
4.60133397,0.16052736
4.60197397,0.16052736
4.60261397,0.16052736
4.60325397,0.16052736
4.60389397,0.33692434
4.60453397,0.33692434
4.60517397,0.16052736
4.60581397,0.16052736
4.60645397,0.16052736
4.60709397,0.16052736
4.60773397,0.33692434
4.60837397,0.16052736
4.60901397,0.33692434
4.60965397,0.16052736
4.61029397,0.16052736
4.61093397,0.16052736
4.61157397,0.16052736
4.61221397,0.16052736
4.61285397,0.16052736
4.61349397,0.16052736
4.61413397,0.16052736
4.61477397,0.16052736
4.61541397,0.16052736
4.61605397,0.16052736
4.61669397,0.16052736
4.61733397,0.16052736
4.61797397,0.16052736
4.61861397,0.33692434
4.61925397,0.16052736
4.61989397,0.16052736
4.62053397,0.16052736
4.62117397,0.16052736
4.62181397,-0.01525925
4.62245397,0.16052736
4.62309397,0.16052736
4.62373397,0.16052736
4.62437397,0.16052736
4.62501397,0.16052736
4.62565397,0.16052736
4.62629397,-0.01525925
4.62693397,-0.01525925
4.62757397,0.16052736
4.62821397,-0.01525925
4.62885397,0.16052736
4.62949397,0.16052736
4.63013397,0.16052736
4.63077397,0.16052736
4.63141397,-0.01525925
4.63205397,-0.01525925
4.63269397,0.16052736
4.63333397,0.16052736
4.63397397,-0.01525925
4.63461397,0.16052736
4.63525397,-0.01525925
4.63589397,-0.01525925
4.63653397,-0.01525925
4.63717397,0.16052736
4.63781397,-0.01525925
4.63845397,-0.01525925
4.63909397,-0.01525925
4.63973397,-0.01525925
4.64037397,-0.01525925
4.64101397,-0.01525925
4.64165397,-0.01525925
4.64229397,-0.01525925
4.64293397,-0.01525925
4.64357397,-0.01525925
4.64421397,-0.01525925
4.64485397,-0.01525925
4.64549397,-0.01525925
4.64613397,-0.01525925
4.64677397,-0.01525925
4.64741397,-0.19104587
4.64805397,-0.19104587
4.64869397,-0.19104587
4.64933397,-0.19104587
4.64997397,-0.19104587
4.65061397,-0.19104587
4.65125397,-0.01525925
4.65189397,-0.19104587
4.65253397,-0.19104587
4.65317397,-0.19104587
4.65381397,-0.19104587
4.65445397,-0.19104587
4.65509397,-0.19104587
4.65573397,-0.19104587
4.65637397,-0.19104587
4.65701397,-0.19104587
4.65765397,-0.19104587
4.65829397,-0.19104587
4.65893397,-0.19104587
4.65957397,-0.19104587
4.66021397,-0.19104587
4.66085397,-0.19104587
4.66149397,-0.19104587
4.66213397,-0.19104587
4.66277397,-0.19104587
4.66341397,-0.19104587
4.66405397,-0.19104587
4.66469397,-0.19104587
4.66533397,-0.19104587
4.66597397,-0.19104587
4.66661397,-0.19104587
4.66725397,-0.19104587
4.66789397,-0.19104587
4.66853397,-0.19104587
4.66917397,-0.19104587
4.66981397,-0.19104587
4.67045397,-0.19104587
4.67109397,-0.19104587
4.67173397,-0.19104587
4.67237397,-0.19104587
4.67301397,-0.19104587
4.67365397,-0.19104587
4.67429397,-0.19104587
4.67493397,-0.19104587
4.67557397,-0.19104587
4.67621397,-0.19104587
4.67685397,-0.19104587
4.67749397,-0.19104587
4.67813397,-0.19104587
4.67877397,-0.19104587
4.67941397,-0.19104587
4.68005397,-0.19104587
4.68069397,-0.19104587
4.68133397,-0.19104587
4.68197397,-0.19104587
4.68261397,-0.19104587
4.68325397,-0.19104587
4.68389397,-0.19104587
4.68453397,-0.19104587
4.68517397,-0.19104587
4.68581397,-0.19104587
4.68645397,-0.19104587
4.68709397,-0.19104587
4.68773397,-0.19104587
4.68837397,-0.19104587
4.68901397,-0.19104587
4.68965397,-0.19104587
4.69029397,-0.19104587
4.69093397,-0.19104587
4.69157397,-0.19104587
4.69221397,-0.19104587
4.69285397,-0.19104587
4.69349397,-0.19104587
4.69413397,-0.19104587
4.69477397,-0.19104587
4.69541397,-0.19104587
4.69605397,-0.19104587
4.69669397,-0.19104587
4.69733397,-0.19104587
4.69797397,-0.19104587
4.69861397,-0.19104587
4.69925397,-0.19104587
4.69989397,-0.19104587
4.70053397,-0.19104587
4.70117397,-0.19104587
4.70181397,-0.01525925
4.70245397,-0.19104587
4.70309397,-0.01525925
4.70373397,-0.01525925
4.70437397,-0.01525925
4.70501397,-0.01525925
4.70565397,-0.01525925
4.70629397,-0.01525925
4.70693397,-0.01525925
4.70757397,-0.01525925
4.70821397,-0.01525925
4.70885397,-0.01525925
4.70949397,-0.01525925
4.71013397,-0.01525925
4.71077397,-0.01525925
4.71141397,-0.01525925
4.71205397,-0.01525925
4.71269397,-0.01525925
4.71333397,-0.01525925
4.71397397,-0.01525925
4.71461397,-0.01525925
4.71525397,-0.01525925
4.71589397,0.16052736
4.71653397,-0.01525925
4.71717397,0.16052736
4.71781397,0.16052736
4.71845397,-0.01525925
4.71909397,-0.01525925
4.71973397,-0.01525925
4.72037397,0.16052736
4.72101397,0.16052736
4.72165397,0.16052736
4.72229397,0.16052736
4.72293397,0.16052736
4.72357397,0.16052736
4.72421397,0.16052736
4.72485397,0.16052736
4.72549397,0.16052736
4.72613397,0.16052736
4.72677397,0.16052736
4.72741397,0.16052736
4.72805397,0.16052736
4.72869397,0.16052736
4.72933397,0.16052736
4.72997397,0.16052736
4.73061397,0.33692434
4.73125397,0.16052736
4.73189397,0.16052736
4.73253397,0.16052736
4.73317397,0.16052736
4.73381397,0.33692434
4.73445397,0.33692434
4.73509397,0.16052736
4.73573397,0.33692434
4.73637397,0.16052736
4.73701397,0.16052736
4.73765397,0.33692434
4.73829397,0.33692434
4.73893397,0.33692434
4.73957397,0.33692434
4.74021397,0.33692434
4.74085397,0.33692434
4.74149397,0.33692434
4.74213397,0.33692434
4.74277397,0.33692434
4.74341397,0.33692434
4.74405397,0.33692434
4.74469397,0.33692434
4.74533397,0.33692434
4.74597397,0.33692434
4.74661397,0.33692434
4.74725397,0.33692434
4.74789397,0.33692434
4.74853397,0.33692434
4.74917397,0.33692434
4.74981397,0.33692434
4.75045397,0.33692434
4.75109397,0.33692434
4.75173397,0.33692434
4.75237397,0.33692434
4.75301397,0.33692434
4.75365397,0.33692434
4.75429397,0.33692434
4.75493397,0.16052736
4.75557397,0.33692434
4.75621397,0.33692434
4.75685397,0.33692434
4.75749397,0.33692434
4.75813397,0.33692434
4.75877397,0.33692434
4.75941397,0.33692434
4.76005397,0.33692434
4.76069397,0.33692434
4.76133397,0.33692434
4.76197397,0.33692434
4.76261397,0.33692434
4.76325397,0.33692434
4.76389397,0.33692434
4.76453397,0.33692434
4.76517397,0.16052736
4.76581397,0.33692434
4.76645397,0.33692434
4.76709397,0.16052736
4.76773397,0.16052736
4.76837397,0.16052736
4.76901397,0.16052736
4.76965397,0.16052736
4.77029397,0.16052736
4.77093397,0.16052736
4.77157397,0.16052736
4.77221397,0.16052736
4.77285397,0.16052736
4.77349397,0.16052736
4.77413397,0.16052736
4.77477397,0.16052736
4.77541397,0.16052736
4.77605397,0.16052736
4.77669397,0.16052736
4.77733397,0.16052736
4.77797397,0.16052736
4.77861397,0.16052736
4.77925397,0.16052736
4.77989397,0.16052736
4.78053397,0.16052736
4.78117397,0.16052736
4.78181397,0.16052736
4.78245397,0.16052736
4.78309397,-0.01525925
4.78373397,-0.01525925
4.78437397,-0.01525925
4.78501397,-0.01525925
4.78565397,-0.01525925
4.78629397,-0.01525925
4.78693397,-0.01525925
4.78757397,-0.01525925
4.78821397,-0.01525925
4.78885397,-0.01525925
4.78949397,-0.01525925
4.79013397,-0.01525925
4.79077397,-0.01525925
4.79141397,-0.19104587
4.79205397,-0.01525925
4.79269397,-0.19104587
4.79333397,-0.19104587
4.79397397,-0.19104587
4.79461397,-0.01525925
4.79525397,-0.01525925
4.79589397,-0.19104587
4.79653397,-0.19104587
4.79717397,-0.19104587
4.79781397,-0.19104587
4.79845397,-0.19104587
4.79909397,-0.19104587
4.79973397,-0.19104587
4.80037397,-0.19104587
4.80101397,-0.19104587
4.80165397,-0.19104587
4.80229397,-0.19104587
4.80293397,-0.19104587
4.80357397,-0.19104587
4.80421397,-0.19104587
4.80485397,-0.19104587
4.80549397,-0.19104587
4.80613397,-0.19104587
4.80677397,-0.19104587
4.80741397,-0.19104587
4.80805397,-0.19104587
4.80869397,-0.36744285
4.80933397,-0.19104587
4.80997397,-0.36744285
4.81061397,-0.36744285
4.81125397,-0.36744285
4.81189397,-0.36744285
4.81253397,-0.36744285
4.81317397,-0.19104587
4.81381397,-0.36744285
4.81445397,-0.36744285
4.81509397,-0.19104587
4.81573397,-0.36744285
4.81637397,-0.36744285
4.81701397,-0.36744285
4.81765397,-0.36744285
4.81829397,-0.19104587
4.81893397,-0.36744285
4.81957397,-0.36744285
4.82021397,-0.36744285
4.82085397,-0.36744285
4.82149397,-0.36744285
4.82213397,-0.36744285
4.82277397,-0.36744285
4.82341397,-0.36744285
4.82405397,-0.36744285
4.82469397,-0.36744285
4.82533397,-0.36744285
4.82597397,-0.36744285
4.82661397,-0.36744285
4.82725397,-0.36744285
4.82789397,-0.36744285
4.82853397,-0.19104587
4.82917397,-0.36744285
4.82981397,-0.36744285
4.83045397,-0.36744285
4.83109397,-0.36744285
4.83173397,-0.19104587
4.83237397,-0.36744285
4.83301397,-0.19104587
4.83365397,-0.19104587
4.83429397,-0.19104587
4.83493397,-0.36744285
4.83557397,-0.19104587
4.83621397,-0.19104587
4.83685397,-0.19104587
4.83749397,-0.19104587
4.83813397,-0.19104587
4.83877397,-0.19104587
4.83941397,-0.19104587
4.84005397,-0.19104587
4.84069397,-0.19104587
4.84133397,-0.19104587
4.84197397,-0.19104587
4.84261397,-0.19104587
4.84325397,-0.19104587
4.84389397,-0.19104587
4.84453397,-0.19104587
4.84517397,-0.19104587
4.84581397,-0.19104587
4.84645397,-0.19104587
4.84709397,-0.19104587
4.84773397,-0.19104587
4.84837397,-0.19104587
4.84901397,-0.01525925
4.84965397,-0.01525925
4.85029397,-0.19104587
4.85093397,-0.01525925
4.85157397,-0.01525925
4.85221397,-0.01525925
4.85285397,-0.01525925
4.85349397,-0.01525925
4.85413397,-0.01525925
4.85477397,-0.01525925
4.85541397,-0.01525925
4.85605397,0.16052736
4.85669397,0.16052736
4.85733397,-0.01525925
4.85797397,0.16052736
4.85861397,0.16052736
4.85925397,0.16052736
4.85989397,0.16052736
4.86053397,0.16052736
4.86117397,0.16052736
4.86181397,0.16052736
4.86245397,0.16052736
4.86309397,0.16052736
4.86373397,0.16052736
4.86437397,0.16052736
4.86501397,0.16052736
4.86565397,0.16052736
4.86629397,0.16052736
4.86693397,0.16052736
4.86757397,0.33692434
4.86821397,0.33692434
4.86885397,0.16052736
4.86949397,0.33692434
4.87013397,0.33692434
4.87077397,0.33692434
4.87141397,0.33692434
4.87205397,0.33692434
4.87269397,0.33692434
4.87333397,0.33692434
4.87397397,0.33692434
4.87461397,0.33692434
4.87525397,0.33692434
4.87589397,0.33692434
4.87653397,0.33692434
4.87717397,0.33692434
4.87781397,0.33692434
4.87845397,0.33692434
4.87909397,0.33692434
4.87973397,0.33692434
4.88037397,0.33692434
4.88101397,0.33692434
4.88165397,0.33692434
4.88229397,0.33692434
4.88293397,0.33692434
4.88357397,0.33692434
4.88421397,0.33692434
4.88485397,0.33692434
4.88549397,0.33692434
4.88613397,0.33692434
4.88677397,0.33692434
4.88741397,0.33692434
4.88805397,0.33692434
4.88869397,0.51332134
4.88933397,0.51332134
4.88997397,0.33692434
4.89061397,0.33692434
4.89125397,0.33692434
4.89189397,0.33692434
4.89253397,0.33692434
4.89317397,0.33692434
4.89381397,0.33692434
4.89445397,0.51332134
4.89509397,0.33692434
4.89573397,0.33692434
4.89637397,0.33692434
4.89701397,0.51332134
4.89765397,0.33692434
4.89829397,0.33692434
4.89893397,0.33692434
4.89957397,0.33692434
4.90021397,0.33692434
4.90085397,0.33692434
4.90149397,0.33692434
4.90213397,0.33692434
4.90277397,0.33692434
4.90341397,0.33692434
4.90405397,0.33692434
4.90469397,0.33692434
4.90533397,0.33692434
4.90597397,0.33692434
4.90661397,0.33692434
4.90725397,0.33692434
4.90789397,0.33692434
4.90853397,0.33692434
4.90917397,0.33692434
4.90981397,0.33692434
4.91045397,0.33692434
4.91109397,0.33692434
4.91173397,0.33692434
4.91237397,0.33692434
4.91301397,0.33692434
4.91365397,0.33692434
4.91429397,0.16052736
4.91493397,0.33692434
4.91557397,0.16052736
4.91621397,0.16052736
4.91685397,0.16052736
4.91749397,0.16052736
4.91813397,0.16052736
4.91877397,0.16052736
4.91941397,0.16052736
4.92005397,0.16052736
4.92069397,0.16052736
4.92133397,0.16052736
4.92197397,0.16052736
4.92261397,0.16052736
4.92325397,0.16052736
4.92389397,0.16052736
4.92453397,-0.01525925
4.92517397,-0.01525925
4.92581397,0.16052736
4.92645397,0.16052736
4.92709397,-0.01525925
4.92773397,-0.01525925
4.92837397,-0.01525925
4.92901397,-0.01525925
4.92965397,-0.19104587
4.93029397,-0.01525925
4.93093397,-0.19104587
4.93157397,-0.19104587
4.93221397,-0.19104587
4.93285397,-0.19104587
4.93349397,-0.19104587
4.93413397,-0.19104587
4.93477397,-0.19104587
4.93541397,-0.19104587
4.93605397,-0.19104587
4.93669397,-0.19104587
4.93733397,-0.19104587
4.93797397,-0.19104587
4.93861397,-0.19104587
4.93925397,-0.19104587
4.93989397,-0.19104587
4.94053397,-0.19104587
4.94117397,-0.19104587
4.94181397,-0.19104587
4.94245397,-0.19104587
4.94309397,-0.36744285
4.94373397,-0.19104587
4.94437397,-0.36744285
4.94501397,-0.36744285
4.94565397,-0.36744285
4.94629397,-0.36744285
4.94693397,-0.36744285
4.94757397,-0.36744285
4.94821397,-0.36744285
4.94885397,-0.36744285
4.94949397,-0.36744285
4.95013397,-0.36744285
4.95077397,-0.36744285
4.95141397,-0.36744285
4.95205397,-0.36744285
4.95269397,-0.36744285
4.95333397,-0.36744285
4.95397397,-0.36744285
4.95461397,-0.36744285
4.95525397,-0.36744285
4.95589397,-0.36744285
4.95653397,-0.36744285
4.95717397,-0.36744285
4.95781397,-0.36744285
4.95845397,-0.36744285
4.95909397,-0.36744285
4.95973397,-0.36744285
4.96037397,-0.36744285
4.96101397,-0.36744285
4.96165397,-0.36744285
4.96229397,-0.36744285
4.96293397,-0.36744285
4.96357397,-0.36744285
4.96421397,-0.36744285
4.96485397,-0.36744285
4.96549397,-0.36744285
4.96613397,-0.36744285
4.96677397,-0.36744285
4.96741397,-0.36744285
4.96805397,-0.36744285
4.96869397,-0.36744285
4.96933397,-0.36744285
4.96997397,-0.36744285
4.97061397,-0.36744285
4.97125397,-0.36744285
4.97189397,-0.36744285
4.97253397,-0.36744285
4.97317397,-0.36744285
4.97381397,-0.36744285
4.97445397,-0.36744285
4.97509397,-0.36744285
4.97573397,-0.36744285
4.97637397,-0.36744285
4.97701397,-0.19104587
4.97765397,-0.36744285
4.97829397,-0.36744285
4.97893397,-0.19104587
4.97957397,-0.19104587
4.98021397,-0.19104587
4.98085397,-0.36744285
4.98149397,-0.19104587
4.98213397,-0.19104587
4.98277397,-0.19104587
4.98341397,-0.19104587
4.98405397,-0.19104587
4.98469397,-0.19104587
4.98533397,-0.19104587
4.98597397,-0.19104587
4.98661397,-0.19104587
4.98725397,-0.19104587
4.98789397,-0.19104587
4.98853397,-0.19104587
4.98917397,-0.01525925
4.98981397,-0.19104587
4.99045397,-0.19104587
4.99109397,-0.01525925
4.99173397,-0.01525925
4.99237397,-0.01525925
4.99301397,-0.01525925
4.99365397,-0.01525925
4.99429397,-0.01525925
4.99493397,-0.01525925
4.99557397,-0.01525925
4.99621397,0.16052736
4.99685397,0.16052736
4.99749397,0.16052736
4.99813397,-0.01525925
4.99877397,0.16052736
4.99941397,0.16052736
5.00005397,0.16052736
5.00069397,0.16052736
