Frequency,Channel A

0.00000000,-26.35006332
0.19073486,-33.83818436
0.38146973,-66.68409729
0.57220459,-48.64228821
0.76293945,-50.43821335
0.95367432,-47.74847031
1.14440918,-47.92567825
1.33514404,-50.88594818
1.52587891,-52.25939941
1.71661377,-48.25805664
1.90734863,-46.89038849
2.09808350,-46.87878418
2.28881836,-49.58578110
2.47955322,-66.01062775
2.67028809,-49.00020218
2.86102295,-48.54830933
3.05175781,-70.82200623
3.24249268,-50.45050049
3.43322754,-51.38679504
3.62396240,-52.27700806
3.81469727,-56.56924820
4.00543213,-69.72491455
4.19616699,-59.63070297
4.38690186,-55.37355042
4.57763672,-58.24240112
4.76837158,-58.36795807
4.95910645,-52.78734207
5.14984131,-49.99309540
5.34057617,-52.37618256
5.53131104,-49.95845795
5.72204590,-45.61399078
5.91278076,-49.92399597
6.10351562,-50.48823929
6.29425049,-45.56332016
6.48498535,-36.15107727
6.67572021,-10.69289112
6.86645508,0.80844885
7.05718994,3.44767594
7.24792480,-2.02369308
7.43865967,-14.88499832
7.62939453,-2.81697130
7.82012939,0.97269660
8.01086426,-3.12665129
8.20159912,-16.43227386
8.39233398,-40.30780411
8.58306885,-52.80755615
8.77380371,-45.81790924
8.96453857,-52.33904266
9.15527344,-53.64506149
9.34600830,-53.45434189
9.53674316,-50.39473724
9.72747803,-49.52507401
9.91821289,-51.27576828
10.10894775,-51.33136749
10.29968262,-54.48269272
10.49041748,-52.13756561
10.68115234,-49.88029861
10.87188721,-49.85826111
11.06262207,-54.48398209
11.25335693,-62.54946136
11.44409180,-58.08674240
11.63482666,-53.10840988
11.82556152,-54.46686172
12.01629639,-51.57600403
12.20703125,-50.55667496
12.39776611,-50.01887512
12.58850098,-52.20572662
12.77923584,-50.66191864
12.96997070,-50.37719727
13.16070557,-54.42197800
13.35144043,-65.81930542
13.54217529,-61.80229568
13.73291016,-53.40766144
13.92364502,-49.71015930
14.11437988,-48.77502060
14.30511475,-51.23445129
14.49584961,-55.38179398
14.68658447,-56.05328369
14.87731934,-57.39199066
15.06805420,-63.78648376
15.25878906,-54.86021042
15.44952393,-50.49777222
15.64025879,-47.57688141
15.83099365,-48.28710175
16.02172852,-53.86816025
16.21246338,-71.37449646
16.40319824,-52.13282776
16.59393311,-48.32799530
16.78466797,-52.39757919
16.97540283,-61.87729645
17.16613770,-66.36669922
17.35687256,-55.20652390
17.54760742,-50.44887161
17.73834229,-49.98687744
17.92907715,-51.62923813
18.11981201,-53.04600143
18.31054688,-53.20420074
18.50128174,-50.91373825
18.69201660,-54.07051468
18.88275146,-69.31137848
19.07348633,-65.11923981
19.26422119,-56.58272552
19.45495605,-55.68011856
19.64569092,-58.69377136
19.83642578,-60.12584305
20.02716064,-56.31239319
20.21789551,-54.68091583
20.40863037,-57.64811707
20.59936523,-60.20328903
20.79010010,-50.17470551
20.98083496,-49.47870636
21.17156982,-53.02176666
21.36230469,-54.64870071
21.55303955,-53.27603912
21.74377441,-57.99833679
21.93450928,-68.18558502
22.12524414,-53.18906403
22.31597900,-47.85908508
22.50671387,-48.74155045
22.69744873,-48.17644501
22.88818359,-47.32307816
23.07891846,-50.10598755
23.26965332,-57.26132202
23.46038818,-61.10375977
23.65112305,-56.94585800
23.84185791,-61.11711121
24.03259277,-55.39369965
24.22332764,-64.17678070
24.41406250,-51.61498260
24.60479736,-49.44523621
24.79553223,-50.53636169
24.98626709,-50.83350372
25.17700195,-54.55927277
25.36773682,-60.10160446
25.55847168,-58.80831909
25.74920654,-57.50272369
25.93994141,-49.70584106
26.13067627,-50.32921600
26.32141113,-54.15363693
26.51214600,-52.75010681
26.70288086,-49.44794083
26.89361572,-47.63990784
27.08435059,-54.66129303
27.27508545,-58.10943985
27.46582031,-55.27378082
27.65655518,-58.03942108
27.84729004,-56.47201920
28.03802490,-53.65188980
28.22875977,-49.16520691
28.41949463,-46.61889648
28.61022949,-49.20936584
28.80096436,-55.31352615
28.99169922,-56.08306503
29.18243408,-52.50541687
29.37316895,-54.93433380
29.56390381,-63.87700653
29.75463867,-54.72309875
29.94537354,-47.84863281
30.13610840,-45.80207062
30.32684326,-48.68885803
30.51757812,-54.93477631
30.70831299,-53.11965942
30.89904785,-54.98363876
31.08978271,-56.59670258
31.28051758,-56.35843277
31.47125244,-60.09943390
31.66198730,-57.36898804
31.85272217,-58.07051849
32.04345703,-59.26534271
32.23419189,-59.95449066
32.42492676,-67.20877075
32.61566162,-51.09413528
32.80639648,-45.39202881
32.99713135,-48.11643982
33.18786621,-63.00995255
33.37860107,-56.85353851
33.56933594,-53.68647766
33.76007080,-50.92027283
33.95080566,-51.03471756
34.14154053,-48.02292252
34.33227539,-45.90871429
34.52301025,-49.54966736
34.71374512,-61.56620789
34.90447998,-57.78707123
35.09521484,-55.75767136
35.28594971,-53.37485886
35.47668457,-53.17763519
35.66741943,-53.04128647
35.85815430,-56.10981369
36.04888916,-61.36173630
36.23962402,-58.48302460
36.43035889,-46.69985199
36.62109375,-43.79665375
36.81182861,-44.36522675
37.00256348,-46.71166229
37.19329834,-49.85829926
37.38403320,-48.01124191
37.57476807,-53.74005890
37.76550293,-63.13011169
37.95623779,-54.07961273
38.14697266,-51.66694641
38.33770752,-51.22945786
38.52844238,-52.49726868
38.71917725,-53.38162994
38.90991211,-56.69769287
39.10064697,-58.55990601
39.29138184,-64.34393311
39.48211670,-60.29395676
39.67285156,-54.12850189
39.86358643,-53.77738571
40.05432129,-67.54203033
40.24505615,-55.44926453
40.43579102,-52.90383911
40.62652588,-52.80605698
40.81726074,-52.76632309
41.00799561,-53.27433777
41.19873047,-51.21066284
41.38946533,-47.90824127
41.58020020,-46.73590851
41.77093506,-49.27203369
41.96166992,-50.25756454
42.15240479,-50.62590790
42.34313965,-51.39018250
42.53387451,-50.60176086
42.72460938,-50.43137360
42.91534424,-52.63340378
43.10607910,-54.05028534
43.29681396,-52.13850403
43.48754883,-52.57888794
43.67828369,-52.24136734
43.86901855,-49.93061447
44.05975342,-51.18275452
44.25048828,-56.75108337
44.44122314,-57.30025482
44.63195801,-53.51396942
44.82269287,-49.87514496
45.01342773,-48.07197189
45.20416260,-49.77692413
45.39489746,-55.94092941
45.58563232,-58.63035583
45.77636719,-54.92769241
45.96710205,-51.86587524
46.15783691,-54.40826035
46.34857178,-78.35147095
46.53930664,-57.44997406
46.73004150,-51.18629074
46.92077637,-52.03663635
47.11151123,-56.98215103
47.30224609,-63.41939926
47.49298096,-51.21015549
47.68371582,-51.04381561
47.87445068,-59.38335800
48.06518555,-58.19944000
48.25592041,-51.55036545
48.44665527,-47.28531265
48.63739014,-46.96126556
48.82812500,-48.95496368
49.01885986,-52.70896530
49.20959473,-55.37041473
49.40032959,-54.25168610
49.59106445,-59.41204453
49.78179932,-55.32154465
49.97253418,-54.40895462
50.16326904,-55.12306976
50.35400391,-66.54969025
50.54473877,-64.63830566
50.73547363,-58.45010376
50.92620850,-57.17605209
51.11694336,-53.37560272
51.30767822,-49.21318817
51.49841309,-46.34750366
51.68914795,-46.79122925
51.87988281,-50.70652390
52.07061768,-57.68000793
52.26135254,-57.64088058
52.45208740,-52.23222733
52.64282227,-54.49882889
52.83355713,-62.23424911
53.02429199,-62.71267319
53.21502686,-60.51357651
53.40576172,-57.20841217
53.59649658,-58.50146866
53.78723145,-58.74723434
53.97796631,-62.47396469
54.16870117,-53.51108932
54.35943604,-50.14574051
54.55017090,-53.64450836
54.74090576,-58.16780090
54.93164062,-62.17806244
55.12237549,-58.90240479
55.31311035,-52.23011017
55.50384521,-52.32965469
55.69458008,-51.44044876
55.88531494,-50.11012268
56.07604980,-55.92518616
56.26678467,-60.54554367
56.45751953,-51.40207291
56.64825439,-50.17224884
56.83898926,-52.48222351
57.02972412,-53.73190308
57.22045898,-53.10613632
57.41119385,-55.54037094
57.60192871,-53.22341919
57.79266357,-52.66675949
57.98339844,-57.47935486
58.17413330,-56.94615173
58.36486816,-64.44940186
58.55560303,-51.77706146
58.74633789,-52.01808167
58.93707275,-58.44837952
59.12780762,-53.54144287
59.31854248,-57.79909515
59.50927734,-62.17544937
59.70001221,-50.96008301
59.89074707,-50.05327225
60.08148193,-49.16381454
60.27221680,-47.72922897
60.46295166,-49.81553650
60.65368652,-51.52109146
60.84442139,-56.81373978
61.03515625,-60.31924438
61.22589111,-54.88510513
61.41662598,-57.39916992
61.60736084,-55.28156281
61.79809570,-52.19592667
61.98883057,-55.58059692
62.17956543,-50.73806381
62.37030029,-53.10283661
62.56103516,-54.94470978
62.75177002,-58.11540604
62.94250488,-62.16736603
63.13323975,-62.02328110
63.32397461,-59.12825012
63.51470947,-57.61188507
63.70544434,-52.74042511
63.89617920,-52.90353775
64.08691406,-57.16814041
64.27764893,-56.72633362
64.46838379,-59.72658539
64.65911865,-56.21749115
64.84985352,-50.03276062
65.04058838,-48.84320068
65.23132324,-50.51049805
65.42205811,-50.76613617
65.61279297,-56.68910217
65.80352783,-71.58883667
65.99426270,-51.13883591
66.18499756,-48.86347961
66.37573242,-51.14820480
66.56646729,-53.47650146
66.75720215,-55.76811981
66.94793701,-48.41133881
67.13867188,-46.84951401
67.32940674,-51.77881241
67.52014160,-55.62078094
67.71087646,-51.59563446
67.90161133,-57.97514343
68.09234619,-70.03632355
68.28308105,-62.42263031
68.47381592,-56.77103043
68.66455078,-56.13448715
68.85528564,-55.90785980
69.04602051,-53.03174973
69.23675537,-51.79282761
69.42749023,-51.85737610
69.61822510,-52.13239288
69.80895996,-51.75220871
69.99969482,-54.54019165
70.19042969,-62.44754410
70.38116455,-71.94602966
70.57189941,-60.35257721
70.76263428,-53.23509598
70.95336914,-54.17055511
71.14410400,-55.06864929
71.33483887,-52.40800858
71.52557373,-55.47444916
71.71630859,-56.84907913
71.90704346,-55.41152573
72.09777832,-52.40945816
72.28851318,-55.19535446
72.47924805,-58.08864212
72.66998291,-52.43406296
72.86071777,-52.73546600
73.05145264,-55.05393600
73.24218750,-56.33966064
73.43292236,-57.51505280
73.62365723,-58.55552673
73.81439209,-62.47785187
74.00512695,-54.36091995
74.19586182,-59.33786011
74.38659668,-53.41415405
74.57733154,-54.30566406
74.76806641,-53.09319305
74.95880127,-53.83264542
75.14953613,-68.19415283
75.34027100,-51.50873566
75.53100586,-48.46397781
75.72174072,-51.03145981
75.91247559,-64.76241302
76.10321045,-53.60526276
76.29394531,-49.60826492
76.48468018,-52.30277634
76.67541504,-61.10865021
76.86614990,-50.37569427
77.05688477,-50.70886993
77.24761963,-50.91896057
77.43835449,-52.33903885
77.62908936,-60.32663345
77.81982422,-55.11280823
78.01055908,-53.43946838
78.20129395,-54.58409882
78.39202881,-58.23791122
78.58276367,-54.07952881
78.77349854,-53.69832611
78.96423340,-51.13882065
79.15496826,-49.94413376
79.34570312,-48.95662689
79.53643799,-48.89177322
79.72717285,-50.48575974
79.91790771,-56.49919128
80.10864258,-62.00590134
80.29937744,-57.82461166
80.49011230,-50.48067474
80.68084717,-50.26145554
80.87158203,-52.78623581
81.06231689,-62.14477921
81.25305176,-66.60483551
81.44378662,-71.77348328
81.63452148,-59.29754257
81.82525635,-57.84513474
82.01599121,-64.02650452
82.20672607,-67.90680695
82.39746094,-56.77936935
82.58819580,-51.68817520
82.77893066,-52.01712799
82.96966553,-54.27200699
83.16040039,-55.24620819
83.35113525,-61.03211212
83.54187012,-66.74991608
83.73260498,-55.19679260
83.92333984,-53.69424820
84.11407471,-60.90345764
84.30480957,-62.66225815
84.49554443,-73.59182739
84.68627930,-53.69877243
84.87701416,-51.50663376
85.06774902,-63.73054504
85.25848389,-54.67200851
85.44921875,-51.87067413
85.63995361,-54.79751968
85.83068848,-59.64008331
86.02142334,-51.96968842
86.21215820,-55.33935165
86.40289307,-60.89502335
86.59362793,-52.21916962
86.78436279,-53.41219330
86.97509766,-58.16580963
87.16583252,-48.94008255
87.35656738,-49.88204575
87.54730225,-62.62329865
87.73803711,-63.09013748
87.92877197,-66.97490692
88.11950684,-65.16876984
88.31024170,-60.78944397
88.50097656,-55.06678009
88.69171143,-51.26020050
88.88244629,-52.12604141
89.07318115,-53.85539627
89.26391602,-61.38890839
89.45465088,-52.28016663
89.64538574,-49.98230362
89.83612061,-54.40242004
90.02685547,-57.92289734
90.21759033,-57.92035675
90.40832520,-56.07609177
90.59906006,-53.91888428
90.78979492,-59.98777390
90.98052979,-55.15582657
91.17126465,-55.26437378
91.36199951,-60.46527100
91.55273438,-54.52030182
91.74346924,-52.62130737
91.93420410,-52.78962708
92.12493896,-54.64723206
92.31567383,-53.92491913
92.50640869,-51.12027740
92.69714355,-54.76144409
92.88787842,-69.08242035
93.07861328,-51.70141220
93.26934814,-48.38291931
93.46008301,-51.87348175
93.65081787,-50.08627319
93.84155273,-51.70415878
94.03228760,-57.16106796
94.22302246,-51.31771088
94.41375732,-50.75919342
94.60449219,-51.76825714
94.79522705,-55.59527588
94.98596191,-53.00164795
95.17669678,-49.24058533
95.36743164,-49.41669464
95.55816650,-55.35916901
95.74890137,-54.82013702
95.93963623,-49.71003723
96.13037109,-56.53764725
96.32110596,-57.90495300
96.51184082,-57.25158691
96.70257568,-57.08276749
96.89331055,-56.03936768
97.08404541,-54.61820221
97.27478027,-57.33699799
97.46551514,-55.68359375
97.65625000,-58.24263763
97.84698486,-69.04431915
98.03771973,-56.52311325
98.22845459,-53.67948151
98.41918945,-58.11245346
98.60992432,-51.89837646
98.80065918,-54.72513580
98.99139404,-60.79137421
99.18212891,-52.58022690
99.37286377,-52.76956940
99.56359863,-59.37649155
99.75433350,-63.23558426
99.94506836,-68.94732666
100.13580322,-62.65546417
100.32653809,-62.05451202
100.51727295,-60.16025162
100.70800781,-54.96399307
100.89874268,-53.73997498
101.08947754,-53.31215668
101.28021240,-55.12902069
101.47094727,-56.31600189
101.66168213,-59.88275528
101.85241699,-60.95108795
102.04315186,-64.70814514
102.23388672,-58.87935638
102.42462158,-55.97361755
102.61535645,-53.46350098
102.80609131,-52.00290298
102.99682617,-53.17047119
103.18756104,-52.40694046
103.37829590,-52.21152496
103.56903076,-51.83614349
103.75976562,-51.08505630
103.95050049,-55.06237793
104.14123535,-58.56821060
104.33197021,-60.75811386
104.52270508,-67.43469238
104.71343994,-64.10130310
104.90417480,-57.13571930
105.09490967,-49.09953308
105.28564453,-47.48325348
105.47637939,-49.73288727
105.66711426,-54.91805649
105.85784912,-56.95422363
106.04858398,-50.73015594
106.23931885,-52.03627014
106.43005371,-57.31230927
106.62078857,-71.83158112
106.81152344,-56.05576324
107.00225830,-50.48936844
107.19299316,-52.70950317
107.38372803,-58.72859192
107.57446289,-56.02888107
107.76519775,-54.78101349
107.95593262,-61.85851669
108.14666748,-55.44665527
108.33740234,-55.74588776
108.52813721,-60.77829742
108.71887207,-52.97894287
108.90960693,-53.60977554
109.10034180,-52.76111603
109.29107666,-54.37630081
109.48181152,-55.28536224
109.67254639,-53.54423523
109.86328125,-53.40366745
110.05401611,-59.65470123
110.24475098,-53.31441498
110.43548584,-52.29713058
110.62622070,-56.88948059
110.81695557,-52.77068329
111.00769043,-50.97155762
111.19842529,-57.79779053
111.38916016,-58.24274445
111.57989502,-49.91006851
111.77062988,-47.74480820
111.96136475,-51.48740387
112.15209961,-61.80957031
112.34283447,-59.75007629
112.53356934,-56.46822357
112.72430420,-58.70611191
112.91503906,-59.64099503
113.10577393,-58.30494690
113.29650879,-70.85733032
113.48724365,-58.97289658
113.67797852,-58.95790100
113.86871338,-63.33368301
114.05944824,-74.78936768
114.25018311,-61.21186829
114.44091797,-58.54678345
114.63165283,-63.53782272
114.82238770,-69.23125458
115.01312256,-58.42727280
115.20385742,-54.16249847
115.39459229,-54.12101364
115.58532715,-58.54410553
115.77606201,-57.38874435
115.96679688,-51.19186401
116.15753174,-49.08041000
116.34826660,-51.60564041
116.53900146,-58.84262848
116.72973633,-55.16667938
116.92047119,-53.38222885
117.11120605,-54.05139160
117.30194092,-67.57319641
117.49267578,-54.14062119
117.68341064,-54.67914200
117.87414551,-54.40090561
118.06488037,-54.31669617
118.25561523,-54.81892014
118.44635010,-61.36586761
118.63708496,-57.76456833
118.82781982,-55.03867340
119.01855469,-58.15787506
119.20928955,-58.55828857
119.40002441,-59.27226257
119.59075928,-60.78406525
119.78149414,-66.39653015
119.97222900,-68.18038940
120.16296387,-58.15528870
120.35369873,-52.53580093
120.54443359,-56.22583008
120.73516846,-76.24036407
120.92590332,-56.86559677
121.11663818,-54.69601059
121.30737305,-55.65768433
121.49810791,-52.63277435
121.68884277,-50.01711273
121.87957764,-51.51877975
122.07031250,-54.45907211
122.26104736,-55.23294449
122.45178223,-62.72467804
122.64251709,-56.34849548
122.83325195,-53.41947556
123.02398682,-54.55924988
123.21472168,-53.70363617
123.40545654,-55.61050034
123.59619141,-68.43514252
123.78692627,-67.50739288
123.97766113,-77.34220886
124.16839600,-54.05857849
124.35913086,-50.86734772
124.54986572,-58.10408020
124.74060059,-56.86845779
124.93133545,-63.76545334
125.12207031,-62.18465805
125.31280518,-55.96008682
125.50354004,-52.55591583
125.69427490,-53.83939743
125.88500977,-54.70697021
126.07574463,-54.22696686
126.26647949,-56.60146332
126.45721436,-54.24316025
126.64794922,-55.39717102
126.83868408,-59.76283264
127.02941895,-64.79216003
127.22015381,-57.94295502
127.41088867,-52.45608902
127.60162354,-53.13565063
127.79235840,-57.39849472
127.98309326,-58.86386871
128.17382812,-55.46580887
128.36456299,-58.52504349
128.55529785,-60.55837631
128.74603271,-53.84532547
128.93676758,-53.97475815
129.12750244,-62.56372452
129.31823730,-59.18167496
129.50897217,-54.47941589
129.69970703,-52.80387115
129.89044189,-55.52683258
130.08117676,-62.43462372
130.27191162,-56.61830902
130.46264648,-50.97877121
130.65338135,-51.73042297
130.84411621,-60.50204849
131.03485107,-61.25703430
131.22558594,-56.47547913
131.41632080,-56.79773712
131.60705566,-54.46195221
131.79779053,-51.45209503
131.98852539,-53.51946259
132.17926025,-70.01799011
132.36999512,-55.09842300
132.56072998,-64.25468445
132.75146484,-77.67666626
132.94219971,-61.72743225
133.13293457,-69.04307556
133.32366943,-56.66392517
133.51440430,-53.19551849
133.70513916,-59.58771515
133.89587402,-59.54326248
134.08660889,-58.33046722
134.27734375,-61.56337357
134.46807861,-59.49361801
134.65881348,-57.00882721
134.84954834,-67.98246002
135.04028320,-62.06389999
135.23101807,-58.15814972
135.42175293,-58.57650757
135.61248779,-57.22614670
135.80322266,-53.66160583
135.99395752,-55.21007538
136.18469238,-59.48386383
136.37542725,-64.62457275
136.56616211,-61.32549286
136.75689697,-56.17167664
136.94763184,-52.09663010
137.13836670,-48.75037384
137.32910156,-47.78840637
137.51983643,-50.96096802
137.71057129,-51.62075806
137.90130615,-51.78967285
138.09204102,-55.71984863
138.28277588,-61.07036591
138.47351074,-57.61276245
138.66424561,-52.40303040
138.85498047,-57.60537720
139.04571533,-54.16268158
139.23645020,-51.43524551
139.42718506,-54.12200546
139.61791992,-59.43264771
139.80865479,-56.85883331
139.99938965,-52.72285461
140.19012451,-50.56447983
140.38085938,-54.30125427
140.57159424,-57.59646988
140.76232910,-59.01078033
140.95306396,-56.91265488
141.14379883,-60.36582565
141.33453369,-63.67044830
141.52526855,-57.20128632
141.71600342,-56.61769867
141.90673828,-53.64054108
142.09747314,-51.10368347
142.28820801,-49.20566177
142.47894287,-48.03071594
142.66967773,-48.23794556
142.86041260,-49.81509399
143.05114746,-53.39042664
143.24188232,-66.17032623
143.43261719,-56.38636017
143.62335205,-58.04466248
143.81408691,-69.63484955
144.00482178,-56.54129028
144.19555664,-51.58617401
144.38629150,-52.83777237
144.57702637,-55.20688629
144.76776123,-57.41624832
144.95849609,-58.80294800
145.14923096,-60.01011658
145.33996582,-57.50061035
145.53070068,-57.97165680
145.72143555,-50.46188354
145.91217041,-50.95853806
146.10290527,-59.01779556
146.29364014,-66.29723358
146.48437500,-63.26021576
146.67510986,-53.62242889
146.86584473,-52.91928864
147.05657959,-55.27438354
147.24731445,-53.59456635
147.43804932,-53.56661987
147.62878418,-58.87912369
147.81951904,-63.00835419
148.01025391,-58.13089371
148.20098877,-55.25109100
148.39172363,-58.40896988
148.58245850,-67.14541626
148.77319336,-57.30854797
148.96392822,-53.97380066
149.15466309,-68.15747833
149.34539795,-53.34398270
149.53613281,-50.41976166
149.72686768,-54.44807053
149.91760254,-67.46634674
150.10833740,-70.20281982
150.29907227,-60.74036026
150.48980713,-60.36220551
150.68054199,-65.26056671
150.87127686,-60.54087830
151.06201172,-64.43341064
151.25274658,-76.31169891
151.44348145,-75.62796783
151.63421631,-60.13365173
151.82495117,-55.39440155
152.01568604,-59.67003632
152.20642090,-55.12252045
152.39715576,-55.46846771
152.58789062,-63.09085846
152.77862549,-66.40946198
152.96936035,-67.72257996
153.16009521,-59.61851501
153.35083008,-55.01358414
153.54156494,-53.51912689
153.73229980,-55.59100342
153.92303467,-60.50538635
154.11376953,-56.93558502
154.30450439,-52.82962036
154.49523926,-51.05600357
154.68597412,-49.32220840
154.87670898,-47.35198212
155.06744385,-50.02599335
155.25817871,-56.70007324
155.44891357,-56.83808136
155.63964844,-59.66160583
155.83038330,-59.17238617
156.02111816,-53.81389999
156.21185303,-52.74901581
156.40258789,-56.84176636
156.59332275,-67.00478363
156.78405762,-58.57717896
156.97479248,-79.23179626
157.16552734,-57.89638519
157.35626221,-61.50835037
157.54699707,-65.36897278
157.73773193,-65.39907837
157.92846680,-69.44334412
158.11920166,-61.39960480
158.30993652,-58.09017944
158.50067139,-60.06121826
158.69140625,-61.52825928
158.88214111,-57.36734390
159.07287598,-54.36210251
159.26361084,-56.28818893
159.45434570,-65.11334229
159.64508057,-68.62957764
159.83581543,-60.97588348
160.02655029,-54.74105835
160.21728516,-50.16910934
160.40802002,-48.96587753
160.59875488,-50.44043732
160.78948975,-51.44479752
160.98022461,-50.39331436
161.17095947,-50.77368164
161.36169434,-57.64033890
161.55242920,-68.68862915
161.74316406,-61.09960938
161.93389893,-55.24161911
162.12463379,-52.87617493
162.31536865,-57.73827362
162.50610352,-62.82065582
162.69683838,-59.75877762
162.88757324,-58.58764648
163.07830811,-55.31581879
163.26904297,-51.21149445
163.45977783,-48.84788132
163.65051270,-48.31771088
163.84124756,-53.85877609
164.03198242,-65.44577026
164.22271729,-59.29943848
164.41345215,-62.66656494
164.60418701,-64.03943634
164.79492188,-68.19716644
164.98565674,-61.99079895
165.17639160,-56.69036102
165.36712646,-63.66421127
165.55786133,-79.09555054
165.74859619,-67.63357544
165.93933105,-76.80800629
166.13006592,-58.29021835
166.32080078,-52.59366989
166.51153564,-53.07381058
166.70227051,-55.77638245
166.89300537,-58.62732697
167.08374023,-59.18288422
167.27447510,-62.47815704
167.46520996,-52.06585693
167.65594482,-51.08037949
167.84667969,-56.02675629
168.03741455,-57.18682098
168.22814941,-55.21330261
168.41888428,-52.72033691
168.60961914,-50.66869354
168.80035400,-51.93053436
168.99108887,-56.06506348
169.18182373,-64.88529968
169.37255859,-55.59716797
169.56329346,-49.61151505
169.75402832,-50.46118164
169.94476318,-52.95325470
170.13549805,-54.37739563
170.32623291,-60.98714828
170.51696777,-68.58878326
170.70770264,-75.23224640
170.89843750,-62.76517868
171.08917236,-59.99101639
171.27990723,-58.62877274
171.47064209,-67.78150940
171.66137695,-52.13539505
171.85211182,-55.03616333
172.04284668,-55.60758972
172.23358154,-60.90452576
172.42431641,-56.62861252
172.61505127,-54.04063416
172.80578613,-55.91098022
172.99652100,-66.31349182
173.18725586,-60.25436783
173.37799072,-57.88335419
173.56872559,-64.95281982
173.75946045,-61.61889648
173.95019531,-60.23427582
174.14093018,-62.52678680
174.33166504,-59.09159851
174.52239990,-56.88835144
174.71313477,-53.37279510
174.90386963,-50.81096268
175.09460449,-52.42070007
175.28533936,-57.27225876
175.47607422,-63.35848999
175.66680908,-59.13280487
175.85754395,-54.51302338
176.04827881,-51.20785141
176.23901367,-52.82066345
176.42974854,-57.55532074
176.62048340,-59.36061096
176.81121826,-56.73049545
177.00195312,-59.29930878
177.19268799,-65.21818542
177.38342285,-57.94510651
177.57415771,-64.39701843
177.76489258,-54.85519028
177.95562744,-54.84452820
178.14636230,-61.54656219
178.33709717,-64.16969299
178.52783203,-57.09372711
178.71856689,-61.20478821
178.90930176,-63.82554626
179.10003662,-55.85952377
179.29077148,-55.21668243
179.48150635,-55.42842102
179.67224121,-54.40433121
179.86297607,-54.80139923
180.05371094,-54.49061966
180.24444580,-52.39379883
180.43518066,-50.78392792
180.62591553,-51.14551163
180.81665039,-54.03378296
181.00738525,-60.98065186
181.19812012,-66.03208160
181.38885498,-53.42714310
181.57958984,-51.09128571
181.77032471,-60.11607742
181.96105957,-62.01069641
182.15179443,-55.90703583
182.34252930,-53.48434067
182.53326416,-69.77661896
182.72399902,-55.27616501
182.91473389,-52.87771606
183.10546875,-58.28672409
183.29620361,-58.90827560
183.48693848,-54.02167511
183.67767334,-55.36512756
183.86840820,-59.78994370
184.05914307,-56.32335663
184.24987793,-51.28404236
184.44061279,-51.07646942
184.63134766,-56.41350174
184.82208252,-55.12388229
185.01281738,-51.37435532
185.20355225,-56.81320572
185.39428711,-57.11517715
185.58502197,-54.20997620
185.77575684,-67.80713654
185.96649170,-54.85658264
186.15722656,-54.64928436
186.34796143,-60.71416473
186.53869629,-66.90019989
186.72943115,-58.62710571
186.92016602,-57.65368652
187.11090088,-61.49277496
187.30163574,-74.03411102
187.49237061,-61.38578033
187.68310547,-65.01130676
187.87384033,-71.84123230
188.06457520,-65.49447632
188.25531006,-62.59201050
188.44604492,-60.43892288
188.63677979,-59.32753754
188.82751465,-64.88558960
189.01824951,-68.02426147
189.20898438,-57.61007690
189.39971924,-52.80537033
189.59045410,-52.81874084
189.78118896,-51.68976212
189.97192383,-49.96860504
190.16265869,-52.00383759
190.35339355,-57.15314484
190.54412842,-53.41591644
190.73486328,-50.40628433
190.92559814,-53.32561874
191.11633301,-57.40779877
191.30706787,-58.52772141
191.49780273,-55.36556244
191.68853760,-55.59198380
191.87927246,-68.82161713
192.07000732,-56.79075241
192.26074219,-54.59992981
192.45147705,-57.99623871
192.64221191,-63.84136581
192.83294678,-58.58895874
193.02368164,-61.60910797
193.21441650,-63.58577347
193.40515137,-59.81103516
193.59588623,-62.49804688
193.78662109,-55.98569489
193.97735596,-61.57581711
194.16809082,-56.46604538
194.35882568,-53.76352692
194.54956055,-53.49203491
194.74029541,-53.35386658
194.93103027,-55.21419525
195.12176514,-56.66134262
195.31250000,-53.83345795
195.50323486,-50.72664261
195.69396973,-52.07928085
195.88470459,-63.56939316
196.07543945,-63.08605576
196.26617432,-57.22482681
196.45690918,-50.64141083
196.64764404,-55.28577423
196.83837891,-64.62417603
197.02911377,-59.05912399
197.21984863,-59.08362961
197.41058350,-62.90034866
197.60131836,-63.82630157
197.79205322,-57.37460709
197.98278809,-58.63719177
198.17352295,-57.77096176
198.36425781,-53.63859177
198.55499268,-51.92414856
198.74572754,-58.04930115
198.93646240,-54.14883423
199.12719727,-48.84107590
199.31793213,-49.68591309
199.50866699,-55.43180847
199.69940186,-63.79425812
199.89013672,-57.04154587
200.08087158,-51.90705109
200.27160645,-55.26645279
200.46234131,-58.81391907
200.65307617,-50.98657608
200.84381104,-51.30237579
201.03454590,-56.46766281
201.22528076,-59.73567581
201.41601562,-53.50991821
201.60675049,-48.64105225
201.79748535,-50.49932480
201.98822021,-64.03518677
202.17895508,-58.50710297
202.36968994,-57.21659088
202.56042480,-56.71196747
202.75115967,-59.49913788
202.94189453,-67.47854614
203.13262939,-59.97478104
203.32336426,-60.89354706
203.51409912,-52.89151764
203.70483398,-56.07791901
203.89556885,-61.83309174
204.08630371,-61.82205963
204.27703857,-62.23737335
204.46777344,-59.02332687
204.65850830,-54.09167862
204.84924316,-51.50780106
205.03997803,-51.13529968
205.23071289,-52.23888397
205.42144775,-53.87259674
205.61218262,-54.41075897
205.80291748,-57.53014374
205.99365234,-53.71425629
206.18438721,-55.69561386
206.37512207,-61.42036438
206.56585693,-67.56055450
206.75659180,-61.73826218
206.94732666,-55.96041107
207.13806152,-54.52488708
207.32879639,-53.40940094
207.51953125,-53.47755432
207.71026611,-55.85429382
207.90100098,-55.44628525
208.09173584,-55.53951263
208.28247070,-60.86803818
208.47320557,-57.90441513
208.66394043,-64.12659454
208.85467529,-55.04607391
209.04541016,-49.27063751
209.23614502,-51.19683838
209.42687988,-49.87382507
209.61761475,-50.63184357
209.80834961,-61.59195328
209.99908447,-57.53285980
210.18981934,-56.45719910
210.38055420,-57.57970428
210.57128906,-57.32863617
210.76202393,-56.56740189
210.95275879,-60.18743896
211.14349365,-54.04348755
211.33422852,-51.19739914
211.52496338,-52.52109146
211.71569824,-56.29259109
211.90643311,-61.47331619
212.09716797,-62.20248413
212.28790283,-55.38694763
212.47863770,-57.33662415
212.66937256,-64.65917206
212.86010742,-62.66586685
213.05084229,-52.76770020
213.24157715,-49.49607086
213.43231201,-48.21304703
213.62304688,-50.88911438
213.81378174,-60.66050720
214.00451660,-53.42459106
214.19525146,-53.49114990
214.38598633,-62.20425034
214.57672119,-59.72036743
214.76745605,-55.43800354
214.95819092,-56.97489929
215.14892578,-57.97974396
215.33966064,-57.54815674
215.53039551,-56.95953369
215.72113037,-54.61432648
215.91186523,-58.08009338
216.10260010,-54.37921906
216.29333496,-51.98424530
216.48406982,-55.72477341
216.67480469,-56.59746170
216.86553955,-52.29978180
217.05627441,-51.37848663
217.24700928,-55.72750854
217.43774414,-55.35892868
217.62847900,-58.55053711
217.81921387,-59.53018188
218.00994873,-51.25011826
218.20068359,-47.28462219
218.39141846,-47.47420883
218.58215332,-52.36441040
218.77288818,-62.85919952
218.96362305,-59.59796524
219.15435791,-55.45833969
219.34509277,-52.03804398
219.53582764,-49.08927917
219.72656250,-51.80785751
219.91729736,-52.45127869
220.10803223,-48.41236877
220.29876709,-49.08114624
220.48950195,-56.32165527
220.68023682,-68.79582214
220.87097168,-62.53684235
221.06170654,-59.30516815
221.25244141,-57.04943085
221.44317627,-58.62493515
221.63391113,-57.76355362
221.82464600,-57.33201599
222.01538086,-59.25188065
222.20611572,-56.62855530
222.39685059,-62.36301804
222.58758545,-63.73737717
222.77832031,-57.99196625
222.96905518,-56.61884689
223.15979004,-63.32265472
223.35052490,-56.39017487
223.54125977,-56.11259079
223.73199463,-63.76841736
223.92272949,-57.72311401
224.11346436,-57.06008911
224.30419922,-55.48508453
224.49493408,-55.40187454
224.68566895,-54.45804214
224.87640381,-53.54749298
225.06713867,-54.00054169
225.25787354,-57.17341614
225.44860840,-61.05268478
225.63934326,-57.58491135
225.83007812,-59.71904755
226.02081299,-60.40615082
226.21154785,-56.22179031
226.40228271,-55.41967392
226.59301758,-54.20156097
226.78375244,-54.70689392
226.97448730,-57.35459137
227.16522217,-62.41311646
227.35595703,-67.38796997
227.54669189,-65.00508881
227.73742676,-62.06777954
227.92816162,-51.99300766
228.11889648,-48.43774796
228.30963135,-49.27791214
228.50036621,-50.74422836
228.69110107,-49.58150864
228.88183594,-48.13367462
229.07257080,-48.66872406
229.26330566,-54.27952576
229.45404053,-66.92469788
229.64477539,-60.25375366
229.83551025,-58.42178345
230.02624512,-72.31911469
230.21697998,-62.31925583
230.40771484,-62.52697372
230.59844971,-63.25022125
230.78918457,-54.65198517
230.97991943,-53.08967972
231.17065430,-56.91587067
231.36138916,-58.03455353
231.55212402,-63.79159927
231.74285889,-56.82270432
231.93359375,-63.48593903
232.12432861,-73.72786713
232.31506348,-61.26116943
232.50579834,-53.55056381
232.69653320,-54.40464020
232.88726807,-62.61006165
233.07800293,-57.04817963
233.26873779,-53.58920288
233.45947266,-51.87483215
233.65020752,-53.96002197
233.84094238,-60.21184921
234.03167725,-63.45452118
234.22241211,-63.14914322
234.41314697,-58.69962311
234.60388184,-64.13627625
234.79461670,-53.24530029
234.98535156,-49.90644836
235.17608643,-53.36360931
235.36682129,-57.37348938
235.55755615,-61.51211166
235.74829102,-60.37391663
235.93902588,-61.90031052
236.12976074,-69.17655182
236.32049561,-61.97621918
236.51123047,-50.54589081
236.70196533,-49.02011871
236.89270020,-54.75909424
237.08343506,-68.81466675
237.27416992,-59.46871185
237.46490479,-59.11631775
237.65563965,-55.54209137
237.84637451,-55.90602493
238.03710938,-56.41300583
238.22784424,-58.06506348
238.41857910,-58.85918045
238.60931396,-74.35497284
238.80004883,-55.23660278
238.99078369,-54.76188660
239.18151855,-56.76483154
239.37225342,-55.60749435
239.56298828,-51.10118484
239.75372314,-49.02186584
239.94445801,-52.20404816
240.13519287,-59.19128418
240.32592773,-54.86256027
240.51666260,-54.22473145
240.70739746,-54.29813766
240.89813232,-58.70578003
241.08886719,-77.65303802
241.27960205,-65.77019501
241.47033691,-69.69618988
241.66107178,-69.72258759
241.85180664,-63.90315628
242.04254150,-61.26639938
242.23327637,-62.24484253
242.42401123,-61.38677216
242.61474609,-54.51249695
242.80548096,-52.25265884
242.99621582,-53.65791702
243.18695068,-59.54404449
243.37768555,-58.54285812
243.56842041,-59.75259781
243.75915527,-56.68241501
243.94989014,-61.96825027
244.14062500,-63.42398071
244.33135986,-56.67151642
244.52209473,-52.17218781
244.71282959,-50.74729538
244.90356445,-52.82373047
245.09429932,-51.91793060
245.28503418,-51.80577850
245.47576904,-55.54466248
245.66650391,-70.91976929
245.85723877,-57.59735489
246.04797363,-59.71511459
246.23870850,-70.99852753
246.42944336,-60.80421448
246.62017822,-70.24756622
246.81091309,-59.68126297
247.00164795,-56.42275238
247.19238281,-51.01824951
247.38311768,-51.63291931
247.57385254,-50.47416306
247.76458740,-49.23000336
247.95532227,-52.81235123
248.14605713,-66.88092804
248.33679199,-59.77628326
248.52752686,-74.45061493
248.71826172,-52.30808640
248.90899658,-51.09579468
249.09973145,-56.19812012
249.29046631,-60.69640732
249.48120117,-66.31272888
249.67193604,-60.15417099
249.86267090,-54.51560593
250.05340576,-52.64365387
250.24414062,-59.50109100
250.43487549,-52.61419678
250.62561035,-52.29840088
250.81634521,-60.29030609
251.00708008,-71.31421661
251.19781494,-64.12767029
251.38854980,-75.05504608
251.57928467,-56.75929642
251.77001953,-55.48927307
251.96075439,-67.39907074
252.15148926,-53.94176102
252.34222412,-52.15065002
252.53295898,-53.80089188
252.72369385,-58.74584961
252.91442871,-62.44892883
253.10516357,-58.93651962
253.29589844,-54.86145020
253.48663330,-57.16289520
253.67736816,-56.33294678
253.86810303,-57.87740707
254.05883789,-54.27533722
254.24957275,-51.27393723
254.44030762,-55.86185074
254.63104248,-59.52911758
254.82177734,-53.46205139
255.01251221,-51.41092300
255.20324707,-50.41387177
255.39398193,-52.02437592
255.58471680,-55.69316864
255.77545166,-53.95442581
255.96618652,-50.95489883
256.15692139,-51.04865265
256.34765625,-54.71641922
256.53839111,-57.69003296
256.72912598,-52.78652954
256.91986084,-55.40592194
257.11059570,-60.40309143
257.30133057,-49.46140289
257.49206543,-49.30518341
257.68280029,-52.70930481
257.87353516,-55.17067719
258.06427002,-65.19858551
258.25500488,-59.90011215
258.44573975,-56.93346024
258.63647461,-58.85539246
258.82720947,-69.19862366
259.01794434,-58.34563828
259.20867920,-52.56011963
259.39941406,-52.13448334
259.59014893,-55.89011383
259.78088379,-56.37255859
259.97161865,-52.81798553
260.16235352,-51.28829956
260.35308838,-53.46494675
260.54382324,-53.80586243
260.73455811,-53.08145905
260.92529297,-54.28656769
261.11602783,-55.43621063
261.30676270,-57.69057846
261.49749756,-55.70951462
261.68823242,-56.45701981
261.87896729,-66.48495483
262.06970215,-54.73059845
262.26043701,-52.80775070
262.45117188,-59.49391174
262.64190674,-68.87028503
262.83264160,-59.68026733
263.02337646,-54.41374969
263.21411133,-56.90652847
263.40484619,-54.41560364
263.59558105,-54.89000320
263.78631592,-55.62709045
263.97705078,-57.26385498
264.16778564,-52.52539062
264.35852051,-55.11332703
264.54925537,-70.48600006
264.73999023,-57.93039703
264.93072510,-49.54334259
265.12145996,-48.75600433
265.31219482,-52.06490326
265.50292969,-61.28308868
265.69366455,-55.11415863
265.88439941,-51.91205597
266.07513428,-52.33620453
266.26586914,-56.52658844
266.45660400,-62.98320770
266.64733887,-60.62672043
266.83807373,-53.42967987
267.02880859,-48.99404526
267.21954346,-51.76897430
267.41027832,-58.94730377
267.60101318,-59.88303375
267.79174805,-61.63164139
267.98248291,-53.51974106
268.17321777,-50.18134689
268.36395264,-51.13139343
268.55468750,-56.53035736
268.74542236,-65.72256470
268.93615723,-67.61797333
269.12689209,-80.26786041
269.31762695,-66.75093842
269.50836182,-59.49253082
269.69909668,-57.09803772
269.88983154,-56.14001465
270.08056641,-53.17802811
270.27130127,-50.94927216
270.46203613,-50.75488663
270.65277100,-51.30045319
270.84350586,-52.28982925
271.03424072,-56.46996307
271.22497559,-61.38897324
271.41571045,-59.66497803
271.60644531,-61.40103149
271.79718018,-59.50228882
271.98791504,-54.43440247
272.17864990,-50.06787872
272.36938477,-52.25325012
272.56011963,-57.16503525
272.75085449,-53.48100662
272.94158936,-51.82128906
273.13232422,-52.22186279
273.32305908,-53.39483261
273.51379395,-56.79916382
273.70452881,-58.42407608
273.89526367,-56.88691711
274.08599854,-54.54055023
274.27673340,-56.42343140
274.46746826,-57.31624603
274.65820312,-52.87345886
274.84893799,-60.89370728
275.03967285,-53.03039169
275.23040771,-50.72626114
275.42114258,-52.81068802
275.61187744,-56.62456512
275.80261230,-55.94936371
275.99334717,-60.03343964
276.18408203,-59.30790329
276.37481689,-58.91622925
276.56555176,-75.86380768
276.75628662,-59.27465439
276.94702148,-58.07319260
277.13775635,-55.72482300
277.32849121,-54.23128128
277.51922607,-55.36976624
277.70996094,-59.25875854
277.90069580,-63.50326920
278.09143066,-54.96072388
278.28216553,-49.49555969
278.47290039,-53.26074219
278.66363525,-55.43414688
278.85437012,-55.41526794
279.04510498,-58.83438110
279.23583984,-59.72680664
279.42657471,-61.23209000
279.61730957,-67.21531677
279.80804443,-61.57588196
279.99877930,-56.69735718
280.18951416,-57.55875397
280.38024902,-61.87587357
280.57098389,-59.59166718
280.76171875,-59.60140610
280.95245361,-59.05815125
281.14318848,-58.31702423
281.33392334,-57.53014374
281.52465820,-56.81102371
281.71539307,-58.89099503
281.90612793,-59.92011642
282.09686279,-56.96090698
282.28759766,-58.99388885
282.47833252,-62.83149338
282.66906738,-58.00922012
282.85980225,-56.87602997
283.05053711,-54.31072617
283.24127197,-52.38994598
283.43200684,-57.06108093
283.62274170,-63.94382477
283.81347656,-64.88230896
284.00421143,-56.73168182
284.19494629,-58.80647278
284.38568115,-74.51143646
284.57641602,-62.19221115
284.76715088,-57.99695969
284.95788574,-70.73741150
285.14862061,-55.36161423
285.33935547,-54.71089172
285.53009033,-66.79000092
285.72082520,-60.59317017
285.91156006,-55.87186432
286.10229492,-53.90884399
286.29302979,-54.25746536
286.48376465,-57.85475159
286.67449951,-53.88702774
286.86523438,-51.36423492
287.05596924,-52.46936798
287.24670410,-55.32940292
287.43743896,-53.31026077
287.62817383,-58.74460220
287.81890869,-58.21632004
288.00964355,-54.14885712
288.20037842,-61.46487427
288.39111328,-56.34457016
288.58184814,-53.85903931
288.77258301,-53.15199280
288.96331787,-58.66609955
289.15405273,-66.83889771
289.34478760,-63.60659027
289.53552246,-55.83664322
289.72625732,-52.59780884
289.91699219,-54.51971436
290.10772705,-56.50950623
290.29846191,-53.90459442
290.48919678,-55.55439758
290.67993164,-71.36892700
290.87066650,-62.36483002
291.06140137,-55.38432693
291.25213623,-51.99074173
291.44287109,-53.87161255
291.63360596,-55.41994095
291.82434082,-64.10241699
292.01507568,-62.72970200
292.20581055,-65.89227295
292.39654541,-59.85815430
292.58728027,-58.08818054
292.77801514,-59.15283203
292.96875000,-58.88635254
293.15948486,-71.21110535
293.35021973,-64.80427551
293.54095459,-63.41000366
293.73168945,-60.46802139
293.92242432,-58.89351654
294.11315918,-58.16421890
294.30389404,-56.20357513
294.49462891,-54.79894638
294.68536377,-51.80134201
294.87609863,-54.27925110
295.06683350,-66.03938293
295.25756836,-67.95220184
295.44830322,-62.98686218
295.63903809,-58.16503525
295.82977295,-58.20681000
296.02050781,-56.39971924
296.21124268,-57.79106522
296.40197754,-63.84473801
296.59271240,-53.78430939
296.78344727,-60.00521088
296.97418213,-56.23690796
297.16491699,-51.18825912
297.35565186,-53.69614410
297.54638672,-52.39263916
297.73712158,-54.49726105
297.92785645,-62.88356018
298.11859131,-58.28518295
298.30932617,-56.63554764
298.50006104,-58.94536591
298.69079590,-59.53383636
298.88153076,-60.47432327
299.07226562,-61.27814865
299.26300049,-62.71009827
299.45373535,-63.44451523
299.64447021,-59.17119598
299.83520508,-58.55793762
300.02593994,-63.30292130
300.21667480,-63.73579407
300.40740967,-67.14213562
300.59814453,-58.95048141
300.78887939,-54.79810715
300.97961426,-55.84943771
301.17034912,-59.88733292
301.36108398,-58.98794174
301.55181885,-55.76286316
301.74255371,-58.86035919
301.93328857,-66.86535645
302.12402344,-67.37747955
302.31475830,-59.64778519
302.50549316,-49.26698685
302.69622803,-49.01667023
302.88696289,-54.28196716
303.07769775,-53.99631882
303.26843262,-53.88509750
303.45916748,-52.20090485
303.64990234,-57.88080597
303.84063721,-68.68072510
304.03137207,-61.58699799
304.22210693,-60.23792267
304.41284180,-55.45297241
304.60357666,-52.13424301
304.79431152,-55.80513763
304.98504639,-59.96184540
305.17578125,-58.40576935
305.36651611,-58.09690475
305.55725098,-74.70845795
305.74798584,-69.97315979
305.93872070,-54.36439896
306.12945557,-53.72792816
306.32019043,-63.27064514
306.51092529,-55.22907257
306.70166016,-62.00305176
306.89239502,-66.74268341
307.08312988,-69.40968323
307.27386475,-66.36956787
307.46459961,-60.03644943
307.65533447,-54.88853455
307.84606934,-58.91670227
308.03680420,-63.74195099
308.22753906,-59.66210938
308.41827393,-60.06739807
308.60900879,-61.36132050
308.79974365,-66.06509399
308.99047852,-68.32315063
309.18121338,-59.87388229
309.37194824,-62.31044388
309.56268311,-62.77999115
309.75341797,-64.60533905
309.94415283,-53.49217224
310.13488770,-50.53476715
310.32562256,-52.72339630
310.51635742,-65.45909119
310.70709229,-59.83673859
310.89782715,-61.00290298
311.08856201,-55.92226028
311.27929688,-57.91450500
311.47003174,-54.87401581
311.66076660,-50.91453171
311.85150146,-52.68556595
312.04223633,-58.36202240
312.23297119,-68.59313965
312.42370605,-58.10451508
312.61444092,-54.80818176
312.80517578,-53.32338333
312.99591064,-52.11828613
313.18664551,-49.72413635
313.37738037,-51.03549957
313.56811523,-66.21628571
313.75885010,-58.14292908
313.94958496,-56.83081055
314.14031982,-61.95380402
314.33105469,-82.35305023
314.52178955,-60.28726959
314.71252441,-54.29484940
314.90325928,-52.25219727
315.09399414,-53.18274689
315.28472900,-57.08545685
315.47546387,-55.32154465
315.66619873,-54.57523727
315.85693359,-58.14494705
316.04766846,-58.28517151
316.23840332,-52.60747910
316.42913818,-51.40454865
316.61987305,-57.12742615
316.81060791,-55.76819992
317.00134277,-52.60022736
317.19207764,-53.35632706
317.38281250,-55.35943604
317.57354736,-56.53413391
317.76428223,-59.27750397
317.95501709,-54.89064789
318.14575195,-52.17419434
318.33648682,-52.91101456
318.52722168,-59.35238266
318.71795654,-55.01952362
318.90869141,-71.33084106
319.09942627,-57.22797775
319.29016113,-62.43696213
319.48089600,-62.76843643
319.67163086,-56.99451065
319.86236572,-57.91054535
320.05310059,-52.22916031
320.24383545,-53.79845047
320.43457031,-56.23260117
320.62530518,-58.76124573
320.81604004,-68.64160919
321.00677490,-62.45339203
321.19750977,-63.24424744
321.38824463,-55.22296524
321.57897949,-53.41815567
321.76971436,-55.42678452
321.96044922,-58.61581802
322.15118408,-60.75006485
322.34191895,-56.07345200
322.53265381,-58.36468506
322.72338867,-62.09496307
322.91412354,-56.39814377
323.10485840,-50.08463287
323.29559326,-49.33945465
323.48632812,-49.46271515
323.67706299,-50.12900543
323.86779785,-55.57359314
324.05853271,-55.06501770
324.24926758,-52.57611847
324.44000244,-55.28945541
324.63073730,-59.79847717
324.82147217,-61.55881882
325.01220703,-66.84058380
325.20294189,-79.19727325
325.39367676,-65.18472290
325.58441162,-55.96678162
325.77514648,-59.74864960
325.96588135,-66.76480103
326.15661621,-64.69523621
326.34735107,-58.77176285
326.53808594,-53.37158585
326.72882080,-50.99953079
326.91955566,-53.68841553
327.11029053,-66.55746460
327.30102539,-57.95841217
327.49176025,-55.43946838
327.68249512,-59.71379089
327.87322998,-60.04297638
328.06396484,-59.78702164
328.25469971,-54.27001572
328.44543457,-50.65924072
328.63616943,-51.22172546
328.82690430,-56.45719147
329.01763916,-50.40325165
329.20837402,-47.82101440
329.39910889,-52.98917770
329.58984375,-57.93650818
329.78057861,-52.09201050
329.97131348,-55.96878052
330.16204834,-53.14157486
330.35278320,-53.09814453
330.54351807,-56.11306000
330.73425293,-59.16139603
330.92498779,-60.25724411
331.11572266,-59.27758789
331.30645752,-64.15181732
331.49719238,-57.37194061
331.68792725,-53.78761292
331.87866211,-56.25083923
332.06939697,-57.48010254
332.26013184,-58.31148529
332.45086670,-62.32649994
332.64160156,-59.29900360
332.83233643,-57.82905579
333.02307129,-56.67819214
333.21380615,-54.35617828
333.40454102,-58.50740433
333.59527588,-60.11596298
333.78601074,-51.76361084
333.97674561,-52.42322540
334.16748047,-53.95152283
334.35821533,-53.43079376
334.54895020,-63.57883835
334.73968506,-63.77241516
334.93041992,-62.45156097
335.12115479,-53.94132996
335.31188965,-55.77737427
335.50262451,-60.85643387
335.69335938,-59.88836670
335.88409424,-65.64589691
336.07482910,-65.84651184
336.26556396,-68.65245819
336.45629883,-61.28150940
336.64703369,-54.96734619
336.83776855,-57.67577744
337.02850342,-64.04122925
337.21923828,-56.11001587
337.40997314,-57.28361511
337.60070801,-63.08845520
337.79144287,-64.49912262
337.98217773,-59.02684021
338.17291260,-59.84415054
338.36364746,-53.86365509
338.55438232,-51.58614731
338.74511719,-52.57117844
338.93585205,-54.24507141
339.12658691,-54.34816742
339.31732178,-56.16626740
339.50805664,-67.41155243
339.69879150,-59.56688690
339.88952637,-75.21149445
340.08026123,-57.52326202
340.27099609,-60.81796646
340.46173096,-62.31620789
340.65246582,-56.09768677
340.84320068,-55.64328003
341.03393555,-55.57001495
341.22467041,-51.05739975
341.41540527,-50.08444214
341.60614014,-53.95404816
341.79687500,-60.95398331
341.98760986,-68.74569702
342.17834473,-63.29140091
342.36907959,-58.52061462
342.55981445,-64.85852051
342.75054932,-52.93548965
342.94128418,-52.89554596
343.13201904,-59.02758789
343.32275391,-60.82889938
343.51348877,-54.86179733
343.70422363,-58.08970642
343.89495850,-62.93216324
344.08569336,-63.36242676
344.27642822,-66.52252197
344.46716309,-63.93663788
344.65789795,-58.52935028
344.84863281,-60.62852478
345.03936768,-62.78611755
345.23010254,-54.18154144
345.42083740,-54.54130173
345.61157227,-63.76474762
345.80230713,-55.74777985
345.99304199,-54.05412674
346.18377686,-55.83781433
346.37451172,-56.48451233
346.56524658,-57.91366577
346.75598145,-56.75365448
346.94671631,-57.99366379
347.13745117,-55.39185333
347.32818604,-53.10689926
347.51892090,-59.24289322
347.70965576,-58.03537369
347.90039062,-53.98545074
348.09112549,-53.80418777
348.28186035,-62.99650192
348.47259521,-58.55296707
348.66333008,-64.73931122
348.85406494,-86.56501007
349.04479980,-56.26259232
349.23553467,-56.52180099
349.42626953,-85.39279938
349.61700439,-58.64336014
349.80773926,-54.58623505
349.99847412,-55.15954971
350.18920898,-54.77561569
350.37994385,-55.93888855
350.57067871,-58.30862045
350.76141357,-52.91209793
350.95214844,-53.60809326
351.14288330,-67.12474060
351.33361816,-59.46678162
351.52435303,-62.50241089
351.71508789,-57.39184570
351.90582275,-57.40442657
352.09655762,-65.33271027
352.28729248,-61.36991882
352.47802734,-58.53916931
352.66876221,-59.21723175
352.85949707,-56.81710815
353.05023193,-53.20885086
353.24096680,-58.15455627
353.43170166,-57.12049866
353.62243652,-58.93360519
353.81317139,-54.84515762
354.00390625,-55.37943268
354.19464111,-60.11672974
354.38537598,-55.07848740
354.57611084,-53.49851227
354.76684570,-51.71903610
354.95758057,-54.23877716
355.14831543,-67.92209625
355.33905029,-59.64708710
355.52978516,-59.41915512
355.72052002,-57.56351471
355.91125488,-56.30653381
356.10198975,-61.03771973
356.29272461,-64.90960693
356.48345947,-57.01327515
356.67419434,-58.66333008
356.86492920,-56.92457199
357.05566406,-56.61817169
357.24639893,-59.12719727
357.43713379,-58.72006989
357.62786865,-57.97951508
357.81860352,-55.98137283
358.00933838,-54.43185425
358.20007324,-55.90740967
358.39080811,-56.09903336
358.58154297,-65.24610901
358.77227783,-58.91758347
358.96301270,-57.34526825
359.15374756,-57.66649628
359.34448242,-51.25199127
359.53521729,-51.19964218
359.72595215,-54.89035797
359.91668701,-59.21650696
360.10742188,-66.64949799
360.29815674,-62.71644592
360.48889160,-57.20983124
360.67962646,-53.41851044
360.87036133,-63.39142227
361.06109619,-59.50372314
361.25183105,-55.36289597
361.44256592,-56.38407135
361.63330078,-71.17843628
361.82403564,-57.30001068
362.01477051,-54.58553696
362.20550537,-55.85285187
362.39624023,-55.59830093
362.58697510,-57.10279465
362.77770996,-60.54080200
362.96844482,-63.52027512
363.15917969,-59.56384277
363.34991455,-58.51773834
363.54064941,-61.80062866
363.73138428,-65.41712189
363.92211914,-64.47356415
364.11285400,-54.86223221
364.30358887,-51.44542694
364.49432373,-52.52487183
364.68505859,-58.38829803
364.87579346,-59.61906433
365.06652832,-58.78806305
365.25726318,-65.69139099
365.44799805,-62.92880249
365.63873291,-58.92121124
365.82946777,-72.23239899
366.02020264,-54.79309082
366.21093750,-55.51275635
366.40167236,-63.22145081
366.59240723,-55.77627563
366.78314209,-52.91543961
366.97387695,-52.41470718
367.16461182,-51.31542587
367.35534668,-50.81227112
367.54608154,-53.21388626
367.73681641,-56.25502777
367.92755127,-58.36655426
368.11828613,-60.09855652
368.30902100,-60.29102325
368.49975586,-71.82437897
368.69049072,-64.63768005
368.88122559,-54.19011688
369.07196045,-52.08890915
369.26269531,-55.21848679
369.45343018,-58.61972046
369.64416504,-64.50748444
369.83489990,-62.29881287
370.02563477,-55.39857483
370.21636963,-53.62500000
370.40710449,-53.93909836
370.59783936,-54.29715729
370.78857422,-55.39651489
370.97930908,-62.32101059
371.17004395,-56.21631622
371.36077881,-55.23523712
371.55151367,-57.80878067
371.74224854,-57.17624664
371.93298340,-54.81031799
372.12371826,-54.86518860
372.31445312,-63.68372345
372.50518799,-59.82852936
372.69592285,-62.30403137
372.88665771,-57.33120346
373.07739258,-52.16164398
373.26812744,-54.28425217
373.45886230,-57.74280930
373.64959717,-55.17747498
373.84033203,-57.69283295
374.03106689,-67.28261566
374.22180176,-64.31221008
374.41253662,-67.30992889
374.60327148,-60.43063736
374.79400635,-59.79034042
374.98474121,-61.44843292
375.17547607,-64.54061127
375.36621094,-67.88265991
375.55694580,-70.26806641
375.74768066,-71.29171753
375.93841553,-66.06856537
376.12915039,-58.51324081
376.31988525,-59.49560547
376.51062012,-56.07692719
376.70135498,-56.58570862
376.89208984,-58.57404327
377.08282471,-56.83534241
377.27355957,-58.23638535
377.46429443,-59.49359894
377.65502930,-61.61106491
377.84576416,-62.11936188
378.03649902,-56.79478455
378.22723389,-54.28584671
378.41796875,-56.78216934
378.60870361,-69.92358398
378.79943848,-62.45136642
378.99017334,-51.31969452
379.18090820,-47.43756866
379.37164307,-48.68808746
379.56237793,-53.23854446
379.75311279,-56.66698837
379.94384766,-57.05821228
380.13458252,-55.63676453
380.32531738,-50.77939987
380.51605225,-50.53800201
380.70678711,-52.92680359
380.89752197,-55.42281723
381.08825684,-61.81410980
381.27899170,-62.22641373
381.46972656,-60.62332535
381.66046143,-61.31755066
381.85119629,-51.64860535
382.04193115,-52.66345978
382.23266602,-62.40036774
382.42340088,-73.33488464
382.61413574,-60.26773834
382.80487061,-59.16057205
382.99560547,-60.68096161
383.18634033,-57.05833817
383.37707520,-65.53105164
383.56781006,-57.55095673
383.75854492,-54.10519028
383.94927979,-55.32120514
384.14001465,-56.67581558
384.33074951,-56.56822586
384.52148438,-56.25649261
384.71221924,-61.58364105
384.90295410,-59.64241028
385.09368896,-55.80292130
385.28442383,-59.59640884
385.47515869,-53.61782837
385.66589355,-52.87455750
385.85662842,-60.10454178
386.04736328,-65.25461578
386.23809814,-60.93877411
386.42883301,-65.31050873
386.61956787,-71.94312286
386.81030273,-57.39037323
387.00103760,-52.54308319
387.19177246,-60.62605286
387.38250732,-59.89038467
387.57324219,-59.55562973
387.76397705,-54.58019257
387.95471191,-53.06163788
388.14544678,-53.61242294
388.33618164,-56.13325500
388.52691650,-56.70582581
388.71765137,-57.96804428
388.90838623,-61.97938538
389.09912109,-85.13520813
389.28985596,-54.82785797
389.48059082,-51.23992157
389.67132568,-55.62429810
389.86206055,-54.38867569
390.05279541,-51.71582031
390.24353027,-55.47805405
390.43426514,-62.15753174
390.62500000,-66.90135193
390.81573486,-57.29957962
391.00646973,-55.03826523
391.19720459,-55.40851974
391.38793945,-56.40740204
391.57867432,-53.12630081
391.76940918,-53.16234207
391.96014404,-58.05614090
392.15087891,-59.85749054
392.34161377,-55.93445206
392.53234863,-68.32385254
392.72308350,-62.14120483
392.91381836,-71.23580170
393.10455322,-60.86353302
393.29528809,-62.68662262
393.48602295,-54.32944870
393.67675781,-54.21311951
393.86749268,-53.01239777
394.05822754,-55.37509537
394.24896240,-63.59044647
394.43969727,-61.82334900
394.63043213,-68.42798615
394.82116699,-61.65609360
395.01190186,-58.37668991
395.20263672,-64.01319885
395.39337158,-56.56253433
395.58410645,-52.86096573
395.77484131,-53.70074844
395.96557617,-57.89701843
396.15631104,-61.14987946
396.34704590,-54.82393646
396.53778076,-52.82188797
396.72851562,-55.58736801
396.91925049,-58.86462402
397.10998535,-59.47119141
397.30072021,-58.85306931
397.49145508,-56.54503632
397.68218994,-54.68562698
397.87292480,-57.67423248
398.06365967,-64.48889923
398.25439453,-53.78609085
398.44512939,-52.18006516
398.63586426,-51.46880341
398.82659912,-55.86313629
399.01733398,-61.85458374
399.20806885,-62.08306885
399.39880371,-64.84265900
399.58953857,-60.19706345
399.78027344,-59.88096237
399.97100830,-59.87639618
400.16174316,-52.81486511
400.35247803,-53.00510406
400.54321289,-55.13672256
400.73394775,-62.26635742
400.92468262,-56.44859314
401.11541748,-51.83057785
401.30615234,-53.05072784
401.49688721,-59.00471497
401.68762207,-80.79949951
401.87835693,-62.51061249
402.06909180,-63.72787476
402.25982666,-66.52830505
402.45056152,-55.51062775
402.64129639,-58.26789093
402.83203125,-72.62544250
403.02276611,-58.22576523
403.21350098,-53.95276642
403.40423584,-55.23688889
403.59497070,-61.87639618
403.78570557,-65.60993958
403.97644043,-64.95199585
404.16717529,-56.60797501
404.35791016,-55.01381302
404.54864502,-56.10477829
404.73937988,-57.95500946
404.93011475,-52.88207626
405.12084961,-55.74309540
405.31158447,-56.63064957
405.50231934,-50.38884735
405.69305420,-49.28159714
405.88378906,-51.97772217
406.07452393,-55.39472961
406.26525879,-59.91794205
406.45599365,-59.05517578
406.64672852,-63.70166016
406.83746338,-58.73496246
407.02819824,-52.58319855
407.21893311,-52.84243011
407.40966797,-53.87519455
407.60040283,-61.74412155
407.79113770,-59.94747543
407.98187256,-55.59245682
408.17260742,-65.65699005
408.36334229,-59.41061020
408.55407715,-53.75459671
408.74481201,-56.71739960
408.93554688,-64.21853638
409.12628174,-59.82306671
409.31701660,-56.66762924
409.50775146,-54.99453735
409.69848633,-58.55346298
409.88922119,-60.70835114
410.07995605,-56.46665573
410.27069092,-53.21105576
410.46142578,-53.86922455
410.65216064,-62.94300461
410.84289551,-57.94136429
411.03363037,-51.82663727
411.22436523,-51.63153076
411.41510010,-58.38901138
411.60583496,-67.63957214
411.79656982,-67.69848633
411.98730469,-57.16872406
412.17803955,-54.82066345
412.36877441,-57.81855774
412.55950928,-53.89231873
412.75024414,-49.65279388
412.94097900,-51.30707550
413.13171387,-61.43881226
413.32244873,-59.99001312
413.51318359,-56.07453918
413.70391846,-59.95272827
413.89465332,-57.54678726
414.08538818,-51.74930573
414.27612305,-50.97850418
414.46685791,-53.19500351
414.65759277,-59.21847916
414.84832764,-57.13379288
415.03906250,-54.81399918
415.22979736,-56.06719589
415.42053223,-56.83693695
415.61126709,-56.65376282
415.80200195,-59.30617523
415.99273682,-67.06526184
416.18347168,-54.64287567
416.37420654,-52.30296707
416.56494141,-57.88011932
416.75567627,-61.87610245
416.94641113,-54.40337753
417.13714600,-54.35142136
417.32788086,-56.24076080
417.51861572,-58.36065292
417.70935059,-58.93336487
417.90008545,-58.18778229
418.09082031,-57.73919678
418.28155518,-52.38524628
418.47229004,-53.54140472
418.66302490,-63.25570679
418.85375977,-62.19364548
419.04449463,-55.64537048
419.23522949,-53.66756821
419.42596436,-53.93111420
419.61669922,-54.43540192
419.80743408,-52.22779846
419.99816895,-53.76590347
420.18890381,-74.54174042
420.37963867,-55.45384216
420.57037354,-54.97124100
420.76110840,-54.85886383
420.95184326,-54.08818054
421.14257812,-58.68966675
421.33331299,-53.70876312
421.52404785,-53.42144775
421.71478271,-56.28607178
421.90551758,-55.34701538
422.09625244,-57.43413925
422.28698730,-72.44235229
422.47772217,-60.92240906
422.66845703,-52.96447372
422.85919189,-50.30749893
423.04992676,-50.92933655
423.24066162,-56.63201141
423.43139648,-60.60177612
423.62213135,-58.48412323
423.81286621,-57.67320633
424.00360107,-60.91329956
424.19433594,-64.32766724
424.38507080,-61.69594193
424.57580566,-65.74369812
424.76654053,-60.08534241
424.95727539,-52.54207993
425.14801025,-51.71478271
425.33874512,-56.67538071
425.52947998,-73.13624573
425.72021484,-55.36728668
425.91094971,-52.14115524
426.10168457,-53.50181198
426.29241943,-53.52326202
426.48315430,-52.18428802
426.67388916,-54.83856201
426.86462402,-53.91479111
427.05535889,-53.92958069
427.24609375,-56.98858261
427.43682861,-64.14942932
427.62756348,-65.17701721
427.81829834,-56.47961044
428.00903320,-52.57894516
428.19976807,-54.31314850
428.39050293,-58.02349472
428.58123779,-57.88337708
428.77197266,-55.93773651
428.96270752,-53.67630386
429.15344238,-55.35983658
429.34417725,-51.87533951
429.53491211,-50.26279831
429.72564697,-51.00397110
429.91638184,-52.82564163
430.10711670,-56.17069626
430.29785156,-56.65791321
430.48858643,-55.65402985
430.67932129,-56.72077942
430.87005615,-65.87225342
431.06079102,-65.77562714
431.25152588,-58.10822296
431.44226074,-53.09221268
431.63299561,-52.04971313
431.82373047,-55.13307571
432.01446533,-61.16101074
432.20520020,-64.79383850
432.39593506,-57.48019791
432.58666992,-55.58200455
432.77740479,-60.91669464
432.96813965,-56.88636398
433.15887451,-53.52818298
433.34960938,-58.79978561
433.54034424,-60.02899170
433.73107910,-52.95470428
433.92181396,-51.26679230
434.11254883,-52.21594238
434.30328369,-57.09482574
434.49401855,-53.67696381
434.68475342,-53.08828735
434.87548828,-53.88253021
435.06622314,-53.81011963
435.25695801,-53.78224945
435.44769287,-54.25542450
435.63842773,-54.83531952
435.82916260,-55.64595032
436.01989746,-55.71088791
436.21063232,-55.74999237
436.40136719,-54.40482330
436.59210205,-53.43443298
436.78283691,-53.99660492
436.97357178,-58.80852127
437.16430664,-58.60927963
437.35504150,-55.42354584
437.54577637,-61.37137604
437.73651123,-50.56281281
437.92724609,-55.04306030
438.11798096,-66.37108612
438.30871582,-53.25980377
438.49945068,-49.69651794
438.69018555,-48.81709290
438.88092041,-48.56223297
439.07165527,-53.62438583
439.26239014,-65.92249298
439.45312500,-65.31184387
439.64385986,-53.20083237
439.83459473,-48.48683167
440.02532959,-51.30138779
440.21606445,-65.65581512
440.40679932,-63.10631180
440.59753418,-61.69855118
440.78826904,-54.76584625
440.97900391,-54.85766983
441.16973877,-58.44354630
441.36047363,-60.58824539
441.55120850,-64.77825165
441.74194336,-62.56568909
441.93267822,-53.55301666
442.12341309,-52.03475189
442.31414795,-53.08044434
442.50488281,-56.80148697
442.69561768,-71.70536041
442.88635254,-59.62472534
443.07708740,-59.41261292
443.26782227,-52.73323059
443.45855713,-50.93555832
443.64929199,-56.03235626
443.84002686,-61.13579178
444.03076172,-56.04232407
444.22149658,-56.64382935
444.41223145,-55.24647522
444.60296631,-56.52809906
444.79370117,-57.62088013
444.98443604,-53.75270081
445.17517090,-53.59683990
445.36590576,-57.36103439
445.55664062,-55.90254974
445.74737549,-54.09595490
445.93811035,-55.20761871
446.12884521,-58.52425003
446.31958008,-66.24756622
446.51031494,-65.81858826
446.70104980,-57.53806686
446.89178467,-52.44285965
447.08251953,-52.99236298
447.27325439,-60.50373077
447.46398926,-64.70361328
447.65472412,-54.20873260
447.84545898,-52.75246048
448.03619385,-55.37004089
448.22692871,-59.86009216
448.41766357,-55.96392059
448.60839844,-53.35128403
448.79913330,-51.32873154
448.98986816,-50.42904663
449.18060303,-52.03002930
449.37133789,-56.88295746
449.56207275,-62.31220627
449.75280762,-68.03018188
449.94354248,-65.10590363
450.13427734,-59.58469772
450.32501221,-60.47666931
450.51574707,-67.88525391
450.70648193,-56.77551270
450.89721680,-54.02024841
451.08795166,-53.08911133
451.27868652,-55.89431763
451.46942139,-63.18820190
451.66015625,-64.85334778
451.85089111,-60.47371674
452.04162598,-57.77812958
452.23236084,-62.02878571
452.42309570,-58.51116943
452.61383057,-55.77594376
452.80456543,-52.74183655
452.99530029,-53.58287811
453.18603516,-59.84592438
453.37677002,-57.86936951
453.56750488,-53.16525269
453.75823975,-53.68083572
453.94897461,-56.91043091
454.13970947,-68.61711121
454.33044434,-56.02104568
454.52117920,-52.48961639
454.71191406,-49.43094635
454.90264893,-49.39366150
455.09338379,-49.99692535
455.28411865,-50.19409943
455.47485352,-52.45963669
455.66558838,-55.50527573
455.85632324,-52.83055878
456.04705811,-50.75152588
456.23779297,-50.70159912
456.42852783,-53.45529556
456.61926270,-57.18124390
456.80999756,-57.05816269
457.00073242,-62.24591827
457.19146729,-69.48068237
457.38220215,-62.23671341
457.57293701,-57.42008209
457.76367188,-58.44504929
457.95440674,-53.51616287
458.14514160,-52.16026688
458.33587646,-55.67735672
458.52661133,-56.17629623
458.71734619,-57.50231171
458.90808105,-63.21502686
459.09881592,-63.62667084
459.28955078,-57.74761200
459.48028564,-57.22282410
459.67102051,-64.88743591
459.86175537,-58.58221054
460.05249023,-53.98252869
460.24322510,-55.36924362
460.43395996,-77.17649841
460.62469482,-56.78844833
460.81542969,-54.75088501
461.00616455,-54.77494812
461.19689941,-54.35304260
461.38763428,-52.51731110
461.57836914,-54.51400757
461.76910400,-54.76591110
461.95983887,-52.63185501
462.15057373,-53.03768921
462.34130859,-54.92462540
462.53204346,-52.49129486
462.72277832,-53.20749283
462.91351318,-54.58154297
463.10424805,-54.59808731
463.29498291,-59.82476807
463.48571777,-63.05076599
463.67645264,-57.65456772
463.86718750,-56.20576859
464.05792236,-62.39289093
464.24865723,-61.61028290
464.43939209,-59.73809814
464.63012695,-53.06123352
464.82086182,-52.11561203
465.01159668,-55.59679413
465.20233154,-55.49674988
465.39306641,-55.48540115
465.58380127,-68.17244720
465.77453613,-56.73341751
465.96527100,-56.83189774
466.15600586,-55.96942139
466.34674072,-58.90968704
466.53747559,-61.63118744
466.72821045,-53.09883881
466.91894531,-49.37860870
467.10968018,-52.73073578
467.30041504,-60.29972076
467.49114990,-58.20451736
467.68188477,-57.70803833
467.87261963,-57.44308853
468.06335449,-54.70508957
468.25408936,-55.43215942
468.44482422,-55.58399582
468.63555908,-56.13445282
468.82629395,-55.45881653
469.01702881,-61.62303925
469.20776367,-56.34048080
469.39849854,-54.38308716
469.58923340,-55.78759003
469.77996826,-56.28706360
469.97070312,-53.48581314
470.16143799,-54.09608841
470.35217285,-58.41982269
470.54290771,-53.15875244
470.73364258,-52.53575134
470.92437744,-56.23279190
471.11511230,-54.81797028
471.30584717,-52.21706390
471.49658203,-51.44006348
471.68731689,-50.53518295
471.87805176,-51.80862045
472.06878662,-54.74214554
472.25952148,-62.60289764
472.45025635,-56.10302353
472.64099121,-53.52431870
472.83172607,-56.60018921
473.02246094,-59.28282166
473.21319580,-56.46096039
473.40393066,-55.57487869
473.59466553,-58.43965912
473.78540039,-58.26609802
473.97613525,-62.75025177
474.16687012,-53.37064743
474.35760498,-50.20046234
474.54833984,-51.66918182
474.73907471,-54.43869019
474.92980957,-57.07319260
475.12054443,-68.13370514
475.31127930,-59.63726807
475.50201416,-60.92452621
475.69274902,-61.68625259
475.88348389,-56.57852554
476.07421875,-64.60369110
476.26495361,-56.08461761
476.45568848,-53.32313919
476.64642334,-53.97249222
476.83715820,-59.50286865
477.02789307,-56.55236053
477.21862793,-56.87711334
477.40936279,-57.23913574
477.60009766,-57.92671585
477.79083252,-54.85681534
477.98156738,-60.52295685
478.17230225,-54.03454208
478.36303711,-55.06857300
478.55377197,-56.96469879
478.74450684,-54.31001663
478.93524170,-58.15354919
479.12597656,-72.47985840
479.31671143,-63.81236649
479.50744629,-64.13175964
479.69818115,-64.96333313
479.88891602,-62.25680542
480.07965088,-64.34554291
480.27038574,-69.11943817
480.46112061,-63.19641876
480.65185547,-57.55678177
480.84259033,-58.29431152
481.03332520,-56.64453506
481.22406006,-52.84069443
481.41479492,-54.84191895
481.60552979,-52.80688477
481.79626465,-54.54904938
481.98699951,-64.52523041
482.17773438,-71.67751312
482.36846924,-53.02519989
482.55920410,-52.69964218
482.74993896,-58.61721802
482.94067383,-59.22930145
483.13140869,-61.26427460
483.32214355,-66.43943787
483.51287842,-80.87669373
483.70361328,-66.07113647
483.89434814,-55.98880768
484.08508301,-52.24031448
484.27581787,-49.96221161
484.46655273,-49.37747574
484.65728760,-53.56774902
484.84802246,-58.95360565
485.03875732,-56.61186600
485.22949219,-56.17486572
485.42022705,-60.31967163
485.61096191,-59.61328506
485.80169678,-55.03521729
485.99243164,-55.61826324
486.18316650,-59.78569412
486.37390137,-72.09724426
486.56463623,-66.86441040
486.75537109,-64.24407196
486.94610596,-57.47708130
487.13684082,-59.01759720
487.32757568,-65.66813660
487.51831055,-61.70070648
487.70904541,-55.10957718
487.89978027,-56.35625839
488.09051514,-59.00769806
488.28125000,-49.88764954
488.47198486,-48.98169708
488.66271973,-49.75315475
488.85345459,-50.67303467
489.04418945,-53.11342621
489.23492432,-55.45021439
489.42565918,-55.09703064
489.61639404,-56.00640106
489.80712891,-58.76857376
489.99786377,-59.36424255
490.18859863,-56.89842606
490.37933350,-52.45559311
490.57006836,-57.66233444
490.76080322,-61.20528412
490.95153809,-59.05900574
491.14227295,-58.96098709
491.33300781,-55.57025528
491.52374268,-56.16027832
491.71447754,-64.72266388
491.90521240,-57.84347153
492.09594727,-59.72712708
492.28668213,-59.89792252
492.47741699,-60.55207062
492.66815186,-62.42693329
492.85888672,-55.31616592
493.04962158,-51.93614197
493.24035645,-53.19035339
493.43109131,-55.35137939
493.62182617,-54.52180862
493.81256104,-54.42121506
494.00329590,-54.81337738
494.19403076,-55.52625656
494.38476562,-57.44732666
494.57550049,-52.78940582
494.76623535,-54.35429382
494.95697021,-58.04135895
495.14770508,-61.53868866
495.33843994,-54.82126617
495.52917480,-50.66628265
495.71990967,-52.71183777
495.91064453,-53.36393738
496.10137939,-52.14006042
496.29211426,-55.33232117
496.48284912,-61.81408310
496.67358398,-57.87250900
496.86431885,-57.72417068
497.05505371,-61.96054077
497.24578857,-60.35094833
497.43652344,-59.94163513
497.62725830,-70.76134491
497.81799316,-64.79560852
498.00872803,-58.55980682
498.19946289,-63.18424606
498.39019775,-57.00977325
498.58093262,-50.10399246
498.77166748,-50.79853439
498.96240234,-56.58329010
499.15313721,-60.03012085
499.34387207,-58.55983353
499.53460693,-62.63107681
499.72534180,-54.41099548
499.91607666,-53.96086121
500.10681152,-52.36335754
500.29754639,-51.89211273
500.48828125,-50.50354767
500.67901611,-48.75819397
500.86975098,-50.31713104
501.06048584,-53.72638702
501.25122070,-54.61400604
501.44195557,-53.31316376
501.63269043,-54.11564636
501.82342529,-61.19511414
502.01416016,-67.44172668
502.20489502,-58.11090469
502.39562988,-55.99880219
502.58636475,-57.67972946
502.77709961,-53.71306610
502.96783447,-51.80009842
503.15856934,-55.85606384
503.34930420,-61.16768646
503.54003906,-59.45578003
503.73077393,-67.96183777
503.92150879,-55.16098785
504.11224365,-49.12886810
504.30297852,-48.72442245
504.49371338,-53.98412704
504.68444824,-55.73971558
504.87518311,-53.31699753
505.06591797,-56.61475754
505.25665283,-65.23690033
505.44738770,-52.96104813
505.63812256,-52.97563553
505.82885742,-61.53337097
506.01959229,-59.35100555
506.21032715,-49.88702393
506.40106201,-49.15004349
506.59179688,-55.14608383
506.78253174,-55.56455994
506.97326660,-57.24915314
507.16400146,-56.88858795
507.35473633,-52.14887238
507.54547119,-50.77160263
507.73620605,-52.38186646
507.92694092,-62.50808334
508.11767578,-57.70456314
508.30841064,-54.68028259
508.49914551,-56.74792480
508.68988037,-60.89849472
508.88061523,-57.38780975
509.07135010,-63.01300812
509.26208496,-62.99593353
509.45281982,-58.55710602
509.64355469,-56.94630051
509.83428955,-53.84012604
510.02502441,-49.52869797
510.21575928,-49.51412964
510.40649414,-55.67593002
510.59722900,-71.24070740
510.78796387,-57.92047119
510.97869873,-55.82830048
511.16943359,-53.66896820
511.36016846,-56.93606949
511.55090332,-75.40021515
511.74163818,-56.46712875
511.93237305,-50.67798233
512.12310791,-50.19733810
512.31384277,-52.83927155
512.50457764,-54.17224503
512.69531250,-56.48731232
512.88604736,-68.64710999
513.07678223,-61.78535080
513.26751709,-56.03571320
513.45825195,-52.51115799
513.64898682,-51.71939850
513.83972168,-51.87374878
514.03045654,-51.60474777
514.22119141,-52.81006622
514.41192627,-55.91694641
514.60266113,-56.73137665
514.79339600,-53.61224747
514.98413086,-56.29350281
515.17486572,-71.72664642
515.36560059,-54.91011047
515.55633545,-52.29675674
515.74707031,-51.65004730
515.93780518,-52.97858429
516.12854004,-56.37372589
516.31927490,-58.78593445
516.51000977,-55.90442276
516.70074463,-54.27087784
516.89147949,-65.12457275
517.08221436,-53.65644455
517.27294922,-57.65885925
517.46368408,-63.45745850
517.65441895,-64.69687653
517.84515381,-56.11736679
518.03588867,-56.90673447
518.22662354,-58.14933395
518.41735840,-56.94695282
518.60809326,-57.07651138
518.79882812,-54.97179413
518.98956299,-56.52561951
519.18029785,-56.16716766
519.37103271,-55.76551056
519.56176758,-59.36644745
519.75250244,-61.46180725
519.94323730,-58.83828735
520.13397217,-57.68074799
520.32470703,-54.70313263
520.51544189,-51.68105698
520.70617676,-52.76626968
520.89691162,-61.68948364
521.08764648,-64.88898468
521.27838135,-66.83393860
521.46911621,-65.19220734
521.65985107,-64.22366333
521.85058594,-67.75948334
522.04132080,-57.95083618
522.23205566,-54.64006042
522.42279053,-54.19868851
522.61352539,-55.00772858
522.80426025,-64.12671661
522.99499512,-57.91912842
523.18572998,-55.26027679
523.37646484,-54.73403549
523.56719971,-51.09993744
523.75793457,-52.19187164
523.94866943,-58.46052170
524.13940430,-65.52489471
524.33013916,-59.18687820
524.52087402,-59.48179245
524.71160889,-73.38799286
524.90234375,-60.29869080
525.09307861,-60.68270111
525.28381348,-58.25288391
525.47454834,-52.46269608
525.66528320,-54.70386505
525.85601807,-54.87677765
526.04675293,-51.78234482
526.23748779,-54.51392746
526.42822266,-70.94925690
526.61895752,-57.40597153
526.80969238,-61.12618256
527.00042725,-58.37057495
527.19116211,-61.92165756
527.38189697,-56.73458862
527.57263184,-52.80694580
527.76336670,-61.73348236
527.95410156,-56.08220673
528.14483643,-51.46575165
528.33557129,-53.15130615
528.52630615,-58.77370453
528.71704102,-62.28382111
528.90777588,-63.93904114
529.09851074,-61.36434555
529.28924561,-60.74996185
529.47998047,-57.06102753
529.67071533,-54.30978775
529.86145020,-58.52876663
530.05218506,-56.49658585
530.24291992,-56.31788635
530.43365479,-58.97987366
530.62438965,-63.21708679
530.81512451,-64.22596741
531.00585938,-60.83659744
531.19659424,-59.45556641
531.38732910,-54.36476135
531.57806396,-52.05980301
531.76879883,-52.33021545
531.95953369,-58.54855347
532.15026855,-61.85606384
532.34100342,-58.57732773
532.53173828,-67.68744659
532.72247314,-67.01963806
532.91320801,-69.39148712
533.10394287,-63.08179855
533.29467773,-58.34854126
533.48541260,-59.39047241
533.67614746,-75.38713837
533.86688232,-72.22715759
534.05761719,-61.40744781
534.24835205,-61.14320374
534.43908691,-60.41160202
534.62982178,-70.29185486
534.82055664,-63.36202240
535.01129150,-59.82826996
535.20202637,-67.01861572
535.39276123,-55.27045441
535.58349609,-52.20993423
535.77423096,-59.23237228
535.96496582,-62.00184250
536.15570068,-60.24396896
536.34643555,-59.63705063
536.53717041,-57.30599976
536.72790527,-58.14510345
536.91864014,-60.03276825
537.10937500,-59.40004349
537.30010986,-55.47321320
537.49084473,-53.18629837
537.68157959,-55.19801331
537.87231445,-58.02996063
538.06304932,-60.48461914
538.25378418,-49.61811829
538.44451904,-50.79505920
538.63525391,-71.25566101
538.82598877,-52.68253708
539.01672363,-54.21131897
539.20745850,-54.13318634
539.39819336,-55.63291168
539.58892822,-59.54298401
539.77966309,-65.43084717
539.97039795,-62.04267120
540.16113281,-61.19249344
540.35186768,-58.69363785
540.54260254,-58.48651123
540.73333740,-60.09473801
540.92407227,-59.00679779
541.11480713,-62.91980743
541.30554199,-58.07794952
541.49627686,-52.05667877
541.68701172,-51.07133865
541.87774658,-55.87802505
542.06848145,-65.37342072
542.25921631,-68.77001953
542.44995117,-54.33509445
542.64068604,-50.49034882
542.83142090,-51.17312622
543.02215576,-54.11769104
543.21289062,-59.60459900
543.40362549,-64.82208252
543.59436035,-57.03452682
543.78509521,-63.31543732
543.97583008,-61.09724426
544.16656494,-55.26953888
544.35729980,-54.39377594
544.54803467,-53.44173431
544.73876953,-56.29737854
544.92950439,-60.01458740
545.12023926,-62.06520081
545.31097412,-63.67187119
545.50170898,-54.93626022
545.69244385,-57.65194321
545.88317871,-61.10931015
546.07391357,-59.31061554
546.26464844,-63.66979980
546.45538330,-64.80878448
546.64611816,-56.53887939
546.83685303,-52.91594696
547.02758789,-54.91105652
547.21832275,-51.54063797
547.40905762,-49.90257645
547.59979248,-50.92399216
547.79052734,-51.21094131
547.98126221,-51.86528015
548.17199707,-55.00870514
548.36273193,-54.79627609
548.55346680,-50.34682846
548.74420166,-51.87213135
548.93493652,-70.48854828
549.12567139,-53.43000031
549.31640625,-51.26922226
549.50714111,-53.25569534
549.69787598,-50.87762451
549.88861084,-51.94713974
550.07934570,-69.59877777
550.27008057,-51.55451965
550.46081543,-51.59495544
550.65155029,-55.14677429
550.84228516,-58.51046753
551.03302002,-53.81015015
551.22375488,-49.44503784
551.41448975,-50.44032288
551.60522461,-55.46443558
551.79595947,-59.79480743
551.98669434,-55.48946762
552.17742920,-50.76190567
552.36816406,-51.02182770
552.55889893,-55.67927551
552.74963379,-54.32984924
552.94036865,-53.97476578
553.13110352,-62.13364029
553.32183838,-70.81857300
553.51257324,-62.26845169
553.70330811,-56.35241699
553.89404297,-57.25480652
554.08477783,-68.79355621
554.27551270,-53.71887207
554.46624756,-51.77032852
554.65698242,-54.37655640
554.84771729,-56.49403000
555.03845215,-60.20999527
555.22918701,-58.84041595
555.41992188,-55.00139618
555.61065674,-54.27792358
555.80139160,-51.79294968
555.99212646,-50.77404785
556.18286133,-52.89606476
556.37359619,-59.12744522
556.56433105,-58.45953369
556.75506592,-60.88370514
556.94580078,-57.78812408
557.13653564,-58.65200424
557.32727051,-63.40907669
557.51800537,-55.61319351
557.70874023,-50.23912430
557.89947510,-50.33749008
558.09020996,-55.74511719
558.28094482,-70.20703888
558.47167969,-52.97545624
558.66241455,-49.55424881
558.85314941,-50.09183502
559.04388428,-53.59581375
559.23461914,-59.69897842
559.42535400,-60.85599518
559.61608887,-55.17338562
559.80682373,-53.97045898
559.99755859,-56.12871170
560.18829346,-59.54898071
560.37902832,-59.97989273
560.56976318,-59.41650772
560.76049805,-52.70655060
560.95123291,-51.71417236
561.14196777,-57.40106583
561.33270264,-58.77212906
561.52343750,-57.70966339
561.71417236,-59.97225189
561.90490723,-59.92485809
562.09564209,-63.51559067
562.28637695,-58.73931122
562.47711182,-57.98999786
562.66784668,-60.97197723
562.85858154,-52.76953125
563.04931641,-51.74606323
563.24005127,-52.54711151
563.43078613,-52.76194000
563.62152100,-53.30698013
563.81225586,-52.42847443
564.00299072,-51.87158585
564.19372559,-53.80296326
564.38446045,-58.81079865
564.57519531,-61.95161819
564.76593018,-64.82334900
564.95666504,-57.95221710
565.14739990,-51.95531464
565.33813477,-50.74412918
565.52886963,-53.72150040
565.71960449,-53.31608582
565.91033936,-53.53509521
566.10107422,-62.15004349
566.29180908,-58.70845795
566.48254395,-55.92390060
566.67327881,-58.21579742
566.86401367,-59.91534805
567.05474854,-54.29536819
567.24548340,-50.99177551
567.43621826,-54.47573853
567.62695312,-63.80188370
567.81768799,-52.86971664
568.00842285,-52.53951645
568.19915771,-54.24073792
568.38989258,-55.21115875
568.58062744,-58.32302856
568.77136230,-63.00720215
568.96209717,-65.24940491
569.15283203,-60.30782700
569.34356689,-56.79441071
569.53430176,-55.27268219
569.72503662,-53.67301559
569.91577148,-52.25723648
570.10650635,-55.76390839
570.29724121,-56.40886688
570.48797607,-53.36517715
570.67871094,-59.62819672
570.86944580,-59.04293060
571.06018066,-52.52743530
571.25091553,-53.71639252
571.44165039,-62.90684509
571.63238525,-64.22339630
571.82312012,-65.98244476
572.01385498,-62.87838364
572.20458984,-59.61637115
572.39532471,-66.02641296
572.58605957,-57.48107529
572.77679443,-49.96487427
572.96752930,-49.59666443
573.15826416,-53.84072876
573.34899902,-71.54742432
573.53973389,-63.50301361
573.73046875,-59.81111145
573.92120361,-68.10509491
574.11193848,-54.19583130
574.30267334,-51.60410309
574.49340820,-53.16397095
574.68414307,-54.27063751
574.87487793,-61.27279663
575.06561279,-56.09138489
575.25634766,-54.01184845
575.44708252,-53.36604309
575.63781738,-52.10385132
575.82855225,-50.22041321
576.01928711,-50.56711197
576.21002197,-53.19796753
576.40075684,-56.07240295
576.59149170,-52.13488770
576.78222656,-49.64208603
576.97296143,-52.00461960
577.16369629,-58.06373215
577.35443115,-58.97209167
577.54516602,-56.58396149
577.73590088,-61.06970978
577.92663574,-69.61460876
578.11737061,-59.47694397
578.30810547,-52.76367950
578.49884033,-50.72154236
578.68957520,-52.25796127
578.88031006,-55.20031738
579.07104492,-54.51662064
579.26177979,-53.91662216
579.45251465,-53.78563309
579.64324951,-59.17499161
579.83398438,-59.46336746
580.02471924,-57.18896484
580.21545410,-53.62713623
580.40618896,-50.43080902
580.59692383,-53.46585083
580.78765869,-68.03204346
580.97839355,-71.76453400
581.16912842,-59.91464996
581.35986328,-57.43262482
581.55059814,-56.66051483
581.74133301,-59.43873978
581.93206787,-64.71746826
582.12280273,-60.42304993
582.31353760,-63.69509888
582.50427246,-71.34955597
582.69500732,-58.28033829
582.88574219,-50.93300629
583.07647705,-51.73946762
583.26721191,-54.07397461
583.45794678,-62.51923370
583.64868164,-66.03327179
583.83941650,-59.05910110
584.03015137,-57.20979309
584.22088623,-60.72412109
584.41162109,-58.64864731
584.60235596,-52.97912598
584.79309082,-54.31664276
584.98382568,-64.00331116
585.17456055,-66.45791626
585.36529541,-74.37372589
585.55603027,-64.24031830
585.74676514,-54.47396851
585.93750000,-51.37652969
586.12823486,-54.06978607
586.31896973,-65.68744659
586.50970459,-59.92679214
586.70043945,-56.17711639
586.89117432,-61.44164276
587.08190918,-58.69535446
587.27264404,-54.20899963
587.46337891,-55.01138306
587.65411377,-59.88548660
587.84484863,-58.07436371
588.03558350,-54.54709625
588.22631836,-49.81662750
588.41705322,-49.45152664
588.60778809,-55.06283188
588.79852295,-61.96261597
588.98925781,-58.43250275
589.17999268,-57.97982025
589.37072754,-62.04501724
589.56146240,-58.36204529
589.75219727,-54.66819382
589.94293213,-59.10560226
590.13366699,-62.99115753
590.32440186,-55.17692184
590.51513672,-57.80909729
590.70587158,-59.75957870
590.89660645,-57.64425278
591.08734131,-60.87778473
591.27807617,-59.99843216
591.46881104,-56.22466660
591.65954590,-65.58333588
591.85028076,-58.13343048
592.04101562,-59.60382843
592.23175049,-66.98800659
592.42248535,-68.89691162
592.61322021,-60.18688583
592.80395508,-57.22473526
592.99468994,-55.94082642
593.18542480,-59.01643372
593.37615967,-63.72144699
593.56689453,-63.21263123
593.75762939,-57.44691849
593.94836426,-56.08825302
594.13909912,-55.79967499
594.32983398,-54.03997040
594.52056885,-54.24456787
594.71130371,-61.79295349
594.90203857,-60.31111908
595.09277344,-53.86047363
595.28350830,-54.33769989
595.47424316,-59.56344604
595.66497803,-69.85113525
595.85571289,-72.42283630
596.04644775,-56.50280380
596.23718262,-52.86248779
596.42791748,-51.37483978
596.61865234,-51.89790344
596.80938721,-59.39614105
597.00012207,-64.44873810
597.19085693,-66.00653839
597.38159180,-59.13604355
597.57232666,-68.09013367
597.76306152,-58.82969284
597.95379639,-59.06395340
598.14453125,-63.19421387
598.33526611,-56.27780151
598.52600098,-49.91402435
598.71673584,-50.73528290
598.90747070,-56.58676910
599.09820557,-59.16301727
599.28894043,-56.50884247
599.47967529,-60.65573120
599.67041016,-61.73152924
599.86114502,-61.85564423
600.05187988,-70.18751526
600.24261475,-63.84954071
600.43334961,-54.88666916
600.62408447,-55.49131775
600.81481934,-62.37962723
601.00555420,-66.15057373
601.19628906,-63.53932953
601.38702393,-59.01267624
601.57775879,-54.28390503
601.76849365,-52.18321228
601.95922852,-52.48455811
602.14996338,-49.17973328
602.34069824,-48.62051010
602.53143311,-52.39780045
602.72216797,-58.79810715
602.91290283,-58.66562653
603.10363770,-53.74197388
603.29437256,-52.78159714
603.48510742,-55.65669250
603.67584229,-57.92367935
603.86657715,-58.63421631
604.05731201,-57.08109283
604.24804688,-54.88258362
604.43878174,-59.80897903
604.62951660,-67.23603058
604.82025146,-65.82846069
605.01098633,-63.39533234
605.20172119,-69.54640198
605.39245605,-62.39482498
605.58319092,-62.27403641
605.77392578,-63.04476929
605.96466064,-63.97046661
606.15539551,-58.65923309
606.34613037,-61.37712097
606.53686523,-62.02815628
606.72760010,-52.36989975
606.91833496,-49.43253326
607.10906982,-49.90824127
607.29980469,-58.23653412
607.49053955,-58.60718536
607.68127441,-54.04367065
607.87200928,-59.53944778
608.06274414,-60.60721970
608.25347900,-53.82066345
608.44421387,-53.62007904
608.63494873,-52.08184814
608.82568359,-50.36656952
609.01641846,-51.94135284
609.20715332,-54.70347977
609.39788818,-55.58498383
609.58862305,-57.37967682
609.77935791,-61.00387192
609.97009277,-62.84703064
610.16082764,-58.53485489
610.35156250,-61.15829849
610.54229736,-74.52722931
610.73303223,-59.87371826
610.92376709,-55.08184814
611.11450195,-58.30707169
611.30523682,-60.65557861
611.49597168,-62.60044479
611.68670654,-60.86212921
611.87744141,-51.38032913
612.06817627,-50.14572906
612.25891113,-54.34249878
612.44964600,-63.78029633
612.64038086,-65.16797638
612.83111572,-56.06177902
613.02185059,-56.53146744
613.21258545,-60.48138428
613.40332031,-60.93477249
613.59405518,-61.41199112
613.78479004,-57.37648392
613.97552490,-59.15116119
614.16625977,-69.26475525
614.35699463,-57.48310471
614.54772949,-57.22111130
614.73846436,-60.86140060
614.92919922,-55.77350235
615.11993408,-53.70755005
615.31066895,-58.05995178
615.50140381,-65.13217926
615.69213867,-55.89645386
615.88287354,-56.08702850
616.07360840,-63.82928848
616.26434326,-60.92808533
616.45507812,-53.20712280
616.64581299,-52.20007324
616.83654785,-53.72433090
617.02728271,-54.83543396
617.21801758,-56.03565216
617.40875244,-66.89260864
617.59948730,-64.11988831
617.79022217,-62.05298996
617.98095703,-59.95010376
618.17169189,-61.52001190
618.36242676,-55.62110519
618.55316162,-52.84906006
618.74389648,-54.98912811
618.93463135,-60.12513733
619.12536621,-63.92376328
619.31610107,-56.26457596
619.50683594,-56.65286255
619.69757080,-59.90714264
619.88830566,-58.89722443
620.07904053,-56.58439636
620.26977539,-57.75786972
620.46051025,-61.64009476
620.65124512,-53.20803070
620.84197998,-57.32672119
621.03271484,-62.13557434
621.22344971,-55.31623459
621.41418457,-53.97431183
621.60491943,-53.26927185
621.79565430,-53.07584763
621.98638916,-58.50219727
622.17712402,-56.35590363
622.36785889,-55.31366348
622.55859375,-59.57740021
622.74932861,-57.91641998
622.94006348,-56.40430832
623.13079834,-56.08707047
623.32153320,-71.61782074
623.51226807,-54.88704681
623.70300293,-52.95634842
623.89373779,-56.66843033
624.08447266,-59.75448990
624.27520752,-64.21982574
624.46594238,-56.87986374
624.65667725,-52.99915314
624.84741211,-55.85469818
625.03814697,-53.57821655
625.22888184,-54.93014908
625.41961670,-58.24596024
625.61035156,-70.92166901
625.80108643,-54.36631012
625.99182129,-50.80585480
626.18255615,-55.07604980
626.37329102,-57.76187134
626.56402588,-56.74380875
626.75476074,-65.04165649
626.94549561,-64.84410858
627.13623047,-72.83148193
627.32696533,-68.03524780
627.51770020,-60.98509979
627.70843506,-62.71773529
627.89916992,-61.30765915
628.08990479,-62.23058701
628.28063965,-56.54272461
628.47137451,-50.21633530
628.66210938,-48.72111893
628.85284424,-50.01210785
629.04357910,-51.68103027
629.23431396,-59.61077881
629.42504883,-65.99848938
629.61578369,-56.65761948
629.80651855,-56.60850525
629.99725342,-61.62120819
630.18798828,-60.33911896
630.37872314,-65.29308319
630.56945801,-59.96261215
630.76019287,-59.23826218
630.95092773,-69.88291931
631.14166260,-60.46740723
631.33239746,-69.57501221
631.52313232,-57.55288696
631.71386719,-56.36027908
631.90460205,-61.33292389
632.09533691,-61.63486099
632.28607178,-55.01186371
632.47680664,-56.28475571
632.66754150,-61.88584900
632.85827637,-60.15199661
633.04901123,-65.05058289
633.23974609,-71.21107483
633.43048096,-69.23752594
633.62121582,-66.85122681
633.81195068,-57.26367950
634.00268555,-54.30910492
634.19342041,-59.51283264
634.38415527,-59.37213898
634.57489014,-53.91257858
634.76562500,-52.30783463
634.95635986,-62.62632751
635.14709473,-57.63025665
635.33782959,-50.81988907
635.52856445,-49.76260376
635.71929932,-52.50449371
635.91003418,-53.34221649
636.10076904,-55.31855011
636.29150391,-58.97179413
636.48223877,-59.44595337
636.67297363,-55.91212463
636.86370850,-57.21152878
637.05444336,-57.65805817
637.24517822,-54.21468735
637.43591309,-57.42460251
637.62664795,-64.26266479
637.81738281,-59.57332611
638.00811768,-61.63203430
638.19885254,-60.42138672
638.38958740,-58.45223999
638.58032227,-58.91820526
638.77105713,-55.23817444
638.96179199,-54.43238831
639.15252686,-58.08481598
639.34326172,-61.09280014
639.53399658,-59.70102310
639.72473145,-63.74777222
639.91546631,-56.65634537
640.10620117,-54.84375381
640.29693604,-61.22414398
640.48767090,-60.98892212
640.67840576,-65.60677338
640.86914062,-54.33305740
641.05987549,-51.53190994
641.25061035,-56.58496094
641.44134521,-54.94705963
641.63208008,-54.24613571
641.82281494,-54.41368484
642.01354980,-51.64829636
642.20428467,-49.06379318
642.39501953,-48.58110809
642.58575439,-50.91847229
642.77648926,-54.45812988
642.96722412,-59.41476440
643.15795898,-55.55475616
643.34869385,-55.50203705
643.53942871,-64.44693756
643.73016357,-55.31280136
643.92089844,-54.82128525
644.11163330,-59.87789917
644.30236816,-70.07102203
644.49310303,-70.38669586
644.68383789,-68.75164795
644.87457275,-65.83845520
645.06530762,-61.35713577
645.25604248,-58.77986145
645.44677734,-55.46011353
645.63751221,-54.94552994
645.82824707,-56.94454193
646.01898193,-58.82637024
646.20971680,-53.85200882
646.40045166,-55.38047409
646.59118652,-58.61434174
646.78192139,-55.57298279
646.97265625,-58.36720276
647.16339111,-66.03480530
647.35412598,-56.66345215
647.54486084,-57.15610504
647.73559570,-56.58341980
647.92633057,-53.09267426
648.11706543,-52.90956116
648.30780029,-50.03287506
648.49853516,-48.07704544
648.68927002,-49.14422607
648.88000488,-51.12044907
649.07073975,-49.79673767
649.26147461,-49.00543976
649.45220947,-51.27897644
649.64294434,-59.46571350
649.83367920,-57.58524323
650.02441406,-51.54338837
650.21514893,-53.40556335
650.40588379,-61.15197754
650.59661865,-64.27809143
650.78735352,-55.65760040
650.97808838,-56.73103333
651.16882324,-55.83274460
651.35955811,-57.23907852
651.55029297,-63.89583206
651.74102783,-58.68707657
651.93176270,-68.77035522
652.12249756,-61.72869110
652.31323242,-59.91981888
652.50396729,-56.11244965
652.69470215,-57.48376465
652.88543701,-71.38615417
653.07617188,-62.64208221
653.26690674,-57.67049408
653.45764160,-58.06523132
653.64837646,-55.71121979
653.83911133,-59.41072845
654.02984619,-64.17892456
654.22058105,-59.36584473
654.41131592,-56.07440948
654.60205078,-56.65910339
654.79278564,-56.03741455
654.98352051,-58.24828339
655.17425537,-64.89022827
655.36499023,-57.26031876
655.55572510,-58.93286896
655.74645996,-56.69148254
655.93719482,-53.06961823
656.12792969,-56.42438507
656.31866455,-55.19321823
656.50939941,-60.12241745
656.70013428,-63.43719864
656.89086914,-59.31820297
657.08160400,-59.14127350
657.27233887,-53.52798080
657.46307373,-55.36402893
657.65380859,-63.06948853
657.84454346,-57.80958557
658.03527832,-51.20595551
658.22601318,-50.55467224
658.41674805,-58.98761749
658.60748291,-58.17369843
658.79821777,-54.67167282
658.98895264,-60.36549377
659.17968750,-71.43304443
659.37042236,-56.98655701
659.56115723,-52.21221924
659.75189209,-53.31042862
659.94262695,-56.56294250
660.13336182,-60.67481995
660.32409668,-70.28723907
660.51483154,-61.19034576
660.70556641,-55.61749268
660.89630127,-57.63653183
661.08703613,-70.11572266
661.27777100,-67.75318146
661.46850586,-69.67565918
661.65924072,-60.61335754
661.84997559,-61.28830719
662.04071045,-62.10893631
662.23144531,-55.99149323
662.42218018,-56.50857544
662.61291504,-56.85514832
662.80364990,-51.09692383
662.99438477,-55.57893753
663.18511963,-57.17201614
663.37585449,-59.19412613
663.56658936,-58.28863525
663.75732422,-57.80395889
663.94805908,-67.06411743
664.13879395,-60.09836578
664.32952881,-69.72949219
664.52026367,-68.74114990
664.71099854,-60.96572113
664.90173340,-52.09620667
665.09246826,-49.81177521
665.28320312,-53.93921280
665.47393799,-69.27647400
665.66467285,-56.94860077
665.85540771,-53.63665771
666.04614258,-55.79943848
666.23687744,-60.65464020
666.42761230,-61.81496429
666.61834717,-65.04911804
666.80908203,-64.13071442
666.99981689,-60.43241501
667.19055176,-63.51010895
667.38128662,-58.35993958
667.57202148,-51.83003998
667.76275635,-51.89850616
667.95349121,-59.63128662
668.14422607,-53.91712189
668.33496094,-49.06763458
668.52569580,-49.12689209
668.71643066,-54.05220032
668.90716553,-67.29897308
669.09790039,-70.31523895
669.28863525,-67.07373810
669.47937012,-75.39273071
669.67010498,-62.01209259
669.86083984,-61.80681610
670.05157471,-56.34975433
670.24230957,-54.32567215
670.43304443,-54.23751068
670.62377930,-54.05811310
670.81451416,-58.35868073
671.00524902,-65.40416718
671.19598389,-61.49732590
671.38671875,-57.59918976
671.57745361,-56.10691071
671.76818848,-56.00505066
671.95892334,-56.01445770
672.14965820,-69.95391083
672.34039307,-61.19065857
672.53112793,-64.56355286
672.72186279,-63.66566086
672.91259766,-61.43774414
673.10333252,-59.78683090
673.29406738,-57.89356613
673.48480225,-57.87329865
673.67553711,-65.20365906
673.86627197,-59.86434174
674.05700684,-56.83079147
674.24774170,-58.55459213
674.43847656,-57.79103088
674.62921143,-61.98718643
674.81994629,-58.80480957
675.01068115,-51.30113602
675.20141602,-51.04785538
675.39215088,-55.62259293
675.58288574,-67.61656189
675.77362061,-63.32742310
675.96435547,-56.57041550
676.15509033,-50.95554733
676.34582520,-51.63371277
676.53656006,-57.72128677
676.72729492,-65.88055420
676.91802979,-63.98338318
677.10876465,-62.56114960
677.29949951,-62.70946503
677.49023438,-64.71712494
677.68096924,-64.51743317
677.87170410,-66.24105072
678.06243896,-61.43005753
678.25317383,-57.32721329
678.44390869,-57.84334183
678.63464355,-56.51326752
678.82537842,-55.88136292
679.01611328,-63.88427734
679.20684814,-61.75907135
679.39758301,-58.71880341
679.58831787,-56.72823334
679.77905273,-55.65842056
679.96978760,-60.35394669
680.16052246,-63.86465454
680.35125732,-56.58950424
680.54199219,-57.30349731
680.73272705,-71.72726440
680.92346191,-57.47710800
681.11419678,-56.85887909
681.30493164,-60.74432755
681.49566650,-59.15314102
681.68640137,-52.70343781
681.87713623,-53.73910904
682.06787109,-55.16186142
682.25860596,-54.12339020
682.44934082,-53.51679230
682.64007568,-54.25615311
682.83081055,-53.76825333
683.02154541,-54.27526093
683.21228027,-59.72686005
683.40301514,-61.88015747
683.59375000,-61.98447418
683.78448486,-63.33371735
683.97521973,-56.98458862
684.16595459,-49.92439270
684.35668945,-51.18141174
684.54742432,-62.99588013
684.73815918,-59.56834412
684.92889404,-60.36526489
685.11962891,-66.75021362
685.31036377,-57.28305435
685.50109863,-49.47198486
685.69183350,-50.14074326
685.88256836,-54.97606277
686.07330322,-50.72872162
686.26403809,-53.61275482
686.45477295,-56.80326843
686.64550781,-62.55054092
686.83624268,-64.38035583
687.02697754,-55.13109207
687.21771240,-52.92136765
687.40844727,-56.48741150
687.59918213,-60.64699554
687.78991699,-57.30083466
687.98065186,-51.75387573
688.17138672,-52.70255280
688.36212158,-70.73587036
688.55285645,-57.68825150
688.74359131,-78.07804871
688.93432617,-55.84916687
689.12506104,-58.33904266
689.31579590,-57.25999832
689.50653076,-53.44669724
689.69726562,-53.48976135
689.88800049,-58.25924301
690.07873535,-53.55347443
690.26947021,-49.49650192
690.46020508,-56.25511551
690.65093994,-60.95027542
690.84167480,-55.99020004
691.03240967,-54.71900177
691.22314453,-59.01127243
691.41387939,-66.73002625
691.60461426,-55.70960236
691.79534912,-53.77117157
691.98608398,-52.37632370
692.17681885,-51.67984390
692.36755371,-55.09795761
692.55828857,-66.96698761
692.74902344,-62.29391479
692.93975830,-69.31634521
693.13049316,-66.95656586
693.32122803,-71.09979248
693.51196289,-61.84341049
693.70269775,-54.28554153
693.89343262,-51.48200989
694.08416748,-52.02568436
694.27490234,-51.28617096
694.46563721,-50.32434464
694.65637207,-50.67432785
694.84710693,-56.32103729
695.03784180,-67.97300720
695.22857666,-69.94638062
695.41931152,-54.92139435
695.61004639,-53.41095734
695.80078125,-53.89259720
695.99151611,-49.12044144
696.18225098,-51.74774551
696.37298584,-56.02275085
696.56372070,-55.11067963
696.75445557,-60.90274811
696.94519043,-70.97557831
697.13592529,-57.15841293
697.32666016,-52.90010071
697.51739502,-59.87349701
697.70812988,-57.32876587
697.89886475,-53.76894379
698.08959961,-54.39251328
698.28033447,-56.39514160
698.47106934,-54.69016647
698.66180420,-55.43367767
698.85253906,-57.32936096
699.04327393,-59.22768402
699.23400879,-55.89276123
699.42474365,-51.03276825
699.61547852,-50.25991058
699.80621338,-53.13638687
699.99694824,-56.70743942
700.18768311,-55.97505951
700.37841797,-56.41628265
700.56915283,-61.97607422
700.75988770,-59.43229294
700.95062256,-55.29964447
701.14135742,-57.31351852
701.33209229,-57.51272583
701.52282715,-59.91498566
701.71356201,-59.31014252
701.90429688,-56.58303833
702.09503174,-59.66090393
702.28576660,-75.43226624
702.47650146,-66.84771729
702.66723633,-55.73806000
702.85797119,-50.19692230
703.04870605,-48.04634476
703.23944092,-49.35302353
703.43017578,-55.19576263
703.62091064,-61.48683548
703.81164551,-55.69511414
704.00238037,-53.38911438
704.19311523,-59.11280060
704.38385010,-62.08476257
704.57458496,-52.25062561
704.76531982,-49.68815613
704.95605469,-50.48108673
705.14678955,-51.08100891
705.33752441,-55.54109192
705.52825928,-58.74063110
705.71899414,-65.65499878
705.90972900,-55.79740906
706.10046387,-55.49547577
706.29119873,-58.30619049
706.48193359,-57.10199738
706.67266846,-52.99871063
706.86340332,-53.94188309
707.05413818,-59.78731155
707.24487305,-70.84117126
707.43560791,-73.23970032
707.62634277,-64.84500122
707.81707764,-58.69803619
708.00781250,-63.54271698
708.19854736,-56.14406967
708.38928223,-57.37060547
708.58001709,-58.52727509
708.77075195,-61.96752930
708.96148682,-56.64436722
709.15222168,-59.88710022
709.34295654,-57.76265717
709.53369141,-56.67454529
709.72442627,-61.38442993
709.91516113,-66.39459229
710.10589600,-58.58257294
710.29663086,-54.59849548
710.48736572,-54.41706085
710.67810059,-52.57359314
710.86883545,-54.00506592
711.05957031,-62.80605316
711.25030518,-65.21350861
711.44104004,-64.18463898
711.63177490,-55.20109177
711.82250977,-54.98690796
712.01324463,-68.41162109
712.20397949,-53.81771469
712.39471436,-55.19164276
712.58544922,-72.52989960
712.77618408,-55.43996429
712.96691895,-56.14532089
713.15765381,-64.99003601
713.34838867,-60.23333740
713.53912354,-54.78858948
713.72985840,-54.35980225
713.92059326,-59.08731461
714.11132812,-64.81693268
714.30206299,-62.59237671
714.49279785,-54.22886658
714.68353271,-52.46030426
714.87426758,-59.98066711
715.06500244,-53.24226379
715.25573730,-50.20566940
715.44647217,-53.86229706
715.63720703,-61.97667694
715.82794189,-70.98481750
716.01867676,-68.70851898
716.20941162,-67.06910706
716.40014648,-57.83787155
716.59088135,-52.64387131
716.78161621,-61.56760406
716.97235107,-59.53678894
717.16308594,-60.88938904
717.35382080,-59.93335724
717.54455566,-62.50408173
717.73529053,-69.38689423
717.92602539,-64.11106110
718.11676025,-59.65652466
718.30749512,-52.98568344
718.49822998,-55.27152634
718.68896484,-62.19297791
718.87969971,-54.79835510
719.07043457,-56.54130936
719.26116943,-72.90505219
719.45190430,-55.29125214
719.64263916,-53.10786819
719.83337402,-55.03279877
720.02410889,-58.93787384
720.21484375,-66.12023926
720.40557861,-66.65936279
720.59631348,-57.72915268
720.78704834,-54.21905899
720.97778320,-54.02672577
721.16851807,-56.72623062
721.35925293,-56.59256744
721.54998779,-53.55290222
721.74072266,-56.52723312
721.93145752,-64.06747437
722.12219238,-64.08446503
722.31292725,-56.39304352
722.50366211,-56.40623093
722.69439697,-55.98745346
722.88513184,-53.45847702
723.07586670,-59.58309555
723.26660156,-58.54967499
723.45733643,-53.61243439
723.64807129,-54.97793198
723.83880615,-72.25302124
724.02954102,-54.91166687
724.22027588,-54.36004639
724.41101074,-55.56208801
724.60174561,-63.30134964
724.79248047,-56.64908600
724.98321533,-62.26902771
725.17395020,-57.71833420
725.36468506,-56.00749969
725.55541992,-60.12863541
725.74615479,-56.89840317
725.93688965,-55.47716141
726.12762451,-56.77827835
726.31835938,-61.06315231
726.50909424,-74.11863708
726.69982910,-56.92355347
726.89056396,-51.34933090
727.08129883,-50.97698593
727.27203369,-52.07698441
727.46276855,-54.73413467
727.65350342,-63.06154251
727.84423828,-65.47409058
728.03497314,-63.72914886
728.22570801,-59.78523254
728.41644287,-60.14342880
728.60717773,-57.26179504
728.79791260,-49.88523865
728.98864746,-51.62331009
729.17938232,-61.57027817
729.37011719,-61.96855545
729.56085205,-57.86367416
729.75158691,-56.45198441
729.94232178,-53.15859222
730.13305664,-51.68975067
730.32379150,-53.01401138
730.51452637,-56.38943481
730.70526123,-62.23081970
730.89599609,-57.61383438
731.08673096,-56.29776001
731.27746582,-57.90585327
731.46820068,-62.47751236
731.65893555,-64.38101959
731.84967041,-58.03970718
732.04040527,-53.60583878
732.23114014,-50.00652313
732.42187500,-49.61513519
732.61260986,-51.13012314
732.80334473,-54.97917557
732.99407959,-58.90366364
733.18481445,-53.60165405
733.37554932,-51.55307770
733.56628418,-53.95758057
733.75701904,-60.95188141
733.94775391,-52.40450287
734.13848877,-54.44020081
734.32922363,-67.43075562
734.51995850,-51.60295486
734.71069336,-48.29988861
734.90142822,-48.35048294
735.09216309,-51.96742249
735.28289795,-54.07564545
735.47363281,-54.10180664
735.66436768,-59.04746628
735.85510254,-61.46533966
736.04583740,-52.94425964
736.23657227,-55.09653091
736.42730713,-61.48396301
736.61804199,-55.93442535
736.80877686,-52.20138550
736.99951172,-55.87658310
737.19024658,-60.59815216
737.38098145,-54.87194824
737.57171631,-55.15068436
737.76245117,-61.85943985
737.95318604,-52.50328445
738.14392090,-53.54646301
738.33465576,-55.41976166
738.52539062,-54.54571533
738.71612549,-54.94480515
738.90686035,-54.78951263
739.09759521,-55.25408173
739.28833008,-53.26374054
739.47906494,-54.16707611
739.66979980,-68.21511078
739.86053467,-57.64991379
740.05126953,-55.38291168
740.24200439,-56.01475525
740.43273926,-57.19596481
740.62347412,-61.77153015
740.81420898,-57.02999496
741.00494385,-58.21609879
741.19567871,-55.92423248
741.38641357,-57.40847015
741.57714844,-61.68653488
741.76788330,-54.37736130
741.95861816,-58.75428009
742.14935303,-61.06767273
742.34008789,-61.47598648
742.53082275,-57.50679398
742.72155762,-54.61162567
742.91229248,-60.40084839
743.10302734,-53.89256287
743.29376221,-54.35601807
743.48449707,-58.22034836
743.67523193,-54.51709366
743.86596680,-58.98584366
744.05670166,-68.21892548
744.24743652,-57.45199585
744.43817139,-54.19113541
744.62890625,-57.27553558
744.81964111,-64.51769257
745.01037598,-67.49856567
745.20111084,-60.49639893
745.39184570,-57.57084274
745.58258057,-55.02930069
745.77331543,-53.61389160
745.96405029,-52.23851013
746.15478516,-54.53044891
746.34552002,-58.82934952
746.53625488,-58.51663208
746.72698975,-57.71247482
746.91772461,-58.58632660
747.10845947,-57.56935883
747.29919434,-58.79697418
747.48992920,-57.77376556
747.68066406,-54.48728180
747.87139893,-55.26603317
748.06213379,-63.85477066
748.25286865,-67.56585693
748.44360352,-59.43216324
748.63433838,-58.79431915
748.82507324,-57.87274933
749.01580811,-52.83176041
749.20654297,-50.62608337
749.39727783,-52.20063782
749.58801270,-56.45092773
749.77874756,-73.19609070
749.96948242,-72.78043365
750.16021729,-65.38971710
750.35095215,-57.68136978
750.54168701,-57.90488815
750.73242188,-68.77714539
750.92315674,-67.86292267
751.11389160,-75.06422424
751.30462646,-57.57576370
751.49536133,-54.22994995
751.68609619,-60.94498444
751.87683105,-58.04333496
752.06756592,-55.43484497
752.25830078,-53.27118683
752.44903564,-48.77303314
752.63977051,-51.38599777
752.83050537,-61.07795334
753.02124023,-58.34428406
753.21197510,-57.63017654
753.40270996,-57.31296921
753.59344482,-56.72291565
753.78417969,-56.22536087
753.97491455,-53.77485657
754.16564941,-49.43881989
754.35638428,-49.01520157
754.54711914,-53.31641769
754.73785400,-59.83055878
754.92858887,-73.00077057
755.11932373,-62.03673553
755.31005859,-80.89736938
755.50079346,-59.64107513
755.69152832,-54.38474274
755.88226318,-52.80582047
756.07299805,-51.07942200
756.26373291,-49.68582916
756.45446777,-51.69363022
756.64520264,-58.80289078
756.83593750,-57.70668030
757.02667236,-74.90953827
757.21740723,-56.07046509
757.40814209,-56.00538635
757.59887695,-63.48062515
757.78961182,-55.88053131
757.98034668,-53.93794250
758.17108154,-56.74490356
758.36181641,-55.88351440
758.55255127,-48.44870758
758.74328613,-48.20617676
758.93402100,-53.33979034
759.12475586,-63.85897064
759.31549072,-57.77304840
759.50622559,-53.26446915
759.69696045,-51.05967712
759.88769531,-51.51581192
760.07843018,-56.18750000
760.26916504,-62.92224121
760.45989990,-58.42134094
760.65063477,-51.99986267
760.84136963,-53.29357910
761.03210449,-55.67105865
761.22283936,-58.76195908
761.41357422,-60.01652145
761.60430908,-57.81858063
761.79504395,-61.13058090
761.98577881,-68.39725494
762.17651367,-68.88333130
762.36724854,-63.47402954
762.55798340,-60.37677765
762.74871826,-68.51441193
762.93945312,-59.97851562
763.13018799,-53.03160095
763.32092285,-50.49406052
763.51165771,-53.12901306
763.70239258,-58.80854797
763.89312744,-61.49158859
764.08386230,-63.16202545
764.27459717,-63.43402863
764.46533203,-57.78460693
764.65606689,-62.66228104
764.84680176,-57.10864639
765.03753662,-51.68423462
765.22827148,-52.16579056
765.41900635,-54.78115463
765.60974121,-58.70782852
765.80047607,-60.01184464
765.99121094,-56.12947083
766.18194580,-56.73206711
766.37268066,-64.77124023
766.56341553,-67.23679352
766.75415039,-62.69255066
766.94488525,-55.91361618
767.13562012,-58.18158722
767.32635498,-60.21650314
767.51708984,-63.92743683
767.70782471,-61.20931625
767.89855957,-56.17004013
768.08929443,-59.85278702
768.28002930,-64.01840973
768.47076416,-62.77495956
768.66149902,-68.62198639
768.85223389,-79.89768219
769.04296875,-64.27178955
769.23370361,-56.48780060
769.42443848,-54.91865540
769.61517334,-57.91721344
769.80590820,-53.11307526
769.99664307,-51.80179214
770.18737793,-54.66356659
770.37811279,-54.06601715
770.56884766,-56.48689651
770.75958252,-68.76715851
770.95031738,-61.22274780
771.14105225,-61.30098724
771.33178711,-60.74733353
771.52252197,-55.60652161
771.71325684,-50.79361725
771.90399170,-50.98365021
772.09472656,-57.30978012
772.28546143,-57.97633362
772.47619629,-62.15950775
772.66693115,-52.96760559
772.85766602,-52.16375732
773.04840088,-55.54260254
773.23913574,-58.57448196
773.42987061,-61.92652893
773.62060547,-67.43020630
773.81134033,-61.14271164
774.00207520,-71.24169922
774.19281006,-71.80441284
774.38354492,-63.83121490
774.57427979,-65.38296509
774.76501465,-65.24138641
774.95574951,-66.34237671
775.14648438,-62.04743195
775.33721924,-67.29055786
775.52795410,-71.60272980
775.71868896,-60.27986908
775.90942383,-56.04649353
776.10015869,-53.64927673
776.29089355,-52.93334961
776.48162842,-53.73676682
776.67236328,-55.45803452
776.86309814,-57.77632904
777.05383301,-63.92049789
777.24456787,-62.38435364
777.43530273,-57.74983978
777.62603760,-59.63230515
777.81677246,-55.00612640
778.00750732,-58.47248077
778.19824219,-58.42504501
778.38897705,-52.34152222
778.57971191,-55.14417267
778.77044678,-67.96881104
778.96118164,-56.41070938
779.15191650,-52.46521378
779.34265137,-54.75349045
779.53338623,-75.34599304
779.72412109,-58.38197327
779.91485596,-54.75378418
780.10559082,-54.47158432
780.29632568,-58.67432022
780.48706055,-67.95258331
780.67779541,-59.78293610
780.86853027,-58.13529968
781.05926514,-56.56396484
