Time,Channel A
(ms),(V)

-0.00170700,2.09967351
-0.00106700,1.92327642
-0.00042700,1.57048249
0.00021300,1.21829891
0.00085300,1.04190195
0.00149300,0.68971831
0.00213300,0.51332134
0.00277300,0.16052736
0.00341300,-0.19104587
0.00405300,-0.36744285
0.00469300,-0.72023684
0.00533300,-1.07242048
0.00597300,-1.24881744
0.00661300,-1.60100102
0.00725300,-1.77739799
0.00789300,-2.13019204
0.00853300,-2.48237562
0.00917300,-2.65877247
0.00981300,-3.01095605
0.01045300,-3.18735313
0.01109300,-3.36375022
0.01173300,-3.71593380
0.01237300,-3.89233065
0.01301300,-4.24512482
0.01365300,-4.42091131
0.01429300,-4.77370548
0.01493300,-5.12588882
0.01557300,-5.30228567
0.01621300,-5.47868299
0.01685300,-5.83086634
0.01749300,-6.00726318
0.01813300,-6.00726318
0.01877300,-6.36005735
0.01941300,-6.53584385
0.02005300,-6.88863802
0.02069300,-6.88863802
0.02133300,-7.24082136
0.02197300,-7.41721869
0.02261300,-7.59361553
0.02325300,-7.59361553
0.02389300,-7.94579935
0.02453300,-7.94579935
0.02517300,-8.12219620
0.02581300,-8.29859352
0.02645300,-8.29859352
0.02709300,-8.65077686
0.02773300,-8.65077686
0.02837300,-8.82717323
0.02901300,-8.82717323
0.02965300,-8.82717323
0.03029300,-9.00357056
0.03093300,-9.00357056
0.03157300,-9.17996788
0.03221300,-9.17996788
0.03285300,-9.35575390
0.03349300,-9.35575390
0.03413300,-9.35575390
0.03477300,-9.35575390
0.03541300,-9.35575390
0.03605300,-9.35575390
0.03669300,-9.35575390
0.03733300,-9.35575390
0.03797300,-9.35575390
0.03861300,-9.35575390
0.03925300,-9.35575390
0.03989300,-9.35575390
0.04053300,-9.35575390
0.04117300,-9.17996788
0.04181300,-9.17996788
0.04245300,-9.17996788
0.04309300,-9.00357056
0.04373300,-9.00357056
0.04437300,-8.82717323
0.04501300,-8.65077686
0.04565300,-8.65077686
0.04629300,-8.65077686
0.04693300,-8.47498989
0.04757300,-8.29859352
0.04821300,-8.12219620
0.04885300,-7.94579935
0.04949300,-7.77001238
0.05013300,-7.59361553
0.05077300,-7.59361553
0.05141300,-7.24082136
0.05205300,-7.24082136
0.05269300,-7.06503487
0.05333300,-6.71224117
0.05397300,-6.53584385
0.05461300,-6.36005735
0.05525300,-6.18366051
0.05589300,-6.00726318
0.05653300,-5.83086634
0.05717300,-5.47868299
0.05781300,-5.30228567
0.05845300,-5.12588882
0.05909300,-4.59730816
0.05973300,-4.42091131
0.06037300,-4.24512482
0.06101300,-3.89233065
0.06165300,-3.71593380
0.06229300,-3.54014707
0.06293300,-3.18735313
0.06357300,-3.01095605
0.06421300,-2.65877247
0.06485300,-2.48237562
0.06549300,-2.30597854
0.06613300,-1.95379496
0.06677300,-1.60100102
0.06741300,-1.42521441
0.06805300,-1.07242048
0.06869300,-0.89602345
0.06933300,-0.54383981
0.06997300,-0.36744285
0.07061300,-0.01525925
0.07125300,0.33692434
0.07189300,0.51332134
0.07253300,0.86550492
0.07317300,1.04190195
0.07381300,1.39469588
0.07445300,1.57048249
0.07509300,1.74687946
0.07573300,2.09967351
0.07637300,2.45185709
0.07701300,2.62825394
0.07765300,2.80465102
0.07829300,3.15683460
0.07893300,3.50962853
0.07957300,3.68541527
0.08021300,3.86181211
0.08085300,4.03820896
0.08149300,4.39039278
0.08213300,4.56678963
0.08277300,4.91958380
0.08341300,5.09537029
0.08405300,5.27176714
0.08469300,5.44816446
0.08533300,5.80034781
0.08597300,5.97674465
0.08661300,6.15314198
0.08725300,6.32953882
0.08789300,6.50532532
0.08853300,6.68172264
0.08917300,6.85811949
0.08981300,7.03451633
0.09045300,7.38670015
0.09109300,7.38670015
0.09173300,7.56309700
0.09237300,7.56309700
0.09301300,7.73949385
0.09365300,7.91528082
0.09429300,8.09167767
0.09493300,8.09167767
0.09557300,8.26807499
0.09621300,8.44447136
0.09685300,8.44447136
0.09749300,8.62025833
0.09813300,8.62025833
0.09877300,8.79665470
0.09941300,8.79665470
0.10005300,8.79665470
0.10069300,8.79665470
0.10133300,8.79665470
0.10197300,8.97305202
0.10261300,8.97305202
0.10325300,8.97305202
0.10389300,8.97305202
0.10453300,8.97305202
0.10517300,8.97305202
0.10581300,8.97305202
0.10645300,8.97305202
0.10709300,8.97305202
0.10773300,8.97305202
0.10837300,8.79665470
0.10901300,8.79665470
0.10965300,8.79665470
0.11029300,8.62025833
0.11093300,8.62025833
0.11157300,8.44447136
0.11221300,8.26807499
0.11285300,8.26807499
0.11349300,8.26807499
0.11413300,8.09167767
0.11477300,7.91528082
0.11541300,7.73949385
0.11605300,7.73949385
0.11669300,7.56309700
0.11733300,7.38670015
0.11797300,7.21030283
0.11861300,7.21030283
0.11925300,7.03451633
0.11989300,6.68172264
0.12053300,6.50532532
0.12117300,6.32953882
0.12181300,6.15314198
0.12245300,5.97674465
0.12309300,5.80034781
0.12373300,5.62456131
0.12437300,5.44816446
0.12501300,5.27176714
0.12565300,4.91958380
0.12629300,4.74318695
0.12693300,4.56678963
0.12757300,4.21460629
0.12821300,4.03820896
0.12885300,3.86181211
0.12949300,3.68541527
0.13013300,3.33323169
0.13077300,3.15683460
0.13141300,2.98043752
0.13205300,2.62825394
0.13269300,2.27546000
0.13333300,2.09967351
0.13397300,1.74687946
0.13461300,1.57048249
0.13525300,1.21829891
0.13589300,1.04190195
0.13653300,0.68971831
0.13717300,0.51332134
0.13781300,0.33692434
0.13845300,0.16052736
0.13909300,-0.36744285
0.13973300,-0.54383981
0.14037300,-0.72023684
0.14101300,-1.07242048
0.14165300,-1.24881744
0.14229300,-1.60100102
0.14293300,-1.77739799
0.14357300,-2.13019204
0.14421300,-2.30597854
0.14485300,-2.48237562
0.14549300,-2.83516955
0.14613300,-3.01095605
0.14677300,-3.18735313
0.14741300,-3.54014707
0.14805300,-3.71593380
0.14869300,-3.89233065
0.14933300,-4.24512482
0.14997300,-4.42091131
0.15061300,-4.59730816
0.15125300,-4.77370548
0.15189300,-5.12588882
0.15253300,-5.30228567
0.15317300,-5.47868299
0.15381300,-5.65507984
0.15445300,-5.83086634
0.15509300,-6.00726318
0.15573300,-6.18366051
0.15637300,-6.36005735
0.15701300,-6.53584385
0.15765300,-6.71224117
0.15829300,-6.88863802
0.15893300,-7.06503487
0.15957300,-7.24082136
0.16021300,-7.41721869
0.16085300,-7.41721869
0.16149300,-7.41721869
0.16213300,-7.59361553
0.16277300,-7.77001238
0.16341300,-7.94579935
0.16405300,-8.12219620
0.16469300,-7.94579935
0.16533300,-8.12219620
0.16597300,-8.29859352
0.16661300,-8.29859352
0.16725300,-8.29859352
0.16789300,-8.29859352
0.16853300,-8.47498989
0.16917300,-8.47498989
0.16981300,-8.47498989
0.17045300,-8.47498989
0.17109300,-8.47498989
0.17173300,-8.65077686
0.17237300,-8.65077686
0.17301300,-8.47498989
0.17365300,-8.47498989
0.17429300,-8.47498989
0.17493300,-8.47498989
0.17557300,-8.47498989
0.17621300,-8.29859352
0.17685300,-8.29859352
0.17749300,-8.29859352
0.17813300,-8.12219620
0.17877300,-8.12219620
0.17941300,-7.94579935
0.18005300,-7.94579935
0.18069300,-7.77001238
0.18133300,-7.77001238
0.18197300,-7.59361553
0.18261300,-7.41721869
0.18325300,-7.41721869
0.18389300,-7.24082136
0.18453300,-7.06503487
0.18517300,-6.88863802
0.18581300,-6.71224117
0.18645300,-6.71224117
0.18709300,-6.53584385
0.18773300,-6.36005735
0.18837300,-6.18366051
0.18901300,-6.00726318
0.18965300,-5.83086634
0.19029300,-5.65507984
0.19093300,-5.30228567
0.19157300,-5.12588882
0.19221300,-5.12588882
0.19285300,-4.77370548
0.19349300,-4.59730816
0.19413300,-4.24512482
0.19477300,-4.06872749
0.19541300,-3.89233065
0.19605300,-3.71593380
0.19669300,-3.54014707
0.19733300,-3.18735313
0.19797300,-3.18735313
0.19861300,-2.83516955
0.19925300,-2.65877247
0.19989300,-2.48237562
0.20053300,-2.13019204
0.20117300,-1.77739799
0.20181300,-1.77739799
0.20245300,-1.24881744
0.20309300,-1.07242048
0.20373300,-0.89602345
0.20437300,-0.72023684
0.20501300,-0.36744285
0.20565300,-0.19104587
0.20629300,0.16052736
0.20693300,0.33692434
0.20757300,0.51332134
0.20821300,0.86550492
0.20885300,1.21829891
0.20949300,1.39469588
0.21013300,1.57048249
0.21077300,1.74687946
0.21141300,2.09967351
0.21205300,2.27546000
0.21269300,2.45185709
0.21333300,2.62825394
0.21397300,2.98043752
0.21461300,3.15683460
0.21525300,3.50962853
0.21589300,3.68541527
0.21653300,3.86181211
0.21717300,4.03820896
0.21781300,4.21460629
0.21845300,4.39039278
0.21909300,4.74318695
0.21973300,4.91958380
0.22037300,5.09537029
0.22101300,5.27176714
0.22165300,5.44816446
0.22229300,5.62456131
0.22293300,5.80034781
0.22357300,5.97674465
0.22421300,6.15314198
0.22485300,6.15314198
0.22549300,6.50532532
0.22613300,6.50532532
0.22677300,6.68172264
0.22741300,6.85811949
0.22805300,7.03451633
0.22869300,7.21030283
0.22933300,7.21030283
0.22997300,7.38670015
0.23061300,7.38670015
0.23125300,7.56309700
0.23189300,7.56309700
0.23253300,7.56309700
0.23317300,7.73949385
0.23381300,7.73949385
0.23445300,7.91528082
0.23509300,7.91528082
0.23573300,7.91528082
0.23637300,7.91528082
0.23701300,8.09167767
0.23765300,8.09167767
0.23829300,8.09167767
0.23893300,8.09167767
0.23957300,8.09167767
0.24021300,8.09167767
0.24085300,8.09167767
0.24149300,8.09167767
0.24213300,8.09167767
0.24277300,7.91528082
0.24341300,7.91528082
0.24405300,7.91528082
0.24469300,7.91528082
0.24533300,7.73949385
0.24597300,7.73949385
0.24661300,7.56309700
0.24725300,7.56309700
0.24789300,7.56309700
0.24853300,7.38670015
0.24917300,7.38670015
0.24981300,7.21030283
0.25045300,7.03451633
0.25109300,7.03451633
0.25173300,6.85811949
0.25237300,6.68172264
0.25301300,6.50532532
0.25365300,6.32953882
0.25429300,6.32953882
0.25493300,5.97674465
0.25557300,5.97674465
0.25621300,5.80034781
0.25685300,5.62456131
0.25749300,5.44816446
0.25813300,5.27176714
0.25877300,5.09537029
0.25941300,4.91958380
0.26005300,4.74318695
0.26069300,4.56678963
0.26133300,4.39039278
0.26197300,4.03820896
0.26261300,3.86181211
0.26325300,3.68541527
0.26389300,3.50962853
0.26453300,3.33323169
0.26517300,3.15683460
0.26581300,2.80465102
0.26645300,2.62825394
0.26709300,2.45185709
0.26773300,2.27546000
0.26837300,1.92327642
0.26901300,1.74687946
0.26965300,1.57048249
0.27029300,1.21829891
0.27093300,1.04190195
0.27157300,0.86550492
0.27221300,0.51332134
0.27285300,0.33692434
0.27349300,0.16052736
0.27413300,-0.01525925
0.27477300,-0.36744285
0.27541300,-0.54383981
0.27605300,-0.89602345
0.27669300,-1.07242048
0.27733300,-1.24881744
0.27797300,-1.42521441
0.27861300,-1.77739799
0.27925300,-1.95379496
0.27989300,-2.13019204
0.28053300,-2.48237562
0.28117300,-2.65877247
0.28181300,-2.83516955
0.28245300,-3.01095605
0.28309300,-3.18735313
0.28373300,-3.54014707
0.28437300,-3.71593380
0.28501300,-3.89233065
0.28565300,-3.89233065
0.28629300,-4.06872749
0.28693300,-4.42091131
0.28757300,-4.59730816
0.28821300,-4.77370548
0.28885300,-4.95010233
0.28949300,-5.12588882
0.29013300,-5.30228567
0.29077300,-5.47868299
0.29141300,-5.65507984
0.29205300,-5.83086634
0.29269300,-5.83086634
0.29333300,-6.00726318
0.29397300,-6.18366051
0.29461300,-6.18366051
0.29525300,-6.53584385
0.29589300,-6.53584385
0.29653300,-6.71224117
0.29717300,-6.71224117
0.29781300,-6.88863802
0.29845300,-7.06503487
0.29909300,-7.06503487
0.29973300,-7.06503487
0.30037300,-7.24082136
0.30101300,-7.24082136
0.30165300,-7.24082136
0.30229300,-7.24082136
0.30293300,-7.41721869
0.30357300,-7.41721869
0.30421300,-7.41721869
0.30485300,-7.41721869
0.30549300,-7.59361553
0.30613300,-7.59361553
0.30677300,-7.59361553
0.30741300,-7.59361553
0.30805300,-7.59361553
0.30869300,-7.41721869
0.30933300,-7.59361553
0.30997300,-7.41721869
0.31061300,-7.41721869
0.31125300,-7.41721869
0.31189300,-7.41721869
0.31253300,-7.24082136
0.31317300,-7.24082136
0.31381300,-7.24082136
0.31445300,-7.06503487
0.31509300,-7.06503487
0.31573300,-7.06503487
0.31637300,-6.88863802
0.31701300,-6.71224117
0.31765300,-6.71224117
0.31829300,-6.53584385
0.31893300,-6.53584385
0.31957300,-6.36005735
0.32021300,-6.18366051
0.32085300,-6.00726318
0.32149300,-5.83086634
0.32213300,-5.83086634
0.32277300,-5.65507984
0.32341300,-5.47868299
0.32405300,-5.30228567
0.32469300,-5.30228567
0.32533300,-5.12588882
0.32597300,-4.77370548
0.32661300,-4.59730816
0.32725300,-4.42091131
0.32789300,-4.24512482
0.32853300,-4.06872749
0.32917300,-3.89233065
0.32981300,-3.71593380
0.33045300,-3.54014707
0.33109300,-3.36375022
0.33173300,-3.18735313
0.33237300,-3.01095605
0.33301300,-3.01095605
0.33365300,-2.48237562
0.33429300,-2.30597854
0.33493300,-2.30597854
0.33557300,-1.95379496
0.33621300,-1.77739799
0.33685300,-1.60100102
0.33749300,-1.24881744
0.33813300,-1.07242048
0.33877300,-0.89602345
0.33941300,-0.72023684
0.34005300,-0.36744285
0.34069300,-0.19104587
0.34133300,-0.01525925
0.34197300,0.16052736
0.34261300,0.33692434
0.34325300,0.51332134
0.34389300,0.86550492
0.34453300,1.04190195
0.34517300,1.21829891
0.34581300,1.57048249
0.34645300,1.74687946
0.34709300,1.92327642
0.34773300,2.09967351
0.34837300,2.27546000
0.34901300,2.45185709
0.34965300,2.80465102
0.35029300,2.98043752
0.35093300,3.15683460
0.35157300,3.33323169
0.35221300,3.33323169
0.35285300,3.68541527
0.35349300,3.86181211
0.35413300,4.03820896
0.35477300,4.21460629
0.35541300,4.39039278
0.35605300,4.56678963
0.35669300,4.74318695
0.35733300,4.91958380
0.35797300,4.91958380
0.35861300,5.27176714
0.35925300,5.27176714
0.35989300,5.44816446
0.36053300,5.62456131
0.36117300,5.62456131
0.36181300,5.80034781
0.36245300,5.97674465
0.36309300,5.97674465
0.36373300,6.15314198
0.36437300,6.32953882
0.36501300,6.32953882
0.36565300,6.50532532
0.36629300,6.50532532
0.36693300,6.50532532
0.36757300,6.68172264
0.36821300,6.68172264
0.36885300,6.85811949
0.36949300,6.85811949
0.37013300,6.85811949
0.37077300,6.85811949
0.37141300,7.03451633
0.37205300,7.03451633
0.37269300,7.03451633
0.37333300,7.03451633
0.37397300,7.21030283
0.37461300,7.03451633
0.37525300,7.21030283
0.37589300,7.03451633
0.37653300,7.03451633
0.37717300,7.03451633
0.37781300,7.03451633
0.37845300,7.03451633
0.37909300,6.85811949
0.37973300,6.85811949
0.38037300,6.85811949
0.38101300,6.85811949
0.38165300,6.85811949
0.38229300,6.68172264
0.38293300,6.50532532
0.38357300,6.50532532
0.38421300,6.50532532
0.38485300,6.32953882
0.38549300,6.15314198
0.38613300,6.15314198
0.38677300,5.97674465
0.38741300,5.97674465
0.38805300,5.80034781
0.38869300,5.62456131
0.38933300,5.62456131
0.38997300,5.44816446
0.39061300,5.27176714
0.39125300,5.27176714
0.39189300,4.91958380
0.39253300,4.91958380
0.39317300,4.74318695
0.39381300,4.56678963
0.39445300,4.39039278
0.39509300,4.21460629
0.39573300,4.03820896
0.39637300,3.86181211
0.39701300,3.68541527
0.39765300,3.50962853
0.39829300,3.33323169
0.39893300,3.15683460
0.39957300,2.98043752
0.40021300,2.80465102
0.40085300,2.62825394
0.40149300,2.45185709
0.40213300,2.09967351
0.40277300,1.92327642
0.40341300,1.74687946
0.40405300,1.74687946
0.40469300,1.39469588
0.40533300,1.21829891
0.40597300,1.04190195
0.40661300,0.86550492
0.40725300,0.51332134
0.40789300,0.33692434
0.40853300,0.33692434
0.40917300,0.16052736
0.40981300,-0.19104587
0.41045300,-0.36744285
0.41109300,-0.54383981
0.41173300,-0.72023684
0.41237300,-0.89602345
0.41301300,-1.07242048
0.41365300,-1.42521441
0.41429300,-1.60100102
0.41493300,-1.77739799
0.41557300,-1.95379496
0.41621300,-2.13019204
0.41685300,-2.30597854
0.41749300,-2.48237562
0.41813300,-2.65877247
0.41877300,-2.83516955
0.41941300,-3.01095605
0.42005300,-3.18735313
0.42069300,-3.36375022
0.42133300,-3.54014707
0.42197300,-3.71593380
0.42261300,-3.89233065
0.42325300,-4.06872749
0.42389300,-4.06872749
0.42453300,-4.42091131
0.42517300,-4.42091131
0.42581300,-4.59730816
0.42645300,-4.77370548
0.42709300,-4.95010233
0.42773300,-5.12588882
0.42837300,-5.30228567
0.42901300,-5.30228567
0.42965300,-5.30228567
0.43029300,-5.47868299
0.43093300,-5.65507984
0.43157300,-5.65507984
0.43221300,-5.83086634
0.43285300,-5.83086634
0.43349300,-6.00726318
0.43413300,-6.00726318
0.43477300,-6.00726318
0.43541300,-6.18366051
0.43605300,-6.18366051
0.43669300,-6.18366051
0.43733300,-6.36005735
0.43797300,-6.36005735
0.43861300,-6.36005735
0.43925300,-6.53584385
0.43989300,-6.53584385
0.44053300,-6.53584385
0.44117300,-6.53584385
0.44181300,-6.53584385
0.44245300,-6.53584385
0.44309300,-6.53584385
0.44373300,-6.53584385
0.44437300,-6.53584385
0.44501300,-6.53584385
0.44565300,-6.53584385
0.44629300,-6.36005735
0.44693300,-6.36005735
0.44757300,-6.36005735
0.44821300,-6.18366051
0.44885300,-6.18366051
0.44949300,-6.00726318
0.45013300,-6.00726318
0.45077300,-6.00726318
0.45141300,-6.00726318
0.45205300,-5.83086634
0.45269300,-5.83086634
0.45333300,-5.83086634
0.45397300,-5.47868299
0.45461300,-5.47868299
0.45525300,-5.30228567
0.45589300,-5.30228567
0.45653300,-5.12588882
0.45717300,-5.12588882
0.45781300,-4.95010233
0.45845300,-4.77370548
0.45909300,-4.59730816
0.45973300,-4.42091131
0.46037300,-4.42091131
0.46101300,-4.24512482
0.46165300,-4.06872749
0.46229300,-3.89233065
0.46293300,-3.71593380
0.46357300,-3.71593380
0.46421300,-3.54014707
0.46485300,-3.36375022
0.46549300,-3.18735313
0.46613300,-3.01095605
0.46677300,-2.83516955
0.46741300,-2.65877247
0.46805300,-2.48237562
0.46869300,-2.30597854
0.46933300,-2.13019204
0.46997300,-1.95379496
0.47061300,-1.77739799
0.47125300,-1.60100102
0.47189300,-1.42521441
0.47253300,-1.24881744
0.47317300,-1.07242048
0.47381300,-0.89602345
0.47445300,-0.72023684
0.47509300,-0.54383981
0.47573300,-0.36744285
0.47637300,-0.19104587
0.47701300,-0.01525925
0.47765300,0.16052736
0.47829300,0.51332134
0.47893300,0.51332134
0.47957300,0.86550492
0.48021300,1.04190195
0.48085300,1.21829891
0.48149300,1.39469588
0.48213300,1.57048249
0.48277300,1.74687946
0.48341300,1.92327642
0.48405300,1.92327642
0.48469300,2.27546000
0.48533300,2.45185709
0.48597300,2.62825394
0.48661300,2.80465102
0.48725300,2.98043752
0.48789300,3.15683460
0.48853300,3.15683460
0.48917300,3.33323169
0.48981300,3.50962853
0.49045300,3.68541527
0.49109300,3.86181211
0.49173300,3.86181211
0.49237300,4.03820896
0.49301300,4.03820896
0.49365300,4.39039278
0.49429300,4.39039278
0.49493300,4.56678963
0.49557300,4.74318695
0.49621300,4.74318695
0.49685300,4.91958380
0.49749300,5.09537029
0.49813300,5.09537029
0.49877300,5.27176714
0.49941300,5.27176714
0.50005300,5.44816446
0.50069300,5.44816446
0.50133300,5.44816446
0.50197300,5.62456131
0.50261300,5.62456131
0.50325300,5.80034781
0.50389300,5.80034781
0.50453300,5.80034781
0.50517300,5.97674465
0.50581300,5.97674465
0.50645300,5.97674465
0.50709300,5.97674465
0.50773300,5.97674465
0.50837300,5.97674465
0.50901300,5.97674465
0.50965300,5.97674465
0.51029300,5.97674465
0.51093300,5.97674465
0.51157300,6.15314198
0.51221300,5.97674465
0.51285300,5.97674465
0.51349300,5.97674465
0.51413300,5.97674465
0.51477300,5.97674465
0.51541300,5.97674465
0.51605300,5.80034781
0.51669300,5.80034781
0.51733300,5.80034781
0.51797300,5.62456131
0.51861300,5.62456131
0.51925300,5.62456131
0.51989300,5.44816446
0.52053300,5.27176714
0.52117300,5.27176714
0.52181300,5.27176714
0.52245300,5.09537029
0.52309300,4.91958380
0.52373300,4.91958380
0.52437300,4.74318695
0.52501300,4.74318695
0.52565300,4.56678963
0.52629300,4.39039278
0.52693300,4.39039278
0.52757300,4.21460629
0.52821300,4.03820896
0.52885300,3.86181211
0.52949300,3.86181211
0.53013300,3.68541527
0.53077300,3.50962853
0.53141300,3.33323169
0.53205300,3.15683460
0.53269300,3.15683460
0.53333300,2.98043752
0.53397300,2.80465102
0.53461300,2.62825394
0.53525300,2.45185709
0.53589300,2.27546000
0.53653300,2.09967351
0.53717300,1.92327642
0.53781300,1.74687946
0.53845300,1.74687946
0.53909300,1.57048249
0.53973300,1.39469588
0.54037300,1.21829891
0.54101300,1.04190195
0.54165300,0.86550492
0.54229300,0.51332134
0.54293300,0.51332134
0.54357300,0.33692434
0.54421300,0.16052736
0.54485300,-0.01525925
0.54549300,-0.19104587
0.54613300,-0.36744285
0.54677300,-0.54383981
0.54741300,-0.72023684
0.54805300,-0.89602345
0.54869300,-1.07242048
0.54933300,-1.24881744
0.54997300,-1.42521441
0.55061300,-1.60100102
0.55125300,-1.77739799
0.55189300,-1.95379496
0.55253300,-1.95379496
0.55317300,-2.30597854
0.55381300,-2.48237562
0.55445300,-2.48237562
0.55509300,-2.65877247
0.55573300,-2.65877247
0.55637300,-3.01095605
0.55701300,-3.01095605
0.55765300,-3.18735313
0.55829300,-3.36375022
0.55893300,-3.54014707
0.55957300,-3.54014707
0.56021300,-3.71593380
0.56085300,-3.71593380
0.56149300,-3.89233065
0.56213300,-4.06872749
0.56277300,-4.06872749
0.56341300,-4.06872749
0.56405300,-4.42091131
0.56469300,-4.59730816
0.56533300,-4.59730816
0.56597300,-4.59730816
0.56661300,-4.77370548
0.56725300,-4.77370548
0.56789300,-4.95010233
0.56853300,-4.95010233
0.56917300,-5.12588882
0.56981300,-5.12588882
0.57045300,-5.30228567
0.57109300,-5.12588882
0.57173300,-5.30228567
0.57237300,-5.30228567
0.57301300,-5.30228567
0.57365300,-5.30228567
0.57429300,-5.30228567
0.57493300,-5.47868299
0.57557300,-5.47868299
0.57621300,-5.47868299
0.57685300,-5.47868299
0.57749300,-5.47868299
0.57813300,-5.47868299
0.57877300,-5.47868299
0.57941300,-5.47868299
0.58005300,-5.47868299
0.58069300,-5.30228567
0.58133300,-5.47868299
0.58197300,-5.30228567
0.58261300,-5.30228567
0.58325300,-5.30228567
0.58389300,-5.30228567
0.58453300,-5.12588882
0.58517300,-5.12588882
0.58581300,-5.12588882
0.58645300,-5.12588882
0.58709300,-4.95010233
0.58773300,-4.95010233
0.58837300,-4.95010233
0.58901300,-4.77370548
0.58965300,-4.59730816
0.59029300,-4.59730816
0.59093300,-4.42091131
0.59157300,-4.42091131
0.59221300,-4.24512482
0.59285300,-4.06872749
0.59349300,-4.06872749
0.59413300,-3.89233065
0.59477300,-3.89233065
0.59541300,-3.71593380
0.59605300,-3.71593380
0.59669300,-3.54014707
0.59733300,-3.36375022
0.59797300,-3.18735313
0.59861300,-3.18735313
0.59925300,-3.01095605
0.59989300,-3.01095605
0.60053300,-2.65877247
0.60117300,-2.65877247
0.60181300,-2.48237562
0.60245300,-2.30597854
0.60309300,-2.13019204
0.60373300,-1.95379496
0.60437300,-1.95379496
0.60501300,-1.77739799
0.60565300,-1.77739799
0.60629300,-1.42521441
0.60693300,-1.24881744
0.60757300,-1.07242048
0.60821300,-0.89602345
0.60885300,-0.89602345
0.60949300,-0.54383981
0.61013300,-0.54383981
0.61077300,-0.36744285
0.61141300,-0.19104587
0.61205300,-0.19104587
0.61269300,0.16052736
0.61333300,0.33692434
0.61397300,0.51332134
0.61461300,0.51332134
0.61525300,0.68971831
0.61589300,0.86550492
0.61653300,1.04190195
0.61717300,1.21829891
0.61781300,1.21829891
0.61845300,1.57048249
0.61909300,1.57048249
0.61973300,1.74687946
0.62037300,1.92327642
0.62101300,1.92327642
0.62165300,2.27546000
0.62229300,2.27546000
0.62293300,2.45185709
0.62357300,2.62825394
0.62421300,2.62825394
0.62485300,2.80465102
0.62549300,2.98043752
0.62613300,3.15683460
0.62677300,3.15683460
0.62741300,3.33323169
0.62805300,3.33323169
0.62869300,3.50962853
0.62933300,3.68541527
0.62997300,3.86181211
0.63061300,3.86181211
0.63125300,4.03820896
0.63189300,4.03820896
0.63253300,4.21460629
0.63317300,4.21460629
0.63381300,4.21460629
0.63445300,4.39039278
0.63509300,4.39039278
0.63573300,4.56678963
0.63637300,4.56678963
0.63701300,4.56678963
0.63765300,4.74318695
0.63829300,4.74318695
0.63893300,4.74318695
0.63957300,4.74318695
0.64021300,4.74318695
0.64085300,4.91958380
0.64149300,4.91958380
0.64213300,4.91958380
0.64277300,5.09537029
0.64341300,5.09537029
0.64405300,5.09537029
0.64469300,4.91958380
0.64533300,4.91958380
0.64597300,5.09537029
0.64661300,5.09537029
0.64725300,5.09537029
0.64789300,5.09537029
0.64853300,4.91958380
0.64917300,5.09537029
0.64981300,4.91958380
0.65045300,4.91958380
0.65109300,4.91958380
0.65173300,4.74318695
0.65237300,4.74318695
0.65301300,4.74318695
0.65365300,4.56678963
0.65429300,4.56678963
0.65493300,4.56678963
0.65557300,4.56678963
0.65621300,4.39039278
0.65685300,4.39039278
0.65749300,4.39039278
0.65813300,4.21460629
0.65877300,4.03820896
0.65941300,4.03820896
0.66005300,3.86181211
0.66069300,3.86181211
0.66133300,3.68541527
0.66197300,3.68541527
0.66261300,3.50962853
0.66325300,3.50962853
0.66389300,3.33323169
0.66453300,3.15683460
0.66517300,3.15683460
0.66581300,2.98043752
0.66645300,2.98043752
0.66709300,2.62825394
0.66773300,2.62825394
0.66837300,2.45185709
0.66901300,2.45185709
0.66965300,2.27546000
0.67029300,2.09967351
0.67093300,1.92327642
0.67157300,1.92327642
0.67221300,1.74687946
0.67285300,1.74687946
0.67349300,1.39469588
0.67413300,1.39469588
0.67477300,1.21829891
0.67541300,1.04190195
0.67605300,0.86550492
0.67669300,0.86550492
0.67733300,0.51332134
0.67797300,0.51332134
0.67861300,0.33692434
0.67925300,0.16052736
0.67989300,0.16052736
0.68053300,-0.19104587
0.68117300,-0.19104587
0.68181300,-0.36744285
0.68245300,-0.36744285
0.68309300,-0.54383981
0.68373300,-0.72023684
0.68437300,-0.89602345
0.68501300,-0.89602345
0.68565300,-1.24881744
0.68629300,-1.24881744
0.68693300,-1.42521441
0.68757300,-1.60100102
0.68821300,-1.77739799
0.68885300,-1.77739799
0.68949300,-1.95379496
0.69013300,-1.95379496
0.69077300,-2.30597854
0.69141300,-2.30597854
0.69205300,-2.48237562
0.69269300,-2.48237562
0.69333300,-2.65877247
0.69397300,-2.65877247
0.69461300,-2.83516955
0.69525300,-3.01095605
0.69589300,-3.01095605
0.69653300,-3.18735313
0.69717300,-3.18735313
0.69781300,-3.36375022
0.69845300,-3.36375022
0.69909300,-3.54014707
0.69973300,-3.54014707
0.70037300,-3.71593380
0.70101300,-3.71593380
0.70165300,-3.89233065
0.70229300,-3.89233065
0.70293300,-3.89233065
0.70357300,-3.89233065
0.70421300,-4.06872749
0.70485300,-4.06872749
0.70549300,-4.24512482
0.70613300,-4.06872749
0.70677300,-4.24512482
0.70741300,-4.24512482
0.70805300,-4.24512482
0.70869300,-4.24512482
0.70933300,-4.42091131
0.70997300,-4.42091131
0.71061300,-4.42091131
0.71125300,-4.42091131
0.71189300,-4.42091131
0.71253300,-4.42091131
0.71317300,-4.42091131
0.71381300,-4.42091131
0.71445300,-4.42091131
0.71509300,-4.42091131
0.71573300,-4.42091131
0.71637300,-4.42091131
0.71701300,-4.42091131
0.71765300,-4.42091131
0.71829300,-4.24512482
0.71893300,-4.24512482
0.71957300,-4.24512482
0.72021300,-4.24512482
0.72085300,-4.06872749
0.72149300,-4.06872749
0.72213300,-4.06872749
0.72277300,-3.89233065
0.72341300,-4.06872749
0.72405300,-3.89233065
0.72469300,-3.89233065
0.72533300,-3.71593380
0.72597300,-3.71593380
0.72661300,-3.71593380
0.72725300,-3.54014707
0.72789300,-3.36375022
0.72853300,-3.36375022
0.72917300,-3.36375022
0.72981300,-3.18735313
0.73045300,-3.18735313
0.73109300,-3.01095605
0.73173300,-3.01095605
0.73237300,-2.83516955
0.73301300,-2.65877247
0.73365300,-2.65877247
0.73429300,-2.48237562
0.73493300,-2.48237562
0.73557300,-2.30597854
0.73621300,-2.30597854
0.73685300,-1.95379496
0.73749300,-1.95379496
0.73813300,-1.77739799
0.73877300,-1.77739799
0.73941300,-1.60100102
0.74005300,-1.60100102
0.74069300,-1.60100102
0.74133300,-1.24881744
0.74197300,-1.07242048
0.74261300,-0.89602345
0.74325300,-0.89602345
0.74389300,-0.72023684
0.74453300,-0.54383981
0.74517300,-0.36744285
0.74581300,-0.36744285
0.74645300,-0.36744285
0.74709300,-0.19104587
0.74773300,-0.01525925
0.74837300,0.16052736
0.74901300,0.16052736
0.74965300,0.33692434
0.75029300,0.51332134
0.75093300,0.51332134
0.75157300,0.68971831
0.75221300,0.86550492
0.75285300,1.04190195
0.75349300,1.04190195
0.75413300,1.21829891
0.75477300,1.39469588
0.75541300,1.57048249
0.75605300,1.57048249
0.75669300,1.74687946
0.75733300,1.74687946
0.75797300,1.92327642
0.75861300,1.92327642
0.75925300,2.09967351
0.75989300,2.27546000
0.76053300,2.45185709
0.76117300,2.45185709
0.76181300,2.45185709
0.76245300,2.62825394
0.76309300,2.62825394
0.76373300,2.80465102
0.76437300,2.80465102
0.76501300,2.98043752
0.76565300,3.15683460
0.76629300,3.15683460
0.76693300,3.15683460
0.76757300,3.15683460
0.76821300,3.33323169
0.76885300,3.33323169
0.76949300,3.50962853
0.77013300,3.50962853
0.77077300,3.50962853
0.77141300,3.68541527
0.77205300,3.86181211
0.77269300,3.68541527
0.77333300,3.86181211
0.77397300,3.86181211
0.77461300,3.86181211
0.77525300,3.86181211
0.77589300,3.86181211
0.77653300,3.86181211
0.77717300,4.03820896
0.77781300,3.86181211
0.77845300,3.86181211
0.77909300,4.03820896
0.77973300,4.03820896
0.78037300,4.03820896
0.78101300,4.03820896
0.78165300,4.03820896
0.78229300,4.03820896
0.78293300,4.03820896
0.78357300,4.03820896
0.78421300,4.03820896
0.78485300,3.86181211
0.78549300,3.86181211
0.78613300,3.86181211
0.78677300,3.86181211
0.78741300,3.86181211
0.78805300,3.86181211
0.78869300,3.68541527
0.78933300,3.68541527
0.78997300,3.68541527
0.79061300,3.68541527
0.79125300,3.68541527
0.79189300,3.50962853
0.79253300,3.33323169
0.79317300,3.33323169
0.79381300,3.33323169
0.79445300,3.33323169
0.79509300,3.15683460
0.79573300,3.15683460
0.79637300,3.15683460
0.79701300,2.98043752
0.79765300,2.98043752
0.79829300,2.80465102
0.79893300,2.62825394
0.79957300,2.62825394
0.80021300,2.62825394
0.80085300,2.45185709
0.80149300,2.45185709
0.80213300,2.27546000
0.80277300,2.27546000
0.80341300,2.09967351
0.80405300,1.92327642
0.80469300,1.92327642
0.80533300,1.92327642
0.80597300,1.74687946
0.80661300,1.57048249
0.80725300,1.39469588
0.80789300,1.39469588
0.80853300,1.39469588
0.80917300,1.21829891
0.80981300,1.04190195
0.81045300,0.86550492
0.81109300,0.68971831
0.81173300,0.68971831
0.81237300,0.51332134
0.81301300,0.51332134
0.81365300,0.33692434
0.81429300,0.33692434
0.81493300,0.16052736
0.81557300,-0.01525925
0.81621300,-0.01525925
0.81685300,-0.19104587
0.81749299,-0.36744285
0.81813299,-0.36744285
0.81877299,-0.54383981
0.81941299,-0.54383981
0.82005299,-0.72023684
0.82069299,-0.72023684
0.82133299,-0.89602345
0.82197299,-1.07242048
0.82261299,-1.07242048
0.82325299,-1.24881744
0.82389299,-1.42521441
0.82453299,-1.42521441
0.82517299,-1.60100102
0.82581299,-1.60100102
0.82645299,-1.77739799
0.82709299,-1.77739799
0.82773299,-1.95379496
0.82837299,-1.95379496
0.82901299,-2.13019204
0.82965299,-2.30597854
0.83029299,-2.30597854
0.83093299,-2.30597854
0.83157299,-2.48237562
0.83221299,-2.48237562
0.83285299,-2.48237562
0.83349299,-2.48237562
0.83413299,-2.65877247
0.83477299,-2.65877247
0.83541299,-2.83516955
0.83605299,-3.01095605
0.83669299,-3.01095605
0.83733299,-3.01095605
0.83797299,-3.01095605
0.83861299,-3.01095605
0.83925299,-3.18735313
0.83989299,-3.18735313
0.84053299,-3.18735313
0.84117299,-3.18735313
0.84181299,-3.18735313
0.84245299,-3.36375022
0.84309299,-3.36375022
0.84373299,-3.36375022
0.84437299,-3.36375022
0.84501299,-3.36375022
0.84565299,-3.36375022
0.84629299,-3.54014707
0.84693299,-3.54014707
0.84757299,-3.36375022
0.84821299,-3.36375022
0.84885299,-3.54014707
0.84949299,-3.54014707
0.85013299,-3.54014707
0.85077299,-3.36375022
0.85141299,-3.36375022
0.85205299,-3.54014707
0.85269299,-3.36375022
0.85333299,-3.36375022
0.85397299,-3.36375022
0.85461299,-3.36375022
0.85525299,-3.36375022
0.85589299,-3.36375022
0.85653299,-3.36375022
0.85717299,-3.18735313
0.85781299,-3.18735313
0.85845299,-3.18735313
0.85909299,-3.01095605
0.85973299,-3.01095605
0.86037299,-3.01095605
0.86101299,-3.01095605
0.86165299,-2.83516955
0.86229299,-2.83516955
0.86293299,-2.83516955
0.86357299,-2.65877247
0.86421299,-2.48237562
0.86485299,-2.48237562
0.86549299,-2.48237562
0.86613299,-2.48237562
0.86677299,-2.30597854
0.86741299,-2.30597854
0.86805299,-2.30597854
0.86869299,-2.13019204
0.86933299,-2.13019204
0.86997299,-1.95379496
0.87061299,-1.95379496
0.87125299,-1.77739799
0.87189299,-1.77739799
0.87253299,-1.60100102
0.87317299,-1.60100102
0.87381299,-1.60100102
0.87445299,-1.42521441
0.87509299,-1.24881744
0.87573299,-1.07242048
0.87637299,-1.07242048
0.87701299,-1.07242048
0.87765299,-0.89602345
0.87829299,-0.89602345
0.87893299,-0.72023684
0.87957299,-0.54383981
0.88021299,-0.54383981
0.88085299,-0.36744285
0.88149299,-0.36744285
0.88213299,-0.19104587
0.88277299,-0.01525925
0.88341299,-0.01525925
0.88405299,0.16052736
0.88469299,0.16052736
0.88533299,0.16052736
0.88597299,0.33692434
0.88661299,0.33692434
0.88725299,0.51332134
0.88789299,0.68971831
0.88853299,0.68971831
0.88917299,0.86550492
0.88981299,0.86550492
0.89045299,1.04190195
0.89109299,1.04190195
0.89173299,1.21829891
0.89237299,1.21829891
0.89301299,1.39469588
0.89365299,1.39469588
0.89429299,1.57048249
0.89493299,1.57048249
0.89557299,1.74687946
0.89621299,1.74687946
0.89685299,1.74687946
0.89749299,1.92327642
0.89813299,1.92327642
0.89877299,2.09967351
0.89941299,2.09967351
0.90005299,2.27546000
0.90069299,2.27546000
0.90133299,2.45185709
0.90197299,2.45185709
0.90261299,2.45185709
0.90325299,2.45185709
0.90389299,2.45185709
0.90453299,2.45185709
0.90517299,2.62825394
0.90581299,2.62825394
0.90645299,2.62825394
0.90709299,2.62825394
0.90773299,2.80465102
0.90837299,2.98043752
0.90901299,2.80465102
0.90965299,2.80465102
0.91029299,2.98043752
0.91093299,2.98043752
0.91157299,2.98043752
0.91221299,2.98043752
0.91285299,3.15683460
0.91349299,2.98043752
0.91413299,3.15683460
0.91477299,2.98043752
0.91541299,3.15683460
0.91605299,2.98043752
0.91669299,2.98043752
0.91733299,3.15683460
0.91797299,3.15683460
0.91861299,3.15683460
0.91925299,2.98043752
0.91989299,2.98043752
0.92053299,2.98043752
0.92117299,2.98043752
0.92181299,2.98043752
0.92245299,2.80465102
0.92309299,2.98043752
0.92373299,2.98043752
0.92437299,2.80465102
0.92501299,2.80465102
0.92565299,2.62825394
0.92629299,2.80465102
0.92693299,2.62825394
0.92757299,2.62825394
0.92821299,2.62825394
0.92885299,2.45185709
0.92949299,2.45185709
0.93013299,2.45185709
0.93077299,2.45185709
0.93141299,2.45185709
0.93205299,2.27546000
0.93269299,2.27546000
0.93333299,2.09967351
0.93397299,2.09967351
0.93461299,2.09967351
0.93525299,1.92327642
0.93589299,1.92327642
0.93653299,1.92327642
0.93717299,1.74687946
0.93781299,1.74687946
0.93845299,1.74687946
0.93909299,1.57048249
0.93973299,1.57048249
0.94037299,1.39469588
0.94101299,1.39469588
0.94165299,1.21829891
0.94229299,1.21829891
0.94293299,1.21829891
0.94357299,1.04190195
0.94421299,1.04190195
0.94485299,0.86550492
0.94549299,0.68971831
0.94613299,0.68971831
0.94677299,0.68971831
0.94741299,0.51332134
0.94805299,0.33692434
0.94869299,0.33692434
0.94933299,0.33692434
0.94997299,0.33692434
0.95061299,0.16052736
0.95125299,0.16052736
0.95189299,-0.01525925
0.95253299,-0.19104587
0.95317299,-0.19104587
0.95381299,-0.36744285
0.95445299,-0.36744285
0.95509299,-0.36744285
0.95573299,-0.54383981
0.95637299,-0.54383981
0.95701299,-0.72023684
0.95765299,-0.72023684
0.95829299,-0.89602345
0.95893299,-0.89602345
0.95957299,-0.89602345
0.96021299,-1.07242048
0.96085299,-1.24881744
0.96149299,-1.07242048
0.96213299,-1.24881744
0.96277299,-1.24881744
0.96341299,-1.42521441
0.96405299,-1.42521441
0.96469299,-1.60100102
0.96533299,-1.60100102
0.96597299,-1.77739799
0.96661299,-1.77739799
0.96725299,-1.77739799
0.96789299,-1.77739799
0.96853299,-1.77739799
0.96917299,-1.95379496
0.96981299,-1.95379496
0.97045299,-1.95379496
0.97109299,-1.95379496
0.97173299,-2.13019204
0.97237299,-2.30597854
0.97301299,-2.13019204
0.97365299,-2.30597854
0.97429299,-2.30597854
0.97493299,-2.30597854
0.97557299,-2.30597854
0.97621299,-2.30597854
0.97685299,-2.48237562
0.97749299,-2.48237562
0.97813299,-2.48237562
0.97877299,-2.48237562
0.97941299,-2.48237562
0.98005299,-2.48237562
0.98069299,-2.48237562
0.98133299,-2.48237562
0.98197299,-2.48237562
0.98261299,-2.48237562
0.98325299,-2.48237562
0.98389299,-2.48237562
0.98453299,-2.65877247
0.98517299,-2.48237562
0.98581299,-2.48237562
0.98645299,-2.48237562
0.98709299,-2.48237562
0.98773299,-2.48237562
0.98837299,-2.48237562
0.98901299,-2.48237562
0.98965299,-2.48237562
0.99029299,-2.48237562
0.99093299,-2.48237562
0.99157299,-2.30597854
0.99221299,-2.48237562
0.99285299,-2.30597854
0.99349299,-2.30597854
0.99413299,-2.30597854
0.99477299,-2.30597854
0.99541299,-2.30597854
0.99605299,-2.13019204
0.99669299,-2.13019204
0.99733299,-2.13019204
0.99797299,-2.13019204
0.99861299,-1.95379496
0.99925299,-1.95379496
0.99989299,-1.95379496
1.00053299,-1.77739799
1.00117299,-1.77739799
1.00181299,-1.77739799
1.00245299,-1.77739799
1.00309299,-1.77739799
1.00373299,-1.60100102
1.00437299,-1.60100102
1.00501299,-1.60100102
1.00565299,-1.42521441
1.00629299,-1.42521441
1.00693299,-1.24881744
1.00757299,-1.24881744
1.00821299,-1.24881744
1.00885299,-1.07242048
1.00949299,-1.07242048
1.01013299,-0.89602345
1.01077299,-0.89602345
1.01141299,-0.89602345
1.01205299,-0.72023684
1.01269299,-0.72023684
1.01333299,-0.72023684
1.01397299,-0.54383981
1.01461299,-0.54383981
1.01525299,-0.36744285
1.01589299,-0.36744285
1.01653299,-0.36744285
1.01717299,-0.36744285
1.01781299,-0.19104587
1.01845299,-0.19104587
1.01909299,-0.01525925
1.01973299,-0.01525925
1.02037299,0.16052736
1.02101299,0.16052736
1.02165299,0.16052736
1.02229299,0.33692434
1.02293299,0.33692434
1.02357299,0.51332134
1.02421299,0.51332134
1.02485299,0.51332134
1.02549299,0.51332134
1.02613299,0.68971831
1.02677299,0.68971831
1.02741299,0.86550492
1.02805299,0.86550492
1.02869299,0.86550492
1.02933299,1.04190195
1.02997299,1.04190195
1.03061299,1.21829891
1.03125299,1.21829891
1.03189299,1.21829891
1.03253299,1.21829891
1.03317299,1.39469588
1.03381299,1.39469588
1.03445299,1.57048249
1.03509299,1.57048249
1.03573299,1.57048249
1.03637299,1.57048249
1.03701299,1.57048249
1.03765299,1.74687946
1.03829299,1.74687946
1.03893299,1.74687946
1.03957299,1.74687946
1.04021299,1.74687946
1.04085299,1.74687946
1.04149299,1.92327642
1.04213299,1.92327642
1.04277299,1.92327642
1.04341299,1.92327642
1.04405299,1.92327642
1.04469299,1.92327642
1.04533299,1.92327642
1.04597299,1.92327642
1.04661299,1.92327642
1.04725299,2.09967351
1.04789299,2.09967351
1.04853299,2.09967351
1.04917299,2.09967351
1.04981299,2.09967351
1.05045299,2.27546000
1.05109299,2.09967351
1.05173299,2.09967351
1.05237299,2.09967351
1.05301299,2.09967351
1.05365299,2.09967351
1.05429299,2.09967351
1.05493299,2.09967351
1.05557299,2.27546000
1.05621299,2.09967351
1.05685299,2.09967351
1.05749299,2.09967351
1.05813299,2.09967351
1.05877299,1.92327642
1.05941299,1.92327642
1.06005299,1.92327642
1.06069299,1.92327642
1.06133299,1.92327642
1.06197299,1.92327642
1.06261299,1.92327642
1.06325299,1.92327642
1.06389299,1.92327642
1.06453299,1.74687946
1.06517299,1.74687946
1.06581299,1.74687946
1.06645299,1.74687946
1.06709299,1.74687946
1.06773299,1.74687946
1.06837299,1.57048249
1.06901299,1.57048249
1.06965299,1.57048249
1.07029299,1.39469588
1.07093299,1.57048249
1.07157299,1.39469588
1.07221299,1.39469588
1.07285299,1.39469588
1.07349299,1.21829891
1.07413299,1.21829891
1.07477299,1.21829891
1.07541299,1.04190195
1.07605299,1.04190195
1.07669299,1.04190195
1.07733299,0.86550492
1.07797299,0.86550492
1.07861299,0.86550492
1.07925299,0.68971831
1.07989299,0.68971831
1.08053299,0.68971831
1.08117299,0.51332134
1.08181299,0.51332134
1.08245299,0.51332134
1.08309299,0.33692434
1.08373299,0.33692434
1.08437299,0.33692434
1.08501299,0.33692434
1.08565299,0.16052736
1.08629299,0.16052736
1.08693299,0.16052736
1.08757299,-0.01525925
1.08821299,-0.01525925
1.08885299,-0.19104587
1.08949299,-0.19104587
1.09013299,-0.19104587
1.09077299,-0.19104587
1.09141299,-0.19104587
1.09205299,-0.36744285
1.09269299,-0.36744285
1.09333299,-0.36744285
1.09397299,-0.54383981
1.09461299,-0.54383981
1.09525299,-0.54383981
1.09589299,-0.54383981
1.09653299,-0.72023684
1.09717299,-0.72023684
1.09781299,-0.72023684
1.09845299,-0.89602345
1.09909299,-0.89602345
1.09973299,-0.89602345
1.10037299,-1.07242048
1.10101299,-1.07242048
1.10165299,-1.07242048
1.10229299,-1.07242048
1.10293299,-1.24881744
1.10357299,-1.24881744
1.10421299,-1.24881744
1.10485299,-1.24881744
1.10549299,-1.24881744
1.10613299,-1.24881744
1.10677299,-1.42521441
1.10741299,-1.42521441
1.10805299,-1.42521441
1.10869299,-1.42521441
1.10933299,-1.42521441
1.10997299,-1.60100102
1.11061299,-1.60100102
1.11125299,-1.60100102
1.11189299,-1.60100102
1.11253299,-1.60100102
1.11317299,-1.60100102
1.11381299,-1.60100102
1.11445299,-1.60100102
1.11509299,-1.77739799
1.11573299,-1.77739799
1.11637299,-1.77739799
1.11701299,-1.77739799
1.11765299,-1.77739799
1.11829299,-1.60100102
1.11893299,-1.77739799
1.11957299,-1.77739799
1.12021299,-1.77739799
1.12085299,-1.77739799
1.12149299,-1.77739799
1.12213299,-1.77739799
1.12277299,-1.77739799
1.12341299,-1.77739799
1.12405299,-1.77739799
1.12469299,-1.60100102
1.12533299,-1.60100102
1.12597299,-1.60100102
1.12661299,-1.60100102
1.12725299,-1.60100102
1.12789299,-1.60100102
1.12853299,-1.60100102
1.12917299,-1.60100102
1.12981299,-1.60100102
1.13045299,-1.60100102
1.13109299,-1.60100102
1.13173299,-1.42521441
1.13237299,-1.42521441
1.13301299,-1.42521441
1.13365299,-1.42521441
1.13429299,-1.42521441
1.13493299,-1.24881744
1.13557299,-1.24881744
1.13621299,-1.24881744
1.13685299,-1.24881744
1.13749299,-1.24881744
1.13813299,-1.24881744
1.13877299,-1.07242048
1.13941299,-1.07242048
1.14005299,-1.07242048
1.14069299,-1.07242048
1.14133299,-1.07242048
1.14197299,-0.89602345
1.14261299,-0.89602345
1.14325299,-0.89602345
1.14389299,-0.72023684
1.14453299,-0.72023684
1.14517299,-0.72023684
1.14581299,-0.72023684
1.14645299,-0.54383981
1.14709299,-0.54383981
1.14773299,-0.54383981
1.14837299,-0.54383981
1.14901299,-0.36744285
1.14965299,-0.36744285
1.15029299,-0.36744285
1.15093299,-0.36744285
1.15157299,-0.36744285
1.15221299,-0.19104587
1.15285299,-0.19104587
1.15349299,-0.19104587
1.15413299,-0.19104587
1.15477299,-0.01525925
1.15541299,-0.01525925
1.15605299,-0.01525925
1.15669299,0.16052736
1.15733299,0.16052736
1.15797299,0.16052736
1.15861299,0.16052736
1.15925299,0.16052736
1.15989299,0.33692434
1.16053299,0.33692434
1.16117299,0.33692434
1.16181299,0.33692434
1.16245299,0.51332134
1.16309299,0.51332134
1.16373299,0.51332134
1.16437299,0.51332134
1.16501299,0.51332134
1.16565299,0.51332134
1.16629299,0.68971831
1.16693299,0.68971831
1.16757299,0.86550492
1.16821299,0.68971831
1.16885299,0.86550492
1.16949299,0.86550492
1.17013299,0.86550492
1.17077299,0.86550492
1.17141299,1.04190195
1.17205299,1.04190195
1.17269299,1.04190195
1.17333299,1.04190195
1.17397299,1.04190195
1.17461299,1.04190195
1.17525299,1.04190195
1.17589299,1.04190195
1.17653299,1.21829891
1.17717299,1.04190195
1.17781299,1.21829891
1.17845299,1.21829891
1.17909299,1.21829891
1.17973299,1.21829891
1.18037299,1.21829891
1.18101299,1.21829891
1.18165299,1.21829891
1.18229299,1.21829891
1.18293299,1.21829891
1.18357299,1.21829891
1.18421299,1.21829891
1.18485299,1.21829891
1.18549299,1.39469588
1.18613299,1.39469588
1.18677299,1.21829891
1.18741299,1.39469588
1.18805299,1.39469588
1.18869299,1.21829891
1.18933299,1.39469588
1.18997299,1.39469588
1.19061299,1.39469588
1.19125299,1.21829891
1.19189299,1.21829891
1.19253299,1.39469588
1.19317299,1.21829891
1.19381299,1.21829891
1.19445299,1.21829891
1.19509299,1.21829891
1.19573299,1.21829891
1.19637299,1.39469588
1.19701299,1.21829891
1.19765299,1.21829891
1.19829299,1.21829891
1.19893299,1.21829891
1.19957299,1.21829891
1.20021299,1.21829891
1.20085299,1.21829891
1.20149299,1.21829891
1.20213299,1.04190195
1.20277299,1.21829891
1.20341299,1.04190195
1.20405299,1.04190195
1.20469299,1.04190195
1.20533299,1.04190195
1.20597299,1.04190195
1.20661299,0.86550492
1.20725299,0.86550492
1.20789299,0.86550492
1.20853299,0.86550492
1.20917299,0.86550492
1.20981299,0.86550492
1.21045299,0.86550492
1.21109299,0.68971831
1.21173299,0.68971831
1.21237299,0.68971831
1.21301299,0.68971831
1.21365299,0.51332134
1.21429299,0.51332134
1.21493299,0.51332134
1.21557299,0.51332134
1.21621299,0.51332134
1.21685299,0.33692434
1.21749299,0.51332134
1.21813299,0.33692434
1.21877299,0.33692434
1.21941299,0.33692434
1.22005299,0.33692434
1.22069299,0.33692434
1.22133299,0.33692434
1.22197299,0.16052736
1.22261299,0.16052736
1.22325299,0.16052736
1.22389299,0.16052736
1.22453299,-0.01525925
1.22517299,0.16052736
1.22581299,-0.01525925
1.22645299,-0.01525925
1.22709299,-0.01525925
1.22773299,-0.19104587
1.22837299,-0.19104587
1.22901299,-0.19104587
1.22965299,-0.19104587
1.23029299,-0.19104587
1.23093299,-0.19104587
1.23157299,-0.19104587
1.23221299,-0.36744285
1.23285299,-0.36744285
1.23349299,-0.36744285
1.23413299,-0.36744285
1.23477299,-0.36744285
1.23541299,-0.36744285
1.23605299,-0.36744285
1.23669299,-0.54383981
1.23733299,-0.54383981
1.23797299,-0.54383981
1.23861299,-0.54383981
1.23925299,-0.54383981
1.23989299,-0.54383981
1.24053299,-0.54383981
1.24117299,-0.54383981
1.24181299,-0.72023684
1.24245299,-0.54383981
1.24309299,-0.72023684
1.24373299,-0.72023684
1.24437299,-0.72023684
1.24501299,-0.72023684
1.24565299,-0.72023684
1.24629299,-0.89602345
1.24693299,-0.89602345
1.24757299,-0.72023684
1.24821299,-0.89602345
1.24885299,-0.89602345
1.24949299,-0.89602345
1.25013299,-0.89602345
1.25077299,-0.89602345
1.25141299,-0.89602345
1.25205299,-0.89602345
1.25269299,-0.89602345
1.25333299,-0.89602345
1.25397299,-0.89602345
1.25461299,-0.89602345
1.25525299,-0.89602345
1.25589299,-0.89602345
1.25653299,-0.89602345
1.25717299,-0.89602345
1.25781299,-0.89602345
1.25845299,-0.89602345
1.25909299,-0.89602345
1.25973299,-0.89602345
1.26037299,-0.89602345
1.26101299,-0.89602345
1.26165299,-0.89602345
1.26229299,-0.89602345
1.26293299,-0.89602345
1.26357299,-0.89602345
1.26421299,-0.89602345
1.26485299,-0.89602345
1.26549299,-0.89602345
1.26613299,-0.89602345
1.26677299,-0.89602345
1.26741299,-0.89602345
1.26805299,-0.89602345
1.26869299,-0.89602345
1.26933299,-0.72023684
1.26997299,-0.89602345
1.27061299,-0.72023684
1.27125299,-0.72023684
1.27189299,-0.72023684
1.27253299,-0.72023684
1.27317299,-0.72023684
1.27381299,-0.72023684
1.27445299,-0.54383981
1.27509299,-0.54383981
1.27573299,-0.54383981
1.27637299,-0.54383981
1.27701299,-0.54383981
1.27765299,-0.54383981
1.27829299,-0.54383981
1.27893299,-0.54383981
1.27957299,-0.54383981
1.28021299,-0.54383981
1.28085299,-0.54383981
1.28149299,-0.36744285
1.28213299,-0.36744285
1.28277299,-0.36744285
1.28341299,-0.36744285
1.28405299,-0.36744285
1.28469299,-0.36744285
1.28533299,-0.36744285
1.28597299,-0.36744285
1.28661299,-0.19104587
1.28725299,-0.19104587
1.28789299,-0.36744285
1.28853299,-0.19104587
1.28917299,-0.19104587
1.28981299,-0.19104587
1.29045299,-0.19104587
1.29109299,-0.19104587
1.29173299,-0.19104587
1.29237299,-0.01525925
1.29301299,-0.01525925
1.29365299,-0.01525925
1.29429299,-0.01525925
1.29493299,-0.01525925
1.29557299,-0.01525925
1.29621299,-0.01525925
1.29685299,-0.01525925
1.29749299,-0.01525925
1.29813299,0.16052736
1.29877299,-0.01525925
1.29941299,0.16052736
1.30005299,0.16052736
1.30069299,0.16052736
1.30133299,0.16052736
1.30197299,0.16052736
1.30261299,0.16052736
1.30325299,0.16052736
1.30389299,0.33692434
1.30453299,0.33692434
1.30517299,0.33692434
1.30581299,0.33692434
1.30645299,0.33692434
1.30709299,0.33692434
1.30773299,0.33692434
1.30837299,0.33692434
1.30901299,0.33692434
1.30965299,0.33692434
1.31029299,0.33692434
1.31093299,0.33692434
1.31157299,0.33692434
1.31221299,0.51332134
1.31285299,0.51332134
1.31349299,0.51332134
1.31413299,0.33692434
1.31477299,0.51332134
1.31541299,0.51332134
1.31605299,0.51332134
1.31669299,0.51332134
1.31733299,0.51332134
1.31797299,0.51332134
1.31861299,0.51332134
1.31925299,0.51332134
1.31989299,0.51332134
1.32053299,0.51332134
1.32117299,0.51332134
1.32181299,0.51332134
1.32245299,0.51332134
1.32309299,0.68971831
1.32373299,0.68971831
1.32437299,0.51332134
1.32501299,0.51332134
1.32565299,0.51332134
1.32629299,0.51332134
1.32693299,0.51332134
1.32757299,0.51332134
1.32821299,0.68971831
1.32885299,0.68971831
1.32949299,0.51332134
1.33013299,0.51332134
1.33077299,0.51332134
1.33141299,0.51332134
1.33205299,0.51332134
1.33269299,0.51332134
1.33333299,0.51332134
1.33397299,0.51332134
1.33461299,0.51332134
1.33525299,0.51332134
1.33589299,0.51332134
1.33653299,0.51332134
1.33717299,0.51332134
1.33781299,0.51332134
1.33845299,0.51332134
1.33909299,0.51332134
1.33973299,0.51332134
1.34037299,0.51332134
1.34101299,0.51332134
1.34165299,0.51332134
1.34229299,0.51332134
1.34293299,0.51332134
1.34357299,0.51332134
1.34421299,0.33692434
1.34485299,0.33692434
1.34549299,0.51332134
1.34613299,0.51332134
1.34677299,0.51332134
1.34741299,0.51332134
1.34805299,0.33692434
1.34869299,0.33692434
1.34933299,0.33692434
1.34997299,0.33692434
1.35061299,0.33692434
1.35125299,0.33692434
1.35189299,0.33692434
1.35253299,0.33692434
1.35317299,0.33692434
1.35381299,0.33692434
1.35445299,0.33692434
1.35509299,0.33692434
1.35573299,0.33692434
1.35637299,0.33692434
1.35701299,0.33692434
1.35765299,0.33692434
1.35829299,0.33692434
1.35893299,0.16052736
1.35957299,0.33692434
1.36021299,0.16052736
1.36085299,0.16052736
1.36149299,0.16052736
1.36213299,0.16052736
1.36277299,0.16052736
1.36341299,0.16052736
1.36405299,0.16052736
1.36469299,0.16052736
1.36533299,0.16052736
1.36597299,0.16052736
1.36661299,0.16052736
1.36725299,0.16052736
1.36789299,-0.01525925
1.36853299,0.16052736
1.36917299,0.16052736
1.36981299,0.16052736
1.37045299,0.16052736
1.37109299,-0.01525925
1.37173299,-0.01525925
1.37237299,-0.01525925
1.37301299,-0.01525925
1.37365299,-0.01525925
1.37429299,-0.01525925
1.37493299,-0.01525925
1.37557299,-0.01525925
1.37621299,-0.01525925
1.37685299,-0.01525925
1.37749299,-0.01525925
1.37813299,-0.01525925
1.37877299,-0.19104587
1.37941299,-0.19104587
1.38005299,-0.19104587
1.38069299,-0.19104587
1.38133299,-0.19104587
1.38197299,-0.01525925
1.38261299,-0.19104587
1.38325299,-0.19104587
1.38389299,-0.19104587
1.38453299,-0.19104587
1.38517299,-0.19104587
1.38581299,-0.19104587
1.38645299,-0.19104587
1.38709299,-0.19104587
1.38773299,-0.19104587
1.38837299,-0.19104587
1.38901299,-0.19104587
1.38965299,-0.19104587
1.39029299,-0.19104587
1.39093299,-0.19104587
1.39157299,-0.19104587
1.39221299,-0.19104587
1.39285299,-0.19104587
1.39349299,-0.19104587
1.39413299,-0.19104587
1.39477299,-0.19104587
1.39541299,-0.19104587
1.39605299,-0.36744285
1.39669299,-0.19104587
1.39733299,-0.36744285
1.39797299,-0.36744285
1.39861299,-0.36744285
1.39925299,-0.19104587
1.39989299,-0.19104587
1.40053299,-0.19104587
1.40117299,-0.19104587
1.40181299,-0.19104587
1.40245299,-0.19104587
1.40309299,-0.36744285
1.40373299,-0.19104587
1.40437299,-0.36744285
1.40501299,-0.19104587
1.40565299,-0.19104587
1.40629299,-0.19104587
1.40693299,-0.19104587
1.40757299,-0.19104587
1.40821299,-0.19104587
1.40885299,-0.36744285
1.40949299,-0.36744285
1.41013299,-0.19104587
1.41077299,-0.36744285
1.41141299,-0.36744285
1.41205299,-0.36744285
1.41269299,-0.36744285
1.41333299,-0.19104587
1.41397299,-0.19104587
1.41461299,-0.36744285
1.41525299,-0.19104587
1.41589299,-0.36744285
1.41653299,-0.19104587
1.41717299,-0.19104587
1.41781299,-0.19104587
1.41845299,-0.19104587
1.41909299,-0.19104587
1.41973299,-0.36744285
1.42037299,-0.19104587
1.42101299,-0.19104587
1.42165299,-0.19104587
1.42229299,-0.19104587
1.42293299,-0.19104587
1.42357299,-0.36744285
1.42421299,-0.19104587
1.42485299,-0.19104587
1.42549299,-0.19104587
1.42613299,-0.19104587
1.42677299,-0.19104587
1.42741299,-0.19104587
1.42805299,-0.19104587
1.42869299,-0.19104587
1.42933299,-0.19104587
1.42997299,-0.19104587
1.43061299,-0.19104587
1.43125299,-0.19104587
1.43189299,-0.19104587
1.43253299,-0.19104587
1.43317299,-0.19104587
1.43381299,-0.36744285
1.43445299,-0.19104587
1.43509299,-0.19104587
1.43573299,-0.19104587
1.43637299,-0.19104587
1.43701299,-0.19104587
1.43765299,-0.19104587
1.43829299,-0.19104587
1.43893299,-0.19104587
1.43957299,-0.19104587
1.44021299,-0.19104587
1.44085299,-0.19104587
1.44149299,-0.19104587
1.44213299,-0.19104587
1.44277299,-0.19104587
1.44341299,-0.19104587
1.44405299,-0.19104587
1.44469299,-0.19104587
1.44533299,-0.19104587
1.44597299,-0.19104587
1.44661299,-0.19104587
1.44725299,-0.19104587
1.44789299,-0.19104587
1.44853299,-0.19104587
1.44917299,-0.19104587
1.44981299,-0.19104587
1.45045299,-0.19104587
1.45109299,-0.19104587
1.45173299,-0.19104587
1.45237299,-0.19104587
1.45301299,-0.19104587
1.45365299,-0.19104587
1.45429299,-0.19104587
1.45493299,-0.19104587
1.45557299,-0.19104587
1.45621299,-0.19104587
1.45685299,-0.19104587
1.45749299,-0.01525925
1.45813299,-0.01525925
1.45877299,-0.19104587
1.45941299,-0.01525925
1.46005299,-0.01525925
1.46069299,-0.19104587
1.46133299,-0.01525925
1.46197299,-0.01525925
1.46261299,-0.01525925
1.46325299,-0.01525925
1.46389299,-0.01525925
1.46453299,-0.01525925
1.46517299,-0.01525925
1.46581299,-0.01525925
1.46645299,-0.01525925
1.46709299,-0.01525925
1.46773299,-0.01525925
1.46837299,-0.01525925
1.46901299,-0.01525925
1.46965299,-0.01525925
1.47029299,-0.01525925
1.47093299,0.16052736
1.47157299,-0.01525925
1.47221299,0.16052736
1.47285299,-0.01525925
1.47349299,0.16052736
1.47413299,-0.01525925
1.47477299,0.16052736
1.47541299,0.16052736
1.47605299,0.16052736
1.47669299,0.16052736
1.47733299,0.16052736
1.47797299,0.16052736
1.47861299,0.16052736
1.47925299,0.16052736
1.47989299,0.16052736
1.48053299,0.16052736
1.48117299,0.16052736
1.48181299,0.16052736
1.48245299,0.16052736
1.48309299,0.16052736
1.48373299,0.16052736
1.48437299,0.16052736
1.48501299,0.16052736
1.48565299,0.16052736
1.48629299,0.33692434
1.48693299,0.33692434
1.48757299,0.16052736
1.48821299,0.33692434
1.48885299,0.33692434
1.48949299,0.33692434
1.49013299,0.33692434
1.49077299,0.33692434
1.49141299,0.33692434
1.49205299,0.33692434
1.49269299,0.33692434
1.49333299,0.33692434
1.49397299,0.33692434
1.49461299,0.33692434
1.49525299,0.33692434
1.49589299,0.33692434
1.49653299,0.33692434
1.49717299,0.33692434
1.49781299,0.33692434
1.49845299,0.33692434
1.49909299,0.33692434
1.49973299,0.33692434
1.50037299,0.33692434
1.50101299,0.33692434
1.50165299,0.33692434
1.50229299,0.33692434
1.50293299,0.33692434
1.50357299,0.33692434
1.50421299,0.51332134
1.50485299,0.33692434
1.50549299,0.33692434
1.50613299,0.33692434
1.50677299,0.51332134
1.50741299,0.33692434
1.50805299,0.51332134
1.50869299,0.51332134
1.50933299,0.51332134
1.50997299,0.51332134
1.51061299,0.33692434
1.51125299,0.51332134
1.51189299,0.51332134
1.51253299,0.51332134
1.51317299,0.51332134
1.51381299,0.51332134
1.51445299,0.51332134
1.51509299,0.51332134
1.51573299,0.33692434
1.51637299,0.51332134
1.51701299,0.33692434
1.51765299,0.51332134
1.51829299,0.33692434
1.51893299,0.51332134
1.51957299,0.33692434
1.52021299,0.51332134
1.52085299,0.51332134
1.52149299,0.33692434
1.52213299,0.33692434
1.52277299,0.33692434
1.52341299,0.51332134
1.52405299,0.51332134
1.52469299,0.33692434
1.52533299,0.51332134
1.52597299,0.33692434
1.52661299,0.33692434
1.52725299,0.33692434
1.52789299,0.33692434
1.52853299,0.33692434
1.52917299,0.33692434
1.52981299,0.33692434
1.53045299,0.33692434
1.53109299,0.33692434
1.53173299,0.33692434
1.53237299,0.33692434
1.53301299,0.33692434
1.53365299,0.33692434
1.53429299,0.33692434
1.53493299,0.33692434
1.53557299,0.33692434
1.53621299,0.33692434
1.53685299,0.33692434
1.53749299,0.33692434
1.53813299,0.16052736
1.53877299,0.16052736
1.53941299,0.16052736
1.54005299,0.16052736
1.54069299,0.16052736
1.54133299,0.16052736
1.54197299,0.16052736
1.54261299,0.16052736
1.54325299,0.16052736
1.54389299,0.16052736
1.54453299,0.16052736
1.54517299,0.16052736
1.54581299,-0.01525925
1.54645299,-0.01525925
1.54709299,-0.01525925
1.54773299,-0.01525925
1.54837299,-0.01525925
1.54901299,-0.01525925
1.54965299,-0.01525925
1.55029299,-0.01525925
1.55093299,-0.01525925
1.55157299,-0.01525925
1.55221299,-0.19104587
1.55285299,-0.19104587
1.55349299,-0.19104587
1.55413299,-0.19104587
1.55477299,-0.19104587
1.55541299,-0.19104587
1.55605299,-0.19104587
1.55669299,-0.19104587
1.55733299,-0.36744285
1.55797299,-0.36744285
1.55861299,-0.36744285
1.55925299,-0.36744285
1.55989299,-0.19104587
1.56053299,-0.36744285
1.56117299,-0.36744285
1.56181299,-0.36744285
1.56245299,-0.36744285
1.56309299,-0.36744285
1.56373299,-0.36744285
1.56437299,-0.36744285
1.56501299,-0.36744285
1.56565299,-0.36744285
1.56629299,-0.36744285
1.56693299,-0.36744285
1.56757299,-0.36744285
1.56821299,-0.36744285
1.56885299,-0.54383981
1.56949299,-0.54383981
1.57013299,-0.54383981
1.57077299,-0.36744285
1.57141299,-0.54383981
1.57205299,-0.54383981
1.57269299,-0.54383981
1.57333299,-0.54383981
1.57397299,-0.54383981
1.57461299,-0.54383981
1.57525299,-0.72023684
1.57589299,-0.72023684
1.57653299,-0.72023684
1.57717299,-0.54383981
1.57781299,-0.54383981
1.57845299,-0.54383981
1.57909299,-0.54383981
1.57973299,-0.72023684
1.58037299,-0.72023684
1.58101299,-0.54383981
1.58165299,-0.54383981
1.58229299,-0.54383981
1.58293299,-0.72023684
1.58357299,-0.72023684
1.58421299,-0.72023684
1.58485299,-0.72023684
1.58549299,-0.72023684
1.58613299,-0.72023684
1.58677299,-0.72023684
1.58741299,-0.72023684
1.58805299,-0.54383981
1.58869299,-0.54383981
1.58933299,-0.72023684
1.58997299,-0.72023684
1.59061299,-0.54383981
1.59125299,-0.72023684
1.59189299,-0.72023684
1.59253299,-0.54383981
1.59317299,-0.72023684
1.59381299,-0.54383981
1.59445299,-0.72023684
1.59509299,-0.54383981
1.59573299,-0.54383981
1.59637299,-0.54383981
1.59701299,-0.54383981
1.59765299,-0.54383981
1.59829299,-0.54383981
1.59893299,-0.54383981
1.59957299,-0.54383981
1.60021299,-0.54383981
1.60085299,-0.36744285
1.60149299,-0.36744285
1.60213299,-0.54383981
1.60277299,-0.54383981
1.60341299,-0.54383981
1.60405299,-0.36744285
1.60469299,-0.36744285
1.60533299,-0.36744285
1.60597299,-0.36744285
1.60661299,-0.36744285
1.60725299,-0.36744285
1.60789299,-0.36744285
1.60853299,-0.36744285
1.60917299,-0.36744285
1.60981299,-0.36744285
1.61045299,-0.19104587
1.61109299,-0.36744285
1.61173299,-0.19104587
1.61237299,-0.19104587
1.61301299,-0.19104587
1.61365299,-0.19104587
1.61429299,-0.19104587
1.61493299,-0.19104587
1.61557299,-0.01525925
1.61621299,-0.19104587
1.61685299,-0.01525925
1.61749299,-0.01525925
1.61813299,-0.01525925
1.61877299,-0.01525925
1.61941299,-0.01525925
1.62005299,0.16052736
1.62069299,-0.01525925
1.62133299,0.16052736
1.62197299,0.16052736
1.62261299,0.16052736
1.62325299,0.16052736
1.62389299,0.16052736
1.62453299,0.16052736
1.62517299,0.33692434
1.62581299,0.33692434
1.62645299,0.33692434
1.62709299,0.33692434
1.62773299,0.33692434
1.62837299,0.33692434
1.62901299,0.33692434
1.62965299,0.33692434
1.63029299,0.33692434
1.63093299,0.33692434
1.63157299,0.33692434
1.63221299,0.51332134
1.63285299,0.51332134
1.63349299,0.51332134
1.63413299,0.51332134
1.63477299,0.68971831
1.63541299,0.51332134
1.63605299,0.68971831
1.63669299,0.68971831
1.63733299,0.68971831
1.63797299,0.68971831
1.63861299,0.68971831
1.63925299,0.68971831
1.63989299,0.68971831
1.64053299,0.68971831
1.64117299,0.86550492
1.64181299,0.86550492
1.64245299,0.86550492
1.64309299,0.86550492
1.64373299,0.86550492
1.64437299,0.86550492
1.64501299,0.86550492
1.64565299,0.86550492
1.64629299,0.86550492
1.64693299,0.86550492
1.64757299,0.86550492
1.64821299,0.86550492
1.64885299,1.04190195
1.64949299,0.86550492
1.65013299,1.04190195
1.65077299,1.04190195
1.65141299,1.04190195
1.65205299,0.86550492
1.65269299,0.86550492
1.65333299,1.04190195
1.65397299,1.04190195
1.65461299,0.86550492
1.65525299,1.04190195
1.65589299,1.04190195
1.65653299,0.86550492
1.65717299,1.04190195
1.65781299,1.04190195
1.65845299,1.04190195
1.65909299,0.86550492
1.65973299,1.04190195
1.66037299,1.04190195
1.66101299,0.86550492
1.66165299,0.86550492
1.66229299,1.04190195
1.66293299,0.86550492
1.66357299,0.86550492
1.66421299,0.86550492
1.66485299,0.86550492
1.66549299,0.86550492
1.66613299,0.86550492
1.66677299,0.86550492
1.66741299,0.86550492
1.66805299,0.86550492
1.66869299,0.68971831
1.66933299,0.86550492
1.66997299,0.68971831
1.67061299,0.68971831
1.67125299,0.68971831
1.67189299,0.68971831
1.67253299,0.68971831
1.67317299,0.51332134
1.67381299,0.51332134
1.67445299,0.51332134
1.67509299,0.51332134
1.67573299,0.51332134
1.67637299,0.51332134
1.67701299,0.51332134
1.67765299,0.51332134
1.67829299,0.51332134
1.67893299,0.33692434
1.67957299,0.51332134
1.68021299,0.33692434
1.68085299,0.33692434
1.68149299,0.33692434
1.68213299,0.33692434
1.68277299,0.33692434
1.68341299,0.16052736
1.68405299,0.33692434
1.68469299,0.16052736
1.68533299,0.16052736
1.68597299,0.16052736
1.68661299,0.16052736
1.68725299,-0.01525925
1.68789299,0.16052736
1.68853299,-0.01525925
1.68917299,-0.01525925
1.68981299,-0.01525925
1.69045299,-0.19104587
1.69109299,-0.19104587
1.69173299,-0.19104587
1.69237299,-0.19104587
1.69301299,-0.19104587
1.69365299,-0.19104587
1.69429299,-0.19104587
1.69493299,-0.36744285
1.69557299,-0.36744285
1.69621299,-0.36744285
1.69685299,-0.36744285
1.69749299,-0.36744285
1.69813299,-0.36744285
1.69877299,-0.36744285
1.69941299,-0.54383981
1.70005299,-0.54383981
1.70069299,-0.54383981
1.70133299,-0.54383981
1.70197299,-0.54383981
1.70261299,-0.72023684
1.70325299,-0.72023684
1.70389299,-0.72023684
1.70453299,-0.72023684
1.70517299,-0.72023684
1.70581299,-0.72023684
1.70645299,-0.89602345
1.70709299,-0.89602345
1.70773299,-0.89602345
1.70837299,-0.89602345
1.70901299,-0.89602345
1.70965299,-0.89602345
1.71029299,-0.89602345
1.71093299,-1.07242048
1.71157299,-1.07242048
1.71221299,-1.07242048
1.71285299,-1.07242048
1.71349299,-0.89602345
1.71413299,-1.07242048
1.71477299,-1.07242048
1.71541299,-1.07242048
1.71605299,-1.07242048
1.71669299,-1.07242048
1.71733299,-1.07242048
1.71797299,-1.24881744
1.71861299,-1.07242048
1.71925299,-1.07242048
1.71989299,-1.07242048
1.72053299,-1.07242048
1.72117299,-1.07242048
1.72181299,-1.07242048
1.72245299,-1.24881744
1.72309299,-1.07242048
1.72373299,-1.24881744
1.72437299,-1.07242048
1.72501299,-1.24881744
1.72565299,-1.24881744
1.72629299,-1.07242048
1.72693299,-1.07242048
1.72757299,-1.07242048
1.72821299,-1.07242048
1.72885299,-1.07242048
1.72949299,-1.07242048
1.73013299,-1.07242048
1.73077299,-1.07242048
1.73141299,-1.07242048
1.73205299,-1.07242048
1.73269299,-1.07242048
1.73333299,-1.07242048
1.73397299,-1.07242048
1.73461299,-1.07242048
1.73525299,-0.89602345
1.73589299,-0.89602345
1.73653299,-0.89602345
1.73717299,-0.89602345
1.73781299,-1.07242048
1.73845299,-0.89602345
1.73909299,-0.89602345
1.73973299,-0.89602345
1.74037299,-0.72023684
1.74101299,-0.89602345
1.74165299,-0.72023684
1.74229299,-0.89602345
1.74293299,-0.72023684
1.74357299,-0.72023684
1.74421299,-0.72023684
1.74485299,-0.72023684
1.74549299,-0.54383981
1.74613299,-0.54383981
1.74677299,-0.54383981
1.74741299,-0.54383981
1.74805299,-0.54383981
1.74869299,-0.36744285
1.74933299,-0.36744285
1.74997299,-0.36744285
1.75061299,-0.36744285
1.75125299,-0.36744285
1.75189299,-0.19104587
1.75253299,-0.19104587
1.75317299,-0.19104587
1.75381299,-0.19104587
1.75445299,-0.19104587
1.75509299,-0.19104587
1.75573299,-0.01525925
1.75637299,-0.01525925
1.75701299,-0.01525925
1.75765299,0.16052736
1.75829299,0.16052736
1.75893299,0.16052736
1.75957299,0.33692434
1.76021299,0.16052736
1.76085299,0.33692434
1.76149299,0.33692434
1.76213299,0.33692434
1.76277299,0.33692434
1.76341299,0.33692434
1.76405299,0.51332134
1.76469299,0.33692434
1.76533299,0.51332134
1.76597299,0.51332134
1.76661299,0.51332134
1.76725299,0.51332134
1.76789299,0.68971831
1.76853299,0.68971831
1.76917299,0.68971831
1.76981299,0.68971831
1.77045299,0.86550492
1.77109299,0.86550492
1.77173299,0.86550492
1.77237299,0.86550492
1.77301299,0.86550492
1.77365299,1.04190195
1.77429299,0.86550492
1.77493299,1.04190195
1.77557299,1.04190195
1.77621299,1.04190195
1.77685299,1.04190195
1.77749299,1.04190195
1.77813299,1.04190195
1.77877299,1.21829891
1.77941299,1.21829891
1.78005299,1.21829891
1.78069299,1.21829891
1.78133299,1.21829891
1.78197299,1.21829891
1.78261299,1.21829891
1.78325299,1.21829891
1.78389299,1.21829891
1.78453299,1.21829891
1.78517299,1.39469588
1.78581299,1.39469588
1.78645299,1.39469588
1.78709299,1.39469588
1.78773299,1.39469588
1.78837299,1.39469588
1.78901299,1.39469588
1.78965299,1.39469588
1.79029299,1.39469588
1.79093299,1.39469588
1.79157299,1.39469588
1.79221299,1.21829891
1.79285299,1.39469588
1.79349299,1.39469588
1.79413299,1.39469588
1.79477299,1.39469588
1.79541299,1.39469588
1.79605299,1.39469588
1.79669299,1.39469588
1.79733299,1.21829891
1.79797299,1.21829891
1.79861299,1.39469588
1.79925299,1.21829891
1.79989299,1.39469588
1.80053299,1.21829891
1.80117299,1.21829891
1.80181299,1.21829891
1.80245299,1.21829891
1.80309299,1.21829891
1.80373299,1.21829891
1.80437299,1.21829891
1.80501299,1.21829891
1.80565299,1.21829891
1.80629299,1.04190195
1.80693299,1.04190195
1.80757299,1.04190195
1.80821299,1.04190195
1.80885299,0.86550492
1.80949299,0.86550492
1.81013299,1.04190195
1.81077299,0.86550492
1.81141299,0.86550492
1.81205299,0.86550492
1.81269299,0.86550492
1.81333299,0.68971831
1.81397299,0.68971831
1.81461299,0.68971831
1.81525299,0.68971831
1.81589299,0.51332134
1.81653299,0.51332134
1.81717299,0.33692434
1.81781299,0.51332134
1.81845299,0.51332134
1.81909299,0.33692434
1.81973299,0.33692434
1.82037299,0.33692434
1.82101299,0.33692434
1.82165299,0.16052736
1.82229299,0.16052736
1.82293299,0.16052736
1.82357299,0.16052736
1.82421299,0.16052736
1.82485299,0.16052736
1.82549299,-0.01525925
1.82613299,-0.01525925
1.82677299,-0.19104587
1.82741299,-0.19104587
1.82805299,-0.19104587
1.82869299,-0.36744285
1.82933299,-0.36744285
1.82997299,-0.36744285
1.83061299,-0.36744285
1.83125299,-0.36744285
1.83189299,-0.36744285
1.83253299,-0.54383981
1.83317299,-0.54383981
1.83381299,-0.54383981
1.83445299,-0.54383981
1.83509299,-0.54383981
1.83573299,-0.72023684
1.83637299,-0.72023684
1.83701299,-0.72023684
1.83765299,-0.72023684
1.83829299,-0.72023684
1.83893299,-0.89602345
1.83957299,-0.89602345
1.84021299,-0.89602345
1.84085299,-1.07242048
1.84149299,-0.89602345
1.84213299,-1.07242048
1.84277299,-1.07242048
1.84341299,-1.07242048
1.84405299,-1.07242048
1.84469299,-1.24881744
1.84533299,-1.24881744
1.84597299,-1.24881744
1.84661299,-1.24881744
1.84725299,-1.24881744
1.84789299,-1.42521441
1.84853299,-1.42521441
1.84917299,-1.24881744
1.84981299,-1.42521441
1.85045299,-1.42521441
1.85109299,-1.42521441
1.85173299,-1.42521441
1.85237299,-1.60100102
1.85301299,-1.60100102
1.85365299,-1.60100102
1.85429299,-1.60100102
1.85493299,-1.60100102
1.85557299,-1.60100102
1.85621299,-1.60100102
1.85685299,-1.60100102
1.85749299,-1.60100102
1.85813299,-1.60100102
1.85877299,-1.60100102
1.85941299,-1.60100102
1.86005299,-1.60100102
1.86069299,-1.60100102
1.86133299,-1.60100102
1.86197299,-1.60100102
1.86261299,-1.60100102
1.86325299,-1.60100102
1.86389299,-1.60100102
1.86453299,-1.42521441
1.86517299,-1.60100102
1.86581299,-1.60100102
1.86645299,-1.60100102
1.86709299,-1.60100102
1.86773299,-1.60100102
1.86837299,-1.42521441
1.86901299,-1.42521441
1.86965299,-1.24881744
1.87029299,-1.42521441
1.87093299,-1.42521441
1.87157299,-1.24881744
1.87221299,-1.24881744
1.87285299,-1.24881744
1.87349299,-1.24881744
1.87413299,-1.24881744
1.87477299,-1.24881744
1.87541299,-1.24881744
1.87605299,-1.07242048
1.87669299,-1.07242048
1.87733299,-1.07242048
1.87797299,-1.07242048
1.87861299,-1.07242048
1.87925299,-0.89602345
1.87989299,-0.89602345
1.88053299,-0.89602345
1.88117299,-0.89602345
1.88181299,-0.89602345
1.88245299,-0.89602345
1.88309299,-0.72023684
1.88373299,-0.72023684
1.88437299,-0.54383981
1.88501299,-0.54383981
1.88565299,-0.54383981
1.88629299,-0.36744285
1.88693299,-0.36744285
1.88757299,-0.36744285
1.88821299,-0.36744285
1.88885299,-0.19104587
1.88949299,-0.36744285
1.89013299,-0.19104587
1.89077299,-0.19104587
1.89141299,-0.19104587
1.89205299,-0.01525925
1.89269299,-0.01525925
1.89333299,-0.01525925
1.89397299,-0.01525925
1.89461299,0.16052736
1.89525299,0.16052736
1.89589299,0.16052736
1.89653299,0.33692434
1.89717299,0.33692434
1.89781299,0.33692434
1.89845299,0.33692434
1.89909299,0.33692434
1.89973299,0.33692434
1.90037299,0.51332134
1.90101299,0.51332134
1.90165299,0.51332134
1.90229299,0.68971831
1.90293299,0.68971831
1.90357299,0.86550492
1.90421299,0.86550492
1.90485299,0.86550492
1.90549299,0.86550492
1.90613299,0.86550492
1.90677299,0.86550492
1.90741299,1.04190195
1.90805299,1.04190195
1.90869299,1.04190195
1.90933299,1.21829891
1.90997299,1.04190195
1.91061299,1.21829891
1.91125299,1.21829891
1.91189299,1.21829891
1.91253299,1.21829891
1.91317299,1.39469588
1.91381299,1.39469588
1.91445299,1.39469588
1.91509299,1.39469588
1.91573299,1.39469588
1.91637299,1.57048249
1.91701299,1.57048249
1.91765299,1.57048249
1.91829299,1.57048249
1.91893299,1.74687946
1.91957299,1.57048249
1.92021299,1.57048249
1.92085299,1.74687946
1.92149299,1.57048249
1.92213299,1.74687946
1.92277299,1.74687946
1.92341299,1.74687946
1.92405299,1.74687946
1.92469299,1.74687946
1.92533299,1.74687946
1.92597299,1.74687946
1.92661299,1.74687946
1.92725299,1.74687946
1.92789299,1.74687946
1.92853299,1.74687946
1.92917299,1.74687946
1.92981299,1.74687946
1.93045299,1.74687946
1.93109299,1.74687946
1.93173299,1.74687946
1.93237299,1.74687946
1.93301299,1.74687946
1.93365299,1.74687946
1.93429299,1.74687946
1.93493299,1.74687946
1.93557299,1.57048249
1.93621299,1.57048249
1.93685299,1.57048249
1.93749299,1.57048249
1.93813299,1.57048249
1.93877299,1.57048249
1.93941299,1.57048249
1.94005299,1.57048249
1.94069299,1.57048249
1.94133299,1.39469588
1.94197299,1.39469588
1.94261299,1.39469588
1.94325299,1.39469588
1.94389299,1.39469588
1.94453299,1.21829891
1.94517299,1.21829891
1.94581299,1.21829891
1.94645299,1.21829891
1.94709299,1.04190195
1.94773299,1.04190195
1.94837299,1.04190195
1.94901299,1.04190195
1.94965299,1.04190195
1.95029299,0.86550492
1.95093299,0.86550492
1.95157299,0.86550492
1.95221299,0.68971831
1.95285299,0.68971831
1.95349299,0.68971831
1.95413299,0.51332134
1.95477299,0.51332134
1.95541299,0.51332134
1.95605299,0.51332134
1.95669299,0.51332134
1.95733299,0.33692434
1.95797299,0.33692434
1.95861299,0.33692434
1.95925299,0.16052736
1.95989299,0.16052736
1.96053299,0.16052736
1.96117299,-0.01525925
1.96181299,-0.01525925
1.96245299,-0.01525925
1.96309299,-0.19104587
1.96373299,-0.19104587
1.96437299,-0.19104587
1.96501299,-0.19104587
1.96565299,-0.36744285
1.96629299,-0.36744285
1.96693299,-0.36744285
1.96757299,-0.36744285
1.96821299,-0.54383981
1.96885299,-0.54383981
1.96949299,-0.72023684
1.97013299,-0.72023684
1.97077299,-0.72023684
1.97141299,-0.89602345
1.97205299,-0.89602345
1.97269299,-0.89602345
1.97333299,-0.89602345
1.97397299,-0.89602345
1.97461299,-0.89602345
1.97525299,-1.07242048
1.97589299,-1.07242048
1.97653299,-1.07242048
1.97717299,-1.24881744
1.97781299,-1.24881744
1.97845299,-1.42521441
1.97909299,-1.24881744
1.97973299,-1.24881744
1.98037299,-1.42521441
1.98101299,-1.42521441
1.98165299,-1.60100102
1.98229299,-1.60100102
1.98293299,-1.60100102
1.98357299,-1.60100102
1.98421299,-1.60100102
1.98485299,-1.60100102
1.98549299,-1.77739799
1.98613299,-1.77739799
1.98677299,-1.77739799
1.98741299,-1.77739799
1.98805299,-1.77739799
1.98869299,-1.77739799
1.98933299,-1.77739799
1.98997299,-1.77739799
1.99061299,-1.77739799
1.99125299,-1.77739799
1.99189299,-1.77739799
1.99253299,-1.77739799
1.99317299,-1.77739799
1.99381299,-1.77739799
1.99445299,-1.77739799
1.99509299,-1.77739799
1.99573299,-1.77739799
1.99637299,-1.77739799
1.99701299,-1.77739799
1.99765299,-1.77739799
1.99829299,-1.77739799
1.99893299,-1.77739799
1.99957299,-1.77739799
2.00021299,-1.77739799
2.00085299,-1.77739799
2.00149299,-1.77739799
2.00213299,-1.77739799
2.00277299,-1.77739799
2.00341299,-1.77739799
2.00405299,-1.77739799
2.00469299,-1.77739799
2.00533299,-1.60100102
2.00597299,-1.60100102
2.00661299,-1.60100102
2.00725299,-1.60100102
2.00789299,-1.60100102
2.00853299,-1.60100102
2.00917299,-1.60100102
2.00981299,-1.60100102
2.01045299,-1.60100102
2.01109299,-1.42521441
2.01173299,-1.24881744
2.01237299,-1.24881744
2.01301299,-1.24881744
2.01365299,-1.24881744
2.01429299,-1.24881744
2.01493299,-1.07242048
2.01557299,-1.07242048
2.01621299,-1.07242048
2.01685299,-1.07242048
2.01749299,-0.89602345
2.01813299,-0.89602345
2.01877299,-0.89602345
2.01941299,-0.72023684
2.02005299,-0.89602345
2.02069299,-0.72023684
2.02133299,-0.72023684
2.02197299,-0.72023684
2.02261299,-0.54383981
2.02325299,-0.54383981
2.02389299,-0.36744285
2.02453299,-0.36744285
2.02517299,-0.36744285
2.02581299,-0.36744285
2.02645299,-0.19104587
2.02709299,-0.19104587
2.02773299,-0.19104587
2.02837299,-0.01525925
2.02901299,-0.01525925
2.02965299,0.16052736
2.03029299,0.16052736
2.03093299,0.16052736
2.03157299,0.16052736
2.03221299,0.33692434
2.03285299,0.33692434
2.03349299,0.33692434
2.03413299,0.51332134
2.03477299,0.51332134
2.03541299,0.51332134
2.03605299,0.51332134
2.03669299,0.68971831
2.03733299,0.68971831
2.03797299,0.86550492
2.03861299,0.86550492
2.03925299,0.86550492
2.03989299,0.86550492
2.04053299,1.04190195
2.04117299,1.04190195
2.04181299,1.04190195
2.04245299,1.04190195
2.04309299,1.21829891
2.04373299,1.21829891
2.04437299,1.21829891
2.04501299,1.39469588
2.04565299,1.39469588
2.04629299,1.39469588
2.04693299,1.39469588
2.04757299,1.57048249
2.04821299,1.57048249
2.04885299,1.57048249
2.04949299,1.57048249
2.05013299,1.57048249
2.05077299,1.74687946
2.05141299,1.74687946
2.05205299,1.74687946
2.05269299,1.74687946
2.05333299,1.74687946
2.05397299,1.74687946
2.05461299,1.92327642
2.05525299,1.92327642
2.05589299,1.92327642
2.05653299,1.92327642
2.05717299,1.92327642
2.05781299,1.92327642
2.05845299,1.92327642
2.05909299,1.92327642
2.05973299,1.92327642
2.06037299,1.92327642
2.06101299,1.92327642
2.06165299,1.92327642
2.06229299,1.92327642
2.06293299,2.09967351
2.06357299,1.92327642
2.06421299,1.92327642
2.06485299,1.92327642
2.06549299,1.92327642
2.06613299,1.92327642
2.06677299,1.92327642
2.06741299,1.92327642
2.06805299,1.92327642
2.06869299,1.92327642
2.06933299,1.92327642
2.06997299,1.92327642
2.07061299,1.92327642
2.07125299,1.92327642
2.07189299,1.92327642
2.07253299,1.92327642
2.07317299,1.74687946
2.07381299,1.74687946
2.07445299,1.74687946
2.07509299,1.74687946
2.07573299,1.74687946
2.07637299,1.74687946
2.07701299,1.57048249
2.07765299,1.74687946
2.07829299,1.57048249
2.07893299,1.57048249
2.07957299,1.57048249
2.08021299,1.39469588
2.08085299,1.39469588
2.08149299,1.39469588
2.08213299,1.21829891
2.08277299,1.21829891
2.08341299,1.21829891
2.08405299,1.21829891
2.08469299,1.21829891
2.08533299,1.04190195
2.08597299,1.04190195
2.08661299,1.04190195
2.08725299,1.04190195
2.08789299,0.86550492
2.08853299,0.86550492
2.08917299,0.68971831
2.08981299,0.68971831
2.09045299,0.51332134
2.09109299,0.68971831
2.09173299,0.51332134
2.09237299,0.33692434
2.09301299,0.33692434
2.09365299,0.33692434
2.09429299,0.33692434
2.09493299,0.33692434
2.09557299,0.16052736
2.09621299,0.16052736
2.09685299,-0.01525925
2.09749299,-0.01525925
2.09813299,0.16052736
2.09877299,-0.19104587
2.09941299,-0.19104587
2.10005299,-0.19104587
2.10069299,-0.19104587
2.10133299,-0.36744285
2.10197299,-0.36744285
2.10261299,-0.36744285
2.10325299,-0.54383981
2.10389299,-0.54383981
2.10453299,-0.72023684
2.10517299,-0.72023684
2.10581299,-0.89602345
2.10645299,-0.72023684
2.10709299,-0.89602345
2.10773299,-1.07242048
2.10837299,-1.07242048
2.10901299,-1.07242048
2.10965299,-1.07242048
2.11029299,-1.07242048
2.11093299,-1.24881744
2.11157299,-1.24881744
2.11221299,-1.24881744
2.11285299,-1.42521441
2.11349299,-1.42521441
2.11413299,-1.60100102
2.11477299,-1.42521441
2.11541299,-1.60100102
2.11605299,-1.60100102
2.11669299,-1.60100102
2.11733299,-1.77739799
2.11797299,-1.77739799
2.11861299,-1.77739799
2.11925299,-1.77739799
2.11989299,-1.77739799
2.12053299,-1.77739799
2.12117299,-1.77739799
2.12181299,-1.77739799
2.12245299,-1.95379496
2.12309299,-1.95379496
2.12373299,-1.95379496
2.12437299,-1.95379496
2.12501299,-1.95379496
2.12565299,-1.95379496
2.12629299,-1.95379496
2.12693299,-1.95379496
2.12757299,-2.13019204
2.12821299,-1.95379496
2.12885299,-1.95379496
2.12949299,-2.13019204
2.13013299,-2.13019204
2.13077299,-1.95379496
2.13141299,-2.13019204
2.13205299,-2.13019204
2.13269299,-1.95379496
2.13333299,-2.13019204
2.13397299,-1.95379496
2.13461299,-2.13019204
2.13525299,-2.13019204
2.13589299,-1.95379496
2.13653299,-1.95379496
2.13717299,-1.95379496
2.13781299,-1.95379496
2.13845299,-1.95379496
2.13909299,-1.95379496
2.13973299,-1.95379496
2.14037299,-1.77739799
2.14101299,-1.77739799
2.14165299,-1.77739799
2.14229299,-1.77739799
2.14293299,-1.77739799
2.14357299,-1.77739799
2.14421299,-1.77739799
2.14485299,-1.60100102
2.14549299,-1.60100102
2.14613299,-1.60100102
2.14677299,-1.60100102
2.14741299,-1.60100102
2.14805299,-1.60100102
2.14869299,-1.42521441
2.14933299,-1.42521441
2.14997299,-1.24881744
2.15061299,-1.24881744
2.15125299,-1.24881744
2.15189299,-1.07242048
2.15253299,-1.07242048
2.15317299,-1.07242048
2.15381299,-1.07242048
2.15445299,-1.07242048
2.15509299,-0.89602345
2.15573299,-1.07242048
2.15637299,-0.89602345
2.15701299,-0.72023684
2.15765299,-0.72023684
2.15829299,-0.54383981
2.15893299,-0.54383981
2.15957299,-0.54383981
2.16021299,-0.36744285
2.16085299,-0.36744285
2.16149299,-0.36744285
2.16213299,-0.19104587
2.16277299,-0.19104587
2.16341299,-0.19104587
2.16405299,-0.19104587
2.16469299,-0.01525925
2.16533299,-0.01525925
2.16597299,0.16052736
2.16661299,0.16052736
2.16725299,0.33692434
2.16789299,0.33692434
2.16853299,0.33692434
2.16917299,0.33692434
2.16981299,0.51332134
2.17045299,0.51332134
2.17109299,0.51332134
2.17173299,0.51332134
2.17237299,0.68971831
2.17301299,0.68971831
2.17365299,0.86550492
2.17429299,0.86550492
2.17493299,1.04190195
2.17557299,1.04190195
2.17621299,1.04190195
2.17685299,1.04190195
2.17749299,1.21829891
2.17813299,1.21829891
2.17877299,1.21829891
2.17941299,1.39469588
2.18005299,1.39469588
2.18069299,1.57048249
2.18133299,1.57048249
2.18197299,1.57048249
2.18261299,1.57048249
2.18325299,1.74687946
2.18389299,1.74687946
2.18453299,1.74687946
2.18517299,1.74687946
2.18581299,1.74687946
2.18645299,1.92327642
2.18709299,1.74687946
2.18773299,1.92327642
2.18837299,1.92327642
2.18901299,1.92327642
2.18965299,1.92327642
2.19029299,1.92327642
2.19093299,2.09967351
2.19157299,1.92327642
2.19221299,2.09967351
2.19285299,2.09967351
2.19349299,2.09967351
2.19413299,2.09967351
2.19477299,2.09967351
2.19541299,2.27546000
2.19605299,2.09967351
2.19669299,2.27546000
2.19733299,2.09967351
2.19797299,2.27546000
2.19861299,2.27546000
2.19925299,2.27546000
2.19989299,2.27546000
2.20053299,2.27546000
2.20117299,2.09967351
2.20181299,2.27546000
2.20245299,2.27546000
2.20309299,2.27546000
2.20373299,2.09967351
2.20437299,2.09967351
2.20501299,2.09967351
2.20565299,2.09967351
2.20629299,1.92327642
2.20693299,2.09967351
2.20757299,2.09967351
2.20821299,1.92327642
2.20885299,1.92327642
2.20949299,1.92327642
2.21013299,1.92327642
2.21077299,1.92327642
2.21141299,1.92327642
2.21205299,1.74687946
2.21269299,1.74687946
2.21333299,1.74687946
2.21397299,1.74687946
2.21461299,1.57048249
2.21525299,1.74687946
2.21589299,1.57048249
2.21653299,1.57048249
2.21717299,1.39469588
2.21781299,1.39469588
2.21845299,1.39469588
2.21909299,1.39469588
2.21973299,1.21829891
2.22037299,1.21829891
2.22101299,1.21829891
2.22165299,1.21829891
2.22229299,1.04190195
2.22293299,1.04190195
2.22357299,0.86550492
2.22421299,0.86550492
2.22485299,0.86550492
2.22549299,0.86550492
2.22613299,0.68971831
2.22677299,0.51332134
2.22741299,0.51332134
2.22805299,0.51332134
2.22869299,0.51332134
2.22933299,0.33692434
2.22997299,0.33692434
2.23061299,0.33692434
2.23125299,0.16052736
2.23189299,0.16052736
2.23253299,-0.01525925
2.23317299,-0.01525925
2.23381299,-0.01525925
2.23445299,-0.19104587
2.23509299,-0.36744285
2.23573299,-0.36744285
2.23637299,-0.36744285
2.23701299,-0.36744285
2.23765299,-0.36744285
2.23829299,-0.54383981
2.23893299,-0.54383981
2.23957299,-0.72023684
2.24021299,-0.72023684
2.24085299,-0.72023684
2.24149299,-0.89602345
2.24213299,-0.89602345
2.24277299,-0.89602345
2.24341299,-1.07242048
2.24405299,-1.07242048
2.24469299,-1.07242048
2.24533299,-1.24881744
2.24597299,-1.24881744
2.24661299,-1.42521441
2.24725299,-1.42521441
2.24789299,-1.60100102
2.24853299,-1.42521441
2.24917299,-1.60100102
2.24981299,-1.60100102
2.25045299,-1.60100102
2.25109299,-1.60100102
2.25173299,-1.77739799
2.25237299,-1.77739799
2.25301299,-1.77739799
2.25365299,-1.77739799
2.25429299,-1.77739799
2.25493299,-1.95379496
2.25557299,-1.95379496
2.25621299,-1.95379496
2.25685299,-1.95379496
2.25749299,-1.95379496
2.25813299,-1.95379496
2.25877299,-1.95379496
2.25941299,-2.13019204
2.26005299,-2.13019204
2.26069299,-2.13019204
2.26133299,-2.13019204
2.26197299,-2.30597854
2.26261299,-2.30597854
2.26325299,-2.13019204
2.26389299,-2.13019204
2.26453299,-2.30597854
2.26517299,-2.30597854
2.26581299,-2.30597854
2.26645299,-2.13019204
2.26709299,-2.30597854
2.26773299,-2.30597854
2.26837299,-2.13019204
2.26901299,-2.13019204
2.26965299,-2.13019204
2.27029299,-2.30597854
2.27093299,-2.13019204
2.27157299,-2.13019204
2.27221299,-2.13019204
2.27285299,-2.13019204
2.27349299,-2.13019204
2.27413299,-1.95379496
2.27477299,-2.13019204
2.27541299,-2.13019204
2.27605299,-1.95379496
2.27669299,-1.95379496
2.27733299,-1.95379496
2.27797299,-1.95379496
2.27861299,-1.95379496
2.27925299,-1.77739799
2.27989299,-1.77739799
2.28053299,-1.77739799
2.28117299,-1.77739799
2.28181299,-1.77739799
2.28245299,-1.77739799
2.28309299,-1.77739799
2.28373299,-1.60100102
2.28437299,-1.60100102
2.28501299,-1.42521441
2.28565299,-1.42521441
2.28629299,-1.24881744
2.28693299,-1.24881744
2.28757299,-1.24881744
2.28821299,-1.24881744
2.28885299,-1.07242048
2.28949299,-1.07242048
2.29013299,-0.89602345
2.29077299,-0.89602345
2.29141299,-0.89602345
2.29205299,-0.89602345
2.29269299,-0.72023684
2.29333299,-0.72023684
2.29397299,-0.72023684
2.29461299,-0.54383981
2.29525299,-0.54383981
2.29589299,-0.36744285
2.29653299,-0.36744285
2.29717299,-0.36744285
2.29781299,-0.19104587
2.29845299,-0.19104587
2.29909299,-0.19104587
2.29973299,-0.01525925
2.30037299,-0.01525925
2.30101299,0.16052736
2.30165299,0.16052736
2.30229299,0.16052736
2.30293299,0.16052736
2.30357299,0.33692434
2.30421299,0.33692434
2.30485299,0.51332134
2.30549299,0.51332134
2.30613299,0.51332134
2.30677299,0.68971831
2.30741299,0.68971831
2.30805299,0.86550492
2.30869299,0.86550492
2.30933299,0.86550492
2.30997299,1.04190195
2.31061299,1.04190195
2.31125299,1.21829891
2.31189299,1.21829891
2.31253299,1.21829891
2.31317299,1.21829891
2.31381299,1.39469588
2.31445299,1.39469588
2.31509299,1.57048249
2.31573299,1.57048249
2.31637299,1.57048249
2.31701299,1.57048249
2.31765299,1.57048249
2.31829299,1.74687946
2.31893299,1.74687946
2.31957299,1.74687946
2.32021299,1.74687946
2.32085299,1.92327642
2.32149299,1.92327642
2.32213299,1.92327642
2.32277299,1.92327642
2.32341299,1.92327642
2.32405299,2.09967351
2.32469299,2.09967351
2.32533299,2.09967351
2.32597299,2.09967351
2.32661299,2.09967351
2.32725299,2.09967351
2.32789299,2.09967351
2.32853299,2.27546000
2.32917299,2.27546000
2.32981299,2.27546000
2.33045299,2.27546000
2.33109299,2.27546000
2.33173299,2.27546000
2.33237299,2.27546000
2.33301299,2.45185709
2.33365299,2.27546000
2.33429299,2.27546000
2.33493299,2.27546000
2.33557299,2.27546000
2.33621299,2.27546000
2.33685299,2.27546000
2.33749299,2.27546000
2.33813299,2.27546000
2.33877299,2.27546000
2.33941299,2.27546000
2.34005299,2.27546000
2.34069299,2.27546000
2.34133299,2.09967351
2.34197299,2.27546000
2.34261299,2.09967351
2.34325299,2.09967351
2.34389299,1.92327642
2.34453299,1.92327642
2.34517299,1.92327642
2.34581299,1.92327642
2.34645299,1.92327642
2.34709299,1.92327642
2.34773299,1.92327642
2.34837299,1.74687946
2.34901299,1.74687946
2.34965299,1.74687946
2.35029299,1.74687946
2.35093299,1.74687946
2.35157299,1.57048249
2.35221299,1.57048249
2.35285299,1.57048249
2.35349299,1.39469588
2.35413299,1.57048249
2.35477299,1.39469588
2.35541299,1.39469588
2.35605299,1.21829891
2.35669299,1.21829891
2.35733299,1.21829891
2.35797299,1.21829891
2.35861299,1.04190195
2.35925299,1.04190195
2.35989299,0.86550492
2.36053299,0.86550492
2.36117299,0.86550492
2.36181299,0.68971831
2.36245299,0.68971831
2.36309299,0.68971831
2.36373299,0.51332134
2.36437299,0.51332134
2.36501299,0.33692434
2.36565299,0.33692434
2.36629299,0.33692434
2.36693299,0.16052736
2.36757299,0.16052736
2.36821299,0.16052736
2.36885299,-0.01525925
2.36949299,-0.01525925
2.37013299,-0.19104587
2.37077299,-0.19104587
2.37141299,-0.36744285
2.37205299,-0.36744285
2.37269299,-0.36744285
2.37333299,-0.54383981
2.37397299,-0.54383981
2.37461299,-0.72023684
2.37525299,-0.72023684
2.37589299,-0.72023684
2.37653299,-0.89602345
2.37717299,-0.89602345
2.37781299,-0.89602345
2.37845299,-0.89602345
2.37909299,-1.07242048
2.37973299,-1.07242048
2.38037299,-1.24881744
2.38101299,-1.24881744
2.38165299,-1.24881744
2.38229299,-1.42521441
2.38293299,-1.42521441
2.38357299,-1.60100102
2.38421299,-1.60100102
2.38485299,-1.60100102
2.38549299,-1.60100102
2.38613299,-1.77739799
2.38677299,-1.77739799
2.38741299,-1.77739799
2.38805299,-1.77739799
2.38869299,-1.77739799
2.38933299,-1.95379496
2.38997299,-1.95379496
2.39061299,-1.95379496
2.39125299,-1.95379496
2.39189299,-2.13019204
2.39253299,-1.95379496
2.39317299,-2.13019204
2.39381299,-2.13019204
2.39445299,-2.13019204
2.39509299,-2.13019204
2.39573299,-2.13019204
2.39637299,-2.13019204
2.39701299,-2.30597854
2.39765299,-2.30597854
2.39829299,-2.30597854
2.39893299,-2.30597854
2.39957299,-2.30597854
2.40021299,-2.30597854
2.40085299,-2.30597854
2.40149299,-2.30597854
2.40213299,-2.30597854
2.40277299,-2.30597854
2.40341299,-2.30597854
2.40405299,-2.30597854
2.40469299,-2.30597854
2.40533299,-2.30597854
2.40597299,-2.30597854
2.40661299,-2.30597854
2.40725299,-2.30597854
2.40789299,-2.30597854
2.40853299,-2.30597854
2.40917299,-2.13019204
2.40981299,-2.13019204
2.41045299,-2.13019204
2.41109299,-2.13019204
2.41173299,-2.13019204
2.41237299,-1.95379496
2.41301299,-1.95379496
2.41365299,-1.95379496
2.41429299,-1.95379496
2.41493299,-1.77739799
2.41557299,-1.77739799
2.41621299,-1.77739799
2.41685299,-1.77739799
2.41749299,-1.77739799
2.41813299,-1.77739799
2.41877299,-1.77739799
2.41941299,-1.60100102
2.42005299,-1.60100102
2.42069299,-1.60100102
2.42133299,-1.42521441
2.42197299,-1.60100102
2.42261299,-1.42521441
2.42325299,-1.24881744
2.42389299,-1.24881744
2.42453299,-1.07242048
2.42517299,-1.07242048
2.42581299,-1.07242048
2.42645299,-1.07242048
2.42709299,-0.89602345
2.42773299,-0.89602345
2.42837299,-0.89602345
2.42901299,-0.72023684
2.42965299,-0.72023684
2.43029299,-0.72023684
2.43093299,-0.54383981
2.43157299,-0.36744285
2.43221299,-0.36744285
2.43285299,-0.36744285
2.43349299,-0.36744285
2.43413299,-0.19104587
2.43477299,-0.19104587
2.43541299,-0.01525925
2.43605299,-0.01525925
2.43669299,0.16052736
2.43733299,0.16052736
2.43797299,0.33692434
2.43861299,0.33692434
2.43925299,0.33692434
2.43989299,0.51332134
2.44053299,0.51332134
2.44117299,0.51332134
2.44181299,0.51332134
2.44245299,0.68971831
2.44309299,0.68971831
2.44373299,0.86550492
2.44437299,0.86550492
2.44501299,1.04190195
2.44565299,1.04190195
2.44629299,1.04190195
2.44693299,1.21829891
2.44757299,1.21829891
2.44821299,1.21829891
2.44885299,1.39469588
2.44949299,1.39469588
2.45013299,1.39469588
2.45077299,1.57048249
2.45141299,1.57048249
2.45205299,1.57048249
2.45269299,1.74687946
2.45333299,1.74687946
2.45397299,1.74687946
2.45461299,1.74687946
2.45525299,1.74687946
2.45589299,1.92327642
2.45653299,1.92327642
2.45717299,1.92327642
2.45781299,1.92327642
2.45845299,1.92327642
2.45909299,2.09967351
2.45973299,2.09967351
2.46037299,2.09967351
2.46101299,2.27546000
2.46165299,2.09967351
2.46229299,2.27546000
2.46293298,2.27546000
2.46357298,2.27546000
2.46421298,2.27546000
2.46485298,2.27546000
2.46549298,2.27546000
2.46613298,2.45185709
2.46677298,2.27546000
2.46741298,2.27546000
2.46805298,2.27546000
2.46869298,2.27546000
2.46933298,2.45185709
2.46997298,2.45185709
2.47061298,2.45185709
2.47125298,2.27546000
2.47189298,2.45185709
2.47253298,2.45185709
2.47317298,2.45185709
2.47381298,2.27546000
2.47445298,2.27546000
2.47509298,2.27546000
2.47573298,2.27546000
2.47637298,2.27546000
2.47701298,2.27546000
2.47765298,2.27546000
2.47829298,2.09967351
2.47893298,2.09967351
2.47957298,2.09967351
2.48021298,2.09967351
2.48085298,2.09967351
2.48149298,2.09967351
2.48213298,2.09967351
2.48277298,1.92327642
2.48341298,1.92327642
2.48405298,1.92327642
2.48469298,1.92327642
2.48533298,1.74687946
2.48597298,1.74687946
2.48661298,1.74687946
2.48725298,1.57048249
2.48789298,1.57048249
2.48853298,1.57048249
2.48917298,1.57048249
2.48981298,1.57048249
2.49045298,1.39469588
2.49109298,1.39469588
2.49173298,1.21829891
2.49237298,1.21829891
2.49301298,1.21829891
2.49365298,1.04190195
2.49429298,1.04190195
2.49493298,0.86550492
2.49557298,0.86550492
2.49621298,0.86550492
2.49685298,0.68971831
2.49749298,0.68971831
2.49813298,0.68971831
2.49877298,0.51332134
2.49941298,0.51332134
2.50005298,0.33692434
2.50069298,0.33692434
2.50133298,0.33692434
2.50197298,0.33692434
2.50261298,0.16052736
2.50325298,0.16052736
2.50389298,0.16052736
2.50453298,-0.19104587
2.50517298,-0.19104587
2.50581298,-0.19104587
2.50645298,-0.19104587
2.50709298,-0.36744285
2.50773298,-0.36744285
2.50837298,-0.36744285
2.50901298,-0.54383981
2.50965298,-0.54383981
2.51029298,-0.72023684
2.51093298,-0.72023684
2.51157298,-0.89602345
2.51221298,-0.89602345
2.51285298,-0.89602345
2.51349298,-1.07242048
2.51413298,-1.07242048
2.51477298,-1.07242048
2.51541298,-1.07242048
2.51605298,-1.24881744
2.51669298,-1.24881744
2.51733298,-1.24881744
2.51797298,-1.42521441
2.51861298,-1.60100102
2.51925298,-1.60100102
2.51989298,-1.60100102
2.52053298,-1.60100102
2.52117298,-1.60100102
2.52181298,-1.77739799
2.52245298,-1.77739799
2.52309298,-1.77739799
2.52373298,-1.77739799
2.52437298,-1.95379496
2.52501298,-1.95379496
2.52565298,-1.95379496
2.52629298,-1.95379496
2.52693298,-1.95379496
2.52757298,-2.13019204
2.52821298,-2.13019204
2.52885298,-2.13019204
2.52949298,-2.13019204
2.53013298,-2.13019204
2.53077298,-2.30597854
2.53141298,-2.30597854
2.53205298,-2.30597854
2.53269298,-2.30597854
2.53333298,-2.30597854
2.53397298,-2.30597854
2.53461298,-2.30597854
2.53525298,-2.30597854
2.53589298,-2.30597854
2.53653298,-2.30597854
2.53717298,-2.30597854
2.53781298,-2.30597854
2.53845298,-2.30597854
2.53909298,-2.30597854
2.53973298,-2.30597854
2.54037298,-2.30597854
2.54101298,-2.30597854
2.54165298,-2.30597854
2.54229298,-2.30597854
2.54293298,-2.30597854
2.54357298,-2.30597854
2.54421298,-2.30597854
2.54485298,-2.30597854
2.54549298,-2.30597854
2.54613298,-2.13019204
2.54677298,-2.13019204
2.54741298,-2.13019204
2.54805298,-2.13019204
2.54869298,-1.95379496
2.54933298,-1.95379496
2.54997298,-1.95379496
2.55061298,-1.95379496
2.55125298,-1.95379496
2.55189298,-1.77739799
2.55253298,-1.77739799
2.55317298,-1.77739799
2.55381298,-1.77739799
2.55445298,-1.60100102
2.55509298,-1.60100102
2.55573298,-1.60100102
2.55637298,-1.42521441
2.55701298,-1.60100102
2.55765298,-1.42521441
2.55829298,-1.42521441
2.55893298,-1.24881744
2.55957298,-1.24881744
2.56021298,-1.07242048
2.56085298,-1.07242048
2.56149298,-1.07242048
2.56213298,-1.07242048
2.56277298,-0.89602345
2.56341298,-0.89602345
2.56405298,-0.72023684
2.56469298,-0.72023684
2.56533298,-0.72023684
2.56597298,-0.54383981
2.56661298,-0.54383981
2.56725298,-0.36744285
2.56789298,-0.36744285
2.56853298,-0.36744285
2.56917298,-0.36744285
2.56981298,-0.19104587
2.57045298,-0.19104587
2.57109298,-0.01525925
2.57173298,-0.01525925
2.57237298,0.16052736
2.57301298,0.16052736
2.57365298,0.33692434
2.57429298,0.33692434
2.57493298,0.33692434
2.57557298,0.51332134
2.57621298,0.51332134
2.57685298,0.51332134
2.57749298,0.68971831
2.57813298,0.68971831
2.57877298,0.68971831
2.57941298,0.86550492
2.58005298,0.86550492
2.58069298,0.86550492
2.58133298,1.04190195
2.58197298,1.04190195
2.58261298,1.21829891
2.58325298,1.21829891
2.58389298,1.21829891
2.58453298,1.21829891
2.58517298,1.39469588
2.58581298,1.39469588
2.58645298,1.57048249
2.58709298,1.57048249
2.58773298,1.57048249
2.58837298,1.57048249
2.58901298,1.74687946
2.58965298,1.74687946
2.59029298,1.74687946
2.59093298,1.74687946
2.59157298,1.74687946
2.59221298,1.92327642
2.59285298,1.92327642
2.59349298,1.92327642
2.59413298,1.92327642
2.59477298,2.09967351
2.59541298,2.09967351
2.59605298,2.09967351
2.59669298,2.27546000
2.59733298,2.09967351
2.59797298,2.09967351
2.59861298,2.27546000
2.59925298,2.09967351
2.59989298,2.27546000
2.60053298,2.27546000
2.60117298,2.27546000
2.60181298,2.27546000
2.60245298,2.45185709
2.60309298,2.45185709
2.60373298,2.45185709
2.60437298,2.27546000
2.60501298,2.27546000
2.60565298,2.45185709
2.60629298,2.27546000
2.60693298,2.27546000
2.60757298,2.27546000
2.60821298,2.45185709
2.60885298,2.27546000
2.60949298,2.27546000
2.61013298,2.27546000
2.61077298,2.27546000
2.61141298,2.27546000
2.61205298,2.09967351
2.61269298,2.27546000
2.61333298,2.27546000
2.61397298,2.09967351
2.61461298,2.09967351
2.61525298,1.92327642
2.61589298,2.09967351
2.61653298,1.92327642
2.61717298,1.92327642
2.61781298,1.92327642
2.61845298,1.92327642
2.61909298,1.92327642
2.61973298,1.92327642
2.62037298,1.74687946
2.62101298,1.74687946
2.62165298,1.74687946
2.62229298,1.74687946
2.62293298,1.57048249
2.62357298,1.57048249
2.62421298,1.57048249
2.62485298,1.57048249
2.62549298,1.39469588
2.62613298,1.39469588
2.62677298,1.21829891
2.62741298,1.21829891
2.62805298,1.21829891
2.62869298,1.21829891
2.62933298,1.04190195
2.62997298,1.04190195
2.63061298,1.04190195
2.63125298,0.86550492
2.63189298,0.86550492
2.63253298,0.68971831
2.63317298,0.68971831
2.63381298,0.51332134
2.63445298,0.51332134
2.63509298,0.51332134
2.63573298,0.33692434
2.63637298,0.33692434
2.63701298,0.33692434
2.63765298,0.16052736
2.63829298,0.16052736
2.63893298,-0.01525925
2.63957298,0.16052736
2.64021298,-0.01525925
2.64085298,-0.19104587
2.64149298,-0.19104587
2.64213298,-0.36744285
2.64277298,-0.36744285
2.64341298,-0.36744285
2.64405298,-0.36744285
2.64469298,-0.54383981
2.64533298,-0.54383981
2.64597298,-0.54383981
2.64661298,-0.72023684
2.64725298,-0.89602345
2.64789298,-0.89602345
2.64853298,-0.89602345
2.64917298,-1.07242048
2.64981298,-0.89602345
2.65045298,-1.07242048
2.65109298,-1.24881744
2.65173298,-1.24881744
2.65237298,-1.24881744
2.65301298,-1.42521441
2.65365298,-1.42521441
2.65429298,-1.42521441
2.65493298,-1.60100102
2.65557298,-1.60100102
2.65621298,-1.77739799
2.65685298,-1.60100102
2.65749298,-1.77739799
2.65813298,-1.77739799
2.65877298,-1.77739799
2.65941298,-1.77739799
2.66005298,-1.77739799
2.66069298,-1.95379496
2.66133298,-1.95379496
2.66197298,-1.95379496
2.66261298,-1.95379496
2.66325298,-1.95379496
2.66389298,-2.13019204
2.66453298,-2.13019204
2.66517298,-2.13019204
2.66581298,-2.13019204
2.66645298,-2.30597854
2.66709298,-2.30597854
2.66773298,-2.30597854
2.66837298,-2.30597854
2.66901298,-2.30597854
2.66965298,-2.30597854
2.67029298,-2.30597854
2.67093298,-2.30597854
2.67157298,-2.30597854
2.67221298,-2.30597854
2.67285298,-2.30597854
2.67349298,-2.30597854
2.67413298,-2.30597854
2.67477298,-2.30597854
2.67541298,-2.30597854
2.67605298,-2.30597854
2.67669298,-2.30597854
2.67733298,-2.30597854
2.67797298,-2.30597854
2.67861298,-2.30597854
2.67925298,-2.13019204
2.67989298,-2.13019204
2.68053298,-2.13019204
2.68117298,-2.13019204
2.68181298,-2.13019204
2.68245298,-2.13019204
2.68309298,-1.95379496
2.68373298,-1.95379496
2.68437298,-2.13019204
2.68501298,-1.95379496
2.68565298,-1.77739799
2.68629298,-1.77739799
2.68693298,-1.77739799
2.68757298,-1.77739799
2.68821298,-1.77739799
2.68885298,-1.77739799
2.68949298,-1.77739799
2.69013298,-1.60100102
2.69077298,-1.60100102
2.69141298,-1.42521441
2.69205298,-1.42521441
2.69269298,-1.42521441
2.69333298,-1.42521441
2.69397298,-1.24881744
2.69461298,-1.24881744
2.69525298,-1.24881744
2.69589298,-1.07242048
2.69653298,-1.07242048
2.69717298,-1.07242048
2.69781298,-1.07242048
2.69845298,-0.89602345
2.69909298,-0.89602345
2.69973298,-0.89602345
2.70037298,-0.72023684
2.70101298,-0.54383981
2.70165298,-0.54383981
2.70229298,-0.36744285
2.70293298,-0.36744285
2.70357298,-0.36744285
2.70421298,-0.19104587
2.70485298,-0.19104587
2.70549298,-0.19104587
2.70613298,-0.01525925
2.70677298,-0.01525925
2.70741298,0.16052736
2.70805298,0.16052736
2.70869298,0.16052736
2.70933298,0.33692434
2.70997298,0.33692434
2.71061298,0.33692434
2.71125298,0.51332134
2.71189298,0.51332134
2.71253298,0.51332134
2.71317298,0.68971831
2.71381298,0.86550492
2.71445298,0.68971831
2.71509298,0.86550492
2.71573298,0.86550492
2.71637298,1.04190195
2.71701298,1.04190195
2.71765298,1.04190195
2.71829298,1.21829891
2.71893298,1.21829891
2.71957298,1.21829891
2.72021298,1.21829891
2.72085298,1.39469588
2.72149298,1.57048249
2.72213298,1.57048249
2.72277298,1.57048249
2.72341298,1.57048249
2.72405298,1.74687946
2.72469298,1.74687946
2.72533298,1.74687946
2.72597298,1.74687946
2.72661298,1.74687946
2.72725298,1.74687946
2.72789298,1.92327642
2.72853298,1.92327642
2.72917298,1.92327642
2.72981298,1.92327642
2.73045298,1.92327642
2.73109298,2.09967351
2.73173298,1.92327642
2.73237298,2.09967351
2.73301298,2.09967351
2.73365298,2.09967351
2.73429298,2.27546000
2.73493298,2.27546000
2.73557298,2.27546000
2.73621298,2.09967351
2.73685298,2.09967351
2.73749298,2.27546000
2.73813298,2.27546000
2.73877298,2.27546000
2.73941298,2.27546000
2.74005298,2.27546000
2.74069298,2.27546000
2.74133298,2.27546000
2.74197298,2.27546000
2.74261298,2.27546000
2.74325298,2.27546000
2.74389298,2.27546000
2.74453298,2.27546000
2.74517298,2.27546000
2.74581298,2.27546000
2.74645298,2.27546000
2.74709298,2.09967351
2.74773298,2.27546000
2.74837298,2.09967351
2.74901298,2.27546000
2.74965298,2.09967351
2.75029298,2.09967351
2.75093298,2.09967351
2.75157298,2.09967351
2.75221298,1.92327642
2.75285298,1.92327642
2.75349298,1.92327642
2.75413298,1.92327642
2.75477298,1.74687946
2.75541298,1.74687946
2.75605298,1.74687946
2.75669298,1.74687946
2.75733298,1.74687946
2.75797298,1.57048249
2.75861298,1.57048249
2.75925298,1.57048249
2.75989298,1.57048249
2.76053298,1.39469588
2.76117298,1.39469588
2.76181298,1.39469588
2.76245298,1.21829891
2.76309298,1.21829891
2.76373298,1.04190195
2.76437298,1.04190195
2.76501298,1.04190195
2.76565298,0.86550492
2.76629298,0.86550492
2.76693298,0.86550492
2.76757298,0.68971831
2.76821298,0.68971831
2.76885298,0.68971831
2.76949298,0.51332134
2.77013298,0.51332134
2.77077298,0.33692434
2.77141298,0.33692434
2.77205298,0.33692434
2.77269298,0.33692434
2.77333298,0.16052736
2.77397298,0.16052736
2.77461298,-0.01525925
2.77525298,-0.01525925
2.77589298,-0.19104587
2.77653298,-0.19104587
2.77717298,-0.19104587
2.77781298,-0.36744285
2.77845298,-0.36744285
2.77909298,-0.36744285
2.77973298,-0.36744285
2.78037298,-0.36744285
2.78101298,-0.72023684
2.78165298,-0.54383981
2.78229298,-0.72023684
2.78293298,-0.72023684
2.78357298,-0.89602345
2.78421298,-0.89602345
2.78485298,-0.89602345
2.78549298,-1.07242048
2.78613298,-1.07242048
2.78677298,-1.24881744
2.78741298,-1.24881744
2.78805298,-1.24881744
2.78869298,-1.24881744
2.78933298,-1.42521441
2.78997298,-1.42521441
2.79061298,-1.60100102
2.79125298,-1.60100102
2.79189298,-1.60100102
2.79253298,-1.77739799
2.79317298,-1.60100102
2.79381298,-1.77739799
2.79445298,-1.77739799
2.79509298,-1.77739799
2.79573298,-1.77739799
2.79637298,-1.77739799
2.79701298,-1.95379496
2.79765298,-1.95379496
2.79829298,-1.95379496
2.79893298,-2.13019204
2.79957298,-1.95379496
2.80021298,-1.95379496
2.80085298,-2.13019204
2.80149298,-2.13019204
2.80213298,-2.13019204
2.80277298,-2.13019204
2.80341298,-2.13019204
2.80405298,-2.13019204
2.80469298,-2.13019204
2.80533298,-2.13019204
2.80597298,-2.30597854
2.80661298,-2.30597854
2.80725298,-2.13019204
2.80789298,-2.30597854
2.80853298,-2.30597854
2.80917298,-2.30597854
2.80981298,-2.13019204
2.81045298,-2.13019204
2.81109298,-2.30597854
2.81173298,-2.30597854
2.81237298,-2.13019204
2.81301298,-2.13019204
2.81365298,-2.13019204
2.81429298,-2.13019204
2.81493298,-2.13019204
2.81557298,-2.13019204
2.81621298,-2.13019204
2.81685298,-2.13019204
2.81749298,-1.95379496
2.81813298,-1.95379496
2.81877298,-1.95379496
2.81941298,-1.95379496
2.82005298,-1.77739799
2.82069298,-1.77739799
2.82133298,-1.77739799
2.82197298,-1.77739799
2.82261298,-1.77739799
2.82325298,-1.77739799
2.82389298,-1.77739799
2.82453298,-1.60100102
2.82517298,-1.60100102
2.82581298,-1.60100102
2.82645298,-1.60100102
2.82709298,-1.42521441
2.82773298,-1.42521441
2.82837298,-1.42521441
2.82901298,-1.24881744
2.82965298,-1.24881744
2.83029298,-1.07242048
2.83093298,-1.07242048
2.83157298,-1.07242048
2.83221298,-1.07242048
2.83285298,-0.89602345
2.83349298,-0.89602345
2.83413298,-0.89602345
2.83477298,-0.72023684
2.83541298,-0.72023684
2.83605298,-0.54383981
2.83669298,-0.54383981
2.83733298,-0.54383981
2.83797298,-0.54383981
2.83861298,-0.36744285
2.83925298,-0.36744285
2.83989298,-0.36744285
2.84053298,-0.19104587
2.84117298,-0.19104587
2.84181298,-0.01525925
2.84245298,-0.01525925
2.84309298,0.16052736
2.84373298,0.16052736
2.84437298,0.16052736
2.84501298,0.33692434
2.84565298,0.33692434
2.84629298,0.33692434
2.84693298,0.51332134
2.84757298,0.51332134
2.84821298,0.51332134
2.84885298,0.51332134
2.84949298,0.68971831
2.85013298,0.68971831
2.85077298,0.86550492
2.85141298,0.86550492
2.85205298,1.04190195
2.85269298,1.04190195
2.85333298,1.04190195
2.85397298,1.21829891
2.85461298,1.21829891
2.85525298,1.21829891
2.85589298,1.21829891
2.85653298,1.21829891
2.85717298,1.39469588
2.85781298,1.39469588
2.85845298,1.57048249
2.85909298,1.57048249
2.85973298,1.57048249
2.86037298,1.74687946
2.86101298,1.74687946
2.86165298,1.74687946
2.86229298,1.74687946
2.86293298,1.74687946
2.86357298,1.92327642
2.86421298,1.92327642
2.86485298,1.74687946
2.86549298,1.92327642
2.86613298,1.92327642
2.86677298,1.92327642
2.86741298,1.92327642
2.86805298,1.92327642
2.86869298,1.92327642
2.86933298,2.09967351
2.86997298,2.09967351
2.87061298,1.92327642
2.87125298,2.09967351
2.87189298,2.09967351
2.87253298,2.09967351
2.87317298,2.09967351
2.87381298,2.09967351
2.87445298,2.27546000
2.87509298,2.09967351
2.87573298,2.09967351
2.87637298,2.27546000
2.87701298,2.27546000
2.87765298,2.09967351
2.87829298,2.09967351
2.87893298,2.27546000
2.87957298,2.09967351
2.88021298,2.09967351
2.88085298,2.09967351
2.88149298,2.09967351
2.88213298,2.09967351
2.88277298,2.09967351
2.88341298,1.92327642
2.88405298,2.09967351
2.88469298,1.92327642
2.88533298,1.92327642
2.88597298,1.92327642
2.88661298,1.92327642
2.88725298,1.92327642
2.88789298,1.74687946
2.88853298,1.92327642
2.88917298,1.74687946
2.88981298,1.74687946
2.89045298,1.74687946
2.89109298,1.74687946
2.89173298,1.74687946
2.89237298,1.57048249
2.89301298,1.57048249
2.89365298,1.57048249
2.89429298,1.39469588
2.89493298,1.39469588
2.89557298,1.39469588
2.89621298,1.21829891
2.89685298,1.21829891
2.89749298,1.21829891
2.89813298,1.21829891
2.89877298,1.21829891
2.89941298,1.04190195
2.90005298,1.04190195
2.90069298,1.04190195
2.90133298,0.86550492
2.90197298,0.86550492
2.90261298,0.86550492
2.90325298,0.68971831
2.90389298,0.68971831
2.90453298,0.51332134
2.90517298,0.51332134
2.90581298,0.33692434
2.90645298,0.33692434
2.90709298,0.33692434
2.90773298,0.33692434
2.90837298,0.16052736
2.90901298,0.16052736
2.90965298,-0.01525925
2.91029298,0.16052736
2.91093298,-0.01525925
2.91157298,-0.19104587
2.91221298,-0.19104587
2.91285298,-0.19104587
2.91349298,-0.19104587
2.91413298,-0.36744285
2.91477298,-0.36744285
2.91541298,-0.54383981
2.91605298,-0.54383981
2.91669298,-0.54383981
2.91733298,-0.72023684
2.91797298,-0.72023684
2.91861298,-0.89602345
2.91925298,-0.89602345
2.91989298,-0.89602345
2.92053298,-1.07242048
2.92117298,-1.07242048
2.92181298,-1.07242048
2.92245298,-1.07242048
2.92309298,-1.24881744
2.92373298,-1.24881744
2.92437298,-1.24881744
2.92501298,-1.24881744
2.92565298,-1.42521441
2.92629298,-1.42521441
2.92693298,-1.60100102
2.92757298,-1.60100102
2.92821298,-1.60100102
2.92885298,-1.60100102
2.92949298,-1.60100102
2.93013298,-1.77739799
2.93077298,-1.77739799
2.93141298,-1.77739799
2.93205298,-1.77739799
2.93269298,-1.77739799
2.93333298,-1.77739799
2.93397298,-1.77739799
2.93461298,-1.95379496
2.93525298,-1.95379496
2.93589298,-1.95379496
2.93653298,-1.95379496
2.93717298,-1.95379496
2.93781298,-1.95379496
2.93845298,-1.95379496
2.93909298,-2.13019204
2.93973298,-2.13019204
2.94037298,-1.95379496
2.94101298,-1.95379496
2.94165298,-2.13019204
2.94229298,-2.13019204
2.94293298,-2.13019204
2.94357298,-2.13019204
2.94421298,-1.95379496
2.94485298,-1.95379496
2.94549298,-2.13019204
2.94613298,-2.13019204
2.94677298,-2.13019204
2.94741298,-2.13019204
2.94805298,-1.95379496
2.94869298,-1.95379496
2.94933298,-1.95379496
2.94997298,-2.13019204
2.95061298,-1.95379496
2.95125298,-1.95379496
2.95189298,-1.95379496
2.95253298,-1.95379496
2.95317298,-1.95379496
2.95381298,-1.95379496
2.95445298,-1.77739799
2.95509298,-1.95379496
2.95573298,-1.77739799
2.95637298,-1.77739799
2.95701298,-1.77739799
2.95765298,-1.77739799
2.95829298,-1.60100102
2.95893298,-1.60100102
2.95957298,-1.60100102
2.96021298,-1.60100102
2.96085298,-1.42521441
2.96149298,-1.42521441
2.96213298,-1.42521441
2.96277298,-1.42521441
2.96341298,-1.42521441
2.96405298,-1.24881744
2.96469298,-1.24881744
2.96533298,-1.07242048
2.96597298,-1.07242048
2.96661298,-0.89602345
2.96725298,-0.89602345
2.96789298,-0.89602345
2.96853298,-0.89602345
2.96917298,-0.89602345
2.96981298,-0.72023684
2.97045298,-0.72023684
2.97109298,-0.72023684
2.97173298,-0.54383981
2.97237298,-0.54383981
2.97301298,-0.36744285
2.97365298,-0.36744285
2.97429298,-0.36744285
2.97493298,-0.19104587
2.97557298,-0.19104587
2.97621298,-0.19104587
2.97685298,-0.19104587
2.97749298,-0.01525925
2.97813298,-0.01525925
2.97877298,-0.01525925
2.97941298,0.16052736
2.98005298,0.16052736
2.98069298,0.33692434
2.98133298,0.33692434
2.98197298,0.33692434
2.98261298,0.33692434
2.98325298,0.51332134
2.98389298,0.51332134
2.98453298,0.68971831
2.98517298,0.68971831
2.98581298,0.68971831
2.98645298,0.86550492
2.98709298,0.86550492
2.98773298,0.86550492
2.98837298,1.04190195
2.98901298,1.04190195
2.98965298,1.04190195
2.99029298,1.04190195
2.99093298,1.21829891
2.99157298,1.21829891
2.99221298,1.21829891
2.99285298,1.39469588
2.99349298,1.39469588
2.99413298,1.57048249
2.99477298,1.39469588
2.99541298,1.57048249
2.99605298,1.57048249
2.99669298,1.74687946
2.99733298,1.57048249
2.99797298,1.57048249
2.99861298,1.74687946
2.99925298,1.74687946
2.99989298,1.74687946
3.00053298,1.74687946
3.00117298,1.92327642
3.00181298,1.74687946
3.00245298,1.92327642
3.00309298,1.92327642
3.00373298,1.92327642
3.00437298,1.92327642
3.00501298,1.92327642
3.00565298,1.92327642
3.00629298,1.92327642
3.00693298,1.92327642
3.00757298,1.92327642
3.00821298,1.92327642
3.00885298,2.09967351
3.00949298,1.92327642
3.01013298,2.09967351
3.01077298,2.09967351
3.01141298,2.09967351
3.01205298,2.09967351
3.01269298,1.92327642
3.01333298,1.92327642
3.01397298,2.09967351
3.01461298,1.92327642
3.01525298,1.92327642
3.01589298,2.09967351
3.01653298,1.92327642
3.01717298,1.92327642
3.01781298,1.92327642
3.01845298,1.92327642
3.01909298,1.92327642
3.01973298,1.92327642
3.02037298,1.92327642
3.02101298,1.74687946
3.02165298,1.92327642
3.02229298,1.92327642
3.02293298,1.74687946
3.02357298,1.74687946
3.02421298,1.74687946
3.02485298,1.74687946
3.02549298,1.74687946
3.02613298,1.57048249
3.02677298,1.74687946
3.02741298,1.57048249
3.02805298,1.57048249
3.02869298,1.39469588
3.02933298,1.39469588
3.02997298,1.39469588
3.03061298,1.39469588
3.03125298,1.21829891
3.03189298,1.21829891
3.03253298,1.21829891
3.03317298,1.21829891
3.03381298,1.21829891
3.03445298,1.04190195
3.03509298,1.04190195
3.03573298,0.86550492
3.03637298,0.86550492
3.03701298,0.86550492
3.03765298,0.68971831
3.03829298,0.68971831
3.03893298,0.68971831
3.03957298,0.51332134
3.04021298,0.51332134
3.04085298,0.33692434
3.04149298,0.33692434
3.04213298,0.33692434
3.04277298,0.33692434
3.04341298,0.33692434
3.04405298,0.16052736
3.04469298,0.16052736
3.04533298,-0.01525925
3.04597298,-0.01525925
3.04661298,-0.01525925
3.04725298,-0.01525925
3.04789298,-0.19104587
3.04853298,-0.19104587
3.04917298,-0.19104587
3.04981298,-0.36744285
3.05045298,-0.36744285
3.05109298,-0.36744285
3.05173298,-0.54383981
3.05237298,-0.36744285
3.05301298,-0.54383981
3.05365298,-0.72023684
3.05429298,-0.72023684
3.05493298,-0.72023684
3.05557298,-0.89602345
3.05621298,-0.89602345
3.05685298,-0.89602345
3.05749298,-0.89602345
3.05813298,-1.07242048
3.05877298,-1.07242048
3.05941298,-1.24881744
3.06005298,-1.24881744
3.06069298,-1.24881744
3.06133298,-1.24881744
3.06197298,-1.24881744
3.06261298,-1.42521441
3.06325298,-1.42521441
3.06389298,-1.60100102
3.06453298,-1.60100102
3.06517298,-1.60100102
3.06581298,-1.60100102
3.06645298,-1.60100102
3.06709298,-1.77739799
3.06773298,-1.77739799
3.06837298,-1.77739799
3.06901298,-1.77739799
3.06965298,-1.77739799
3.07029298,-1.77739799
3.07093298,-1.77739799
3.07157298,-1.77739799
3.07221298,-1.77739799
3.07285298,-1.77739799
3.07349298,-1.77739799
3.07413298,-1.95379496
3.07477298,-1.95379496
3.07541298,-1.95379496
3.07605298,-1.95379496
3.07669298,-1.95379496
3.07733298,-1.95379496
3.07797298,-1.95379496
3.07861298,-1.95379496
3.07925298,-1.95379496
3.07989298,-1.95379496
3.08053298,-1.95379496
3.08117298,-1.95379496
3.08181298,-1.95379496
3.08245298,-1.95379496
3.08309298,-1.95379496
3.08373298,-1.95379496
3.08437298,-1.95379496
3.08501298,-1.95379496
3.08565298,-1.77739799
3.08629298,-1.95379496
3.08693298,-1.77739799
3.08757298,-1.77739799
3.08821298,-1.77739799
3.08885298,-1.77739799
3.08949298,-1.77739799
3.09013298,-1.77739799
3.09077298,-1.60100102
3.09141298,-1.60100102
3.09205298,-1.77739799
3.09269298,-1.60100102
3.09333298,-1.60100102
3.09397298,-1.60100102
3.09461298,-1.60100102
3.09525298,-1.60100102
3.09589298,-1.42521441
3.09653298,-1.42521441
3.09717298,-1.42521441
3.09781298,-1.24881744
3.09845298,-1.24881744
3.09909298,-1.07242048
3.09973298,-1.24881744
3.10037298,-1.07242048
3.10101298,-1.07242048
3.10165298,-1.07242048
3.10229298,-0.89602345
3.10293298,-0.89602345
3.10357298,-0.89602345
3.10421298,-0.89602345
3.10485298,-0.72023684
3.10549298,-0.72023684
3.10613298,-0.54383981
3.10677298,-0.72023684
3.10741298,-0.54383981
3.10805298,-0.36744285
3.10869298,-0.36744285
3.10933298,-0.36744285
3.10997298,-0.36744285
3.11061298,-0.19104587
3.11125298,-0.19104587
3.11189298,-0.19104587
3.11253298,-0.19104587
3.11317298,-0.01525925
3.11381298,0.16052736
3.11445298,0.16052736
3.11509298,0.16052736
3.11573298,0.16052736
3.11637298,0.16052736
3.11701298,0.33692434
3.11765298,0.33692434
3.11829298,0.33692434
3.11893298,0.51332134
3.11957298,0.51332134
3.12021298,0.51332134
3.12085298,0.51332134
3.12149298,0.68971831
3.12213298,0.68971831
3.12277298,0.68971831
3.12341298,0.86550492
3.12405298,0.86550492
3.12469298,1.04190195
3.12533298,1.04190195
3.12597298,1.04190195
3.12661298,1.04190195
3.12725298,1.21829891
3.12789298,1.21829891
3.12853298,1.21829891
3.12917298,1.21829891
3.12981298,1.39469588
3.13045298,1.39469588
3.13109298,1.39469588
3.13173298,1.39469588
3.13237298,1.57048249
3.13301298,1.57048249
3.13365298,1.57048249
3.13429298,1.57048249
3.13493298,1.57048249
3.13557298,1.57048249
3.13621298,1.74687946
3.13685298,1.74687946
3.13749298,1.74687946
3.13813298,1.74687946
3.13877298,1.74687946
3.13941298,1.74687946
3.14005298,1.74687946
3.14069298,1.74687946
3.14133298,1.74687946
3.14197298,1.74687946
3.14261298,1.74687946
3.14325298,1.92327642
3.14389298,1.92327642
3.14453298,1.74687946
3.14517298,1.92327642
3.14581298,1.92327642
3.14645298,1.92327642
3.14709298,1.92327642
3.14773298,1.92327642
3.14837298,1.92327642
3.14901298,1.92327642
3.14965298,1.92327642
3.15029298,1.74687946
3.15093298,1.74687946
3.15157298,1.74687946
3.15221298,1.74687946
3.15285298,1.92327642
3.15349298,1.74687946
3.15413298,1.74687946
3.15477298,1.74687946
3.15541298,1.74687946
3.15605298,1.74687946
3.15669298,1.74687946
3.15733298,1.74687946
3.15797298,1.74687946
3.15861298,1.74687946
3.15925298,1.57048249
3.15989298,1.57048249
3.16053298,1.57048249
3.16117298,1.57048249
3.16181298,1.57048249
3.16245298,1.39469588
3.16309298,1.39469588
3.16373298,1.39469588
3.16437298,1.39469588
3.16501298,1.21829891
3.16565298,1.21829891
3.16629298,1.21829891
3.16693298,1.21829891
3.16757298,1.04190195
3.16821298,1.04190195
3.16885298,1.04190195
3.16949298,0.86550492
3.17013298,0.86550492
3.17077298,0.86550492
3.17141298,0.86550492
3.17205298,0.68971831
3.17269298,0.68971831
3.17333298,0.68971831
3.17397298,0.68971831
3.17461298,0.51332134
3.17525298,0.51332134
3.17589298,0.51332134
3.17653298,0.51332134
3.17717298,0.33692434
3.17781298,0.33692434
3.17845298,0.33692434
3.17909298,0.33692434
3.17973298,0.33692434
3.18037298,0.16052736
3.18101298,-0.01525925
3.18165298,-0.01525925
3.18229298,-0.19104587
3.18293298,-0.19104587
3.18357298,-0.19104587
3.18421298,-0.19104587
3.18485298,-0.19104587
3.18549298,-0.36744285
3.18613298,-0.36744285
3.18677298,-0.36744285
3.18741298,-0.54383981
3.18805298,-0.36744285
3.18869298,-0.54383981
3.18933298,-0.72023684
3.18997298,-0.72023684
3.19061298,-0.72023684
3.19125298,-0.72023684
3.19189298,-0.89602345
3.19253298,-0.89602345
3.19317298,-0.89602345
3.19381298,-0.89602345
3.19445298,-1.07242048
3.19509298,-1.07242048
3.19573298,-1.07242048
3.19637298,-1.07242048
3.19701298,-1.07242048
3.19765298,-1.24881744
3.19829298,-1.07242048
3.19893298,-1.24881744
3.19957298,-1.24881744
3.20021298,-1.42521441
3.20085298,-1.42521441
3.20149298,-1.42521441
3.20213298,-1.42521441
3.20277298,-1.60100102
3.20341298,-1.60100102
3.20405298,-1.60100102
3.20469298,-1.60100102
3.20533298,-1.60100102
3.20597298,-1.60100102
3.20661298,-1.60100102
3.20725298,-1.77739799
3.20789298,-1.77739799
3.20853298,-1.60100102
3.20917298,-1.77739799
3.20981298,-1.77739799
3.21045298,-1.77739799
3.21109298,-1.77739799
3.21173298,-1.77739799
3.21237298,-1.77739799
3.21301298,-1.77739799
3.21365298,-1.77739799
3.21429298,-1.77739799
3.21493298,-1.77739799
3.21557298,-1.77739799
3.21621298,-1.77739799
3.21685298,-1.77739799
3.21749298,-1.77739799
3.21813298,-1.77739799
3.21877298,-1.77739799
3.21941298,-1.77739799
3.22005298,-1.77739799
3.22069298,-1.77739799
3.22133298,-1.77739799
3.22197298,-1.77739799
3.22261298,-1.77739799
3.22325298,-1.60100102
3.22389298,-1.77739799
3.22453298,-1.60100102
3.22517298,-1.60100102
3.22581298,-1.60100102
3.22645298,-1.60100102
3.22709298,-1.60100102
3.22773298,-1.42521441
3.22837298,-1.42521441
3.22901298,-1.42521441
3.22965298,-1.42521441
3.23029298,-1.42521441
3.23093298,-1.24881744
3.23157298,-1.24881744
3.23221298,-1.24881744
3.23285298,-1.24881744
3.23349298,-1.07242048
3.23413298,-1.07242048
3.23477298,-1.07242048
3.23541298,-0.89602345
3.23605298,-0.89602345
3.23669298,-1.07242048
3.23733298,-0.89602345
3.23797298,-0.89602345
3.23861298,-0.89602345
3.23925298,-0.72023684
3.23989298,-0.54383981
3.24053298,-0.72023684
3.24117298,-0.54383981
3.24181298,-0.54383981
3.24245298,-0.36744285
3.24309298,-0.36744285
3.24373298,-0.36744285
3.24437298,-0.36744285
3.24501298,-0.36744285
3.24565298,-0.19104587
3.24629298,-0.19104587
3.24693298,-0.19104587
3.24757298,-0.19104587
3.24821298,-0.01525925
3.24885298,-0.01525925
3.24949298,-0.01525925
3.25013298,-0.01525925
3.25077298,0.16052736
3.25141298,0.16052736
3.25205298,0.16052736
3.25269298,0.33692434
3.25333298,0.33692434
3.25397298,0.33692434
3.25461298,0.33692434
3.25525298,0.51332134
3.25589298,0.51332134
3.25653298,0.51332134
3.25717298,0.68971831
3.25781298,0.68971831
3.25845298,0.68971831
3.25909298,0.86550492
3.25973298,0.86550492
3.26037298,0.86550492
3.26101298,0.86550492
3.26165298,1.04190195
3.26229298,1.04190195
3.26293298,1.04190195
3.26357298,1.04190195
3.26421298,1.04190195
3.26485298,1.21829891
3.26549298,1.21829891
3.26613298,1.21829891
3.26677298,1.21829891
3.26741298,1.21829891
3.26805298,1.21829891
3.26869298,1.39469588
3.26933298,1.39469588
3.26997298,1.57048249
3.27061298,1.57048249
3.27125298,1.39469588
3.27189298,1.57048249
3.27253298,1.57048249
3.27317298,1.57048249
3.27381298,1.57048249
3.27445298,1.57048249
3.27509298,1.74687946
3.27573298,1.57048249
3.27637298,1.57048249
3.27701298,1.74687946
3.27765298,1.74687946
3.27829298,1.74687946
3.27893298,1.74687946
3.27957298,1.74687946
3.28021298,1.74687946
3.28085298,1.74687946
3.28149298,1.74687946
3.28213298,1.74687946
3.28277298,1.74687946
3.28341298,1.74687946
3.28405298,1.74687946
3.28469298,1.74687946
3.28533298,1.74687946
3.28597298,1.74687946
3.28661298,1.57048249
3.28725298,1.74687946
3.28789298,1.57048249
3.28853298,1.74687946
3.28917298,1.74687946
3.28981298,1.57048249
3.29045298,1.57048249
3.29109298,1.57048249
3.29173298,1.57048249
3.29237298,1.57048249
3.29301298,1.57048249
3.29365298,1.57048249
3.29429298,1.57048249
3.29493298,1.39469588
3.29557298,1.39469588
3.29621298,1.39469588
3.29685298,1.39469588
3.29749298,1.39469588
3.29813298,1.21829891
3.29877298,1.21829891
3.29941298,1.21829891
3.30005298,1.21829891
3.30069298,1.21829891
3.30133298,1.04190195
3.30197298,1.04190195
3.30261298,1.04190195
3.30325298,1.04190195
3.30389298,1.04190195
3.30453298,1.04190195
3.30517298,0.86550492
3.30581298,0.86550492
3.30645298,0.86550492
3.30709298,0.68971831
3.30773298,0.68971831
3.30837298,0.68971831
3.30901298,0.68971831
3.30965298,0.51332134
3.31029298,0.51332134
3.31093298,0.51332134
3.31157298,0.33692434
3.31221298,0.33692434
3.31285298,0.33692434
3.31349298,0.33692434
3.31413298,0.33692434
3.31477298,0.16052736
3.31541298,0.16052736
3.31605298,0.16052736
3.31669298,-0.01525925
3.31733298,-0.01525925
3.31797298,-0.01525925
3.31861298,-0.19104587
3.31925298,-0.19104587
3.31989298,-0.19104587
3.32053298,-0.36744285
3.32117298,-0.19104587
3.32181298,-0.36744285
3.32245298,-0.36744285
3.32309298,-0.36744285
3.32373298,-0.54383981
3.32437298,-0.54383981
3.32501298,-0.54383981
3.32565298,-0.54383981
3.32629298,-0.72023684
3.32693298,-0.72023684
3.32757298,-0.72023684
3.32821298,-0.89602345
3.32885298,-0.89602345
3.32949298,-0.89602345
3.33013298,-0.89602345
3.33077298,-1.07242048
3.33141298,-0.89602345
3.33205298,-1.07242048
3.33269298,-1.07242048
3.33333298,-1.07242048
3.33397298,-1.07242048
3.33461298,-1.24881744
3.33525298,-1.24881744
3.33589298,-1.24881744
3.33653298,-1.24881744
3.33717298,-1.24881744
3.33781298,-1.24881744
3.33845298,-1.42521441
3.33909298,-1.42521441
3.33973298,-1.42521441
3.34037298,-1.42521441
3.34101298,-1.42521441
3.34165298,-1.42521441
3.34229298,-1.60100102
3.34293298,-1.60100102
3.34357298,-1.60100102
3.34421298,-1.42521441
3.34485298,-1.60100102
3.34549298,-1.60100102
3.34613298,-1.60100102
3.34677298,-1.60100102
3.34741298,-1.60100102
3.34805298,-1.60100102
3.34869298,-1.60100102
3.34933298,-1.60100102
3.34997298,-1.60100102
3.35061298,-1.60100102
3.35125298,-1.60100102
3.35189298,-1.60100102
3.35253298,-1.60100102
3.35317298,-1.60100102
3.35381298,-1.60100102
3.35445298,-1.60100102
3.35509298,-1.42521441
3.35573298,-1.60100102
3.35637298,-1.60100102
3.35701298,-1.60100102
3.35765298,-1.60100102
3.35829298,-1.60100102
3.35893298,-1.42521441
3.35957298,-1.42521441
3.36021298,-1.42521441
3.36085298,-1.42521441
3.36149298,-1.42521441
3.36213298,-1.42521441
3.36277298,-1.24881744
3.36341298,-1.24881744
3.36405298,-1.24881744
3.36469298,-1.24881744
3.36533298,-1.24881744
3.36597298,-1.24881744
3.36661298,-1.07242048
3.36725298,-1.07242048
3.36789298,-1.07242048
3.36853298,-1.07242048
3.36917298,-1.07242048
3.36981298,-1.07242048
3.37045298,-0.89602345
3.37109298,-0.89602345
3.37173298,-0.89602345
3.37237298,-0.72023684
3.37301298,-0.72023684
3.37365298,-0.72023684
3.37429298,-0.72023684
3.37493298,-0.54383981
3.37557298,-0.54383981
3.37621298,-0.54383981
3.37685298,-0.54383981
3.37749298,-0.54383981
3.37813298,-0.36744285
3.37877298,-0.36744285
3.37941298,-0.36744285
3.38005298,-0.36744285
3.38069298,-0.36744285
3.38133298,-0.19104587
3.38197298,-0.19104587
3.38261298,-0.19104587
3.38325298,-0.19104587
3.38389298,-0.01525925
3.38453298,-0.01525925
3.38517298,-0.01525925
3.38581298,0.16052736
3.38645298,0.16052736
3.38709298,0.16052736
3.38773298,0.33692434
3.38837298,0.33692434
3.38901298,0.33692434
3.38965298,0.33692434
3.39029298,0.33692434
3.39093298,0.33692434
3.39157298,0.51332134
3.39221298,0.51332134
3.39285298,0.51332134
3.39349298,0.51332134
3.39413298,0.68971831
3.39477298,0.68971831
3.39541298,0.68971831
3.39605298,0.68971831
3.39669298,0.86550492
3.39733298,0.86550492
3.39797298,0.86550492
3.39861298,0.86550492
3.39925298,1.04190195
3.39989298,1.04190195
3.40053298,1.04190195
3.40117298,1.04190195
3.40181298,1.21829891
3.40245298,1.04190195
3.40309298,1.21829891
3.40373298,1.21829891
3.40437298,1.21829891
3.40501298,1.21829891
3.40565298,1.21829891
3.40629298,1.21829891
3.40693298,1.21829891
3.40757298,1.39469588
3.40821298,1.39469588
3.40885298,1.39469588
3.40949298,1.39469588
3.41013298,1.39469588
3.41077298,1.39469588
3.41141298,1.39469588
3.41205298,1.39469588
3.41269298,1.39469588
3.41333298,1.39469588
3.41397298,1.39469588
3.41461298,1.57048249
3.41525298,1.57048249
3.41589298,1.57048249
3.41653298,1.57048249
3.41717298,1.57048249
3.41781298,1.39469588
3.41845298,1.57048249
3.41909298,1.57048249
3.41973298,1.57048249
3.42037298,1.57048249
3.42101298,1.57048249
3.42165298,1.57048249
3.42229298,1.57048249
3.42293298,1.57048249
3.42357298,1.57048249
3.42421298,1.39469588
3.42485298,1.39469588
3.42549298,1.39469588
3.42613298,1.39469588
3.42677298,1.39469588
3.42741298,1.39469588
3.42805298,1.39469588
3.42869298,1.39469588
3.42933298,1.39469588
3.42997298,1.21829891
3.43061298,1.21829891
3.43125298,1.21829891
3.43189298,1.21829891
3.43253298,1.21829891
3.43317298,1.21829891
3.43381298,1.21829891
3.43445298,1.04190195
3.43509298,1.04190195
3.43573298,1.04190195
3.43637298,1.04190195
3.43701298,1.04190195
3.43765298,0.86550492
3.43829298,1.04190195
3.43893298,0.86550492
3.43957298,0.86550492
3.44021298,0.86550492
3.44085298,0.68971831
3.44149298,0.68971831
3.44213298,0.68971831
3.44277298,0.68971831
3.44341298,0.51332134
3.44405298,0.51332134
3.44469298,0.51332134
3.44533298,0.51332134
3.44597298,0.51332134
3.44661298,0.33692434
3.44725298,0.33692434
3.44789298,0.33692434
3.44853298,0.33692434
3.44917298,0.33692434
3.44981298,0.33692434
3.45045298,0.16052736
3.45109298,0.16052736
3.45173298,0.16052736
3.45237298,-0.01525925
3.45301298,-0.01525925
3.45365298,-0.01525925
3.45429298,-0.19104587
3.45493298,-0.19104587
3.45557298,-0.19104587
3.45621298,-0.36744285
3.45685298,-0.19104587
3.45749298,-0.36744285
3.45813298,-0.36744285
3.45877298,-0.36744285
3.45941298,-0.36744285
3.46005298,-0.36744285
3.46069298,-0.54383981
3.46133298,-0.54383981
3.46197298,-0.54383981
3.46261298,-0.54383981
3.46325298,-0.72023684
3.46389298,-0.72023684
3.46453298,-0.72023684
3.46517298,-0.72023684
3.46581298,-0.89602345
3.46645298,-0.89602345
3.46709298,-0.89602345
3.46773298,-0.89602345
3.46837298,-0.89602345
3.46901298,-0.89602345
3.46965298,-1.07242048
3.47029298,-1.07242048
3.47093298,-1.07242048
3.47157298,-1.07242048
3.47221298,-1.07242048
3.47285298,-1.07242048
3.47349298,-1.07242048
3.47413298,-1.24881744
3.47477298,-1.24881744
3.47541298,-1.24881744
3.47605298,-1.24881744
3.47669298,-1.24881744
3.47733298,-1.24881744
3.47797298,-1.24881744
3.47861298,-1.24881744
3.47925298,-1.42521441
3.47989298,-1.24881744
3.48053298,-1.24881744
3.48117298,-1.42521441
3.48181298,-1.42521441
3.48245298,-1.24881744
3.48309298,-1.42521441
3.48373298,-1.24881744
3.48437298,-1.24881744
3.48501298,-1.42521441
3.48565298,-1.42521441
3.48629298,-1.42521441
3.48693298,-1.42521441
3.48757298,-1.42521441
3.48821298,-1.42521441
3.48885298,-1.42521441
3.48949298,-1.42521441
3.49013298,-1.42521441
3.49077298,-1.42521441
3.49141298,-1.24881744
3.49205298,-1.24881744
3.49269298,-1.24881744
3.49333298,-1.24881744
3.49397298,-1.24881744
3.49461298,-1.24881744
3.49525298,-1.24881744
3.49589298,-1.24881744
3.49653298,-1.24881744
3.49717298,-1.24881744
3.49781298,-1.24881744
3.49845298,-1.24881744
3.49909298,-1.24881744
3.49973298,-1.07242048
3.50037298,-1.07242048
3.50101298,-1.07242048
3.50165298,-1.07242048
3.50229298,-0.89602345
3.50293298,-0.89602345
3.50357298,-0.89602345
3.50421298,-0.89602345
3.50485298,-0.89602345
3.50549298,-0.89602345
3.50613298,-0.89602345
3.50677298,-0.89602345
3.50741298,-0.72023684
3.50805298,-0.72023684
3.50869298,-0.72023684
3.50933298,-0.72023684
3.50997298,-0.54383981
3.51061298,-0.54383981
3.51125298,-0.54383981
3.51189298,-0.36744285
3.51253298,-0.36744285
3.51317298,-0.36744285
3.51381298,-0.36744285
3.51445298,-0.36744285
3.51509298,-0.36744285
3.51573298,-0.19104587
3.51637298,-0.19104587
3.51701298,-0.19104587
3.51765298,-0.19104587
3.51829298,-0.19104587
3.51893298,-0.01525925
3.51957298,-0.01525925
3.52021298,-0.01525925
3.52085298,-0.01525925
3.52149298,-0.01525925
3.52213298,0.16052736
3.52277298,0.16052736
3.52341298,0.16052736
3.52405298,0.16052736
3.52469298,0.16052736
3.52533298,0.33692434
3.52597298,0.33692434
3.52661298,0.33692434
3.52725298,0.33692434
3.52789298,0.51332134
3.52853298,0.51332134
3.52917298,0.51332134
3.52981298,0.51332134
3.53045298,0.51332134
3.53109298,0.68971831
3.53173298,0.68971831
3.53237298,0.68971831
3.53301298,0.68971831
3.53365298,0.86550492
3.53429298,0.86550492
3.53493298,0.86550492
3.53557298,0.86550492
3.53621298,0.86550492
3.53685298,0.86550492
3.53749298,1.04190195
3.53813298,1.04190195
3.53877298,1.04190195
3.53941298,1.04190195
3.54005298,1.04190195
3.54069298,1.04190195
3.54133298,1.21829891
3.54197298,1.21829891
3.54261298,1.21829891
3.54325298,1.21829891
3.54389298,1.21829891
3.54453298,1.21829891
3.54517298,1.21829891
3.54581298,1.21829891
3.54645298,1.21829891
3.54709298,1.21829891
3.54773298,1.21829891
3.54837298,1.21829891
3.54901298,1.21829891
3.54965298,1.21829891
3.55029298,1.21829891
3.55093298,1.21829891
3.55157298,1.21829891
3.55221298,1.39469588
3.55285298,1.21829891
3.55349298,1.39469588
3.55413298,1.21829891
3.55477298,1.39469588
3.55541298,1.21829891
3.55605298,1.21829891
3.55669298,1.21829891
3.55733298,1.39469588
3.55797298,1.21829891
3.55861298,1.21829891
3.55925298,1.21829891
3.55989298,1.21829891
3.56053298,1.21829891
3.56117298,1.21829891
3.56181298,1.21829891
3.56245298,1.21829891
3.56309298,1.21829891
3.56373298,1.21829891
3.56437298,1.21829891
3.56501298,1.21829891
3.56565298,1.04190195
3.56629298,1.04190195
3.56693298,1.04190195
3.56757298,1.04190195
3.56821298,1.04190195
3.56885298,1.04190195
3.56949298,1.04190195
3.57013298,0.86550492
3.57077298,0.86550492
3.57141298,0.86550492
3.57205298,0.86550492
3.57269298,0.86550492
3.57333298,0.86550492
3.57397298,0.86550492
3.57461298,0.86550492
3.57525298,0.68971831
3.57589298,0.68971831
3.57653298,0.68971831
3.57717298,0.51332134
3.57781298,0.51332134
3.57845298,0.51332134
3.57909298,0.51332134
3.57973298,0.51332134
3.58037298,0.33692434
3.58101298,0.51332134
3.58165298,0.33692434
3.58229298,0.33692434
3.58293298,0.33692434
3.58357298,0.33692434
3.58421298,0.33692434
3.58485298,0.16052736
3.58549298,0.33692434
3.58613298,0.16052736
3.58677298,0.16052736
3.58741298,0.16052736
3.58805298,-0.01525925
3.58869298,-0.01525925
3.58933298,-0.01525925
3.58997298,-0.19104587
3.59061298,-0.19104587
3.59125298,-0.19104587
3.59189298,-0.19104587
3.59253298,-0.19104587
3.59317298,-0.19104587
3.59381298,-0.36744285
3.59445298,-0.36744285
3.59509298,-0.36744285
3.59573298,-0.36744285
3.59637298,-0.36744285
3.59701298,-0.36744285
3.59765298,-0.54383981
3.59829298,-0.54383981
3.59893298,-0.54383981
3.59957298,-0.54383981
3.60021298,-0.54383981
3.60085298,-0.72023684
3.60149298,-0.72023684
3.60213298,-0.72023684
3.60277298,-0.72023684
3.60341298,-0.89602345
3.60405298,-0.72023684
3.60469298,-0.89602345
3.60533298,-0.89602345
3.60597298,-0.89602345
3.60661298,-0.89602345
3.60725298,-0.89602345
3.60789298,-0.89602345
3.60853298,-0.89602345
3.60917298,-1.07242048
3.60981298,-0.89602345
3.61045298,-1.07242048
3.61109298,-1.07242048
3.61173298,-1.07242048
3.61237298,-1.07242048
3.61301298,-1.07242048
3.61365298,-1.07242048
3.61429298,-1.07242048
3.61493298,-1.07242048
3.61557298,-1.07242048
3.61621298,-1.07242048
3.61685298,-1.24881744
3.61749298,-1.07242048
3.61813298,-1.07242048
3.61877298,-1.24881744
3.61941298,-1.07242048
3.62005298,-1.24881744
3.62069298,-1.24881744
3.62133298,-1.24881744
3.62197298,-1.24881744
3.62261298,-1.07242048
3.62325298,-1.07242048
3.62389298,-1.24881744
3.62453298,-1.24881744
3.62517298,-1.24881744
3.62581298,-1.07242048
3.62645298,-1.07242048
3.62709298,-1.07242048
3.62773298,-1.24881744
3.62837298,-1.07242048
3.62901298,-1.07242048
3.62965298,-1.07242048
3.63029298,-1.07242048
3.63093298,-1.07242048
3.63157298,-1.07242048
3.63221298,-1.07242048
3.63285298,-0.89602345
3.63349298,-0.89602345
3.63413298,-1.07242048
3.63477298,-0.89602345
3.63541298,-0.89602345
3.63605298,-0.89602345
3.63669298,-0.89602345
3.63733298,-0.89602345
3.63797298,-0.89602345
3.63861298,-0.72023684
3.63925298,-0.89602345
3.63989298,-0.89602345
3.64053298,-0.89602345
3.64117298,-0.72023684
3.64181298,-0.72023684
3.64245298,-0.72023684
3.64309298,-0.72023684
3.64373298,-0.54383981
3.64437298,-0.54383981
3.64501298,-0.54383981
3.64565298,-0.54383981
3.64629298,-0.36744285
3.64693298,-0.36744285
3.64757298,-0.36744285
3.64821298,-0.36744285
3.64885298,-0.36744285
3.64949298,-0.36744285
3.65013298,-0.36744285
3.65077298,-0.36744285
3.65141298,-0.19104587
3.65205298,-0.19104587
3.65269298,-0.19104587
3.65333298,-0.01525925
3.65397298,-0.19104587
3.65461298,-0.19104587
3.65525298,-0.01525925
3.65589298,0.16052736
3.65653298,-0.01525925
3.65717298,0.16052736
3.65781298,0.16052736
3.65845298,0.16052736
3.65909298,0.16052736
3.65973298,0.16052736
3.66037298,0.16052736
3.66101298,0.33692434
3.66165298,0.33692434
3.66229298,0.33692434
3.66293298,0.33692434
3.66357298,0.33692434
3.66421298,0.33692434
3.66485298,0.51332134
3.66549298,0.51332134
3.66613298,0.51332134
3.66677298,0.51332134
3.66741298,0.51332134
3.66805298,0.51332134
3.66869298,0.51332134
3.66933298,0.68971831
3.66997298,0.68971831
3.67061298,0.68971831
3.67125298,0.68971831
3.67189298,0.86550492
3.67253298,0.68971831
3.67317298,0.86550492
3.67381298,0.86550492
3.67445298,0.86550492
3.67509298,0.86550492
3.67573298,0.86550492
3.67637298,0.86550492
3.67701298,0.86550492
3.67765298,1.04190195
3.67829298,1.04190195
3.67893298,0.86550492
3.67957298,1.04190195
3.68021298,1.04190195
3.68085298,1.04190195
3.68149298,1.04190195
3.68213298,1.04190195
3.68277298,1.04190195
3.68341298,1.04190195
3.68405298,1.04190195
3.68469298,1.21829891
3.68533298,1.21829891
3.68597298,1.04190195
3.68661298,1.21829891
3.68725298,1.21829891
3.68789298,1.04190195
3.68853298,1.04190195
3.68917298,1.21829891
3.68981298,1.04190195
3.69045298,1.21829891
3.69109298,1.04190195
3.69173298,1.04190195
3.69237298,1.04190195
3.69301298,1.04190195
3.69365298,1.04190195
3.69429298,1.04190195
3.69493298,1.21829891
3.69557298,1.04190195
3.69621298,1.04190195
3.69685298,1.04190195
3.69749298,1.04190195
3.69813298,1.04190195
3.69877298,1.04190195
3.69941298,1.04190195
3.70005298,1.04190195
3.70069298,1.04190195
3.70133298,1.04190195
3.70197298,1.04190195
3.70261298,0.86550492
3.70325298,0.86550492
3.70389298,0.86550492
3.70453298,0.86550492
3.70517298,0.86550492
3.70581298,0.86550492
3.70645298,0.86550492
3.70709298,0.86550492
3.70773298,0.68971831
3.70837298,0.68971831
3.70901298,0.68971831
3.70965298,0.68971831
3.71029298,0.68971831
3.71093298,0.51332134
3.71157298,0.51332134
3.71221298,0.51332134
3.71285298,0.51332134
3.71349298,0.51332134
3.71413298,0.33692434
3.71477298,0.51332134
3.71541298,0.33692434
3.71605298,0.33692434
3.71669298,0.33692434
3.71733298,0.33692434
3.71797298,0.33692434
3.71861298,0.33692434
3.71925298,0.33692434
3.71989298,0.16052736
3.72053298,0.16052736
3.72117298,0.16052736
3.72181298,0.16052736
3.72245298,-0.01525925
3.72309298,-0.01525925
3.72373298,-0.01525925
3.72437298,-0.01525925
3.72501298,-0.01525925
3.72565298,-0.01525925
3.72629298,-0.19104587
3.72693298,-0.19104587
3.72757298,-0.19104587
3.72821298,-0.19104587
3.72885298,-0.19104587
3.72949298,-0.19104587
3.73013298,-0.19104587
3.73077298,-0.36744285
3.73141298,-0.36744285
3.73205298,-0.36744285
3.73269298,-0.36744285
3.73333298,-0.36744285
3.73397298,-0.36744285
3.73461298,-0.36744285
3.73525298,-0.54383981
3.73589298,-0.54383981
3.73653298,-0.54383981
3.73717298,-0.54383981
3.73781298,-0.54383981
3.73845298,-0.54383981
3.73909298,-0.54383981
3.73973298,-0.72023684
3.74037298,-0.54383981
3.74101298,-0.72023684
3.74165298,-0.72023684
3.74229298,-0.72023684
3.74293298,-0.72023684
3.74357298,-0.72023684
3.74421298,-0.89602345
3.74485298,-0.89602345
3.74549298,-0.89602345
3.74613298,-0.89602345
3.74677298,-0.89602345
3.74741298,-0.89602345
3.74805298,-0.89602345
3.74869298,-0.89602345
3.74933298,-0.89602345
3.74997298,-0.89602345
3.75061298,-0.89602345
3.75125298,-1.07242048
3.75189298,-0.89602345
3.75253298,-0.89602345
3.75317298,-0.89602345
3.75381298,-1.07242048
3.75445298,-1.07242048
3.75509298,-1.07242048
3.75573298,-0.89602345
3.75637298,-0.89602345
3.75701298,-0.89602345
3.75765298,-0.89602345
3.75829298,-0.89602345
3.75893298,-0.89602345
3.75957298,-0.89602345
3.76021298,-0.89602345
3.76085298,-1.07242048
3.76149298,-0.89602345
3.76213298,-0.89602345
3.76277298,-0.89602345
3.76341298,-0.89602345
3.76405298,-0.89602345
3.76469298,-0.89602345
3.76533298,-0.89602345
3.76597298,-0.89602345
3.76661298,-0.89602345
3.76725298,-0.89602345
3.76789298,-0.89602345
3.76853298,-0.89602345
3.76917298,-0.89602345
3.76981298,-0.89602345
3.77045298,-0.89602345
3.77109298,-0.89602345
3.77173298,-0.72023684
3.77237298,-0.89602345
3.77301298,-0.72023684
3.77365298,-0.72023684
3.77429298,-0.72023684
3.77493298,-0.72023684
3.77557298,-0.54383981
3.77621298,-0.72023684
3.77685298,-0.54383981
3.77749298,-0.54383981
3.77813298,-0.54383981
3.77877298,-0.54383981
3.77941298,-0.36744285
3.78005298,-0.54383981
3.78069298,-0.36744285
3.78133298,-0.54383981
3.78197298,-0.36744285
3.78261298,-0.36744285
3.78325298,-0.36744285
3.78389298,-0.36744285
3.78453298,-0.36744285
3.78517298,-0.36744285
3.78581298,-0.19104587
3.78645298,-0.19104587
3.78709298,-0.19104587
3.78773298,-0.19104587
3.78837298,-0.19104587
3.78901298,-0.19104587
3.78965298,-0.19104587
3.79029298,-0.01525925
3.79093298,-0.01525925
3.79157298,-0.01525925
3.79221298,-0.01525925
3.79285298,-0.01525925
3.79349298,-0.01525925
3.79413298,0.16052736
3.79477298,0.16052736
3.79541298,0.16052736
3.79605298,0.16052736
3.79669298,0.16052736
3.79733298,0.33692434
3.79797298,0.33692434
3.79861298,0.33692434
3.79925298,0.33692434
3.79989298,0.33692434
3.80053298,0.33692434
3.80117298,0.33692434
3.80181298,0.33692434
3.80245298,0.33692434
3.80309298,0.51332134
3.80373298,0.51332134
3.80437298,0.33692434
3.80501298,0.51332134
3.80565298,0.51332134
3.80629298,0.51332134
3.80693298,0.51332134
3.80757298,0.51332134
3.80821298,0.68971831
3.80885298,0.68971831
3.80949298,0.68971831
3.81013298,0.68971831
3.81077298,0.68971831
3.81141298,0.68971831
3.81205298,0.68971831
3.81269298,0.68971831
3.81333298,0.68971831
3.81397298,0.86550492
3.81461298,0.86550492
3.81525298,0.86550492
3.81589298,0.86550492
3.81653298,0.86550492
3.81717298,0.86550492
3.81781298,0.86550492
3.81845298,0.86550492
3.81909298,0.86550492
3.81973298,0.86550492
3.82037298,0.86550492
3.82101298,0.86550492
3.82165298,0.86550492
3.82229298,0.86550492
3.82293298,0.86550492
3.82357298,0.86550492
3.82421298,0.86550492
3.82485298,1.04190195
3.82549298,0.86550492
3.82613298,0.86550492
3.82677298,0.86550492
3.82741298,0.86550492
3.82805298,0.86550492
3.82869298,1.04190195
3.82933298,1.04190195
3.82997298,0.86550492
3.83061298,0.86550492
3.83125298,0.86550492
3.83189298,0.86550492
3.83253298,0.86550492
3.83317298,0.86550492
3.83381298,0.86550492
3.83445298,0.86550492
3.83509298,0.86550492
3.83573298,0.86550492
3.83637298,0.86550492
3.83701298,0.86550492
3.83765298,0.68971831
3.83829298,0.68971831
3.83893298,0.68971831
3.83957298,0.68971831
3.84021298,0.68971831
3.84085298,0.68971831
3.84149298,0.68971831
3.84213298,0.68971831
3.84277298,0.51332134
3.84341298,0.68971831
3.84405298,0.51332134
3.84469298,0.51332134
3.84533298,0.51332134
3.84597298,0.51332134
3.84661298,0.51332134
3.84725298,0.51332134
3.84789298,0.51332134
3.84853298,0.51332134
3.84917298,0.33692434
3.84981298,0.51332134
3.85045298,0.51332134
3.85109298,0.33692434
3.85173298,0.33692434
3.85237298,0.33692434
3.85301298,0.33692434
3.85365298,0.33692434
3.85429298,0.33692434
3.85493298,0.33692434
3.85557298,0.16052736
3.85621298,0.16052736
3.85685298,0.16052736
3.85749298,0.16052736
3.85813298,0.16052736
3.85877298,-0.01525925
3.85941298,0.16052736
3.86005298,0.16052736
3.86069298,-0.01525925
3.86133298,-0.01525925
3.86197298,-0.01525925
3.86261298,-0.01525925
3.86325298,-0.01525925
3.86389298,-0.19104587
3.86453298,-0.19104587
3.86517298,-0.19104587
3.86581298,-0.19104587
3.86645298,-0.19104587
3.86709298,-0.19104587
3.86773298,-0.19104587
3.86837298,-0.36744285
3.86901298,-0.36744285
3.86965298,-0.36744285
3.87029298,-0.36744285
3.87093298,-0.36744285
3.87157298,-0.36744285
3.87221298,-0.36744285
3.87285298,-0.36744285
3.87349298,-0.36744285
3.87413298,-0.36744285
3.87477298,-0.54383981
3.87541298,-0.54383981
3.87605298,-0.54383981
3.87669298,-0.54383981
3.87733298,-0.54383981
3.87797298,-0.54383981
3.87861298,-0.54383981
3.87925298,-0.54383981
3.87989298,-0.54383981
3.88053298,-0.54383981
3.88117298,-0.54383981
3.88181298,-0.54383981
3.88245298,-0.72023684
3.88309298,-0.54383981
3.88373298,-0.72023684
3.88437298,-0.72023684
3.88501298,-0.72023684
3.88565298,-0.72023684
3.88629298,-0.72023684
3.88693298,-0.72023684
3.88757298,-0.72023684
3.88821298,-0.72023684
3.88885298,-0.72023684
3.88949298,-0.72023684
3.89013298,-0.72023684
3.89077298,-0.72023684
3.89141298,-0.72023684
3.89205298,-0.89602345
3.89269298,-0.89602345
3.89333298,-0.89602345
3.89397298,-0.89602345
3.89461298,-0.89602345
3.89525298,-0.72023684
3.89589298,-0.89602345
3.89653298,-0.72023684
3.89717298,-0.72023684
3.89781298,-0.72023684
3.89845298,-0.72023684
3.89909298,-0.72023684
3.89973298,-0.72023684
3.90037298,-0.72023684
3.90101298,-0.72023684
3.90165298,-0.72023684
3.90229298,-0.72023684
3.90293298,-0.72023684
3.90357298,-0.72023684
3.90421298,-0.54383981
3.90485298,-0.54383981
3.90549298,-0.54383981
3.90613298,-0.54383981
3.90677298,-0.54383981
3.90741298,-0.54383981
3.90805298,-0.54383981
3.90869298,-0.54383981
3.90933298,-0.54383981
3.90997298,-0.54383981
3.91061298,-0.54383981
3.91125298,-0.54383981
3.91189298,-0.54383981
3.91253298,-0.54383981
3.91317298,-0.36744285
3.91381298,-0.36744285
3.91445298,-0.36744285
3.91509298,-0.36744285
3.91573298,-0.36744285
3.91637298,-0.36744285
3.91701298,-0.36744285
3.91765298,-0.36744285
3.91829298,-0.36744285
3.91893298,-0.19104587
3.91957298,-0.36744285
3.92021298,-0.19104587
3.92085298,-0.19104587
3.92149298,-0.19104587
3.92213298,-0.19104587
3.92277298,-0.19104587
3.92341298,-0.19104587
3.92405298,-0.19104587
3.92469298,-0.19104587
3.92533298,-0.19104587
3.92597298,-0.01525925
3.92661298,-0.01525925
3.92725298,-0.01525925
3.92789298,-0.01525925
3.92853298,0.16052736
3.92917298,0.16052736
3.92981298,0.16052736
3.93045298,-0.01525925
3.93109298,0.16052736
3.93173298,0.16052736
3.93237298,0.16052736
3.93301298,0.16052736
3.93365298,0.16052736
3.93429298,0.33692434
3.93493298,0.33692434
3.93557298,0.33692434
3.93621298,0.33692434
3.93685298,0.33692434
3.93749298,0.33692434
3.93813298,0.33692434
3.93877298,0.33692434
3.93941298,0.51332134
3.94005298,0.33692434
3.94069298,0.33692434
3.94133298,0.33692434
3.94197298,0.33692434
3.94261298,0.51332134
3.94325298,0.51332134
3.94389298,0.51332134
3.94453298,0.51332134
3.94517298,0.51332134
3.94581298,0.51332134
3.94645298,0.51332134
3.94709298,0.51332134
3.94773298,0.68971831
3.94837298,0.68971831
3.94901298,0.51332134
3.94965298,0.51332134
3.95029298,0.51332134
3.95093298,0.68971831
3.95157298,0.68971831
3.95221298,0.68971831
3.95285298,0.68971831
3.95349298,0.68971831
3.95413298,0.68971831
3.95477298,0.68971831
3.95541298,0.68971831
3.95605298,0.68971831
3.95669298,0.68971831
3.95733298,0.68971831
3.95797298,0.68971831
3.95861298,0.86550492
3.95925298,0.68971831
3.95989298,0.68971831
3.96053298,0.86550492
3.96117298,0.68971831
3.96181298,0.68971831
3.96245298,0.68971831
3.96309298,0.68971831
3.96373298,0.68971831
3.96437298,0.68971831
3.96501298,0.68971831
3.96565298,0.68971831
3.96629298,0.68971831
3.96693298,0.68971831
3.96757298,0.68971831
3.96821298,0.68971831
3.96885298,0.68971831
3.96949298,0.68971831
3.97013298,0.68971831
3.97077298,0.68971831
3.97141298,0.68971831
3.97205298,0.51332134
3.97269298,0.51332134
3.97333298,0.68971831
3.97397298,0.51332134
3.97461298,0.51332134
3.97525298,0.51332134
3.97589298,0.51332134
3.97653298,0.51332134
3.97717298,0.51332134
3.97781298,0.51332134
3.97845298,0.51332134
3.97909298,0.51332134
3.97973298,0.51332134
3.98037298,0.33692434
3.98101298,0.51332134
3.98165298,0.51332134
3.98229298,0.33692434
3.98293298,0.51332134
3.98357298,0.33692434
3.98421298,0.33692434
3.98485298,0.33692434
3.98549298,0.33692434
3.98613298,0.33692434
3.98677298,0.33692434
3.98741298,0.33692434
3.98805298,0.33692434
3.98869298,0.33692434
3.98933298,0.33692434
3.98997298,0.33692434
3.99061298,0.16052736
3.99125298,0.16052736
3.99189298,0.16052736
3.99253298,0.16052736
3.99317298,0.16052736
3.99381298,0.16052736
3.99445298,0.16052736
3.99509298,0.16052736
3.99573298,-0.01525925
3.99637298,-0.01525925
3.99701298,-0.01525925
3.99765298,-0.01525925
3.99829298,-0.01525925
3.99893298,-0.01525925
3.99957298,-0.19104587
4.00021298,-0.19104587
4.00085298,-0.19104587
4.00149298,-0.19104587
4.00213298,-0.19104587
4.00277298,-0.19104587
4.00341298,-0.19104587
4.00405298,-0.19104587
4.00469298,-0.19104587
4.00533298,-0.19104587
4.00597298,-0.36744285
4.00661298,-0.36744285
4.00725298,-0.36744285
4.00789298,-0.36744285
4.00853298,-0.36744285
4.00917298,-0.36744285
4.00981298,-0.36744285
4.01045298,-0.36744285
4.01109298,-0.36744285
4.01173298,-0.36744285
4.01237298,-0.36744285
4.01301298,-0.36744285
4.01365298,-0.36744285
4.01429298,-0.36744285
4.01493298,-0.36744285
4.01557298,-0.36744285
4.01621298,-0.36744285
4.01685298,-0.54383981
4.01749298,-0.54383981
4.01813298,-0.36744285
4.01877298,-0.54383981
4.01941298,-0.54383981
4.02005298,-0.54383981
4.02069298,-0.54383981
4.02133298,-0.54383981
4.02197298,-0.54383981
4.02261298,-0.54383981
4.02325298,-0.54383981
4.02389298,-0.54383981
4.02453298,-0.54383981
4.02517298,-0.54383981
4.02581298,-0.54383981
4.02645298,-0.54383981
4.02709298,-0.54383981
4.02773298,-0.54383981
4.02837298,-0.54383981
4.02901298,-0.54383981
4.02965298,-0.54383981
4.03029298,-0.54383981
4.03093298,-0.54383981
4.03157298,-0.54383981
4.03221298,-0.54383981
4.03285298,-0.54383981
4.03349298,-0.54383981
4.03413298,-0.54383981
4.03477298,-0.54383981
4.03541298,-0.54383981
4.03605298,-0.54383981
4.03669298,-0.54383981
4.03733298,-0.54383981
4.03797298,-0.54383981
4.03861298,-0.54383981
4.03925298,-0.54383981
4.03989298,-0.36744285
4.04053298,-0.36744285
4.04117298,-0.54383981
4.04181298,-0.54383981
4.04245298,-0.54383981
4.04309298,-0.54383981
4.04373298,-0.36744285
4.04437298,-0.36744285
4.04501298,-0.36744285
4.04565298,-0.36744285
4.04629298,-0.36744285
4.04693298,-0.36744285
4.04757298,-0.36744285
4.04821298,-0.36744285
4.04885298,-0.36744285
4.04949298,-0.36744285
4.05013298,-0.36744285
4.05077298,-0.36744285
4.05141298,-0.36744285
4.05205298,-0.36744285
4.05269298,-0.19104587
4.05333298,-0.19104587
4.05397298,-0.36744285
4.05461298,-0.19104587
4.05525298,-0.19104587
4.05589298,-0.19104587
4.05653298,-0.19104587
4.05717298,-0.19104587
4.05781298,-0.19104587
4.05845298,-0.19104587
4.05909298,-0.19104587
4.05973298,-0.19104587
4.06037298,-0.19104587
4.06101298,-0.01525925
4.06165298,-0.01525925
4.06229298,-0.01525925
4.06293298,-0.01525925
4.06357298,-0.01525925
4.06421298,-0.01525925
4.06485298,-0.01525925
4.06549298,-0.01525925
4.06613298,0.16052736
4.06677298,-0.01525925
4.06741298,-0.01525925
4.06805298,0.16052736
4.06869298,-0.01525925
4.06933298,0.16052736
4.06997298,0.16052736
4.07061298,0.16052736
4.07125298,0.16052736
4.07189298,0.16052736
4.07253298,0.16052736
4.07317298,0.16052736
4.07381298,0.33692434
4.07445298,0.33692434
4.07509298,0.33692434
4.07573298,0.33692434
4.07637298,0.33692434
4.07701298,0.33692434
4.07765298,0.33692434
4.07829298,0.33692434
4.07893298,0.33692434
4.07957298,0.33692434
4.08021298,0.33692434
4.08085298,0.33692434
4.08149298,0.33692434
4.08213298,0.51332134
4.08277298,0.33692434
4.08341298,0.33692434
4.08405298,0.51332134
4.08469298,0.33692434
4.08533298,0.33692434
4.08597298,0.51332134
4.08661298,0.51332134
4.08725298,0.51332134
4.08789298,0.51332134
4.08853298,0.51332134
4.08917298,0.51332134
4.08981298,0.51332134
4.09045298,0.51332134
4.09109298,0.51332134
4.09173298,0.51332134
4.09237298,0.51332134
4.09301298,0.51332134
4.09365298,0.51332134
4.09429298,0.51332134
4.09493298,0.51332134
4.09557298,0.51332134
4.09621298,0.51332134
4.09685298,0.51332134
4.09749298,0.51332134
4.09813298,0.51332134
4.09877298,0.51332134
4.09941298,0.51332134
4.10005298,0.51332134
4.10069298,0.51332134
4.10133298,0.51332134
4.10197298,0.51332134
4.10261298,0.51332134
4.10325298,0.51332134
4.10389298,0.51332134
4.10453298,0.51332134
4.10517298,0.51332134
4.10581298,0.51332134
4.10645298,0.51332134
4.10709298,0.51332134
4.10773298,0.51332134
4.10837297,0.51332134
4.10901297,0.51332134
4.10965297,0.51332134
4.11029297,0.51332134
4.11093297,0.33692434
4.11157297,0.33692434
4.11221297,0.33692434
4.11285297,0.51332134
4.11349297,0.33692434
4.11413297,0.33692434
4.11477297,0.33692434
4.11541297,0.33692434
4.11605297,0.33692434
4.11669297,0.33692434
4.11733297,0.33692434
4.11797297,0.33692434
4.11861297,0.33692434
4.11925297,0.33692434
4.11989297,0.33692434
4.12053297,0.33692434
4.12117297,0.33692434
4.12181297,0.33692434
4.12245297,0.33692434
4.12309297,0.33692434
4.12373297,0.33692434
4.12437297,0.16052736
4.12501297,0.33692434
4.12565297,0.16052736
4.12629297,0.16052736
4.12693297,0.16052736
4.12757297,0.16052736
4.12821297,0.16052736
4.12885297,0.16052736
4.12949297,0.16052736
4.13013297,-0.01525925
4.13077297,0.16052736
4.13141297,0.16052736
4.13205297,0.16052736
4.13269297,-0.01525925
4.13333297,0.16052736
4.13397297,-0.01525925
4.13461297,-0.01525925
4.13525297,-0.01525925
4.13589297,-0.01525925
4.13653297,-0.01525925
4.13717297,-0.01525925
4.13781297,-0.01525925
4.13845297,-0.19104587
4.13909297,-0.19104587
4.13973297,-0.19104587
4.14037297,-0.19104587
4.14101297,-0.19104587
4.14165297,-0.19104587
4.14229297,-0.19104587
4.14293297,-0.19104587
4.14357297,-0.19104587
4.14421297,-0.19104587
4.14485297,-0.19104587
4.14549297,-0.19104587
4.14613297,-0.19104587
4.14677297,-0.19104587
4.14741297,-0.36744285
4.14805297,-0.19104587
4.14869297,-0.19104587
4.14933297,-0.36744285
4.14997297,-0.19104587
4.15061297,-0.36744285
4.15125297,-0.36744285
4.15189297,-0.19104587
4.15253297,-0.36744285
4.15317297,-0.36744285
4.15381297,-0.36744285
4.15445297,-0.36744285
4.15509297,-0.36744285
4.15573297,-0.36744285
4.15637297,-0.36744285
4.15701297,-0.36744285
4.15765297,-0.36744285
4.15829297,-0.36744285
4.15893297,-0.36744285
4.15957297,-0.36744285
4.16021297,-0.36744285
4.16085297,-0.36744285
4.16149297,-0.36744285
4.16213297,-0.36744285
4.16277297,-0.36744285
4.16341297,-0.36744285
4.16405297,-0.36744285
4.16469297,-0.36744285
4.16533297,-0.36744285
4.16597297,-0.36744285
4.16661297,-0.36744285
4.16725297,-0.36744285
4.16789297,-0.36744285
4.16853297,-0.36744285
4.16917297,-0.36744285
4.16981297,-0.36744285
4.17045297,-0.36744285
4.17109297,-0.36744285
4.17173297,-0.36744285
4.17237297,-0.36744285
4.17301297,-0.36744285
4.17365297,-0.36744285
4.17429297,-0.36744285
4.17493297,-0.36744285
4.17557297,-0.36744285
4.17621297,-0.36744285
4.17685297,-0.36744285
4.17749297,-0.36744285
4.17813297,-0.36744285
4.17877297,-0.36744285
4.17941297,-0.36744285
4.18005297,-0.36744285
4.18069297,-0.36744285
4.18133297,-0.36744285
4.18197297,-0.36744285
4.18261297,-0.36744285
4.18325297,-0.36744285
4.18389297,-0.36744285
4.18453297,-0.36744285
4.18517297,-0.36744285
4.18581297,-0.36744285
4.18645297,-0.36744285
4.18709297,-0.19104587
4.18773297,-0.19104587
4.18837297,-0.19104587
4.18901297,-0.19104587
4.18965297,-0.19104587
4.19029297,-0.19104587
4.19093297,-0.19104587
4.19157297,-0.19104587
4.19221297,-0.19104587
4.19285297,-0.19104587
4.19349297,-0.19104587
4.19413297,-0.19104587
4.19477297,-0.19104587
4.19541297,-0.19104587
4.19605297,-0.19104587
4.19669297,-0.19104587
4.19733297,-0.19104587
4.19797297,-0.01525925
4.19861297,-0.01525925
4.19925297,-0.01525925
4.19989297,-0.01525925
4.20053297,-0.01525925
4.20117297,-0.01525925
4.20181297,-0.01525925
4.20245297,-0.01525925
4.20309297,-0.01525925
4.20373297,-0.01525925
4.20437297,-0.01525925
4.20501297,-0.01525925
4.20565297,0.16052736
4.20629297,0.16052736
4.20693297,0.16052736
4.20757297,0.16052736
4.20821297,0.16052736
4.20885297,0.16052736
4.20949297,0.16052736
4.21013297,0.16052736
4.21077297,0.16052736
4.21141297,0.16052736
4.21205297,0.16052736
4.21269297,0.16052736
4.21333297,0.16052736
4.21397297,0.33692434
4.21461297,0.33692434
4.21525297,0.33692434
4.21589297,0.33692434
4.21653297,0.16052736
4.21717297,0.33692434
4.21781297,0.33692434
4.21845297,0.33692434
4.21909297,0.33692434
4.21973297,0.33692434
4.22037297,0.33692434
4.22101297,0.33692434
4.22165297,0.33692434
4.22229297,0.33692434
4.22293297,0.33692434
4.22357297,0.33692434
4.22421297,0.33692434
4.22485297,0.33692434
4.22549297,0.33692434
4.22613297,0.33692434
4.22677297,0.33692434
4.22741297,0.33692434
4.22805297,0.33692434
4.22869297,0.33692434
4.22933297,0.33692434
4.22997297,0.51332134
4.23061297,0.33692434
4.23125297,0.33692434
4.23189297,0.33692434
4.23253297,0.33692434
4.23317297,0.33692434
4.23381297,0.33692434
4.23445297,0.33692434
4.23509297,0.33692434
4.23573297,0.33692434
4.23637297,0.33692434
4.23701297,0.33692434
4.23765297,0.33692434
4.23829297,0.33692434
4.23893297,0.33692434
4.23957297,0.33692434
4.24021297,0.33692434
4.24085297,0.33692434
4.24149297,0.33692434
4.24213297,0.33692434
4.24277297,0.33692434
4.24341297,0.33692434
4.24405297,0.33692434
4.24469297,0.33692434
4.24533297,0.33692434
4.24597297,0.33692434
4.24661297,0.33692434
4.24725297,0.33692434
4.24789297,0.33692434
4.24853297,0.33692434
4.24917297,0.33692434
4.24981297,0.33692434
4.25045297,0.33692434
4.25109297,0.33692434
4.25173297,0.33692434
4.25237297,0.33692434
4.25301297,0.33692434
4.25365297,0.33692434
4.25429297,0.16052736
4.25493297,0.33692434
4.25557297,0.33692434
4.25621297,0.16052736
4.25685297,0.33692434
4.25749297,0.16052736
4.25813297,0.33692434
4.25877297,0.16052736
4.25941297,0.16052736
4.26005297,0.33692434
4.26069297,0.16052736
4.26133297,0.16052736
4.26197297,0.16052736
4.26261297,0.16052736
4.26325297,0.16052736
4.26389297,0.16052736
4.26453297,0.16052736
4.26517297,0.16052736
4.26581297,0.16052736
4.26645297,0.16052736
4.26709297,0.16052736
4.26773297,0.16052736
4.26837297,0.16052736
4.26901297,0.16052736
4.26965297,-0.01525925
4.27029297,-0.01525925
4.27093297,-0.01525925
4.27157297,-0.01525925
4.27221297,-0.01525925
4.27285297,-0.01525925
4.27349297,-0.01525925
4.27413297,-0.01525925
4.27477297,-0.01525925
4.27541297,-0.01525925
4.27605297,-0.01525925
4.27669297,-0.01525925
4.27733297,-0.01525925
4.27797297,-0.01525925
4.27861297,-0.01525925
4.27925297,-0.01525925
4.27989297,-0.01525925
4.28053297,-0.01525925
4.28117297,-0.19104587
4.28181297,-0.01525925
4.28245297,-0.19104587
4.28309297,-0.19104587
4.28373297,-0.19104587
4.28437297,-0.19104587
4.28501297,-0.19104587
4.28565297,-0.19104587
4.28629297,-0.19104587
4.28693297,-0.19104587
4.28757297,-0.19104587
4.28821297,-0.19104587
4.28885297,-0.19104587
4.28949297,-0.19104587
4.29013297,-0.19104587
4.29077297,-0.19104587
4.29141297,-0.19104587
4.29205297,-0.19104587
4.29269297,-0.19104587
4.29333297,-0.19104587
4.29397297,-0.19104587
4.29461297,-0.19104587
4.29525297,-0.19104587
4.29589297,-0.19104587
4.29653297,-0.19104587
4.29717297,-0.19104587
4.29781297,-0.19104587
4.29845297,-0.19104587
4.29909297,-0.19104587
4.29973297,-0.19104587
4.30037297,-0.19104587
4.30101297,-0.19104587
4.30165297,-0.19104587
4.30229297,-0.36744285
4.30293297,-0.36744285
4.30357297,-0.19104587
4.30421297,-0.36744285
4.30485297,-0.19104587
4.30549297,-0.36744285
4.30613297,-0.36744285
4.30677297,-0.19104587
4.30741297,-0.19104587
4.30805297,-0.19104587
4.30869297,-0.19104587
4.30933297,-0.36744285
4.30997297,-0.19104587
4.31061297,-0.19104587
4.31125297,-0.19104587
4.31189297,-0.19104587
4.31253297,-0.36744285
4.31317297,-0.19104587
4.31381297,-0.19104587
4.31445297,-0.19104587
4.31509297,-0.19104587
4.31573297,-0.19104587
4.31637297,-0.19104587
4.31701297,-0.19104587
4.31765297,-0.19104587
4.31829297,-0.19104587
4.31893297,-0.19104587
4.31957297,-0.19104587
4.32021297,-0.19104587
4.32085297,-0.19104587
4.32149297,-0.19104587
4.32213297,-0.19104587
4.32277297,-0.19104587
4.32341297,-0.19104587
4.32405297,-0.19104587
4.32469297,-0.19104587
4.32533297,-0.19104587
4.32597297,-0.19104587
4.32661297,-0.19104587
4.32725297,-0.19104587
4.32789297,-0.19104587
4.32853297,-0.19104587
4.32917297,-0.19104587
4.32981297,-0.01525925
4.33045297,-0.19104587
4.33109297,-0.19104587
4.33173297,-0.19104587
4.33237297,-0.01525925
4.33301297,-0.01525925
4.33365297,-0.01525925
4.33429297,-0.01525925
4.33493297,-0.01525925
4.33557297,-0.01525925
4.33621297,-0.01525925
4.33685297,-0.01525925
4.33749297,-0.01525925
4.33813297,-0.01525925
4.33877297,-0.01525925
4.33941297,-0.01525925
4.34005297,-0.01525925
4.34069297,-0.01525925
4.34133297,-0.01525925
4.34197297,-0.01525925
4.34261297,-0.01525925
4.34325297,0.16052736
4.34389297,-0.01525925
4.34453297,-0.01525925
4.34517297,-0.01525925
4.34581297,-0.01525925
4.34645297,0.16052736
4.34709297,0.16052736
4.34773297,-0.01525925
4.34837297,0.16052736
4.34901297,0.16052736
4.34965297,0.16052736
4.35029297,0.16052736
4.35093297,0.16052736
4.35157297,0.16052736
4.35221297,0.16052736
4.35285297,0.16052736
4.35349297,0.16052736
4.35413297,0.16052736
4.35477297,0.16052736
4.35541297,0.16052736
4.35605297,0.16052736
4.35669297,0.16052736
4.35733297,0.16052736
4.35797297,0.16052736
4.35861297,0.16052736
4.35925297,0.16052736
4.35989297,0.16052736
4.36053297,0.16052736
4.36117297,0.16052736
4.36181297,0.33692434
4.36245297,0.16052736
4.36309297,0.16052736
4.36373297,0.16052736
4.36437297,0.16052736
4.36501297,0.33692434
4.36565297,0.16052736
4.36629297,0.33692434
4.36693297,0.16052736
4.36757297,0.33692434
4.36821297,0.16052736
4.36885297,0.16052736
4.36949297,0.33692434
4.37013297,0.16052736
4.37077297,0.16052736
4.37141297,0.33692434
4.37205297,0.33692434
4.37269297,0.33692434
4.37333297,0.16052736
4.37397297,0.16052736
4.37461297,0.33692434
4.37525297,0.16052736
4.37589297,0.16052736
4.37653297,0.33692434
4.37717297,0.16052736
4.37781297,0.16052736
4.37845297,0.33692434
4.37909297,0.16052736
4.37973297,0.33692434
4.38037297,0.16052736
4.38101297,0.16052736
4.38165297,0.33692434
4.38229297,0.33692434
4.38293297,0.16052736
4.38357297,0.16052736
4.38421297,0.33692434
4.38485297,0.16052736
4.38549297,0.16052736
4.38613297,0.33692434
4.38677297,0.16052736
4.38741297,0.16052736
4.38805297,0.16052736
4.38869297,0.16052736
4.38933297,0.16052736
4.38997297,0.16052736
4.39061297,0.16052736
4.39125297,0.16052736
4.39189297,0.16052736
4.39253297,0.16052736
4.39317297,0.16052736
4.39381297,0.16052736
4.39445297,0.16052736
4.39509297,0.16052736
4.39573297,0.16052736
4.39637297,0.16052736
4.39701297,0.16052736
4.39765297,0.16052736
4.39829297,0.16052736
4.39893297,0.16052736
4.39957297,0.16052736
4.40021297,0.16052736
4.40085297,0.16052736
4.40149297,0.16052736
4.40213297,0.16052736
4.40277297,0.16052736
4.40341297,0.16052736
4.40405297,-0.01525925
4.40469297,0.16052736
4.40533297,-0.01525925
4.40597297,0.16052736
4.40661297,0.16052736
4.40725297,-0.01525925
4.40789297,-0.01525925
4.40853297,-0.01525925
4.40917297,-0.01525925
4.40981297,-0.01525925
4.41045297,0.16052736
4.41109297,0.16052736
4.41173297,-0.01525925
4.41237297,0.16052736
4.41301297,-0.01525925
4.41365297,-0.01525925
4.41429297,-0.01525925
4.41493297,-0.01525925
4.41557297,0.16052736
4.41621297,-0.01525925
4.41685297,-0.01525925
4.41749297,-0.01525925
4.41813297,-0.01525925
4.41877297,-0.01525925
4.41941297,-0.01525925
4.42005297,-0.01525925
4.42069297,0.16052736
4.42133297,-0.01525925
4.42197297,-0.01525925
4.42261297,-0.01525925
4.42325297,-0.01525925
4.42389297,-0.01525925
4.42453297,-0.01525925
4.42517297,-0.19104587
4.42581297,-0.01525925
4.42645297,-0.01525925
4.42709297,-0.01525925
4.42773297,-0.01525925
4.42837297,-0.19104587
4.42901297,-0.19104587
4.42965297,-0.19104587
4.43029297,-0.19104587
4.43093297,-0.01525925
4.43157297,-0.19104587
4.43221297,-0.01525925
4.43285297,-0.19104587
4.43349297,-0.01525925
4.43413297,-0.19104587
4.43477297,-0.19104587
4.43541297,-0.19104587
4.43605297,-0.19104587
4.43669297,-0.19104587
4.43733297,-0.19104587
4.43797297,-0.19104587
4.43861297,-0.19104587
4.43925297,-0.19104587
4.43989297,-0.19104587
4.44053297,-0.01525925
4.44117297,-0.19104587
4.44181297,-0.19104587
4.44245297,-0.19104587
4.44309297,-0.19104587
4.44373297,-0.19104587
4.44437297,-0.19104587
4.44501297,-0.01525925
4.44565297,-0.19104587
4.44629297,-0.19104587
4.44693297,-0.19104587
4.44757297,-0.19104587
4.44821297,-0.19104587
4.44885297,-0.19104587
4.44949297,-0.19104587
4.45013297,-0.01525925
4.45077297,-0.19104587
4.45141297,-0.19104587
4.45205297,-0.19104587
4.45269297,-0.19104587
4.45333297,-0.19104587
4.45397297,-0.19104587
4.45461297,-0.19104587
4.45525297,-0.19104587
4.45589297,-0.19104587
4.45653297,-0.19104587
4.45717297,-0.19104587
4.45781297,-0.19104587
4.45845297,-0.19104587
4.45909297,-0.19104587
4.45973297,-0.19104587
4.46037297,-0.19104587
4.46101297,-0.19104587
4.46165297,-0.01525925
4.46229297,-0.19104587
4.46293297,-0.19104587
4.46357297,-0.19104587
4.46421297,-0.19104587
4.46485297,-0.19104587
4.46549297,-0.19104587
4.46613297,-0.19104587
4.46677297,-0.19104587
4.46741297,-0.19104587
4.46805297,-0.19104587
4.46869297,-0.01525925
4.46933297,-0.01525925
4.46997297,-0.01525925
4.47061297,-0.19104587
4.47125297,-0.19104587
4.47189297,-0.19104587
4.47253297,-0.01525925
4.47317297,-0.01525925
4.47381297,-0.01525925
4.47445297,-0.19104587
4.47509297,-0.01525925
4.47573297,-0.19104587
4.47637297,-0.01525925
4.47701297,-0.01525925
4.47765297,-0.01525925
4.47829297,-0.01525925
4.47893297,-0.01525925
4.47957297,-0.01525925
4.48021297,-0.01525925
4.48085297,-0.01525925
4.48149297,-0.01525925
4.48213297,-0.01525925
4.48277297,-0.01525925
4.48341297,-0.01525925
4.48405297,-0.01525925
4.48469297,-0.01525925
4.48533297,-0.01525925
4.48597297,-0.01525925
4.48661297,-0.01525925
4.48725297,-0.01525925
4.48789297,-0.01525925
4.48853297,-0.01525925
4.48917297,-0.01525925
4.48981297,-0.01525925
4.49045297,0.16052736
4.49109297,-0.01525925
4.49173297,-0.01525925
4.49237297,0.16052736
4.49301297,0.16052736
4.49365297,-0.01525925
4.49429297,-0.01525925
4.49493297,0.16052736
4.49557297,0.16052736
4.49621297,-0.01525925
4.49685297,-0.01525925
4.49749297,-0.01525925
4.49813297,-0.01525925
4.49877297,0.16052736
4.49941297,0.16052736
4.50005297,0.16052736
4.50069297,0.16052736
4.50133297,0.16052736
4.50197297,0.16052736
4.50261297,0.16052736
4.50325297,-0.01525925
4.50389297,0.16052736
4.50453297,0.16052736
4.50517297,0.16052736
4.50581297,0.16052736
4.50645297,0.16052736
4.50709297,0.16052736
4.50773297,0.16052736
4.50837297,0.16052736
4.50901297,0.16052736
4.50965297,0.16052736
4.51029297,0.16052736
4.51093297,0.16052736
4.51157297,0.16052736
4.51221297,0.16052736
4.51285297,0.16052736
4.51349297,0.16052736
4.51413297,0.16052736
4.51477297,0.16052736
4.51541297,0.16052736
4.51605297,0.16052736
4.51669297,0.16052736
4.51733297,0.16052736
4.51797297,0.16052736
4.51861297,0.16052736
4.51925297,0.16052736
4.51989297,0.16052736
4.52053297,0.16052736
4.52117297,0.16052736
4.52181297,0.16052736
4.52245297,0.16052736
4.52309297,0.16052736
4.52373297,0.16052736
4.52437297,0.16052736
4.52501297,0.16052736
4.52565297,0.16052736
4.52629297,0.16052736
4.52693297,0.16052736
4.52757297,0.16052736
4.52821297,0.16052736
4.52885297,0.16052736
4.52949297,0.16052736
4.53013297,0.16052736
4.53077297,0.16052736
4.53141297,0.16052736
4.53205297,0.16052736
4.53269297,0.16052736
4.53333297,0.16052736
4.53397297,0.16052736
4.53461297,0.16052736
4.53525297,0.16052736
4.53589297,0.16052736
4.53653297,0.16052736
4.53717297,0.16052736
4.53781297,0.16052736
4.53845297,0.16052736
4.53909297,0.16052736
4.53973297,0.16052736
4.54037297,0.16052736
4.54101297,0.16052736
4.54165297,0.16052736
4.54229297,0.16052736
4.54293297,0.16052736
4.54357297,0.16052736
4.54421297,0.16052736
4.54485297,0.16052736
4.54549297,0.16052736
4.54613297,0.16052736
4.54677297,0.16052736
4.54741297,0.16052736
4.54805297,-0.01525925
4.54869297,0.16052736
4.54933297,0.16052736
4.54997297,0.16052736
4.55061297,0.16052736
4.55125297,0.16052736
4.55189297,0.16052736
4.55253297,0.16052736
4.55317297,0.16052736
4.55381297,0.16052736
4.55445297,0.16052736
4.55509297,-0.01525925
4.55573297,-0.01525925
4.55637297,0.16052736
4.55701297,-0.01525925
4.55765297,0.16052736
4.55829297,0.16052736
4.55893297,0.16052736
4.55957297,0.16052736
4.56021297,-0.01525925
4.56085297,0.16052736
4.56149297,-0.01525925
4.56213297,-0.01525925
4.56277297,0.16052736
4.56341297,0.16052736
4.56405297,0.16052736
4.56469297,-0.01525925
4.56533297,-0.01525925
4.56597297,-0.01525925
4.56661297,-0.01525925
4.56725297,-0.01525925
4.56789297,-0.01525925
4.56853297,-0.01525925
4.56917297,0.16052736
4.56981297,-0.01525925
4.57045297,-0.01525925
4.57109297,0.16052736
4.57173297,-0.01525925
4.57237297,-0.01525925
4.57301297,-0.01525925
4.57365297,-0.01525925
4.57429297,-0.01525925
4.57493297,-0.01525925
4.57557297,-0.01525925
4.57621297,-0.01525925
4.57685297,-0.01525925
4.57749297,-0.01525925
4.57813297,-0.01525925
4.57877297,-0.01525925
4.57941297,-0.01525925
4.58005297,-0.01525925
4.58069297,-0.01525925
4.58133297,-0.01525925
4.58197297,-0.01525925
4.58261297,-0.01525925
4.58325297,-0.01525925
4.58389297,-0.01525925
4.58453297,-0.01525925
4.58517297,-0.01525925
4.58581297,-0.01525925
4.58645297,-0.01525925
4.58709297,-0.19104587
4.58773297,-0.19104587
4.58837297,-0.01525925
4.58901297,-0.01525925
4.58965297,-0.01525925
4.59029297,-0.01525925
4.59093297,-0.19104587
4.59157297,-0.01525925
4.59221297,-0.01525925
4.59285297,-0.01525925
4.59349297,-0.19104587
4.59413297,-0.01525925
4.59477297,-0.19104587
4.59541297,-0.19104587
4.59605297,-0.01525925
4.59669297,-0.19104587
4.59733297,-0.01525925
4.59797297,-0.19104587
4.59861297,-0.19104587
4.59925297,-0.01525925
4.59989297,-0.01525925
4.60053297,-0.19104587
4.60117297,-0.01525925
4.60181297,-0.19104587
4.60245297,-0.19104587
4.60309297,-0.19104587
4.60373297,-0.01525925
4.60437297,-0.19104587
4.60501297,-0.19104587
4.60565297,-0.19104587
4.60629297,-0.19104587
4.60693297,-0.19104587
4.60757297,-0.19104587
4.60821297,-0.19104587
4.60885297,-0.19104587
4.60949297,-0.19104587
4.61013297,-0.19104587
4.61077297,-0.19104587
4.61141297,-0.19104587
4.61205297,-0.19104587
4.61269297,-0.19104587
4.61333297,-0.19104587
4.61397297,-0.19104587
4.61461297,-0.19104587
4.61525297,-0.01525925
4.61589297,-0.19104587
4.61653297,-0.19104587
4.61717297,-0.01525925
4.61781297,-0.19104587
4.61845297,-0.19104587
4.61909297,-0.19104587
4.61973297,-0.19104587
4.62037297,-0.19104587
4.62101297,-0.01525925
4.62165297,-0.01525925
4.62229297,-0.19104587
4.62293297,-0.19104587
4.62357297,-0.19104587
4.62421297,-0.19104587
4.62485297,-0.01525925
4.62549297,-0.19104587
4.62613297,-0.19104587
4.62677297,-0.01525925
4.62741297,-0.01525925
4.62805297,-0.01525925
4.62869297,-0.19104587
4.62933297,-0.19104587
4.62997297,-0.19104587
4.63061297,-0.01525925
4.63125297,-0.01525925
4.63189297,-0.19104587
4.63253297,-0.01525925
4.63317297,-0.19104587
4.63381297,-0.01525925
4.63445297,-0.01525925
4.63509297,-0.19104587
4.63573297,-0.01525925
4.63637297,-0.01525925
4.63701297,-0.01525925
4.63765297,-0.01525925
4.63829297,-0.01525925
4.63893297,-0.01525925
4.63957297,-0.01525925
4.64021297,-0.01525925
4.64085297,-0.01525925
4.64149297,-0.01525925
4.64213297,-0.01525925
4.64277297,-0.01525925
4.64341297,-0.01525925
4.64405297,-0.01525925
4.64469297,-0.01525925
4.64533297,-0.01525925
4.64597297,-0.01525925
4.64661297,-0.01525925
4.64725297,-0.01525925
4.64789297,-0.01525925
4.64853297,-0.01525925
4.64917297,-0.01525925
4.64981297,-0.01525925
4.65045297,-0.01525925
4.65109297,0.16052736
4.65173297,0.16052736
4.65237297,0.16052736
4.65301297,-0.01525925
4.65365297,-0.01525925
4.65429297,0.16052736
4.65493297,0.16052736
4.65557297,0.16052736
4.65621297,-0.01525925
4.65685297,0.16052736
4.65749297,-0.01525925
4.65813297,0.16052736
4.65877297,-0.01525925
4.65941297,0.16052736
4.66005297,0.16052736
4.66069297,0.16052736
4.66133297,0.16052736
4.66197297,0.16052736
4.66261297,0.16052736
4.66325297,0.16052736
4.66389297,0.16052736
4.66453297,0.16052736
4.66517297,0.16052736
4.66581297,0.16052736
4.66645297,0.16052736
4.66709297,0.16052736
4.66773297,0.16052736
4.66837297,0.16052736
4.66901297,0.16052736
4.66965297,0.16052736
4.67029297,0.16052736
4.67093297,0.16052736
4.67157297,0.16052736
4.67221297,0.16052736
4.67285297,0.16052736
4.67349297,0.16052736
4.67413297,0.16052736
4.67477297,0.16052736
4.67541297,0.16052736
4.67605297,0.16052736
4.67669297,0.16052736
4.67733297,0.16052736
4.67797297,0.16052736
4.67861297,0.16052736
4.67925297,0.16052736
4.67989297,0.16052736
4.68053297,0.16052736
4.68117297,0.16052736
4.68181297,0.16052736
4.68245297,0.16052736
4.68309297,0.16052736
4.68373297,0.16052736
4.68437297,0.16052736
4.68501297,0.16052736
4.68565297,0.16052736
4.68629297,0.16052736
4.68693297,0.16052736
4.68757297,0.16052736
4.68821297,0.33692434
4.68885297,0.33692434
4.68949297,0.16052736
4.69013297,0.16052736
4.69077297,0.16052736
4.69141297,0.16052736
4.69205297,0.16052736
4.69269297,0.16052736
4.69333297,0.16052736
4.69397297,0.16052736
4.69461297,0.16052736
4.69525297,0.16052736
4.69589297,0.16052736
4.69653297,0.16052736
4.69717297,0.16052736
4.69781297,0.16052736
4.69845297,0.16052736
4.69909297,0.16052736
4.69973297,0.16052736
4.70037297,0.16052736
4.70101297,0.16052736
4.70165297,0.16052736
4.70229297,0.16052736
4.70293297,0.16052736
4.70357297,0.16052736
4.70421297,0.16052736
4.70485297,0.16052736
4.70549297,0.16052736
4.70613297,0.16052736
4.70677297,0.16052736
4.70741297,0.16052736
4.70805297,0.16052736
4.70869297,0.16052736
4.70933297,0.16052736
4.70997297,0.16052736
4.71061297,0.16052736
4.71125297,0.16052736
4.71189297,0.16052736
4.71253297,-0.01525925
4.71317297,0.16052736
4.71381297,-0.01525925
4.71445297,0.16052736
4.71509297,-0.01525925
4.71573297,0.16052736
4.71637297,0.16052736
4.71701297,0.16052736
4.71765297,0.16052736
4.71829297,-0.01525925
4.71893297,-0.01525925
4.71957297,0.16052736
4.72021297,0.16052736
4.72085297,-0.01525925
4.72149297,-0.01525925
4.72213297,-0.01525925
4.72277297,-0.01525925
4.72341297,-0.01525925
4.72405297,-0.01525925
4.72469297,-0.01525925
4.72533297,-0.01525925
4.72597297,-0.01525925
4.72661297,-0.01525925
4.72725297,-0.01525925
4.72789297,-0.01525925
4.72853297,-0.01525925
4.72917297,-0.01525925
4.72981297,-0.19104587
4.73045297,-0.01525925
4.73109297,-0.01525925
4.73173297,-0.19104587
4.73237297,-0.01525925
4.73301297,-0.19104587
4.73365297,-0.19104587
4.73429297,-0.19104587
4.73493297,-0.01525925
4.73557297,-0.01525925
4.73621297,-0.19104587
4.73685297,-0.19104587
4.73749297,-0.19104587
4.73813297,-0.19104587
4.73877297,-0.19104587
4.73941297,-0.19104587
4.74005297,-0.19104587
4.74069297,-0.19104587
4.74133297,-0.19104587
4.74197297,-0.19104587
4.74261297,-0.19104587
4.74325297,-0.19104587
4.74389297,-0.19104587
4.74453297,-0.19104587
4.74517297,-0.19104587
4.74581297,-0.19104587
4.74645297,-0.19104587
4.74709297,-0.19104587
4.74773297,-0.19104587
4.74837297,-0.19104587
4.74901297,-0.19104587
4.74965297,-0.19104587
4.75029297,-0.19104587
4.75093297,-0.19104587
4.75157297,-0.19104587
4.75221297,-0.19104587
4.75285297,-0.19104587
4.75349297,-0.19104587
4.75413297,-0.19104587
4.75477297,-0.19104587
4.75541297,-0.19104587
4.75605297,-0.19104587
4.75669297,-0.19104587
4.75733297,-0.19104587
4.75797297,-0.19104587
4.75861297,-0.19104587
4.75925297,-0.19104587
4.75989297,-0.19104587
4.76053297,-0.19104587
4.76117297,-0.19104587
4.76181297,-0.19104587
4.76245297,-0.19104587
4.76309297,-0.19104587
4.76373297,-0.19104587
4.76437297,-0.19104587
4.76501297,-0.19104587
4.76565297,-0.19104587
4.76629297,-0.19104587
4.76693297,-0.19104587
4.76757297,-0.19104587
4.76821297,-0.19104587
4.76885297,-0.19104587
4.76949297,-0.19104587
4.77013297,-0.19104587
4.77077297,-0.19104587
4.77141297,-0.19104587
4.77205297,-0.19104587
4.77269297,-0.19104587
4.77333297,-0.19104587
4.77397297,-0.01525925
4.77461297,-0.19104587
4.77525297,-0.19104587
4.77589297,-0.19104587
4.77653297,-0.19104587
4.77717297,-0.01525925
4.77781297,-0.19104587
4.77845297,-0.19104587
4.77909297,-0.19104587
4.77973297,-0.19104587
4.78037297,-0.19104587
4.78101297,-0.01525925
4.78165297,-0.19104587
4.78229297,-0.19104587
4.78293297,-0.01525925
4.78357297,-0.19104587
4.78421297,-0.01525925
4.78485297,-0.19104587
4.78549297,-0.01525925
4.78613297,-0.01525925
4.78677297,-0.01525925
4.78741297,-0.01525925
4.78805297,-0.19104587
4.78869297,-0.01525925
4.78933297,-0.01525925
4.78997297,-0.01525925
4.79061297,-0.01525925
4.79125297,-0.01525925
4.79189297,-0.01525925
4.79253297,-0.01525925
4.79317297,0.16052736
4.79381297,-0.01525925
4.79445297,-0.01525925
4.79509297,-0.01525925
4.79573297,-0.01525925
4.79637297,-0.01525925
4.79701297,0.16052736
4.79765297,0.16052736
4.79829297,0.16052736
4.79893297,-0.01525925
4.79957297,-0.01525925
4.80021297,-0.01525925
4.80085297,0.16052736
4.80149297,0.16052736
4.80213297,0.16052736
4.80277297,0.16052736
4.80341297,0.16052736
4.80405297,0.16052736
4.80469297,0.16052736
4.80533297,0.16052736
4.80597297,0.16052736
4.80661297,0.16052736
4.80725297,0.16052736
4.80789297,0.16052736
4.80853297,0.16052736
4.80917297,0.16052736
4.80981297,0.16052736
4.81045297,0.16052736
4.81109297,0.16052736
4.81173297,0.16052736
4.81237297,0.16052736
4.81301297,0.33692434
4.81365297,0.33692434
4.81429297,0.16052736
4.81493297,0.33692434
4.81557297,0.33692434
4.81621297,0.33692434
4.81685297,0.16052736
4.81749297,0.16052736
4.81813297,0.33692434
4.81877297,0.33692434
4.81941297,0.33692434
4.82005297,0.16052736
4.82069297,0.33692434
4.82133297,0.33692434
4.82197297,0.33692434
4.82261297,0.16052736
4.82325297,0.16052736
4.82389297,0.33692434
4.82453297,0.33692434
4.82517297,0.16052736
4.82581297,0.16052736
4.82645297,0.33692434
4.82709297,0.33692434
4.82773297,0.33692434
4.82837297,0.33692434
4.82901297,0.33692434
4.82965297,0.33692434
4.83029297,0.16052736
4.83093297,0.33692434
4.83157297,0.33692434
4.83221297,0.16052736
4.83285297,0.33692434
4.83349297,0.33692434
4.83413297,0.33692434
4.83477297,0.33692434
4.83541297,0.33692434
4.83605297,0.16052736
4.83669297,0.33692434
4.83733297,0.33692434
4.83797297,0.16052736
4.83861297,0.33692434
4.83925297,0.33692434
4.83989297,0.33692434
4.84053297,0.16052736
4.84117297,0.16052736
4.84181297,0.16052736
4.84245297,0.16052736
4.84309297,0.16052736
4.84373297,0.33692434
4.84437297,0.16052736
4.84501297,0.16052736
4.84565297,0.16052736
4.84629297,0.16052736
4.84693297,0.16052736
4.84757297,0.16052736
4.84821297,0.16052736
4.84885297,0.16052736
4.84949297,0.16052736
4.85013297,0.16052736
4.85077297,0.16052736
4.85141297,0.16052736
4.85205297,0.16052736
4.85269297,0.16052736
4.85333297,0.16052736
4.85397297,0.16052736
4.85461297,0.16052736
4.85525297,0.16052736
4.85589297,0.16052736
4.85653297,0.16052736
4.85717297,0.16052736
4.85781297,0.16052736
4.85845297,0.16052736
4.85909297,0.16052736
4.85973297,0.16052736
4.86037297,0.16052736
4.86101297,-0.01525925
4.86165297,0.16052736
4.86229297,-0.01525925
4.86293297,0.16052736
4.86357297,-0.01525925
4.86421297,-0.01525925
4.86485297,-0.01525925
4.86549297,-0.01525925
4.86613297,-0.01525925
4.86677297,-0.01525925
4.86741297,-0.01525925
4.86805297,-0.01525925
4.86869297,-0.01525925
4.86933297,-0.01525925
4.86997297,-0.01525925
4.87061297,-0.01525925
4.87125297,-0.19104587
4.87189297,-0.19104587
4.87253297,-0.01525925
4.87317297,-0.19104587
4.87381297,-0.19104587
4.87445297,-0.19104587
4.87509297,-0.19104587
4.87573297,-0.19104587
4.87637297,-0.19104587
4.87701297,-0.19104587
4.87765297,-0.19104587
4.87829297,-0.19104587
4.87893297,-0.19104587
4.87957297,-0.19104587
4.88021297,-0.19104587
4.88085297,-0.19104587
4.88149297,-0.19104587
4.88213297,-0.19104587
4.88277297,-0.19104587
4.88341297,-0.19104587
4.88405297,-0.19104587
4.88469297,-0.19104587
4.88533297,-0.19104587
4.88597297,-0.19104587
4.88661297,-0.19104587
4.88725297,-0.36744285
4.88789297,-0.19104587
4.88853297,-0.19104587
4.88917297,-0.19104587
4.88981297,-0.36744285
4.89045297,-0.19104587
4.89109297,-0.19104587
4.89173297,-0.36744285
4.89237297,-0.19104587
4.89301297,-0.36744285
4.89365297,-0.19104587
4.89429297,-0.19104587
4.89493297,-0.36744285
4.89557297,-0.19104587
4.89621297,-0.19104587
4.89685297,-0.36744285
4.89749297,-0.19104587
4.89813297,-0.19104587
4.89877297,-0.36744285
4.89941297,-0.36744285
4.90005297,-0.19104587
4.90069297,-0.36744285
4.90133297,-0.19104587
4.90197297,-0.19104587
4.90261297,-0.36744285
4.90325297,-0.19104587
4.90389297,-0.19104587
4.90453297,-0.19104587
4.90517297,-0.19104587
4.90581297,-0.19104587
4.90645297,-0.19104587
4.90709297,-0.19104587
4.90773297,-0.19104587
4.90837297,-0.19104587
4.90901297,-0.19104587
4.90965297,-0.19104587
4.91029297,-0.19104587
4.91093297,-0.19104587
4.91157297,-0.19104587
4.91221297,-0.19104587
4.91285297,-0.19104587
4.91349297,-0.19104587
4.91413297,-0.19104587
4.91477297,-0.19104587
4.91541297,-0.19104587
4.91605297,-0.19104587
4.91669297,-0.19104587
4.91733297,-0.19104587
4.91797297,-0.19104587
4.91861297,-0.19104587
4.91925297,-0.19104587
4.91989297,-0.19104587
4.92053297,-0.19104587
4.92117297,-0.19104587
4.92181297,-0.19104587
4.92245297,-0.19104587
4.92309297,-0.19104587
4.92373297,-0.19104587
4.92437297,-0.19104587
4.92501297,-0.01525925
4.92565297,-0.01525925
4.92629297,-0.01525925
4.92693297,-0.01525925
4.92757297,-0.01525925
4.92821297,-0.19104587
4.92885297,-0.01525925
4.92949297,-0.19104587
4.93013297,-0.01525925
4.93077297,-0.01525925
4.93141297,-0.01525925
4.93205297,-0.01525925
4.93269297,-0.01525925
4.93333297,-0.01525925
4.93397297,0.16052736
4.93461297,0.16052736
4.93525297,-0.01525925
4.93589297,0.16052736
4.93653297,0.16052736
4.93717297,0.16052736
4.93781297,0.16052736
4.93845297,0.16052736
4.93909297,0.16052736
4.93973297,0.16052736
4.94037297,0.16052736
4.94101297,0.16052736
4.94165297,0.16052736
4.94229297,0.16052736
4.94293297,0.16052736
4.94357297,0.16052736
4.94421297,0.16052736
4.94485297,0.16052736
4.94549297,0.16052736
4.94613297,0.16052736
4.94677297,0.16052736
4.94741297,0.16052736
4.94805297,0.33692434
4.94869297,0.16052736
4.94933297,0.33692434
4.94997297,0.33692434
4.95061297,0.16052736
4.95125297,0.33692434
4.95189297,0.33692434
4.95253297,0.33692434
4.95317297,0.33692434
4.95381297,0.33692434
4.95445297,0.33692434
4.95509297,0.33692434
4.95573297,0.33692434
4.95637297,0.33692434
4.95701297,0.33692434
4.95765297,0.33692434
4.95829297,0.33692434
4.95893297,0.33692434
4.95957297,0.33692434
4.96021297,0.33692434
4.96085297,0.33692434
4.96149297,0.33692434
4.96213297,0.33692434
4.96277297,0.33692434
4.96341297,0.33692434
4.96405297,0.33692434
4.96469297,0.33692434
4.96533297,0.33692434
4.96597297,0.33692434
4.96661297,0.33692434
4.96725297,0.33692434
4.96789297,0.33692434
4.96853297,0.33692434
4.96917297,0.33692434
4.96981297,0.33692434
4.97045297,0.33692434
4.97109297,0.33692434
4.97173297,0.33692434
4.97237297,0.33692434
4.97301297,0.33692434
4.97365297,0.33692434
4.97429297,0.33692434
4.97493297,0.33692434
4.97557297,0.33692434
4.97621297,0.33692434
4.97685297,0.33692434
4.97749297,0.33692434
4.97813297,0.33692434
4.97877297,0.33692434
4.97941297,0.33692434
4.98005297,0.33692434
4.98069297,0.33692434
4.98133297,0.33692434
4.98197297,0.33692434
4.98261297,0.16052736
4.98325297,0.33692434
4.98389297,0.16052736
4.98453297,0.33692434
4.98517297,0.33692434
4.98581297,0.33692434
4.98645297,0.33692434
4.98709297,0.33692434
4.98773297,0.16052736
4.98837297,0.16052736
4.98901297,0.16052736
4.98965297,0.16052736
4.99029297,0.16052736
4.99093297,0.16052736
4.99157297,0.16052736
4.99221297,0.16052736
4.99285297,0.16052736
4.99349297,0.16052736
4.99413297,0.16052736
4.99477297,0.16052736
4.99541297,-0.01525925
4.99605297,0.16052736
4.99669297,0.16052736
4.99733297,-0.01525925
4.99797297,-0.01525925
4.99861297,0.16052736
4.99925297,0.16052736
4.99989297,-0.01525925
5.00053297,-0.01525925
