Time,Channel A
(ms),(V)

-0.00153100,1.92327642
-0.00089100,1.74687946
-0.00025100,1.39469588
0.00038900,1.21829891
0.00102900,0.86550492
0.00166900,0.51332134
0.00230900,0.33692434
0.00294900,-0.01525925
0.00358900,-0.19104587
0.00422900,-0.54383981
0.00486900,-0.72023684
0.00550900,-1.07242048
0.00614900,-1.42521441
0.00678900,-1.60100102
0.00742900,-1.95379496
0.00806900,-2.30597854
0.00870900,-2.48237562
0.00934900,-2.65877247
0.00998900,-3.01095605
0.01062900,-3.18735313
0.01126900,-3.36375022
0.01190900,-3.71593380
0.01254900,-3.89233065
0.01318900,-4.24512482
0.01382900,-4.42091131
0.01446900,-4.77370548
0.01510900,-4.95010233
0.01574900,-5.12588882
0.01638900,-5.47868299
0.01702900,-5.65507984
0.01766900,-5.83086634
0.01830900,-6.18366051
0.01894900,-6.36005735
0.01958900,-6.36005735
0.02022900,-6.71224117
0.02086900,-6.88863802
0.02150900,-7.06503487
0.02214900,-7.24082136
0.02278900,-7.24082136
0.02342900,-7.41721869
0.02406900,-7.59361553
0.02470900,-7.77001238
0.02534900,-7.94579935
0.02598900,-8.12219620
0.02662900,-8.12219620
0.02726900,-8.29859352
0.02790900,-8.29859352
0.02854900,-8.47498989
0.02918900,-8.47498989
0.02982900,-8.65077686
0.03046900,-8.65077686
0.03110900,-8.65077686
0.03174900,-8.82717323
0.03238900,-8.82717323
0.03302900,-8.82717323
0.03366900,-8.82717323
0.03430900,-8.82717323
0.03494900,-8.82717323
0.03558900,-9.00357056
0.03622900,-9.00357056
0.03686900,-9.00357056
0.03750900,-9.00357056
0.03814900,-8.82717323
0.03878900,-8.82717323
0.03942900,-8.82717323
0.04006900,-8.82717323
0.04070900,-8.82717323
0.04134900,-8.65077686
0.04198900,-8.65077686
0.04262900,-8.65077686
0.04326900,-8.47498989
0.04390900,-8.29859352
0.04454900,-8.29859352
0.04518900,-8.12219620
0.04582900,-8.12219620
0.04646900,-7.94579935
0.04710900,-7.77001238
0.04774900,-7.59361553
0.04838900,-7.59361553
0.04902900,-7.41721869
0.04966900,-7.24082136
0.05030900,-7.24082136
0.05094900,-6.88863802
0.05158900,-6.71224117
0.05222900,-6.53584385
0.05286900,-6.36005735
0.05350900,-6.18366051
0.05414900,-6.00726318
0.05478900,-5.83086634
0.05542900,-5.65507984
0.05606900,-5.30228567
0.05670900,-5.12588882
0.05734900,-4.95010233
0.05798900,-4.77370548
0.05862900,-4.42091131
0.05926900,-4.24512482
0.05990900,-4.06872749
0.06054900,-3.71593380
0.06118900,-3.54014707
0.06182900,-3.36375022
0.06246900,-3.01095605
0.06310900,-2.83516955
0.06374900,-2.65877247
0.06438900,-2.30597854
0.06502900,-2.13019204
0.06566900,-1.77739799
0.06630900,-1.60100102
0.06694900,-1.24881744
0.06758900,-1.07242048
0.06822900,-0.89602345
0.06886900,-0.54383981
0.06950900,-0.36744285
0.07014900,-0.19104587
0.07078900,0.16052736
0.07142900,0.33692434
0.07206900,0.68971831
0.07270900,0.86550492
0.07334900,1.21829891
0.07398900,1.57048249
0.07462900,1.74687946
0.07526900,1.92327642
0.07590900,2.09967351
0.07654900,2.45185709
0.07718900,2.62825394
0.07782900,2.98043752
0.07846900,3.15683460
0.07910900,3.33323169
0.07974900,3.68541527
0.08038900,3.68541527
0.08102900,4.03820896
0.08166900,4.21460629
0.08230900,4.56678963
0.08294900,4.56678963
0.08358900,4.91958380
0.08422900,5.09537029
0.08486900,5.09537029
0.08550900,5.44816446
0.08614900,5.44816446
0.08678900,5.80034781
0.08742900,5.97674465
0.08806900,6.15314198
0.08870900,6.32953882
0.08934900,6.32953882
0.08998900,6.50532532
0.09062900,6.68172264
0.09126900,6.85811949
0.09190900,7.03451633
0.09254900,7.21030283
0.09318900,7.21030283
0.09382900,7.38670015
0.09446900,7.38670015
0.09510900,7.56309700
0.09574900,7.56309700
0.09638900,7.73949385
0.09702900,7.73949385
0.09766900,7.73949385
0.09830900,7.91528082
0.09894900,7.73949385
0.09958900,8.09167767
0.10022900,8.09167767
0.10086900,8.09167767
0.10150900,8.09167767
0.10214900,8.09167767
0.10278900,8.09167767
0.10342900,8.09167767
0.10406900,8.09167767
0.10470900,8.09167767
0.10534900,8.09167767
0.10598900,8.09167767
0.10662900,7.91528082
0.10726900,7.91528082
0.10790900,7.91528082
0.10854900,7.73949385
0.10918900,7.73949385
0.10982900,7.56309700
0.11046900,7.56309700
0.11110900,7.56309700
0.11174900,7.56309700
0.11238900,7.38670015
0.11302900,7.38670015
0.11366900,7.21030283
0.11430900,7.03451633
0.11494900,6.85811949
0.11558900,6.85811949
0.11622900,6.68172264
0.11686900,6.50532532
0.11750900,6.32953882
0.11814900,6.15314198
0.11878900,6.15314198
0.11942900,5.97674465
0.12006900,5.80034781
0.12070900,5.44816446
0.12134900,5.44816446
0.12198900,5.27176714
0.12262900,5.09537029
0.12326900,4.91958380
0.12390900,4.74318695
0.12454900,4.56678963
0.12518900,4.39039278
0.12582900,4.03820896
0.12646900,3.86181211
0.12710900,3.86181211
0.12774900,3.50962853
0.12838900,3.33323169
0.12902900,3.15683460
0.12966900,2.98043752
0.13030900,2.62825394
0.13094900,2.45185709
0.13158900,2.27546000
0.13222900,1.92327642
0.13286900,1.74687946
0.13350900,1.57048249
0.13414900,1.39469588
0.13478900,1.04190195
0.13542900,0.86550492
0.13606900,0.68971831
0.13670900,0.51332134
0.13734900,0.33692434
0.13798900,-0.01525925
0.13862900,-0.19104587
0.13926900,-0.36744285
0.13990900,-0.72023684
0.14054900,-0.89602345
0.14118900,-1.07242048
0.14182900,-1.24881744
0.14246900,-1.60100102
0.14310900,-1.77739799
0.14374900,-1.95379496
0.14438900,-2.30597854
0.14502900,-2.30597854
0.14566900,-2.48237562
0.14630900,-2.65877247
0.14694900,-3.01095605
0.14758900,-3.18735313
0.14822900,-3.36375022
0.14886900,-3.54014707
0.14950900,-3.71593380
0.15014900,-3.89233065
0.15078900,-4.06872749
0.15142900,-4.24512482
0.15206900,-4.42091131
0.15270900,-4.59730816
0.15334900,-4.77370548
0.15398900,-4.95010233
0.15462900,-5.12588882
0.15526900,-5.12588882
0.15590900,-5.30228567
0.15654900,-5.47868299
0.15718900,-5.65507984
0.15782900,-5.65507984
0.15846900,-5.83086634
0.15910900,-6.00726318
0.15974900,-6.00726318
0.16038900,-6.00726318
0.16102900,-6.18366051
0.16166900,-6.36005735
0.16230900,-6.36005735
0.16294900,-6.53584385
0.16358900,-6.53584385
0.16422900,-6.53584385
0.16486900,-6.71224117
0.16550900,-6.71224117
0.16614900,-6.71224117
0.16678900,-6.71224117
0.16742900,-6.88863802
0.16806900,-6.88863802
0.16870900,-6.88863802
0.16934900,-6.88863802
0.16998900,-6.88863802
0.17062900,-6.88863802
0.17126900,-6.88863802
0.17190900,-6.88863802
0.17254900,-6.88863802
0.17318900,-6.88863802
0.17382900,-6.88863802
0.17446900,-6.88863802
0.17510900,-6.71224117
0.17574900,-6.71224117
0.17638900,-6.53584385
0.17702900,-6.53584385
0.17766900,-6.53584385
0.17830900,-6.36005735
0.17894900,-6.53584385
0.17958900,-6.36005735
0.18022900,-6.18366051
0.18086900,-6.00726318
0.18150900,-6.00726318
0.18214900,-5.83086634
0.18278900,-5.83086634
0.18342900,-5.65507984
0.18406900,-5.47868299
0.18470900,-5.47868299
0.18534900,-5.30228567
0.18598900,-5.30228567
0.18662900,-5.12588882
0.18726900,-4.95010233
0.18790900,-4.77370548
0.18854900,-4.77370548
0.18918900,-4.59730816
0.18982900,-4.42091131
0.19046900,-4.06872749
0.19110900,-3.89233065
0.19174900,-3.89233065
0.19238900,-3.71593380
0.19302900,-3.54014707
0.19366900,-3.36375022
0.19430900,-3.18735313
0.19494900,-3.01095605
0.19558900,-2.83516955
0.19622900,-2.65877247
0.19686900,-2.48237562
0.19750900,-2.30597854
0.19814900,-2.13019204
0.19878900,-1.95379496
0.19942900,-1.77739799
0.20006900,-1.60100102
0.20070900,-1.42521441
0.20134900,-1.24881744
0.20198900,-1.07242048
0.20262900,-0.72023684
0.20326900,-0.54383981
0.20390900,-0.36744285
0.20454900,-0.36744285
0.20518900,-0.01525925
0.20582900,0.16052736
0.20646900,0.33692434
0.20710900,0.51332134
0.20774900,0.68971831
0.20838900,0.86550492
0.20902900,1.04190195
0.20966900,1.21829891
0.21030900,1.39469588
0.21094900,1.57048249
0.21158900,1.74687946
0.21222900,1.92327642
0.21286900,2.09967351
0.21350900,2.27546000
0.21414900,2.45185709
0.21478900,2.62825394
0.21542900,2.62825394
0.21606900,2.80465102
0.21670900,2.98043752
0.21734900,3.15683460
0.21798900,3.50962853
0.21862900,3.50962853
0.21926900,3.68541527
0.21990900,3.86181211
0.22054900,3.86181211
0.22118900,4.03820896
0.22182900,4.21460629
0.22246900,4.21460629
0.22310900,4.39039278
0.22374900,4.56678963
0.22438900,4.74318695
0.22502900,4.56678963
0.22566900,4.74318695
0.22630900,4.91958380
0.22694900,4.91958380
0.22758900,5.09537029
0.22822900,5.09537029
0.22886900,5.27176714
0.22950900,5.27176714
0.23014900,5.27176714
0.23078900,5.27176714
0.23142900,5.44816446
0.23206900,5.44816446
0.23270900,5.62456131
0.23334900,5.62456131
0.23398900,5.62456131
0.23462900,5.62456131
0.23526900,5.62456131
0.23590900,5.80034781
0.23654900,5.80034781
0.23718900,5.80034781
0.23782900,5.80034781
0.23846900,5.80034781
0.23910900,5.62456131
0.23974900,5.80034781
0.24038900,5.62456131
0.24102900,5.80034781
0.24166900,5.62456131
0.24230900,5.44816446
0.24294900,5.44816446
0.24358900,5.44816446
0.24422900,5.44816446
0.24486900,5.44816446
0.24550900,5.44816446
0.24614900,5.27176714
0.24678900,5.27176714
0.24742900,5.27176714
0.24806900,5.09537029
0.24870900,5.09537029
0.24934900,4.91958380
0.24998900,4.91958380
0.25062900,4.74318695
0.25126900,4.74318695
0.25190900,4.56678963
0.25254900,4.39039278
0.25318900,4.39039278
0.25382900,4.21460629
0.25446900,4.03820896
0.25510900,4.03820896
0.25574900,3.86181211
0.25638900,3.86181211
0.25702900,3.68541527
0.25766900,3.50962853
0.25830900,3.50962853
0.25894900,3.33323169
0.25958900,3.15683460
0.26022900,2.98043752
0.26086900,2.98043752
0.26150900,2.80465102
0.26214900,2.62825394
0.26278900,2.45185709
0.26342900,2.45185709
0.26406900,2.27546000
0.26470900,1.92327642
0.26534900,1.92327642
0.26598900,1.74687946
0.26662900,1.74687946
0.26726900,1.57048249
0.26790900,1.21829891
0.26854900,1.21829891
0.26918900,1.04190195
0.26982900,0.86550492
0.27046900,0.68971831
0.27110900,0.51332134
0.27174900,0.33692434
0.27238900,0.33692434
0.27302900,0.16052736
0.27366900,-0.19104587
0.27430900,-0.19104587
0.27494900,-0.36744285
0.27558900,-0.54383981
0.27622900,-0.54383981
0.27686900,-0.72023684
0.27750900,-0.89602345
0.27814900,-1.07242048
0.27878900,-1.24881744
0.27942900,-1.42521441
0.28006900,-1.60100102
0.28070900,-1.60100102
0.28134900,-1.77739799
0.28198900,-1.95379496
0.28262900,-1.95379496
0.28326900,-2.13019204
0.28390900,-2.30597854
0.28454900,-2.30597854
0.28518900,-2.48237562
0.28582900,-2.65877247
0.28646900,-2.65877247
0.28710900,-2.83516955
0.28774900,-3.01095605
0.28838900,-3.01095605
0.28902900,-3.18735313
0.28966900,-3.18735313
0.29030900,-3.36375022
0.29094900,-3.36375022
0.29158900,-3.54014707
0.29222900,-3.54014707
0.29286900,-3.71593380
0.29350900,-3.71593380
0.29414900,-3.89233065
0.29478900,-3.71593380
0.29542900,-3.89233065
0.29606900,-3.89233065
0.29670900,-4.06872749
0.29734900,-4.06872749
0.29798900,-4.06872749
0.29862900,-4.06872749
0.29926900,-4.06872749
0.29990900,-4.24512482
0.30054900,-4.24512482
0.30118900,-4.24512482
0.30182900,-4.24512482
0.30246900,-4.24512482
0.30310900,-4.24512482
0.30374900,-4.42091131
0.30438900,-4.24512482
0.30502900,-4.24512482
0.30566900,-4.24512482
0.30630900,-4.24512482
0.30694900,-4.24512482
0.30758900,-4.24512482
0.30822900,-4.24512482
0.30886900,-4.24512482
0.30950900,-4.24512482
0.31014900,-4.06872749
0.31078900,-4.24512482
0.31142900,-4.06872749
0.31206900,-4.06872749
0.31270900,-4.06872749
0.31334900,-4.06872749
0.31398900,-3.89233065
0.31462900,-3.89233065
0.31526900,-3.89233065
0.31590900,-3.89233065
0.31654900,-3.71593380
0.31718900,-3.71593380
0.31782900,-3.71593380
0.31846900,-3.54014707
0.31910900,-3.36375022
0.31974900,-3.36375022
0.32038900,-3.18735313
0.32102900,-3.18735313
0.32166900,-3.18735313
0.32230900,-3.01095605
0.32294900,-3.01095605
0.32358900,-3.01095605
0.32422900,-2.83516955
0.32486900,-2.65877247
0.32550900,-2.65877247
0.32614900,-2.48237562
0.32678900,-2.48237562
0.32742900,-2.30597854
0.32806900,-2.30597854
0.32870900,-2.13019204
0.32934900,-1.95379496
0.32998900,-1.95379496
0.33062900,-1.77739799
0.33126900,-1.77739799
0.33190900,-1.60100102
0.33254900,-1.60100102
0.33318900,-1.42521441
0.33382900,-1.24881744
0.33446900,-1.24881744
0.33510900,-1.07242048
0.33574900,-0.89602345
0.33638900,-0.89602345
0.33702900,-0.72023684
0.33766900,-0.54383981
0.33830900,-0.36744285
0.33894900,-0.36744285
0.33958900,-0.19104587
0.34022900,-0.19104587
0.34086900,-0.01525925
0.34150900,0.16052736
0.34214900,0.16052736
0.34278900,0.33692434
0.34342900,0.33692434
0.34406900,0.51332134
0.34470900,0.51332134
0.34534900,0.68971831
0.34598900,0.86550492
0.34662900,0.86550492
0.34726900,1.04190195
0.34790900,1.04190195
0.34854900,1.21829891
0.34918900,1.21829891
0.34982900,1.39469588
0.35046900,1.39469588
0.35110900,1.57048249
0.35174900,1.74687946
0.35238900,1.74687946
0.35302900,1.74687946
0.35366900,1.92327642
0.35430900,1.92327642
0.35494900,2.09967351
0.35558900,2.09967351
0.35622900,2.27546000
0.35686900,2.27546000
0.35750900,2.45185709
0.35814900,2.45185709
0.35878900,2.45185709
0.35942900,2.45185709
0.36006900,2.45185709
0.36070900,2.62825394
0.36134900,2.62825394
0.36198900,2.62825394
0.36262900,2.62825394
0.36326900,2.80465102
0.36390900,2.80465102
0.36454900,2.98043752
0.36518900,2.80465102
0.36582900,2.98043752
0.36646900,2.98043752
0.36710900,2.98043752
0.36774900,2.98043752
0.36838900,2.98043752
0.36902900,2.98043752
0.36966900,2.98043752
0.37030900,3.15683460
0.37094900,3.15683460
0.37158900,3.15683460
0.37222900,3.15683460
0.37286900,3.15683460
0.37350900,3.15683460
0.37414900,3.15683460
0.37478900,3.15683460
0.37542900,3.15683460
0.37606900,3.15683460
0.37670900,3.15683460
0.37734900,2.98043752
0.37798900,2.98043752
0.37862900,2.98043752
0.37926900,2.98043752
0.37990900,2.98043752
0.38054900,2.80465102
0.38118900,2.98043752
0.38182900,2.80465102
0.38246900,2.80465102
0.38310900,2.62825394
0.38374900,2.62825394
0.38438900,2.62825394
0.38502900,2.62825394
0.38566900,2.45185709
0.38630900,2.45185709
0.38694900,2.45185709
0.38758900,2.45185709
0.38822900,2.27546000
0.38886900,2.27546000
0.38950900,2.09967351
0.39014900,2.09967351
0.39078900,2.09967351
0.39142900,1.92327642
0.39206900,1.92327642
0.39270900,1.92327642
0.39334900,1.74687946
0.39398900,1.74687946
0.39462900,1.74687946
0.39526900,1.74687946
0.39590900,1.57048249
0.39654900,1.57048249
0.39718900,1.39469588
0.39782900,1.57048249
0.39846900,1.21829891
0.39910900,1.21829891
0.39974900,1.21829891
0.40038900,1.04190195
0.40102900,1.04190195
0.40166900,0.86550492
0.40230900,0.86550492
0.40294900,0.86550492
0.40358900,0.68971831
0.40422900,0.68971831
0.40486900,0.51332134
0.40550900,0.51332134
0.40614900,0.33692434
0.40678900,0.33692434
0.40742900,0.33692434
0.40806900,0.16052736
0.40870900,0.16052736
0.40934900,0.16052736
0.40998900,-0.01525925
0.41062900,-0.19104587
0.41126900,-0.19104587
0.41190900,-0.19104587
0.41254900,-0.19104587
0.41318900,-0.36744285
0.41382900,-0.36744285
0.41446900,-0.36744285
0.41510900,-0.36744285
0.41574900,-0.54383981
0.41638900,-0.54383981
0.41702900,-0.54383981
0.41766900,-0.72023684
0.41830900,-0.72023684
0.41894900,-0.89602345
0.41958900,-0.89602345
0.42022900,-0.89602345
0.42086900,-1.07242048
0.42150900,-1.07242048
0.42214900,-1.07242048
0.42278900,-1.07242048
0.42342900,-1.07242048
0.42406900,-1.24881744
0.42470900,-1.24881744
0.42534900,-1.24881744
0.42598900,-1.24881744
0.42662900,-1.42521441
0.42726900,-1.42521441
0.42790900,-1.42521441
0.42854900,-1.42521441
0.42918900,-1.42521441
0.42982900,-1.60100102
0.43046900,-1.60100102
0.43110900,-1.60100102
0.43174900,-1.60100102
0.43238900,-1.60100102
0.43302900,-1.60100102
0.43366900,-1.60100102
0.43430900,-1.60100102
0.43494900,-1.60100102
0.43558900,-1.60100102
0.43622900,-1.60100102
0.43686900,-1.77739799
0.43750900,-1.60100102
0.43814900,-1.60100102
0.43878900,-1.60100102
0.43942900,-1.77739799
0.44006900,-1.77739799
0.44070900,-1.60100102
0.44134900,-1.77739799
0.44198900,-1.60100102
0.44262900,-1.77739799
0.44326900,-1.77739799
0.44390900,-1.60100102
0.44454900,-1.60100102
0.44518900,-1.60100102
0.44582900,-1.60100102
0.44646900,-1.77739799
0.44710900,-1.60100102
0.44774900,-1.60100102
0.44838900,-1.42521441
0.44902900,-1.60100102
0.44966900,-1.60100102
0.45030900,-1.60100102
0.45094900,-1.60100102
0.45158900,-1.42521441
0.45222900,-1.42521441
0.45286900,-1.24881744
0.45350900,-1.42521441
0.45414900,-1.42521441
0.45478900,-1.24881744
0.45542900,-1.24881744
0.45606900,-1.24881744
0.45670900,-1.24881744
0.45734900,-1.07242048
0.45798900,-1.24881744
0.45862900,-1.07242048
0.45926900,-1.07242048
0.45990900,-1.07242048
0.46054900,-1.07242048
0.46118900,-0.89602345
0.46182900,-0.89602345
0.46246900,-0.89602345
0.46310900,-0.89602345
0.46374900,-0.89602345
0.46438900,-0.89602345
0.46502900,-0.89602345
0.46566900,-0.72023684
0.46630900,-0.89602345
0.46694900,-0.72023684
0.46758900,-0.72023684
0.46822900,-0.54383981
0.46886900,-0.54383981
0.46950900,-0.54383981
0.47014900,-0.54383981
0.47078900,-0.36744285
0.47142900,-0.36744285
0.47206900,-0.36744285
0.47270900,-0.36744285
0.47334900,-0.36744285
0.47398900,-0.36744285
0.47462900,-0.36744285
0.47526900,-0.19104587
0.47590900,-0.19104587
0.47654900,-0.19104587
0.47718900,-0.19104587
0.47782900,-0.19104587
0.47846900,-0.19104587
0.47910900,-0.19104587
0.47974900,-0.19104587
0.48038900,-0.01525925
0.48102900,-0.01525925
0.48166900,-0.01525925
0.48230900,0.16052736
0.48294900,-0.01525925
0.48358900,-0.01525925
0.48422900,-0.01525925
0.48486900,0.16052736
0.48550900,0.16052736
0.48614900,0.16052736
0.48678900,0.16052736
0.48742900,0.16052736
0.48806900,0.16052736
0.48870900,0.16052736
0.48934900,0.16052736
0.48998900,0.33692434
0.49062900,0.33692434
0.49126900,0.33692434
0.49190900,0.33692434
0.49254900,0.33692434
0.49318900,0.33692434
0.49382900,0.33692434
0.49446900,0.33692434
0.49510900,0.51332134
0.49574900,0.33692434
0.49638900,0.33692434
0.49702900,0.33692434
0.49766900,0.51332134
0.49830900,0.33692434
0.49894900,0.33692434
0.49958900,0.33692434
0.50022900,0.33692434
0.50086900,0.33692434
0.50150900,0.51332134
0.50214900,0.33692434
0.50278900,0.33692434
0.50342900,0.33692434
0.50406900,0.33692434
0.50470900,0.33692434
0.50534900,0.33692434
0.50598900,0.33692434
0.50662900,0.51332134
0.50726900,0.51332134
0.50790900,0.33692434
0.50854900,0.33692434
0.50918900,0.33692434
0.50982900,0.33692434
0.51046900,0.33692434
0.51110900,0.33692434
0.51174900,0.33692434
0.51238900,0.33692434
0.51302900,0.33692434
0.51366900,0.33692434
0.51430900,0.33692434
0.51494900,0.33692434
0.51558900,0.33692434
0.51622900,0.33692434
0.51686900,0.33692434
0.51750900,0.33692434
0.51814900,0.33692434
0.51878900,0.33692434
0.51942900,0.33692434
0.52006900,0.33692434
0.52070900,0.33692434
0.52134900,0.33692434
0.52198900,0.33692434
0.52262900,0.33692434
0.52326900,0.33692434
0.52390900,0.33692434
0.52454900,0.33692434
0.52518900,0.33692434
0.52582900,0.33692434
0.52646900,0.33692434
0.52710900,0.33692434
0.52774900,0.33692434
0.52838900,0.33692434
0.52902900,0.33692434
0.52966900,0.33692434
0.53030900,0.33692434
0.53094900,0.33692434
0.53158900,0.33692434
0.53222900,0.33692434
0.53286900,0.33692434
0.53350900,0.33692434
0.53414900,0.33692434
0.53478900,0.33692434
0.53542900,0.33692434
0.53606900,0.33692434
0.53670900,0.33692434
0.53734900,0.33692434
0.53798900,0.33692434
0.53862900,0.33692434
0.53926900,0.33692434
0.53990900,0.33692434
0.54054900,0.33692434
0.54118900,0.33692434
0.54182900,0.33692434
0.54246900,0.51332134
0.54310900,0.33692434
0.54374900,0.33692434
0.54438900,0.33692434
0.54502900,0.33692434
0.54566900,0.51332134
0.54630900,0.51332134
0.54694900,0.51332134
0.54758900,0.51332134
0.54822900,0.51332134
0.54886900,0.33692434
0.54950900,0.51332134
0.55014900,0.51332134
0.55078900,0.51332134
0.55142900,0.33692434
0.55206900,0.51332134
0.55270900,0.51332134
0.55334900,0.51332134
0.55398900,0.51332134
0.55462900,0.51332134
0.55526900,0.51332134
0.55590900,0.51332134
0.55654900,0.51332134
0.55718900,0.51332134
0.55782900,0.68971831
0.55846900,0.68971831
0.55910900,0.68971831
0.55974900,0.68971831
0.56038900,0.68971831
0.56102900,0.68971831
0.56166900,0.68971831
0.56230900,0.68971831
0.56294900,0.86550492
0.56358900,0.68971831
0.56422900,0.86550492
0.56486900,0.68971831
0.56550900,0.68971831
0.56614900,0.86550492
0.56678900,0.86550492
0.56742900,0.86550492
0.56806900,0.86550492
0.56870900,0.86550492
0.56934900,0.86550492
0.56998900,0.86550492
0.57062900,0.86550492
0.57126900,0.86550492
0.57190900,0.86550492
0.57254900,0.86550492
0.57318900,0.86550492
0.57382900,0.86550492
0.57446900,0.86550492
0.57510900,0.86550492
0.57574900,0.86550492
0.57638900,0.86550492
0.57702900,0.86550492
0.57766900,0.86550492
0.57830900,0.86550492
0.57894900,0.86550492
0.57958900,0.86550492
0.58022900,0.86550492
0.58086900,0.86550492
0.58150900,0.86550492
0.58214900,0.86550492
0.58278900,0.86550492
0.58342900,0.68971831
0.58406900,0.86550492
0.58470900,0.68971831
0.58534900,0.68971831
0.58598900,0.68971831
0.58662900,0.68971831
0.58726900,0.68971831
0.58790900,0.68971831
0.58854900,0.68971831
0.58918900,0.68971831
0.58982900,0.68971831
0.59046900,0.51332134
0.59110900,0.68971831
0.59174900,0.51332134
0.59238900,0.51332134
0.59302900,0.51332134
0.59366900,0.51332134
0.59430900,0.51332134
0.59494900,0.51332134
0.59558900,0.33692434
0.59622900,0.51332134
0.59686900,0.33692434
0.59750900,0.33692434
0.59814900,0.33692434
0.59878900,0.33692434
0.59942900,0.33692434
0.60006900,0.16052736
0.60070900,0.16052736
0.60134900,0.16052736
0.60198900,0.16052736
0.60262900,0.16052736
0.60326900,-0.01525925
0.60390900,-0.01525925
0.60454900,-0.01525925
0.60518900,-0.01525925
0.60582900,-0.19104587
0.60646900,-0.19104587
0.60710900,-0.19104587
0.60774900,-0.19104587
0.60838900,-0.19104587
0.60902900,-0.36744285
0.60966900,-0.36744285
0.61030900,-0.36744285
0.61094900,-0.36744285
0.61158900,-0.54383981
0.61222900,-0.54383981
0.61286900,-0.54383981
0.61350900,-0.54383981
0.61414900,-0.72023684
0.61478900,-0.72023684
0.61542900,-0.72023684
0.61606900,-0.89602345
0.61670900,-0.89602345
0.61734900,-0.89602345
0.61798900,-0.89602345
0.61862900,-0.89602345
0.61926900,-1.07242048
0.61990900,-1.07242048
0.62054900,-1.07242048
0.62118900,-1.07242048
0.62182900,-1.24881744
0.62246900,-1.24881744
0.62310900,-1.24881744
0.62374900,-1.24881744
0.62438900,-1.24881744
0.62502900,-1.42521441
0.62566900,-1.42521441
0.62630900,-1.42521441
0.62694900,-1.42521441
0.62758900,-1.60100102
0.62822900,-1.60100102
0.62886900,-1.60100102
0.62950900,-1.60100102
0.63014900,-1.60100102
0.63078900,-1.77739799
0.63142900,-1.77739799
0.63206900,-1.77739799
0.63270900,-1.77739799
0.63334900,-1.77739799
0.63398900,-1.77739799
0.63462900,-1.77739799
0.63526900,-1.77739799
0.63590900,-1.95379496
0.63654900,-1.77739799
0.63718900,-1.95379496
0.63782900,-1.95379496
0.63846900,-1.95379496
0.63910900,-1.95379496
0.63974900,-1.77739799
0.64038900,-1.95379496
0.64102900,-1.95379496
0.64166900,-1.95379496
0.64230900,-1.95379496
0.64294900,-1.95379496
0.64358900,-1.95379496
0.64422900,-1.95379496
0.64486900,-1.77739799
0.64550900,-1.95379496
0.64614900,-1.95379496
0.64678900,-1.77739799
0.64742900,-1.95379496
0.64806900,-1.77739799
0.64870900,-1.95379496
0.64934900,-1.77739799
0.64998900,-1.77739799
0.65062900,-1.77739799
0.65126900,-1.77739799
0.65190900,-1.77739799
0.65254900,-1.77739799
0.65318900,-1.77739799
0.65382900,-1.60100102
0.65446900,-1.60100102
0.65510900,-1.60100102
0.65574900,-1.60100102
0.65638900,-1.60100102
0.65702900,-1.60100102
0.65766900,-1.42521441
0.65830900,-1.42521441
0.65894900,-1.42521441
0.65958900,-1.24881744
0.66022900,-1.24881744
0.66086900,-1.24881744
0.66150900,-1.07242048
0.66214900,-1.07242048
0.66278900,-1.07242048
0.66342900,-0.89602345
0.66406900,-0.89602345
0.66470900,-0.89602345
0.66534900,-0.72023684
0.66598900,-0.72023684
0.66662900,-0.54383981
0.66726900,-0.72023684
0.66790900,-0.54383981
0.66854900,-0.54383981
0.66918900,-0.36744285
0.66982900,-0.36744285
0.67046900,-0.36744285
0.67110900,-0.19104587
0.67174900,-0.19104587
0.67238900,-0.19104587
0.67302900,-0.01525925
0.67366900,0.16052736
0.67430900,0.16052736
0.67494900,0.16052736
0.67558900,0.33692434
0.67622900,0.33692434
0.67686900,0.33692434
0.67750900,0.51332134
0.67814900,0.51332134
0.67878900,0.68971831
0.67942900,0.68971831
0.68006900,0.68971831
0.68070900,0.86550492
0.68134900,0.86550492
0.68198900,1.04190195
0.68262900,1.04190195
0.68326900,1.21829891
0.68390900,1.21829891
0.68454900,1.39469588
0.68518900,1.39469588
0.68582900,1.39469588
0.68646900,1.57048249
0.68710900,1.57048249
0.68774900,1.74687946
0.68838900,1.74687946
0.68902900,1.74687946
0.68966900,1.74687946
0.69030900,1.92327642
0.69094900,1.92327642
0.69158900,1.92327642
0.69222900,2.09967351
0.69286900,2.09967351
0.69350900,2.09967351
0.69414900,2.27546000
0.69478900,2.27546000
0.69542900,2.27546000
0.69606900,2.45185709
0.69670900,2.45185709
0.69734900,2.45185709
0.69798900,2.45185709
0.69862900,2.45185709
0.69926900,2.62825394
0.69990900,2.62825394
0.70054900,2.62825394
0.70118900,2.80465102
0.70182900,2.62825394
0.70246900,2.80465102
0.70310900,2.80465102
0.70374900,2.80465102
0.70438900,2.98043752
0.70502900,2.98043752
0.70566900,2.80465102
0.70630900,2.98043752
0.70694900,2.98043752
0.70758900,2.98043752
0.70822900,2.98043752
0.70886900,2.98043752
0.70950900,3.15683460
0.71014900,2.98043752
0.71078900,3.15683460
0.71142900,2.98043752
0.71206900,2.98043752
0.71270900,2.98043752
0.71334900,2.98043752
0.71398900,2.98043752
0.71462900,2.98043752
0.71526900,2.98043752
0.71590900,2.80465102
0.71654900,2.80465102
0.71718900,2.80465102
0.71782900,2.62825394
0.71846900,2.80465102
0.71910900,2.62825394
0.71974900,2.62825394
0.72038900,2.62825394
0.72102900,2.45185709
0.72166900,2.45185709
0.72230900,2.45185709
0.72294900,2.45185709
0.72358900,2.45185709
0.72422900,2.27546000
0.72486900,2.27546000
0.72550900,2.09967351
0.72614900,2.09967351
0.72678900,1.92327642
0.72742900,1.92327642
0.72806900,1.92327642
0.72870900,1.92327642
0.72934900,1.74687946
0.72998900,1.74687946
0.73062900,1.57048249
0.73126900,1.57048249
0.73190900,1.39469588
0.73254900,1.39469588
0.73318900,1.21829891
0.73382900,1.21829891
0.73446900,1.21829891
0.73510900,1.04190195
0.73574900,0.86550492
0.73638900,0.86550492
0.73702900,0.68971831
0.73766900,0.68971831
0.73830900,0.51332134
0.73894900,0.51332134
0.73958900,0.33692434
0.74022900,0.33692434
0.74086900,0.16052736
0.74150900,-0.01525925
0.74214900,-0.01525925
0.74278900,-0.19104587
0.74342900,-0.19104587
0.74406900,-0.36744285
0.74470900,-0.36744285
0.74534900,-0.54383981
0.74598900,-0.72023684
0.74662900,-0.72023684
0.74726900,-0.89602345
0.74790900,-1.07242048
0.74854900,-1.07242048
0.74918900,-1.07242048
0.74982900,-1.24881744
0.75046900,-1.42521441
0.75110900,-1.42521441
0.75174900,-1.60100102
0.75238900,-1.60100102
0.75302900,-1.77739799
0.75366900,-1.95379496
0.75430900,-1.95379496
0.75494900,-1.95379496
0.75558900,-2.13019204
0.75622900,-2.13019204
0.75686900,-2.30597854
0.75750900,-2.48237562
0.75814900,-2.48237562
0.75878900,-2.48237562
0.75942900,-2.48237562
0.76006900,-2.65877247
0.76070900,-2.65877247
0.76134900,-2.83516955
0.76198900,-2.83516955
0.76262900,-3.01095605
0.76326900,-3.01095605
0.76390900,-3.01095605
0.76454900,-3.18735313
0.76518900,-3.18735313
0.76582900,-3.18735313
0.76646900,-3.36375022
0.76710900,-3.36375022
0.76774900,-3.36375022
0.76838900,-3.36375022
0.76902900,-3.54014707
0.76966900,-3.54014707
0.77030900,-3.54014707
0.77094900,-3.54014707
0.77158900,-3.71593380
0.77222900,-3.71593380
0.77286900,-3.71593380
0.77350900,-3.71593380
0.77414900,-3.71593380
0.77478900,-3.71593380
0.77542900,-3.71593380
0.77606900,-3.71593380
0.77670900,-3.71593380
0.77734900,-3.71593380
0.77798900,-3.71593380
0.77862900,-3.71593380
0.77926900,-3.71593380
0.77990900,-3.71593380
0.78054900,-3.71593380
0.78118900,-3.71593380
0.78182900,-3.54014707
0.78246900,-3.71593380
0.78310900,-3.71593380
0.78374900,-3.54014707
0.78438900,-3.54014707
0.78502900,-3.54014707
0.78566900,-3.36375022
0.78630900,-3.36375022
0.78694900,-3.36375022
0.78758900,-3.18735313
0.78822900,-3.18735313
0.78886900,-3.18735313
0.78950900,-3.18735313
0.79014900,-3.01095605
0.79078900,-3.01095605
0.79142900,-3.01095605
0.79206900,-2.83516955
0.79270900,-2.83516955
0.79334900,-2.65877247
0.79398900,-2.65877247
0.79462900,-2.48237562
0.79526900,-2.48237562
0.79590900,-2.30597854
0.79654900,-2.30597854
0.79718900,-2.13019204
0.79782900,-2.13019204
0.79846900,-1.95379496
0.79910900,-1.77739799
0.79974900,-1.77739799
0.80038900,-1.77739799
0.80102900,-1.60100102
0.80166900,-1.42521441
0.80230900,-1.24881744
0.80294900,-1.24881744
0.80358900,-1.07242048
0.80422900,-0.89602345
0.80486900,-0.89602345
0.80550900,-0.72023684
0.80614900,-0.54383981
0.80678900,-0.54383981
0.80742900,-0.36744285
0.80806900,-0.36744285
0.80870900,-0.19104587
0.80934900,-0.19104587
0.80998900,0.16052736
0.81062900,0.16052736
0.81126900,0.33692434
0.81190900,0.33692434
0.81254900,0.51332134
0.81318900,0.68971831
0.81382900,0.86550492
0.81446900,0.86550492
0.81510900,1.04190195
0.81574900,1.21829891
0.81638900,1.21829891
0.81702900,1.39469588
0.81766900,1.57048249
0.81830900,1.74687946
0.81894900,1.74687946
0.81958900,1.92327642
0.82022900,1.92327642
0.82086900,2.09967351
0.82150900,2.27546000
0.82214900,2.27546000
0.82278900,2.45185709
0.82342900,2.45185709
0.82406900,2.62825394
0.82470900,2.62825394
0.82534900,2.80465102
0.82598900,2.98043752
0.82662900,2.98043752
0.82726900,3.15683460
0.82790900,3.33323169
0.82854900,3.33323169
0.82918899,3.33323169
0.82982899,3.50962853
0.83046899,3.50962853
0.83110899,3.68541527
0.83174899,3.68541527
0.83238899,3.86181211
0.83302899,3.86181211
0.83366899,3.86181211
0.83430899,4.03820896
0.83494899,3.86181211
0.83558899,4.03820896
0.83622899,4.03820896
0.83686899,4.03820896
0.83750899,4.03820896
0.83814899,4.21460629
0.83878899,4.39039278
0.83942899,4.21460629
0.84006899,4.39039278
0.84070899,4.39039278
0.84134899,4.39039278
0.84198899,4.39039278
0.84262899,4.39039278
0.84326899,4.39039278
0.84390899,4.39039278
0.84454899,4.56678963
0.84518899,4.39039278
0.84582899,4.39039278
0.84646899,4.39039278
0.84710899,4.39039278
0.84774899,4.39039278
0.84838899,4.39039278
0.84902899,4.39039278
0.84966899,4.39039278
0.85030899,4.21460629
0.85094899,4.21460629
0.85158899,4.21460629
0.85222899,4.21460629
0.85286899,4.03820896
0.85350899,4.03820896
0.85414899,4.03820896
0.85478899,3.86181211
0.85542899,3.86181211
0.85606899,3.86181211
0.85670899,3.68541527
0.85734899,3.86181211
0.85798899,3.68541527
0.85862899,3.50962853
0.85926899,3.50962853
0.85990899,3.33323169
0.86054899,3.33323169
0.86118899,3.15683460
0.86182899,3.15683460
0.86246899,3.15683460
0.86310899,2.80465102
0.86374899,2.62825394
0.86438899,2.62825394
0.86502899,2.45185709
0.86566899,2.45185709
0.86630899,2.27546000
0.86694899,2.27546000
0.86758899,1.92327642
0.86822899,1.92327642
0.86886899,1.74687946
0.86950899,1.74687946
0.87014899,1.74687946
0.87078899,1.39469588
0.87142899,1.39469588
0.87206899,1.21829891
0.87270899,1.04190195
0.87334899,0.86550492
0.87398899,0.86550492
0.87462899,0.68971831
0.87526899,0.51332134
0.87590899,0.33692434
0.87654899,0.33692434
0.87718899,0.16052736
0.87782899,-0.01525925
0.87846899,-0.19104587
0.87910899,-0.36744285
0.87974899,-0.36744285
0.88038899,-0.72023684
0.88102899,-0.72023684
0.88166899,-0.89602345
0.88230899,-1.07242048
0.88294899,-1.24881744
0.88358899,-1.24881744
0.88422899,-1.42521441
0.88486899,-1.60100102
0.88550899,-1.77739799
0.88614899,-1.77739799
0.88678899,-1.95379496
0.88742899,-2.13019204
0.88806899,-2.30597854
0.88870899,-2.48237562
0.88934899,-2.48237562
0.88998899,-2.65877247
0.89062899,-2.65877247
0.89126899,-2.83516955
0.89190899,-3.01095605
0.89254899,-3.01095605
0.89318899,-3.18735313
0.89382899,-3.18735313
0.89446899,-3.36375022
0.89510899,-3.54014707
0.89574899,-3.54014707
0.89638899,-3.71593380
0.89702899,-3.71593380
0.89766899,-3.89233065
0.89830899,-3.89233065
0.89894899,-4.06872749
0.89958899,-4.06872749
0.90022899,-4.06872749
0.90086899,-4.24512482
0.90150899,-4.42091131
0.90214899,-4.42091131
0.90278899,-4.42091131
0.90342899,-4.42091131
0.90406899,-4.59730816
0.90470899,-4.59730816
0.90534899,-4.77370548
0.90598899,-4.77370548
0.90662899,-4.77370548
0.90726899,-4.77370548
0.90790899,-4.95010233
0.90854899,-4.77370548
0.90918899,-4.77370548
0.90982899,-4.95010233
0.91046899,-4.95010233
0.91110899,-4.95010233
0.91174899,-4.95010233
0.91238899,-4.95010233
0.91302899,-4.95010233
0.91366899,-4.95010233
0.91430899,-4.95010233
0.91494899,-4.77370548
0.91558899,-4.95010233
0.91622899,-4.77370548
0.91686899,-4.77370548
0.91750899,-4.77370548
0.91814899,-4.77370548
0.91878899,-4.59730816
0.91942899,-4.59730816
0.92006899,-4.42091131
0.92070899,-4.42091131
0.92134899,-4.42091131
0.92198899,-4.42091131
0.92262899,-4.24512482
0.92326899,-4.24512482
0.92390899,-4.06872749
0.92454899,-4.06872749
0.92518899,-3.89233065
0.92582899,-3.89233065
0.92646899,-3.89233065
0.92710899,-3.71593380
0.92774899,-3.54014707
0.92838899,-3.54014707
0.92902899,-3.36375022
0.92966899,-3.18735313
0.93030899,-3.18735313
0.93094899,-3.01095605
0.93158899,-3.01095605
0.93222899,-2.83516955
0.93286899,-2.65877247
0.93350899,-2.48237562
0.93414899,-2.48237562
0.93478899,-2.30597854
0.93542899,-2.30597854
0.93606899,-2.13019204
0.93670899,-1.95379496
0.93734899,-1.77739799
0.93798899,-1.60100102
0.93862899,-1.60100102
0.93926899,-1.24881744
0.93990899,-1.24881744
0.94054899,-1.07242048
0.94118899,-0.89602345
0.94182899,-0.89602345
0.94246899,-0.54383981
0.94310899,-0.36744285
0.94374899,-0.36744285
0.94438899,-0.19104587
0.94502899,-0.01525925
0.94566899,0.16052736
0.94630899,0.33692434
0.94694899,0.33692434
0.94758899,0.51332134
0.94822899,0.86550492
0.94886899,1.04190195
0.94950899,1.04190195
0.95014899,1.21829891
0.95078899,1.39469588
0.95142899,1.39469588
0.95206899,1.57048249
0.95270899,1.74687946
0.95334899,1.92327642
0.95398899,1.92327642
0.95462899,2.27546000
0.95526899,2.27546000
0.95590899,2.45185709
0.95654899,2.62825394
0.95718899,2.62825394
0.95782899,2.98043752
0.95846899,3.15683460
0.95910899,3.15683460
0.95974899,3.15683460
0.96038899,3.33323169
0.96102899,3.50962853
0.96166899,3.68541527
0.96230899,3.86181211
0.96294899,3.86181211
0.96358899,3.86181211
0.96422899,4.03820896
0.96486899,4.21460629
0.96550899,4.21460629
0.96614899,4.39039278
0.96678899,4.39039278
0.96742899,4.56678963
0.96806899,4.56678963
0.96870899,4.74318695
0.96934899,4.74318695
0.96998899,4.74318695
0.97062899,4.74318695
0.97126899,4.91958380
0.97190899,4.91958380
0.97254899,4.91958380
0.97318899,5.09537029
0.97382899,5.09537029
0.97446899,5.09537029
0.97510899,5.27176714
0.97574899,5.27176714
0.97638899,5.27176714
0.97702899,5.27176714
0.97766899,5.27176714
0.97830899,5.27176714
0.97894899,5.27176714
0.97958899,5.27176714
0.98022899,5.27176714
0.98086899,5.27176714
0.98150899,5.27176714
0.98214899,5.27176714
0.98278899,5.27176714
0.98342899,5.27176714
0.98406899,5.09537029
0.98470899,5.27176714
0.98534899,5.09537029
0.98598899,5.09537029
0.98662899,4.91958380
0.98726899,4.91958380
0.98790899,4.91958380
0.98854899,4.74318695
0.98918899,4.74318695
0.98982899,4.56678963
0.99046899,4.56678963
0.99110899,4.56678963
0.99174899,4.39039278
0.99238899,4.39039278
0.99302899,4.21460629
0.99366899,4.03820896
0.99430899,4.03820896
0.99494899,3.86181211
0.99558899,3.86181211
0.99622899,3.68541527
0.99686899,3.68541527
0.99750899,3.50962853
0.99814899,3.50962853
0.99878899,3.33323169
0.99942899,3.15683460
1.00006899,2.98043752
1.00070899,2.80465102
1.00134899,2.62825394
1.00198899,2.62825394
1.00262899,2.45185709
1.00326899,2.27546000
1.00390899,2.09967351
1.00454899,1.92327642
1.00518899,1.92327642
1.00582899,1.74687946
1.00646899,1.57048249
1.00710899,1.39469588
1.00774899,1.21829891
1.00838899,1.04190195
1.00902899,0.86550492
1.00966899,0.86550492
1.01030899,0.68971831
1.01094899,0.51332134
1.01158899,0.33692434
1.01222899,0.33692434
1.01286899,-0.01525925
1.01350899,-0.19104587
1.01414899,-0.19104587
1.01478899,-0.36744285
1.01542899,-0.54383981
1.01606899,-0.89602345
1.01670899,-0.89602345
1.01734899,-1.07242048
1.01798899,-1.24881744
1.01862899,-1.42521441
1.01926899,-1.60100102
1.01990899,-1.77739799
1.02054899,-1.95379496
1.02118899,-1.95379496
1.02182899,-2.13019204
1.02246899,-2.30597854
1.02310899,-2.48237562
1.02374899,-2.65877247
1.02438899,-2.65877247
1.02502899,-2.83516955
1.02566899,-3.01095605
1.02630899,-3.01095605
1.02694899,-3.18735313
1.02758899,-3.36375022
1.02822899,-3.36375022
1.02886899,-3.54014707
1.02950899,-3.71593380
1.03014899,-3.71593380
1.03078899,-3.89233065
1.03142899,-4.06872749
1.03206899,-4.06872749
1.03270899,-4.24512482
1.03334899,-4.42091131
1.03398899,-4.42091131
1.03462899,-4.42091131
1.03526899,-4.59730816
1.03590899,-4.77370548
1.03654899,-4.77370548
1.03718899,-4.77370548
1.03782899,-4.95010233
1.03846899,-5.12588882
1.03910899,-5.12588882
1.03974899,-5.12588882
1.04038899,-5.12588882
1.04102899,-5.30228567
1.04166899,-5.30228567
1.04230899,-5.30228567
1.04294899,-5.30228567
1.04358899,-5.30228567
1.04422899,-5.30228567
1.04486899,-5.30228567
1.04550899,-5.30228567
1.04614899,-5.47868299
1.04678899,-5.30228567
1.04742899,-5.30228567
1.04806899,-5.30228567
1.04870899,-5.30228567
1.04934899,-5.30228567
1.04998899,-5.30228567
1.05062899,-5.30228567
1.05126899,-5.30228567
1.05190899,-5.30228567
1.05254899,-5.12588882
1.05318899,-5.12588882
1.05382899,-5.12588882
1.05446899,-5.12588882
1.05510899,-5.12588882
1.05574899,-4.77370548
1.05638899,-4.95010233
1.05702899,-4.95010233
1.05766899,-4.77370548
1.05830899,-4.59730816
1.05894899,-4.59730816
1.05958899,-4.42091131
1.06022899,-4.24512482
1.06086899,-4.24512482
1.06150899,-4.06872749
1.06214899,-4.06872749
1.06278899,-3.89233065
1.06342899,-3.71593380
1.06406899,-3.71593380
1.06470899,-3.54014707
1.06534899,-3.54014707
1.06598899,-3.36375022
1.06662899,-3.18735313
1.06726899,-3.01095605
1.06790899,-3.01095605
1.06854899,-2.83516955
1.06918899,-2.65877247
1.06982899,-2.48237562
1.07046899,-2.48237562
1.07110899,-2.30597854
1.07174899,-2.13019204
1.07238899,-1.95379496
1.07302899,-1.77739799
1.07366899,-1.77739799
1.07430899,-1.60100102
1.07494899,-1.42521441
1.07558899,-1.24881744
1.07622899,-1.07242048
1.07686899,-0.89602345
1.07750899,-0.72023684
1.07814899,-0.54383981
1.07878899,-0.36744285
1.07942899,-0.36744285
1.08006899,-0.19104587
1.08070899,0.16052736
1.08134899,0.33692434
1.08198899,0.33692434
1.08262899,0.51332134
1.08326899,0.68971831
1.08390899,0.86550492
1.08454899,1.04190195
1.08518899,1.21829891
1.08582899,1.39469588
1.08646899,1.57048249
1.08710899,1.57048249
1.08774899,1.92327642
1.08838899,1.92327642
1.08902899,2.09967351
1.08966899,2.27546000
1.09030899,2.45185709
1.09094899,2.45185709
1.09158899,2.80465102
1.09222899,2.80465102
1.09286899,2.98043752
1.09350899,3.15683460
1.09414899,3.15683460
1.09478899,3.33323169
1.09542899,3.50962853
1.09606899,3.68541527
1.09670899,3.86181211
1.09734899,3.86181211
1.09798899,3.86181211
1.09862899,4.03820896
1.09926899,4.03820896
1.09990899,4.21460629
1.10054899,4.39039278
1.10118899,4.56678963
1.10182899,4.56678963
1.10246899,4.56678963
1.10310899,4.74318695
1.10374899,4.74318695
1.10438899,4.91958380
1.10502899,4.91958380
1.10566899,4.91958380
1.10630899,5.09537029
1.10694899,5.09537029
1.10758899,5.09537029
1.10822899,5.27176714
1.10886899,5.27176714
1.10950899,5.27176714
1.11014899,5.27176714
1.11078899,5.27176714
1.11142899,5.44816446
1.11206899,5.44816446
1.11270899,5.44816446
1.11334899,5.44816446
1.11398899,5.44816446
1.11462899,5.27176714
1.11526899,5.44816446
1.11590899,5.27176714
1.11654899,5.27176714
1.11718899,5.44816446
1.11782899,5.27176714
1.11846899,5.27176714
1.11910899,5.27176714
1.11974899,5.27176714
1.12038899,5.27176714
1.12102899,5.27176714
1.12166899,5.09537029
1.12230899,5.09537029
1.12294899,4.91958380
1.12358899,4.91958380
1.12422899,4.91958380
1.12486899,4.74318695
1.12550899,4.56678963
1.12614899,4.74318695
1.12678899,4.56678963
1.12742899,4.39039278
1.12806899,4.39039278
1.12870899,4.21460629
1.12934899,4.03820896
1.12998899,4.03820896
1.13062899,4.03820896
1.13126899,3.86181211
1.13190899,3.68541527
1.13254899,3.68541527
1.13318899,3.33323169
1.13382899,3.33323169
1.13446899,3.15683460
1.13510899,3.15683460
1.13574899,3.15683460
1.13638899,2.80465102
1.13702899,2.62825394
1.13766899,2.45185709
1.13830899,2.45185709
1.13894899,2.27546000
1.13958899,2.09967351
1.14022899,1.92327642
1.14086899,1.92327642
1.14150899,1.74687946
1.14214899,1.57048249
1.14278899,1.39469588
1.14342899,1.21829891
1.14406899,1.04190195
1.14470899,0.86550492
1.14534899,0.68971831
1.14598899,0.51332134
1.14662899,0.33692434
1.14726899,0.33692434
1.14790899,0.16052736
1.14854899,-0.01525925
1.14918899,-0.19104587
1.14982899,-0.36744285
1.15046899,-0.54383981
1.15110899,-0.72023684
1.15174899,-0.89602345
1.15238899,-1.07242048
1.15302899,-1.24881744
1.15366899,-1.24881744
1.15430899,-1.60100102
1.15494899,-1.60100102
1.15558899,-1.77739799
1.15622899,-1.95379496
1.15686899,-2.13019204
1.15750899,-2.13019204
1.15814899,-2.30597854
1.15878899,-2.48237562
1.15942899,-2.65877247
1.16006899,-2.83516955
1.16070899,-2.83516955
1.16134899,-3.01095605
1.16198899,-3.18735313
1.16262899,-3.36375022
1.16326899,-3.36375022
1.16390899,-3.54014707
1.16454899,-3.54014707
1.16518899,-3.71593380
1.16582899,-3.71593380
1.16646899,-3.89233065
1.16710899,-3.89233065
1.16774899,-4.06872749
1.16838899,-4.24512482
1.16902899,-4.24512482
1.16966899,-4.42091131
1.17030899,-4.42091131
1.17094899,-4.59730816
1.17158899,-4.59730816
1.17222899,-4.59730816
1.17286899,-4.77370548
1.17350899,-4.77370548
1.17414899,-4.95010233
1.17478899,-4.95010233
1.17542899,-5.12588882
1.17606899,-5.12588882
1.17670899,-5.12588882
1.17734899,-5.12588882
1.17798899,-5.12588882
1.17862899,-5.12588882
1.17926899,-5.12588882
1.17990899,-5.30228567
1.18054899,-5.30228567
1.18118899,-5.12588882
1.18182899,-5.30228567
1.18246899,-5.30228567
1.18310899,-5.30228567
1.18374899,-5.30228567
1.18438899,-5.30228567
1.18502899,-5.30228567
1.18566899,-5.12588882
1.18630899,-5.12588882
1.18694899,-5.12588882
1.18758899,-5.12588882
1.18822899,-4.95010233
1.18886899,-5.12588882
1.18950899,-4.95010233
1.19014899,-4.77370548
1.19078899,-4.77370548
1.19142899,-4.77370548
1.19206899,-4.59730816
1.19270899,-4.42091131
1.19334899,-4.42091131
1.19398899,-4.42091131
1.19462899,-4.24512482
1.19526899,-4.06872749
1.19590899,-4.06872749
1.19654899,-3.89233065
1.19718899,-3.89233065
1.19782899,-3.89233065
1.19846899,-3.71593380
1.19910899,-3.71593380
1.19974899,-3.54014707
1.20038899,-3.36375022
1.20102899,-3.18735313
1.20166899,-3.18735313
1.20230899,-3.01095605
1.20294899,-3.01095605
1.20358899,-2.83516955
1.20422899,-2.48237562
1.20486899,-2.48237562
1.20550899,-2.30597854
1.20614899,-2.30597854
1.20678899,-2.13019204
1.20742899,-1.95379496
1.20806899,-1.77739799
1.20870899,-1.77739799
1.20934899,-1.60100102
1.20998899,-1.42521441
1.21062899,-1.24881744
1.21126899,-1.07242048
1.21190899,-0.89602345
1.21254899,-0.72023684
1.21318899,-0.54383981
1.21382899,-0.36744285
1.21446899,-0.36744285
1.21510899,-0.19104587
1.21574899,-0.01525925
1.21638899,0.16052736
1.21702899,0.33692434
1.21766899,0.51332134
1.21830899,0.51332134
1.21894899,0.68971831
1.21958899,0.86550492
1.22022899,1.04190195
1.22086899,1.21829891
1.22150899,1.21829891
1.22214899,1.57048249
1.22278899,1.74687946
1.22342899,1.74687946
1.22406899,1.92327642
1.22470899,2.09967351
1.22534899,2.27546000
1.22598899,2.27546000
1.22662899,2.45185709
1.22726899,2.45185709
1.22790899,2.62825394
1.22854899,2.80465102
1.22918899,2.98043752
1.22982899,2.98043752
1.23046899,3.15683460
1.23110899,3.33323169
1.23174899,3.33323169
1.23238899,3.50962853
1.23302899,3.68541527
1.23366899,3.86181211
1.23430899,3.86181211
1.23494899,3.86181211
1.23558899,4.03820896
1.23622899,4.03820896
1.23686899,4.03820896
1.23750899,4.21460629
1.23814899,4.21460629
1.23878899,4.39039278
1.23942899,4.39039278
1.24006899,4.56678963
1.24070899,4.56678963
1.24134899,4.56678963
1.24198899,4.56678963
1.24262899,4.74318695
1.24326899,4.74318695
1.24390899,4.74318695
1.24454899,4.74318695
1.24518899,4.91958380
1.24582899,4.91958380
1.24646899,4.91958380
1.24710899,4.91958380
1.24774899,4.91958380
1.24838899,4.91958380
1.24902899,4.91958380
1.24966899,4.91958380
1.25030899,4.91958380
1.25094899,4.91958380
1.25158899,4.91958380
1.25222899,4.91958380
1.25286899,4.91958380
1.25350899,4.91958380
1.25414899,4.91958380
1.25478899,4.91958380
1.25542899,4.74318695
1.25606899,4.74318695
1.25670899,4.74318695
1.25734899,4.56678963
1.25798899,4.56678963
1.25862899,4.56678963
1.25926899,4.39039278
1.25990899,4.39039278
1.26054899,4.39039278
1.26118899,4.21460629
1.26182899,4.03820896
1.26246899,4.03820896
1.26310899,3.86181211
1.26374899,3.86181211
1.26438899,3.86181211
1.26502899,3.68541527
1.26566899,3.68541527
1.26630899,3.50962853
1.26694899,3.33323169
1.26758899,3.33323169
1.26822899,3.15683460
1.26886899,3.15683460
1.26950899,2.98043752
1.27014899,2.98043752
1.27078899,2.62825394
1.27142899,2.45185709
1.27206899,2.45185709
1.27270899,2.45185709
1.27334899,2.27546000
1.27398899,1.92327642
1.27462899,1.92327642
1.27526899,1.74687946
1.27590899,1.74687946
1.27654899,1.57048249
1.27718899,1.39469588
1.27782899,1.21829891
1.27846899,1.21829891
1.27910899,1.04190195
1.27974899,0.86550492
1.28038899,0.68971831
1.28102899,0.51332134
1.28166899,0.51332134
1.28230899,0.33692434
1.28294899,0.33692434
1.28358899,0.16052736
1.28422899,-0.19104587
1.28486899,-0.19104587
1.28550899,-0.36744285
1.28614899,-0.36744285
1.28678899,-0.72023684
1.28742899,-0.72023684
1.28806899,-0.89602345
1.28870899,-1.07242048
1.28934899,-1.24881744
1.28998899,-1.24881744
1.29062899,-1.60100102
1.29126899,-1.60100102
1.29190899,-1.77739799
1.29254899,-1.95379496
1.29318899,-1.95379496
1.29382899,-2.13019204
1.29446899,-2.13019204
1.29510899,-2.30597854
1.29574899,-2.48237562
1.29638899,-2.48237562
1.29702899,-2.65877247
1.29766899,-2.83516955
1.29830899,-2.83516955
1.29894899,-3.01095605
1.29958899,-3.01095605
1.30022899,-3.18735313
1.30086899,-3.18735313
1.30150899,-3.36375022
1.30214899,-3.36375022
1.30278899,-3.54014707
1.30342899,-3.71593380
1.30406899,-3.71593380
1.30470899,-3.71593380
1.30534899,-3.89233065
1.30598899,-3.89233065
1.30662899,-3.89233065
1.30726899,-4.06872749
1.30790899,-4.06872749
1.30854899,-4.06872749
1.30918899,-4.24512482
1.30982899,-4.24512482
1.31046899,-4.24512482
1.31110899,-4.42091131
1.31174899,-4.42091131
1.31238899,-4.42091131
1.31302899,-4.42091131
1.31366899,-4.42091131
1.31430899,-4.42091131
1.31494899,-4.59730816
1.31558899,-4.42091131
1.31622899,-4.42091131
1.31686899,-4.42091131
1.31750899,-4.42091131
1.31814899,-4.42091131
1.31878899,-4.42091131
1.31942899,-4.42091131
1.32006899,-4.42091131
1.32070899,-4.42091131
1.32134899,-4.24512482
1.32198899,-4.42091131
1.32262899,-4.24512482
1.32326899,-4.24512482
1.32390899,-4.24512482
1.32454899,-4.24512482
1.32518899,-4.06872749
1.32582899,-4.06872749
1.32646899,-4.06872749
1.32710899,-3.89233065
1.32774899,-3.89233065
1.32838899,-3.89233065
1.32902899,-3.89233065
1.32966899,-3.71593380
1.33030899,-3.71593380
1.33094899,-3.54014707
1.33158899,-3.36375022
1.33222899,-3.36375022
1.33286899,-3.18735313
1.33350899,-3.18735313
1.33414899,-3.18735313
1.33478899,-3.01095605
1.33542899,-3.01095605
1.33606899,-2.83516955
1.33670899,-2.83516955
1.33734899,-2.65877247
1.33798899,-2.48237562
1.33862899,-2.48237562
1.33926899,-2.30597854
1.33990899,-2.13019204
1.34054899,-2.13019204
1.34118899,-1.95379496
1.34182899,-1.77739799
1.34246899,-1.77739799
1.34310899,-1.60100102
1.34374899,-1.60100102
1.34438899,-1.24881744
1.34502899,-1.24881744
1.34566899,-1.07242048
1.34630899,-1.07242048
1.34694899,-0.89602345
1.34758899,-0.72023684
1.34822899,-0.54383981
1.34886899,-0.36744285
1.34950899,-0.36744285
1.35014899,-0.19104587
1.35078899,-0.19104587
1.35142899,0.16052736
1.35206899,0.16052736
1.35270899,0.33692434
1.35334899,0.33692434
1.35398899,0.51332134
1.35462899,0.68971831
1.35526899,0.68971831
1.35590899,0.86550492
1.35654899,1.04190195
1.35718899,1.04190195
1.35782899,1.21829891
1.35846899,1.39469588
1.35910899,1.57048249
1.35974899,1.57048249
1.36038899,1.74687946
1.36102899,1.74687946
1.36166899,1.92327642
1.36230899,1.92327642
1.36294899,2.09967351
1.36358899,2.27546000
1.36422899,2.27546000
1.36486899,2.45185709
1.36550899,2.45185709
1.36614899,2.62825394
1.36678899,2.62825394
1.36742899,2.98043752
1.36806899,2.80465102
1.36870899,2.98043752
1.36934899,3.15683460
1.36998899,3.15683460
1.37062899,3.15683460
1.37126899,3.33323169
1.37190899,3.33323169
1.37254899,3.33323169
1.37318899,3.50962853
1.37382899,3.50962853
1.37446899,3.50962853
1.37510899,3.68541527
1.37574899,3.86181211
1.37638899,3.86181211
1.37702899,3.86181211
1.37766899,3.86181211
1.37830899,3.86181211
1.37894899,3.86181211
1.37958899,3.86181211
1.38022899,3.86181211
1.38086899,4.03820896
1.38150899,4.03820896
1.38214899,4.03820896
1.38278899,4.03820896
1.38342899,4.03820896
1.38406899,4.03820896
1.38470899,4.03820896
1.38534899,4.03820896
1.38598899,4.03820896
1.38662899,4.03820896
1.38726899,4.03820896
1.38790899,4.03820896
1.38854899,4.03820896
1.38918899,4.03820896
1.38982899,3.86181211
1.39046899,3.86181211
1.39110899,3.86181211
1.39174899,3.86181211
1.39238899,3.86181211
1.39302899,3.68541527
1.39366899,3.68541527
1.39430899,3.68541527
1.39494899,3.50962853
1.39558899,3.50962853
1.39622899,3.50962853
1.39686899,3.33323169
1.39750899,3.33323169
1.39814899,3.33323169
1.39878899,3.15683460
1.39942899,3.15683460
1.40006899,3.15683460
1.40070899,2.98043752
1.40134899,2.98043752
1.40198899,2.80465102
1.40262899,2.62825394
1.40326899,2.62825394
1.40390899,2.62825394
1.40454899,2.45185709
1.40518899,2.45185709
1.40582899,2.27546000
1.40646899,2.09967351
1.40710899,2.09967351
1.40774899,1.92327642
1.40838899,1.92327642
1.40902899,1.74687946
1.40966899,1.74687946
1.41030899,1.57048249
1.41094899,1.57048249
1.41158899,1.39469588
1.41222899,1.21829891
1.41286899,1.21829891
1.41350899,1.04190195
1.41414899,0.86550492
1.41478899,0.86550492
1.41542899,0.68971831
1.41606899,0.51332134
1.41670899,0.51332134
1.41734899,0.33692434
1.41798899,0.33692434
1.41862899,0.16052736
1.41926899,0.16052736
1.41990899,-0.01525925
1.42054899,-0.19104587
1.42118899,-0.36744285
1.42182899,-0.36744285
1.42246899,-0.36744285
1.42310899,-0.54383981
1.42374899,-0.72023684
1.42438899,-0.89602345
1.42502899,-0.89602345
1.42566899,-1.07242048
1.42630899,-1.07242048
1.42694899,-1.24881744
1.42758899,-1.24881744
1.42822899,-1.42521441
1.42886899,-1.60100102
1.42950899,-1.60100102
1.43014899,-1.60100102
1.43078899,-1.77739799
1.43142899,-1.95379496
1.43206899,-1.95379496
1.43270899,-1.95379496
1.43334899,-2.13019204
1.43398899,-2.30597854
1.43462899,-2.30597854
1.43526899,-2.48237562
1.43590899,-2.48237562
1.43654899,-2.48237562
1.43718899,-2.65877247
1.43782899,-2.65877247
1.43846899,-2.65877247
1.43910899,-2.83516955
1.43974899,-2.83516955
1.44038899,-2.83516955
1.44102899,-3.01095605
1.44166899,-3.01095605
1.44230899,-3.01095605
1.44294899,-3.01095605
1.44358899,-3.18735313
1.44422899,-3.18735313
1.44486899,-3.18735313
1.44550899,-3.18735313
1.44614899,-3.18735313
1.44678899,-3.18735313
1.44742899,-3.18735313
1.44806899,-3.36375022
1.44870899,-3.36375022
1.44934899,-3.36375022
1.44998899,-3.36375022
1.45062899,-3.36375022
1.45126899,-3.36375022
1.45190899,-3.36375022
1.45254899,-3.36375022
1.45318899,-3.36375022
1.45382899,-3.36375022
1.45446899,-3.36375022
1.45510899,-3.18735313
1.45574899,-3.36375022
1.45638899,-3.36375022
1.45702899,-3.36375022
1.45766899,-3.18735313
1.45830899,-3.18735313
1.45894899,-3.18735313
1.45958899,-3.18735313
1.46022899,-3.18735313
1.46086899,-3.18735313
1.46150899,-3.01095605
1.46214899,-3.01095605
1.46278899,-3.01095605
1.46342899,-3.01095605
1.46406899,-2.83516955
1.46470899,-2.83516955
1.46534899,-2.83516955
1.46598899,-2.83516955
1.46662899,-2.65877247
1.46726899,-2.65877247
1.46790899,-2.48237562
1.46854899,-2.48237562
1.46918899,-2.48237562
1.46982899,-2.30597854
1.47046899,-2.30597854
1.47110899,-2.30597854
1.47174899,-2.13019204
1.47238899,-2.13019204
1.47302899,-1.95379496
1.47366899,-1.77739799
1.47430899,-1.77739799
1.47494899,-1.77739799
1.47558899,-1.77739799
1.47622899,-1.60100102
1.47686899,-1.42521441
1.47750899,-1.42521441
1.47814899,-1.24881744
1.47878899,-1.24881744
1.47942899,-1.24881744
1.48006899,-1.07242048
1.48070899,-0.89602345
1.48134899,-0.89602345
1.48198899,-0.89602345
1.48262899,-0.72023684
1.48326899,-0.54383981
1.48390899,-0.54383981
1.48454899,-0.36744285
1.48518899,-0.36744285
1.48582899,-0.19104587
1.48646899,-0.19104587
1.48710899,-0.01525925
1.48774899,0.16052736
1.48838899,0.16052736
1.48902899,0.16052736
1.48966899,0.33692434
1.49030899,0.33692434
1.49094899,0.51332134
1.49158899,0.51332134
1.49222899,0.68971831
1.49286899,0.68971831
1.49350899,0.86550492
1.49414899,0.86550492
1.49478899,1.04190195
1.49542899,1.04190195
1.49606899,1.04190195
1.49670899,1.21829891
1.49734899,1.39469588
1.49798899,1.57048249
1.49862899,1.39469588
1.49926899,1.57048249
1.49990899,1.57048249
1.50054899,1.74687946
1.50118899,1.74687946
1.50182899,1.92327642
1.50246899,1.92327642
1.50310899,1.92327642
1.50374899,2.09967351
1.50438899,1.92327642
1.50502899,2.09967351
1.50566899,2.09967351
1.50630899,2.09967351
1.50694899,2.27546000
1.50758899,2.45185709
1.50822899,2.27546000
1.50886899,2.45185709
1.50950899,2.45185709
1.51014899,2.45185709
1.51078899,2.45185709
1.51142899,2.62825394
1.51206899,2.62825394
1.51270899,2.62825394
1.51334899,2.62825394
1.51398899,2.62825394
1.51462899,2.62825394
1.51526899,2.62825394
1.51590899,2.62825394
1.51654899,2.62825394
1.51718899,2.62825394
1.51782899,2.80465102
1.51846899,2.80465102
1.51910899,2.80465102
1.51974899,2.80465102
1.52038899,2.80465102
1.52102899,2.80465102
1.52166899,2.80465102
1.52230899,2.80465102
1.52294899,2.80465102
1.52358899,2.62825394
1.52422899,2.80465102
1.52486899,2.62825394
1.52550899,2.62825394
1.52614899,2.62825394
1.52678899,2.62825394
1.52742899,2.45185709
1.52806899,2.62825394
1.52870899,2.62825394
1.52934899,2.45185709
1.52998899,2.45185709
1.53062899,2.45185709
1.53126899,2.45185709
1.53190899,2.27546000
1.53254899,2.27546000
1.53318899,2.27546000
1.53382899,2.27546000
1.53446899,2.27546000
1.53510899,2.09967351
1.53574899,2.09967351
1.53638899,2.09967351
1.53702899,1.92327642
1.53766899,1.92327642
1.53830899,1.92327642
1.53894899,1.74687946
1.53958899,1.74687946
1.54022899,1.74687946
1.54086899,1.74687946
1.54150899,1.57048249
1.54214899,1.57048249
1.54278899,1.57048249
1.54342899,1.39469588
1.54406899,1.21829891
1.54470899,1.21829891
1.54534899,1.21829891
1.54598899,1.21829891
1.54662899,1.04190195
1.54726899,1.04190195
1.54790899,0.86550492
1.54854899,0.86550492
1.54918899,0.86550492
1.54982899,0.68971831
1.55046899,0.68971831
1.55110899,0.51332134
1.55174899,0.51332134
1.55238899,0.33692434
1.55302899,0.33692434
1.55366899,0.33692434
1.55430899,0.16052736
1.55494899,0.16052736
1.55558899,0.16052736
1.55622899,-0.01525925
1.55686899,-0.01525925
1.55750899,-0.19104587
1.55814899,-0.19104587
1.55878899,-0.19104587
1.55942899,-0.36744285
1.56006899,-0.36744285
1.56070899,-0.54383981
1.56134899,-0.54383981
1.56198899,-0.54383981
1.56262899,-0.72023684
1.56326899,-0.72023684
1.56390899,-0.72023684
1.56454899,-0.89602345
1.56518899,-0.89602345
1.56582899,-1.07242048
1.56646899,-1.07242048
1.56710899,-1.07242048
1.56774899,-1.07242048
1.56838899,-1.24881744
1.56902899,-1.24881744
1.56966899,-1.24881744
1.57030899,-1.24881744
1.57094899,-1.42521441
1.57158899,-1.60100102
1.57222899,-1.60100102
1.57286899,-1.60100102
1.57350899,-1.60100102
1.57414899,-1.60100102
1.57478899,-1.60100102
1.57542899,-1.77739799
1.57606899,-1.77739799
1.57670899,-1.77739799
1.57734899,-1.77739799
1.57798899,-1.77739799
1.57862899,-1.95379496
1.57926899,-1.77739799
1.57990899,-1.95379496
1.58054899,-1.95379496
1.58118899,-1.95379496
1.58182899,-1.95379496
1.58246899,-2.13019204
1.58310899,-1.95379496
1.58374899,-2.13019204
1.58438899,-1.95379496
1.58502899,-1.95379496
1.58566899,-2.13019204
1.58630899,-2.13019204
1.58694899,-2.13019204
1.58758899,-2.13019204
1.58822899,-2.13019204
1.58886899,-2.13019204
1.58950899,-1.95379496
1.59014899,-2.13019204
1.59078899,-2.13019204
1.59142899,-2.13019204
1.59206899,-1.95379496
1.59270899,-1.95379496
1.59334899,-1.95379496
1.59398899,-2.13019204
1.59462899,-1.95379496
1.59526899,-1.95379496
1.59590899,-1.95379496
1.59654899,-1.95379496
1.59718899,-1.95379496
1.59782899,-1.95379496
1.59846899,-1.77739799
1.59910899,-1.77739799
1.59974899,-1.77739799
1.60038899,-1.77739799
1.60102899,-1.77739799
1.60166899,-1.60100102
1.60230899,-1.77739799
1.60294899,-1.60100102
1.60358899,-1.77739799
1.60422899,-1.60100102
1.60486899,-1.60100102
1.60550899,-1.60100102
1.60614899,-1.42521441
1.60678899,-1.42521441
1.60742899,-1.42521441
1.60806899,-1.24881744
1.60870899,-1.24881744
1.60934899,-1.24881744
1.60998899,-1.24881744
1.61062899,-1.24881744
1.61126899,-1.07242048
1.61190899,-1.07242048
1.61254899,-0.89602345
1.61318899,-0.89602345
1.61382899,-0.89602345
1.61446899,-0.89602345
1.61510899,-0.72023684
1.61574899,-0.72023684
1.61638899,-0.72023684
1.61702899,-0.72023684
1.61766899,-0.54383981
1.61830899,-0.54383981
1.61894899,-0.36744285
1.61958899,-0.36744285
1.62022899,-0.36744285
1.62086899,-0.36744285
1.62150899,-0.36744285
1.62214899,-0.19104587
1.62278899,-0.19104587
1.62342899,-0.19104587
1.62406899,-0.01525925
1.62470899,-0.01525925
1.62534899,-0.01525925
1.62598899,0.16052736
1.62662899,0.16052736
1.62726899,0.33692434
1.62790899,0.33692434
1.62854899,0.33692434
1.62918899,0.33692434
1.62982899,0.33692434
1.63046899,0.33692434
1.63110899,0.51332134
1.63174899,0.51332134
1.63238899,0.51332134
1.63302899,0.51332134
1.63366899,0.68971831
1.63430899,0.51332134
1.63494899,0.68971831
1.63558899,0.68971831
1.63622899,0.86550492
1.63686899,0.86550492
1.63750899,0.86550492
1.63814899,0.86550492
1.63878899,1.04190195
1.63942899,1.04190195
1.64006899,1.04190195
1.64070899,1.04190195
1.64134899,1.04190195
1.64198899,1.04190195
1.64262899,1.21829891
1.64326899,1.04190195
1.64390899,1.21829891
1.64454899,1.21829891
1.64518899,1.21829891
1.64582899,1.21829891
1.64646899,1.21829891
1.64710899,1.21829891
1.64774899,1.39469588
1.64838899,1.21829891
1.64902899,1.39469588
1.64966899,1.39469588
1.65030899,1.39469588
1.65094899,1.39469588
1.65158899,1.39469588
1.65222899,1.39469588
1.65286899,1.39469588
1.65350899,1.57048249
1.65414899,1.21829891
1.65478899,1.39469588
1.65542899,1.39469588
1.65606899,1.39469588
1.65670899,1.39469588
1.65734899,1.39469588
1.65798899,1.39469588
1.65862899,1.39469588
1.65926899,1.39469588
1.65990899,1.39469588
1.66054899,1.39469588
1.66118899,1.57048249
1.66182899,1.39469588
1.66246899,1.39469588
1.66310899,1.39469588
1.66374899,1.39469588
1.66438899,1.39469588
1.66502899,1.21829891
1.66566899,1.39469588
1.66630899,1.21829891
1.66694899,1.21829891
1.66758899,1.39469588
1.66822899,1.21829891
1.66886899,1.21829891
1.66950899,1.21829891
1.67014899,1.21829891
1.67078899,1.21829891
1.67142899,1.21829891
1.67206899,1.21829891
1.67270899,1.21829891
1.67334899,1.21829891
1.67398899,1.04190195
1.67462899,1.04190195
1.67526899,1.04190195
1.67590899,1.04190195
1.67654899,1.04190195
1.67718899,1.04190195
1.67782899,1.04190195
1.67846899,0.86550492
1.67910899,0.86550492
1.67974899,0.86550492
1.68038899,0.86550492
1.68102899,0.68971831
1.68166899,0.68971831
1.68230899,0.68971831
1.68294899,0.68971831
1.68358899,0.68971831
1.68422899,0.51332134
1.68486899,0.68971831
1.68550899,0.51332134
1.68614899,0.51332134
1.68678899,0.51332134
1.68742899,0.51332134
1.68806899,0.33692434
1.68870899,0.33692434
1.68934899,0.51332134
1.68998899,0.33692434
1.69062899,0.33692434
1.69126899,0.33692434
1.69190899,0.33692434
1.69254899,0.16052736
1.69318899,0.33692434
1.69382899,0.16052736
1.69446899,0.16052736
1.69510899,0.16052736
1.69574899,0.16052736
1.69638899,-0.01525925
1.69702899,0.16052736
1.69766899,-0.01525925
1.69830899,-0.01525925
1.69894899,-0.01525925
1.69958899,-0.19104587
1.70022899,-0.01525925
1.70086899,-0.19104587
1.70150899,-0.19104587
1.70214899,-0.19104587
1.70278899,-0.19104587
1.70342899,-0.19104587
1.70406899,-0.36744285
1.70470899,-0.19104587
1.70534899,-0.36744285
1.70598899,-0.36744285
1.70662899,-0.36744285
1.70726899,-0.36744285
1.70790899,-0.36744285
1.70854899,-0.36744285
1.70918899,-0.36744285
1.70982899,-0.36744285
1.71046899,-0.36744285
1.71110899,-0.54383981
1.71174899,-0.54383981
1.71238899,-0.36744285
1.71302899,-0.54383981
1.71366899,-0.54383981
1.71430899,-0.54383981
1.71494899,-0.54383981
1.71558899,-0.54383981
1.71622899,-0.54383981
1.71686899,-0.54383981
1.71750899,-0.54383981
1.71814899,-0.72023684
1.71878899,-0.54383981
1.71942899,-0.72023684
1.72006899,-0.54383981
1.72070899,-0.54383981
1.72134899,-0.72023684
1.72198899,-0.72023684
1.72262899,-0.54383981
1.72326899,-0.72023684
1.72390899,-0.72023684
1.72454899,-0.72023684
1.72518899,-0.72023684
1.72582899,-0.72023684
1.72646899,-0.72023684
1.72710899,-0.72023684
1.72774899,-0.72023684
1.72838899,-0.72023684
1.72902899,-0.72023684
1.72966899,-0.72023684
1.73030899,-0.72023684
1.73094899,-0.72023684
1.73158899,-0.72023684
1.73222899,-0.72023684
1.73286899,-0.72023684
1.73350899,-0.72023684
1.73414899,-0.72023684
1.73478899,-0.72023684
1.73542899,-0.72023684
1.73606899,-0.72023684
1.73670899,-0.72023684
1.73734899,-0.72023684
1.73798899,-0.72023684
1.73862899,-0.72023684
1.73926899,-0.72023684
1.73990899,-0.72023684
1.74054899,-0.54383981
1.74118899,-0.54383981
1.74182899,-0.54383981
1.74246899,-0.54383981
1.74310899,-0.72023684
1.74374899,-0.54383981
1.74438899,-0.54383981
1.74502899,-0.54383981
1.74566899,-0.54383981
1.74630899,-0.54383981
1.74694899,-0.54383981
1.74758899,-0.54383981
1.74822899,-0.54383981
1.74886899,-0.54383981
1.74950899,-0.54383981
1.75014899,-0.54383981
1.75078899,-0.54383981
1.75142899,-0.54383981
1.75206899,-0.54383981
1.75270899,-0.36744285
1.75334899,-0.36744285
1.75398899,-0.36744285
1.75462899,-0.36744285
1.75526899,-0.36744285
1.75590899,-0.36744285
1.75654899,-0.36744285
1.75718899,-0.36744285
1.75782899,-0.36744285
1.75846899,-0.36744285
1.75910899,-0.36744285
1.75974899,-0.36744285
1.76038899,-0.36744285
1.76102899,-0.36744285
1.76166899,-0.36744285
1.76230899,-0.36744285
1.76294899,-0.36744285
1.76358899,-0.36744285
1.76422899,-0.36744285
1.76486899,-0.36744285
1.76550899,-0.36744285
1.76614899,-0.19104587
1.76678899,-0.36744285
1.76742899,-0.19104587
1.76806899,-0.19104587
1.76870899,-0.19104587
1.76934899,-0.19104587
1.76998899,-0.19104587
1.77062899,-0.19104587
1.77126899,-0.19104587
1.77190899,-0.19104587
1.77254899,-0.19104587
1.77318899,-0.19104587
1.77382899,-0.19104587
1.77446899,-0.19104587
1.77510899,-0.19104587
1.77574899,-0.19104587
1.77638899,-0.19104587
1.77702899,-0.01525925
1.77766899,-0.01525925
1.77830899,-0.01525925
1.77894899,-0.01525925
1.77958899,-0.01525925
1.78022899,-0.01525925
1.78086899,-0.01525925
1.78150899,-0.01525925
1.78214899,-0.01525925
1.78278899,-0.01525925
1.78342899,-0.01525925
1.78406899,0.16052736
1.78470899,-0.01525925
1.78534899,-0.01525925
1.78598899,0.16052736
1.78662899,-0.01525925
1.78726899,-0.01525925
1.78790899,0.16052736
1.78854899,0.16052736
1.78918899,0.16052736
1.78982899,-0.01525925
1.79046899,0.16052736
1.79110899,-0.01525925
1.79174899,0.16052736
1.79238899,0.16052736
1.79302899,0.16052736
1.79366899,0.16052736
1.79430899,0.16052736
1.79494899,0.16052736
1.79558899,0.16052736
1.79622899,0.16052736
1.79686899,0.16052736
1.79750899,0.16052736
1.79814899,0.16052736
1.79878899,0.16052736
1.79942899,0.33692434
1.80006899,0.33692434
1.80070899,0.33692434
1.80134899,0.16052736
1.80198899,0.33692434
1.80262899,0.16052736
1.80326899,0.16052736
1.80390899,0.33692434
1.80454899,0.33692434
1.80518899,0.33692434
1.80582899,0.16052736
1.80646899,0.33692434
1.80710899,0.33692434
1.80774899,0.33692434
1.80838899,0.33692434
1.80902899,0.33692434
1.80966899,0.33692434
1.81030899,0.33692434
1.81094899,0.33692434
1.81158899,0.33692434
1.81222899,0.33692434
1.81286899,0.33692434
1.81350899,0.33692434
1.81414899,0.33692434
1.81478899,0.33692434
1.81542899,0.51332134
1.81606899,0.33692434
1.81670899,0.33692434
1.81734899,0.33692434
1.81798899,0.33692434
1.81862899,0.33692434
1.81926899,0.51332134
1.81990899,0.33692434
1.82054899,0.51332134
1.82118899,0.51332134
1.82182899,0.51332134
1.82246899,0.51332134
1.82310899,0.51332134
1.82374899,0.51332134
1.82438899,0.51332134
1.82502899,0.51332134
1.82566899,0.51332134
1.82630899,0.51332134
1.82694899,0.51332134
1.82758899,0.51332134
1.82822899,0.51332134
1.82886899,0.51332134
1.82950899,0.51332134
1.83014899,0.51332134
1.83078899,0.51332134
1.83142899,0.68971831
1.83206899,0.68971831
1.83270899,0.51332134
1.83334899,0.68971831
1.83398899,0.68971831
1.83462899,0.68971831
1.83526899,0.68971831
1.83590899,0.68971831
1.83654899,0.51332134
1.83718899,0.68971831
1.83782899,0.68971831
1.83846899,0.51332134
1.83910899,0.68971831
1.83974899,0.68971831
1.84038899,0.68971831
1.84102899,0.68971831
1.84166899,0.68971831
1.84230899,0.51332134
1.84294899,0.51332134
1.84358899,0.68971831
1.84422899,0.68971831
1.84486899,0.68971831
1.84550899,0.68971831
1.84614899,0.68971831
1.84678899,0.68971831
1.84742899,0.68971831
1.84806899,0.68971831
1.84870899,0.68971831
1.84934899,0.68971831
1.84998899,0.68971831
1.85062899,0.51332134
1.85126899,0.68971831
1.85190899,0.51332134
1.85254899,0.51332134
1.85318899,0.51332134
1.85382899,0.51332134
1.85446899,0.51332134
1.85510899,0.68971831
1.85574899,0.51332134
1.85638899,0.51332134
1.85702899,0.51332134
1.85766899,0.51332134
1.85830899,0.51332134
1.85894899,0.51332134
1.85958899,0.51332134
1.86022899,0.51332134
1.86086899,0.51332134
1.86150899,0.51332134
1.86214899,0.51332134
1.86278899,0.51332134
1.86342899,0.51332134
1.86406899,0.51332134
1.86470899,0.51332134
1.86534899,0.33692434
1.86598899,0.33692434
1.86662899,0.33692434
1.86726899,0.33692434
1.86790899,0.33692434
1.86854899,0.33692434
1.86918899,0.33692434
1.86982899,0.33692434
1.87046899,0.33692434
1.87110899,0.33692434
1.87174899,0.33692434
1.87238899,0.16052736
1.87302899,0.33692434
1.87366899,0.16052736
1.87430899,0.16052736
1.87494899,0.16052736
1.87558899,0.16052736
1.87622899,0.16052736
1.87686899,0.16052736
1.87750899,0.16052736
1.87814899,-0.01525925
1.87878899,-0.01525925
1.87942899,-0.01525925
1.88006899,-0.19104587
1.88070899,-0.19104587
1.88134899,-0.19104587
1.88198899,-0.19104587
1.88262899,-0.19104587
1.88326899,-0.19104587
1.88390899,-0.19104587
1.88454899,-0.36744285
1.88518899,-0.36744285
1.88582899,-0.36744285
1.88646899,-0.36744285
1.88710899,-0.36744285
1.88774899,-0.36744285
1.88838899,-0.36744285
1.88902899,-0.36744285
1.88966899,-0.36744285
1.89030899,-0.36744285
1.89094899,-0.54383981
1.89158899,-0.36744285
1.89222899,-0.54383981
1.89286899,-0.54383981
1.89350899,-0.54383981
1.89414899,-0.72023684
1.89478899,-0.54383981
1.89542899,-0.72023684
1.89606899,-0.72023684
1.89670899,-0.72023684
1.89734899,-0.72023684
1.89798899,-0.89602345
1.89862899,-0.89602345
1.89926899,-0.89602345
1.89990899,-0.89602345
1.90054899,-0.89602345
1.90118899,-0.89602345
1.90182899,-0.89602345
1.90246899,-0.89602345
1.90310899,-1.07242048
1.90374899,-1.07242048
1.90438899,-0.89602345
1.90502899,-0.89602345
1.90566899,-0.89602345
1.90630899,-1.07242048
1.90694899,-1.07242048
1.90758899,-1.07242048
1.90822899,-1.07242048
1.90886899,-1.07242048
1.90950899,-1.07242048
1.91014899,-1.07242048
1.91078899,-1.24881744
1.91142899,-1.07242048
1.91206899,-1.24881744
1.91270899,-1.24881744
1.91334899,-1.07242048
1.91398899,-1.07242048
1.91462899,-1.07242048
1.91526899,-1.24881744
1.91590899,-1.24881744
1.91654899,-1.24881744
1.91718899,-1.07242048
1.91782899,-1.07242048
1.91846899,-1.24881744
1.91910899,-1.07242048
1.91974899,-1.24881744
1.92038899,-1.07242048
1.92102899,-1.24881744
1.92166899,-1.07242048
1.92230899,-1.07242048
1.92294899,-1.07242048
1.92358899,-1.07242048
1.92422899,-1.07242048
1.92486899,-1.07242048
1.92550899,-1.07242048
1.92614899,-1.07242048
1.92678899,-1.07242048
1.92742899,-1.07242048
1.92806899,-1.07242048
1.92870899,-0.89602345
1.92934899,-1.07242048
1.92998899,-0.89602345
1.93062899,-1.07242048
1.93126899,-0.89602345
1.93190899,-0.89602345
1.93254899,-0.89602345
1.93318899,-0.89602345
1.93382899,-0.89602345
1.93446899,-0.89602345
1.93510899,-0.72023684
1.93574899,-0.72023684
1.93638899,-0.72023684
1.93702899,-0.72023684
1.93766899,-0.72023684
1.93830899,-0.54383981
1.93894899,-0.72023684
1.93958899,-0.54383981
1.94022899,-0.54383981
1.94086899,-0.54383981
1.94150899,-0.54383981
1.94214899,-0.36744285
1.94278899,-0.36744285
1.94342899,-0.36744285
1.94406899,-0.36744285
1.94470899,-0.36744285
1.94534899,-0.19104587
1.94598899,-0.19104587
1.94662899,-0.19104587
1.94726899,-0.19104587
1.94790899,-0.19104587
1.94854899,-0.19104587
1.94918899,-0.01525925
1.94982899,-0.01525925
1.95046899,0.16052736
1.95110899,0.16052736
1.95174899,0.16052736
1.95238899,0.16052736
1.95302899,0.16052736
1.95366899,0.16052736
1.95430899,0.33692434
1.95494899,0.33692434
1.95558899,0.33692434
1.95622899,0.51332134
1.95686899,0.51332134
1.95750899,0.51332134
1.95814899,0.51332134
1.95878899,0.51332134
1.95942899,0.68971831
1.96006899,0.68971831
1.96070899,0.68971831
1.96134899,0.68971831
1.96198899,0.68971831
1.96262899,0.86550492
1.96326899,0.86550492
1.96390899,0.86550492
1.96454899,0.86550492
1.96518899,0.86550492
1.96582899,1.04190195
1.96646899,1.04190195
1.96710899,1.04190195
1.96774899,1.04190195
1.96838899,1.21829891
1.96902899,1.21829891
1.96966899,1.21829891
1.97030899,1.21829891
1.97094899,1.21829891
1.97158899,1.21829891
1.97222899,1.39469588
1.97286899,1.39469588
1.97350899,1.39469588
1.97414899,1.39469588
1.97478899,1.39469588
1.97542899,1.39469588
1.97606899,1.39469588
1.97670899,1.57048249
1.97734899,1.57048249
1.97798899,1.57048249
1.97862899,1.57048249
1.97926899,1.57048249
1.97990899,1.57048249
1.98054899,1.57048249
1.98118899,1.57048249
1.98182899,1.57048249
1.98246899,1.74687946
1.98310899,1.74687946
1.98374899,1.57048249
1.98438899,1.74687946
1.98502899,1.74687946
1.98566899,1.74687946
1.98630899,1.74687946
1.98694899,1.74687946
1.98758899,1.74687946
1.98822899,1.74687946
1.98886899,1.57048249
1.98950899,1.57048249
1.99014899,1.74687946
1.99078899,1.57048249
1.99142899,1.57048249
1.99206899,1.74687946
1.99270899,1.57048249
1.99334899,1.74687946
1.99398899,1.57048249
1.99462899,1.74687946
1.99526899,1.57048249
1.99590899,1.57048249
1.99654899,1.57048249
1.99718899,1.39469588
1.99782899,1.39469588
1.99846899,1.57048249
1.99910899,1.39469588
1.99974899,1.39469588
2.00038899,1.21829891
2.00102899,1.21829891
2.00166899,1.21829891
2.00230899,1.21829891
2.00294899,1.21829891
2.00358899,1.21829891
2.00422899,1.21829891
2.00486899,1.04190195
2.00550899,1.04190195
2.00614899,1.04190195
2.00678899,1.04190195
2.00742899,1.04190195
2.00806899,0.86550492
2.00870899,0.86550492
2.00934899,0.86550492
2.00998899,0.68971831
2.01062899,0.68971831
2.01126899,0.68971831
2.01190899,0.51332134
2.01254899,0.51332134
2.01318899,0.51332134
2.01382899,0.51332134
2.01446899,0.51332134
2.01510899,0.33692434
2.01574899,0.33692434
2.01638899,0.33692434
2.01702899,0.16052736
2.01766899,0.16052736
2.01830899,0.16052736
2.01894899,-0.01525925
2.01958899,-0.01525925
2.02022899,-0.01525925
2.02086899,-0.19104587
2.02150899,-0.19104587
2.02214899,-0.36744285
2.02278899,-0.19104587
2.02342899,-0.36744285
2.02406899,-0.36744285
2.02470899,-0.54383981
2.02534899,-0.54383981
2.02598899,-0.36744285
2.02662899,-0.54383981
2.02726899,-0.72023684
2.02790899,-0.72023684
2.02854899,-0.72023684
2.02918899,-0.89602345
2.02982899,-0.89602345
2.03046899,-0.89602345
2.03110899,-1.07242048
2.03174899,-1.07242048
2.03238899,-1.07242048
2.03302899,-1.07242048
2.03366899,-1.24881744
2.03430899,-1.24881744
2.03494899,-1.24881744
2.03558899,-1.24881744
2.03622899,-1.24881744
2.03686899,-1.42521441
2.03750899,-1.42521441
2.03814899,-1.60100102
2.03878899,-1.60100102
2.03942899,-1.60100102
2.04006899,-1.60100102
2.04070899,-1.60100102
2.04134899,-1.77739799
2.04198899,-1.77739799
2.04262899,-1.77739799
2.04326899,-1.77739799
2.04390899,-1.77739799
2.04454899,-1.77739799
2.04518899,-1.95379496
2.04582899,-1.77739799
2.04646899,-1.95379496
2.04710899,-1.95379496
2.04774899,-1.95379496
2.04838899,-1.95379496
2.04902899,-1.95379496
2.04966899,-1.95379496
2.05030899,-1.95379496
2.05094899,-1.95379496
2.05158899,-1.95379496
2.05222899,-2.13019204
2.05286899,-1.95379496
2.05350899,-1.95379496
2.05414899,-2.13019204
2.05478899,-1.95379496
2.05542899,-1.95379496
2.05606899,-1.95379496
2.05670899,-1.95379496
2.05734899,-1.95379496
2.05798899,-1.95379496
2.05862899,-1.95379496
2.05926899,-1.95379496
2.05990899,-1.95379496
2.06054899,-1.95379496
2.06118899,-1.95379496
2.06182899,-1.95379496
2.06246899,-1.95379496
2.06310899,-1.95379496
2.06374899,-1.95379496
2.06438899,-1.77739799
2.06502899,-1.77739799
2.06566899,-1.77739799
2.06630899,-1.77739799
2.06694899,-1.77739799
2.06758899,-1.77739799
2.06822899,-1.60100102
2.06886899,-1.60100102
2.06950899,-1.60100102
2.07014899,-1.60100102
2.07078899,-1.60100102
2.07142899,-1.42521441
2.07206899,-1.42521441
2.07270899,-1.42521441
2.07334899,-1.24881744
2.07398899,-1.24881744
2.07462899,-1.24881744
2.07526899,-1.24881744
2.07590899,-1.07242048
2.07654899,-1.07242048
2.07718899,-0.89602345
2.07782899,-0.89602345
2.07846899,-1.07242048
2.07910899,-0.89602345
2.07974899,-0.89602345
2.08038899,-0.72023684
2.08102899,-0.54383981
2.08166899,-0.54383981
2.08230899,-0.54383981
2.08294899,-0.36744285
2.08358899,-0.36744285
2.08422899,-0.36744285
2.08486899,-0.36744285
2.08550899,-0.19104587
2.08614899,-0.19104587
2.08678899,-0.19104587
2.08742899,-0.01525925
2.08806899,-0.01525925
2.08870899,-0.01525925
2.08934899,0.16052736
2.08998899,0.16052736
2.09062899,0.33692434
2.09126899,0.33692434
2.09190899,0.33692434
2.09254899,0.51332134
2.09318899,0.51332134
2.09382899,0.51332134
2.09446899,0.51332134
2.09510899,0.68971831
2.09574899,0.86550492
2.09638899,0.86550492
2.09702899,0.86550492
2.09766899,1.04190195
2.09830899,1.04190195
2.09894899,1.04190195
2.09958899,1.21829891
2.10022899,1.21829891
2.10086899,1.21829891
2.10150899,1.39469588
2.10214899,1.39469588
2.10278899,1.57048249
2.10342899,1.39469588
2.10406899,1.57048249
2.10470899,1.57048249
2.10534899,1.57048249
2.10598899,1.74687946
2.10662899,1.74687946
2.10726899,1.74687946
2.10790899,1.74687946
2.10854899,1.92327642
2.10918899,1.92327642
2.10982899,1.92327642
2.11046899,1.92327642
2.11110899,1.92327642
2.11174899,2.09967351
2.11238899,2.09967351
2.11302899,2.09967351
2.11366899,2.09967351
2.11430899,2.09967351
2.11494899,2.27546000
2.11558899,2.27546000
2.11622899,2.27546000
2.11686899,2.27546000
2.11750899,2.27546000
2.11814899,2.45185709
2.11878899,2.45185709
2.11942899,2.45185709
2.12006899,2.45185709
2.12070899,2.45185709
2.12134899,2.27546000
2.12198899,2.45185709
2.12262899,2.45185709
2.12326899,2.27546000
2.12390899,2.45185709
2.12454899,2.45185709
2.12518899,2.27546000
2.12582899,2.45185709
2.12646899,2.27546000
2.12710899,2.27546000
2.12774899,2.45185709
2.12838899,2.27546000
2.12902899,2.27546000
2.12966899,2.27546000
2.13030899,2.27546000
2.13094899,2.27546000
2.13158899,2.27546000
2.13222899,2.09967351
2.13286899,2.09967351
2.13350899,2.09967351
2.13414899,2.09967351
2.13478899,2.09967351
2.13542899,1.92327642
2.13606899,1.92327642
2.13670899,1.92327642
2.13734899,1.92327642
2.13798899,1.92327642
2.13862899,1.92327642
2.13926899,1.74687946
2.13990899,1.74687946
2.14054899,1.74687946
2.14118899,1.57048249
2.14182899,1.57048249
2.14246899,1.57048249
2.14310899,1.39469588
2.14374899,1.39469588
2.14438899,1.21829891
2.14502899,1.21829891
2.14566899,1.21829891
2.14630899,1.21829891
2.14694899,1.04190195
2.14758899,1.04190195
2.14822899,0.86550492
2.14886899,0.86550492
2.14950899,0.86550492
2.15014899,0.68971831
2.15078899,0.68971831
2.15142899,0.51332134
2.15206899,0.51332134
2.15270899,0.51332134
2.15334899,0.33692434
2.15398899,0.33692434
2.15462899,0.16052736
2.15526899,0.16052736
2.15590899,0.16052736
2.15654899,0.16052736
2.15718899,-0.01525925
2.15782899,-0.19104587
2.15846899,-0.19104587
2.15910899,-0.19104587
2.15974899,-0.36744285
2.16038899,-0.36744285
2.16102899,-0.36744285
2.16166899,-0.54383981
2.16230899,-0.54383981
2.16294899,-0.72023684
2.16358899,-0.72023684
2.16422899,-0.89602345
2.16486899,-0.89602345
2.16550899,-1.07242048
2.16614899,-1.07242048
2.16678899,-1.07242048
2.16742899,-1.24881744
2.16806899,-1.24881744
2.16870899,-1.42521441
2.16934899,-1.42521441
2.16998899,-1.60100102
2.17062899,-1.60100102
2.17126899,-1.60100102
2.17190899,-1.60100102
2.17254899,-1.77739799
2.17318899,-1.77739799
2.17382899,-1.77739799
2.17446899,-1.77739799
2.17510899,-1.95379496
2.17574899,-1.95379496
2.17638899,-1.95379496
2.17702899,-1.95379496
2.17766899,-2.13019204
2.17830899,-2.30597854
2.17894899,-2.30597854
2.17958899,-2.30597854
2.18022899,-2.30597854
2.18086899,-2.30597854
2.18150899,-2.30597854
2.18214899,-2.30597854
2.18278899,-2.30597854
2.18342899,-2.48237562
2.18406899,-2.48237562
2.18470899,-2.48237562
2.18534899,-2.48237562
2.18598899,-2.48237562
2.18662899,-2.48237562
2.18726899,-2.48237562
2.18790899,-2.48237562
2.18854899,-2.48237562
2.18918899,-2.48237562
2.18982899,-2.48237562
2.19046899,-2.48237562
2.19110899,-2.48237562
2.19174899,-2.48237562
2.19238899,-2.48237562
2.19302899,-2.48237562
2.19366899,-2.48237562
2.19430899,-2.48237562
2.19494899,-2.48237562
2.19558899,-2.48237562
2.19622899,-2.48237562
2.19686899,-2.48237562
2.19750899,-2.48237562
2.19814899,-2.48237562
2.19878899,-2.48237562
2.19942899,-2.48237562
2.20006899,-2.48237562
2.20070899,-2.30597854
2.20134899,-2.30597854
2.20198899,-2.30597854
2.20262899,-2.30597854
2.20326899,-2.13019204
2.20390899,-2.13019204
2.20454899,-1.95379496
2.20518899,-1.95379496
2.20582899,-1.95379496
2.20646899,-1.95379496
2.20710899,-1.95379496
2.20774899,-1.77739799
2.20838899,-1.77739799
2.20902899,-1.77739799
2.20966899,-1.77739799
2.21030899,-1.60100102
2.21094899,-1.60100102
2.21158899,-1.42521441
2.21222899,-1.42521441
2.21286899,-1.42521441
2.21350899,-1.24881744
2.21414899,-1.24881744
2.21478899,-1.24881744
2.21542899,-1.07242048
2.21606899,-1.07242048
2.21670899,-0.89602345
2.21734899,-0.89602345
2.21798899,-0.72023684
2.21862899,-0.72023684
2.21926899,-0.54383981
2.21990899,-0.54383981
2.22054899,-0.54383981
2.22118899,-0.36744285
2.22182899,-0.19104587
2.22246899,-0.19104587
2.22310899,-0.19104587
2.22374899,-0.01525925
2.22438899,-0.01525925
2.22502899,0.16052736
2.22566899,0.16052736
2.22630899,0.33692434
2.22694899,0.33692434
2.22758899,0.33692434
2.22822899,0.33692434
2.22886899,0.51332134
2.22950899,0.51332134
2.23014899,0.68971831
2.23078899,0.86550492
2.23142899,0.86550492
2.23206899,1.04190195
2.23270899,1.04190195
2.23334899,1.04190195
2.23398899,1.21829891
2.23462899,1.21829891
2.23526899,1.39469588
2.23590899,1.39469588
2.23654899,1.39469588
2.23718899,1.57048249
2.23782899,1.57048249
2.23846899,1.74687946
2.23910899,1.74687946
2.23974899,1.74687946
2.24038899,1.92327642
2.24102899,1.92327642
2.24166899,1.92327642
2.24230899,1.92327642
2.24294899,2.09967351
2.24358899,2.09967351
2.24422899,2.09967351
2.24486899,2.27546000
2.24550899,2.27546000
2.24614899,2.27546000
2.24678899,2.27546000
2.24742899,2.45185709
2.24806899,2.45185709
2.24870899,2.45185709
2.24934899,2.45185709
2.24998899,2.45185709
2.25062899,2.62825394
2.25126899,2.45185709
2.25190899,2.62825394
2.25254899,2.62825394
2.25318899,2.62825394
2.25382899,2.62825394
2.25446899,2.62825394
2.25510899,2.62825394
2.25574899,2.62825394
2.25638899,2.80465102
2.25702899,2.80465102
2.25766899,2.80465102
2.25830899,2.62825394
2.25894899,2.62825394
2.25958899,2.80465102
2.26022899,2.80465102
2.26086899,2.80465102
2.26150899,2.80465102
2.26214899,2.80465102
2.26278899,2.62825394
2.26342899,2.80465102
2.26406899,2.62825394
2.26470899,2.80465102
2.26534899,2.62825394
2.26598899,2.62825394
2.26662899,2.45185709
2.26726899,2.62825394
2.26790899,2.45185709
2.26854899,2.45185709
2.26918899,2.45185709
2.26982899,2.45185709
2.27046899,2.45185709
2.27110899,2.27546000
2.27174899,2.27546000
2.27238899,2.27546000
2.27302899,2.09967351
2.27366899,2.27546000
2.27430899,2.09967351
2.27494899,2.09967351
2.27558899,1.92327642
2.27622899,1.92327642
2.27686899,1.92327642
2.27750899,1.74687946
2.27814899,1.74687946
2.27878899,1.74687946
2.27942899,1.57048249
2.28006899,1.57048249
2.28070899,1.57048249
2.28134899,1.39469588
2.28198899,1.39469588
2.28262899,1.21829891
2.28326899,1.21829891
2.28390899,1.04190195
2.28454899,1.04190195
2.28518899,0.86550492
2.28582899,0.86550492
2.28646899,0.68971831
2.28710899,0.68971831
2.28774899,0.68971831
2.28838899,0.51332134
2.28902899,0.51332134
2.28966899,0.33692434
2.29030899,0.33692434
2.29094899,0.33692434
2.29158899,0.16052736
2.29222899,0.16052736
2.29286899,-0.01525925
2.29350899,-0.19104587
2.29414899,-0.19104587
2.29478899,-0.19104587
2.29542899,-0.36744285
2.29606899,-0.36744285
2.29670899,-0.36744285
2.29734899,-0.54383981
2.29798899,-0.54383981
2.29862899,-0.54383981
2.29926899,-0.89602345
2.29990899,-0.89602345
2.30054899,-1.07242048
2.30118899,-1.07242048
2.30182899,-1.07242048
2.30246899,-1.24881744
2.30310899,-1.24881744
2.30374899,-1.24881744
2.30438899,-1.42521441
2.30502899,-1.42521441
2.30566899,-1.60100102
2.30630899,-1.60100102
2.30694899,-1.60100102
2.30758899,-1.77739799
2.30822899,-1.77739799
2.30886899,-1.77739799
2.30950899,-1.95379496
2.31014899,-2.13019204
2.31078899,-2.13019204
2.31142899,-2.13019204
2.31206899,-2.13019204
2.31270899,-2.30597854
2.31334899,-2.30597854
2.31398899,-2.30597854
2.31462899,-2.30597854
2.31526899,-2.48237562
2.31590899,-2.48237562
2.31654899,-2.48237562
2.31718899,-2.48237562
2.31782899,-2.48237562
2.31846899,-2.48237562
2.31910899,-2.48237562
2.31974899,-2.65877247
2.32038899,-2.65877247
2.32102899,-2.65877247
2.32166899,-2.65877247
2.32230899,-2.65877247
2.32294899,-2.65877247
2.32358899,-2.65877247
2.32422899,-2.83516955
2.32486899,-2.65877247
2.32550899,-2.65877247
2.32614899,-2.83516955
2.32678899,-2.65877247
2.32742899,-2.65877247
2.32806899,-2.83516955
2.32870899,-2.83516955
2.32934899,-2.65877247
2.32998899,-2.65877247
2.33062899,-2.65877247
2.33126899,-2.65877247
2.33190899,-2.65877247
2.33254899,-2.65877247
2.33318899,-2.65877247
2.33382899,-2.65877247
2.33446899,-2.65877247
2.33510899,-2.65877247
2.33574899,-2.48237562
2.33638899,-2.48237562
2.33702899,-2.48237562
2.33766899,-2.48237562
2.33830899,-2.48237562
2.33894899,-2.48237562
2.33958899,-2.30597854
2.34022899,-2.30597854
2.34086899,-2.13019204
2.34150899,-2.13019204
2.34214899,-2.13019204
2.34278899,-1.95379496
2.34342899,-1.95379496
2.34406899,-1.95379496
2.34470899,-1.95379496
2.34534899,-1.77739799
2.34598899,-1.77739799
2.34662899,-1.60100102
2.34726899,-1.60100102
2.34790899,-1.60100102
2.34854899,-1.60100102
2.34918899,-1.24881744
2.34982899,-1.24881744
2.35046899,-1.24881744
2.35110899,-1.07242048
2.35174899,-1.07242048
2.35238899,-1.07242048
2.35302899,-0.89602345
2.35366899,-0.89602345
2.35430899,-0.72023684
2.35494899,-0.72023684
2.35558899,-0.54383981
2.35622899,-0.54383981
2.35686899,-0.36744285
2.35750899,-0.36744285
2.35814899,-0.36744285
2.35878899,-0.19104587
2.35942899,-0.19104587
2.36006899,-0.01525925
2.36070899,-0.01525925
2.36134899,0.16052736
2.36198899,0.16052736
2.36262899,0.33692434
2.36326899,0.33692434
2.36390899,0.33692434
2.36454899,0.51332134
2.36518899,0.68971831
2.36582899,0.68971831
2.36646899,0.68971831
2.36710899,0.86550492
2.36774899,0.86550492
2.36838899,1.04190195
2.36902899,1.04190195
2.36966899,1.21829891
2.37030899,1.21829891
2.37094899,1.39469588
2.37158899,1.39469588
2.37222899,1.57048249
2.37286899,1.57048249
2.37350899,1.57048249
2.37414899,1.74687946
2.37478899,1.74687946
2.37542899,1.74687946
2.37606899,1.92327642
2.37670899,1.92327642
2.37734899,1.92327642
2.37798899,1.92327642
2.37862899,2.09967351
2.37926899,2.09967351
2.37990899,2.27546000
2.38054899,2.27546000
2.38118899,2.27546000
2.38182899,2.27546000
2.38246899,2.45185709
2.38310899,2.45185709
2.38374899,2.45185709
2.38438899,2.45185709
2.38502899,2.45185709
2.38566899,2.62825394
2.38630899,2.62825394
2.38694899,2.62825394
2.38758899,2.62825394
2.38822899,2.62825394
2.38886899,2.62825394
2.38950899,2.62825394
2.39014899,2.62825394
2.39078899,2.80465102
2.39142899,2.62825394
2.39206899,2.62825394
2.39270899,2.80465102
2.39334899,2.80465102
2.39398899,2.80465102
2.39462899,2.80465102
2.39526899,2.80465102
2.39590899,2.80465102
2.39654899,2.62825394
2.39718899,2.62825394
2.39782899,2.62825394
2.39846899,2.80465102
2.39910899,2.62825394
2.39974899,2.80465102
2.40038899,2.62825394
2.40102899,2.62825394
2.40166899,2.62825394
2.40230899,2.62825394
2.40294899,2.45185709
2.40358899,2.62825394
2.40422899,2.45185709
2.40486899,2.45185709
2.40550899,2.45185709
2.40614899,2.45185709
2.40678899,2.45185709
2.40742899,2.27546000
2.40806899,2.27546000
2.40870899,2.27546000
2.40934899,2.09967351
2.40998899,2.09967351
2.41062899,2.09967351
2.41126899,1.92327642
2.41190899,1.92327642
2.41254899,1.92327642
2.41318899,1.74687946
2.41382899,1.74687946
2.41446899,1.74687946
2.41510899,1.74687946
2.41574899,1.57048249
2.41638899,1.39469588
2.41702899,1.39469588
2.41766899,1.39469588
2.41830899,1.21829891
2.41894899,1.21829891
2.41958899,1.21829891
2.42022899,1.04190195
2.42086899,0.86550492
2.42150899,0.86550492
2.42214899,0.86550492
2.42278899,0.68971831
2.42342899,0.68971831
2.42406899,0.51332134
2.42470899,0.51332134
2.42534899,0.33692434
2.42598899,0.33692434
2.42662899,0.33692434
2.42726899,0.16052736
2.42790899,0.16052736
2.42854899,-0.01525925
2.42918899,-0.19104587
2.42982899,-0.19104587
2.43046899,-0.19104587
2.43110899,-0.36744285
2.43174899,-0.36744285
2.43238899,-0.36744285
2.43302899,-0.54383981
2.43366899,-0.72023684
2.43430899,-0.72023684
2.43494899,-0.72023684
2.43558899,-0.89602345
2.43622899,-0.89602345
2.43686899,-1.07242048
2.43750899,-1.07242048
2.43814899,-1.24881744
2.43878899,-1.24881744
2.43942899,-1.24881744
2.44006899,-1.42521441
2.44070899,-1.42521441
2.44134899,-1.60100102
2.44198899,-1.60100102
2.44262899,-1.60100102
2.44326899,-1.77739799
2.44390899,-1.77739799
2.44454899,-1.77739799
2.44518899,-1.77739799
2.44582899,-1.95379496
2.44646899,-1.95379496
2.44710899,-2.13019204
2.44774899,-2.13019204
2.44838899,-2.13019204
2.44902899,-2.30597854
2.44966899,-2.13019204
2.45030899,-2.30597854
2.45094899,-2.30597854
2.45158899,-2.30597854
2.45222899,-2.30597854
2.45286899,-2.48237562
2.45350899,-2.48237562
2.45414899,-2.48237562
2.45478899,-2.48237562
2.45542899,-2.65877247
2.45606899,-2.48237562
2.45670899,-2.48237562
2.45734899,-2.65877247
2.45798899,-2.48237562
2.45862899,-2.65877247
2.45926899,-2.65877247
2.45990899,-2.65877247
2.46054899,-2.65877247
2.46118899,-2.65877247
2.46182899,-2.65877247
2.46246899,-2.65877247
2.46310899,-2.65877247
2.46374899,-2.65877247
2.46438899,-2.65877247
2.46502899,-2.65877247
2.46566899,-2.65877247
2.46630899,-2.65877247
2.46694899,-2.65877247
2.46758899,-2.48237562
2.46822899,-2.48237562
2.46886899,-2.48237562
2.46950899,-2.48237562
2.47014899,-2.48237562
2.47078899,-2.48237562
2.47142899,-2.48237562
2.47206899,-2.30597854
2.47270899,-2.48237562
2.47334899,-2.30597854
2.47398899,-2.30597854
2.47462898,-2.30597854
2.47526898,-2.13019204
2.47590898,-2.13019204
2.47654898,-2.13019204
2.47718898,-1.95379496
2.47782898,-2.13019204
2.47846898,-1.95379496
2.47910898,-1.77739799
2.47974898,-1.77739799
2.48038898,-1.77739799
2.48102898,-1.77739799
2.48166898,-1.60100102
2.48230898,-1.60100102
2.48294898,-1.60100102
2.48358898,-1.42521441
2.48422898,-1.42521441
2.48486898,-1.42521441
2.48550898,-1.24881744
2.48614898,-1.07242048
2.48678898,-1.07242048
2.48742898,-1.07242048
2.48806898,-0.89602345
2.48870898,-0.89602345
2.48934898,-0.89602345
2.48998898,-0.72023684
2.49062898,-0.54383981
2.49126898,-0.72023684
2.49190898,-0.54383981
2.49254898,-0.36744285
2.49318898,-0.36744285
2.49382898,-0.36744285
2.49446898,-0.19104587
2.49510898,-0.19104587
2.49574898,-0.19104587
2.49638898,-0.01525925
2.49702898,0.16052736
2.49766898,0.16052736
2.49830898,0.33692434
2.49894898,0.33692434
2.49958898,0.33692434
2.50022898,0.33692434
2.50086898,0.51332134
2.50150898,0.51332134
2.50214898,0.68971831
2.50278898,0.68971831
2.50342898,0.68971831
2.50406898,0.86550492
2.50470898,1.04190195
2.50534898,1.04190195
2.50598898,1.04190195
2.50662898,1.21829891
2.50726898,1.21829891
2.50790898,1.21829891
2.50854898,1.39469588
2.50918898,1.57048249
2.50982898,1.57048249
2.51046898,1.57048249
2.51110898,1.74687946
2.51174898,1.74687946
2.51238898,1.74687946
2.51302898,1.74687946
2.51366898,1.92327642
2.51430898,1.92327642
2.51494898,1.92327642
2.51558898,1.92327642
2.51622898,1.92327642
2.51686898,2.09967351
2.51750898,2.09967351
2.51814898,2.09967351
2.51878898,2.27546000
2.51942898,2.27546000
2.52006898,2.27546000
2.52070898,2.27546000
2.52134898,2.27546000
2.52198898,2.27546000
2.52262898,2.45185709
2.52326898,2.45185709
2.52390898,2.45185709
2.52454898,2.45185709
2.52518898,2.45185709
2.52582898,2.45185709
2.52646898,2.45185709
2.52710898,2.45185709
2.52774898,2.45185709
2.52838898,2.45185709
2.52902898,2.45185709
2.52966898,2.45185709
2.53030898,2.45185709
2.53094898,2.45185709
2.53158898,2.62825394
2.53222898,2.45185709
2.53286898,2.45185709
2.53350898,2.45185709
2.53414898,2.45185709
2.53478898,2.45185709
2.53542898,2.45185709
2.53606898,2.45185709
2.53670898,2.45185709
2.53734898,2.45185709
2.53798898,2.45185709
2.53862898,2.27546000
2.53926898,2.27546000
2.53990898,2.27546000
2.54054898,2.27546000
2.54118898,2.27546000
2.54182898,2.27546000
2.54246898,2.09967351
2.54310898,2.09967351
2.54374898,1.92327642
2.54438898,1.92327642
2.54502898,1.92327642
2.54566898,1.92327642
2.54630898,1.92327642
2.54694898,1.74687946
2.54758898,1.74687946
2.54822898,1.74687946
2.54886898,1.57048249
2.54950898,1.57048249
2.55014898,1.57048249
2.55078898,1.39469588
2.55142898,1.39469588
2.55206898,1.39469588
2.55270898,1.21829891
2.55334898,1.21829891
2.55398898,1.21829891
2.55462898,1.04190195
2.55526898,1.04190195
2.55590898,1.04190195
2.55654898,0.86550492
2.55718898,0.86550492
2.55782898,0.68971831
2.55846898,0.51332134
2.55910898,0.51332134
2.55974898,0.51332134
2.56038898,0.51332134
2.56102898,0.33692434
2.56166898,0.33692434
2.56230898,0.33692434
2.56294898,0.16052736
2.56358898,0.16052736
2.56422898,0.16052736
2.56486898,-0.01525925
2.56550898,-0.19104587
2.56614898,-0.19104587
2.56678898,-0.19104587
2.56742898,-0.36744285
2.56806898,-0.36744285
2.56870898,-0.36744285
2.56934898,-0.36744285
2.56998898,-0.54383981
2.57062898,-0.72023684
2.57126898,-0.72023684
2.57190898,-0.89602345
2.57254898,-0.89602345
2.57318898,-0.89602345
2.57382898,-0.89602345
2.57446898,-1.07242048
2.57510898,-1.07242048
2.57574898,-1.07242048
2.57638898,-1.24881744
2.57702898,-1.24881744
2.57766898,-1.42521441
2.57830898,-1.60100102
2.57894898,-1.60100102
2.57958898,-1.60100102
2.58022898,-1.60100102
2.58086898,-1.60100102
2.58150898,-1.60100102
2.58214898,-1.77739799
2.58278898,-1.77739799
2.58342898,-1.77739799
2.58406898,-1.77739799
2.58470898,-1.77739799
2.58534898,-1.77739799
2.58598898,-1.95379496
2.58662898,-1.95379496
2.58726898,-1.95379496
2.58790898,-1.95379496
2.58854898,-1.95379496
2.58918898,-2.13019204
2.58982898,-2.13019204
2.59046898,-2.13019204
2.59110898,-2.13019204
2.59174898,-2.13019204
2.59238898,-2.13019204
2.59302898,-2.13019204
2.59366898,-2.30597854
2.59430898,-2.30597854
2.59494898,-2.30597854
2.59558898,-2.30597854
2.59622898,-2.30597854
2.59686898,-2.30597854
2.59750898,-2.30597854
2.59814898,-2.30597854
2.59878898,-2.30597854
2.59942898,-2.30597854
2.60006898,-2.30597854
2.60070898,-2.30597854
2.60134898,-2.30597854
2.60198898,-2.30597854
2.60262898,-2.13019204
2.60326898,-2.30597854
2.60390898,-2.13019204
2.60454898,-2.13019204
2.60518898,-2.13019204
2.60582898,-2.13019204
2.60646898,-2.13019204
2.60710898,-2.13019204
2.60774898,-1.95379496
2.60838898,-2.13019204
2.60902898,-1.95379496
2.60966898,-1.95379496
2.61030898,-1.77739799
2.61094898,-1.77739799
2.61158898,-1.77739799
2.61222898,-1.77739799
2.61286898,-1.77739799
2.61350898,-1.77739799
2.61414898,-1.77739799
2.61478898,-1.77739799
2.61542898,-1.60100102
2.61606898,-1.42521441
2.61670898,-1.60100102
2.61734898,-1.42521441
2.61798898,-1.42521441
2.61862898,-1.42521441
2.61926898,-1.24881744
2.61990898,-1.24881744
2.62054898,-1.24881744
2.62118898,-1.24881744
2.62182898,-1.07242048
2.62246898,-1.07242048
2.62310898,-0.89602345
2.62374898,-0.89602345
2.62438898,-0.72023684
2.62502898,-0.72023684
2.62566898,-0.72023684
2.62630898,-0.54383981
2.62694898,-0.54383981
2.62758898,-0.36744285
2.62822898,-0.36744285
2.62886898,-0.36744285
2.62950898,-0.36744285
2.63014898,-0.19104587
2.63078898,-0.19104587
2.63142898,-0.19104587
2.63206898,-0.01525925
2.63270898,-0.01525925
2.63334898,0.16052736
2.63398898,0.16052736
2.63462898,0.16052736
2.63526898,0.33692434
2.63590898,0.33692434
2.63654898,0.33692434
2.63718898,0.51332134
2.63782898,0.51332134
2.63846898,0.51332134
2.63910898,0.68971831
2.63974898,0.68971831
2.64038898,0.68971831
2.64102898,0.86550492
2.64166898,0.86550492
2.64230898,0.86550492
2.64294898,0.86550492
2.64358898,1.04190195
2.64422898,1.04190195
2.64486898,1.04190195
2.64550898,1.21829891
2.64614898,1.21829891
2.64678898,1.21829891
2.64742898,1.21829891
2.64806898,1.39469588
2.64870898,1.39469588
2.64934898,1.57048249
2.64998898,1.57048249
2.65062898,1.57048249
2.65126898,1.57048249
2.65190898,1.74687946
2.65254898,1.74687946
2.65318898,1.74687946
2.65382898,1.74687946
2.65446898,1.74687946
2.65510898,1.74687946
2.65574898,1.74687946
2.65638898,1.74687946
2.65702898,1.74687946
2.65766898,1.92327642
2.65830898,1.92327642
2.65894898,1.92327642
2.65958898,1.92327642
2.66022898,1.92327642
2.66086898,1.92327642
2.66150898,1.92327642
2.66214898,1.92327642
2.66278898,1.92327642
2.66342898,1.92327642
2.66406898,2.09967351
2.66470898,1.92327642
2.66534898,1.92327642
2.66598898,1.92327642
2.66662898,1.92327642
2.66726898,1.92327642
2.66790898,1.92327642
2.66854898,1.92327642
2.66918898,1.92327642
2.66982898,1.92327642
2.67046898,1.92327642
2.67110898,1.92327642
2.67174898,1.92327642
2.67238898,1.92327642
2.67302898,1.92327642
2.67366898,1.74687946
2.67430898,1.92327642
2.67494898,1.74687946
2.67558898,1.74687946
2.67622898,1.74687946
2.67686898,1.74687946
2.67750898,1.74687946
2.67814898,1.74687946
2.67878898,1.74687946
2.67942898,1.74687946
2.68006898,1.57048249
2.68070898,1.57048249
2.68134898,1.57048249
2.68198898,1.57048249
2.68262898,1.57048249
2.68326898,1.39469588
2.68390898,1.39469588
2.68454898,1.39469588
2.68518898,1.39469588
2.68582898,1.21829891
2.68646898,1.21829891
2.68710898,1.21829891
2.68774898,1.21829891
2.68838898,1.04190195
2.68902898,1.04190195
2.68966898,1.04190195
2.69030898,1.04190195
2.69094898,0.86550492
2.69158898,0.68971831
2.69222898,0.68971831
2.69286898,0.68971831
2.69350898,0.68971831
2.69414898,0.68971831
2.69478898,0.51332134
2.69542898,0.33692434
2.69606898,0.51332134
2.69670898,0.33692434
2.69734898,0.33692434
2.69798898,0.33692434
2.69862898,0.33692434
2.69926898,0.16052736
2.69990898,0.16052736
2.70054898,-0.01525925
2.70118898,-0.01525925
2.70182898,-0.01525925
2.70246898,-0.01525925
2.70310898,-0.19104587
2.70374898,-0.19104587
2.70438898,-0.19104587
2.70502898,-0.36744285
2.70566898,-0.36744285
2.70630898,-0.36744285
2.70694898,-0.36744285
2.70758898,-0.54383981
2.70822898,-0.54383981
2.70886898,-0.54383981
2.70950898,-0.54383981
2.71014898,-0.72023684
2.71078898,-0.72023684
2.71142898,-0.72023684
2.71206898,-0.89602345
2.71270898,-0.89602345
2.71334898,-0.89602345
2.71398898,-0.89602345
2.71462898,-1.07242048
2.71526898,-1.07242048
2.71590898,-1.07242048
2.71654898,-1.07242048
2.71718898,-1.24881744
2.71782898,-1.07242048
2.71846898,-1.24881744
2.71910898,-1.24881744
2.71974898,-1.24881744
2.72038898,-1.24881744
2.72102898,-1.42521441
2.72166898,-1.42521441
2.72230898,-1.42521441
2.72294898,-1.60100102
2.72358898,-1.42521441
2.72422898,-1.60100102
2.72486898,-1.42521441
2.72550898,-1.42521441
2.72614898,-1.60100102
2.72678898,-1.60100102
2.72742898,-1.60100102
2.72806898,-1.60100102
2.72870898,-1.60100102
2.72934898,-1.77739799
2.72998898,-1.60100102
2.73062898,-1.77739799
2.73126898,-1.77739799
2.73190898,-1.77739799
2.73254898,-1.77739799
2.73318898,-1.77739799
2.73382898,-1.60100102
2.73446898,-1.77739799
2.73510898,-1.77739799
2.73574898,-1.77739799
2.73638898,-1.60100102
2.73702898,-1.60100102
2.73766898,-1.60100102
2.73830898,-1.60100102
2.73894898,-1.77739799
2.73958898,-1.60100102
2.74022898,-1.77739799
2.74086898,-1.60100102
2.74150898,-1.60100102
2.74214898,-1.60100102
2.74278898,-1.60100102
2.74342898,-1.60100102
2.74406898,-1.60100102
2.74470898,-1.60100102
2.74534898,-1.60100102
2.74598898,-1.42521441
2.74662898,-1.42521441
2.74726898,-1.42521441
2.74790898,-1.42521441
2.74854898,-1.24881744
2.74918898,-1.42521441
2.74982898,-1.24881744
2.75046898,-1.24881744
2.75110898,-1.24881744
2.75174898,-1.07242048
2.75238898,-1.07242048
2.75302898,-1.07242048
2.75366898,-1.07242048
2.75430898,-1.07242048
2.75494898,-0.89602345
2.75558898,-0.89602345
2.75622898,-0.89602345
2.75686898,-0.89602345
2.75750898,-0.72023684
2.75814898,-0.72023684
2.75878898,-0.72023684
2.75942898,-0.72023684
2.76006898,-0.54383981
2.76070898,-0.72023684
2.76134898,-0.54383981
2.76198898,-0.54383981
2.76262898,-0.54383981
2.76326898,-0.36744285
2.76390898,-0.36744285
2.76454898,-0.36744285
2.76518898,-0.36744285
2.76582898,-0.19104587
2.76646898,-0.19104587
2.76710898,-0.19104587
2.76774898,-0.19104587
2.76838898,-0.01525925
2.76902898,-0.19104587
2.76966898,-0.01525925
2.77030898,-0.01525925
2.77094898,0.16052736
2.77158898,0.16052736
2.77222898,0.16052736
2.77286898,0.16052736
2.77350898,0.33692434
2.77414898,0.33692434
2.77478898,0.33692434
2.77542898,0.33692434
2.77606898,0.33692434
2.77670898,0.51332134
2.77734898,0.51332134
2.77798898,0.51332134
2.77862898,0.51332134
2.77926898,0.68971831
2.77990898,0.68971831
2.78054898,0.68971831
2.78118898,0.86550492
2.78182898,0.86550492
2.78246898,0.86550492
2.78310898,0.86550492
2.78374898,0.86550492
2.78438898,0.86550492
2.78502898,0.86550492
2.78566898,1.04190195
2.78630898,1.04190195
2.78694898,1.04190195
2.78758898,1.04190195
2.78822898,1.04190195
2.78886898,1.21829891
2.78950898,1.21829891
2.79014898,1.04190195
2.79078898,1.21829891
2.79142898,1.21829891
2.79206898,1.21829891
2.79270898,1.21829891
2.79334898,1.21829891
2.79398898,1.21829891
2.79462898,1.21829891
2.79526898,1.21829891
2.79590898,1.39469588
2.79654898,1.39469588
2.79718898,1.39469588
2.79782898,1.39469588
2.79846898,1.39469588
2.79910898,1.39469588
2.79974898,1.39469588
2.80038898,1.39469588
2.80102898,1.39469588
2.80166898,1.39469588
2.80230898,1.39469588
2.80294898,1.39469588
2.80358898,1.39469588
2.80422898,1.39469588
2.80486898,1.39469588
2.80550898,1.39469588
2.80614898,1.39469588
2.80678898,1.39469588
2.80742898,1.39469588
2.80806898,1.39469588
2.80870898,1.39469588
2.80934898,1.21829891
2.80998898,1.21829891
2.81062898,1.21829891
2.81126898,1.21829891
2.81190898,1.21829891
2.81254898,1.21829891
2.81318898,1.21829891
2.81382898,1.21829891
2.81446898,1.21829891
2.81510898,1.21829891
2.81574898,1.21829891
2.81638898,1.21829891
2.81702898,1.04190195
2.81766898,1.21829891
2.81830898,1.04190195
2.81894898,1.04190195
2.81958898,1.04190195
2.82022898,1.04190195
2.82086898,0.86550492
2.82150898,0.86550492
2.82214898,1.04190195
2.82278898,0.86550492
2.82342898,0.86550492
2.82406898,0.86550492
2.82470898,0.68971831
2.82534898,0.86550492
2.82598898,0.68971831
2.82662898,0.68971831
2.82726898,0.68971831
2.82790898,0.68971831
2.82854898,0.51332134
2.82918898,0.51332134
2.82982898,0.51332134
2.83046898,0.51332134
2.83110898,0.51332134
2.83174898,0.33692434
2.83238898,0.33692434
2.83302898,0.33692434
2.83366898,0.33692434
2.83430898,0.33692434
2.83494898,0.33692434
2.83558898,0.16052736
2.83622898,0.16052736
2.83686898,0.16052736
2.83750898,0.16052736
2.83814898,0.16052736
2.83878898,-0.01525925
2.83942898,-0.01525925
2.84006898,-0.01525925
2.84070898,-0.19104587
2.84134898,-0.01525925
2.84198898,-0.01525925
2.84262898,-0.19104587
2.84326898,-0.19104587
2.84390898,-0.19104587
2.84454898,-0.36744285
2.84518898,-0.36744285
2.84582898,-0.36744285
2.84646898,-0.36744285
2.84710898,-0.36744285
2.84774898,-0.36744285
2.84838898,-0.36744285
2.84902898,-0.36744285
2.84966898,-0.54383981
2.85030898,-0.54383981
2.85094898,-0.54383981
2.85158898,-0.54383981
2.85222898,-0.54383981
2.85286898,-0.54383981
2.85350898,-0.54383981
2.85414898,-0.72023684
2.85478898,-0.72023684
2.85542898,-0.72023684
2.85606898,-0.72023684
2.85670898,-0.72023684
2.85734898,-0.72023684
2.85798898,-0.72023684
2.85862898,-0.89602345
2.85926898,-0.89602345
2.85990898,-0.89602345
2.86054898,-0.89602345
2.86118898,-0.89602345
2.86182898,-0.89602345
2.86246898,-0.89602345
2.86310898,-0.89602345
2.86374898,-0.89602345
2.86438898,-0.89602345
2.86502898,-0.89602345
2.86566898,-1.07242048
2.86630898,-1.07242048
2.86694898,-0.89602345
2.86758898,-1.07242048
2.86822898,-1.07242048
2.86886898,-1.07242048
2.86950898,-1.07242048
2.87014898,-0.89602345
2.87078898,-1.07242048
2.87142898,-0.89602345
2.87206898,-1.07242048
2.87270898,-0.89602345
2.87334898,-0.89602345
2.87398898,-0.89602345
2.87462898,-0.89602345
2.87526898,-1.07242048
2.87590898,-0.89602345
2.87654898,-0.89602345
2.87718898,-1.07242048
2.87782898,-0.89602345
2.87846898,-0.89602345
2.87910898,-0.89602345
2.87974898,-0.89602345
2.88038898,-0.89602345
2.88102898,-0.89602345
2.88166898,-0.89602345
2.88230898,-0.89602345
2.88294898,-0.89602345
2.88358898,-0.89602345
2.88422898,-0.89602345
2.88486898,-0.89602345
2.88550898,-0.89602345
2.88614898,-0.72023684
2.88678898,-0.89602345
2.88742898,-0.89602345
2.88806898,-0.72023684
2.88870898,-0.72023684
2.88934898,-0.72023684
2.88998898,-0.72023684
2.89062898,-0.72023684
2.89126898,-0.72023684
2.89190898,-0.54383981
2.89254898,-0.72023684
2.89318898,-0.54383981
2.89382898,-0.54383981
2.89446898,-0.54383981
2.89510898,-0.54383981
2.89574898,-0.54383981
2.89638898,-0.54383981
2.89702898,-0.36744285
2.89766898,-0.36744285
2.89830898,-0.36744285
2.89894898,-0.36744285
2.89958898,-0.36744285
2.90022898,-0.36744285
2.90086898,-0.36744285
2.90150898,-0.19104587
2.90214898,-0.36744285
2.90278898,-0.19104587
2.90342898,-0.19104587
2.90406898,-0.19104587
2.90470898,-0.19104587
2.90534898,-0.19104587
2.90598898,-0.19104587
2.90662898,-0.19104587
2.90726898,-0.19104587
2.90790898,-0.01525925
2.90854898,-0.01525925
2.90918898,-0.01525925
2.90982898,-0.01525925
2.91046898,-0.01525925
2.91110898,-0.01525925
2.91174898,0.16052736
2.91238898,0.16052736
2.91302898,0.16052736
2.91366898,0.16052736
2.91430898,0.16052736
2.91494898,0.16052736
2.91558898,0.16052736
2.91622898,0.33692434
2.91686898,0.16052736
2.91750898,0.33692434
2.91814898,0.33692434
2.91878898,0.33692434
2.91942898,0.33692434
2.92006898,0.33692434
2.92070898,0.33692434
2.92134898,0.51332134
2.92198898,0.33692434
2.92262898,0.33692434
2.92326898,0.51332134
2.92390898,0.51332134
2.92454898,0.51332134
2.92518898,0.51332134
2.92582898,0.51332134
2.92646898,0.51332134
2.92710898,0.51332134
2.92774898,0.51332134
2.92838898,0.51332134
2.92902898,0.51332134
2.92966898,0.51332134
2.93030898,0.51332134
2.93094898,0.51332134
2.93158898,0.51332134
2.93222898,0.51332134
2.93286898,0.51332134
2.93350898,0.68971831
2.93414898,0.68971831
2.93478898,0.68971831
2.93542898,0.68971831
2.93606898,0.68971831
2.93670898,0.68971831
2.93734898,0.68971831
2.93798898,0.68971831
2.93862898,0.68971831
2.93926898,0.68971831
2.93990898,0.68971831
2.94054898,0.86550492
2.94118898,0.68971831
2.94182898,0.68971831
2.94246898,0.68971831
2.94310898,0.68971831
2.94374898,0.68971831
2.94438898,0.68971831
2.94502898,0.68971831
2.94566898,0.68971831
2.94630898,0.68971831
2.94694898,0.68971831
2.94758898,0.68971831
2.94822898,0.68971831
2.94886898,0.68971831
2.94950898,0.68971831
2.95014898,0.68971831
2.95078898,0.68971831
2.95142898,0.68971831
2.95206898,0.51332134
2.95270898,0.68971831
2.95334898,0.68971831
2.95398898,0.68971831
2.95462898,0.51332134
2.95526898,0.51332134
2.95590898,0.51332134
2.95654898,0.51332134
2.95718898,0.51332134
2.95782898,0.68971831
2.95846898,0.51332134
2.95910898,0.51332134
2.95974898,0.51332134
2.96038898,0.51332134
2.96102898,0.51332134
2.96166898,0.51332134
2.96230898,0.51332134
2.96294898,0.51332134
2.96358898,0.51332134
2.96422898,0.33692434
2.96486898,0.33692434
2.96550898,0.51332134
2.96614898,0.33692434
2.96678898,0.33692434
2.96742898,0.33692434
2.96806898,0.33692434
2.96870898,0.33692434
2.96934898,0.33692434
2.96998898,0.33692434
2.97062898,0.33692434
2.97126898,0.33692434
2.97190898,0.33692434
2.97254898,0.33692434
2.97318898,0.33692434
2.97382898,0.33692434
2.97446898,0.16052736
2.97510898,0.33692434
2.97574898,0.16052736
2.97638898,0.33692434
2.97702898,0.33692434
2.97766898,0.16052736
2.97830898,0.16052736
2.97894898,0.16052736
2.97958898,0.16052736
2.98022898,0.16052736
2.98086898,0.16052736
2.98150898,0.16052736
2.98214898,-0.01525925
2.98278898,-0.01525925
2.98342898,-0.01525925
2.98406898,0.16052736
2.98470898,-0.01525925
2.98534898,-0.01525925
2.98598898,-0.01525925
2.98662898,-0.01525925
2.98726898,-0.01525925
2.98790898,-0.19104587
2.98854898,-0.01525925
2.98918898,-0.01525925
2.98982898,-0.01525925
2.99046898,-0.19104587
2.99110898,-0.01525925
2.99174898,-0.01525925
2.99238898,-0.19104587
2.99302898,-0.19104587
2.99366898,-0.19104587
2.99430898,-0.19104587
2.99494898,-0.19104587
2.99558898,-0.19104587
2.99622898,-0.19104587
2.99686898,-0.19104587
2.99750898,-0.19104587
2.99814898,-0.19104587
2.99878898,-0.19104587
2.99942898,-0.19104587
3.00006898,-0.19104587
3.00070898,-0.19104587
3.00134898,-0.19104587
3.00198898,-0.19104587
3.00262898,-0.36744285
3.00326898,-0.36744285
3.00390898,-0.19104587
3.00454898,-0.19104587
3.00518898,-0.36744285
3.00582898,-0.36744285
3.00646898,-0.36744285
3.00710898,-0.36744285
3.00774898,-0.36744285
3.00838898,-0.36744285
3.00902898,-0.36744285
3.00966898,-0.36744285
3.01030898,-0.36744285
3.01094898,-0.36744285
3.01158898,-0.36744285
3.01222898,-0.36744285
3.01286898,-0.36744285
3.01350898,-0.36744285
3.01414898,-0.36744285
3.01478898,-0.36744285
3.01542898,-0.36744285
3.01606898,-0.36744285
3.01670898,-0.36744285
3.01734898,-0.36744285
3.01798898,-0.36744285
3.01862898,-0.36744285
3.01926898,-0.36744285
3.01990898,-0.36744285
3.02054898,-0.36744285
3.02118898,-0.36744285
3.02182898,-0.36744285
3.02246898,-0.36744285
3.02310898,-0.36744285
3.02374898,-0.36744285
3.02438898,-0.36744285
3.02502898,-0.36744285
3.02566898,-0.36744285
3.02630898,-0.36744285
3.02694898,-0.36744285
3.02758898,-0.36744285
3.02822898,-0.36744285
3.02886898,-0.36744285
3.02950898,-0.36744285
3.03014898,-0.36744285
3.03078898,-0.36744285
3.03142898,-0.36744285
3.03206898,-0.36744285
3.03270898,-0.36744285
3.03334898,-0.36744285
3.03398898,-0.36744285
3.03462898,-0.36744285
3.03526898,-0.36744285
3.03590898,-0.36744285
3.03654898,-0.36744285
3.03718898,-0.36744285
3.03782898,-0.36744285
3.03846898,-0.36744285
3.03910898,-0.36744285
3.03974898,-0.19104587
3.04038898,-0.36744285
3.04102898,-0.36744285
3.04166898,-0.36744285
3.04230898,-0.36744285
3.04294898,-0.36744285
3.04358898,-0.36744285
3.04422898,-0.36744285
3.04486898,-0.36744285
3.04550898,-0.36744285
3.04614898,-0.36744285
3.04678898,-0.36744285
3.04742898,-0.36744285
3.04806898,-0.36744285
3.04870898,-0.36744285
3.04934898,-0.36744285
3.04998898,-0.19104587
3.05062898,-0.36744285
3.05126898,-0.19104587
3.05190898,-0.36744285
3.05254898,-0.19104587
3.05318898,-0.19104587
3.05382898,-0.19104587
3.05446898,-0.19104587
3.05510898,-0.19104587
3.05574898,-0.19104587
3.05638898,-0.19104587
3.05702898,-0.19104587
3.05766898,-0.19104587
3.05830898,-0.01525925
3.05894898,-0.19104587
3.05958898,-0.19104587
3.06022898,-0.19104587
3.06086898,-0.19104587
3.06150898,-0.19104587
3.06214898,-0.01525925
3.06278898,-0.19104587
3.06342898,-0.01525925
3.06406898,-0.19104587
3.06470898,-0.19104587
3.06534898,-0.01525925
3.06598898,-0.19104587
3.06662898,-0.19104587
3.06726898,-0.01525925
3.06790898,-0.01525925
3.06854898,-0.01525925
3.06918898,-0.01525925
3.06982898,-0.01525925
3.07046898,-0.01525925
3.07110898,-0.01525925
3.07174898,-0.01525925
3.07238898,-0.01525925
3.07302898,-0.01525925
3.07366898,-0.01525925
3.07430898,0.16052736
3.07494898,-0.01525925
3.07558898,-0.01525925
3.07622898,-0.01525925
3.07686898,0.16052736
3.07750898,0.16052736
3.07814898,0.16052736
3.07878898,0.16052736
3.07942898,0.16052736
3.08006898,0.16052736
3.08070898,0.16052736
3.08134898,0.16052736
3.08198898,0.16052736
3.08262898,0.16052736
3.08326898,0.16052736
3.08390898,0.16052736
3.08454898,0.16052736
3.08518898,0.16052736
3.08582898,0.33692434
3.08646898,0.33692434
3.08710898,0.33692434
3.08774898,0.16052736
3.08838898,0.33692434
3.08902898,0.33692434
3.08966898,0.33692434
3.09030898,0.33692434
3.09094898,0.33692434
3.09158898,0.33692434
3.09222898,0.33692434
3.09286898,0.33692434
3.09350898,0.33692434
3.09414898,0.33692434
3.09478898,0.33692434
3.09542898,0.33692434
3.09606898,0.33692434
3.09670898,0.33692434
3.09734898,0.33692434
3.09798898,0.33692434
3.09862898,0.33692434
3.09926898,0.33692434
3.09990898,0.33692434
3.10054898,0.33692434
3.10118898,0.33692434
3.10182898,0.33692434
3.10246898,0.33692434
3.10310898,0.33692434
3.10374898,0.33692434
3.10438898,0.51332134
3.10502898,0.51332134
3.10566898,0.51332134
3.10630898,0.33692434
3.10694898,0.51332134
3.10758898,0.33692434
3.10822898,0.51332134
3.10886898,0.51332134
3.10950898,0.51332134
3.11014898,0.51332134
3.11078898,0.51332134
3.11142898,0.51332134
3.11206898,0.51332134
3.11270898,0.33692434
3.11334898,0.51332134
3.11398898,0.51332134
3.11462898,0.33692434
3.11526898,0.51332134
3.11590898,0.51332134
3.11654898,0.51332134
3.11718898,0.51332134
3.11782898,0.51332134
3.11846898,0.51332134
3.11910898,0.51332134
3.11974898,0.51332134
3.12038898,0.51332134
3.12102898,0.51332134
3.12166898,0.51332134
3.12230898,0.51332134
3.12294898,0.51332134
3.12358898,0.51332134
3.12422898,0.51332134
3.12486898,0.51332134
3.12550898,0.51332134
3.12614898,0.51332134
3.12678898,0.51332134
3.12742898,0.51332134
3.12806898,0.33692434
3.12870898,0.51332134
3.12934898,0.51332134
3.12998898,0.51332134
3.13062898,0.51332134
3.13126898,0.33692434
3.13190898,0.51332134
3.13254898,0.33692434
3.13318898,0.51332134
3.13382898,0.33692434
3.13446898,0.33692434
3.13510898,0.33692434
3.13574898,0.33692434
3.13638898,0.33692434
3.13702898,0.33692434
3.13766898,0.33692434
3.13830898,0.33692434
3.13894898,0.33692434
3.13958898,0.33692434
3.14022898,0.33692434
3.14086898,0.33692434
3.14150898,0.33692434
3.14214898,0.33692434
3.14278898,0.33692434
3.14342898,0.33692434
3.14406898,0.33692434
3.14470898,0.33692434
3.14534898,0.33692434
3.14598898,0.16052736
3.14662898,0.16052736
3.14726898,0.33692434
3.14790898,0.16052736
3.14854898,0.16052736
3.14918898,0.16052736
3.14982898,0.16052736
3.15046898,0.16052736
3.15110898,0.16052736
3.15174898,0.16052736
3.15238898,-0.01525925
3.15302898,0.16052736
3.15366898,-0.01525925
3.15430898,-0.01525925
3.15494898,-0.01525925
3.15558898,-0.01525925
3.15622898,-0.01525925
3.15686898,-0.01525925
3.15750898,-0.01525925
3.15814898,-0.19104587
3.15878898,-0.01525925
3.15942898,-0.01525925
3.16006898,-0.19104587
3.16070898,-0.19104587
3.16134898,-0.19104587
3.16198898,-0.19104587
3.16262898,-0.19104587
3.16326898,-0.19104587
3.16390898,-0.19104587
3.16454898,-0.19104587
3.16518898,-0.19104587
3.16582898,-0.19104587
3.16646898,-0.19104587
3.16710898,-0.36744285
3.16774898,-0.36744285
3.16838898,-0.36744285
3.16902898,-0.36744285
3.16966898,-0.36744285
3.17030898,-0.36744285
3.17094898,-0.36744285
3.17158898,-0.36744285
3.17222898,-0.36744285
3.17286898,-0.36744285
3.17350898,-0.36744285
3.17414898,-0.36744285
3.17478898,-0.36744285
3.17542898,-0.36744285
3.17606898,-0.54383981
3.17670898,-0.36744285
3.17734898,-0.54383981
3.17798898,-0.54383981
3.17862898,-0.54383981
3.17926898,-0.54383981
3.17990898,-0.54383981
3.18054898,-0.54383981
3.18118898,-0.54383981
3.18182898,-0.54383981
3.18246898,-0.54383981
3.18310898,-0.54383981
3.18374898,-0.54383981
3.18438898,-0.54383981
3.18502898,-0.54383981
3.18566898,-0.72023684
3.18630898,-0.54383981
3.18694898,-0.54383981
3.18758898,-0.72023684
3.18822898,-0.72023684
3.18886898,-0.54383981
3.18950898,-0.72023684
3.19014898,-0.72023684
3.19078898,-0.72023684
3.19142898,-0.72023684
3.19206898,-0.72023684
3.19270898,-0.72023684
3.19334898,-0.72023684
3.19398898,-0.54383981
3.19462898,-0.72023684
3.19526898,-0.72023684
3.19590898,-0.72023684
3.19654898,-0.72023684
3.19718898,-0.72023684
3.19782898,-0.54383981
3.19846898,-0.72023684
3.19910898,-0.72023684
3.19974898,-0.72023684
3.20038898,-0.54383981
3.20102898,-0.72023684
3.20166898,-0.72023684
3.20230898,-0.54383981
3.20294898,-0.54383981
3.20358898,-0.54383981
3.20422898,-0.72023684
3.20486898,-0.54383981
3.20550898,-0.54383981
3.20614898,-0.54383981
3.20678898,-0.54383981
3.20742898,-0.54383981
3.20806898,-0.54383981
3.20870898,-0.54383981
3.20934898,-0.54383981
3.20998898,-0.54383981
3.21062898,-0.36744285
3.21126898,-0.36744285
3.21190898,-0.36744285
3.21254898,-0.36744285
3.21318898,-0.36744285
3.21382898,-0.36744285
3.21446898,-0.36744285
3.21510898,-0.36744285
3.21574898,-0.36744285
3.21638898,-0.36744285
3.21702898,-0.36744285
3.21766898,-0.19104587
3.21830898,-0.36744285
3.21894898,-0.36744285
3.21958898,-0.19104587
3.22022898,-0.19104587
3.22086898,-0.19104587
3.22150898,-0.19104587
3.22214898,-0.19104587
3.22278898,-0.19104587
3.22342898,-0.19104587
3.22406898,-0.19104587
3.22470898,-0.19104587
3.22534898,-0.19104587
3.22598898,-0.01525925
3.22662898,-0.01525925
3.22726898,-0.01525925
3.22790898,-0.01525925
3.22854898,-0.01525925
3.22918898,0.16052736
3.22982898,0.16052736
3.23046898,0.16052736
3.23110898,0.16052736
3.23174898,0.16052736
3.23238898,0.16052736
3.23302898,0.16052736
3.23366898,0.33692434
3.23430898,0.33692434
3.23494898,0.33692434
3.23558898,0.33692434
3.23622898,0.33692434
3.23686898,0.33692434
3.23750898,0.33692434
3.23814898,0.33692434
3.23878898,0.33692434
3.23942898,0.51332134
3.24006898,0.51332134
3.24070898,0.51332134
3.24134898,0.51332134
3.24198898,0.51332134
3.24262898,0.51332134
3.24326898,0.51332134
3.24390898,0.51332134
3.24454898,0.51332134
3.24518898,0.68971831
3.24582898,0.68971831
3.24646898,0.51332134
3.24710898,0.68971831
3.24774898,0.68971831
3.24838898,0.86550492
3.24902898,0.68971831
3.24966898,0.86550492
3.25030898,0.86550492
3.25094898,0.68971831
3.25158898,0.86550492
3.25222898,0.86550492
3.25286898,0.86550492
3.25350898,0.86550492
3.25414898,0.86550492
3.25478898,0.86550492
3.25542898,0.86550492
3.25606898,0.86550492
3.25670898,0.86550492
3.25734898,0.86550492
3.25798898,0.86550492
3.25862898,0.86550492
3.25926898,1.04190195
3.25990898,0.86550492
3.26054898,0.86550492
3.26118898,1.04190195
3.26182898,0.86550492
3.26246898,1.04190195
3.26310898,1.04190195
3.26374898,1.04190195
3.26438898,0.86550492
3.26502898,0.86550492
3.26566898,1.04190195
3.26630898,1.04190195
3.26694898,0.86550492
3.26758898,1.04190195
3.26822898,1.04190195
3.26886898,0.86550492
3.26950898,1.04190195
3.27014898,0.86550492
3.27078898,0.86550492
3.27142898,0.86550492
3.27206898,0.86550492
3.27270898,0.86550492
3.27334898,0.86550492
3.27398898,0.86550492
3.27462898,0.86550492
3.27526898,0.86550492
3.27590898,0.86550492
3.27654898,0.86550492
3.27718898,0.86550492
3.27782898,0.86550492
3.27846898,0.86550492
3.27910898,0.86550492
3.27974898,0.68971831
3.28038898,0.68971831
3.28102898,0.68971831
3.28166898,0.68971831
3.28230898,0.68971831
3.28294898,0.68971831
3.28358898,0.68971831
3.28422898,0.51332134
3.28486898,0.51332134
3.28550898,0.51332134
3.28614898,0.51332134
3.28678898,0.51332134
3.28742898,0.51332134
3.28806898,0.51332134
3.28870898,0.51332134
3.28934898,0.33692434
3.28998898,0.33692434
3.29062898,0.33692434
3.29126898,0.33692434
3.29190898,0.33692434
3.29254898,0.33692434
3.29318898,0.33692434
3.29382898,0.16052736
3.29446898,0.16052736
3.29510898,0.16052736
3.29574898,0.16052736
3.29638898,-0.01525925
3.29702898,0.16052736
3.29766898,-0.01525925
3.29830898,-0.01525925
3.29894898,-0.01525925
3.29958898,-0.01525925
3.30022898,-0.19104587
3.30086898,-0.19104587
3.30150898,-0.19104587
3.30214898,-0.19104587
3.30278898,-0.19104587
3.30342898,-0.36744285
3.30406898,-0.36744285
3.30470898,-0.36744285
3.30534898,-0.36744285
3.30598898,-0.36744285
3.30662898,-0.36744285
3.30726898,-0.36744285
3.30790898,-0.36744285
3.30854898,-0.54383981
3.30918898,-0.54383981
3.30982898,-0.54383981
3.31046898,-0.54383981
3.31110898,-0.54383981
3.31174898,-0.54383981
3.31238898,-0.54383981
3.31302898,-0.54383981
3.31366898,-0.72023684
3.31430898,-0.72023684
3.31494898,-0.72023684
3.31558898,-0.72023684
3.31622898,-0.72023684
3.31686898,-0.72023684
3.31750898,-0.89602345
3.31814898,-0.89602345
3.31878898,-0.89602345
3.31942898,-0.89602345
3.32006898,-0.89602345
3.32070898,-0.89602345
3.32134898,-0.89602345
3.32198898,-0.89602345
3.32262898,-0.89602345
3.32326898,-0.89602345
3.32390898,-1.07242048
3.32454898,-0.89602345
3.32518898,-0.89602345
3.32582898,-1.07242048
3.32646898,-1.07242048
3.32710898,-1.07242048
3.32774898,-1.07242048
3.32838898,-1.07242048
3.32902898,-1.07242048
3.32966898,-1.07242048
3.33030898,-1.07242048
3.33094898,-1.07242048
3.33158898,-1.07242048
3.33222898,-1.07242048
3.33286898,-1.07242048
3.33350898,-1.07242048
3.33414898,-1.07242048
3.33478898,-1.07242048
3.33542898,-1.07242048
3.33606898,-1.07242048
3.33670898,-1.07242048
3.33734898,-1.07242048
3.33798898,-1.07242048
3.33862898,-1.07242048
3.33926898,-1.07242048
3.33990898,-1.07242048
3.34054898,-1.07242048
3.34118898,-1.07242048
3.34182898,-1.07242048
3.34246898,-1.07242048
3.34310898,-1.07242048
3.34374898,-1.07242048
3.34438898,-0.89602345
3.34502898,-0.89602345
3.34566898,-0.89602345
3.34630898,-0.89602345
3.34694898,-0.89602345
3.34758898,-0.89602345
3.34822898,-0.89602345
3.34886898,-0.89602345
3.34950898,-0.89602345
3.35014898,-0.72023684
3.35078898,-0.89602345
3.35142898,-0.72023684
3.35206898,-0.72023684
3.35270898,-0.72023684
3.35334898,-0.72023684
3.35398898,-0.54383981
3.35462898,-0.54383981
3.35526898,-0.54383981
3.35590898,-0.54383981
3.35654898,-0.54383981
3.35718898,-0.36744285
3.35782898,-0.36744285
3.35846898,-0.36744285
3.35910898,-0.36744285
3.35974898,-0.36744285
3.36038898,-0.36744285
3.36102898,-0.19104587
3.36166898,-0.19104587
3.36230898,-0.19104587
3.36294898,-0.19104587
3.36358898,-0.19104587
3.36422898,-0.19104587
3.36486898,-0.19104587
3.36550898,-0.01525925
3.36614898,-0.01525925
3.36678898,-0.01525925
3.36742898,0.16052736
3.36806898,-0.01525925
3.36870898,0.16052736
3.36934898,0.16052736
3.36998898,0.16052736
3.37062898,0.16052736
3.37126898,0.16052736
3.37190898,0.33692434
3.37254898,0.33692434
3.37318898,0.33692434
3.37382898,0.33692434
3.37446898,0.33692434
3.37510898,0.33692434
3.37574898,0.51332134
3.37638898,0.51332134
3.37702898,0.51332134
3.37766898,0.51332134
3.37830898,0.51332134
3.37894898,0.68971831
3.37958898,0.68971831
3.38022898,0.68971831
3.38086898,0.86550492
3.38150898,0.86550492
3.38214898,0.86550492
3.38278898,0.86550492
3.38342898,0.86550492
3.38406898,0.86550492
3.38470898,0.86550492
3.38534898,1.04190195
3.38598898,1.04190195
3.38662898,1.04190195
3.38726898,1.04190195
3.38790898,1.04190195
3.38854898,1.04190195
3.38918898,1.04190195
3.38982898,1.04190195
3.39046898,1.04190195
3.39110898,1.04190195
3.39174898,1.21829891
3.39238898,1.21829891
3.39302898,1.21829891
3.39366898,1.21829891
3.39430898,1.21829891
3.39494898,1.21829891
3.39558898,1.21829891
3.39622898,1.21829891
3.39686898,1.21829891
3.39750898,1.21829891
3.39814898,1.21829891
3.39878898,1.21829891
3.39942898,1.21829891
3.40006898,1.39469588
3.40070898,1.21829891
3.40134898,1.39469588
3.40198898,1.21829891
3.40262898,1.21829891
3.40326898,1.21829891
3.40390898,1.21829891
3.40454898,1.21829891
3.40518898,1.21829891
3.40582898,1.21829891
3.40646898,1.21829891
3.40710898,1.21829891
3.40774898,1.21829891
3.40838898,1.21829891
3.40902898,1.21829891
3.40966898,1.21829891
3.41030898,1.21829891
3.41094898,1.21829891
3.41158898,1.21829891
3.41222898,1.21829891
3.41286898,1.21829891
3.41350898,1.04190195
3.41414898,1.21829891
3.41478898,1.04190195
3.41542898,1.04190195
3.41606898,1.04190195
3.41670898,1.04190195
3.41734898,1.04190195
3.41798898,1.04190195
3.41862898,0.86550492
3.41926898,0.86550492
3.41990898,0.86550492
3.42054898,0.86550492
3.42118898,0.86550492
3.42182898,0.86550492
3.42246898,0.86550492
3.42310898,0.68971831
3.42374898,0.68971831
3.42438898,0.68971831
3.42502898,0.51332134
3.42566898,0.51332134
3.42630898,0.51332134
3.42694898,0.51332134
3.42758898,0.51332134
3.42822898,0.51332134
3.42886898,0.33692434
3.42950898,0.33692434
3.43014898,0.33692434
3.43078898,0.33692434
3.43142898,0.33692434
3.43206898,0.33692434
3.43270898,0.16052736
3.43334898,0.16052736
3.43398898,0.16052736
3.43462898,-0.01525925
3.43526898,0.16052736
3.43590898,-0.01525925
3.43654898,-0.01525925
3.43718898,-0.19104587
3.43782898,-0.19104587
3.43846898,-0.19104587
3.43910898,-0.19104587
3.43974898,-0.19104587
3.44038898,-0.19104587
3.44102898,-0.19104587
3.44166898,-0.36744285
3.44230898,-0.36744285
3.44294898,-0.36744285
3.44358898,-0.36744285
3.44422898,-0.54383981
3.44486898,-0.36744285
3.44550898,-0.54383981
3.44614898,-0.54383981
3.44678898,-0.72023684
3.44742898,-0.72023684
3.44806898,-0.72023684
3.44870898,-0.72023684
3.44934898,-0.89602345
3.44998898,-0.89602345
3.45062898,-0.89602345
3.45126898,-0.89602345
3.45190898,-0.89602345
3.45254898,-0.89602345
3.45318898,-0.89602345
3.45382898,-0.89602345
3.45446898,-1.07242048
3.45510898,-1.07242048
3.45574898,-1.07242048
3.45638898,-1.07242048
3.45702898,-1.07242048
3.45766898,-1.07242048
3.45830898,-1.24881744
3.45894898,-1.24881744
3.45958898,-1.07242048
3.46022898,-1.24881744
3.46086898,-1.24881744
3.46150898,-1.24881744
3.46214898,-1.24881744
3.46278898,-1.24881744
3.46342898,-1.24881744
3.46406898,-1.24881744
3.46470898,-1.24881744
3.46534898,-1.42521441
3.46598898,-1.24881744
3.46662898,-1.24881744
3.46726898,-1.42521441
3.46790898,-1.42521441
3.46854898,-1.42521441
3.46918898,-1.42521441
3.46982898,-1.42521441
3.47046898,-1.42521441
3.47110898,-1.24881744
3.47174898,-1.42521441
3.47238898,-1.24881744
3.47302898,-1.42521441
3.47366898,-1.24881744
3.47430898,-1.24881744
3.47494898,-1.24881744
3.47558898,-1.24881744
3.47622898,-1.24881744
3.47686898,-1.24881744
3.47750898,-1.24881744
3.47814898,-1.24881744
3.47878898,-1.24881744
3.47942898,-1.24881744
3.48006898,-1.24881744
3.48070898,-1.24881744
3.48134898,-1.24881744
3.48198898,-1.07242048
3.48262898,-1.24881744
3.48326898,-1.24881744
3.48390898,-1.07242048
3.48454898,-1.07242048
3.48518898,-1.07242048
3.48582898,-0.89602345
3.48646898,-0.89602345
3.48710898,-0.89602345
3.48774898,-0.89602345
3.48838898,-0.89602345
3.48902898,-0.89602345
3.48966898,-0.89602345
3.49030898,-0.89602345
3.49094898,-0.89602345
3.49158898,-0.72023684
3.49222898,-0.72023684
3.49286898,-0.72023684
3.49350898,-0.54383981
3.49414898,-0.54383981
3.49478898,-0.54383981
3.49542898,-0.36744285
3.49606898,-0.36744285
3.49670898,-0.36744285
3.49734898,-0.36744285
3.49798898,-0.36744285
3.49862898,-0.36744285
3.49926898,-0.36744285
3.49990898,-0.19104587
3.50054898,-0.19104587
3.50118898,-0.19104587
3.50182898,-0.19104587
3.50246898,-0.01525925
3.50310898,-0.01525925
3.50374898,-0.01525925
3.50438898,0.16052736
3.50502898,-0.01525925
3.50566898,0.16052736
3.50630898,0.16052736
3.50694898,0.33692434
3.50758898,0.33692434
3.50822898,0.33692434
3.50886898,0.33692434
3.50950898,0.33692434
3.51014898,0.33692434
3.51078898,0.33692434
3.51142898,0.51332134
3.51206898,0.51332134
3.51270898,0.51332134
3.51334898,0.51332134
3.51398898,0.51332134
3.51462898,0.68971831
3.51526898,0.68971831
3.51590898,0.68971831
3.51654898,0.86550492
3.51718898,0.86550492
3.51782898,0.86550492
3.51846898,0.86550492
3.51910898,0.86550492
3.51974898,1.04190195
3.52038898,1.04190195
3.52102898,1.04190195
3.52166898,1.04190195
3.52230898,1.04190195
3.52294898,1.21829891
3.52358898,1.21829891
3.52422898,1.21829891
3.52486898,1.21829891
3.52550898,1.21829891
3.52614898,1.21829891
3.52678898,1.21829891
3.52742898,1.21829891
3.52806898,1.21829891
3.52870898,1.39469588
3.52934898,1.39469588
3.52998898,1.39469588
3.53062898,1.39469588
3.53126898,1.39469588
3.53190898,1.39469588
3.53254898,1.39469588
3.53318898,1.39469588
3.53382898,1.39469588
3.53446898,1.39469588
3.53510898,1.39469588
3.53574898,1.57048249
3.53638898,1.57048249
3.53702898,1.39469588
3.53766898,1.57048249
3.53830898,1.39469588
3.53894898,1.39469588
3.53958898,1.57048249
3.54022898,1.39469588
3.54086898,1.57048249
3.54150898,1.57048249
3.54214898,1.39469588
3.54278898,1.39469588
3.54342898,1.39469588
3.54406898,1.39469588
3.54470898,1.39469588
3.54534898,1.39469588
3.54598898,1.39469588
3.54662898,1.39469588
3.54726898,1.39469588
3.54790898,1.21829891
3.54854898,1.39469588
3.54918898,1.21829891
3.54982898,1.21829891
3.55046898,1.21829891
3.55110898,1.21829891
3.55174898,1.21829891
3.55238898,1.21829891
3.55302898,1.21829891
3.55366898,1.21829891
3.55430898,1.21829891
3.55494898,1.04190195
3.55558898,1.04190195
3.55622898,1.04190195
3.55686898,1.04190195
3.55750898,0.86550492
3.55814898,0.86550492
3.55878898,0.86550492
3.55942898,0.86550492
3.56006898,0.86550492
3.56070898,0.86550492
3.56134898,0.68971831
3.56198898,0.68971831
3.56262898,0.51332134
3.56326898,0.68971831
3.56390898,0.51332134
3.56454898,0.51332134
3.56518898,0.33692434
3.56582898,0.51332134
3.56646898,0.33692434
3.56710898,0.33692434
3.56774898,0.33692434
3.56838898,0.33692434
3.56902898,0.33692434
3.56966898,0.16052736
3.57030898,0.16052736
3.57094898,0.16052736
3.57158898,0.16052736
3.57222898,0.16052736
3.57286898,-0.01525925
3.57350898,-0.01525925
3.57414898,-0.19104587
3.57478898,-0.19104587
3.57542898,-0.19104587
3.57606898,-0.19104587
3.57670898,-0.19104587
3.57734898,-0.36744285
3.57798898,-0.36744285
3.57862898,-0.36744285
3.57926898,-0.36744285
3.57990898,-0.36744285
3.58054898,-0.54383981
3.58118898,-0.54383981
3.58182898,-0.54383981
3.58246898,-0.54383981
3.58310898,-0.72023684
3.58374898,-0.72023684
3.58438898,-0.72023684
3.58502898,-0.72023684
3.58566898,-0.89602345
3.58630898,-0.89602345
3.58694898,-0.89602345
3.58758898,-0.89602345
3.58822898,-0.89602345
3.58886898,-0.89602345
3.58950898,-1.07242048
3.59014898,-1.07242048
3.59078898,-1.07242048
3.59142898,-1.07242048
3.59206898,-1.07242048
3.59270898,-1.24881744
3.59334898,-1.24881744
3.59398898,-1.24881744
3.59462898,-1.24881744
3.59526898,-1.24881744
3.59590898,-1.24881744
3.59654898,-1.24881744
3.59718898,-1.42521441
3.59782898,-1.42521441
3.59846898,-1.24881744
3.59910898,-1.42521441
3.59974898,-1.42521441
3.60038898,-1.42521441
3.60102898,-1.42521441
3.60166898,-1.42521441
3.60230898,-1.42521441
3.60294898,-1.42521441
3.60358898,-1.42521441
3.60422898,-1.42521441
3.60486898,-1.42521441
3.60550898,-1.42521441
3.60614898,-1.42521441
3.60678898,-1.42521441
3.60742898,-1.42521441
3.60806898,-1.42521441
3.60870898,-1.60100102
3.60934898,-1.42521441
3.60998898,-1.60100102
3.61062898,-1.42521441
3.61126898,-1.42521441
3.61190898,-1.42521441
3.61254898,-1.42521441
3.61318898,-1.42521441
3.61382898,-1.42521441
3.61446898,-1.24881744
3.61510898,-1.42521441
3.61574898,-1.24881744
3.61638898,-1.42521441
3.61702898,-1.24881744
3.61766898,-1.24881744
3.61830898,-1.24881744
3.61894898,-1.07242048
3.61958898,-1.24881744
3.62022898,-1.24881744
3.62086898,-1.07242048
3.62150898,-1.07242048
3.62214898,-1.07242048
3.62278898,-1.07242048
3.62342898,-1.07242048
3.62406898,-0.89602345
3.62470898,-0.89602345
3.62534898,-0.89602345
3.62598898,-0.89602345
3.62662898,-0.89602345
3.62726898,-0.89602345
3.62790898,-0.89602345
3.62854898,-0.72023684
3.62918898,-0.72023684
3.62982898,-0.72023684
3.63046898,-0.54383981
3.63110898,-0.72023684
3.63174898,-0.54383981
3.63238898,-0.54383981
3.63302898,-0.36744285
3.63366898,-0.36744285
3.63430898,-0.36744285
3.63494898,-0.36744285
3.63558898,-0.36744285
3.63622898,-0.19104587
3.63686898,-0.19104587
3.63750898,-0.19104587
3.63814898,-0.19104587
3.63878898,-0.19104587
3.63942898,-0.19104587
3.64006898,-0.01525925
3.64070898,-0.01525925
3.64134898,0.16052736
3.64198898,0.16052736
3.64262898,0.16052736
3.64326898,0.16052736
3.64390898,0.16052736
3.64454898,0.33692434
3.64518898,0.33692434
3.64582898,0.33692434
3.64646898,0.33692434
3.64710898,0.33692434
3.64774898,0.51332134
3.64838898,0.51332134
3.64902898,0.51332134
3.64966898,0.51332134
3.65030898,0.51332134
3.65094898,0.68971831
3.65158898,0.68971831
3.65222898,0.86550492
3.65286898,0.68971831
3.65350898,0.86550492
3.65414898,0.86550492
3.65478898,1.04190195
3.65542898,0.86550492
3.65606898,0.86550492
3.65670898,1.04190195
3.65734898,1.04190195
3.65798898,1.04190195
3.65862898,1.04190195
3.65926898,1.04190195
3.65990898,1.21829891
3.66054898,1.21829891
3.66118898,1.21829891
3.66182898,1.21829891
3.66246898,1.21829891
3.66310898,1.21829891
3.66374898,1.21829891
3.66438898,1.21829891
3.66502898,1.39469588
3.66566898,1.39469588
3.66630898,1.39469588
3.66694898,1.39469588
3.66758898,1.39469588
3.66822898,1.39469588
3.66886898,1.39469588
3.66950898,1.39469588
3.67014898,1.39469588
3.67078898,1.39469588
3.67142898,1.39469588
3.67206898,1.39469588
3.67270898,1.57048249
3.67334898,1.39469588
3.67398898,1.39469588
3.67462898,1.39469588
3.67526898,1.57048249
3.67590898,1.57048249
3.67654898,1.57048249
3.67718898,1.39469588
3.67782898,1.39469588
3.67846898,1.39469588
3.67910898,1.39469588
3.67974898,1.39469588
3.68038898,1.39469588
3.68102898,1.39469588
3.68166898,1.39469588
3.68230898,1.39469588
3.68294898,1.39469588
3.68358898,1.21829891
3.68422898,1.21829891
3.68486898,1.21829891
3.68550898,1.21829891
3.68614898,1.21829891
3.68678898,1.21829891
3.68742898,1.21829891
3.68806898,1.21829891
3.68870898,1.04190195
3.68934898,1.21829891
3.68998898,1.21829891
3.69062898,1.04190195
3.69126898,1.04190195
3.69190898,1.04190195
3.69254898,1.04190195
3.69318898,1.04190195
3.69382898,0.86550492
3.69446898,0.86550492
3.69510898,0.86550492
3.69574898,0.86550492
3.69638898,0.86550492
3.69702898,0.68971831
3.69766898,0.68971831
3.69830898,0.68971831
3.69894898,0.68971831
3.69958898,0.51332134
3.70022898,0.51332134
3.70086898,0.51332134
3.70150898,0.51332134
3.70214898,0.51332134
3.70278898,0.33692434
3.70342898,0.33692434
3.70406898,0.33692434
3.70470898,0.33692434
3.70534898,0.16052736
3.70598898,0.16052736
3.70662898,0.16052736
3.70726898,0.16052736
3.70790898,-0.01525925
3.70854898,0.16052736
3.70918898,-0.01525925
3.70982898,-0.01525925
3.71046898,-0.01525925
3.71110898,-0.19104587
3.71174898,-0.19104587
3.71238898,-0.19104587
3.71302898,-0.19104587
3.71366898,-0.36744285
3.71430898,-0.36744285
3.71494898,-0.36744285
3.71558898,-0.36744285
3.71622898,-0.36744285
3.71686898,-0.36744285
3.71750898,-0.36744285
3.71814898,-0.54383981
3.71878898,-0.54383981
3.71942898,-0.54383981
3.72006898,-0.72023684
3.72070898,-0.72023684
3.72134898,-0.72023684
3.72198898,-0.72023684
3.72262898,-0.89602345
3.72326898,-0.89602345
3.72390898,-0.89602345
3.72454898,-0.89602345
3.72518898,-0.89602345
3.72582898,-1.07242048
3.72646898,-0.89602345
3.72710898,-1.07242048
3.72774898,-0.89602345
3.72838898,-1.07242048
3.72902898,-1.07242048
3.72966898,-1.07242048
3.73030898,-1.07242048
3.73094898,-1.24881744
3.73158898,-1.24881744
3.73222898,-1.24881744
3.73286898,-1.24881744
3.73350898,-1.24881744
3.73414898,-1.24881744
3.73478898,-1.24881744
3.73542898,-1.24881744
3.73606898,-1.24881744
3.73670898,-1.24881744
3.73734898,-1.24881744
3.73798898,-1.42521441
3.73862898,-1.42521441
3.73926898,-1.24881744
3.73990898,-1.42521441
3.74054898,-1.24881744
3.74118898,-1.24881744
3.74182898,-1.42521441
3.74246898,-1.42521441
3.74310898,-1.42521441
3.74374898,-1.24881744
3.74438898,-1.42521441
3.74502898,-1.24881744
3.74566898,-1.42521441
3.74630898,-1.24881744
3.74694898,-1.24881744
3.74758898,-1.42521441
3.74822898,-1.24881744
3.74886898,-1.42521441
3.74950898,-1.24881744
3.75014898,-1.24881744
3.75078898,-1.24881744
3.75142898,-1.24881744
3.75206898,-1.24881744
3.75270898,-1.24881744
3.75334898,-1.24881744
3.75398898,-1.24881744
3.75462898,-1.07242048
3.75526898,-1.07242048
3.75590898,-1.07242048
3.75654898,-1.07242048
3.75718898,-1.07242048
3.75782898,-1.07242048
3.75846898,-0.89602345
3.75910898,-1.07242048
3.75974898,-0.89602345
3.76038898,-1.07242048
3.76102898,-0.89602345
3.76166898,-0.89602345
3.76230898,-0.72023684
3.76294898,-0.72023684
3.76358898,-0.72023684
3.76422898,-0.72023684
3.76486898,-0.72023684
3.76550898,-0.72023684
3.76614898,-0.72023684
3.76678898,-0.54383981
3.76742898,-0.54383981
3.76806898,-0.54383981
3.76870898,-0.36744285
3.76934898,-0.36744285
3.76998898,-0.36744285
3.77062898,-0.36744285
3.77126898,-0.36744285
3.77190898,-0.36744285
3.77254898,-0.19104587
3.77318898,-0.36744285
3.77382898,-0.19104587
3.77446898,-0.19104587
3.77510898,-0.19104587
3.77574898,-0.19104587
3.77638898,-0.01525925
3.77702898,-0.01525925
3.77766898,-0.01525925
3.77830898,-0.01525925
3.77894898,0.16052736
3.77958898,0.16052736
3.78022898,0.16052736
3.78086898,0.16052736
3.78150898,0.33692434
3.78214898,0.33692434
3.78278898,0.33692434
3.78342898,0.33692434
3.78406898,0.51332134
3.78470898,0.51332134
3.78534898,0.51332134
3.78598898,0.51332134
3.78662898,0.51332134
3.78726898,0.51332134
3.78790898,0.68971831
3.78854898,0.68971831
3.78918898,0.68971831
3.78982898,0.68971831
3.79046898,0.86550492
3.79110898,0.68971831
3.79174898,0.68971831
3.79238898,0.86550492
3.79302898,0.86550492
3.79366898,0.86550492
3.79430898,1.04190195
3.79494898,1.04190195
3.79558898,1.04190195
3.79622898,1.04190195
3.79686898,1.04190195
3.79750898,1.04190195
3.79814898,1.04190195
3.79878898,1.21829891
3.79942898,1.21829891
3.80006898,1.21829891
3.80070898,1.21829891
3.80134898,1.21829891
3.80198898,1.21829891
3.80262898,1.21829891
3.80326898,1.21829891
3.80390898,1.21829891
3.80454898,1.21829891
3.80518898,1.21829891
3.80582898,1.21829891
3.80646898,1.21829891
3.80710898,1.21829891
3.80774898,1.39469588
3.80838898,1.21829891
3.80902898,1.21829891
3.80966898,1.21829891
3.81030898,1.39469588
3.81094898,1.39469588
3.81158898,1.21829891
3.81222898,1.21829891
3.81286898,1.21829891
3.81350898,1.21829891
3.81414898,1.39469588
3.81478898,1.21829891
3.81542898,1.21829891
3.81606898,1.21829891
3.81670898,1.21829891
3.81734898,1.21829891
3.81798898,1.21829891
3.81862898,1.21829891
3.81926898,1.21829891
3.81990898,1.21829891
3.82054898,1.21829891
3.82118898,1.21829891
3.82182898,1.04190195
3.82246898,1.04190195
3.82310898,1.04190195
3.82374898,1.04190195
3.82438898,1.04190195
3.82502898,1.04190195
3.82566898,1.04190195
3.82630898,1.04190195
3.82694898,1.04190195
3.82758898,1.04190195
3.82822898,1.04190195
3.82886898,0.86550492
3.82950898,0.86550492
3.83014898,0.86550492
3.83078898,0.86550492
3.83142898,0.68971831
3.83206898,0.68971831
3.83270898,0.68971831
3.83334898,0.68971831
3.83398898,0.68971831
3.83462898,0.51332134
3.83526898,0.51332134
3.83590898,0.51332134
3.83654898,0.51332134
3.83718898,0.51332134
3.83782898,0.33692434
3.83846898,0.51332134
3.83910898,0.33692434
3.83974898,0.33692434
3.84038898,0.33692434
3.84102898,0.16052736
3.84166898,0.33692434
3.84230898,0.16052736
3.84294898,0.16052736
3.84358898,0.16052736
3.84422898,0.16052736
3.84486898,0.16052736
3.84550898,0.16052736
3.84614898,-0.01525925
3.84678898,-0.01525925
3.84742898,-0.01525925
3.84806898,-0.19104587
3.84870898,-0.19104587
3.84934898,-0.19104587
3.84998898,-0.19104587
3.85062898,-0.19104587
3.85126898,-0.19104587
3.85190898,-0.36744285
3.85254898,-0.36744285
3.85318898,-0.36744285
3.85382898,-0.36744285
3.85446898,-0.36744285
3.85510898,-0.54383981
3.85574898,-0.54383981
3.85638898,-0.54383981
3.85702898,-0.54383981
3.85766898,-0.54383981
3.85830898,-0.72023684
3.85894898,-0.72023684
3.85958898,-0.54383981
3.86022898,-0.72023684
3.86086898,-0.72023684
3.86150898,-0.89602345
3.86214898,-0.89602345
3.86278898,-0.89602345
3.86342898,-0.89602345
3.86406898,-0.89602345
3.86470898,-0.89602345
3.86534898,-0.89602345
3.86598898,-0.89602345
3.86662898,-0.89602345
3.86726898,-0.89602345
3.86790898,-1.07242048
3.86854898,-1.07242048
3.86918898,-1.07242048
3.86982898,-1.07242048
3.87046898,-0.89602345
3.87110898,-1.07242048
3.87174898,-1.07242048
3.87238898,-1.07242048
3.87302898,-1.07242048
3.87366898,-1.07242048
3.87430898,-1.07242048
3.87494898,-1.07242048
3.87558898,-1.07242048
3.87622898,-1.07242048
3.87686898,-1.07242048
3.87750898,-1.07242048
3.87814898,-1.07242048
3.87878898,-1.07242048
3.87942898,-1.07242048
3.88006898,-1.07242048
3.88070898,-1.07242048
3.88134898,-1.07242048
3.88198898,-1.07242048
3.88262898,-1.07242048
3.88326898,-1.07242048
3.88390898,-1.07242048
3.88454898,-1.07242048
3.88518898,-1.07242048
3.88582898,-1.07242048
3.88646898,-1.07242048
3.88710898,-1.07242048
3.88774898,-1.07242048
3.88838898,-1.07242048
3.88902898,-1.07242048
3.88966898,-1.07242048
3.89030898,-1.07242048
3.89094898,-0.89602345
3.89158898,-0.89602345
3.89222898,-0.89602345
3.89286898,-0.89602345
3.89350898,-0.89602345
3.89414898,-0.89602345
3.89478898,-0.89602345
3.89542898,-0.89602345
3.89606898,-0.89602345
3.89670898,-0.89602345
3.89734898,-0.72023684
3.89798898,-0.72023684
3.89862898,-0.72023684
3.89926898,-0.72023684
3.89990898,-0.54383981
3.90054898,-0.72023684
3.90118898,-0.54383981
3.90182898,-0.54383981
3.90246898,-0.36744285
3.90310898,-0.54383981
3.90374898,-0.36744285
3.90438898,-0.36744285
3.90502898,-0.36744285
3.90566898,-0.36744285
3.90630898,-0.36744285
3.90694898,-0.36744285
3.90758898,-0.19104587
3.90822898,-0.36744285
3.90886898,-0.19104587
3.90950898,-0.19104587
3.91014898,-0.19104587
3.91078898,-0.19104587
3.91142898,-0.19104587
3.91206898,-0.01525925
3.91270898,-0.01525925
3.91334898,-0.01525925
3.91398898,-0.01525925
3.91462898,-0.01525925
3.91526898,0.16052736
3.91590898,0.16052736
3.91654898,0.16052736
3.91718898,0.16052736
3.91782898,0.16052736
3.91846898,0.16052736
3.91910898,0.33692434
3.91974898,0.33692434
3.92038898,0.33692434
3.92102898,0.33692434
3.92166898,0.33692434
3.92230898,0.33692434
3.92294898,0.51332134
3.92358898,0.33692434
3.92422898,0.51332134
3.92486898,0.51332134
3.92550898,0.51332134
3.92614898,0.51332134
3.92678898,0.51332134
3.92742898,0.51332134
3.92806898,0.51332134
3.92870898,0.68971831
3.92934898,0.68971831
3.92998898,0.68971831
3.93062898,0.68971831
3.93126898,0.86550492
3.93190898,0.68971831
3.93254898,0.86550492
3.93318898,0.86550492
3.93382898,0.86550492
3.93446898,0.86550492
3.93510898,0.86550492
3.93574898,0.86550492
3.93638898,0.86550492
3.93702898,0.86550492
3.93766898,0.86550492
3.93830898,0.86550492
3.93894898,1.04190195
3.93958898,0.86550492
3.94022898,1.04190195
3.94086898,1.04190195
3.94150898,1.04190195
3.94214898,1.04190195
3.94278898,1.04190195
3.94342898,1.04190195
3.94406898,1.04190195
3.94470898,1.04190195
3.94534898,1.04190195
3.94598898,1.04190195
3.94662898,1.04190195
3.94726898,1.04190195
3.94790898,1.04190195
3.94854898,1.04190195
3.94918898,1.04190195
3.94982898,1.04190195
3.95046898,1.04190195
3.95110898,1.04190195
3.95174898,1.04190195
3.95238898,1.04190195
3.95302898,1.04190195
3.95366898,1.04190195
3.95430898,1.04190195
3.95494898,1.04190195
3.95558898,1.04190195
3.95622898,1.04190195
3.95686898,0.86550492
3.95750898,1.04190195
3.95814898,0.86550492
3.95878898,0.86550492
3.95942898,0.86550492
3.96006898,0.86550492
3.96070898,0.86550492
3.96134898,0.86550492
3.96198898,0.86550492
3.96262898,0.68971831
3.96326898,0.68971831
3.96390898,0.68971831
3.96454898,0.68971831
3.96518898,0.68971831
3.96582898,0.68971831
3.96646898,0.68971831
3.96710898,0.68971831
3.96774898,0.68971831
3.96838898,0.51332134
3.96902898,0.51332134
3.96966898,0.51332134
3.97030898,0.51332134
3.97094898,0.51332134
3.97158898,0.51332134
3.97222898,0.51332134
3.97286898,0.33692434
3.97350898,0.33692434
3.97414898,0.33692434
3.97478898,0.33692434
3.97542898,0.33692434
3.97606898,0.33692434
3.97670898,0.33692434
3.97734898,0.33692434
3.97798898,0.33692434
3.97862898,0.16052736
3.97926898,0.16052736
3.97990898,0.16052736
3.98054898,0.16052736
3.98118898,0.16052736
3.98182898,0.16052736
3.98246898,0.16052736
3.98310898,-0.01525925
3.98374898,-0.01525925
3.98438898,-0.01525925
3.98502898,-0.01525925
3.98566898,-0.01525925
3.98630898,-0.19104587
3.98694898,-0.19104587
3.98758898,-0.19104587
3.98822898,-0.19104587
3.98886898,-0.19104587
3.98950898,-0.19104587
3.99014898,-0.36744285
3.99078898,-0.19104587
3.99142898,-0.36744285
3.99206898,-0.36744285
3.99270898,-0.36744285
3.99334898,-0.36744285
3.99398898,-0.36744285
3.99462898,-0.36744285
3.99526898,-0.36744285
3.99590898,-0.36744285
3.99654898,-0.36744285
3.99718898,-0.54383981
3.99782898,-0.36744285
3.99846898,-0.54383981
3.99910898,-0.54383981
3.99974898,-0.72023684
4.00038898,-0.54383981
4.00102898,-0.72023684
4.00166898,-0.72023684
4.00230898,-0.72023684
4.00294898,-0.72023684
4.00358898,-0.72023684
4.00422898,-0.72023684
4.00486898,-0.72023684
4.00550898,-0.72023684
4.00614898,-0.72023684
4.00678898,-0.72023684
4.00742898,-0.72023684
4.00806898,-0.89602345
4.00870898,-0.72023684
4.00934898,-0.89602345
4.00998898,-0.72023684
4.01062898,-0.89602345
4.01126898,-0.89602345
4.01190898,-0.72023684
4.01254898,-0.89602345
4.01318898,-0.89602345
4.01382898,-0.89602345
4.01446898,-0.72023684
4.01510898,-0.89602345
4.01574898,-0.89602345
4.01638898,-0.89602345
4.01702898,-0.89602345
4.01766898,-0.89602345
4.01830898,-0.89602345
4.01894898,-0.89602345
4.01958898,-0.89602345
4.02022898,-0.89602345
4.02086898,-0.72023684
4.02150898,-0.72023684
4.02214898,-0.72023684
4.02278898,-0.72023684
4.02342898,-0.72023684
4.02406898,-0.72023684
4.02470898,-0.72023684
4.02534898,-0.72023684
4.02598898,-0.72023684
4.02662898,-0.72023684
4.02726898,-0.72023684
4.02790898,-0.72023684
4.02854898,-0.72023684
4.02918898,-0.72023684
4.02982898,-0.72023684
4.03046898,-0.72023684
4.03110898,-0.54383981
4.03174898,-0.54383981
4.03238898,-0.54383981
4.03302898,-0.54383981
4.03366898,-0.54383981
4.03430898,-0.54383981
4.03494898,-0.54383981
4.03558898,-0.54383981
4.03622898,-0.54383981
4.03686898,-0.36744285
4.03750898,-0.36744285
4.03814898,-0.36744285
4.03878898,-0.36744285
4.03942898,-0.36744285
4.04006898,-0.36744285
4.04070898,-0.36744285
4.04134898,-0.36744285
4.04198898,-0.36744285
4.04262898,-0.19104587
4.04326898,-0.19104587
4.04390898,-0.36744285
4.04454898,-0.19104587
4.04518898,-0.19104587
4.04582898,-0.19104587
4.04646898,-0.19104587
4.04710898,-0.19104587
4.04774898,-0.19104587
4.04838898,-0.19104587
4.04902898,-0.01525925
4.04966898,-0.19104587
4.05030898,-0.01525925
4.05094898,-0.01525925
4.05158898,-0.01525925
4.05222898,-0.01525925
4.05286898,0.16052736
4.05350898,0.16052736
4.05414898,0.16052736
4.05478898,0.16052736
4.05542898,0.16052736
4.05606898,0.16052736
4.05670898,0.16052736
4.05734898,0.33692434
4.05798898,0.16052736
4.05862898,0.33692434
4.05926898,0.33692434
4.05990898,0.33692434
4.06054898,0.33692434
4.06118898,0.33692434
4.06182898,0.33692434
4.06246898,0.33692434
4.06310898,0.33692434
4.06374898,0.33692434
4.06438898,0.33692434
4.06502898,0.33692434
4.06566898,0.51332134
4.06630898,0.33692434
4.06694898,0.51332134
4.06758898,0.51332134
4.06822898,0.51332134
4.06886898,0.51332134
4.06950898,0.51332134
4.07014898,0.51332134
4.07078898,0.51332134
4.07142898,0.51332134
4.07206898,0.51332134
4.07270898,0.51332134
4.07334898,0.51332134
4.07398898,0.51332134
4.07462898,0.51332134
4.07526898,0.68971831
4.07590898,0.68971831
4.07654898,0.51332134
4.07718898,0.51332134
4.07782898,0.68971831
4.07846898,0.68971831
4.07910898,0.68971831
4.07974898,0.68971831
4.08038898,0.68971831
4.08102898,0.86550492
4.08166898,0.68971831
4.08230898,0.68971831
4.08294898,0.68971831
4.08358898,0.68971831
4.08422898,0.68971831
4.08486898,0.68971831
4.08550898,0.68971831
4.08614898,0.68971831
4.08678898,0.68971831
4.08742898,0.68971831
4.08806898,0.68971831
4.08870898,0.68971831
4.08934898,0.68971831
4.08998898,0.68971831
4.09062898,0.68971831
4.09126898,0.68971831
4.09190898,0.68971831
4.09254898,0.68971831
4.09318898,0.68971831
4.09382898,0.68971831
4.09446898,0.68971831
4.09510898,0.68971831
4.09574898,0.68971831
4.09638898,0.68971831
4.09702898,0.51332134
4.09766898,0.51332134
4.09830898,0.51332134
4.09894898,0.51332134
4.09958898,0.51332134
4.10022898,0.51332134
4.10086898,0.51332134
4.10150898,0.51332134
4.10214898,0.51332134
4.10278898,0.51332134
4.10342898,0.51332134
4.10406898,0.51332134
4.10470898,0.51332134
4.10534898,0.51332134
4.10598898,0.33692434
4.10662898,0.51332134
4.10726898,0.33692434
4.10790898,0.33692434
4.10854898,0.33692434
4.10918898,0.33692434
4.10982898,0.33692434
4.11046898,0.33692434
4.11110898,0.33692434
4.11174898,0.33692434
4.11238898,0.33692434
4.11302898,0.16052736
4.11366898,0.16052736
4.11430898,0.33692434
4.11494898,0.33692434
4.11558898,0.33692434
4.11622898,0.16052736
4.11686898,0.16052736
4.11750898,0.16052736
4.11814898,0.16052736
4.11878898,0.16052736
4.11942898,0.16052736
4.12006897,0.16052736
4.12070897,-0.01525925
4.12134897,-0.01525925
4.12198897,-0.01525925
4.12262897,-0.01525925
4.12326897,-0.01525925
4.12390897,-0.01525925
4.12454897,-0.01525925
4.12518897,-0.01525925
4.12582897,-0.01525925
4.12646897,-0.01525925
4.12710897,-0.19104587
4.12774897,-0.19104587
4.12838897,-0.19104587
4.12902897,-0.19104587
4.12966897,-0.19104587
4.13030897,-0.19104587
4.13094897,-0.19104587
4.13158897,-0.19104587
4.13222897,-0.19104587
4.13286897,-0.19104587
4.13350897,-0.19104587
4.13414897,-0.19104587
4.13478897,-0.19104587
4.13542897,-0.19104587
4.13606897,-0.19104587
4.13670897,-0.36744285
4.13734897,-0.19104587
4.13798897,-0.36744285
4.13862897,-0.36744285
4.13926897,-0.36744285
4.13990897,-0.36744285
4.14054897,-0.36744285
4.14118897,-0.36744285
4.14182897,-0.36744285
4.14246897,-0.36744285
4.14310897,-0.36744285
4.14374897,-0.36744285
4.14438897,-0.36744285
4.14502897,-0.36744285
4.14566897,-0.36744285
4.14630897,-0.36744285
4.14694897,-0.36744285
4.14758897,-0.36744285
4.14822897,-0.36744285
4.14886897,-0.36744285
4.14950897,-0.36744285
4.15014897,-0.54383981
4.15078897,-0.36744285
4.15142897,-0.36744285
4.15206897,-0.36744285
4.15270897,-0.54383981
4.15334897,-0.54383981
4.15398897,-0.54383981
4.15462897,-0.36744285
4.15526897,-0.54383981
4.15590897,-0.54383981
4.15654897,-0.36744285
4.15718897,-0.54383981
4.15782897,-0.36744285
4.15846897,-0.54383981
4.15910897,-0.36744285
4.15974897,-0.36744285
4.16038897,-0.54383981
4.16102897,-0.36744285
4.16166897,-0.36744285
4.16230897,-0.54383981
4.16294897,-0.36744285
4.16358897,-0.36744285
4.16422897,-0.36744285
4.16486897,-0.54383981
4.16550897,-0.36744285
4.16614897,-0.36744285
4.16678897,-0.36744285
4.16742897,-0.36744285
4.16806897,-0.36744285
4.16870897,-0.36744285
4.16934897,-0.36744285
4.16998897,-0.36744285
4.17062897,-0.36744285
4.17126897,-0.36744285
4.17190897,-0.36744285
4.17254897,-0.36744285
4.17318897,-0.36744285
4.17382897,-0.36744285
4.17446897,-0.36744285
4.17510897,-0.36744285
4.17574897,-0.36744285
4.17638897,-0.36744285
4.17702897,-0.36744285
4.17766897,-0.19104587
4.17830897,-0.19104587
4.17894897,-0.19104587
4.17958897,-0.36744285
4.18022897,-0.36744285
4.18086897,-0.36744285
4.18150897,-0.19104587
4.18214897,-0.19104587
4.18278897,-0.19104587
4.18342897,-0.19104587
4.18406897,-0.19104587
4.18470897,-0.19104587
4.18534897,-0.19104587
4.18598897,-0.19104587
4.18662897,-0.19104587
4.18726897,-0.19104587
4.18790897,-0.01525925
4.18854897,-0.01525925
4.18918897,-0.19104587
4.18982897,-0.19104587
4.19046897,-0.01525925
4.19110897,-0.01525925
4.19174897,-0.01525925
4.19238897,-0.01525925
4.19302897,-0.19104587
4.19366897,-0.01525925
4.19430897,-0.01525925
4.19494897,-0.01525925
4.19558897,-0.01525925
4.19622897,-0.01525925
4.19686897,0.16052736
4.19750897,-0.01525925
4.19814897,-0.01525925
4.19878897,-0.01525925
4.19942897,0.16052736
4.20006897,0.16052736
4.20070897,0.16052736
4.20134897,0.16052736
4.20198897,0.16052736
4.20262897,0.16052736
4.20326897,0.16052736
4.20390897,0.16052736
4.20454897,0.16052736
4.20518897,0.16052736
4.20582897,0.16052736
4.20646897,0.16052736
4.20710897,0.16052736
4.20774897,0.33692434
4.20838897,0.16052736
4.20902897,0.16052736
4.20966897,0.16052736
4.21030897,0.33692434
4.21094897,0.33692434
4.21158897,0.33692434
4.21222897,0.33692434
4.21286897,0.33692434
4.21350897,0.33692434
4.21414897,0.33692434
4.21478897,0.33692434
4.21542897,0.33692434
4.21606897,0.33692434
4.21670897,0.33692434
4.21734897,0.33692434
4.21798897,0.33692434
4.21862897,0.33692434
4.21926897,0.33692434
4.21990897,0.33692434
4.22054897,0.33692434
4.22118897,0.33692434
4.22182897,0.33692434
4.22246897,0.33692434
4.22310897,0.33692434
4.22374897,0.33692434
4.22438897,0.33692434
4.22502897,0.33692434
4.22566897,0.33692434
4.22630897,0.33692434
4.22694897,0.33692434
4.22758897,0.33692434
4.22822897,0.51332134
4.22886897,0.33692434
4.22950897,0.33692434
4.23014897,0.33692434
4.23078897,0.33692434
4.23142897,0.33692434
4.23206897,0.33692434
4.23270897,0.33692434
4.23334897,0.33692434
4.23398897,0.33692434
4.23462897,0.33692434
4.23526897,0.33692434
4.23590897,0.33692434
4.23654897,0.33692434
4.23718897,0.33692434
4.23782897,0.33692434
4.23846897,0.33692434
4.23910897,0.33692434
4.23974897,0.33692434
4.24038897,0.33692434
4.24102897,0.33692434
4.24166897,0.33692434
4.24230897,0.33692434
4.24294897,0.33692434
4.24358897,0.33692434
4.24422897,0.33692434
4.24486897,0.33692434
4.24550897,0.33692434
4.24614897,0.33692434
4.24678897,0.33692434
4.24742897,0.33692434
4.24806897,0.33692434
4.24870897,0.33692434
4.24934897,0.16052736
4.24998897,0.16052736
4.25062897,0.33692434
4.25126897,0.33692434
4.25190897,0.33692434
4.25254897,0.33692434
4.25318897,0.33692434
4.25382897,0.16052736
4.25446897,0.33692434
4.25510897,0.16052736
4.25574897,0.16052736
4.25638897,0.16052736
4.25702897,0.16052736
4.25766897,0.16052736
4.25830897,0.16052736
4.25894897,0.16052736
4.25958897,0.16052736
4.26022897,0.16052736
4.26086897,0.16052736
4.26150897,0.16052736
4.26214897,0.16052736
4.26278897,0.16052736
4.26342897,0.16052736
4.26406897,0.16052736
4.26470897,0.16052736
4.26534897,0.16052736
4.26598897,-0.01525925
4.26662897,0.16052736
4.26726897,0.16052736
4.26790897,-0.01525925
4.26854897,0.16052736
4.26918897,0.16052736
4.26982897,0.16052736
4.27046897,-0.01525925
4.27110897,-0.01525925
4.27174897,-0.01525925
4.27238897,-0.01525925
4.27302897,-0.01525925
4.27366897,-0.01525925
4.27430897,-0.01525925
4.27494897,-0.01525925
4.27558897,-0.01525925
4.27622897,-0.19104587
4.27686897,-0.01525925
4.27750897,-0.01525925
4.27814897,-0.01525925
4.27878897,-0.01525925
4.27942897,-0.01525925
4.28006897,-0.01525925
4.28070897,-0.01525925
4.28134897,-0.19104587
4.28198897,-0.19104587
4.28262897,-0.01525925
4.28326897,-0.01525925
4.28390897,-0.19104587
4.28454897,-0.19104587
4.28518897,-0.19104587
4.28582897,-0.19104587
4.28646897,-0.19104587
4.28710897,-0.19104587
4.28774897,-0.19104587
4.28838897,-0.19104587
4.28902897,-0.19104587
4.28966897,-0.19104587
4.29030897,-0.19104587
4.29094897,-0.19104587
4.29158897,-0.19104587
4.29222897,-0.19104587
4.29286897,-0.19104587
4.29350897,-0.19104587
4.29414897,-0.19104587
4.29478897,-0.19104587
4.29542897,-0.19104587
4.29606897,-0.19104587
4.29670897,-0.19104587
4.29734897,-0.19104587
4.29798897,-0.19104587
4.29862897,-0.19104587
4.29926897,-0.19104587
4.29990897,-0.19104587
4.30054897,-0.19104587
4.30118897,-0.19104587
4.30182897,-0.36744285
4.30246897,-0.19104587
4.30310897,-0.36744285
4.30374897,-0.19104587
4.30438897,-0.19104587
4.30502897,-0.36744285
4.30566897,-0.19104587
4.30630897,-0.36744285
4.30694897,-0.19104587
4.30758897,-0.36744285
4.30822897,-0.19104587
4.30886897,-0.19104587
4.30950897,-0.36744285
4.31014897,-0.19104587
4.31078897,-0.36744285
4.31142897,-0.19104587
4.31206897,-0.19104587
4.31270897,-0.19104587
4.31334897,-0.19104587
4.31398897,-0.36744285
4.31462897,-0.36744285
4.31526897,-0.36744285
4.31590897,-0.36744285
4.31654897,-0.19104587
4.31718897,-0.19104587
4.31782897,-0.36744285
4.31846897,-0.36744285
4.31910897,-0.36744285
4.31974897,-0.36744285
4.32038897,-0.36744285
4.32102897,-0.19104587
4.32166897,-0.36744285
4.32230897,-0.19104587
4.32294897,-0.36744285
4.32358897,-0.19104587
4.32422897,-0.19104587
4.32486897,-0.19104587
4.32550897,-0.19104587
4.32614897,-0.19104587
4.32678897,-0.19104587
4.32742897,-0.19104587
4.32806897,-0.19104587
4.32870897,-0.19104587
4.32934897,-0.19104587
4.32998897,-0.19104587
4.33062897,-0.19104587
4.33126897,-0.19104587
4.33190897,-0.19104587
4.33254897,-0.19104587
4.33318897,-0.19104587
4.33382897,-0.19104587
4.33446897,-0.19104587
4.33510897,-0.19104587
4.33574897,-0.19104587
4.33638897,-0.19104587
4.33702897,-0.19104587
4.33766897,-0.19104587
4.33830897,-0.19104587
4.33894897,-0.19104587
4.33958897,-0.19104587
4.34022897,-0.19104587
4.34086897,-0.19104587
4.34150897,-0.19104587
4.34214897,-0.19104587
4.34278897,-0.19104587
4.34342897,-0.19104587
4.34406897,-0.01525925
4.34470897,-0.01525925
4.34534897,-0.01525925
4.34598897,-0.01525925
4.34662897,-0.19104587
4.34726897,-0.01525925
4.34790897,-0.01525925
4.34854897,-0.19104587
4.34918897,-0.01525925
4.34982897,-0.01525925
4.35046897,-0.01525925
4.35110897,-0.01525925
4.35174897,-0.01525925
4.35238897,-0.01525925
4.35302897,-0.01525925
4.35366897,0.16052736
4.35430897,-0.01525925
4.35494897,-0.01525925
4.35558897,-0.01525925
4.35622897,-0.01525925
4.35686897,-0.01525925
4.35750897,-0.01525925
4.35814897,0.16052736
4.35878897,0.16052736
4.35942897,0.16052736
4.36006897,0.16052736
4.36070897,0.16052736
4.36134897,0.16052736
4.36198897,0.16052736
4.36262897,0.16052736
4.36326897,-0.01525925
4.36390897,0.16052736
4.36454897,0.16052736
4.36518897,0.16052736
4.36582897,0.16052736
4.36646897,0.16052736
4.36710897,0.16052736
4.36774897,0.16052736
4.36838897,0.16052736
4.36902897,0.16052736
4.36966897,0.16052736
4.37030897,0.16052736
4.37094897,0.16052736
4.37158897,0.16052736
4.37222897,0.16052736
4.37286897,0.16052736
4.37350897,0.33692434
4.37414897,0.16052736
4.37478897,0.33692434
4.37542897,0.16052736
4.37606897,0.33692434
4.37670897,0.33692434
4.37734897,0.33692434
4.37798897,0.16052736
4.37862897,0.33692434
4.37926897,0.33692434
4.37990897,0.16052736
4.38054897,0.33692434
4.38118897,0.33692434
4.38182897,0.33692434
4.38246897,0.33692434
4.38310897,0.33692434
4.38374897,0.33692434
4.38438897,0.33692434
4.38502897,0.33692434
4.38566897,0.33692434
4.38630897,0.33692434
4.38694897,0.33692434
4.38758897,0.33692434
4.38822897,0.33692434
4.38886897,0.33692434
4.38950897,0.33692434
4.39014897,0.33692434
4.39078897,0.33692434
4.39142897,0.33692434
4.39206897,0.33692434
4.39270897,0.33692434
4.39334897,0.33692434
4.39398897,0.33692434
4.39462897,0.33692434
4.39526897,0.33692434
4.39590897,0.33692434
4.39654897,0.33692434
4.39718897,0.33692434
4.39782897,0.33692434
4.39846897,0.33692434
4.39910897,0.33692434
4.39974897,0.33692434
4.40038897,0.33692434
4.40102897,0.33692434
4.40166897,0.33692434
4.40230897,0.33692434
4.40294897,0.33692434
4.40358897,0.33692434
4.40422897,0.33692434
4.40486897,0.33692434
4.40550897,0.33692434
4.40614897,0.33692434
4.40678897,0.33692434
4.40742897,0.33692434
4.40806897,0.33692434
4.40870897,0.33692434
4.40934897,0.33692434
4.40998897,0.33692434
4.41062897,0.33692434
4.41126897,0.33692434
4.41190897,0.33692434
4.41254897,0.33692434
4.41318897,0.33692434
4.41382897,0.33692434
4.41446897,0.33692434
4.41510897,0.33692434
4.41574897,0.33692434
4.41638897,0.33692434
4.41702897,0.33692434
4.41766897,0.33692434
4.41830897,0.16052736
4.41894897,0.16052736
4.41958897,0.16052736
4.42022897,0.33692434
4.42086897,0.16052736
4.42150897,0.16052736
4.42214897,0.16052736
4.42278897,0.16052736
4.42342897,0.16052736
4.42406897,0.16052736
4.42470897,0.16052736
4.42534897,0.16052736
4.42598897,0.16052736
4.42662897,0.16052736
4.42726897,0.16052736
4.42790897,0.16052736
4.42854897,0.16052736
4.42918897,0.16052736
4.42982897,0.16052736
4.43046897,0.16052736
4.43110897,0.16052736
4.43174897,-0.01525925
4.43238897,-0.01525925
4.43302897,-0.01525925
4.43366897,0.16052736
4.43430897,-0.01525925
4.43494897,-0.01525925
4.43558897,-0.01525925
4.43622897,-0.01525925
4.43686897,-0.01525925
4.43750897,-0.01525925
4.43814897,-0.01525925
4.43878897,-0.01525925
4.43942897,-0.01525925
4.44006897,-0.19104587
4.44070897,-0.19104587
4.44134897,-0.19104587
4.44198897,-0.19104587
4.44262897,-0.01525925
4.44326897,-0.19104587
4.44390897,-0.19104587
4.44454897,-0.19104587
4.44518897,-0.19104587
4.44582897,-0.19104587
4.44646897,-0.19104587
4.44710897,-0.19104587
4.44774897,-0.19104587
4.44838897,-0.19104587
4.44902897,-0.19104587
4.44966897,-0.19104587
4.45030897,-0.36744285
4.45094897,-0.19104587
4.45158897,-0.19104587
4.45222897,-0.19104587
4.45286897,-0.36744285
4.45350897,-0.36744285
4.45414897,-0.36744285
4.45478897,-0.36744285
4.45542897,-0.19104587
4.45606897,-0.19104587
4.45670897,-0.36744285
4.45734897,-0.36744285
4.45798897,-0.36744285
4.45862897,-0.36744285
4.45926897,-0.36744285
4.45990897,-0.36744285
4.46054897,-0.36744285
4.46118897,-0.36744285
4.46182897,-0.36744285
4.46246897,-0.36744285
4.46310897,-0.36744285
4.46374897,-0.36744285
4.46438897,-0.36744285
4.46502897,-0.36744285
4.46566897,-0.36744285
4.46630897,-0.36744285
4.46694897,-0.36744285
4.46758897,-0.36744285
4.46822897,-0.36744285
4.46886897,-0.36744285
4.46950897,-0.36744285
4.47014897,-0.36744285
4.47078897,-0.36744285
4.47142897,-0.36744285
4.47206897,-0.36744285
4.47270897,-0.36744285
4.47334897,-0.36744285
4.47398897,-0.36744285
4.47462897,-0.36744285
4.47526897,-0.36744285
4.47590897,-0.36744285
4.47654897,-0.36744285
4.47718897,-0.36744285
4.47782897,-0.36744285
4.47846897,-0.36744285
4.47910897,-0.36744285
4.47974897,-0.36744285
4.48038897,-0.36744285
4.48102897,-0.36744285
4.48166897,-0.36744285
4.48230897,-0.36744285
4.48294897,-0.36744285
4.48358897,-0.36744285
4.48422897,-0.36744285
4.48486897,-0.36744285
4.48550897,-0.36744285
4.48614897,-0.36744285
4.48678897,-0.36744285
4.48742897,-0.36744285
4.48806897,-0.36744285
4.48870897,-0.19104587
4.48934897,-0.36744285
4.48998897,-0.36744285
4.49062897,-0.19104587
4.49126897,-0.19104587
4.49190897,-0.19104587
4.49254897,-0.19104587
4.49318897,-0.19104587
4.49382897,-0.19104587
4.49446897,-0.19104587
4.49510897,-0.19104587
4.49574897,-0.19104587
4.49638897,-0.19104587
4.49702897,-0.19104587
4.49766897,-0.19104587
4.49830897,-0.19104587
4.49894897,-0.19104587
4.49958897,-0.19104587
4.50022897,-0.19104587
4.50086897,-0.19104587
4.50150897,-0.19104587
4.50214897,-0.19104587
4.50278897,-0.01525925
4.50342897,-0.01525925
4.50406897,-0.01525925
4.50470897,-0.01525925
4.50534897,-0.01525925
4.50598897,-0.01525925
4.50662897,-0.01525925
4.50726897,-0.01525925
4.50790897,-0.01525925
4.50854897,0.16052736
4.50918897,0.16052736
4.50982897,0.16052736
4.51046897,0.16052736
4.51110897,0.16052736
4.51174897,0.16052736
4.51238897,0.16052736
4.51302897,0.16052736
4.51366897,0.16052736
4.51430897,0.33692434
4.51494897,0.16052736
4.51558897,0.16052736
4.51622897,0.33692434
4.51686897,0.33692434
4.51750897,0.33692434
4.51814897,0.33692434
4.51878897,0.33692434
4.51942897,0.33692434
4.52006897,0.33692434
4.52070897,0.33692434
4.52134897,0.33692434
4.52198897,0.33692434
4.52262897,0.33692434
4.52326897,0.33692434
4.52390897,0.33692434
4.52454897,0.33692434
4.52518897,0.33692434
4.52582897,0.33692434
4.52646897,0.33692434
4.52710897,0.51332134
4.52774897,0.51332134
4.52838897,0.51332134
4.52902897,0.33692434
4.52966897,0.51332134
4.53030897,0.51332134
4.53094897,0.33692434
4.53158897,0.33692434
4.53222897,0.51332134
4.53286897,0.51332134
4.53350897,0.51332134
4.53414897,0.51332134
4.53478897,0.51332134
4.53542897,0.51332134
4.53606897,0.51332134
4.53670897,0.51332134
4.53734897,0.51332134
4.53798897,0.51332134
4.53862897,0.51332134
4.53926897,0.51332134
4.53990897,0.51332134
4.54054897,0.51332134
4.54118897,0.51332134
4.54182897,0.51332134
4.54246897,0.51332134
4.54310897,0.51332134
4.54374897,0.51332134
4.54438897,0.51332134
4.54502897,0.51332134
4.54566897,0.51332134
4.54630897,0.51332134
4.54694897,0.51332134
4.54758897,0.51332134
4.54822897,0.51332134
4.54886897,0.51332134
4.54950897,0.51332134
4.55014897,0.51332134
4.55078897,0.51332134
4.55142897,0.51332134
4.55206897,0.51332134
4.55270897,0.51332134
4.55334897,0.51332134
4.55398897,0.51332134
4.55462897,0.51332134
4.55526897,0.51332134
4.55590897,0.51332134
4.55654897,0.33692434
4.55718897,0.51332134
4.55782897,0.51332134
4.55846897,0.33692434
4.55910897,0.33692434
4.55974897,0.33692434
4.56038897,0.51332134
4.56102897,0.33692434
4.56166897,0.33692434
4.56230897,0.33692434
4.56294897,0.33692434
4.56358897,0.33692434
4.56422897,0.33692434
4.56486897,0.33692434
4.56550897,0.33692434
4.56614897,0.33692434
4.56678897,0.33692434
4.56742897,0.33692434
4.56806897,0.16052736
4.56870897,0.33692434
4.56934897,0.33692434
4.56998897,0.16052736
4.57062897,0.16052736
4.57126897,0.16052736
4.57190897,0.16052736
4.57254897,0.16052736
4.57318897,0.16052736
4.57382897,0.16052736
4.57446897,-0.01525925
4.57510897,-0.01525925
4.57574897,-0.01525925
4.57638897,-0.01525925
4.57702897,-0.01525925
4.57766897,-0.01525925
4.57830897,-0.01525925
4.57894897,-0.01525925
4.57958897,-0.01525925
4.58022897,-0.01525925
4.58086897,-0.19104587
4.58150897,-0.19104587
4.58214897,-0.19104587
4.58278897,-0.19104587
4.58342897,-0.19104587
4.58406897,-0.19104587
4.58470897,-0.19104587
4.58534897,-0.19104587
4.58598897,-0.36744285
4.58662897,-0.19104587
4.58726897,-0.19104587
4.58790897,-0.19104587
4.58854897,-0.36744285
4.58918897,-0.36744285
4.58982897,-0.36744285
4.59046897,-0.36744285
4.59110897,-0.36744285
4.59174897,-0.36744285
4.59238897,-0.36744285
4.59302897,-0.36744285
4.59366897,-0.36744285
4.59430897,-0.36744285
4.59494897,-0.36744285
4.59558897,-0.36744285
4.59622897,-0.36744285
4.59686897,-0.36744285
4.59750897,-0.36744285
4.59814897,-0.36744285
4.59878897,-0.54383981
4.59942897,-0.54383981
4.60006897,-0.54383981
4.60070897,-0.54383981
4.60134897,-0.54383981
4.60198897,-0.36744285
4.60262897,-0.54383981
4.60326897,-0.54383981
4.60390897,-0.54383981
4.60454897,-0.54383981
4.60518897,-0.54383981
4.60582897,-0.54383981
4.60646897,-0.54383981
4.60710897,-0.54383981
4.60774897,-0.54383981
4.60838897,-0.54383981
4.60902897,-0.54383981
4.60966897,-0.54383981
4.61030897,-0.54383981
4.61094897,-0.54383981
4.61158897,-0.54383981
4.61222897,-0.54383981
4.61286897,-0.54383981
4.61350897,-0.54383981
4.61414897,-0.54383981
4.61478897,-0.54383981
4.61542897,-0.54383981
4.61606897,-0.54383981
4.61670897,-0.54383981
4.61734897,-0.54383981
4.61798897,-0.54383981
4.61862897,-0.54383981
4.61926897,-0.54383981
4.61990897,-0.54383981
4.62054897,-0.54383981
4.62118897,-0.54383981
4.62182897,-0.54383981
4.62246897,-0.54383981
4.62310897,-0.54383981
4.62374897,-0.54383981
4.62438897,-0.54383981
4.62502897,-0.36744285
4.62566897,-0.54383981
4.62630897,-0.54383981
4.62694897,-0.36744285
4.62758897,-0.36744285
4.62822897,-0.36744285
4.62886897,-0.36744285
4.62950897,-0.36744285
4.63014897,-0.36744285
4.63078897,-0.36744285
4.63142897,-0.36744285
4.63206897,-0.36744285
4.63270897,-0.36744285
4.63334897,-0.36744285
4.63398897,-0.36744285
4.63462897,-0.36744285
4.63526897,-0.36744285
4.63590897,-0.36744285
4.63654897,-0.36744285
4.63718897,-0.19104587
4.63782897,-0.19104587
4.63846897,-0.19104587
4.63910897,-0.19104587
4.63974897,-0.19104587
4.64038897,-0.19104587
4.64102897,-0.19104587
4.64166897,-0.19104587
4.64230897,-0.19104587
4.64294897,-0.19104587
4.64358897,-0.01525925
4.64422897,-0.01525925
4.64486897,-0.01525925
4.64550897,-0.01525925
4.64614897,0.16052736
4.64678897,-0.01525925
4.64742897,0.16052736
4.64806897,-0.01525925
4.64870897,0.16052736
4.64934897,0.16052736
4.64998897,0.16052736
4.65062897,0.16052736
4.65126897,0.16052736
4.65190897,0.16052736
4.65254897,0.16052736
4.65318897,0.33692434
4.65382897,0.33692434
4.65446897,0.33692434
4.65510897,0.33692434
4.65574897,0.33692434
4.65638897,0.33692434
4.65702897,0.33692434
4.65766897,0.33692434
4.65830897,0.51332134
4.65894897,0.33692434
4.65958897,0.33692434
4.66022897,0.33692434
4.66086897,0.51332134
4.66150897,0.51332134
4.66214897,0.51332134
4.66278897,0.51332134
4.66342897,0.51332134
4.66406897,0.51332134
4.66470897,0.51332134
4.66534897,0.51332134
4.66598897,0.51332134
4.66662897,0.51332134
4.66726897,0.51332134
4.66790897,0.51332134
4.66854897,0.51332134
4.66918897,0.68971831
4.66982897,0.51332134
4.67046897,0.68971831
4.67110897,0.68971831
4.67174897,0.68971831
4.67238897,0.68971831
4.67302897,0.68971831
4.67366897,0.68971831
4.67430897,0.68971831
4.67494897,0.68971831
4.67558897,0.68971831
4.67622897,0.51332134
4.67686897,0.68971831
4.67750897,0.68971831
4.67814897,0.68971831
4.67878897,0.68971831
4.67942897,0.68971831
4.68006897,0.68971831
4.68070897,0.68971831
4.68134897,0.68971831
4.68198897,0.68971831
4.68262897,0.68971831
4.68326897,0.68971831
4.68390897,0.68971831
4.68454897,0.68971831
4.68518897,0.68971831
4.68582897,0.68971831
4.68646897,0.68971831
4.68710897,0.68971831
4.68774897,0.68971831
4.68838897,0.68971831
4.68902897,0.68971831
4.68966897,0.68971831
4.69030897,0.68971831
4.69094897,0.68971831
4.69158897,0.68971831
4.69222897,0.68971831
4.69286897,0.51332134
4.69350897,0.51332134
4.69414897,0.51332134
4.69478897,0.51332134
4.69542897,0.51332134
4.69606897,0.51332134
4.69670897,0.51332134
4.69734897,0.51332134
4.69798897,0.51332134
4.69862897,0.51332134
4.69926897,0.51332134
4.69990897,0.33692434
4.70054897,0.33692434
4.70118897,0.33692434
4.70182897,0.51332134
4.70246897,0.33692434
4.70310897,0.33692434
4.70374897,0.33692434
4.70438897,0.33692434
4.70502897,0.33692434
4.70566897,0.33692434
4.70630897,0.33692434
4.70694897,0.33692434
4.70758897,0.33692434
4.70822897,0.33692434
4.70886897,0.16052736
4.70950897,0.16052736
4.71014897,0.16052736
4.71078897,0.16052736
4.71142897,0.16052736
4.71206897,0.16052736
4.71270897,0.16052736
4.71334897,0.16052736
4.71398897,0.16052736
4.71462897,-0.01525925
4.71526897,-0.01525925
4.71590897,-0.01525925
4.71654897,-0.01525925
4.71718897,-0.01525925
4.71782897,-0.01525925
4.71846897,-0.19104587
4.71910897,-0.01525925
4.71974897,-0.19104587
4.72038897,-0.19104587
4.72102897,-0.19104587
4.72166897,-0.19104587
4.72230897,-0.19104587
4.72294897,-0.19104587
4.72358897,-0.19104587
4.72422897,-0.36744285
4.72486897,-0.36744285
4.72550897,-0.36744285
4.72614897,-0.36744285
4.72678897,-0.36744285
4.72742897,-0.36744285
4.72806897,-0.36744285
4.72870897,-0.36744285
4.72934897,-0.36744285
4.72998897,-0.36744285
4.73062897,-0.36744285
4.73126897,-0.36744285
4.73190897,-0.36744285
4.73254897,-0.36744285
4.73318897,-0.36744285
4.73382897,-0.54383981
4.73446897,-0.54383981
4.73510897,-0.54383981
4.73574897,-0.54383981
4.73638897,-0.54383981
4.73702897,-0.54383981
4.73766897,-0.54383981
4.73830897,-0.54383981
4.73894897,-0.54383981
4.73958897,-0.54383981
4.74022897,-0.72023684
4.74086897,-0.72023684
4.74150897,-0.54383981
4.74214897,-0.72023684
4.74278897,-0.72023684
4.74342897,-0.72023684
4.74406897,-0.72023684
4.74470897,-0.72023684
4.74534897,-0.72023684
4.74598897,-0.72023684
4.74662897,-0.72023684
4.74726897,-0.72023684
4.74790897,-0.72023684
4.74854897,-0.72023684
4.74918897,-0.72023684
4.74982897,-0.72023684
4.75046897,-0.72023684
4.75110897,-0.72023684
4.75174897,-0.72023684
4.75238897,-0.72023684
4.75302897,-0.72023684
4.75366897,-0.72023684
4.75430897,-0.72023684
4.75494897,-0.72023684
4.75558897,-0.72023684
4.75622897,-0.72023684
4.75686897,-0.72023684
4.75750897,-0.72023684
4.75814897,-0.54383981
4.75878897,-0.72023684
4.75942897,-0.54383981
4.76006897,-0.72023684
4.76070897,-0.54383981
4.76134897,-0.54383981
4.76198897,-0.54383981
4.76262897,-0.54383981
4.76326897,-0.54383981
4.76390897,-0.54383981
4.76454897,-0.54383981
4.76518897,-0.54383981
4.76582897,-0.36744285
4.76646897,-0.54383981
4.76710897,-0.54383981
4.76774897,-0.54383981
4.76838897,-0.36744285
4.76902897,-0.36744285
4.76966897,-0.36744285
4.77030897,-0.36744285
4.77094897,-0.36744285
4.77158897,-0.36744285
4.77222897,-0.36744285
4.77286897,-0.36744285
4.77350897,-0.36744285
4.77414897,-0.36744285
4.77478897,-0.36744285
4.77542897,-0.19104587
4.77606897,-0.19104587
4.77670897,-0.19104587
4.77734897,-0.19104587
4.77798897,-0.19104587
4.77862897,-0.19104587
4.77926897,-0.01525925
4.77990897,-0.19104587
4.78054897,-0.19104587
4.78118897,-0.01525925
4.78182897,-0.01525925
4.78246897,-0.01525925
4.78310897,-0.01525925
4.78374897,-0.01525925
4.78438897,-0.01525925
4.78502897,-0.01525925
4.78566897,0.16052736
4.78630897,0.16052736
4.78694897,0.16052736
4.78758897,0.16052736
4.78822897,0.16052736
4.78886897,0.16052736
4.78950897,0.16052736
4.79014897,0.33692434
4.79078897,0.33692434
4.79142897,0.33692434
4.79206897,0.33692434
4.79270897,0.33692434
4.79334897,0.33692434
4.79398897,0.33692434
4.79462897,0.33692434
4.79526897,0.51332134
4.79590897,0.33692434
4.79654897,0.51332134
4.79718897,0.51332134
4.79782897,0.33692434
4.79846897,0.51332134
4.79910897,0.51332134
4.79974897,0.51332134
4.80038897,0.51332134
4.80102897,0.51332134
4.80166897,0.51332134
4.80230897,0.51332134
4.80294897,0.51332134
4.80358897,0.51332134
4.80422897,0.51332134
4.80486897,0.68971831
4.80550897,0.51332134
4.80614897,0.68971831
4.80678897,0.51332134
4.80742897,0.68971831
4.80806897,0.68971831
4.80870897,0.86550492
4.80934897,0.68971831
4.80998897,0.68971831
4.81062897,0.68971831
4.81126897,0.86550492
4.81190897,0.68971831
4.81254897,0.68971831
4.81318897,0.86550492
4.81382897,0.68971831
4.81446897,0.86550492
4.81510897,0.86550492
4.81574897,0.86550492
4.81638897,0.68971831
4.81702897,0.68971831
4.81766897,0.68971831
4.81830897,0.86550492
4.81894897,0.68971831
4.81958897,0.68971831
4.82022897,0.86550492
4.82086897,0.68971831
4.82150897,0.86550492
4.82214897,0.68971831
4.82278897,0.68971831
4.82342897,0.68971831
4.82406897,0.68971831
4.82470897,0.68971831
4.82534897,0.68971831
4.82598897,0.68971831
4.82662897,0.86550492
4.82726897,0.68971831
4.82790897,0.68971831
4.82854897,0.68971831
4.82918897,0.86550492
4.82982897,0.68971831
4.83046897,0.68971831
4.83110897,0.68971831
4.83174897,0.68971831
4.83238897,0.51332134
4.83302897,0.51332134
4.83366897,0.51332134
4.83430897,0.51332134
4.83494897,0.51332134
4.83558897,0.51332134
4.83622897,0.51332134
4.83686897,0.51332134
4.83750897,0.51332134
4.83814897,0.51332134
4.83878897,0.51332134
4.83942897,0.51332134
4.84006897,0.33692434
4.84070897,0.51332134
4.84134897,0.33692434
4.84198897,0.33692434
4.84262897,0.33692434
4.84326897,0.33692434
4.84390897,0.33692434
4.84454897,0.33692434
4.84518897,0.33692434
4.84582897,0.33692434
4.84646897,0.16052736
4.84710897,0.16052736
4.84774897,0.16052736
4.84838897,0.16052736
4.84902897,0.16052736
4.84966897,0.16052736
4.85030897,-0.01525925
4.85094897,0.16052736
4.85158897,0.16052736
4.85222897,-0.01525925
4.85286897,-0.01525925
4.85350897,-0.19104587
4.85414897,-0.01525925
4.85478897,-0.01525925
4.85542897,-0.19104587
4.85606897,-0.19104587
4.85670897,-0.19104587
4.85734897,-0.19104587
4.85798897,-0.19104587
4.85862897,-0.19104587
4.85926897,-0.19104587
4.85990897,-0.36744285
4.86054897,-0.19104587
4.86118897,-0.19104587
4.86182897,-0.19104587
4.86246897,-0.36744285
4.86310897,-0.36744285
4.86374897,-0.36744285
4.86438897,-0.36744285
4.86502897,-0.36744285
4.86566897,-0.36744285
4.86630897,-0.36744285
4.86694897,-0.36744285
4.86758897,-0.36744285
4.86822897,-0.36744285
4.86886897,-0.36744285
4.86950897,-0.54383981
4.87014897,-0.36744285
4.87078897,-0.54383981
4.87142897,-0.54383981
4.87206897,-0.54383981
4.87270897,-0.54383981
4.87334897,-0.54383981
4.87398897,-0.36744285
4.87462897,-0.54383981
4.87526897,-0.54383981
4.87590897,-0.54383981
4.87654897,-0.72023684
4.87718897,-0.54383981
4.87782897,-0.72023684
4.87846897,-0.54383981
4.87910897,-0.72023684
4.87974897,-0.54383981
4.88038897,-0.72023684
4.88102897,-0.72023684
4.88166897,-0.72023684
4.88230897,-0.72023684
4.88294897,-0.72023684
4.88358897,-0.72023684
4.88422897,-0.72023684
4.88486897,-0.72023684
4.88550897,-0.72023684
4.88614897,-0.72023684
4.88678897,-0.72023684
4.88742897,-0.72023684
4.88806897,-0.89602345
4.88870897,-0.72023684
4.88934897,-0.72023684
4.88998897,-0.72023684
4.89062897,-0.72023684
4.89126897,-0.72023684
4.89190897,-0.72023684
4.89254897,-0.72023684
4.89318897,-0.72023684
4.89382897,-0.72023684
4.89446897,-0.72023684
4.89510897,-0.54383981
4.89574897,-0.72023684
4.89638897,-0.72023684
4.89702897,-0.54383981
4.89766897,-0.54383981
4.89830897,-0.54383981
4.89894897,-0.54383981
4.89958897,-0.72023684
4.90022897,-0.54383981
4.90086897,-0.54383981
4.90150897,-0.54383981
4.90214897,-0.54383981
4.90278897,-0.54383981
4.90342897,-0.54383981
4.90406897,-0.54383981
4.90470897,-0.54383981
4.90534897,-0.54383981
4.90598897,-0.36744285
4.90662897,-0.36744285
4.90726897,-0.36744285
4.90790897,-0.36744285
4.90854897,-0.36744285
4.90918897,-0.36744285
4.90982897,-0.36744285
4.91046897,-0.19104587
4.91110897,-0.36744285
4.91174897,-0.36744285
4.91238897,-0.36744285
4.91302897,-0.19104587
4.91366897,-0.19104587
4.91430897,-0.19104587
4.91494897,-0.19104587
4.91558897,-0.19104587
4.91622897,-0.19104587
4.91686897,-0.19104587
4.91750897,-0.19104587
4.91814897,-0.19104587
4.91878897,-0.01525925
4.91942897,-0.01525925
4.92006897,-0.01525925
4.92070897,-0.01525925
4.92134897,-0.01525925
4.92198897,0.16052736
4.92262897,0.16052736
4.92326897,0.16052736
4.92390897,0.16052736
4.92454897,0.16052736
4.92518897,0.16052736
4.92582897,0.16052736
4.92646897,0.16052736
4.92710897,0.16052736
4.92774897,0.33692434
4.92838897,0.33692434
4.92902897,0.33692434
4.92966897,0.33692434
4.93030897,0.33692434
4.93094897,0.33692434
4.93158897,0.33692434
4.93222897,0.33692434
4.93286897,0.33692434
4.93350897,0.33692434
4.93414897,0.33692434
4.93478897,0.51332134
4.93542897,0.51332134
4.93606897,0.51332134
4.93670897,0.51332134
4.93734897,0.51332134
4.93798897,0.51332134
4.93862897,0.51332134
4.93926897,0.51332134
4.93990897,0.51332134
4.94054897,0.51332134
4.94118897,0.68971831
4.94182897,0.51332134
4.94246897,0.68971831
4.94310897,0.68971831
4.94374897,0.68971831
4.94438897,0.68971831
4.94502897,0.68971831
4.94566897,0.68971831
4.94630897,0.68971831
4.94694897,0.68971831
4.94758897,0.68971831
4.94822897,0.68971831
4.94886897,0.68971831
4.94950897,0.68971831
4.95014897,0.68971831
4.95078897,0.86550492
4.95142897,0.68971831
4.95206897,0.86550492
4.95270897,0.68971831
4.95334897,0.68971831
4.95398897,0.68971831
4.95462897,0.86550492
4.95526897,0.68971831
4.95590897,0.68971831
4.95654897,0.86550492
4.95718897,0.68971831
4.95782897,0.68971831
4.95846897,0.68971831
4.95910897,0.68971831
4.95974897,0.68971831
4.96038897,0.68971831
4.96102897,0.68971831
4.96166897,0.86550492
4.96230897,0.68971831
4.96294897,0.68971831
4.96358897,0.68971831
4.96422897,0.68971831
4.96486897,0.68971831
4.96550897,0.68971831
4.96614897,0.68971831
4.96678897,0.68971831
4.96742897,0.68971831
4.96806897,0.68971831
4.96870897,0.68971831
4.96934897,0.51332134
4.96998897,0.51332134
4.97062897,0.51332134
4.97126897,0.51332134
4.97190897,0.51332134
4.97254897,0.51332134
4.97318897,0.51332134
4.97382897,0.51332134
4.97446897,0.51332134
4.97510897,0.51332134
4.97574897,0.51332134
4.97638897,0.33692434
4.97702897,0.33692434
4.97766897,0.33692434
4.97830897,0.33692434
4.97894897,0.33692434
4.97958897,0.33692434
4.98022897,0.33692434
4.98086897,0.33692434
4.98150897,0.33692434
4.98214897,0.16052736
4.98278897,0.33692434
4.98342897,0.16052736
4.98406897,0.16052736
4.98470897,0.16052736
4.98534897,0.16052736
4.98598897,0.16052736
4.98662897,0.16052736
4.98726897,-0.01525925
4.98790897,-0.01525925
4.98854897,-0.01525925
4.98918897,-0.01525925
4.98982897,-0.01525925
4.99046897,-0.01525925
4.99110897,-0.01525925
4.99174897,-0.01525925
4.99238897,-0.19104587
4.99302897,-0.01525925
4.99366897,-0.19104587
4.99430897,-0.19104587
4.99494897,-0.19104587
4.99558897,-0.19104587
4.99622897,-0.19104587
4.99686897,-0.19104587
4.99750897,-0.19104587
4.99814897,-0.36744285
4.99878897,-0.36744285
4.99942897,-0.19104587
5.00006897,-0.36744285
5.00070897,-0.36744285
