Time,Channel A
(ms),(V)

-0.00172700,2.09967351
-0.00108700,1.74687946
-0.00044700,1.57048249
0.00019300,1.21829891
0.00083300,0.86550492
0.00147300,0.68971831
0.00211300,0.51332134
0.00275300,0.16052736
0.00339300,-0.19104587
0.00403300,-0.36744285
0.00467300,-0.54383981
0.00531300,-0.89602345
0.00595300,-1.07242048
0.00659300,-1.42521441
0.00723300,-1.60100102
0.00787300,-1.77739799
0.00851300,-2.13019204
0.00915300,-2.30597854
0.00979300,-2.48237562
0.01043300,-2.83516955
0.01107300,-3.18735313
0.01171300,-3.18735313
0.01235300,-3.54014707
0.01299300,-3.71593380
0.01363300,-3.89233065
0.01427300,-4.06872749
0.01491300,-4.42091131
0.01555300,-4.42091131
0.01619300,-4.77370548
0.01683300,-4.95010233
0.01747300,-5.12588882
0.01811300,-5.30228567
0.01875300,-5.47868299
0.01939300,-5.65507984
0.02003300,-5.83086634
0.02067300,-6.00726318
0.02131300,-6.00726318
0.02195300,-6.36005735
0.02259300,-6.36005735
0.02323300,-6.53584385
0.02387300,-6.71224117
0.02451300,-6.88863802
0.02515300,-6.88863802
0.02579300,-7.06503487
0.02643300,-7.06503487
0.02707300,-7.24082136
0.02771300,-7.24082136
0.02835300,-7.24082136
0.02899300,-7.41721869
0.02963300,-7.41721869
0.03027300,-7.41721869
0.03091300,-7.59361553
0.03155300,-7.59361553
0.03219300,-7.59361553
0.03283300,-7.77001238
0.03347300,-7.59361553
0.03411300,-7.59361553
0.03475300,-7.77001238
0.03539300,-7.77001238
0.03603300,-7.59361553
0.03667300,-7.59361553
0.03731300,-7.59361553
0.03795300,-7.59361553
0.03859300,-7.59361553
0.03923300,-7.41721869
0.03987300,-7.41721869
0.04051300,-7.41721869
0.04115300,-7.41721869
0.04179300,-7.24082136
0.04243300,-7.24082136
0.04307300,-7.24082136
0.04371300,-6.88863802
0.04435300,-6.88863802
0.04499300,-6.71224117
0.04563300,-6.71224117
0.04627300,-6.71224117
0.04691300,-6.53584385
0.04755300,-6.36005735
0.04819300,-6.18366051
0.04883300,-6.00726318
0.04947300,-5.83086634
0.05011300,-5.83086634
0.05075300,-5.65507984
0.05139300,-5.47868299
0.05203300,-5.47868299
0.05267300,-5.12588882
0.05331300,-4.95010233
0.05395300,-4.95010233
0.05459300,-4.77370548
0.05523300,-4.42091131
0.05587300,-4.24512482
0.05651300,-4.06872749
0.05715300,-3.89233065
0.05779300,-3.89233065
0.05843300,-3.54014707
0.05907300,-3.36375022
0.05971300,-3.18735313
0.06035300,-3.01095605
0.06099300,-2.83516955
0.06163300,-2.65877247
0.06227300,-2.30597854
0.06291300,-2.30597854
0.06355300,-2.13019204
0.06419300,-1.95379496
0.06483300,-1.77739799
0.06547300,-1.42521441
0.06611300,-1.24881744
0.06675300,-1.07242048
0.06739300,-0.89602345
0.06803300,-0.54383981
0.06867300,-0.54383981
0.06931300,-0.19104587
0.06995300,-0.01525925
0.07059300,0.16052736
0.07123300,0.33692434
0.07187300,0.51332134
0.07251300,0.68971831
0.07315300,1.04190195
0.07379300,1.21829891
0.07443300,1.21829891
0.07507300,1.57048249
0.07571300,1.74687946
0.07635300,1.74687946
0.07699300,1.92327642
0.07763300,2.09967351
0.07827300,2.27546000
0.07891300,2.62825394
0.07955300,2.62825394
0.08019300,2.80465102
0.08083300,2.98043752
0.08147300,3.15683460
0.08211300,3.33323169
0.08275300,3.33323169
0.08339300,3.50962853
0.08403300,3.86181211
0.08467300,3.86181211
0.08531300,4.03820896
0.08595300,4.03820896
0.08659300,4.03820896
0.08723300,4.39039278
0.08787300,4.39039278
0.08851300,4.39039278
0.08915300,4.56678963
0.08979300,4.56678963
0.09043300,4.74318695
0.09107300,4.91958380
0.09171300,4.91958380
0.09235300,4.91958380
0.09299300,5.09537029
0.09363300,5.09537029
0.09427300,5.27176714
0.09491300,5.27176714
0.09555300,5.27176714
0.09619300,5.27176714
0.09683300,5.27176714
0.09747300,5.27176714
0.09811300,5.27176714
0.09875300,5.44816446
0.09939300,5.27176714
0.10003300,5.27176714
0.10067300,5.44816446
0.10131300,5.44816446
0.10195300,5.44816446
0.10259300,5.44816446
0.10323300,5.27176714
0.10387300,5.44816446
0.10451300,5.44816446
0.10515300,5.27176714
0.10579300,5.27176714
0.10643300,5.27176714
0.10707300,5.27176714
0.10771300,5.27176714
0.10835300,5.09537029
0.10899300,5.09537029
0.10963300,4.91958380
0.11027300,4.91958380
0.11091300,4.91958380
0.11155300,4.74318695
0.11219300,4.56678963
0.11283300,4.56678963
0.11347300,4.39039278
0.11411300,4.39039278
0.11475300,4.21460629
0.11539300,4.21460629
0.11603300,4.03820896
0.11667300,4.03820896
0.11731300,3.86181211
0.11795300,3.86181211
0.11859300,3.68541527
0.11923300,3.68541527
0.11987300,3.50962853
0.12051300,3.33323169
0.12115300,3.33323169
0.12179300,3.15683460
0.12243300,2.98043752
0.12307300,2.98043752
0.12371300,2.80465102
0.12435300,2.62825394
0.12499300,2.45185709
0.12563300,2.45185709
0.12627300,2.27546000
0.12691300,2.09967351
0.12755300,1.92327642
0.12819300,1.92327642
0.12883300,1.74687946
0.12947300,1.57048249
0.13011300,1.39469588
0.13075300,1.21829891
0.13139300,1.21829891
0.13203300,1.04190195
0.13267300,1.04190195
0.13331300,0.86550492
0.13395300,0.86550492
0.13459300,0.51332134
0.13523300,0.51332134
0.13587300,0.33692434
0.13651300,0.33692434
0.13715300,0.16052736
0.13779300,-0.01525925
0.13843300,-0.19104587
0.13907300,-0.19104587
0.13971300,-0.36744285
0.14035300,-0.36744285
0.14099300,-0.54383981
0.14163300,-0.54383981
0.14227300,-0.89602345
0.14291300,-0.89602345
0.14355300,-1.07242048
0.14419300,-1.07242048
0.14483300,-1.07242048
0.14547300,-1.24881744
0.14611300,-1.42521441
0.14675300,-1.60100102
0.14739300,-1.60100102
0.14803300,-1.60100102
0.14867300,-1.77739799
0.14931300,-1.77739799
0.14995300,-1.77739799
0.15059300,-1.95379496
0.15123300,-1.95379496
0.15187300,-2.13019204
0.15251300,-2.13019204
0.15315300,-2.30597854
0.15379300,-2.30597854
0.15443300,-2.30597854
0.15507300,-2.48237562
0.15571300,-2.48237562
0.15635300,-2.48237562
0.15699300,-2.48237562
0.15763300,-2.48237562
0.15827300,-2.48237562
0.15891300,-2.48237562
0.15955300,-2.65877247
0.16019300,-2.65877247
0.16083300,-2.65877247
0.16147300,-2.65877247
0.16211300,-2.65877247
0.16275300,-2.65877247
0.16339300,-2.65877247
0.16403300,-2.65877247
0.16467300,-2.65877247
0.16531300,-2.65877247
0.16595300,-2.65877247
0.16659300,-2.65877247
0.16723300,-2.65877247
0.16787300,-2.65877247
0.16851300,-2.65877247
0.16915300,-2.65877247
0.16979300,-2.65877247
0.17043300,-2.65877247
0.17107300,-2.65877247
0.17171300,-2.65877247
0.17235300,-2.48237562
0.17299300,-2.48237562
0.17363300,-2.48237562
0.17427300,-2.48237562
0.17491300,-2.48237562
0.17555300,-2.30597854
0.17619300,-2.30597854
0.17683300,-2.30597854
0.17747300,-2.30597854
0.17811300,-2.30597854
0.17875300,-2.30597854
0.17939300,-2.13019204
0.18003300,-2.13019204
0.18067300,-2.13019204
0.18131300,-1.95379496
0.18195300,-1.95379496
0.18259300,-1.95379496
0.18323300,-1.77739799
0.18387300,-1.77739799
0.18451300,-1.77739799
0.18515300,-1.77739799
0.18579300,-1.77739799
0.18643300,-1.60100102
0.18707300,-1.60100102
0.18771300,-1.60100102
0.18835300,-1.42521441
0.18899300,-1.42521441
0.18963300,-1.42521441
0.19027300,-1.24881744
0.19091300,-1.24881744
0.19155300,-1.24881744
0.19219300,-1.07242048
0.19283300,-1.07242048
0.19347300,-1.07242048
0.19411300,-0.89602345
0.19475300,-0.89602345
0.19539300,-0.89602345
0.19603300,-0.89602345
0.19667300,-0.72023684
0.19731300,-0.72023684
0.19795300,-0.72023684
0.19859300,-0.54383981
0.19923300,-0.54383981
0.19987300,-0.54383981
0.20051300,-0.36744285
0.20115300,-0.36744285
0.20179300,-0.36744285
0.20243300,-0.36744285
0.20307300,-0.36744285
0.20371300,-0.36744285
0.20435300,-0.36744285
0.20499300,-0.19104587
0.20563300,-0.19104587
0.20627300,-0.19104587
0.20691300,-0.19104587
0.20755300,-0.01525925
0.20819300,-0.01525925
0.20883300,-0.01525925
0.20947300,-0.01525925
0.21011300,-0.01525925
0.21075300,0.16052736
0.21139300,-0.01525925
0.21203300,0.16052736
0.21267300,0.16052736
0.21331300,0.16052736
0.21395300,-0.01525925
0.21459300,0.16052736
0.21523300,0.16052736
0.21587300,0.16052736
0.21651300,0.16052736
0.21715300,0.16052736
0.21779300,0.16052736
0.21843300,0.16052736
0.21907300,0.16052736
0.21971300,0.16052736
0.22035300,0.16052736
0.22099300,0.16052736
0.22163300,0.16052736
0.22227300,0.16052736
0.22291300,0.16052736
0.22355300,0.16052736
0.22419300,0.16052736
0.22483300,0.16052736
0.22547300,0.16052736
0.22611300,0.16052736
0.22675300,0.16052736
0.22739300,0.16052736
0.22803300,0.16052736
0.22867300,0.16052736
0.22931300,0.16052736
0.22995300,0.16052736
0.23059300,0.16052736
0.23123300,0.16052736
0.23187300,0.16052736
0.23251300,-0.01525925
0.23315300,-0.01525925
0.23379300,-0.01525925
0.23443300,-0.19104587
0.23507300,-0.01525925
0.23571300,-0.01525925
0.23635300,-0.01525925
0.23699300,-0.01525925
0.23763300,-0.01525925
0.23827300,-0.19104587
0.23891300,-0.19104587
0.23955300,-0.01525925
0.24019300,-0.01525925
0.24083300,-0.19104587
0.24147300,-0.19104587
0.24211300,-0.19104587
0.24275300,-0.19104587
0.24339300,-0.19104587
0.24403300,-0.19104587
0.24467300,-0.19104587
0.24531300,-0.19104587
0.24595300,-0.19104587
0.24659300,-0.19104587
0.24723300,-0.19104587
0.24787300,-0.19104587
0.24851300,-0.19104587
0.24915300,-0.19104587
0.24979300,-0.19104587
0.25043300,-0.19104587
0.25107300,-0.19104587
0.25171300,-0.19104587
0.25235300,-0.19104587
0.25299300,-0.19104587
0.25363300,-0.19104587
0.25427300,-0.19104587
0.25491300,-0.19104587
0.25555300,-0.19104587
0.25619300,-0.19104587
0.25683300,-0.19104587
0.25747300,-0.19104587
0.25811300,-0.19104587
0.25875300,-0.19104587
0.25939300,-0.01525925
0.26003300,-0.01525925
0.26067300,-0.01525925
0.26131300,-0.01525925
0.26195300,-0.01525925
0.26259300,-0.01525925
0.26323300,-0.01525925
0.26387300,0.16052736
0.26451300,0.16052736
0.26515300,0.16052736
0.26579300,0.16052736
0.26643300,0.33692434
0.26707300,0.33692434
0.26771300,0.33692434
0.26835300,0.33692434
0.26899300,0.33692434
0.26963300,0.51332134
0.27027300,0.51332134
0.27091300,0.51332134
0.27155300,0.51332134
0.27219300,0.51332134
0.27283300,0.68971831
0.27347300,0.68971831
0.27411300,0.86550492
0.27475300,0.86550492
0.27539300,0.86550492
0.27603300,0.86550492
0.27667300,0.86550492
0.27731300,1.04190195
0.27795300,1.04190195
0.27859300,1.21829891
0.27923300,1.21829891
0.27987300,1.21829891
0.28051300,1.21829891
0.28115300,1.39469588
0.28179300,1.39469588
0.28243300,1.39469588
0.28307300,1.57048249
0.28371300,1.57048249
0.28435300,1.57048249
0.28499300,1.74687946
0.28563300,1.74687946
0.28627300,1.74687946
0.28691300,1.74687946
0.28755300,1.74687946
0.28819300,1.92327642
0.28883300,1.92327642
0.28947300,1.92327642
0.29011300,2.09967351
0.29075300,2.09967351
0.29139300,2.09967351
0.29203300,2.09967351
0.29267300,2.27546000
0.29331300,2.27546000
0.29395300,2.27546000
0.29459300,2.45185709
0.29523300,2.45185709
0.29587300,2.45185709
0.29651300,2.45185709
0.29715300,2.45185709
0.29779300,2.45185709
0.29843300,2.45185709
0.29907300,2.45185709
0.29971300,2.45185709
0.30035300,2.45185709
0.30099300,2.62825394
0.30163300,2.62825394
0.30227300,2.62825394
0.30291300,2.62825394
0.30355300,2.62825394
0.30419300,2.62825394
0.30483300,2.62825394
0.30547300,2.62825394
0.30611300,2.62825394
0.30675300,2.62825394
0.30739300,2.62825394
0.30803300,2.62825394
0.30867300,2.62825394
0.30931300,2.62825394
0.30995300,2.62825394
0.31059300,2.45185709
0.31123300,2.45185709
0.31187300,2.45185709
0.31251300,2.45185709
0.31315300,2.45185709
0.31379300,2.45185709
0.31443300,2.27546000
0.31507300,2.27546000
0.31571300,2.27546000
0.31635300,2.27546000
0.31699300,2.09967351
0.31763300,2.09967351
0.31827300,2.09967351
0.31891300,1.92327642
0.31955300,1.92327642
0.32019300,1.92327642
0.32083300,1.74687946
0.32147300,1.74687946
0.32211300,1.74687946
0.32275300,1.74687946
0.32339300,1.57048249
0.32403300,1.39469588
0.32467300,1.57048249
0.32531300,1.21829891
0.32595300,1.21829891
0.32659300,1.21829891
0.32723300,1.04190195
0.32787300,0.86550492
0.32851300,0.86550492
0.32915300,0.68971831
0.32979300,0.51332134
0.33043300,0.51332134
0.33107300,0.51332134
0.33171300,0.33692434
0.33235300,0.33692434
0.33299300,0.16052736
0.33363300,-0.01525925
0.33427300,-0.01525925
0.33491300,-0.19104587
0.33555300,-0.36744285
0.33619300,-0.36744285
0.33683300,-0.54383981
0.33747300,-0.54383981
0.33811300,-0.72023684
0.33875300,-0.89602345
0.33939300,-0.89602345
0.34003300,-1.07242048
0.34067300,-1.24881744
0.34131300,-1.42521441
0.34195300,-1.42521441
0.34259300,-1.60100102
0.34323300,-1.60100102
0.34387300,-1.77739799
0.34451300,-1.95379496
0.34515300,-1.95379496
0.34579300,-2.13019204
0.34643300,-2.30597854
0.34707300,-2.30597854
0.34771300,-2.48237562
0.34835300,-2.48237562
0.34899300,-2.65877247
0.34963300,-2.83516955
0.35027300,-2.83516955
0.35091300,-3.01095605
0.35155300,-3.01095605
0.35219300,-3.18735313
0.35283300,-3.18735313
0.35347300,-3.36375022
0.35411300,-3.36375022
0.35475300,-3.54014707
0.35539300,-3.71593380
0.35603300,-3.71593380
0.35667300,-3.89233065
0.35731300,-3.89233065
0.35795300,-3.89233065
0.35859300,-4.06872749
0.35923300,-4.06872749
0.35987300,-4.06872749
0.36051300,-4.24512482
0.36115300,-4.24512482
0.36179300,-4.24512482
0.36243300,-4.42091131
0.36307300,-4.42091131
0.36371300,-4.42091131
0.36435300,-4.59730816
0.36499300,-4.59730816
0.36563300,-4.59730816
0.36627300,-4.59730816
0.36691300,-4.59730816
0.36755300,-4.59730816
0.36819300,-4.77370548
0.36883300,-4.77370548
0.36947300,-4.77370548
0.37011300,-4.59730816
0.37075300,-4.77370548
0.37139300,-4.77370548
0.37203300,-4.77370548
0.37267300,-4.77370548
0.37331300,-4.59730816
0.37395300,-4.59730816
0.37459300,-4.59730816
0.37523300,-4.59730816
0.37587300,-4.59730816
0.37651300,-4.42091131
0.37715300,-4.42091131
0.37779300,-4.42091131
0.37843300,-4.42091131
0.37907300,-4.24512482
0.37971300,-4.24512482
0.38035300,-4.06872749
0.38099300,-4.06872749
0.38163300,-3.89233065
0.38227300,-3.89233065
0.38291300,-3.89233065
0.38355300,-3.71593380
0.38419300,-3.71593380
0.38483300,-3.54014707
0.38547300,-3.36375022
0.38611300,-3.36375022
0.38675300,-3.18735313
0.38739300,-3.18735313
0.38803300,-3.01095605
0.38867300,-2.83516955
0.38931300,-2.83516955
0.38995300,-2.65877247
0.39059300,-2.48237562
0.39123300,-2.48237562
0.39187300,-2.30597854
0.39251300,-2.13019204
0.39315300,-2.13019204
0.39379300,-1.77739799
0.39443300,-1.77739799
0.39507300,-1.60100102
0.39571300,-1.60100102
0.39635300,-1.24881744
0.39699300,-1.07242048
0.39763300,-0.89602345
0.39827300,-0.89602345
0.39891300,-0.54383981
0.39955300,-0.36744285
0.40019300,-0.36744285
0.40083300,-0.19104587
0.40147300,-0.01525925
0.40211300,0.16052736
0.40275300,0.33692434
0.40339300,0.51332134
0.40403300,0.68971831
0.40467300,0.86550492
0.40531300,1.04190195
0.40595300,1.21829891
0.40659300,1.39469588
0.40723300,1.57048249
0.40787300,1.74687946
0.40851300,1.92327642
0.40915300,1.92327642
0.40979300,2.09967351
0.41043300,2.45185709
0.41107300,2.45185709
0.41171300,2.62825394
0.41235300,2.98043752
0.41299300,3.15683460
0.41363300,3.33323169
0.41427300,3.33323169
0.41491300,3.33323169
0.41555300,3.68541527
0.41619300,3.68541527
0.41683300,3.86181211
0.41747300,4.03820896
0.41811300,4.21460629
0.41875300,4.21460629
0.41939300,4.39039278
0.42003300,4.56678963
0.42067300,4.56678963
0.42131300,4.74318695
0.42195300,4.91958380
0.42259300,5.09537029
0.42323300,5.09537029
0.42387300,5.27176714
0.42451300,5.27176714
0.42515300,5.44816446
0.42579300,5.44816446
0.42643300,5.62456131
0.42707300,5.62456131
0.42771300,5.80034781
0.42835300,5.97674465
0.42899300,5.97674465
0.42963300,5.97674465
0.43027300,5.97674465
0.43091300,5.97674465
0.43155300,6.15314198
0.43219300,6.15314198
0.43283300,6.15314198
0.43347300,6.15314198
0.43411300,6.15314198
0.43475300,6.32953882
0.43539300,6.15314198
0.43603300,6.15314198
0.43667300,6.15314198
0.43731300,6.15314198
0.43795300,6.15314198
0.43859300,6.15314198
0.43923300,6.15314198
0.43987300,6.15314198
0.44051300,6.15314198
0.44115300,6.15314198
0.44179300,5.97674465
0.44243300,5.97674465
0.44307300,5.97674465
0.44371300,5.80034781
0.44435300,5.80034781
0.44499300,5.80034781
0.44563300,5.62456131
0.44627300,5.62456131
0.44691300,5.62456131
0.44755300,5.44816446
0.44819300,5.27176714
0.44883300,5.27176714
0.44947300,5.09537029
0.45011300,4.91958380
0.45075300,4.91958380
0.45139300,4.74318695
0.45203300,4.74318695
0.45267300,4.56678963
0.45331300,4.39039278
0.45395300,4.21460629
0.45459300,4.03820896
0.45523300,3.86181211
0.45587300,3.86181211
0.45651300,3.50962853
0.45715300,3.33323169
0.45779300,3.15683460
0.45843300,3.15683460
0.45907300,2.98043752
0.45971300,2.62825394
0.46035300,2.62825394
0.46099300,2.45185709
0.46163300,2.09967351
0.46227300,1.92327642
0.46291300,1.74687946
0.46355300,1.57048249
0.46419300,1.39469588
0.46483300,1.21829891
0.46547300,1.04190195
0.46611300,0.86550492
0.46675300,0.68971831
0.46739300,0.33692434
0.46803300,0.16052736
0.46867300,-0.01525925
0.46931300,-0.19104587
0.46995300,-0.36744285
0.47059300,-0.54383981
0.47123300,-0.72023684
0.47187300,-0.89602345
0.47251300,-1.24881744
0.47315300,-1.42521441
0.47379300,-1.60100102
0.47443300,-1.77739799
0.47507300,-1.95379496
0.47571300,-2.13019204
0.47635300,-2.30597854
0.47699300,-2.65877247
0.47763300,-2.65877247
0.47827300,-3.01095605
0.47891300,-3.18735313
0.47955300,-3.18735313
0.48019300,-3.54014707
0.48083300,-3.71593380
0.48147300,-3.89233065
0.48211300,-3.89233065
0.48275300,-4.06872749
0.48339300,-4.24512482
0.48403300,-4.42091131
0.48467300,-4.77370548
0.48531300,-4.77370548
0.48595300,-5.12588882
0.48659300,-5.12588882
0.48723300,-5.30228567
0.48787300,-5.47868299
0.48851300,-5.47868299
0.48915300,-5.65507984
0.48979300,-5.65507984
0.49043300,-6.00726318
0.49107300,-6.00726318
0.49171300,-6.18366051
0.49235300,-6.18366051
0.49299300,-6.36005735
0.49363300,-6.36005735
0.49427300,-6.53584385
0.49491300,-6.53584385
0.49555300,-6.53584385
0.49619300,-6.71224117
0.49683300,-6.71224117
0.49747300,-6.88863802
0.49811300,-6.88863802
0.49875300,-6.88863802
0.49939300,-6.88863802
0.50003300,-6.88863802
0.50067300,-7.06503487
0.50131300,-7.06503487
0.50195300,-7.06503487
0.50259300,-7.06503487
0.50323300,-7.06503487
0.50387300,-7.06503487
0.50451300,-7.06503487
0.50515300,-7.06503487
0.50579300,-6.88863802
0.50643300,-6.88863802
0.50707300,-6.88863802
0.50771300,-6.88863802
0.50835300,-6.88863802
0.50899300,-6.71224117
0.50963300,-6.71224117
0.51027300,-6.71224117
0.51091300,-6.53584385
0.51155300,-6.53584385
0.51219300,-6.36005735
0.51283300,-6.18366051
0.51347300,-6.18366051
0.51411300,-6.00726318
0.51475300,-6.00726318
0.51539300,-5.83086634
0.51603300,-5.65507984
0.51667300,-5.47868299
0.51731300,-5.47868299
0.51795300,-5.30228567
0.51859300,-5.12588882
0.51923300,-5.12588882
0.51987300,-4.77370548
0.52051300,-4.59730816
0.52115300,-4.42091131
0.52179300,-4.42091131
0.52243300,-4.06872749
0.52307300,-3.89233065
0.52371300,-3.89233065
0.52435300,-3.71593380
0.52499300,-3.54014707
0.52563300,-3.18735313
0.52627300,-3.01095605
0.52691300,-3.01095605
0.52755300,-2.65877247
0.52819300,-2.48237562
0.52883300,-2.30597854
0.52947300,-2.13019204
0.53011300,-1.77739799
0.53075300,-1.77739799
0.53139300,-1.60100102
0.53203300,-1.24881744
0.53267300,-1.07242048
0.53331300,-0.89602345
0.53395300,-0.54383981
0.53459300,-0.36744285
0.53523300,-0.19104587
0.53587300,-0.01525925
0.53651300,0.16052736
0.53715300,0.33692434
0.53779300,0.51332134
0.53843300,0.86550492
0.53907300,1.04190195
0.53971300,1.21829891
0.54035300,1.39469588
0.54099300,1.74687946
0.54163300,1.74687946
0.54227300,2.09967351
0.54291300,2.27546000
0.54355300,2.45185709
0.54419300,2.80465102
0.54483300,2.98043752
0.54547300,3.15683460
0.54611300,3.33323169
0.54675300,3.50962853
0.54739300,3.68541527
0.54803300,3.86181211
0.54867300,4.03820896
0.54931300,4.21460629
0.54995300,4.39039278
0.55059300,4.56678963
0.55123300,4.74318695
0.55187300,4.91958380
0.55251300,5.09537029
0.55315300,5.27176714
0.55379300,5.27176714
0.55443300,5.44816446
0.55507300,5.62456131
0.55571300,5.80034781
0.55635300,5.97674465
0.55699300,5.97674465
0.55763300,6.15314198
0.55827300,6.15314198
0.55891300,6.32953882
0.55955300,6.50532532
0.56019300,6.50532532
0.56083300,6.68172264
0.56147300,6.68172264
0.56211300,6.68172264
0.56275300,6.85811949
0.56339300,6.85811949
0.56403300,6.85811949
0.56467300,7.03451633
0.56531300,7.03451633
0.56595300,7.21030283
0.56659300,7.21030283
0.56723300,7.21030283
0.56787300,7.21030283
0.56851300,7.21030283
0.56915300,7.21030283
0.56979300,7.21030283
0.57043300,7.21030283
0.57107300,7.21030283
0.57171300,7.21030283
0.57235300,7.03451633
0.57299300,7.03451633
0.57363300,7.03451633
0.57427300,7.03451633
0.57491300,6.85811949
0.57555300,6.85811949
0.57619300,6.85811949
0.57683300,6.68172264
0.57747300,6.68172264
0.57811300,6.50532532
0.57875300,6.50532532
0.57939300,6.32953882
0.58003300,6.15314198
0.58067300,6.15314198
0.58131300,5.97674465
0.58195300,5.97674465
0.58259300,5.80034781
0.58323300,5.62456131
0.58387300,5.44816446
0.58451300,5.44816446
0.58515300,5.27176714
0.58579300,5.09537029
0.58643300,5.09537029
0.58707300,4.74318695
0.58771300,4.74318695
0.58835300,4.56678963
0.58899300,4.39039278
0.58963300,4.03820896
0.59027300,4.03820896
0.59091300,3.86181211
0.59155300,3.68541527
0.59219300,3.50962853
0.59283300,3.33323169
0.59347300,3.15683460
0.59411300,2.98043752
0.59475300,2.80465102
0.59539300,2.45185709
0.59603300,2.27546000
0.59667300,2.09967351
0.59731300,1.92327642
0.59795300,1.74687946
0.59859300,1.57048249
0.59923300,1.21829891
0.59987300,1.04190195
0.60051300,0.86550492
0.60115300,0.68971831
0.60179300,0.51332134
0.60243300,0.33692434
0.60307300,-0.01525925
0.60371300,-0.19104587
0.60435300,-0.36744285
0.60499300,-0.54383981
0.60563300,-0.89602345
0.60627300,-1.07242048
0.60691300,-1.24881744
0.60755300,-1.42521441
0.60819300,-1.60100102
0.60883300,-1.77739799
0.60947300,-1.95379496
0.61011300,-2.13019204
0.61075300,-2.48237562
0.61139300,-2.48237562
0.61203300,-2.65877247
0.61267300,-2.83516955
0.61331300,-3.18735313
0.61395300,-3.18735313
0.61459300,-3.36375022
0.61523300,-3.54014707
0.61587300,-3.89233065
0.61651300,-3.89233065
0.61715300,-4.06872749
0.61779300,-4.24512482
0.61843300,-4.42091131
0.61907300,-4.59730816
0.61971300,-4.77370548
0.62035300,-4.77370548
0.62099300,-4.95010233
0.62163300,-5.12588882
0.62227300,-5.30228567
0.62291300,-5.30228567
0.62355300,-5.47868299
0.62419300,-5.65507984
0.62483300,-5.65507984
0.62547300,-5.65507984
0.62611300,-5.83086634
0.62675300,-5.83086634
0.62739300,-6.00726318
0.62803300,-6.00726318
0.62867300,-6.18366051
0.62931300,-6.18366051
0.62995300,-6.18366051
0.63059300,-6.36005735
0.63123300,-6.36005735
0.63187300,-6.36005735
0.63251300,-6.53584385
0.63315300,-6.53584385
0.63379300,-6.53584385
0.63443300,-6.53584385
0.63507300,-6.53584385
0.63571300,-6.53584385
0.63635300,-6.53584385
0.63699300,-6.53584385
0.63763300,-6.53584385
0.63827300,-6.53584385
0.63891300,-6.36005735
0.63955300,-6.36005735
0.64019300,-6.36005735
0.64083300,-6.36005735
0.64147300,-6.18366051
0.64211300,-6.18366051
0.64275300,-6.18366051
0.64339300,-6.00726318
0.64403300,-6.00726318
0.64467300,-6.00726318
0.64531300,-6.00726318
0.64595300,-5.83086634
0.64659300,-5.83086634
0.64723300,-5.65507984
0.64787300,-5.47868299
0.64851300,-5.47868299
0.64915300,-5.30228567
0.64979300,-5.30228567
0.65043300,-5.12588882
0.65107300,-4.95010233
0.65171300,-4.95010233
0.65235300,-4.77370548
0.65299300,-4.59730816
0.65363300,-4.42091131
0.65427300,-4.24512482
0.65491300,-4.06872749
0.65555300,-3.89233065
0.65619300,-3.71593380
0.65683300,-3.71593380
0.65747300,-3.54014707
0.65811300,-3.36375022
0.65875300,-3.18735313
0.65939300,-3.01095605
0.66003300,-2.83516955
0.66067300,-2.83516955
0.66131300,-2.48237562
0.66195300,-2.30597854
0.66259300,-2.30597854
0.66323300,-1.95379496
0.66387300,-1.95379496
0.66451300,-1.60100102
0.66515300,-1.60100102
0.66579300,-1.42521441
0.66643300,-1.24881744
0.66707300,-1.07242048
0.66771300,-0.89602345
0.66835300,-0.54383981
0.66899300,-0.36744285
0.66963300,-0.19104587
0.67027300,-0.19104587
0.67091300,0.16052736
0.67155300,0.33692434
0.67219300,0.51332134
0.67283300,0.51332134
0.67347300,0.68971831
0.67411300,1.04190195
0.67475300,1.21829891
0.67539300,1.21829891
0.67603300,1.57048249
0.67667300,1.57048249
0.67731300,1.74687946
0.67795300,1.92327642
0.67859300,2.09967351
0.67923300,2.27546000
0.67987300,2.45185709
0.68051300,2.62825394
0.68115300,2.62825394
0.68179300,2.98043752
0.68243300,2.98043752
0.68307300,3.15683460
0.68371300,3.33323169
0.68435300,3.50962853
0.68499300,3.68541527
0.68563300,3.68541527
0.68627300,3.86181211
0.68691300,3.86181211
0.68755300,3.86181211
0.68819300,4.03820896
0.68883300,4.21460629
0.68947300,4.39039278
0.69011300,4.39039278
0.69075300,4.56678963
0.69139300,4.56678963
0.69203300,4.74318695
0.69267300,4.74318695
0.69331300,4.74318695
0.69395300,4.91958380
0.69459300,4.91958380
0.69523300,5.09537029
0.69587300,5.09537029
0.69651300,5.09537029
0.69715300,5.09537029
0.69779300,5.09537029
0.69843300,5.27176714
0.69907300,5.27176714
0.69971300,5.27176714
0.70035300,5.27176714
0.70099300,5.27176714
0.70163300,5.27176714
0.70227300,5.44816446
0.70291300,5.27176714
0.70355300,5.44816446
0.70419300,5.27176714
0.70483300,5.27176714
0.70547300,5.44816446
0.70611300,5.27176714
0.70675300,5.27176714
0.70739300,5.27176714
0.70803300,5.27176714
0.70867300,5.27176714
0.70931300,5.09537029
0.70995300,4.91958380
0.71059300,5.09537029
0.71123300,4.91958380
0.71187300,4.91958380
0.71251300,4.74318695
0.71315300,4.74318695
0.71379300,4.74318695
0.71443300,4.56678963
0.71507300,4.56678963
0.71571300,4.39039278
0.71635300,4.39039278
0.71699300,4.21460629
0.71763300,4.03820896
0.71827300,4.03820896
0.71891300,4.03820896
0.71955300,3.86181211
0.72019300,3.86181211
0.72083300,3.68541527
0.72147300,3.50962853
0.72211300,3.50962853
0.72275300,3.33323169
0.72339300,3.15683460
0.72403300,3.15683460
0.72467300,2.98043752
0.72531300,2.80465102
0.72595300,2.62825394
0.72659300,2.45185709
0.72723300,2.45185709
0.72787300,2.27546000
0.72851300,2.09967351
0.72915300,1.92327642
0.72979300,1.92327642
0.73043300,1.74687946
0.73107300,1.57048249
0.73171300,1.39469588
0.73235300,1.39469588
0.73299300,1.21829891
0.73363300,1.04190195
0.73427300,1.04190195
0.73491300,0.86550492
0.73555300,0.68971831
0.73619300,0.51332134
0.73683300,0.33692434
0.73747300,0.33692434
0.73811300,0.16052736
0.73875300,-0.01525925
0.73939300,-0.19104587
0.74003300,-0.36744285
0.74067300,-0.36744285
0.74131300,-0.54383981
0.74195300,-0.72023684
0.74259300,-0.89602345
0.74323300,-0.89602345
0.74387300,-1.07242048
0.74451300,-1.07242048
0.74515300,-1.24881744
0.74579300,-1.42521441
0.74643300,-1.60100102
0.74707300,-1.77739799
0.74771300,-1.77739799
0.74835300,-1.77739799
0.74899300,-1.95379496
0.74963300,-2.13019204
0.75027300,-2.13019204
0.75091300,-2.30597854
0.75155300,-2.30597854
0.75219300,-2.48237562
0.75283300,-2.48237562
0.75347300,-2.65877247
0.75411300,-2.65877247
0.75475300,-2.65877247
0.75539300,-2.83516955
0.75603300,-2.83516955
0.75667300,-3.01095605
0.75731300,-3.01095605
0.75795300,-3.01095605
0.75859300,-3.18735313
0.75923300,-3.18735313
0.75987300,-3.36375022
0.76051300,-3.36375022
0.76115300,-3.36375022
0.76179300,-3.54014707
0.76243300,-3.54014707
0.76307300,-3.54014707
0.76371300,-3.54014707
0.76435300,-3.54014707
0.76499300,-3.54014707
0.76563300,-3.71593380
0.76627300,-3.71593380
0.76691300,-3.71593380
0.76755300,-3.71593380
0.76819300,-3.71593380
0.76883300,-3.71593380
0.76947300,-3.71593380
0.77011300,-3.71593380
0.77075300,-3.71593380
0.77139300,-3.71593380
0.77203300,-3.71593380
0.77267300,-3.71593380
0.77331300,-3.71593380
0.77395300,-3.71593380
0.77459300,-3.54014707
0.77523300,-3.54014707
0.77587300,-3.54014707
0.77651300,-3.54014707
0.77715300,-3.36375022
0.77779300,-3.36375022
0.77843300,-3.36375022
0.77907300,-3.36375022
0.77971300,-3.18735313
0.78035300,-3.18735313
0.78099300,-3.18735313
0.78163300,-3.18735313
0.78227300,-3.01095605
0.78291300,-3.01095605
0.78355300,-3.01095605
0.78419300,-2.83516955
0.78483300,-2.83516955
0.78547300,-2.83516955
0.78611300,-2.65877247
0.78675300,-2.65877247
0.78739300,-2.48237562
0.78803300,-2.48237562
0.78867300,-2.30597854
0.78931300,-2.48237562
0.78995300,-2.30597854
0.79059300,-2.30597854
0.79123300,-2.13019204
0.79187300,-2.13019204
0.79251300,-1.95379496
0.79315300,-1.95379496
0.79379300,-1.77739799
0.79443300,-1.77739799
0.79507300,-1.60100102
0.79571300,-1.60100102
0.79635300,-1.60100102
0.79699300,-1.42521441
0.79763300,-1.24881744
0.79827300,-1.24881744
0.79891300,-1.24881744
0.79955300,-1.07242048
0.80019300,-1.07242048
0.80083300,-0.89602345
0.80147300,-0.89602345
0.80211300,-0.72023684
0.80275300,-0.72023684
0.80339300,-0.54383981
0.80403300,-0.36744285
0.80467300,-0.36744285
0.80531300,-0.36744285
0.80595300,-0.19104587
0.80659300,-0.19104587
0.80723300,-0.19104587
0.80787300,-0.01525925
0.80851300,0.16052736
0.80915300,0.16052736
0.80979300,0.16052736
0.81043300,0.33692434
0.81107300,0.33692434
0.81171300,0.51332134
0.81235300,0.51332134
0.81299300,0.51332134
0.81363300,0.68971831
0.81427300,0.68971831
0.81491299,0.86550492
0.81555299,0.86550492
0.81619299,0.86550492
0.81683299,1.04190195
0.81747299,1.04190195
0.81811299,1.04190195
0.81875299,1.21829891
0.81939299,1.21829891
0.82003299,1.21829891
0.82067299,1.21829891
0.82131299,1.21829891
0.82195299,1.39469588
0.82259299,1.39469588
0.82323299,1.39469588
0.82387299,1.57048249
0.82451299,1.57048249
0.82515299,1.57048249
0.82579299,1.74687946
0.82643299,1.57048249
0.82707299,1.74687946
0.82771299,1.74687946
0.82835299,1.74687946
0.82899299,1.74687946
0.82963299,1.74687946
0.83027299,1.74687946
0.83091299,1.74687946
0.83155299,1.74687946
0.83219299,1.74687946
0.83283299,1.92327642
0.83347299,1.92327642
0.83411299,1.74687946
0.83475299,1.92327642
0.83539299,1.92327642
0.83603299,1.74687946
0.83667299,1.92327642
0.83731299,1.92327642
0.83795299,1.92327642
0.83859299,1.92327642
0.83923299,1.92327642
0.83987299,1.74687946
0.84051299,1.74687946
0.84115299,1.74687946
0.84179299,1.74687946
0.84243299,1.74687946
0.84307299,1.74687946
0.84371299,1.74687946
0.84435299,1.74687946
0.84499299,1.74687946
0.84563299,1.74687946
0.84627299,1.74687946
0.84691299,1.74687946
0.84755299,1.74687946
0.84819299,1.74687946
0.84883299,1.74687946
0.84947299,1.74687946
0.85011299,1.57048249
0.85075299,1.57048249
0.85139299,1.57048249
0.85203299,1.57048249
0.85267299,1.57048249
0.85331299,1.57048249
0.85395299,1.39469588
0.85459299,1.39469588
0.85523299,1.39469588
0.85587299,1.39469588
0.85651299,1.39469588
0.85715299,1.39469588
0.85779299,1.21829891
0.85843299,1.21829891
0.85907299,1.21829891
0.85971299,1.21829891
0.86035299,1.21829891
0.86099299,1.04190195
0.86163299,1.21829891
0.86227299,1.21829891
0.86291299,1.04190195
0.86355299,1.04190195
0.86419299,1.04190195
0.86483299,0.86550492
0.86547299,0.86550492
0.86611299,0.86550492
0.86675299,0.86550492
0.86739299,0.86550492
0.86803299,0.86550492
0.86867299,0.86550492
0.86931299,0.68971831
0.86995299,0.68971831
0.87059299,0.68971831
0.87123299,0.68971831
0.87187299,0.68971831
0.87251299,0.51332134
0.87315299,0.51332134
0.87379299,0.68971831
0.87443299,0.51332134
0.87507299,0.51332134
0.87571299,0.51332134
0.87635299,0.51332134
0.87699299,0.51332134
0.87763299,0.51332134
0.87827299,0.51332134
0.87891299,0.33692434
0.87955299,0.33692434
0.88019299,0.33692434
0.88083299,0.33692434
0.88147299,0.33692434
0.88211299,0.33692434
0.88275299,0.33692434
0.88339299,0.33692434
0.88403299,0.33692434
0.88467299,0.33692434
0.88531299,0.33692434
0.88595299,0.16052736
0.88659299,0.33692434
0.88723299,0.16052736
0.88787299,0.33692434
0.88851299,0.16052736
0.88915299,0.16052736
0.88979299,0.16052736
0.89043299,0.16052736
0.89107299,0.16052736
0.89171299,0.16052736
0.89235299,0.16052736
0.89299299,0.16052736
0.89363299,0.16052736
0.89427299,0.16052736
0.89491299,0.16052736
0.89555299,-0.01525925
0.89619299,0.16052736
0.89683299,0.16052736
0.89747299,0.16052736
0.89811299,0.16052736
0.89875299,0.16052736
0.89939299,0.16052736
0.90003299,0.16052736
0.90067299,0.16052736
0.90131299,0.16052736
0.90195299,0.16052736
0.90259299,0.16052736
0.90323299,0.16052736
0.90387299,-0.01525925
0.90451299,0.16052736
0.90515299,0.16052736
0.90579299,-0.01525925
0.90643299,-0.01525925
0.90707299,-0.01525925
0.90771299,-0.01525925
0.90835299,-0.01525925
0.90899299,-0.01525925
0.90963299,-0.01525925
0.91027299,-0.01525925
0.91091299,-0.01525925
0.91155299,-0.01525925
0.91219299,-0.01525925
0.91283299,-0.01525925
0.91347299,-0.01525925
0.91411299,-0.01525925
0.91475299,-0.01525925
0.91539299,-0.01525925
0.91603299,-0.19104587
0.91667299,-0.19104587
0.91731299,-0.19104587
0.91795299,-0.19104587
0.91859299,-0.19104587
0.91923299,-0.19104587
0.91987299,-0.19104587
0.92051299,-0.19104587
0.92115299,-0.19104587
0.92179299,-0.19104587
0.92243299,-0.19104587
0.92307299,-0.19104587
0.92371299,-0.36744285
0.92435299,-0.36744285
0.92499299,-0.36744285
0.92563299,-0.36744285
0.92627299,-0.36744285
0.92691299,-0.36744285
0.92755299,-0.36744285
0.92819299,-0.36744285
0.92883299,-0.36744285
0.92947299,-0.36744285
0.93011299,-0.36744285
0.93075299,-0.36744285
0.93139299,-0.36744285
0.93203299,-0.54383981
0.93267299,-0.72023684
0.93331299,-0.54383981
0.93395299,-0.72023684
0.93459299,-0.72023684
0.93523299,-0.72023684
0.93587299,-0.72023684
0.93651299,-0.72023684
0.93715299,-0.72023684
0.93779299,-0.89602345
0.93843299,-0.89602345
0.93907299,-0.89602345
0.93971299,-0.89602345
0.94035299,-0.89602345
0.94099299,-1.07242048
0.94163299,-0.89602345
0.94227299,-1.07242048
0.94291299,-1.07242048
0.94355299,-1.07242048
0.94419299,-1.07242048
0.94483299,-1.07242048
0.94547299,-1.24881744
0.94611299,-1.24881744
0.94675299,-1.24881744
0.94739299,-1.24881744
0.94803299,-1.24881744
0.94867299,-1.42521441
0.94931299,-1.42521441
0.94995299,-1.42521441
0.95059299,-1.60100102
0.95123299,-1.60100102
0.95187299,-1.42521441
0.95251299,-1.60100102
0.95315299,-1.60100102
0.95379299,-1.60100102
0.95443299,-1.60100102
0.95507299,-1.60100102
0.95571299,-1.60100102
0.95635299,-1.60100102
0.95699299,-1.60100102
0.95763299,-1.77739799
0.95827299,-1.77739799
0.95891299,-1.77739799
0.95955299,-1.77739799
0.96019299,-1.77739799
0.96083299,-1.77739799
0.96147299,-1.77739799
0.96211299,-1.77739799
0.96275299,-1.77739799
0.96339299,-1.77739799
0.96403299,-1.77739799
0.96467299,-1.77739799
0.96531299,-1.77739799
0.96595299,-1.77739799
0.96659299,-1.77739799
0.96723299,-1.77739799
0.96787299,-1.77739799
0.96851299,-1.77739799
0.96915299,-1.77739799
0.96979299,-1.77739799
0.97043299,-1.77739799
0.97107299,-1.77739799
0.97171299,-1.77739799
0.97235299,-1.77739799
0.97299299,-1.77739799
0.97363299,-1.77739799
0.97427299,-1.77739799
0.97491299,-1.77739799
0.97555299,-1.77739799
0.97619299,-1.77739799
0.97683299,-1.77739799
0.97747299,-1.77739799
0.97811299,-1.60100102
0.97875299,-1.42521441
0.97939299,-1.42521441
0.98003299,-1.60100102
0.98067299,-1.42521441
0.98131299,-1.42521441
0.98195299,-1.42521441
0.98259299,-1.24881744
0.98323299,-1.24881744
0.98387299,-1.24881744
0.98451299,-1.24881744
0.98515299,-1.24881744
0.98579299,-1.07242048
0.98643299,-1.07242048
0.98707299,-0.89602345
0.98771299,-0.89602345
0.98835299,-0.89602345
0.98899299,-0.89602345
0.98963299,-0.72023684
0.99027299,-0.72023684
0.99091299,-0.54383981
0.99155299,-0.54383981
0.99219299,-0.36744285
0.99283299,-0.36744285
0.99347299,-0.36744285
0.99411299,-0.36744285
0.99475299,-0.19104587
0.99539299,-0.19104587
0.99603299,-0.19104587
0.99667299,-0.01525925
0.99731299,0.16052736
0.99795299,0.16052736
0.99859299,0.33692434
0.99923299,0.33692434
0.99987299,0.33692434
1.00051299,0.51332134
1.00115299,0.51332134
1.00179299,0.51332134
1.00243299,0.68971831
1.00307299,0.68971831
1.00371299,0.86550492
1.00435299,0.86550492
1.00499299,1.04190195
1.00563299,1.04190195
1.00627299,1.21829891
1.00691299,1.21829891
1.00755299,1.21829891
1.00819299,1.39469588
1.00883299,1.57048249
1.00947299,1.57048249
1.01011299,1.74687946
1.01075299,1.74687946
1.01139299,1.74687946
1.01203299,1.92327642
1.01267299,1.92327642
1.01331299,1.92327642
1.01395299,2.09967351
1.01459299,2.09967351
1.01523299,2.09967351
1.01587299,2.27546000
1.01651299,2.45185709
1.01715299,2.45185709
1.01779299,2.45185709
1.01843299,2.45185709
1.01907299,2.62825394
1.01971299,2.62825394
1.02035299,2.80465102
1.02099299,2.62825394
1.02163299,2.80465102
1.02227299,2.80465102
1.02291299,2.98043752
1.02355299,2.98043752
1.02419299,2.98043752
1.02483299,3.15683460
1.02547299,2.98043752
1.02611299,3.15683460
1.02675299,3.15683460
1.02739299,3.15683460
1.02803299,3.15683460
1.02867299,3.15683460
1.02931299,3.33323169
1.02995299,3.33323169
1.03059299,3.15683460
1.03123299,3.33323169
1.03187299,3.33323169
1.03251299,3.33323169
1.03315299,3.33323169
1.03379299,3.33323169
1.03443299,3.33323169
1.03507299,3.33323169
1.03571299,3.33323169
1.03635299,3.33323169
1.03699299,3.33323169
1.03763299,3.33323169
1.03827299,3.33323169
1.03891299,3.33323169
1.03955299,3.15683460
1.04019299,3.33323169
1.04083299,3.33323169
1.04147299,3.15683460
1.04211299,3.15683460
1.04275299,3.15683460
1.04339299,3.15683460
1.04403299,3.15683460
1.04467299,3.15683460
1.04531299,2.98043752
1.04595299,2.80465102
1.04659299,2.80465102
1.04723299,2.80465102
1.04787299,2.62825394
1.04851299,2.62825394
1.04915299,2.45185709
1.04979299,2.45185709
1.05043299,2.45185709
1.05107299,2.27546000
1.05171299,2.27546000
1.05235299,2.27546000
1.05299299,2.09967351
1.05363299,1.92327642
1.05427299,1.92327642
1.05491299,1.74687946
1.05555299,1.74687946
1.05619299,1.74687946
1.05683299,1.57048249
1.05747299,1.57048249
1.05811299,1.39469588
1.05875299,1.39469588
1.05939299,1.21829891
1.06003299,1.21829891
1.06067299,1.04190195
1.06131299,0.86550492
1.06195299,0.86550492
1.06259299,0.68971831
1.06323299,0.51332134
1.06387299,0.33692434
1.06451299,0.33692434
1.06515299,0.16052736
1.06579299,0.16052736
1.06643299,-0.01525925
1.06707299,-0.19104587
1.06771299,-0.19104587
1.06835299,-0.36744285
1.06899299,-0.36744285
1.06963299,-0.54383981
1.07027299,-0.72023684
1.07091299,-0.89602345
1.07155299,-0.89602345
1.07219299,-1.07242048
1.07283299,-1.07242048
1.07347299,-1.24881744
1.07411299,-1.42521441
1.07475299,-1.60100102
1.07539299,-1.60100102
1.07603299,-1.77739799
1.07667299,-1.77739799
1.07731299,-1.95379496
1.07795299,-1.95379496
1.07859299,-2.13019204
1.07923299,-2.30597854
1.07987299,-2.30597854
1.08051299,-2.48237562
1.08115299,-2.48237562
1.08179299,-2.65877247
1.08243299,-2.83516955
1.08307299,-2.83516955
1.08371299,-3.01095605
1.08435299,-3.01095605
1.08499299,-3.18735313
1.08563299,-3.18735313
1.08627299,-3.18735313
1.08691299,-3.36375022
1.08755299,-3.36375022
1.08819299,-3.54014707
1.08883299,-3.54014707
1.08947299,-3.71593380
1.09011299,-3.71593380
1.09075299,-3.71593380
1.09139299,-3.89233065
1.09203299,-3.89233065
1.09267299,-3.89233065
1.09331299,-3.89233065
1.09395299,-4.06872749
1.09459299,-4.06872749
1.09523299,-4.06872749
1.09587299,-4.06872749
1.09651299,-4.24512482
1.09715299,-4.24512482
1.09779299,-4.24512482
1.09843299,-4.24512482
1.09907299,-4.24512482
1.09971299,-4.24512482
1.10035299,-4.24512482
1.10099299,-4.24512482
1.10163299,-4.42091131
1.10227299,-4.42091131
1.10291299,-4.42091131
1.10355299,-4.24512482
1.10419299,-4.24512482
1.10483299,-4.24512482
1.10547299,-4.24512482
1.10611299,-4.24512482
1.10675299,-4.24512482
1.10739299,-4.06872749
1.10803299,-4.06872749
1.10867299,-4.06872749
1.10931299,-4.06872749
1.10995299,-3.89233065
1.11059299,-3.89233065
1.11123299,-3.89233065
1.11187299,-3.89233065
1.11251299,-3.71593380
1.11315299,-3.71593380
1.11379299,-3.71593380
1.11443299,-3.71593380
1.11507299,-3.54014707
1.11571299,-3.36375022
1.11635299,-3.36375022
1.11699299,-3.18735313
1.11763299,-3.18735313
1.11827299,-3.01095605
1.11891299,-3.01095605
1.11955299,-2.83516955
1.12019299,-2.83516955
1.12083299,-2.65877247
1.12147299,-2.48237562
1.12211299,-2.48237562
1.12275299,-2.48237562
1.12339299,-2.30597854
1.12403299,-2.13019204
1.12467299,-1.95379496
1.12531299,-1.95379496
1.12595299,-1.77739799
1.12659299,-1.60100102
1.12723299,-1.60100102
1.12787299,-1.24881744
1.12851299,-1.24881744
1.12915299,-1.24881744
1.12979299,-0.89602345
1.13043299,-0.89602345
1.13107299,-0.72023684
1.13171299,-0.54383981
1.13235299,-0.36744285
1.13299299,-0.19104587
1.13363299,-0.19104587
1.13427299,-0.01525925
1.13491299,0.16052736
1.13555299,0.33692434
1.13619299,0.33692434
1.13683299,0.51332134
1.13747299,0.68971831
1.13811299,0.86550492
1.13875299,0.86550492
1.13939299,1.04190195
1.14003299,1.21829891
1.14067299,1.39469588
1.14131299,1.57048249
1.14195299,1.74687946
1.14259299,1.74687946
1.14323299,1.92327642
1.14387299,1.92327642
1.14451299,2.09967351
1.14515299,2.27546000
1.14579299,2.45185709
1.14643299,2.62825394
1.14707299,2.62825394
1.14771299,2.80465102
1.14835299,2.80465102
1.14899299,3.15683460
1.14963299,3.15683460
1.15027299,3.33323169
1.15091299,3.50962853
1.15155299,3.50962853
1.15219299,3.68541527
1.15283299,3.68541527
1.15347299,3.86181211
1.15411299,3.86181211
1.15475299,4.03820896
1.15539299,4.03820896
1.15603299,4.03820896
1.15667299,4.03820896
1.15731299,4.21460629
1.15795299,4.39039278
1.15859299,4.39039278
1.15923299,4.56678963
1.15987299,4.56678963
1.16051299,4.74318695
1.16115299,4.56678963
1.16179299,4.74318695
1.16243299,4.74318695
1.16307299,4.74318695
1.16371299,4.74318695
1.16435299,4.74318695
1.16499299,4.74318695
1.16563299,4.91958380
1.16627299,4.91958380
1.16691299,4.91958380
1.16755299,4.91958380
1.16819299,4.91958380
1.16883299,4.91958380
1.16947299,5.09537029
1.17011299,4.91958380
1.17075299,4.91958380
1.17139299,4.91958380
1.17203299,4.91958380
1.17267299,4.91958380
1.17331299,4.74318695
1.17395299,4.74318695
1.17459299,4.74318695
1.17523299,4.74318695
1.17587299,4.74318695
1.17651299,4.56678963
1.17715299,4.56678963
1.17779299,4.39039278
1.17843299,4.56678963
1.17907299,4.39039278
1.17971299,4.39039278
1.18035299,4.21460629
1.18099299,4.21460629
1.18163299,4.03820896
1.18227299,4.03820896
1.18291299,3.86181211
1.18355299,3.86181211
1.18419299,3.68541527
1.18483299,3.68541527
1.18547299,3.68541527
1.18611299,3.50962853
1.18675299,3.33323169
1.18739299,3.15683460
1.18803299,3.15683460
1.18867299,2.98043752
1.18931299,2.80465102
1.18995299,2.62825394
1.19059299,2.62825394
1.19123299,2.45185709
1.19187299,2.27546000
1.19251299,2.27546000
1.19315299,2.09967351
1.19379299,1.92327642
1.19443299,1.74687946
1.19507299,1.57048249
1.19571299,1.57048249
1.19635299,1.39469588
1.19699299,1.21829891
1.19763299,1.04190195
1.19827299,1.04190195
1.19891299,0.68971831
1.19955299,0.68971831
1.20019299,0.51332134
1.20083299,0.33692434
1.20147299,0.16052736
1.20211299,-0.01525925
1.20275299,-0.19104587
1.20339299,-0.19104587
1.20403299,-0.36744285
1.20467299,-0.54383981
1.20531299,-0.72023684
1.20595299,-0.89602345
1.20659299,-1.07242048
1.20723299,-1.07242048
1.20787299,-1.24881744
1.20851299,-1.42521441
1.20915299,-1.60100102
1.20979299,-1.60100102
1.21043299,-1.95379496
1.21107299,-1.95379496
1.21171299,-2.13019204
1.21235299,-2.30597854
1.21299299,-2.48237562
1.21363299,-2.48237562
1.21427299,-2.65877247
1.21491299,-2.65877247
1.21555299,-2.83516955
1.21619299,-3.01095605
1.21683299,-3.18735313
1.21747299,-3.18735313
1.21811299,-3.36375022
1.21875299,-3.36375022
1.21939299,-3.54014707
1.22003299,-3.71593380
1.22067299,-3.71593380
1.22131299,-3.71593380
1.22195299,-3.89233065
1.22259299,-3.89233065
1.22323299,-4.06872749
1.22387299,-4.06872749
1.22451299,-4.24512482
1.22515299,-4.24512482
1.22579299,-4.42091131
1.22643299,-4.42091131
1.22707299,-4.59730816
1.22771299,-4.59730816
1.22835299,-4.59730816
1.22899299,-4.77370548
1.22963299,-4.77370548
1.23027299,-4.77370548
1.23091299,-4.77370548
1.23155299,-4.95010233
1.23219299,-4.95010233
1.23283299,-4.95010233
1.23347299,-4.95010233
1.23411299,-4.95010233
1.23475299,-4.95010233
1.23539299,-4.95010233
1.23603299,-4.95010233
1.23667299,-4.95010233
1.23731299,-4.95010233
1.23795299,-4.95010233
1.23859299,-4.95010233
1.23923299,-4.95010233
1.23987299,-4.77370548
1.24051299,-4.95010233
1.24115299,-4.77370548
1.24179299,-4.77370548
1.24243299,-4.77370548
1.24307299,-4.59730816
1.24371299,-4.59730816
1.24435299,-4.59730816
1.24499299,-4.42091131
1.24563299,-4.42091131
1.24627299,-4.42091131
1.24691299,-4.24512482
1.24755299,-4.24512482
1.24819299,-4.06872749
1.24883299,-4.06872749
1.24947299,-4.06872749
1.25011299,-3.89233065
1.25075299,-3.89233065
1.25139299,-3.71593380
1.25203299,-3.54014707
1.25267299,-3.54014707
1.25331299,-3.36375022
1.25395299,-3.18735313
1.25459299,-3.18735313
1.25523299,-3.01095605
1.25587299,-3.01095605
1.25651299,-2.83516955
1.25715299,-2.83516955
1.25779299,-2.65877247
1.25843299,-2.48237562
1.25907299,-2.30597854
1.25971299,-2.30597854
1.26035299,-2.13019204
1.26099299,-1.95379496
1.26163299,-1.77739799
1.26227299,-1.77739799
1.26291299,-1.60100102
1.26355299,-1.42521441
1.26419299,-1.24881744
1.26483299,-1.07242048
1.26547299,-1.07242048
1.26611299,-0.89602345
1.26675299,-0.72023684
1.26739299,-0.54383981
1.26803299,-0.36744285
1.26867299,-0.36744285
1.26931299,-0.19104587
1.26995299,-0.01525925
1.27059299,0.16052736
1.27123299,0.33692434
1.27187299,0.51332134
1.27251299,0.51332134
1.27315299,0.68971831
1.27379299,0.86550492
1.27443299,1.04190195
1.27507299,1.21829891
1.27571299,1.21829891
1.27635299,1.39469588
1.27699299,1.57048249
1.27763299,1.74687946
1.27827299,1.74687946
1.27891299,1.92327642
1.27955299,2.09967351
1.28019299,2.09967351
1.28083299,2.27546000
1.28147299,2.45185709
1.28211299,2.45185709
1.28275299,2.62825394
1.28339299,2.80465102
1.28403299,2.80465102
1.28467299,3.15683460
1.28531299,3.15683460
1.28595299,3.15683460
1.28659299,3.33323169
1.28723299,3.33323169
1.28787299,3.50962853
1.28851299,3.68541527
1.28915299,3.68541527
1.28979299,3.68541527
1.29043299,3.86181211
1.29107299,3.86181211
1.29171299,3.86181211
1.29235299,3.86181211
1.29299299,4.03820896
1.29363299,4.03820896
1.29427299,4.21460629
1.29491299,4.21460629
1.29555299,4.21460629
1.29619299,4.39039278
1.29683299,4.39039278
1.29747299,4.39039278
1.29811299,4.39039278
1.29875299,4.39039278
1.29939299,4.56678963
1.30003299,4.56678963
1.30067299,4.56678963
1.30131299,4.56678963
1.30195299,4.56678963
1.30259299,4.56678963
1.30323299,4.56678963
1.30387299,4.56678963
1.30451299,4.74318695
1.30515299,4.56678963
1.30579299,4.56678963
1.30643299,4.56678963
1.30707299,4.56678963
1.30771299,4.39039278
1.30835299,4.39039278
1.30899299,4.39039278
1.30963299,4.39039278
1.31027299,4.21460629
1.31091299,4.39039278
1.31155299,4.21460629
1.31219299,4.03820896
1.31283299,4.03820896
1.31347299,4.03820896
1.31411299,4.03820896
1.31475299,3.86181211
1.31539299,3.86181211
1.31603299,3.68541527
1.31667299,3.68541527
1.31731299,3.68541527
1.31795299,3.50962853
1.31859299,3.50962853
1.31923299,3.33323169
1.31987299,3.33323169
1.32051299,3.15683460
1.32115299,3.15683460
1.32179299,2.98043752
1.32243299,2.98043752
1.32307299,2.80465102
1.32371299,2.62825394
1.32435299,2.62825394
1.32499299,2.45185709
1.32563299,2.45185709
1.32627299,2.27546000
1.32691299,2.09967351
1.32755299,1.92327642
1.32819299,1.92327642
1.32883299,1.74687946
1.32947299,1.74687946
1.33011299,1.57048249
1.33075299,1.57048249
1.33139299,1.39469588
1.33203299,1.21829891
1.33267299,1.04190195
1.33331299,0.86550492
1.33395299,0.86550492
1.33459299,0.68971831
1.33523299,0.51332134
1.33587299,0.51332134
1.33651299,0.33692434
1.33715299,0.16052736
1.33779299,0.16052736
1.33843299,-0.19104587
1.33907299,-0.19104587
1.33971299,-0.19104587
1.34035299,-0.36744285
1.34099299,-0.54383981
1.34163299,-0.72023684
1.34227299,-0.72023684
1.34291299,-0.89602345
1.34355299,-1.07242048
1.34419299,-1.07242048
1.34483299,-1.24881744
1.34547299,-1.42521441
1.34611299,-1.42521441
1.34675299,-1.60100102
1.34739299,-1.60100102
1.34803299,-1.77739799
1.34867299,-1.77739799
1.34931299,-1.95379496
1.34995299,-2.13019204
1.35059299,-2.13019204
1.35123299,-2.30597854
1.35187299,-2.30597854
1.35251299,-2.48237562
1.35315299,-2.48237562
1.35379299,-2.65877247
1.35443299,-2.65877247
1.35507299,-2.83516955
1.35571299,-2.83516955
1.35635299,-2.83516955
1.35699299,-3.01095605
1.35763299,-3.01095605
1.35827299,-3.18735313
1.35891299,-3.18735313
1.35955299,-3.18735313
1.36019299,-3.18735313
1.36083299,-3.36375022
1.36147299,-3.36375022
1.36211299,-3.36375022
1.36275299,-3.54014707
1.36339299,-3.54014707
1.36403299,-3.54014707
1.36467299,-3.54014707
1.36531299,-3.54014707
1.36595299,-3.71593380
1.36659299,-3.71593380
1.36723299,-3.71593380
1.36787299,-3.71593380
1.36851299,-3.71593380
1.36915299,-3.71593380
1.36979299,-3.71593380
1.37043299,-3.71593380
1.37107299,-3.71593380
1.37171299,-3.71593380
1.37235299,-3.71593380
1.37299299,-3.71593380
1.37363299,-3.71593380
1.37427299,-3.71593380
1.37491299,-3.71593380
1.37555299,-3.54014707
1.37619299,-3.54014707
1.37683299,-3.54014707
1.37747299,-3.54014707
1.37811299,-3.36375022
1.37875299,-3.54014707
1.37939299,-3.36375022
1.38003299,-3.36375022
1.38067299,-3.36375022
1.38131299,-3.18735313
1.38195299,-3.18735313
1.38259299,-3.18735313
1.38323299,-3.18735313
1.38387299,-3.01095605
1.38451299,-3.01095605
1.38515299,-3.01095605
1.38579299,-2.83516955
1.38643299,-2.65877247
1.38707299,-2.65877247
1.38771299,-2.65877247
1.38835299,-2.65877247
1.38899299,-2.48237562
1.38963299,-2.48237562
1.39027299,-2.30597854
1.39091299,-2.30597854
1.39155299,-2.13019204
1.39219299,-2.13019204
1.39283299,-1.95379496
1.39347299,-1.95379496
1.39411299,-1.77739799
1.39475299,-1.77739799
1.39539299,-1.60100102
1.39603299,-1.77739799
1.39667299,-1.60100102
1.39731299,-1.42521441
1.39795299,-1.24881744
1.39859299,-1.24881744
1.39923299,-1.07242048
1.39987299,-1.07242048
1.40051299,-0.89602345
1.40115299,-0.89602345
1.40179299,-0.72023684
1.40243299,-0.72023684
1.40307299,-0.54383981
1.40371299,-0.36744285
1.40435299,-0.36744285
1.40499299,-0.36744285
1.40563299,-0.19104587
1.40627299,-0.19104587
1.40691299,-0.01525925
1.40755299,0.16052736
1.40819299,0.16052736
1.40883299,0.33692434
1.40947299,0.33692434
1.41011299,0.51332134
1.41075299,0.51332134
1.41139299,0.68971831
1.41203299,0.68971831
1.41267299,0.68971831
1.41331299,0.86550492
1.41395299,1.04190195
1.41459299,1.04190195
1.41523299,1.21829891
1.41587299,1.21829891
1.41651299,1.21829891
1.41715299,1.39469588
1.41779299,1.39469588
1.41843299,1.57048249
1.41907299,1.57048249
1.41971299,1.57048249
1.42035299,1.74687946
1.42099299,1.74687946
1.42163299,1.74687946
1.42227299,1.92327642
1.42291299,1.92327642
1.42355299,1.92327642
1.42419299,1.92327642
1.42483299,2.09967351
1.42547299,2.09967351
1.42611299,2.27546000
1.42675299,2.27546000
1.42739299,2.27546000
1.42803299,2.27546000
1.42867299,2.45185709
1.42931299,2.45185709
1.42995299,2.45185709
1.43059299,2.45185709
1.43123299,2.45185709
1.43187299,2.62825394
1.43251299,2.45185709
1.43315299,2.45185709
1.43379299,2.45185709
1.43443299,2.62825394
1.43507299,2.62825394
1.43571299,2.62825394
1.43635299,2.62825394
1.43699299,2.62825394
1.43763299,2.62825394
1.43827299,2.62825394
1.43891299,2.62825394
1.43955299,2.62825394
1.44019299,2.62825394
1.44083299,2.62825394
1.44147299,2.62825394
1.44211299,2.62825394
1.44275299,2.62825394
1.44339299,2.45185709
1.44403299,2.45185709
1.44467299,2.45185709
1.44531299,2.45185709
1.44595299,2.45185709
1.44659299,2.45185709
1.44723299,2.45185709
1.44787299,2.45185709
1.44851299,2.45185709
1.44915299,2.45185709
1.44979299,2.27546000
1.45043299,2.27546000
1.45107299,2.27546000
1.45171299,2.27546000
1.45235299,2.09967351
1.45299299,2.09967351
1.45363299,2.09967351
1.45427299,2.09967351
1.45491299,1.92327642
1.45555299,1.92327642
1.45619299,1.92327642
1.45683299,1.92327642
1.45747299,1.74687946
1.45811299,1.74687946
1.45875299,1.74687946
1.45939299,1.74687946
1.46003299,1.74687946
1.46067299,1.57048249
1.46131299,1.57048249
1.46195299,1.39469588
1.46259299,1.39469588
1.46323299,1.39469588
1.46387299,1.21829891
1.46451299,1.21829891
1.46515299,1.21829891
1.46579299,1.21829891
1.46643299,1.21829891
1.46707299,1.04190195
1.46771299,0.86550492
1.46835299,0.86550492
1.46899299,0.86550492
1.46963299,0.86550492
1.47027299,0.68971831
1.47091299,0.68971831
1.47155299,0.51332134
1.47219299,0.51332134
1.47283299,0.51332134
1.47347299,0.33692434
1.47411299,0.33692434
1.47475299,0.33692434
1.47539299,0.33692434
1.47603299,0.33692434
1.47667299,0.16052736
1.47731299,-0.01525925
1.47795299,-0.01525925
1.47859299,-0.01525925
1.47923299,-0.01525925
1.47987299,-0.19104587
1.48051299,-0.19104587
1.48115299,-0.19104587
1.48179299,-0.19104587
1.48243299,-0.36744285
1.48307299,-0.36744285
1.48371299,-0.36744285
1.48435299,-0.36744285
1.48499299,-0.54383981
1.48563299,-0.54383981
1.48627299,-0.54383981
1.48691299,-0.54383981
1.48755299,-0.54383981
1.48819299,-0.72023684
1.48883299,-0.72023684
1.48947299,-0.72023684
1.49011299,-0.89602345
1.49075299,-0.89602345
1.49139299,-0.89602345
1.49203299,-0.89602345
1.49267299,-0.89602345
1.49331299,-0.89602345
1.49395299,-1.07242048
1.49459299,-0.89602345
1.49523299,-1.07242048
1.49587299,-1.07242048
1.49651299,-1.07242048
1.49715299,-1.07242048
1.49779299,-1.07242048
1.49843299,-1.07242048
1.49907299,-1.24881744
1.49971299,-1.24881744
1.50035299,-1.24881744
1.50099299,-1.24881744
1.50163299,-1.24881744
1.50227299,-1.24881744
1.50291299,-1.24881744
1.50355299,-1.24881744
1.50419299,-1.24881744
1.50483299,-1.24881744
1.50547299,-1.24881744
1.50611299,-1.42521441
1.50675299,-1.24881744
1.50739299,-1.24881744
1.50803299,-1.42521441
1.50867299,-1.24881744
1.50931299,-1.42521441
1.50995299,-1.24881744
1.51059299,-1.42521441
1.51123299,-1.24881744
1.51187299,-1.42521441
1.51251299,-1.42521441
1.51315299,-1.42521441
1.51379299,-1.24881744
1.51443299,-1.24881744
1.51507299,-1.24881744
1.51571299,-1.24881744
1.51635299,-1.24881744
1.51699299,-1.24881744
1.51763299,-1.24881744
1.51827299,-1.24881744
1.51891299,-1.24881744
1.51955299,-1.24881744
1.52019299,-1.24881744
1.52083299,-1.24881744
1.52147299,-1.24881744
1.52211299,-1.24881744
1.52275299,-1.24881744
1.52339299,-1.07242048
1.52403299,-1.07242048
1.52467299,-1.07242048
1.52531299,-1.07242048
1.52595299,-1.07242048
1.52659299,-1.07242048
1.52723299,-1.07242048
1.52787299,-1.07242048
1.52851299,-1.07242048
1.52915299,-1.07242048
1.52979299,-0.89602345
1.53043299,-0.89602345
1.53107299,-0.89602345
1.53171299,-0.89602345
1.53235299,-0.89602345
1.53299299,-0.89602345
1.53363299,-0.89602345
1.53427299,-0.89602345
1.53491299,-0.89602345
1.53555299,-0.89602345
1.53619299,-0.89602345
1.53683299,-0.89602345
1.53747299,-0.89602345
1.53811299,-0.89602345
1.53875299,-0.72023684
1.53939299,-0.72023684
1.54003299,-0.72023684
1.54067299,-0.72023684
1.54131299,-0.72023684
1.54195299,-0.72023684
1.54259299,-0.72023684
1.54323299,-0.54383981
1.54387299,-0.72023684
1.54451299,-0.54383981
1.54515299,-0.54383981
1.54579299,-0.54383981
1.54643299,-0.54383981
1.54707299,-0.54383981
1.54771299,-0.36744285
1.54835299,-0.54383981
1.54899299,-0.36744285
1.54963299,-0.54383981
1.55027299,-0.36744285
1.55091299,-0.36744285
1.55155299,-0.36744285
1.55219299,-0.36744285
1.55283299,-0.36744285
1.55347299,-0.36744285
1.55411299,-0.36744285
1.55475299,-0.36744285
1.55539299,-0.36744285
1.55603299,-0.36744285
1.55667299,-0.36744285
1.55731299,-0.36744285
1.55795299,-0.36744285
1.55859299,-0.19104587
1.55923299,-0.36744285
1.55987299,-0.36744285
1.56051299,-0.19104587
1.56115299,-0.19104587
1.56179299,-0.19104587
1.56243299,-0.19104587
1.56307299,-0.19104587
1.56371299,-0.19104587
1.56435299,-0.19104587
1.56499299,-0.19104587
1.56563299,-0.19104587
1.56627299,-0.01525925
1.56691299,-0.19104587
1.56755299,-0.01525925
1.56819299,-0.19104587
1.56883299,-0.01525925
1.56947299,-0.01525925
1.57011299,-0.01525925
1.57075299,-0.01525925
1.57139299,-0.01525925
1.57203299,-0.01525925
1.57267299,-0.01525925
1.57331299,0.16052736
1.57395299,0.16052736
1.57459299,0.16052736
1.57523299,0.16052736
1.57587299,0.16052736
1.57651299,0.16052736
1.57715299,0.16052736
1.57779299,0.16052736
1.57843299,0.16052736
1.57907299,0.16052736
1.57971299,0.16052736
1.58035299,0.16052736
1.58099299,0.33692434
1.58163299,0.33692434
1.58227299,0.33692434
1.58291299,0.33692434
1.58355299,0.33692434
1.58419299,0.33692434
1.58483299,0.33692434
1.58547299,0.33692434
1.58611299,0.33692434
1.58675299,0.33692434
1.58739299,0.51332134
1.58803299,0.33692434
1.58867299,0.51332134
1.58931299,0.51332134
1.58995299,0.51332134
1.59059299,0.51332134
1.59123299,0.51332134
1.59187299,0.51332134
1.59251299,0.51332134
1.59315299,0.51332134
1.59379299,0.51332134
1.59443299,0.68971831
1.59507299,0.51332134
1.59571299,0.51332134
1.59635299,0.68971831
1.59699299,0.68971831
1.59763299,0.68971831
1.59827299,0.86550492
1.59891299,0.68971831
1.59955299,0.68971831
1.60019299,0.86550492
1.60083299,0.86550492
1.60147299,0.86550492
1.60211299,0.86550492
1.60275299,0.86550492
1.60339299,0.86550492
1.60403299,0.86550492
1.60467299,0.86550492
1.60531299,1.04190195
1.60595299,1.04190195
1.60659299,1.04190195
1.60723299,1.04190195
1.60787299,1.04190195
1.60851299,1.04190195
1.60915299,1.04190195
1.60979299,1.04190195
1.61043299,1.04190195
1.61107299,1.21829891
1.61171299,1.21829891
1.61235299,1.21829891
1.61299299,1.21829891
1.61363299,1.21829891
1.61427299,1.21829891
1.61491299,1.21829891
1.61555299,1.21829891
1.61619299,1.21829891
1.61683299,1.21829891
1.61747299,1.21829891
1.61811299,1.21829891
1.61875299,1.21829891
1.61939299,1.39469588
1.62003299,1.21829891
1.62067299,1.39469588
1.62131299,1.39469588
1.62195299,1.39469588
1.62259299,1.39469588
1.62323299,1.39469588
1.62387299,1.39469588
1.62451299,1.39469588
1.62515299,1.39469588
1.62579299,1.39469588
1.62643299,1.39469588
1.62707299,1.39469588
1.62771299,1.39469588
1.62835299,1.39469588
1.62899299,1.39469588
1.62963299,1.39469588
1.63027299,1.39469588
1.63091299,1.39469588
1.63155299,1.39469588
1.63219299,1.39469588
1.63283299,1.39469588
1.63347299,1.39469588
1.63411299,1.39469588
1.63475299,1.39469588
1.63539299,1.39469588
1.63603299,1.21829891
1.63667299,1.21829891
1.63731299,1.21829891
1.63795299,1.21829891
1.63859299,1.21829891
1.63923299,1.21829891
1.63987299,1.21829891
1.64051299,1.21829891
1.64115299,1.21829891
1.64179299,1.21829891
1.64243299,1.21829891
1.64307299,1.04190195
1.64371299,1.04190195
1.64435299,1.04190195
1.64499299,1.04190195
1.64563299,1.04190195
1.64627299,1.04190195
1.64691299,0.86550492
1.64755299,0.86550492
1.64819299,0.86550492
1.64883299,0.68971831
1.64947299,0.86550492
1.65011299,0.68971831
1.65075299,0.68971831
1.65139299,0.68971831
1.65203299,0.68971831
1.65267299,0.51332134
1.65331299,0.51332134
1.65395299,0.51332134
1.65459299,0.51332134
1.65523299,0.33692434
1.65587299,0.33692434
1.65651299,0.33692434
1.65715299,0.33692434
1.65779299,0.16052736
1.65843299,0.16052736
1.65907299,0.16052736
1.65971299,0.16052736
1.66035299,-0.01525925
1.66099299,-0.01525925
1.66163299,-0.19104587
1.66227299,-0.19104587
1.66291299,-0.19104587
1.66355299,-0.36744285
1.66419299,-0.36744285
1.66483299,-0.36744285
1.66547299,-0.36744285
1.66611299,-0.36744285
1.66675299,-0.54383981
1.66739299,-0.54383981
1.66803299,-0.72023684
1.66867299,-0.54383981
1.66931299,-0.72023684
1.66995299,-0.89602345
1.67059299,-0.89602345
1.67123299,-0.89602345
1.67187299,-1.07242048
1.67251299,-1.07242048
1.67315299,-1.07242048
1.67379299,-1.07242048
1.67443299,-1.07242048
1.67507299,-1.24881744
1.67571299,-1.24881744
1.67635299,-1.42521441
1.67699299,-1.42521441
1.67763299,-1.42521441
1.67827299,-1.60100102
1.67891299,-1.60100102
1.67955299,-1.60100102
1.68019299,-1.60100102
1.68083299,-1.60100102
1.68147299,-1.77739799
1.68211299,-1.77739799
1.68275299,-1.77739799
1.68339299,-1.95379496
1.68403299,-1.77739799
1.68467299,-1.77739799
1.68531299,-1.77739799
1.68595299,-1.95379496
1.68659299,-2.13019204
1.68723299,-2.13019204
1.68787299,-1.95379496
1.68851299,-2.13019204
1.68915299,-2.13019204
1.68979299,-2.13019204
1.69043299,-2.30597854
1.69107299,-2.30597854
1.69171299,-2.30597854
1.69235299,-2.30597854
1.69299299,-2.30597854
1.69363299,-2.30597854
1.69427299,-2.30597854
1.69491299,-2.30597854
1.69555299,-2.30597854
1.69619299,-2.30597854
1.69683299,-2.30597854
1.69747299,-2.30597854
1.69811299,-2.30597854
1.69875299,-2.30597854
1.69939299,-2.30597854
1.70003299,-2.30597854
1.70067299,-2.30597854
1.70131299,-2.30597854
1.70195299,-2.30597854
1.70259299,-2.48237562
1.70323299,-2.30597854
1.70387299,-2.30597854
1.70451299,-2.13019204
1.70515299,-2.13019204
1.70579299,-2.30597854
1.70643299,-2.30597854
1.70707299,-2.13019204
1.70771299,-2.13019204
1.70835299,-2.13019204
1.70899299,-1.95379496
1.70963299,-2.13019204
1.71027299,-1.95379496
1.71091299,-1.95379496
1.71155299,-1.95379496
1.71219299,-1.95379496
1.71283299,-1.77739799
1.71347299,-1.77739799
1.71411299,-1.77739799
1.71475299,-1.77739799
1.71539299,-1.60100102
1.71603299,-1.77739799
1.71667299,-1.60100102
1.71731299,-1.60100102
1.71795299,-1.60100102
1.71859299,-1.42521441
1.71923299,-1.42521441
1.71987299,-1.24881744
1.72051299,-1.24881744
1.72115299,-1.07242048
1.72179299,-1.07242048
1.72243299,-0.89602345
1.72307299,-0.89602345
1.72371299,-0.89602345
1.72435299,-0.89602345
1.72499299,-0.72023684
1.72563299,-0.54383981
1.72627299,-0.54383981
1.72691299,-0.36744285
1.72755299,-0.36744285
1.72819299,-0.36744285
1.72883299,-0.19104587
1.72947299,-0.19104587
1.73011299,-0.19104587
1.73075299,-0.01525925
1.73139299,-0.01525925
1.73203299,0.16052736
1.73267299,0.16052736
1.73331299,0.33692434
1.73395299,0.33692434
1.73459299,0.51332134
1.73523299,0.51332134
1.73587299,0.51332134
1.73651299,0.68971831
1.73715299,0.68971831
1.73779299,0.86550492
1.73843299,1.04190195
1.73907299,1.04190195
1.73971299,1.04190195
1.74035299,1.21829891
1.74099299,1.21829891
1.74163299,1.21829891
1.74227299,1.39469588
1.74291299,1.39469588
1.74355299,1.57048249
1.74419299,1.74687946
1.74483299,1.74687946
1.74547299,1.74687946
1.74611299,1.92327642
1.74675299,1.92327642
1.74739299,1.92327642
1.74803299,1.92327642
1.74867299,2.09967351
1.74931299,2.09967351
1.74995299,2.27546000
1.75059299,2.27546000
1.75123299,2.27546000
1.75187299,2.45185709
1.75251299,2.45185709
1.75315299,2.45185709
1.75379299,2.45185709
1.75443299,2.62825394
1.75507299,2.62825394
1.75571299,2.80465102
1.75635299,2.62825394
1.75699299,2.80465102
1.75763299,2.80465102
1.75827299,2.80465102
1.75891299,2.98043752
1.75955299,2.98043752
1.76019299,2.98043752
1.76083299,3.15683460
1.76147299,2.98043752
1.76211299,2.98043752
1.76275299,2.98043752
1.76339299,2.98043752
1.76403299,3.15683460
1.76467299,3.15683460
1.76531299,3.15683460
1.76595299,3.15683460
1.76659299,3.15683460
1.76723299,3.15683460
1.76787299,3.15683460
1.76851299,3.15683460
1.76915299,3.15683460
1.76979299,3.15683460
1.77043299,3.15683460
1.77107299,3.15683460
1.77171299,3.15683460
1.77235299,3.15683460
1.77299299,2.98043752
1.77363299,2.98043752
1.77427299,2.98043752
1.77491299,2.98043752
1.77555299,2.80465102
1.77619299,2.80465102
1.77683299,2.80465102
1.77747299,2.80465102
1.77811299,2.62825394
1.77875299,2.62825394
1.77939299,2.62825394
1.78003299,2.45185709
1.78067299,2.45185709
1.78131299,2.45185709
1.78195299,2.45185709
1.78259299,2.27546000
1.78323299,2.27546000
1.78387299,2.27546000
1.78451299,2.09967351
1.78515299,1.92327642
1.78579299,1.92327642
1.78643299,1.74687946
1.78707299,1.74687946
1.78771299,1.74687946
1.78835299,1.74687946
1.78899299,1.57048249
1.78963299,1.57048249
1.79027299,1.39469588
1.79091299,1.39469588
1.79155299,1.21829891
1.79219299,1.21829891
1.79283299,1.04190195
1.79347299,1.04190195
1.79411299,0.86550492
1.79475299,0.86550492
1.79539299,0.68971831
1.79603299,0.51332134
1.79667299,0.51332134
1.79731299,0.51332134
1.79795299,0.33692434
1.79859299,0.33692434
1.79923299,0.16052736
1.79987299,0.16052736
1.80051299,-0.01525925
1.80115299,-0.19104587
1.80179299,-0.19104587
1.80243299,-0.36744285
1.80307299,-0.36744285
1.80371299,-0.54383981
1.80435299,-0.54383981
1.80499299,-0.72023684
1.80563299,-0.89602345
1.80627299,-0.89602345
1.80691299,-1.07242048
1.80755299,-1.07242048
1.80819299,-1.24881744
1.80883299,-1.42521441
1.80947299,-1.42521441
1.81011299,-1.60100102
1.81075299,-1.60100102
1.81139299,-1.77739799
1.81203299,-1.77739799
1.81267299,-1.77739799
1.81331299,-1.95379496
1.81395299,-1.95379496
1.81459299,-1.95379496
1.81523299,-2.13019204
1.81587299,-2.30597854
1.81651299,-2.30597854
1.81715299,-2.48237562
1.81779299,-2.48237562
1.81843299,-2.48237562
1.81907299,-2.48237562
1.81971299,-2.65877247
1.82035299,-2.65877247
1.82099299,-2.65877247
1.82163299,-2.65877247
1.82227299,-2.83516955
1.82291299,-3.01095605
1.82355299,-3.01095605
1.82419299,-3.01095605
1.82483299,-3.01095605
1.82547299,-3.18735313
1.82611299,-3.18735313
1.82675299,-3.18735313
1.82739299,-3.18735313
1.82803299,-3.18735313
1.82867299,-3.18735313
1.82931299,-3.36375022
1.82995299,-3.36375022
1.83059299,-3.36375022
1.83123299,-3.36375022
1.83187299,-3.36375022
1.83251299,-3.36375022
1.83315299,-3.36375022
1.83379299,-3.36375022
1.83443299,-3.36375022
1.83507299,-3.36375022
1.83571299,-3.36375022
1.83635299,-3.36375022
1.83699299,-3.36375022
1.83763299,-3.36375022
1.83827299,-3.36375022
1.83891299,-3.36375022
1.83955299,-3.36375022
1.84019299,-3.36375022
1.84083299,-3.18735313
1.84147299,-3.18735313
1.84211299,-3.18735313
1.84275299,-3.18735313
1.84339299,-3.18735313
1.84403299,-3.18735313
1.84467299,-3.18735313
1.84531299,-3.18735313
1.84595299,-3.01095605
1.84659299,-2.83516955
1.84723299,-2.83516955
1.84787299,-2.83516955
1.84851299,-2.83516955
1.84915299,-2.65877247
1.84979299,-2.65877247
1.85043299,-2.48237562
1.85107299,-2.48237562
1.85171299,-2.48237562
1.85235299,-2.30597854
1.85299299,-2.30597854
1.85363299,-2.30597854
1.85427299,-2.13019204
1.85491299,-1.95379496
1.85555299,-1.95379496
1.85619299,-1.95379496
1.85683299,-1.77739799
1.85747299,-1.77739799
1.85811299,-1.60100102
1.85875299,-1.60100102
1.85939299,-1.42521441
1.86003299,-1.24881744
1.86067299,-1.24881744
1.86131299,-1.07242048
1.86195299,-1.07242048
1.86259299,-0.89602345
1.86323299,-0.89602345
1.86387299,-0.72023684
1.86451299,-0.54383981
1.86515299,-0.54383981
1.86579299,-0.36744285
1.86643299,-0.36744285
1.86707299,-0.19104587
1.86771299,-0.19104587
1.86835299,-0.01525925
1.86899299,-0.01525925
1.86963299,0.16052736
1.87027299,0.33692434
1.87091299,0.33692434
1.87155299,0.51332134
1.87219299,0.68971831
1.87283299,0.68971831
1.87347299,0.86550492
1.87411299,0.86550492
1.87475299,1.04190195
1.87539299,1.21829891
1.87603299,1.21829891
1.87667299,1.21829891
1.87731299,1.39469588
1.87795299,1.57048249
1.87859299,1.57048249
1.87923299,1.74687946
1.87987299,1.74687946
1.88051299,1.92327642
1.88115299,1.92327642
1.88179299,2.09967351
1.88243299,2.09967351
1.88307299,2.09967351
1.88371299,2.27546000
1.88435299,2.45185709
1.88499299,2.45185709
1.88563299,2.45185709
1.88627299,2.62825394
1.88691299,2.62825394
1.88755299,2.62825394
1.88819299,2.80465102
1.88883299,2.80465102
1.88947299,2.98043752
1.89011299,2.98043752
1.89075299,3.15683460
1.89139299,3.15683460
1.89203299,3.15683460
1.89267299,3.15683460
1.89331299,3.15683460
1.89395299,3.15683460
1.89459299,3.33323169
1.89523299,3.33323169
1.89587299,3.33323169
1.89651299,3.33323169
1.89715299,3.33323169
1.89779299,3.50962853
1.89843299,3.50962853
1.89907299,3.50962853
1.89971299,3.50962853
1.90035299,3.68541527
1.90099299,3.50962853
1.90163299,3.50962853
1.90227299,3.50962853
1.90291299,3.50962853
1.90355299,3.50962853
1.90419299,3.50962853
1.90483299,3.50962853
1.90547299,3.50962853
1.90611299,3.50962853
1.90675299,3.33323169
1.90739299,3.33323169
1.90803299,3.33323169
1.90867299,3.33323169
1.90931299,3.33323169
1.90995299,3.33323169
1.91059299,3.33323169
1.91123299,3.33323169
1.91187299,3.33323169
1.91251299,3.15683460
1.91315299,3.15683460
1.91379299,3.15683460
1.91443299,3.15683460
1.91507299,2.98043752
1.91571299,2.98043752
1.91635299,2.98043752
1.91699299,2.80465102
1.91763299,2.62825394
1.91827299,2.62825394
1.91891299,2.45185709
1.91955299,2.45185709
1.92019299,2.45185709
1.92083299,2.27546000
1.92147299,2.27546000
1.92211299,2.27546000
1.92275299,2.09967351
1.92339299,2.09967351
1.92403299,1.92327642
1.92467299,1.92327642
1.92531299,1.74687946
1.92595299,1.74687946
1.92659299,1.57048249
1.92723299,1.57048249
1.92787299,1.57048249
1.92851299,1.21829891
1.92915299,1.21829891
1.92979299,1.04190195
1.93043299,1.04190195
1.93107299,0.86550492
1.93171299,0.86550492
1.93235299,0.68971831
1.93299299,0.68971831
1.93363299,0.51332134
1.93427299,0.51332134
1.93491299,0.33692434
1.93555299,0.16052736
1.93619299,0.16052736
1.93683299,-0.01525925
1.93747299,-0.01525925
1.93811299,-0.19104587
1.93875299,-0.36744285
1.93939299,-0.36744285
1.94003299,-0.36744285
1.94067299,-0.54383981
1.94131299,-0.54383981
1.94195299,-0.89602345
1.94259299,-0.89602345
1.94323299,-0.89602345
1.94387299,-1.07242048
1.94451299,-1.07242048
1.94515299,-1.24881744
1.94579299,-1.24881744
1.94643299,-1.42521441
1.94707299,-1.60100102
1.94771299,-1.60100102
1.94835299,-1.60100102
1.94899299,-1.77739799
1.94963299,-1.77739799
1.95027299,-1.95379496
1.95091299,-1.95379496
1.95155299,-2.13019204
1.95219299,-2.13019204
1.95283299,-2.13019204
1.95347299,-2.30597854
1.95411299,-2.30597854
1.95475299,-2.30597854
1.95539299,-2.48237562
1.95603299,-2.48237562
1.95667299,-2.48237562
1.95731299,-2.65877247
1.95795299,-2.65877247
1.95859299,-2.65877247
1.95923299,-2.65877247
1.95987299,-2.83516955
1.96051299,-2.83516955
1.96115299,-3.01095605
1.96179299,-3.01095605
1.96243299,-3.01095605
1.96307299,-3.01095605
1.96371299,-3.01095605
1.96435299,-3.18735313
1.96499299,-3.01095605
1.96563299,-3.01095605
1.96627299,-3.18735313
1.96691299,-3.01095605
1.96755299,-3.18735313
1.96819299,-3.18735313
1.96883299,-3.18735313
1.96947299,-3.18735313
1.97011299,-3.18735313
1.97075299,-3.18735313
1.97139299,-3.18735313
1.97203299,-3.18735313
1.97267299,-3.18735313
1.97331299,-3.18735313
1.97395299,-3.18735313
1.97459299,-3.01095605
1.97523299,-3.18735313
1.97587299,-3.18735313
1.97651299,-3.01095605
1.97715299,-3.01095605
1.97779299,-3.01095605
1.97843299,-3.01095605
1.97907299,-3.01095605
1.97971299,-2.83516955
1.98035299,-2.83516955
1.98099299,-2.65877247
1.98163299,-2.83516955
1.98227299,-2.83516955
1.98291299,-2.65877247
1.98355299,-2.48237562
1.98419299,-2.48237562
1.98483299,-2.48237562
1.98547299,-2.48237562
1.98611299,-2.30597854
1.98675299,-2.30597854
1.98739299,-2.30597854
1.98803299,-2.30597854
1.98867299,-2.13019204
1.98931299,-1.95379496
1.98995299,-1.95379496
1.99059299,-1.95379496
1.99123299,-1.77739799
1.99187299,-1.77739799
1.99251299,-1.60100102
1.99315299,-1.60100102
1.99379299,-1.60100102
1.99443299,-1.60100102
1.99507299,-1.42521441
1.99571299,-1.24881744
1.99635299,-1.24881744
1.99699299,-1.24881744
1.99763299,-1.07242048
1.99827299,-0.89602345
1.99891299,-0.89602345
1.99955299,-0.89602345
2.00019299,-0.72023684
2.00083299,-0.54383981
2.00147299,-0.54383981
2.00211299,-0.36744285
2.00275299,-0.36744285
2.00339299,-0.19104587
2.00403299,-0.19104587
2.00467299,-0.01525925
2.00531299,-0.01525925
2.00595299,0.16052736
2.00659299,0.16052736
2.00723299,0.33692434
2.00787299,0.33692434
2.00851299,0.33692434
2.00915299,0.51332134
2.00979299,0.51332134
2.01043299,0.68971831
2.01107299,0.68971831
2.01171299,0.86550492
2.01235299,0.86550492
2.01299299,0.86550492
2.01363299,1.04190195
2.01427299,1.04190195
2.01491299,1.21829891
2.01555299,1.21829891
2.01619299,1.21829891
2.01683299,1.39469588
2.01747299,1.57048249
2.01811299,1.57048249
2.01875299,1.57048249
2.01939299,1.74687946
2.02003299,1.74687946
2.02067299,1.74687946
2.02131299,1.74687946
2.02195299,1.92327642
2.02259299,1.92327642
2.02323299,1.92327642
2.02387299,2.09967351
2.02451299,2.09967351
2.02515299,2.27546000
2.02579299,2.09967351
2.02643299,2.27546000
2.02707299,2.27546000
2.02771299,2.45185709
2.02835299,2.45185709
2.02899299,2.45185709
2.02963299,2.45185709
2.03027299,2.45185709
2.03091299,2.45185709
2.03155299,2.45185709
2.03219299,2.45185709
2.03283299,2.45185709
2.03347299,2.62825394
2.03411299,2.45185709
2.03475299,2.62825394
2.03539299,2.62825394
2.03603299,2.62825394
2.03667299,2.62825394
2.03731299,2.62825394
2.03795299,2.62825394
2.03859299,2.62825394
2.03923299,2.62825394
2.03987299,2.62825394
2.04051299,2.62825394
2.04115299,2.62825394
2.04179299,2.62825394
2.04243299,2.62825394
2.04307299,2.45185709
2.04371299,2.45185709
2.04435299,2.62825394
2.04499299,2.45185709
2.04563299,2.45185709
2.04627299,2.45185709
2.04691299,2.45185709
2.04755299,2.45185709
2.04819299,2.45185709
2.04883299,2.45185709
2.04947299,2.45185709
2.05011299,2.27546000
2.05075299,2.27546000
2.05139299,2.27546000
2.05203299,2.27546000
2.05267299,2.09967351
2.05331299,2.09967351
2.05395299,2.09967351
2.05459299,1.92327642
2.05523299,1.92327642
2.05587299,1.92327642
2.05651299,1.74687946
2.05715299,1.74687946
2.05779299,1.74687946
2.05843299,1.74687946
2.05907299,1.74687946
2.05971299,1.57048249
2.06035299,1.57048249
2.06099299,1.57048249
2.06163299,1.39469588
2.06227299,1.39469588
2.06291299,1.21829891
2.06355299,1.21829891
2.06419299,1.04190195
2.06483299,1.04190195
2.06547299,1.04190195
2.06611299,1.04190195
2.06675299,0.86550492
2.06739299,0.86550492
2.06803299,0.68971831
2.06867299,0.86550492
2.06931299,0.51332134
2.06995299,0.51332134
2.07059299,0.51332134
2.07123299,0.33692434
2.07187299,0.33692434
2.07251299,0.16052736
2.07315299,0.16052736
2.07379299,0.16052736
2.07443299,0.16052736
2.07507299,0.16052736
2.07571299,-0.01525925
2.07635299,-0.19104587
2.07699299,-0.19104587
2.07763299,-0.36744285
2.07827299,-0.19104587
2.07891299,-0.36744285
2.07955299,-0.36744285
2.08019299,-0.36744285
2.08083299,-0.54383981
2.08147299,-0.54383981
2.08211299,-0.72023684
2.08275299,-0.72023684
2.08339299,-0.89602345
2.08403299,-0.89602345
2.08467299,-0.89602345
2.08531299,-0.89602345
2.08595299,-0.89602345
2.08659299,-1.07242048
2.08723299,-1.07242048
2.08787299,-1.07242048
2.08851299,-1.07242048
2.08915299,-1.07242048
2.08979299,-1.24881744
2.09043299,-1.24881744
2.09107299,-1.24881744
2.09171299,-1.42521441
2.09235299,-1.42521441
2.09299299,-1.42521441
2.09363299,-1.60100102
2.09427299,-1.60100102
2.09491299,-1.60100102
2.09555299,-1.60100102
2.09619299,-1.60100102
2.09683299,-1.60100102
2.09747299,-1.60100102
2.09811299,-1.77739799
2.09875299,-1.77739799
2.09939299,-1.77739799
2.10003299,-1.77739799
2.10067299,-1.77739799
2.10131299,-1.77739799
2.10195299,-1.77739799
2.10259299,-1.77739799
2.10323299,-1.77739799
2.10387299,-1.77739799
2.10451299,-1.77739799
2.10515299,-1.95379496
2.10579299,-1.77739799
2.10643299,-1.77739799
2.10707299,-1.77739799
2.10771299,-1.77739799
2.10835299,-1.95379496
2.10899299,-1.77739799
2.10963299,-1.77739799
2.11027299,-1.77739799
2.11091299,-1.77739799
2.11155299,-1.77739799
2.11219299,-1.77739799
2.11283299,-1.77739799
2.11347299,-1.77739799
2.11411299,-1.77739799
2.11475299,-1.77739799
2.11539299,-1.77739799
2.11603299,-1.77739799
2.11667299,-1.77739799
2.11731299,-1.77739799
2.11795299,-1.77739799
2.11859299,-1.60100102
2.11923299,-1.60100102
2.11987299,-1.60100102
2.12051299,-1.60100102
2.12115299,-1.60100102
2.12179299,-1.60100102
2.12243299,-1.42521441
2.12307299,-1.42521441
2.12371299,-1.42521441
2.12435299,-1.42521441
2.12499299,-1.42521441
2.12563299,-1.42521441
2.12627299,-1.24881744
2.12691299,-1.24881744
2.12755299,-1.24881744
2.12819299,-1.24881744
2.12883299,-1.24881744
2.12947299,-1.24881744
2.13011299,-1.07242048
2.13075299,-1.07242048
2.13139299,-1.07242048
2.13203299,-0.89602345
2.13267299,-0.89602345
2.13331299,-0.89602345
2.13395299,-0.89602345
2.13459299,-0.89602345
2.13523299,-0.89602345
2.13587299,-0.72023684
2.13651299,-0.72023684
2.13715299,-0.72023684
2.13779299,-0.72023684
2.13843299,-0.54383981
2.13907299,-0.54383981
2.13971299,-0.54383981
2.14035299,-0.36744285
2.14099299,-0.36744285
2.14163299,-0.36744285
2.14227299,-0.36744285
2.14291299,-0.36744285
2.14355299,-0.19104587
2.14419299,-0.36744285
2.14483299,-0.19104587
2.14547299,-0.19104587
2.14611299,-0.01525925
2.14675299,-0.01525925
2.14739299,-0.01525925
2.14803299,-0.01525925
2.14867299,0.16052736
2.14931299,-0.01525925
2.14995299,0.16052736
2.15059299,0.16052736
2.15123299,0.16052736
2.15187299,0.16052736
2.15251299,0.33692434
2.15315299,0.33692434
2.15379299,0.33692434
2.15443299,0.33692434
2.15507299,0.51332134
2.15571299,0.33692434
2.15635299,0.51332134
2.15699299,0.51332134
2.15763299,0.51332134
2.15827299,0.51332134
2.15891299,0.51332134
2.15955299,0.68971831
2.16019299,0.68971831
2.16083299,0.51332134
2.16147299,0.68971831
2.16211299,0.68971831
2.16275299,0.68971831
2.16339299,0.86550492
2.16403299,0.68971831
2.16467299,0.86550492
2.16531299,0.68971831
2.16595299,0.86550492
2.16659299,0.86550492
2.16723299,0.86550492
2.16787299,0.86550492
2.16851299,0.86550492
2.16915299,1.04190195
2.16979299,0.86550492
2.17043299,0.86550492
2.17107299,1.04190195
2.17171299,1.04190195
2.17235299,1.04190195
2.17299299,1.04190195
2.17363299,1.04190195
2.17427299,1.04190195
2.17491299,1.04190195
2.17555299,1.04190195
2.17619299,1.04190195
2.17683299,1.04190195
2.17747299,1.04190195
2.17811299,1.21829891
2.17875299,1.04190195
2.17939299,1.04190195
2.18003299,1.04190195
2.18067299,1.04190195
2.18131299,1.04190195
2.18195299,1.04190195
2.18259299,1.04190195
2.18323299,1.04190195
2.18387299,1.04190195
2.18451299,1.04190195
2.18515299,1.04190195
2.18579299,1.04190195
2.18643299,1.04190195
2.18707299,1.04190195
2.18771299,1.04190195
2.18835299,1.04190195
2.18899299,1.04190195
2.18963299,1.04190195
2.19027299,1.04190195
2.19091299,1.04190195
2.19155299,1.04190195
2.19219299,1.04190195
2.19283299,1.04190195
2.19347299,1.04190195
2.19411299,1.04190195
2.19475299,1.04190195
2.19539299,1.04190195
2.19603299,1.04190195
2.19667299,1.04190195
2.19731299,0.86550492
2.19795299,0.86550492
2.19859299,0.86550492
2.19923299,0.86550492
2.19987299,0.86550492
2.20051299,0.86550492
2.20115299,0.86550492
2.20179299,0.86550492
2.20243299,0.86550492
2.20307299,0.86550492
2.20371299,0.86550492
2.20435299,0.86550492
2.20499299,0.86550492
2.20563299,0.68971831
2.20627299,0.68971831
2.20691299,0.68971831
2.20755299,0.68971831
2.20819299,0.68971831
2.20883299,0.68971831
2.20947299,0.68971831
2.21011299,0.68971831
2.21075299,0.68971831
2.21139299,0.68971831
2.21203299,0.51332134
2.21267299,0.51332134
2.21331299,0.51332134
2.21395299,0.51332134
2.21459299,0.51332134
2.21523299,0.51332134
2.21587299,0.51332134
2.21651299,0.51332134
2.21715299,0.51332134
2.21779299,0.51332134
2.21843299,0.51332134
2.21907299,0.51332134
2.21971299,0.51332134
2.22035299,0.51332134
2.22099299,0.33692434
2.22163299,0.33692434
2.22227299,0.33692434
2.22291299,0.33692434
2.22355299,0.33692434
2.22419299,0.33692434
2.22483299,0.33692434
2.22547299,0.33692434
2.22611299,0.33692434
2.22675299,0.33692434
2.22739299,0.33692434
2.22803299,0.33692434
2.22867299,0.16052736
2.22931299,0.16052736
2.22995299,0.33692434
2.23059299,0.16052736
2.23123299,0.16052736
2.23187299,0.16052736
2.23251299,0.16052736
2.23315299,0.16052736
2.23379299,0.16052736
2.23443299,0.16052736
2.23507299,0.16052736
2.23571299,-0.01525925
2.23635299,0.16052736
2.23699299,0.16052736
2.23763299,-0.01525925
2.23827299,-0.01525925
2.23891299,-0.01525925
2.23955299,-0.01525925
2.24019299,-0.01525925
2.24083299,-0.01525925
2.24147299,-0.19104587
2.24211299,-0.01525925
2.24275299,-0.19104587
2.24339299,-0.19104587
2.24403299,-0.19104587
2.24467299,-0.19104587
2.24531299,-0.19104587
2.24595299,-0.19104587
2.24659299,-0.19104587
2.24723299,-0.19104587
2.24787299,-0.19104587
2.24851299,-0.36744285
2.24915299,-0.36744285
2.24979299,-0.36744285
2.25043299,-0.36744285
2.25107299,-0.36744285
2.25171299,-0.36744285
2.25235299,-0.36744285
2.25299299,-0.36744285
2.25363299,-0.36744285
2.25427299,-0.36744285
2.25491299,-0.36744285
2.25555299,-0.36744285
2.25619299,-0.36744285
2.25683299,-0.54383981
2.25747299,-0.54383981
2.25811299,-0.54383981
2.25875299,-0.54383981
2.25939299,-0.54383981
2.26003299,-0.54383981
2.26067299,-0.54383981
2.26131299,-0.54383981
2.26195299,-0.72023684
2.26259299,-0.72023684
2.26323299,-0.72023684
2.26387299,-0.72023684
2.26451299,-0.72023684
2.26515299,-0.72023684
2.26579299,-0.72023684
2.26643299,-0.72023684
2.26707299,-0.72023684
2.26771299,-0.72023684
2.26835299,-0.72023684
2.26899299,-0.89602345
2.26963299,-0.72023684
2.27027299,-0.89602345
2.27091299,-0.89602345
2.27155299,-0.89602345
2.27219299,-0.89602345
2.27283299,-0.89602345
2.27347299,-0.89602345
2.27411299,-0.89602345
2.27475299,-0.89602345
2.27539299,-0.89602345
2.27603299,-0.89602345
2.27667299,-0.89602345
2.27731299,-0.89602345
2.27795299,-1.07242048
2.27859299,-0.89602345
2.27923299,-1.07242048
2.27987299,-1.07242048
2.28051299,-0.89602345
2.28115299,-1.07242048
2.28179299,-1.07242048
2.28243299,-0.89602345
2.28307299,-1.07242048
2.28371299,-1.07242048
2.28435299,-1.07242048
2.28499299,-1.07242048
2.28563299,-1.07242048
2.28627299,-1.07242048
2.28691299,-1.07242048
2.28755299,-1.07242048
2.28819299,-1.07242048
2.28883299,-1.07242048
2.28947299,-1.07242048
2.29011299,-1.07242048
2.29075299,-1.07242048
2.29139299,-1.07242048
2.29203299,-1.07242048
2.29267299,-1.07242048
2.29331299,-1.07242048
2.29395299,-1.07242048
2.29459299,-1.07242048
2.29523299,-0.89602345
2.29587299,-1.07242048
2.29651299,-0.89602345
2.29715299,-0.89602345
2.29779299,-0.89602345
2.29843299,-0.89602345
2.29907299,-0.89602345
2.29971299,-0.89602345
2.30035299,-0.89602345
2.30099299,-0.89602345
2.30163299,-0.89602345
2.30227299,-0.89602345
2.30291299,-0.89602345
2.30355299,-0.89602345
2.30419299,-0.89602345
2.30483299,-0.89602345
2.30547299,-0.89602345
2.30611299,-0.89602345
2.30675299,-0.72023684
2.30739299,-0.89602345
2.30803299,-0.72023684
2.30867299,-0.72023684
2.30931299,-0.72023684
2.30995299,-0.72023684
2.31059299,-0.54383981
2.31123299,-0.54383981
2.31187299,-0.54383981
2.31251299,-0.54383981
2.31315299,-0.54383981
2.31379299,-0.54383981
2.31443299,-0.36744285
2.31507299,-0.36744285
2.31571299,-0.36744285
2.31635299,-0.36744285
2.31699299,-0.36744285
2.31763299,-0.36744285
2.31827299,-0.19104587
2.31891299,-0.19104587
2.31955299,-0.19104587
2.32019299,-0.19104587
2.32083299,-0.19104587
2.32147299,-0.19104587
2.32211299,-0.19104587
2.32275299,-0.01525925
2.32339299,-0.01525925
2.32403299,-0.01525925
2.32467299,0.16052736
2.32531299,0.16052736
2.32595299,0.16052736
2.32659299,0.16052736
2.32723299,0.33692434
2.32787299,0.33692434
2.32851299,0.33692434
2.32915299,0.33692434
2.32979299,0.33692434
2.33043299,0.51332134
2.33107299,0.33692434
2.33171299,0.51332134
2.33235299,0.51332134
2.33299299,0.51332134
2.33363299,0.51332134
2.33427299,0.68971831
2.33491299,0.68971831
2.33555299,0.68971831
2.33619299,0.86550492
2.33683299,0.86550492
2.33747299,0.86550492
2.33811299,0.86550492
2.33875299,0.86550492
2.33939299,0.86550492
2.34003299,1.04190195
2.34067299,1.04190195
2.34131299,1.04190195
2.34195299,1.04190195
2.34259299,1.04190195
2.34323299,1.21829891
2.34387299,1.21829891
2.34451299,1.21829891
2.34515299,1.21829891
2.34579299,1.21829891
2.34643299,1.21829891
2.34707299,1.21829891
2.34771299,1.39469588
2.34835299,1.39469588
2.34899299,1.39469588
2.34963299,1.39469588
2.35027299,1.39469588
2.35091299,1.57048249
2.35155299,1.57048249
2.35219299,1.57048249
2.35283299,1.57048249
2.35347299,1.57048249
2.35411299,1.57048249
2.35475299,1.74687946
2.35539299,1.57048249
2.35603299,1.57048249
2.35667299,1.57048249
2.35731299,1.74687946
2.35795299,1.74687946
2.35859299,1.74687946
2.35923299,1.74687946
2.35987299,1.74687946
2.36051299,1.74687946
2.36115299,1.74687946
2.36179299,1.74687946
2.36243299,1.74687946
2.36307299,1.74687946
2.36371299,1.74687946
2.36435299,1.74687946
2.36499299,1.74687946
2.36563299,1.74687946
2.36627299,1.74687946
2.36691299,1.74687946
2.36755299,1.74687946
2.36819299,1.74687946
2.36883299,1.74687946
2.36947299,1.74687946
2.37011299,1.74687946
2.37075299,1.57048249
2.37139299,1.57048249
2.37203299,1.57048249
2.37267299,1.57048249
2.37331299,1.57048249
2.37395299,1.57048249
2.37459299,1.57048249
2.37523299,1.57048249
2.37587299,1.39469588
2.37651299,1.57048249
2.37715299,1.39469588
2.37779299,1.39469588
2.37843299,1.21829891
2.37907299,1.39469588
2.37971299,1.21829891
2.38035299,1.21829891
2.38099299,1.21829891
2.38163299,1.21829891
2.38227299,1.04190195
2.38291299,1.04190195
2.38355299,1.04190195
2.38419299,1.04190195
2.38483299,0.86550492
2.38547299,0.86550492
2.38611299,0.86550492
2.38675299,0.86550492
2.38739299,0.86550492
2.38803299,0.68971831
2.38867299,0.51332134
2.38931299,0.51332134
2.38995299,0.51332134
2.39059299,0.51332134
2.39123299,0.51332134
2.39187299,0.33692434
2.39251299,0.33692434
2.39315299,0.33692434
2.39379299,0.16052736
2.39443299,0.16052736
2.39507299,0.16052736
2.39571299,-0.01525925
2.39635299,-0.01525925
2.39699299,-0.01525925
2.39763299,-0.19104587
2.39827299,-0.19104587
2.39891299,-0.19104587
2.39955299,-0.19104587
2.40019299,-0.36744285
2.40083299,-0.36744285
2.40147299,-0.36744285
2.40211299,-0.54383981
2.40275299,-0.54383981
2.40339299,-0.54383981
2.40403299,-0.72023684
2.40467299,-0.72023684
2.40531299,-0.89602345
2.40595299,-0.89602345
2.40659299,-0.89602345
2.40723299,-0.89602345
2.40787299,-1.07242048
2.40851299,-0.89602345
2.40915299,-1.07242048
2.40979299,-1.24881744
2.41043299,-1.24881744
2.41107299,-1.24881744
2.41171299,-1.24881744
2.41235299,-1.42521441
2.41299299,-1.42521441
2.41363299,-1.60100102
2.41427299,-1.60100102
2.41491299,-1.60100102
2.41555299,-1.60100102
2.41619299,-1.60100102
2.41683299,-1.77739799
2.41747299,-1.77739799
2.41811299,-1.77739799
2.41875299,-1.77739799
2.41939299,-1.77739799
2.42003299,-1.77739799
2.42067299,-1.95379496
2.42131299,-1.95379496
2.42195299,-1.95379496
2.42259299,-1.95379496
2.42323299,-2.13019204
2.42387299,-1.95379496
2.42451299,-2.13019204
2.42515299,-2.13019204
2.42579299,-1.95379496
2.42643299,-2.13019204
2.42707299,-2.13019204
2.42771299,-2.13019204
2.42835299,-2.13019204
2.42899299,-2.13019204
2.42963299,-2.13019204
2.43027299,-2.13019204
2.43091299,-2.30597854
2.43155299,-2.13019204
2.43219299,-2.13019204
2.43283299,-2.13019204
2.43347299,-2.13019204
2.43411299,-2.13019204
2.43475299,-2.30597854
2.43539299,-2.13019204
2.43603299,-2.30597854
2.43667299,-2.13019204
2.43731299,-2.13019204
2.43795299,-2.13019204
2.43859299,-2.13019204
2.43923299,-2.13019204
2.43987299,-2.13019204
2.44051299,-2.13019204
2.44115299,-2.13019204
2.44179299,-1.95379496
2.44243299,-1.95379496
2.44307299,-1.95379496
2.44371299,-1.95379496
2.44435299,-1.95379496
2.44499299,-1.77739799
2.44563299,-1.77739799
2.44627299,-1.77739799
2.44691299,-1.60100102
2.44755299,-1.77739799
2.44819299,-1.77739799
2.44883299,-1.60100102
2.44947299,-1.60100102
2.45011299,-1.42521441
2.45075299,-1.42521441
2.45139299,-1.42521441
2.45203299,-1.42521441
2.45267299,-1.24881744
2.45331299,-1.24881744
2.45395299,-1.24881744
2.45459299,-1.07242048
2.45523299,-1.07242048
2.45587299,-1.07242048
2.45651299,-1.07242048
2.45715299,-0.89602345
2.45779299,-0.89602345
2.45843299,-0.72023684
2.45907299,-0.72023684
2.45971299,-0.72023684
2.46035298,-0.54383981
2.46099298,-0.54383981
2.46163298,-0.36744285
2.46227298,-0.36744285
2.46291298,-0.36744285
2.46355298,-0.19104587
2.46419298,-0.19104587
2.46483298,-0.01525925
2.46547298,-0.01525925
2.46611298,0.16052736
2.46675298,0.16052736
2.46739298,0.16052736
2.46803298,0.33692434
2.46867298,0.33692434
2.46931298,0.33692434
2.46995298,0.51332134
2.47059298,0.51332134
2.47123298,0.51332134
2.47187298,0.68971831
2.47251298,0.68971831
2.47315298,0.68971831
2.47379298,0.86550492
2.47443298,0.86550492
2.47507298,1.04190195
2.47571298,1.04190195
2.47635298,1.04190195
2.47699298,1.21829891
2.47763298,1.21829891
2.47827298,1.39469588
2.47891298,1.39469588
2.47955298,1.39469588
2.48019298,1.39469588
2.48083298,1.57048249
2.48147298,1.57048249
2.48211298,1.57048249
2.48275298,1.74687946
2.48339298,1.74687946
2.48403298,1.74687946
2.48467298,1.74687946
2.48531298,1.74687946
2.48595298,1.92327642
2.48659298,1.92327642
2.48723298,1.92327642
2.48787298,2.09967351
2.48851298,2.09967351
2.48915298,2.09967351
2.48979298,2.09967351
2.49043298,2.27546000
2.49107298,2.27546000
2.49171298,2.27546000
2.49235298,2.27546000
2.49299298,2.27546000
2.49363298,2.27546000
2.49427298,2.27546000
2.49491298,2.45185709
2.49555298,2.27546000
2.49619298,2.45185709
2.49683298,2.45185709
2.49747298,2.45185709
2.49811298,2.45185709
2.49875298,2.45185709
2.49939298,2.45185709
2.50003298,2.45185709
2.50067298,2.45185709
2.50131298,2.45185709
2.50195298,2.45185709
2.50259298,2.45185709
2.50323298,2.45185709
2.50387298,2.45185709
2.50451298,2.45185709
2.50515298,2.45185709
2.50579298,2.45185709
2.50643298,2.45185709
2.50707298,2.45185709
2.50771298,2.45185709
2.50835298,2.45185709
2.50899298,2.27546000
2.50963298,2.27546000
2.51027298,2.27546000
2.51091298,2.27546000
2.51155298,2.27546000
2.51219298,2.09967351
2.51283298,2.09967351
2.51347298,2.09967351
2.51411298,1.92327642
2.51475298,1.92327642
2.51539298,1.92327642
2.51603298,1.92327642
2.51667298,1.92327642
2.51731298,1.74687946
2.51795298,1.74687946
2.51859298,1.74687946
2.51923298,1.74687946
2.51987298,1.57048249
2.52051298,1.57048249
2.52115298,1.57048249
2.52179298,1.39469588
2.52243298,1.39469588
2.52307298,1.21829891
2.52371298,1.21829891
2.52435298,1.21829891
2.52499298,1.21829891
2.52563298,1.04190195
2.52627298,1.04190195
2.52691298,0.86550492
2.52755298,0.86550492
2.52819298,0.68971831
2.52883298,0.68971831
2.52947298,0.68971831
2.53011298,0.68971831
2.53075298,0.33692434
2.53139298,0.33692434
2.53203298,0.33692434
2.53267298,0.33692434
2.53331298,0.16052736
2.53395298,0.16052736
2.53459298,0.16052736
2.53523298,-0.01525925
2.53587298,-0.01525925
2.53651298,-0.19104587
2.53715298,-0.19104587
2.53779298,-0.36744285
2.53843298,-0.36744285
2.53907298,-0.36744285
2.53971298,-0.36744285
2.54035298,-0.54383981
2.54099298,-0.54383981
2.54163298,-0.72023684
2.54227298,-0.89602345
2.54291298,-0.89602345
2.54355298,-0.89602345
2.54419298,-0.89602345
2.54483298,-1.07242048
2.54547298,-1.07242048
2.54611298,-1.24881744
2.54675298,-1.24881744
2.54739298,-1.24881744
2.54803298,-1.42521441
2.54867298,-1.60100102
2.54931298,-1.60100102
2.54995298,-1.60100102
2.55059298,-1.60100102
2.55123298,-1.60100102
2.55187298,-1.77739799
2.55251298,-1.77739799
2.55315298,-1.77739799
2.55379298,-1.77739799
2.55443298,-1.77739799
2.55507298,-1.95379496
2.55571298,-2.13019204
2.55635298,-2.13019204
2.55699298,-2.13019204
2.55763298,-2.13019204
2.55827298,-2.13019204
2.55891298,-2.13019204
2.55955298,-2.13019204
2.56019298,-2.30597854
2.56083298,-2.30597854
2.56147298,-2.30597854
2.56211298,-2.30597854
2.56275298,-2.30597854
2.56339298,-2.30597854
2.56403298,-2.48237562
2.56467298,-2.48237562
2.56531298,-2.48237562
2.56595298,-2.30597854
2.56659298,-2.48237562
2.56723298,-2.48237562
2.56787298,-2.48237562
2.56851298,-2.48237562
2.56915298,-2.48237562
2.56979298,-2.48237562
2.57043298,-2.48237562
2.57107298,-2.48237562
2.57171298,-2.48237562
2.57235298,-2.48237562
2.57299298,-2.48237562
2.57363298,-2.48237562
2.57427298,-2.30597854
2.57491298,-2.48237562
2.57555298,-2.30597854
2.57619298,-2.30597854
2.57683298,-2.30597854
2.57747298,-2.30597854
2.57811298,-2.30597854
2.57875298,-2.30597854
2.57939298,-2.30597854
2.58003298,-2.13019204
2.58067298,-2.13019204
2.58131298,-2.13019204
2.58195298,-2.13019204
2.58259298,-1.95379496
2.58323298,-1.95379496
2.58387298,-1.95379496
2.58451298,-1.77739799
2.58515298,-1.77739799
2.58579298,-1.77739799
2.58643298,-1.77739799
2.58707298,-1.60100102
2.58771298,-1.60100102
2.58835298,-1.60100102
2.58899298,-1.60100102
2.58963298,-1.42521441
2.59027298,-1.42521441
2.59091298,-1.24881744
2.59155298,-1.24881744
2.59219298,-1.24881744
2.59283298,-1.24881744
2.59347298,-1.07242048
2.59411298,-1.07242048
2.59475298,-0.89602345
2.59539298,-0.89602345
2.59603298,-0.89602345
2.59667298,-0.89602345
2.59731298,-0.54383981
2.59795298,-0.54383981
2.59859298,-0.54383981
2.59923298,-0.54383981
2.59987298,-0.36744285
2.60051298,-0.36744285
2.60115298,-0.19104587
2.60179298,-0.19104587
2.60243298,-0.19104587
2.60307298,-0.01525925
2.60371298,0.16052736
2.60435298,0.16052736
2.60499298,0.16052736
2.60563298,0.33692434
2.60627298,0.33692434
2.60691298,0.33692434
2.60755298,0.51332134
2.60819298,0.51332134
2.60883298,0.51332134
2.60947298,0.51332134
2.61011298,0.68971831
2.61075298,0.86550492
2.61139298,0.86550492
2.61203298,0.86550492
2.61267298,1.04190195
2.61331298,1.04190195
2.61395298,1.04190195
2.61459298,1.04190195
2.61523298,1.21829891
2.61587298,1.21829891
2.61651298,1.39469588
2.61715298,1.39469588
2.61779298,1.39469588
2.61843298,1.39469588
2.61907298,1.57048249
2.61971298,1.57048249
2.62035298,1.57048249
2.62099298,1.74687946
2.62163298,1.74687946
2.62227298,1.74687946
2.62291298,1.74687946
2.62355298,1.92327642
2.62419298,1.92327642
2.62483298,1.92327642
2.62547298,1.92327642
2.62611298,1.92327642
2.62675298,1.92327642
2.62739298,2.09967351
2.62803298,2.09967351
2.62867298,2.27546000
2.62931298,2.09967351
2.62995298,2.27546000
2.63059298,2.09967351
2.63123298,2.09967351
2.63187298,2.27546000
2.63251298,2.27546000
2.63315298,2.27546000
2.63379298,2.27546000
2.63443298,2.27546000
2.63507298,2.27546000
2.63571298,2.27546000
2.63635298,2.27546000
2.63699298,2.27546000
2.63763298,2.27546000
2.63827298,2.27546000
2.63891298,2.27546000
2.63955298,2.27546000
2.64019298,2.27546000
2.64083298,2.27546000
2.64147298,2.27546000
2.64211298,2.27546000
2.64275298,2.27546000
2.64339298,2.27546000
2.64403298,2.27546000
2.64467298,2.09967351
2.64531298,2.09967351
2.64595298,2.09967351
2.64659298,2.09967351
2.64723298,2.09967351
2.64787298,1.92327642
2.64851298,1.92327642
2.64915298,1.92327642
2.64979298,1.92327642
2.65043298,1.92327642
2.65107298,1.92327642
2.65171298,1.92327642
2.65235298,1.74687946
2.65299298,1.74687946
2.65363298,1.74687946
2.65427298,1.74687946
2.65491298,1.57048249
2.65555298,1.57048249
2.65619298,1.57048249
2.65683298,1.57048249
2.65747298,1.39469588
2.65811298,1.39469588
2.65875298,1.21829891
2.65939298,1.21829891
2.66003298,1.21829891
2.66067298,1.21829891
2.66131298,1.04190195
2.66195298,1.04190195
2.66259298,1.04190195
2.66323298,0.86550492
2.66387298,0.86550492
2.66451298,0.86550492
2.66515298,0.86550492
2.66579298,0.68971831
2.66643298,0.68971831
2.66707298,0.68971831
2.66771298,0.51332134
2.66835298,0.33692434
2.66899298,0.33692434
2.66963298,0.33692434
2.67027298,0.33692434
2.67091298,0.16052736
2.67155298,0.16052736
2.67219298,0.16052736
2.67283298,-0.01525925
2.67347298,-0.01525925
2.67411298,-0.19104587
2.67475298,-0.19104587
2.67539298,-0.19104587
2.67603298,-0.36744285
2.67667298,-0.36744285
2.67731298,-0.36744285
2.67795298,-0.36744285
2.67859298,-0.36744285
2.67923298,-0.54383981
2.67987298,-0.54383981
2.68051298,-0.72023684
2.68115298,-0.72023684
2.68179298,-0.89602345
2.68243298,-0.89602345
2.68307298,-0.89602345
2.68371298,-0.89602345
2.68435298,-0.89602345
2.68499298,-1.07242048
2.68563298,-1.07242048
2.68627298,-1.07242048
2.68691298,-1.24881744
2.68755298,-1.24881744
2.68819298,-1.24881744
2.68883298,-1.24881744
2.68947298,-1.24881744
2.69011298,-1.42521441
2.69075298,-1.42521441
2.69139298,-1.60100102
2.69203298,-1.60100102
2.69267298,-1.60100102
2.69331298,-1.60100102
2.69395298,-1.60100102
2.69459298,-1.60100102
2.69523298,-1.77739799
2.69587298,-1.60100102
2.69651298,-1.77739799
2.69715298,-1.77739799
2.69779298,-1.77739799
2.69843298,-1.77739799
2.69907298,-1.77739799
2.69971298,-1.77739799
2.70035298,-1.77739799
2.70099298,-1.77739799
2.70163298,-1.77739799
2.70227298,-1.77739799
2.70291298,-1.95379496
2.70355298,-1.77739799
2.70419298,-1.77739799
2.70483298,-1.95379496
2.70547298,-1.95379496
2.70611298,-1.77739799
2.70675298,-1.95379496
2.70739298,-1.95379496
2.70803298,-1.77739799
2.70867298,-1.77739799
2.70931298,-1.77739799
2.70995298,-1.95379496
2.71059298,-1.77739799
2.71123298,-1.77739799
2.71187298,-1.77739799
2.71251298,-1.77739799
2.71315298,-1.77739799
2.71379298,-1.77739799
2.71443298,-1.77739799
2.71507298,-1.77739799
2.71571298,-1.77739799
2.71635298,-1.60100102
2.71699298,-1.77739799
2.71763298,-1.60100102
2.71827298,-1.60100102
2.71891298,-1.60100102
2.71955298,-1.60100102
2.72019298,-1.60100102
2.72083298,-1.60100102
2.72147298,-1.42521441
2.72211298,-1.42521441
2.72275298,-1.42521441
2.72339298,-1.42521441
2.72403298,-1.42521441
2.72467298,-1.24881744
2.72531298,-1.24881744
2.72595298,-1.24881744
2.72659298,-1.24881744
2.72723298,-1.24881744
2.72787298,-1.07242048
2.72851298,-1.07242048
2.72915298,-0.89602345
2.72979298,-0.89602345
2.73043298,-0.89602345
2.73107298,-0.89602345
2.73171298,-0.89602345
2.73235298,-0.72023684
2.73299298,-0.72023684
2.73363298,-0.72023684
2.73427298,-0.72023684
2.73491298,-0.54383981
2.73555298,-0.54383981
2.73619298,-0.54383981
2.73683298,-0.36744285
2.73747298,-0.36744285
2.73811298,-0.36744285
2.73875298,-0.36744285
2.73939298,-0.19104587
2.74003298,-0.19104587
2.74067298,-0.19104587
2.74131298,-0.19104587
2.74195298,-0.19104587
2.74259298,-0.01525925
2.74323298,-0.01525925
2.74387298,0.16052736
2.74451298,-0.01525925
2.74515298,0.16052736
2.74579298,0.16052736
2.74643298,0.33692434
2.74707298,0.33692434
2.74771298,0.33692434
2.74835298,0.33692434
2.74899298,0.33692434
2.74963298,0.33692434
2.75027298,0.51332134
2.75091298,0.51332134
2.75155298,0.51332134
2.75219298,0.68971831
2.75283298,0.68971831
2.75347298,0.51332134
2.75411298,0.68971831
2.75475298,0.68971831
2.75539298,0.86550492
2.75603298,0.86550492
2.75667298,0.86550492
2.75731298,0.86550492
2.75795298,0.86550492
2.75859298,1.04190195
2.75923298,1.04190195
2.75987298,1.04190195
2.76051298,1.04190195
2.76115298,1.04190195
2.76179298,1.04190195
2.76243298,1.04190195
2.76307298,1.21829891
2.76371298,1.21829891
2.76435298,1.04190195
2.76499298,1.21829891
2.76563298,1.21829891
2.76627298,1.21829891
2.76691298,1.21829891
2.76755298,1.21829891
2.76819298,1.21829891
2.76883298,1.21829891
2.76947298,1.21829891
2.77011298,1.39469588
2.77075298,1.39469588
2.77139298,1.39469588
2.77203298,1.39469588
2.77267298,1.39469588
2.77331298,1.39469588
2.77395298,1.39469588
2.77459298,1.39469588
2.77523298,1.21829891
2.77587298,1.39469588
2.77651298,1.39469588
2.77715298,1.39469588
2.77779298,1.39469588
2.77843298,1.39469588
2.77907298,1.39469588
2.77971298,1.39469588
2.78035298,1.39469588
2.78099298,1.21829891
2.78163298,1.39469588
2.78227298,1.21829891
2.78291298,1.39469588
2.78355298,1.39469588
2.78419298,1.39469588
2.78483298,1.39469588
2.78547298,1.21829891
2.78611298,1.21829891
2.78675298,1.21829891
2.78739298,1.21829891
2.78803298,1.21829891
2.78867298,1.21829891
2.78931298,1.21829891
2.78995298,1.21829891
2.79059298,1.21829891
2.79123298,1.21829891
2.79187298,1.04190195
2.79251298,1.04190195
2.79315298,1.21829891
2.79379298,1.04190195
2.79443298,1.04190195
2.79507298,1.04190195
2.79571298,1.04190195
2.79635298,1.04190195
2.79699298,0.86550492
2.79763298,0.86550492
2.79827298,0.86550492
2.79891298,0.86550492
2.79955298,0.86550492
2.80019298,0.68971831
2.80083298,0.86550492
2.80147298,0.68971831
2.80211298,0.68971831
2.80275298,0.68971831
2.80339298,0.68971831
2.80403298,0.68971831
2.80467298,0.51332134
2.80531298,0.51332134
2.80595298,0.51332134
2.80659298,0.51332134
2.80723298,0.51332134
2.80787298,0.51332134
2.80851298,0.33692434
2.80915298,0.33692434
2.80979298,0.33692434
2.81043298,0.33692434
2.81107298,0.33692434
2.81171298,0.33692434
2.81235298,0.16052736
2.81299298,0.33692434
2.81363298,0.16052736
2.81427298,0.16052736
2.81491298,0.16052736
2.81555298,0.16052736
2.81619298,0.16052736
2.81683298,0.16052736
2.81747298,-0.01525925
2.81811298,-0.01525925
2.81875298,-0.01525925
2.81939298,-0.01525925
2.82003298,-0.19104587
2.82067298,-0.01525925
2.82131298,-0.19104587
2.82195298,-0.19104587
2.82259298,-0.19104587
2.82323298,-0.19104587
2.82387298,-0.19104587
2.82451298,-0.19104587
2.82515298,-0.36744285
2.82579298,-0.36744285
2.82643298,-0.36744285
2.82707298,-0.36744285
2.82771298,-0.36744285
2.82835298,-0.36744285
2.82899298,-0.36744285
2.82963298,-0.36744285
2.83027298,-0.36744285
2.83091298,-0.54383981
2.83155298,-0.54383981
2.83219298,-0.36744285
2.83283298,-0.36744285
2.83347298,-0.54383981
2.83411298,-0.54383981
2.83475298,-0.54383981
2.83539298,-0.54383981
2.83603298,-0.54383981
2.83667298,-0.54383981
2.83731298,-0.72023684
2.83795298,-0.72023684
2.83859298,-0.72023684
2.83923298,-0.72023684
2.83987298,-0.72023684
2.84051298,-0.72023684
2.84115298,-0.72023684
2.84179298,-0.72023684
2.84243298,-0.72023684
2.84307298,-0.89602345
2.84371298,-0.89602345
2.84435298,-0.72023684
2.84499298,-0.72023684
2.84563298,-0.89602345
2.84627298,-0.89602345
2.84691298,-0.89602345
2.84755298,-0.72023684
2.84819298,-0.89602345
2.84883298,-0.89602345
2.84947298,-0.89602345
2.85011298,-0.89602345
2.85075298,-0.89602345
2.85139298,-0.89602345
2.85203298,-0.89602345
2.85267298,-0.89602345
2.85331298,-0.89602345
2.85395298,-0.89602345
2.85459298,-0.89602345
2.85523298,-0.89602345
2.85587298,-0.89602345
2.85651298,-0.89602345
2.85715298,-0.89602345
2.85779298,-0.89602345
2.85843298,-0.72023684
2.85907298,-0.89602345
2.85971298,-0.72023684
2.86035298,-0.89602345
2.86099298,-0.89602345
2.86163298,-0.89602345
2.86227298,-0.72023684
2.86291298,-0.89602345
2.86355298,-0.72023684
2.86419298,-0.89602345
2.86483298,-0.72023684
2.86547298,-0.89602345
2.86611298,-0.72023684
2.86675298,-0.72023684
2.86739298,-0.72023684
2.86803298,-0.72023684
2.86867298,-0.72023684
2.86931298,-0.72023684
2.86995298,-0.72023684
2.87059298,-0.54383981
2.87123298,-0.72023684
2.87187298,-0.72023684
2.87251298,-0.72023684
2.87315298,-0.72023684
2.87379298,-0.54383981
2.87443298,-0.54383981
2.87507298,-0.54383981
2.87571298,-0.54383981
2.87635298,-0.54383981
2.87699298,-0.54383981
2.87763298,-0.54383981
2.87827298,-0.54383981
2.87891298,-0.54383981
2.87955298,-0.54383981
2.88019298,-0.54383981
2.88083298,-0.54383981
2.88147298,-0.54383981
2.88211298,-0.54383981
2.88275298,-0.54383981
2.88339298,-0.36744285
2.88403298,-0.36744285
2.88467298,-0.36744285
2.88531298,-0.36744285
2.88595298,-0.36744285
2.88659298,-0.36744285
2.88723298,-0.36744285
2.88787298,-0.36744285
2.88851298,-0.36744285
2.88915298,-0.36744285
2.88979298,-0.36744285
2.89043298,-0.36744285
2.89107298,-0.36744285
2.89171298,-0.36744285
2.89235298,-0.19104587
2.89299298,-0.19104587
2.89363298,-0.19104587
2.89427298,-0.19104587
2.89491298,-0.19104587
2.89555298,-0.19104587
2.89619298,-0.19104587
2.89683298,-0.19104587
2.89747298,-0.19104587
2.89811298,-0.19104587
2.89875298,-0.19104587
2.89939298,-0.01525925
2.90003298,-0.01525925
2.90067298,-0.19104587
2.90131298,-0.01525925
2.90195298,-0.01525925
2.90259298,-0.01525925
2.90323298,-0.01525925
2.90387298,0.16052736
2.90451298,-0.01525925
2.90515298,0.16052736
2.90579298,0.16052736
2.90643298,0.16052736
2.90707298,0.16052736
2.90771298,0.16052736
2.90835298,0.16052736
2.90899298,0.16052736
2.90963298,0.16052736
2.91027298,0.33692434
2.91091298,0.16052736
2.91155298,0.33692434
2.91219298,0.33692434
2.91283298,0.16052736
2.91347298,0.33692434
2.91411298,0.33692434
2.91475298,0.33692434
2.91539298,0.33692434
2.91603298,0.33692434
2.91667298,0.33692434
2.91731298,0.33692434
2.91795298,0.33692434
2.91859298,0.33692434
2.91923298,0.33692434
2.91987298,0.33692434
2.92051298,0.51332134
2.92115298,0.51332134
2.92179298,0.51332134
2.92243298,0.51332134
2.92307298,0.51332134
2.92371298,0.51332134
2.92435298,0.51332134
2.92499298,0.51332134
2.92563298,0.51332134
2.92627298,0.51332134
2.92691298,0.51332134
2.92755298,0.51332134
2.92819298,0.51332134
2.92883298,0.51332134
2.92947298,0.51332134
2.93011298,0.51332134
2.93075298,0.68971831
2.93139298,0.68971831
2.93203298,0.68971831
2.93267298,0.68971831
2.93331298,0.68971831
2.93395298,0.68971831
2.93459298,0.68971831
2.93523298,0.86550492
2.93587298,0.86550492
2.93651298,0.86550492
2.93715298,0.86550492
2.93779298,0.68971831
2.93843298,0.86550492
2.93907298,0.68971831
2.93971298,0.86550492
2.94035298,0.86550492
2.94099298,0.86550492
2.94163298,0.86550492
2.94227298,0.86550492
2.94291298,0.86550492
2.94355298,0.86550492
2.94419298,0.86550492
2.94483298,0.86550492
2.94547298,0.86550492
2.94611298,0.86550492
2.94675298,0.86550492
2.94739298,0.86550492
2.94803298,0.86550492
2.94867298,0.86550492
2.94931298,0.86550492
2.94995298,0.86550492
2.95059298,0.86550492
2.95123298,0.86550492
2.95187298,0.86550492
2.95251298,0.86550492
2.95315298,0.86550492
2.95379298,0.86550492
2.95443298,0.86550492
2.95507298,0.86550492
2.95571298,0.86550492
2.95635298,0.86550492
2.95699298,0.86550492
2.95763298,0.86550492
2.95827298,0.86550492
2.95891298,0.86550492
2.95955298,0.68971831
2.96019298,0.86550492
2.96083298,0.86550492
2.96147298,0.86550492
2.96211298,0.86550492
2.96275298,0.86550492
2.96339298,0.68971831
2.96403298,0.86550492
2.96467298,0.86550492
2.96531298,0.86550492
2.96595298,0.68971831
2.96659298,0.68971831
2.96723298,0.86550492
2.96787298,0.68971831
2.96851298,0.68971831
2.96915298,0.68971831
2.96979298,0.68971831
2.97043298,0.68971831
2.97107298,0.68971831
2.97171298,0.51332134
2.97235298,0.68971831
2.97299298,0.51332134
2.97363298,0.51332134
2.97427298,0.51332134
2.97491298,0.51332134
2.97555298,0.51332134
2.97619298,0.51332134
2.97683298,0.33692434
2.97747298,0.33692434
2.97811298,0.33692434
2.97875298,0.33692434
2.97939298,0.33692434
2.98003298,0.33692434
2.98067298,0.33692434
2.98131298,0.33692434
2.98195298,0.33692434
2.98259298,0.33692434
2.98323298,0.33692434
2.98387298,0.16052736
2.98451298,0.16052736
2.98515298,0.16052736
2.98579298,0.16052736
2.98643298,0.16052736
2.98707298,-0.01525925
2.98771298,-0.01525925
2.98835298,-0.01525925
2.98899298,-0.01525925
2.98963298,-0.01525925
2.99027298,-0.01525925
2.99091298,-0.19104587
2.99155298,-0.19104587
2.99219298,-0.19104587
2.99283298,-0.19104587
2.99347298,-0.19104587
2.99411298,-0.19104587
2.99475298,-0.19104587
2.99539298,-0.36744285
2.99603298,-0.36744285
2.99667298,-0.36744285
2.99731298,-0.36744285
2.99795298,-0.36744285
2.99859298,-0.36744285
2.99923298,-0.36744285
2.99987298,-0.54383981
3.00051298,-0.54383981
3.00115298,-0.54383981
3.00179298,-0.54383981
3.00243298,-0.54383981
3.00307298,-0.54383981
3.00371298,-0.54383981
3.00435298,-0.72023684
3.00499298,-0.72023684
3.00563298,-0.72023684
3.00627298,-0.72023684
3.00691298,-0.72023684
3.00755298,-0.89602345
3.00819298,-0.89602345
3.00883298,-0.89602345
3.00947298,-0.89602345
3.01011298,-0.89602345
3.01075298,-0.89602345
3.01139298,-0.89602345
3.01203298,-1.07242048
3.01267298,-1.07242048
3.01331298,-1.07242048
3.01395298,-1.07242048
3.01459298,-1.07242048
3.01523298,-1.07242048
3.01587298,-1.07242048
3.01651298,-1.07242048
3.01715298,-1.07242048
3.01779298,-1.24881744
3.01843298,-1.07242048
3.01907298,-1.24881744
3.01971298,-1.07242048
3.02035298,-1.24881744
3.02099298,-1.24881744
3.02163298,-1.07242048
3.02227298,-1.24881744
3.02291298,-1.24881744
3.02355298,-1.24881744
3.02419298,-1.24881744
3.02483298,-1.24881744
3.02547298,-1.24881744
3.02611298,-1.24881744
3.02675298,-1.24881744
3.02739298,-1.24881744
3.02803298,-1.24881744
3.02867298,-1.24881744
3.02931298,-1.24881744
3.02995298,-1.24881744
3.03059298,-1.24881744
3.03123298,-1.24881744
3.03187298,-1.24881744
3.03251298,-1.24881744
3.03315298,-1.24881744
3.03379298,-1.24881744
3.03443298,-1.24881744
3.03507298,-1.24881744
3.03571298,-1.07242048
3.03635298,-1.24881744
3.03699298,-1.24881744
3.03763298,-1.07242048
3.03827298,-1.07242048
3.03891298,-1.07242048
3.03955298,-1.07242048
3.04019298,-1.07242048
3.04083298,-1.07242048
3.04147298,-0.89602345
3.04211298,-1.07242048
3.04275298,-0.89602345
3.04339298,-0.89602345
3.04403298,-0.89602345
3.04467298,-0.89602345
3.04531298,-0.89602345
3.04595298,-0.89602345
3.04659298,-0.89602345
3.04723298,-0.72023684
3.04787298,-0.72023684
3.04851298,-0.72023684
3.04915298,-0.72023684
3.04979298,-0.54383981
3.05043298,-0.54383981
3.05107298,-0.54383981
3.05171298,-0.54383981
3.05235298,-0.36744285
3.05299298,-0.54383981
3.05363298,-0.36744285
3.05427298,-0.36744285
3.05491298,-0.36744285
3.05555298,-0.36744285
3.05619298,-0.36744285
3.05683298,-0.36744285
3.05747298,-0.19104587
3.05811298,-0.19104587
3.05875298,-0.19104587
3.05939298,-0.19104587
3.06003298,-0.01525925
3.06067298,-0.01525925
3.06131298,0.16052736
3.06195298,-0.01525925
3.06259298,0.16052736
3.06323298,0.16052736
3.06387298,0.16052736
3.06451298,0.16052736
3.06515298,0.33692434
3.06579298,0.33692434
3.06643298,0.33692434
3.06707298,0.33692434
3.06771298,0.33692434
3.06835298,0.51332134
3.06899298,0.51332134
3.06963298,0.51332134
3.07027298,0.51332134
3.07091298,0.51332134
3.07155298,0.68971831
3.07219298,0.68971831
3.07283298,0.68971831
3.07347298,0.86550492
3.07411298,0.86550492
3.07475298,0.86550492
3.07539298,0.86550492
3.07603298,0.86550492
3.07667298,1.04190195
3.07731298,1.04190195
3.07795298,1.04190195
3.07859298,1.04190195
3.07923298,1.04190195
3.07987298,1.04190195
3.08051298,1.04190195
3.08115298,1.21829891
3.08179298,1.21829891
3.08243298,1.21829891
3.08307298,1.21829891
3.08371298,1.21829891
3.08435298,1.21829891
3.08499298,1.39469588
3.08563298,1.39469588
3.08627298,1.39469588
3.08691298,1.39469588
3.08755298,1.57048249
3.08819298,1.39469588
3.08883298,1.57048249
3.08947298,1.57048249
3.09011298,1.57048249
3.09075298,1.57048249
3.09139298,1.57048249
3.09203298,1.57048249
3.09267298,1.57048249
3.09331298,1.57048249
3.09395298,1.57048249
3.09459298,1.57048249
3.09523298,1.57048249
3.09587298,1.57048249
3.09651298,1.57048249
3.09715298,1.74687946
3.09779298,1.57048249
3.09843298,1.57048249
3.09907298,1.57048249
3.09971298,1.57048249
3.10035298,1.57048249
3.10099298,1.74687946
3.10163298,1.57048249
3.10227298,1.57048249
3.10291298,1.57048249
3.10355298,1.57048249
3.10419298,1.57048249
3.10483298,1.57048249
3.10547298,1.39469588
3.10611298,1.57048249
3.10675298,1.39469588
3.10739298,1.57048249
3.10803298,1.39469588
3.10867298,1.57048249
3.10931298,1.39469588
3.10995298,1.39469588
3.11059298,1.39469588
3.11123298,1.21829891
3.11187298,1.21829891
3.11251298,1.21829891
3.11315298,1.21829891
3.11379298,1.21829891
3.11443298,1.21829891
3.11507298,1.04190195
3.11571298,1.04190195
3.11635298,1.04190195
3.11699298,1.04190195
3.11763298,1.04190195
3.11827298,1.04190195
3.11891298,0.86550492
3.11955298,0.86550492
3.12019298,0.86550492
3.12083298,0.86550492
3.12147298,0.86550492
3.12211298,0.68971831
3.12275298,0.68971831
3.12339298,0.68971831
3.12403298,0.51332134
3.12467298,0.51332134
3.12531298,0.51332134
3.12595298,0.51332134
3.12659298,0.33692434
3.12723298,0.33692434
3.12787298,0.33692434
3.12851298,0.16052736
3.12915298,0.33692434
3.12979298,0.16052736
3.13043298,0.16052736
3.13107298,0.16052736
3.13171298,-0.01525925
3.13235298,-0.01525925
3.13299298,-0.01525925
3.13363298,-0.19104587
3.13427298,-0.19104587
3.13491298,-0.19104587
3.13555298,-0.19104587
3.13619298,-0.36744285
3.13683298,-0.36744285
3.13747298,-0.36744285
3.13811298,-0.36744285
3.13875298,-0.54383981
3.13939298,-0.54383981
3.14003298,-0.72023684
3.14067298,-0.54383981
3.14131298,-0.72023684
3.14195298,-0.89602345
3.14259298,-0.72023684
3.14323298,-0.89602345
3.14387298,-0.89602345
3.14451298,-0.89602345
3.14515298,-0.89602345
3.14579298,-1.07242048
3.14643298,-1.07242048
3.14707298,-1.07242048
3.14771298,-1.07242048
3.14835298,-1.07242048
3.14899298,-1.24881744
3.14963298,-1.24881744
3.15027298,-1.24881744
3.15091298,-1.24881744
3.15155298,-1.24881744
3.15219298,-1.42521441
3.15283298,-1.24881744
3.15347298,-1.42521441
3.15411298,-1.42521441
3.15475298,-1.60100102
3.15539298,-1.60100102
3.15603298,-1.60100102
3.15667298,-1.60100102
3.15731298,-1.60100102
3.15795298,-1.60100102
3.15859298,-1.60100102
3.15923298,-1.77739799
3.15987298,-1.77739799
3.16051298,-1.77739799
3.16115298,-1.77739799
3.16179298,-1.77739799
3.16243298,-1.77739799
3.16307298,-1.77739799
3.16371298,-1.77739799
3.16435298,-1.77739799
3.16499298,-1.77739799
3.16563298,-1.77739799
3.16627298,-1.77739799
3.16691298,-1.77739799
3.16755298,-1.77739799
3.16819298,-1.77739799
3.16883298,-1.77739799
3.16947298,-1.77739799
3.17011298,-1.77739799
3.17075298,-1.77739799
3.17139298,-1.77739799
3.17203298,-1.77739799
3.17267298,-1.77739799
3.17331298,-1.77739799
3.17395298,-1.77739799
3.17459298,-1.60100102
3.17523298,-1.60100102
3.17587298,-1.60100102
3.17651298,-1.60100102
3.17715298,-1.60100102
3.17779298,-1.60100102
3.17843298,-1.60100102
3.17907298,-1.42521441
3.17971298,-1.60100102
3.18035298,-1.42521441
3.18099298,-1.42521441
3.18163298,-1.42521441
3.18227298,-1.24881744
3.18291298,-1.24881744
3.18355298,-1.24881744
3.18419298,-1.24881744
3.18483298,-1.07242048
3.18547298,-1.07242048
3.18611298,-1.07242048
3.18675298,-1.07242048
3.18739298,-0.89602345
3.18803298,-1.07242048
3.18867298,-0.89602345
3.18931298,-0.89602345
3.18995298,-0.72023684
3.19059298,-0.72023684
3.19123298,-0.72023684
3.19187298,-0.72023684
3.19251298,-0.72023684
3.19315298,-0.54383981
3.19379298,-0.54383981
3.19443298,-0.54383981
3.19507298,-0.36744285
3.19571298,-0.36744285
3.19635298,-0.36744285
3.19699298,-0.36744285
3.19763298,-0.36744285
3.19827298,-0.19104587
3.19891298,-0.19104587
3.19955298,-0.19104587
3.20019298,-0.19104587
3.20083298,-0.01525925
3.20147298,-0.01525925
3.20211298,0.16052736
3.20275298,0.16052736
3.20339298,0.33692434
3.20403298,0.16052736
3.20467298,0.33692434
3.20531298,0.33692434
3.20595298,0.33692434
3.20659298,0.51332134
3.20723298,0.51332134
3.20787298,0.51332134
3.20851298,0.51332134
3.20915298,0.51332134
3.20979298,0.68971831
3.21043298,0.68971831
3.21107298,0.86550492
3.21171298,0.86550492
3.21235298,0.86550492
3.21299298,0.86550492
3.21363298,1.04190195
3.21427298,1.04190195
3.21491298,1.04190195
3.21555298,1.21829891
3.21619298,1.21829891
3.21683298,1.21829891
3.21747298,1.21829891
3.21811298,1.21829891
3.21875298,1.21829891
3.21939298,1.21829891
3.22003298,1.39469588
3.22067298,1.39469588
3.22131298,1.39469588
3.22195298,1.57048249
3.22259298,1.57048249
3.22323298,1.57048249
3.22387298,1.57048249
3.22451298,1.57048249
3.22515298,1.57048249
3.22579298,1.57048249
3.22643298,1.74687946
3.22707298,1.74687946
3.22771298,1.74687946
3.22835298,1.74687946
3.22899298,1.74687946
3.22963298,1.74687946
3.23027298,1.74687946
3.23091298,1.74687946
3.23155298,1.74687946
3.23219298,1.74687946
3.23283298,1.74687946
3.23347298,1.74687946
3.23411298,1.74687946
3.23475298,1.92327642
3.23539298,1.74687946
3.23603298,1.74687946
3.23667298,1.74687946
3.23731298,1.74687946
3.23795298,1.74687946
3.23859298,1.74687946
3.23923298,1.74687946
3.23987298,1.74687946
3.24051298,1.74687946
3.24115298,1.74687946
3.24179298,1.74687946
3.24243298,1.74687946
3.24307298,1.74687946
3.24371298,1.74687946
3.24435298,1.74687946
3.24499298,1.74687946
3.24563298,1.57048249
3.24627298,1.57048249
3.24691298,1.57048249
3.24755298,1.57048249
3.24819298,1.57048249
3.24883298,1.57048249
3.24947298,1.39469588
3.25011298,1.39469588
3.25075298,1.39469588
3.25139298,1.39469588
3.25203298,1.21829891
3.25267298,1.21829891
3.25331298,1.21829891
3.25395298,1.21829891
3.25459298,1.21829891
3.25523298,1.21829891
3.25587298,1.04190195
3.25651298,1.04190195
3.25715298,1.04190195
3.25779298,1.04190195
3.25843298,1.04190195
3.25907298,0.86550492
3.25971298,0.86550492
3.26035298,0.86550492
3.26099298,0.86550492
3.26163298,0.68971831
3.26227298,0.68971831
3.26291298,0.51332134
3.26355298,0.51332134
3.26419298,0.51332134
3.26483298,0.51332134
3.26547298,0.33692434
3.26611298,0.33692434
3.26675298,0.33692434
3.26739298,0.33692434
3.26803298,0.16052736
3.26867298,0.16052736
3.26931298,0.16052736
3.26995298,0.16052736
3.27059298,-0.01525925
3.27123298,-0.01525925
3.27187298,-0.19104587
3.27251298,-0.19104587
3.27315298,-0.19104587
3.27379298,-0.19104587
3.27443298,-0.36744285
3.27507298,-0.36744285
3.27571298,-0.36744285
3.27635298,-0.36744285
3.27699298,-0.36744285
3.27763298,-0.36744285
3.27827298,-0.54383981
3.27891298,-0.54383981
3.27955298,-0.54383981
3.28019298,-0.72023684
3.28083298,-0.72023684
3.28147298,-0.72023684
3.28211298,-0.89602345
3.28275298,-0.89602345
3.28339298,-0.89602345
3.28403298,-0.89602345
3.28467298,-1.07242048
3.28531298,-0.89602345
3.28595298,-1.07242048
3.28659298,-1.07242048
3.28723298,-1.07242048
3.28787298,-1.07242048
3.28851298,-1.24881744
3.28915298,-1.24881744
3.28979298,-1.24881744
3.29043298,-1.24881744
3.29107298,-1.24881744
3.29171298,-1.24881744
3.29235298,-1.24881744
3.29299298,-1.42521441
3.29363298,-1.60100102
3.29427298,-1.42521441
3.29491298,-1.60100102
3.29555298,-1.60100102
3.29619298,-1.42521441
3.29683298,-1.60100102
3.29747298,-1.60100102
3.29811298,-1.60100102
3.29875298,-1.60100102
3.29939298,-1.42521441
3.30003298,-1.60100102
3.30067298,-1.60100102
3.30131298,-1.60100102
3.30195298,-1.60100102
3.30259298,-1.77739799
3.30323298,-1.60100102
3.30387298,-1.60100102
3.30451298,-1.60100102
3.30515298,-1.60100102
3.30579298,-1.60100102
3.30643298,-1.60100102
3.30707298,-1.60100102
3.30771298,-1.60100102
3.30835298,-1.60100102
3.30899298,-1.60100102
3.30963298,-1.60100102
3.31027298,-1.60100102
3.31091298,-1.60100102
3.31155298,-1.60100102
3.31219298,-1.60100102
3.31283298,-1.60100102
3.31347298,-1.60100102
3.31411298,-1.60100102
3.31475298,-1.60100102
3.31539298,-1.42521441
3.31603298,-1.42521441
3.31667298,-1.42521441
3.31731298,-1.42521441
3.31795298,-1.24881744
3.31859298,-1.24881744
3.31923298,-1.24881744
3.31987298,-1.24881744
3.32051298,-1.24881744
3.32115298,-1.24881744
3.32179298,-1.07242048
3.32243298,-1.07242048
3.32307298,-1.07242048
3.32371298,-1.07242048
3.32435298,-1.07242048
3.32499298,-0.89602345
3.32563298,-0.89602345
3.32627298,-0.89602345
3.32691298,-0.89602345
3.32755298,-0.89602345
3.32819298,-0.72023684
3.32883298,-0.72023684
3.32947298,-0.72023684
3.33011298,-0.72023684
3.33075298,-0.72023684
3.33139298,-0.54383981
3.33203298,-0.54383981
3.33267298,-0.36744285
3.33331298,-0.36744285
3.33395298,-0.36744285
3.33459298,-0.36744285
3.33523298,-0.36744285
3.33587298,-0.36744285
3.33651298,-0.36744285
3.33715298,-0.19104587
3.33779298,-0.19104587
3.33843298,-0.19104587
3.33907298,-0.01525925
3.33971298,-0.01525925
3.34035298,-0.01525925
3.34099298,-0.01525925
3.34163298,0.16052736
3.34227298,0.16052736
3.34291298,0.16052736
3.34355298,0.16052736
3.34419298,0.33692434
3.34483298,0.33692434
3.34547298,0.33692434
3.34611298,0.33692434
3.34675298,0.33692434
3.34739298,0.33692434
3.34803298,0.51332134
3.34867298,0.51332134
3.34931298,0.51332134
3.34995298,0.51332134
3.35059298,0.68971831
3.35123298,0.68971831
3.35187298,0.68971831
3.35251298,0.68971831
3.35315298,0.86550492
3.35379298,0.86550492
3.35443298,0.86550492
3.35507298,0.86550492
3.35571298,1.04190195
3.35635298,1.04190195
3.35699298,1.04190195
3.35763298,1.04190195
3.35827298,1.04190195
3.35891298,1.04190195
3.35955298,1.21829891
3.36019298,1.04190195
3.36083298,1.21829891
3.36147298,1.21829891
3.36211298,1.21829891
3.36275298,1.21829891
3.36339298,1.21829891
3.36403298,1.21829891
3.36467298,1.21829891
3.36531298,1.21829891
3.36595298,1.21829891
3.36659298,1.21829891
3.36723298,1.39469588
3.36787298,1.39469588
3.36851298,1.21829891
3.36915298,1.39469588
3.36979298,1.39469588
3.37043298,1.39469588
3.37107298,1.39469588
3.37171298,1.39469588
3.37235298,1.39469588
3.37299298,1.39469588
3.37363298,1.39469588
3.37427298,1.39469588
3.37491298,1.39469588
3.37555298,1.21829891
3.37619298,1.39469588
3.37683298,1.39469588
3.37747298,1.39469588
3.37811298,1.39469588
3.37875298,1.39469588
3.37939298,1.39469588
3.38003298,1.39469588
3.38067298,1.21829891
3.38131298,1.21829891
3.38195298,1.21829891
3.38259298,1.21829891
3.38323298,1.21829891
3.38387298,1.21829891
3.38451298,1.21829891
3.38515298,1.21829891
3.38579298,1.21829891
3.38643298,1.21829891
3.38707298,1.21829891
3.38771298,1.21829891
3.38835298,1.21829891
3.38899298,1.04190195
3.38963298,1.04190195
3.39027298,1.21829891
3.39091298,1.04190195
3.39155298,1.04190195
3.39219298,1.04190195
3.39283298,0.86550492
3.39347298,0.86550492
3.39411298,0.86550492
3.39475298,0.86550492
3.39539298,0.86550492
3.39603298,0.86550492
3.39667298,0.68971831
3.39731298,0.68971831
3.39795298,0.68971831
3.39859298,0.68971831
3.39923298,0.68971831
3.39987298,0.68971831
3.40051298,0.51332134
3.40115298,0.51332134
3.40179298,0.51332134
3.40243298,0.51332134
3.40307298,0.51332134
3.40371298,0.51332134
3.40435298,0.33692434
3.40499298,0.33692434
3.40563298,0.33692434
3.40627298,0.33692434
3.40691298,0.33692434
3.40755298,0.16052736
3.40819298,0.16052736
3.40883298,0.16052736
3.40947298,0.16052736
3.41011298,0.16052736
3.41075298,-0.01525925
3.41139298,-0.01525925
3.41203298,-0.01525925
3.41267298,-0.01525925
3.41331298,-0.01525925
3.41395298,-0.19104587
3.41459298,-0.19104587
3.41523298,-0.19104587
3.41587298,-0.19104587
3.41651298,-0.19104587
3.41715298,-0.19104587
3.41779298,-0.19104587
3.41843298,-0.36744285
3.41907298,-0.36744285
3.41971298,-0.36744285
3.42035298,-0.36744285
3.42099298,-0.36744285
3.42163298,-0.36744285
3.42227298,-0.36744285
3.42291298,-0.54383981
3.42355298,-0.54383981
3.42419298,-0.54383981
3.42483298,-0.54383981
3.42547298,-0.54383981
3.42611298,-0.54383981
3.42675298,-0.72023684
3.42739298,-0.72023684
3.42803298,-0.72023684
3.42867298,-0.72023684
3.42931298,-0.72023684
3.42995298,-0.72023684
3.43059298,-0.89602345
3.43123298,-0.89602345
3.43187298,-0.72023684
3.43251298,-0.89602345
3.43315298,-0.89602345
3.43379298,-0.89602345
3.43443298,-0.89602345
3.43507298,-0.89602345
3.43571298,-0.89602345
3.43635298,-0.89602345
3.43699298,-0.89602345
3.43763298,-0.89602345
3.43827298,-0.89602345
3.43891298,-1.07242048
3.43955298,-0.89602345
3.44019298,-0.89602345
3.44083298,-0.89602345
3.44147298,-0.89602345
3.44211298,-1.07242048
3.44275298,-0.89602345
3.44339298,-0.89602345
3.44403298,-0.89602345
3.44467298,-1.07242048
3.44531298,-0.89602345
3.44595298,-0.89602345
3.44659298,-0.89602345
3.44723298,-0.89602345
3.44787298,-1.07242048
3.44851298,-0.89602345
3.44915298,-1.07242048
3.44979298,-1.07242048
3.45043298,-1.07242048
3.45107298,-1.07242048
3.45171298,-1.07242048
3.45235298,-0.89602345
3.45299298,-0.89602345
3.45363298,-0.89602345
3.45427298,-0.89602345
3.45491298,-0.89602345
3.45555298,-0.89602345
3.45619298,-0.89602345
3.45683298,-0.89602345
3.45747298,-0.89602345
3.45811298,-0.89602345
3.45875298,-0.89602345
3.45939298,-0.72023684
3.46003298,-0.72023684
3.46067298,-0.89602345
3.46131298,-0.72023684
3.46195298,-0.89602345
3.46259298,-0.72023684
3.46323298,-0.72023684
3.46387298,-0.72023684
3.46451298,-0.72023684
3.46515298,-0.72023684
3.46579298,-0.72023684
3.46643298,-0.72023684
3.46707298,-0.54383981
3.46771298,-0.72023684
3.46835298,-0.54383981
3.46899298,-0.54383981
3.46963298,-0.54383981
3.47027298,-0.54383981
3.47091298,-0.54383981
3.47155298,-0.54383981
3.47219298,-0.54383981
3.47283298,-0.36744285
3.47347298,-0.36744285
3.47411298,-0.36744285
3.47475298,-0.36744285
3.47539298,-0.36744285
3.47603298,-0.36744285
3.47667298,-0.36744285
3.47731298,-0.36744285
3.47795298,-0.36744285
3.47859298,-0.19104587
3.47923298,-0.19104587
3.47987298,-0.19104587
3.48051298,-0.19104587
3.48115298,-0.19104587
3.48179298,-0.19104587
3.48243298,-0.19104587
3.48307298,-0.19104587
3.48371298,-0.19104587
3.48435298,-0.01525925
3.48499298,-0.01525925
3.48563298,-0.01525925
3.48627298,-0.19104587
3.48691298,-0.01525925
3.48755298,-0.01525925
3.48819298,0.16052736
3.48883298,0.16052736
3.48947298,0.16052736
3.49011298,0.16052736
3.49075298,0.16052736
3.49139298,0.16052736
3.49203298,0.16052736
3.49267298,0.33692434
3.49331298,0.16052736
3.49395298,0.33692434
3.49459298,0.33692434
3.49523298,0.33692434
3.49587298,0.33692434
3.49651298,0.33692434
3.49715298,0.33692434
3.49779298,0.33692434
3.49843298,0.33692434
3.49907298,0.33692434
3.49971298,0.33692434
3.50035298,0.33692434
3.50099298,0.33692434
3.50163298,0.51332134
3.50227298,0.51332134
3.50291298,0.51332134
3.50355298,0.51332134
3.50419298,0.51332134
3.50483298,0.51332134
3.50547298,0.51332134
3.50611298,0.51332134
3.50675298,0.51332134
3.50739298,0.68971831
3.50803298,0.51332134
3.50867298,0.51332134
3.50931298,0.51332134
3.50995298,0.51332134
3.51059298,0.68971831
3.51123298,0.51332134
3.51187298,0.68971831
3.51251298,0.68971831
3.51315298,0.68971831
3.51379298,0.51332134
3.51443298,0.68971831
3.51507298,0.68971831
3.51571298,0.68971831
3.51635298,0.68971831
3.51699298,0.68971831
3.51763298,0.68971831
3.51827298,0.68971831
3.51891298,0.68971831
3.51955298,0.68971831
3.52019298,0.68971831
3.52083298,0.68971831
3.52147298,0.68971831
3.52211298,0.86550492
3.52275298,0.68971831
3.52339298,0.68971831
3.52403298,0.68971831
3.52467298,0.68971831
3.52531298,0.68971831
3.52595298,0.68971831
3.52659298,0.68971831
3.52723298,0.68971831
3.52787298,0.68971831
3.52851298,0.68971831
3.52915298,0.86550492
3.52979298,0.68971831
3.53043298,0.68971831
3.53107298,0.51332134
3.53171298,0.68971831
3.53235298,0.51332134
3.53299298,0.68971831
3.53363298,0.68971831
3.53427298,0.68971831
3.53491298,0.68971831
3.53555298,0.51332134
3.53619298,0.68971831
3.53683298,0.68971831
3.53747298,0.68971831
3.53811298,0.68971831
3.53875298,0.51332134
3.53939298,0.51332134
3.54003298,0.51332134
3.54067298,0.51332134
3.54131298,0.51332134
3.54195298,0.51332134
3.54259298,0.51332134
3.54323298,0.51332134
3.54387298,0.51332134
3.54451298,0.51332134
3.54515298,0.51332134
3.54579298,0.51332134
3.54643298,0.33692434
3.54707298,0.51332134
3.54771298,0.51332134
3.54835298,0.51332134
3.54899298,0.51332134
3.54963298,0.51332134
3.55027298,0.51332134
3.55091298,0.33692434
3.55155298,0.51332134
3.55219298,0.51332134
3.55283298,0.51332134
3.55347298,0.33692434
3.55411298,0.51332134
3.55475298,0.33692434
3.55539298,0.33692434
3.55603298,0.33692434
3.55667298,0.33692434
3.55731298,0.33692434
3.55795298,0.33692434
3.55859298,0.33692434
3.55923298,0.33692434
3.55987298,0.33692434
3.56051298,0.33692434
3.56115298,0.16052736
3.56179298,0.16052736
3.56243298,0.16052736
3.56307298,0.16052736
3.56371298,0.16052736
3.56435298,0.16052736
3.56499298,0.16052736
3.56563298,0.16052736
3.56627298,0.16052736
3.56691298,0.16052736
3.56755298,0.16052736
3.56819298,-0.01525925
3.56883298,0.16052736
3.56947298,0.16052736
3.57011298,-0.01525925
3.57075298,-0.01525925
3.57139298,-0.01525925
3.57203298,-0.01525925
3.57267298,-0.01525925
3.57331298,-0.19104587
3.57395298,-0.01525925
3.57459298,-0.19104587
3.57523298,-0.19104587
3.57587298,-0.19104587
3.57651298,-0.19104587
3.57715298,-0.19104587
3.57779298,-0.19104587
3.57843298,-0.19104587
3.57907298,-0.19104587
3.57971298,-0.19104587
3.58035298,-0.19104587
3.58099298,-0.19104587
3.58163298,-0.36744285
3.58227298,-0.36744285
3.58291298,-0.19104587
3.58355298,-0.19104587
3.58419298,-0.19104587
3.58483298,-0.19104587
3.58547298,-0.36744285
3.58611298,-0.36744285
3.58675298,-0.36744285
3.58739298,-0.36744285
3.58803298,-0.36744285
3.58867298,-0.36744285
3.58931298,-0.36744285
3.58995298,-0.36744285
3.59059298,-0.36744285
3.59123298,-0.36744285
3.59187298,-0.36744285
3.59251298,-0.54383981
3.59315298,-0.54383981
3.59379298,-0.36744285
3.59443298,-0.36744285
3.59507298,-0.54383981
3.59571298,-0.54383981
3.59635298,-0.54383981
3.59699298,-0.54383981
3.59763298,-0.36744285
3.59827298,-0.54383981
3.59891298,-0.54383981
3.59955298,-0.54383981
3.60019298,-0.54383981
3.60083298,-0.54383981
3.60147298,-0.54383981
3.60211298,-0.54383981
3.60275298,-0.54383981
3.60339298,-0.54383981
3.60403298,-0.54383981
3.60467298,-0.54383981
3.60531298,-0.72023684
3.60595298,-0.54383981
3.60659298,-0.54383981
3.60723298,-0.72023684
3.60787298,-0.54383981
3.60851298,-0.72023684
3.60915298,-0.72023684
3.60979298,-0.72023684
3.61043298,-0.72023684
3.61107298,-0.54383981
3.61171298,-0.72023684
3.61235298,-0.72023684
3.61299298,-0.72023684
3.61363298,-0.54383981
3.61427298,-0.72023684
3.61491298,-0.72023684
3.61555298,-0.72023684
3.61619298,-0.72023684
3.61683298,-0.72023684
3.61747298,-0.54383981
3.61811298,-0.72023684
3.61875298,-0.54383981
3.61939298,-0.54383981
3.62003298,-0.54383981
3.62067298,-0.72023684
3.62131298,-0.72023684
3.62195298,-0.54383981
3.62259298,-0.72023684
3.62323298,-0.54383981
3.62387298,-0.54383981
3.62451298,-0.54383981
3.62515298,-0.54383981
3.62579298,-0.54383981
3.62643298,-0.54383981
3.62707298,-0.54383981
3.62771298,-0.54383981
3.62835298,-0.54383981
3.62899298,-0.54383981
3.62963298,-0.54383981
3.63027298,-0.54383981
3.63091298,-0.54383981
3.63155298,-0.54383981
3.63219298,-0.54383981
3.63283298,-0.54383981
3.63347298,-0.54383981
3.63411298,-0.54383981
3.63475298,-0.36744285
3.63539298,-0.36744285
3.63603298,-0.36744285
3.63667298,-0.36744285
3.63731298,-0.36744285
3.63795298,-0.36744285
3.63859298,-0.36744285
3.63923298,-0.36744285
3.63987298,-0.36744285
3.64051298,-0.36744285
3.64115298,-0.36744285
3.64179298,-0.36744285
3.64243298,-0.36744285
3.64307298,-0.19104587
3.64371298,-0.36744285
3.64435298,-0.19104587
3.64499298,-0.19104587
3.64563298,-0.19104587
3.64627298,-0.19104587
3.64691298,-0.19104587
3.64755298,-0.19104587
3.64819298,-0.01525925
3.64883298,-0.19104587
3.64947298,-0.01525925
3.65011298,-0.01525925
3.65075298,-0.01525925
3.65139298,-0.01525925
3.65203298,-0.01525925
3.65267298,-0.01525925
3.65331298,-0.01525925
3.65395298,0.16052736
3.65459298,0.16052736
3.65523298,-0.01525925
3.65587298,0.16052736
3.65651298,0.16052736
3.65715298,0.16052736
3.65779298,0.16052736
3.65843298,0.16052736
3.65907298,0.16052736
3.65971298,0.33692434
3.66035298,0.33692434
3.66099298,0.33692434
3.66163298,0.33692434
3.66227298,0.33692434
3.66291298,0.33692434
3.66355298,0.33692434
3.66419298,0.33692434
3.66483298,0.51332134
3.66547298,0.33692434
3.66611298,0.33692434
3.66675298,0.51332134
3.66739298,0.51332134
3.66803298,0.51332134
3.66867298,0.51332134
3.66931298,0.51332134
3.66995298,0.51332134
3.67059298,0.51332134
3.67123298,0.68971831
3.67187298,0.68971831
3.67251298,0.68971831
3.67315298,0.68971831
3.67379298,0.68971831
3.67443298,0.68971831
3.67507298,0.68971831
3.67571298,0.86550492
3.67635298,0.68971831
3.67699298,0.68971831
3.67763298,0.68971831
3.67827298,0.86550492
3.67891298,0.86550492
3.67955298,0.86550492
3.68019298,0.86550492
3.68083298,0.86550492
3.68147298,0.86550492
3.68211298,0.86550492
3.68275298,0.86550492
3.68339298,0.86550492
3.68403298,1.04190195
3.68467298,0.86550492
3.68531298,0.86550492
3.68595298,0.86550492
3.68659298,0.86550492
3.68723298,0.86550492
3.68787298,0.86550492
3.68851298,0.86550492
3.68915298,1.04190195
3.68979298,1.04190195
3.69043298,1.04190195
3.69107298,1.04190195
3.69171298,1.04190195
3.69235298,0.86550492
3.69299298,0.86550492
3.69363298,0.86550492
3.69427298,0.86550492
3.69491298,1.04190195
3.69555298,0.86550492
3.69619298,0.86550492
3.69683298,0.86550492
3.69747298,0.86550492
3.69811298,0.86550492
3.69875298,0.86550492
3.69939298,0.86550492
3.70003298,0.86550492
3.70067298,0.86550492
3.70131298,0.86550492
3.70195298,0.86550492
3.70259298,0.86550492
3.70323298,0.86550492
3.70387298,0.86550492
3.70451298,0.86550492
3.70515298,0.86550492
3.70579298,0.86550492
3.70643298,0.86550492
3.70707298,0.86550492
3.70771298,0.68971831
3.70835298,0.68971831
3.70899298,0.68971831
3.70963298,0.68971831
3.71027298,0.68971831
3.71091298,0.68971831
3.71155298,0.51332134
3.71219298,0.51332134
3.71283298,0.51332134
3.71347298,0.51332134
3.71411298,0.51332134
3.71475298,0.51332134
3.71539298,0.51332134
3.71603298,0.33692434
3.71667298,0.51332134
3.71731298,0.33692434
3.71795298,0.33692434
3.71859298,0.33692434
3.71923298,0.33692434
3.71987298,0.33692434
3.72051298,0.33692434
3.72115298,0.33692434
3.72179298,0.16052736
3.72243298,0.16052736
3.72307298,0.16052736
3.72371298,0.16052736
3.72435298,0.16052736
3.72499298,0.16052736
3.72563298,0.16052736
3.72627298,-0.01525925
3.72691298,-0.01525925
3.72755298,-0.01525925
3.72819298,-0.01525925
3.72883298,-0.19104587
3.72947298,-0.19104587
3.73011298,-0.19104587
3.73075298,-0.19104587
3.73139298,-0.19104587
3.73203298,-0.36744285
3.73267298,-0.19104587
3.73331298,-0.36744285
3.73395298,-0.36744285
3.73459298,-0.36744285
3.73523298,-0.36744285
3.73587298,-0.36744285
3.73651298,-0.54383981
3.73715298,-0.54383981
3.73779298,-0.54383981
3.73843298,-0.54383981
3.73907298,-0.54383981
3.73971298,-0.54383981
3.74035298,-0.54383981
3.74099298,-0.54383981
3.74163298,-0.54383981
3.74227298,-0.72023684
3.74291298,-0.72023684
3.74355298,-0.72023684
3.74419298,-0.72023684
3.74483298,-0.72023684
3.74547298,-0.89602345
3.74611298,-0.72023684
3.74675298,-0.89602345
3.74739298,-0.89602345
3.74803298,-0.89602345
3.74867298,-0.89602345
3.74931298,-0.89602345
3.74995298,-0.89602345
3.75059298,-0.89602345
3.75123298,-0.89602345
3.75187298,-1.07242048
3.75251298,-0.89602345
3.75315298,-1.07242048
3.75379298,-1.07242048
3.75443298,-1.07242048
3.75507298,-1.07242048
3.75571298,-1.07242048
3.75635298,-1.07242048
3.75699298,-1.07242048
3.75763298,-1.07242048
3.75827298,-1.07242048
3.75891298,-1.07242048
3.75955298,-1.24881744
3.76019298,-1.07242048
3.76083298,-1.07242048
3.76147298,-1.24881744
3.76211298,-1.07242048
3.76275298,-1.07242048
3.76339298,-1.07242048
3.76403298,-1.07242048
3.76467298,-1.07242048
3.76531298,-1.07242048
3.76595298,-1.07242048
3.76659298,-1.07242048
3.76723298,-1.07242048
3.76787298,-1.07242048
3.76851298,-1.07242048
3.76915298,-1.07242048
3.76979298,-1.07242048
3.77043298,-1.07242048
3.77107298,-1.07242048
3.77171298,-1.07242048
3.77235298,-1.07242048
3.77299298,-1.07242048
3.77363298,-1.07242048
3.77427298,-1.07242048
3.77491298,-0.89602345
3.77555298,-0.89602345
3.77619298,-0.89602345
3.77683298,-0.89602345
3.77747298,-0.89602345
3.77811298,-0.89602345
3.77875298,-0.89602345
3.77939298,-0.89602345
3.78003298,-0.89602345
3.78067298,-0.72023684
3.78131298,-0.72023684
3.78195298,-0.72023684
3.78259298,-0.72023684
3.78323298,-0.72023684
3.78387298,-0.72023684
3.78451298,-0.72023684
3.78515298,-0.54383981
3.78579298,-0.54383981
3.78643298,-0.54383981
3.78707298,-0.54383981
3.78771298,-0.54383981
3.78835298,-0.36744285
3.78899298,-0.36744285
3.78963298,-0.36744285
3.79027298,-0.36744285
3.79091298,-0.36744285
3.79155298,-0.36744285
3.79219298,-0.19104587
3.79283298,-0.19104587
3.79347298,-0.19104587
3.79411298,-0.19104587
3.79475298,-0.19104587
3.79539298,-0.19104587
3.79603298,-0.01525925
3.79667298,-0.01525925
3.79731298,-0.01525925
3.79795298,-0.01525925
3.79859298,-0.01525925
3.79923298,0.16052736
3.79987298,0.16052736
3.80051298,0.16052736
3.80115298,0.16052736
3.80179298,0.16052736
3.80243298,0.33692434
3.80307298,0.33692434
3.80371298,0.33692434
3.80435298,0.33692434
3.80499298,0.33692434
3.80563298,0.33692434
3.80627298,0.51332134
3.80691298,0.51332134
3.80755298,0.51332134
3.80819298,0.51332134
3.80883298,0.51332134
3.80947298,0.51332134
3.81011298,0.68971831
3.81075298,0.68971831
3.81139298,0.68971831
3.81203298,0.86550492
3.81267298,0.68971831
3.81331298,0.86550492
3.81395298,0.86550492
3.81459298,0.86550492
3.81523298,0.86550492
3.81587298,0.86550492
3.81651298,0.86550492
3.81715298,0.86550492
3.81779298,1.04190195
3.81843298,1.04190195
3.81907298,1.04190195
3.81971298,1.04190195
3.82035298,1.04190195
3.82099298,1.04190195
3.82163298,1.21829891
3.82227298,1.04190195
3.82291298,1.21829891
3.82355298,1.21829891
3.82419298,1.21829891
3.82483298,1.21829891
3.82547298,1.21829891
3.82611298,1.21829891
3.82675298,1.21829891
3.82739298,1.21829891
3.82803298,1.21829891
3.82867298,1.21829891
3.82931298,1.21829891
3.82995298,1.21829891
3.83059298,1.21829891
3.83123298,1.21829891
3.83187298,1.21829891
3.83251298,1.21829891
3.83315298,1.21829891
3.83379298,1.21829891
3.83443298,1.21829891
3.83507298,1.21829891
3.83571298,1.21829891
3.83635298,1.21829891
3.83699298,1.21829891
3.83763298,1.21829891
3.83827298,1.21829891
3.83891298,1.21829891
3.83955298,1.21829891
3.84019298,1.21829891
3.84083298,1.21829891
3.84147298,1.21829891
3.84211298,1.04190195
3.84275298,1.21829891
3.84339298,1.21829891
3.84403298,1.21829891
3.84467298,1.04190195
3.84531298,1.04190195
3.84595298,1.04190195
3.84659298,1.04190195
3.84723298,1.04190195
3.84787298,1.04190195
3.84851298,1.04190195
3.84915298,0.86550492
3.84979298,0.86550492
3.85043298,0.86550492
3.85107298,0.86550492
3.85171298,0.86550492
3.85235298,0.68971831
3.85299298,0.86550492
3.85363298,0.68971831
3.85427298,0.68971831
3.85491298,0.68971831
3.85555298,0.68971831
3.85619298,0.68971831
3.85683298,0.51332134
3.85747298,0.51332134
3.85811298,0.51332134
3.85875298,0.51332134
3.85939298,0.51332134
3.86003298,0.51332134
3.86067298,0.33692434
3.86131298,0.33692434
3.86195298,0.33692434
3.86259298,0.33692434
3.86323298,0.33692434
3.86387298,0.33692434
3.86451298,0.16052736
3.86515298,0.33692434
3.86579298,0.16052736
3.86643298,-0.01525925
3.86707298,0.16052736
3.86771298,-0.01525925
3.86835298,-0.01525925
3.86899298,-0.01525925
3.86963298,-0.19104587
3.87027298,-0.19104587
3.87091298,-0.19104587
3.87155298,-0.19104587
3.87219298,-0.19104587
3.87283298,-0.19104587
3.87347298,-0.36744285
3.87411298,-0.36744285
3.87475298,-0.36744285
3.87539298,-0.36744285
3.87603298,-0.36744285
3.87667298,-0.36744285
3.87731298,-0.54383981
3.87795298,-0.54383981
3.87859298,-0.54383981
3.87923298,-0.54383981
3.87987298,-0.72023684
3.88051298,-0.72023684
3.88115298,-0.72023684
3.88179298,-0.72023684
3.88243298,-0.72023684
3.88307298,-0.72023684
3.88371298,-0.89602345
3.88435298,-0.89602345
3.88499298,-0.89602345
3.88563298,-0.89602345
3.88627298,-0.89602345
3.88691298,-1.07242048
3.88755298,-1.07242048
3.88819298,-1.07242048
3.88883298,-1.07242048
3.88947298,-1.07242048
3.89011298,-1.07242048
3.89075298,-1.07242048
3.89139298,-1.07242048
3.89203298,-1.07242048
3.89267298,-1.07242048
3.89331298,-1.07242048
3.89395298,-1.07242048
3.89459298,-1.24881744
3.89523298,-1.07242048
3.89587298,-1.24881744
3.89651298,-1.24881744
3.89715298,-1.24881744
3.89779298,-1.24881744
3.89843298,-1.24881744
3.89907298,-1.24881744
3.89971298,-1.24881744
3.90035298,-1.24881744
3.90099298,-1.24881744
3.90163298,-1.24881744
3.90227298,-1.24881744
3.90291298,-1.24881744
3.90355298,-1.24881744
3.90419298,-1.24881744
3.90483298,-1.24881744
3.90547298,-1.24881744
3.90611298,-1.24881744
3.90675298,-1.24881744
3.90739298,-1.24881744
3.90803298,-1.24881744
3.90867298,-1.24881744
3.90931298,-1.24881744
3.90995298,-1.24881744
3.91059298,-1.24881744
3.91123298,-1.07242048
3.91187298,-1.07242048
3.91251298,-1.07242048
3.91315298,-1.07242048
3.91379298,-1.07242048
3.91443298,-1.07242048
3.91507298,-1.07242048
3.91571298,-1.07242048
3.91635298,-0.89602345
3.91699298,-0.89602345
3.91763298,-0.89602345
3.91827298,-1.07242048
3.91891298,-0.89602345
3.91955298,-0.89602345
3.92019298,-0.89602345
3.92083298,-0.89602345
3.92147298,-0.72023684
3.92211298,-0.72023684
3.92275298,-0.72023684
3.92339298,-0.54383981
3.92403298,-0.72023684
3.92467298,-0.72023684
3.92531298,-0.54383981
3.92595298,-0.54383981
3.92659298,-0.54383981
3.92723298,-0.54383981
3.92787298,-0.54383981
3.92851298,-0.36744285
3.92915298,-0.36744285
3.92979298,-0.36744285
3.93043298,-0.36744285
3.93107298,-0.36744285
3.93171298,-0.36744285
3.93235298,-0.19104587
3.93299298,-0.19104587
3.93363298,-0.19104587
3.93427298,-0.19104587
3.93491298,-0.19104587
3.93555298,-0.19104587
3.93619298,-0.01525925
3.93683298,-0.01525925
3.93747298,-0.01525925
3.93811298,-0.01525925
3.93875298,0.16052736
3.93939298,0.16052736
3.94003298,0.16052736
3.94067298,0.16052736
3.94131298,0.16052736
3.94195298,0.33692434
3.94259298,0.33692434
3.94323298,0.33692434
3.94387298,0.33692434
3.94451298,0.33692434
3.94515298,0.33692434
3.94579298,0.33692434
3.94643298,0.51332134
3.94707298,0.51332134
3.94771298,0.51332134
3.94835298,0.51332134
3.94899298,0.51332134
3.94963298,0.51332134
3.95027298,0.68971831
3.95091298,0.68971831
3.95155298,0.68971831
3.95219298,0.68971831
3.95283298,0.68971831
3.95347298,0.86550492
3.95411298,0.86550492
3.95475298,0.86550492
3.95539298,0.86550492
3.95603298,0.86550492
3.95667298,0.86550492
3.95731298,1.04190195
3.95795298,0.86550492
3.95859298,1.04190195
3.95923298,1.04190195
3.95987298,1.04190195
3.96051298,1.04190195
3.96115298,1.04190195
3.96179298,1.04190195
3.96243298,1.04190195
3.96307298,1.04190195
3.96371298,1.04190195
3.96435298,1.21829891
3.96499298,1.21829891
3.96563298,1.04190195
3.96627298,1.21829891
3.96691298,1.21829891
3.96755298,1.21829891
3.96819298,1.21829891
3.96883298,1.21829891
3.96947298,1.21829891
3.97011298,1.21829891
3.97075298,1.21829891
3.97139298,1.21829891
3.97203298,1.21829891
3.97267298,1.21829891
3.97331298,1.21829891
3.97395298,1.21829891
3.97459298,1.04190195
3.97523298,1.21829891
3.97587298,1.21829891
3.97651298,1.21829891
3.97715298,1.21829891
3.97779298,1.04190195
3.97843298,1.21829891
3.97907298,1.21829891
3.97971298,1.04190195
3.98035298,1.04190195
3.98099298,1.04190195
3.98163298,1.04190195
3.98227298,1.04190195
3.98291298,1.04190195
3.98355298,1.04190195
3.98419298,1.04190195
3.98483298,1.04190195
3.98547298,0.86550492
3.98611298,0.86550492
3.98675298,0.86550492
3.98739298,0.86550492
3.98803298,0.86550492
3.98867298,0.86550492
3.98931298,0.86550492
3.98995298,0.86550492
3.99059298,0.86550492
3.99123298,0.68971831
3.99187298,0.68971831
3.99251298,0.68971831
3.99315298,0.68971831
3.99379298,0.68971831
3.99443298,0.51332134
3.99507298,0.51332134
3.99571298,0.51332134
3.99635298,0.51332134
3.99699298,0.51332134
3.99763298,0.51332134
3.99827298,0.51332134
3.99891298,0.33692434
3.99955298,0.33692434
4.00019298,0.33692434
4.00083298,0.33692434
4.00147298,0.33692434
4.00211298,0.33692434
4.00275298,0.33692434
4.00339298,0.33692434
4.00403298,0.33692434
4.00467298,0.33692434
4.00531298,0.16052736
4.00595298,0.16052736
4.00659298,0.16052736
4.00723298,0.16052736
4.00787298,0.16052736
4.00851298,-0.01525925
4.00915298,-0.01525925
4.00979298,-0.01525925
4.01043298,-0.01525925
4.01107298,-0.19104587
4.01171298,-0.19104587
4.01235298,-0.19104587
4.01299298,-0.19104587
4.01363298,-0.36744285
4.01427298,-0.36744285
4.01491298,-0.36744285
4.01555298,-0.36744285
4.01619298,-0.36744285
4.01683298,-0.36744285
4.01747298,-0.36744285
4.01811298,-0.36744285
4.01875298,-0.36744285
4.01939298,-0.54383981
4.02003298,-0.54383981
4.02067298,-0.54383981
4.02131298,-0.54383981
4.02195298,-0.54383981
4.02259298,-0.54383981
4.02323298,-0.54383981
4.02387298,-0.72023684
4.02451298,-0.72023684
4.02515298,-0.72023684
4.02579298,-0.72023684
4.02643298,-0.72023684
4.02707298,-0.72023684
4.02771298,-0.89602345
4.02835298,-0.89602345
4.02899298,-0.72023684
4.02963298,-0.89602345
4.03027298,-0.89602345
4.03091298,-0.89602345
4.03155298,-0.89602345
4.03219298,-0.89602345
4.03283298,-0.89602345
4.03347298,-0.89602345
4.03411298,-0.89602345
4.03475298,-0.89602345
4.03539298,-0.89602345
4.03603298,-0.89602345
4.03667298,-0.89602345
4.03731298,-0.89602345
4.03795298,-0.89602345
4.03859298,-0.89602345
4.03923298,-0.89602345
4.03987298,-1.07242048
4.04051298,-0.89602345
4.04115298,-1.07242048
4.04179298,-0.89602345
4.04243298,-0.89602345
4.04307298,-1.07242048
4.04371298,-0.89602345
4.04435298,-1.07242048
4.04499298,-0.89602345
4.04563298,-1.07242048
4.04627298,-0.89602345
4.04691298,-0.89602345
4.04755298,-0.89602345
4.04819298,-0.89602345
4.04883298,-0.89602345
4.04947298,-0.89602345
4.05011298,-0.89602345
4.05075298,-0.89602345
4.05139298,-0.89602345
4.05203298,-0.89602345
4.05267298,-0.89602345
4.05331298,-0.89602345
4.05395298,-0.89602345
4.05459298,-0.89602345
4.05523298,-0.89602345
4.05587298,-0.89602345
4.05651298,-0.72023684
4.05715298,-0.72023684
4.05779298,-0.72023684
4.05843298,-0.72023684
4.05907298,-0.72023684
4.05971298,-0.72023684
4.06035298,-0.72023684
4.06099298,-0.54383981
4.06163298,-0.54383981
4.06227298,-0.54383981
4.06291298,-0.54383981
4.06355298,-0.54383981
4.06419298,-0.54383981
4.06483298,-0.54383981
4.06547298,-0.54383981
4.06611298,-0.36744285
4.06675298,-0.36744285
4.06739298,-0.36744285
4.06803298,-0.36744285
4.06867298,-0.36744285
4.06931298,-0.36744285
4.06995298,-0.36744285
4.07059298,-0.36744285
4.07123298,-0.36744285
4.07187298,-0.19104587
4.07251298,-0.36744285
4.07315298,-0.19104587
4.07379298,-0.19104587
4.07443298,-0.19104587
4.07507298,-0.19104587
4.07571298,-0.19104587
4.07635298,-0.19104587
4.07699298,-0.01525925
4.07763298,-0.01525925
4.07827298,-0.01525925
4.07891298,-0.01525925
4.07955298,-0.01525925
4.08019298,0.16052736
4.08083298,-0.01525925
4.08147298,0.16052736
4.08211298,0.16052736
4.08275298,0.16052736
4.08339298,0.16052736
4.08403298,0.16052736
4.08467298,0.16052736
4.08531298,0.33692434
4.08595298,0.33692434
4.08659298,0.33692434
4.08723298,0.33692434
4.08787298,0.33692434
4.08851298,0.33692434
4.08915298,0.33692434
4.08979298,0.33692434
4.09043298,0.33692434
4.09107298,0.33692434
4.09171298,0.51332134
4.09235298,0.51332134
4.09299298,0.51332134
4.09363298,0.51332134
4.09427298,0.51332134
4.09491298,0.51332134
4.09555298,0.51332134
4.09619298,0.51332134
4.09683298,0.51332134
4.09747298,0.51332134
4.09811298,0.51332134
4.09875298,0.51332134
4.09939298,0.51332134
4.10003298,0.51332134
4.10067298,0.68971831
4.10131298,0.68971831
4.10195298,0.68971831
4.10259298,0.51332134
4.10323298,0.68971831
4.10387298,0.68971831
4.10451298,0.68971831
4.10515298,0.68971831
4.10579297,0.68971831
4.10643297,0.68971831
4.10707297,0.68971831
4.10771297,0.68971831
4.10835297,0.68971831
4.10899297,0.68971831
4.10963297,0.68971831
4.11027297,0.86550492
4.11091297,0.68971831
4.11155297,0.86550492
4.11219297,0.68971831
4.11283297,0.86550492
4.11347297,0.68971831
4.11411297,0.86550492
4.11475297,0.68971831
4.11539297,0.86550492
4.11603297,0.68971831
4.11667297,0.68971831
4.11731297,0.86550492
4.11795297,0.86550492
4.11859297,0.86550492
4.11923297,0.86550492
4.11987297,0.86550492
4.12051297,0.68971831
4.12115297,0.68971831
4.12179297,0.68971831
4.12243297,0.68971831
4.12307297,0.68971831
4.12371297,0.68971831
4.12435297,0.68971831
4.12499297,0.68971831
4.12563297,0.68971831
4.12627297,0.68971831
4.12691297,0.68971831
4.12755297,0.68971831
4.12819297,0.68971831
4.12883297,0.68971831
4.12947297,0.68971831
4.13011297,0.51332134
4.13075297,0.51332134
4.13139297,0.51332134
4.13203297,0.51332134
4.13267297,0.51332134
4.13331297,0.51332134
4.13395297,0.51332134
4.13459297,0.51332134
4.13523297,0.51332134
4.13587297,0.51332134
4.13651297,0.51332134
4.13715297,0.51332134
4.13779297,0.33692434
4.13843297,0.33692434
4.13907297,0.51332134
4.13971297,0.33692434
4.14035297,0.33692434
4.14099297,0.51332134
4.14163297,0.33692434
4.14227297,0.33692434
4.14291297,0.33692434
4.14355297,0.33692434
4.14419297,0.33692434
4.14483297,0.33692434
4.14547297,0.33692434
4.14611297,0.33692434
4.14675297,0.33692434
4.14739297,0.16052736
4.14803297,0.16052736
4.14867297,0.16052736
4.14931297,0.16052736
4.14995297,0.16052736
4.15059297,0.16052736
4.15123297,-0.01525925
4.15187297,0.16052736
4.15251297,0.16052736
4.15315297,0.16052736
4.15379297,0.16052736
4.15443297,-0.01525925
4.15507297,-0.01525925
4.15571297,-0.01525925
4.15635297,-0.01525925
4.15699297,-0.01525925
4.15763297,-0.01525925
4.15827297,-0.01525925
4.15891297,-0.19104587
4.15955297,-0.01525925
4.16019297,-0.19104587
4.16083297,-0.19104587
4.16147297,-0.19104587
4.16211297,-0.19104587
4.16275297,-0.19104587
4.16339297,-0.19104587
4.16403297,-0.19104587
4.16467297,-0.19104587
4.16531297,-0.19104587
4.16595297,-0.19104587
4.16659297,-0.19104587
4.16723297,-0.19104587
4.16787297,-0.19104587
4.16851297,-0.19104587
4.16915297,-0.36744285
4.16979297,-0.36744285
4.17043297,-0.36744285
4.17107297,-0.36744285
4.17171297,-0.36744285
4.17235297,-0.36744285
4.17299297,-0.36744285
4.17363297,-0.36744285
4.17427297,-0.36744285
4.17491297,-0.36744285
4.17555297,-0.36744285
4.17619297,-0.36744285
4.17683297,-0.36744285
4.17747297,-0.36744285
4.17811297,-0.54383981
4.17875297,-0.54383981
4.17939297,-0.54383981
4.18003297,-0.36744285
4.18067297,-0.54383981
4.18131297,-0.54383981
4.18195297,-0.54383981
4.18259297,-0.54383981
4.18323297,-0.54383981
4.18387297,-0.54383981
4.18451297,-0.36744285
4.18515297,-0.54383981
4.18579297,-0.54383981
4.18643297,-0.54383981
4.18707297,-0.54383981
4.18771297,-0.54383981
4.18835297,-0.54383981
4.18899297,-0.54383981
4.18963297,-0.54383981
4.19027297,-0.54383981
4.19091297,-0.54383981
4.19155297,-0.54383981
4.19219297,-0.54383981
4.19283297,-0.54383981
4.19347297,-0.54383981
4.19411297,-0.54383981
4.19475297,-0.54383981
4.19539297,-0.54383981
4.19603297,-0.54383981
4.19667297,-0.54383981
4.19731297,-0.54383981
4.19795297,-0.54383981
4.19859297,-0.54383981
4.19923297,-0.36744285
4.19987297,-0.54383981
4.20051297,-0.54383981
4.20115297,-0.54383981
4.20179297,-0.54383981
4.20243297,-0.54383981
4.20307297,-0.54383981
4.20371297,-0.54383981
4.20435297,-0.54383981
4.20499297,-0.36744285
4.20563297,-0.54383981
4.20627297,-0.36744285
4.20691297,-0.36744285
4.20755297,-0.36744285
4.20819297,-0.36744285
4.20883297,-0.36744285
4.20947297,-0.36744285
4.21011297,-0.36744285
4.21075297,-0.36744285
4.21139297,-0.36744285
4.21203297,-0.36744285
4.21267297,-0.36744285
4.21331297,-0.36744285
4.21395297,-0.36744285
4.21459297,-0.36744285
4.21523297,-0.36744285
4.21587297,-0.36744285
4.21651297,-0.36744285
4.21715297,-0.36744285
4.21779297,-0.36744285
4.21843297,-0.19104587
4.21907297,-0.36744285
4.21971297,-0.36744285
4.22035297,-0.19104587
4.22099297,-0.19104587
4.22163297,-0.19104587
4.22227297,-0.19104587
4.22291297,-0.19104587
4.22355297,-0.36744285
4.22419297,-0.19104587
4.22483297,-0.19104587
4.22547297,-0.19104587
4.22611297,-0.19104587
4.22675297,-0.19104587
4.22739297,-0.19104587
4.22803297,-0.19104587
4.22867297,-0.19104587
4.22931297,-0.19104587
4.22995297,-0.01525925
4.23059297,-0.19104587
4.23123297,-0.19104587
4.23187297,-0.19104587
4.23251297,-0.01525925
4.23315297,-0.01525925
4.23379297,-0.01525925
4.23443297,-0.01525925
4.23507297,-0.01525925
4.23571297,-0.01525925
4.23635297,-0.01525925
4.23699297,-0.01525925
4.23763297,0.16052736
4.23827297,-0.01525925
4.23891297,0.16052736
4.23955297,0.16052736
4.24019297,0.16052736
4.24083297,0.16052736
4.24147297,0.16052736
4.24211297,0.16052736
4.24275297,0.16052736
4.24339297,0.16052736
4.24403297,0.16052736
4.24467297,0.16052736
4.24531297,0.16052736
4.24595297,0.16052736
4.24659297,0.33692434
4.24723297,0.33692434
4.24787297,0.33692434
4.24851297,0.33692434
4.24915297,0.33692434
4.24979297,0.33692434
4.25043297,0.33692434
4.25107297,0.33692434
4.25171297,0.33692434
4.25235297,0.33692434
4.25299297,0.33692434
4.25363297,0.33692434
4.25427297,0.33692434
4.25491297,0.33692434
4.25555297,0.33692434
4.25619297,0.33692434
4.25683297,0.33692434
4.25747297,0.33692434
4.25811297,0.51332134
4.25875297,0.33692434
4.25939297,0.33692434
4.26003297,0.51332134
4.26067297,0.33692434
4.26131297,0.51332134
4.26195297,0.33692434
4.26259297,0.33692434
4.26323297,0.51332134
4.26387297,0.51332134
4.26451297,0.51332134
4.26515297,0.51332134
4.26579297,0.51332134
4.26643297,0.51332134
4.26707297,0.51332134
4.26771297,0.51332134
4.26835297,0.51332134
4.26899297,0.51332134
4.26963297,0.51332134
4.27027297,0.51332134
4.27091297,0.51332134
4.27155297,0.51332134
4.27219297,0.51332134
4.27283297,0.51332134
4.27347297,0.51332134
4.27411297,0.51332134
4.27475297,0.51332134
4.27539297,0.51332134
4.27603297,0.51332134
4.27667297,0.51332134
4.27731297,0.51332134
4.27795297,0.51332134
4.27859297,0.51332134
4.27923297,0.51332134
4.27987297,0.51332134
4.28051297,0.51332134
4.28115297,0.51332134
4.28179297,0.51332134
4.28243297,0.51332134
4.28307297,0.68971831
4.28371297,0.51332134
4.28435297,0.51332134
4.28499297,0.51332134
4.28563297,0.51332134
4.28627297,0.51332134
4.28691297,0.51332134
4.28755297,0.51332134
4.28819297,0.51332134
4.28883297,0.51332134
4.28947297,0.51332134
4.29011297,0.51332134
4.29075297,0.51332134
4.29139297,0.51332134
4.29203297,0.51332134
4.29267297,0.51332134
4.29331297,0.51332134
4.29395297,0.51332134
4.29459297,0.51332134
4.29523297,0.51332134
4.29587297,0.51332134
4.29651297,0.33692434
4.29715297,0.51332134
4.29779297,0.33692434
4.29843297,0.51332134
4.29907297,0.51332134
4.29971297,0.51332134
4.30035297,0.51332134
4.30099297,0.33692434
4.30163297,0.33692434
4.30227297,0.33692434
4.30291297,0.33692434
4.30355297,0.33692434
4.30419297,0.33692434
4.30483297,0.33692434
4.30547297,0.33692434
4.30611297,0.16052736
4.30675297,0.33692434
4.30739297,0.33692434
4.30803297,0.33692434
4.30867297,0.33692434
4.30931297,0.16052736
4.30995297,0.16052736
4.31059297,0.16052736
4.31123297,0.16052736
4.31187297,0.16052736
4.31251297,0.16052736
4.31315297,0.16052736
4.31379297,0.16052736
4.31443297,0.16052736
4.31507297,0.16052736
4.31571297,0.16052736
4.31635297,-0.01525925
4.31699297,0.16052736
4.31763297,0.16052736
4.31827297,-0.01525925
4.31891297,-0.01525925
4.31955297,-0.01525925
4.32019297,-0.01525925
4.32083297,-0.19104587
4.32147297,-0.19104587
4.32211297,-0.19104587
4.32275297,-0.19104587
4.32339297,-0.19104587
4.32403297,-0.19104587
4.32467297,-0.19104587
4.32531297,-0.19104587
4.32595297,-0.19104587
4.32659297,-0.19104587
4.32723297,-0.19104587
4.32787297,-0.36744285
4.32851297,-0.19104587
4.32915297,-0.36744285
4.32979297,-0.36744285
4.33043297,-0.36744285
4.33107297,-0.36744285
4.33171297,-0.36744285
4.33235297,-0.36744285
4.33299297,-0.36744285
4.33363297,-0.36744285
4.33427297,-0.36744285
4.33491297,-0.36744285
4.33555297,-0.36744285
4.33619297,-0.36744285
4.33683297,-0.36744285
4.33747297,-0.36744285
4.33811297,-0.54383981
4.33875297,-0.36744285
4.33939297,-0.36744285
4.34003297,-0.54383981
4.34067297,-0.54383981
4.34131297,-0.54383981
4.34195297,-0.54383981
4.34259297,-0.54383981
4.34323297,-0.54383981
4.34387297,-0.54383981
4.34451297,-0.54383981
4.34515297,-0.54383981
4.34579297,-0.54383981
4.34643297,-0.72023684
4.34707297,-0.72023684
4.34771297,-0.72023684
4.34835297,-0.54383981
4.34899297,-0.72023684
4.34963297,-0.54383981
4.35027297,-0.72023684
4.35091297,-0.72023684
4.35155297,-0.72023684
4.35219297,-0.54383981
4.35283297,-0.54383981
4.35347297,-0.72023684
4.35411297,-0.72023684
4.35475297,-0.54383981
4.35539297,-0.72023684
4.35603297,-0.72023684
4.35667297,-0.72023684
4.35731297,-0.72023684
4.35795297,-0.72023684
4.35859297,-0.72023684
4.35923297,-0.54383981
4.35987297,-0.72023684
4.36051297,-0.54383981
4.36115297,-0.72023684
4.36179297,-0.54383981
4.36243297,-0.72023684
4.36307297,-0.54383981
4.36371297,-0.72023684
4.36435297,-0.72023684
4.36499297,-0.72023684
4.36563297,-0.72023684
4.36627297,-0.72023684
4.36691297,-0.54383981
4.36755297,-0.54383981
4.36819297,-0.54383981
4.36883297,-0.54383981
4.36947297,-0.54383981
4.37011297,-0.54383981
4.37075297,-0.54383981
4.37139297,-0.54383981
4.37203297,-0.54383981
4.37267297,-0.54383981
4.37331297,-0.36744285
4.37395297,-0.54383981
4.37459297,-0.36744285
4.37523297,-0.36744285
4.37587297,-0.36744285
4.37651297,-0.36744285
4.37715297,-0.36744285
4.37779297,-0.36744285
4.37843297,-0.36744285
4.37907297,-0.36744285
4.37971297,-0.36744285
4.38035297,-0.36744285
4.38099297,-0.36744285
4.38163297,-0.36744285
4.38227297,-0.36744285
4.38291297,-0.36744285
4.38355297,-0.19104587
4.38419297,-0.19104587
4.38483297,-0.19104587
4.38547297,-0.19104587
4.38611297,-0.19104587
4.38675297,-0.19104587
4.38739297,-0.19104587
4.38803297,-0.19104587
4.38867297,-0.01525925
4.38931297,-0.01525925
4.38995297,-0.01525925
4.39059297,-0.01525925
4.39123297,-0.01525925
4.39187297,-0.01525925
4.39251297,0.16052736
4.39315297,0.16052736
4.39379297,-0.01525925
4.39443297,0.16052736
4.39507297,0.16052736
4.39571297,0.16052736
4.39635297,0.16052736
4.39699297,0.16052736
4.39763297,0.33692434
4.39827297,0.33692434
4.39891297,0.33692434
4.39955297,0.33692434
4.40019297,0.33692434
4.40083297,0.33692434
4.40147297,0.33692434
4.40211297,0.33692434
4.40275297,0.33692434
4.40339297,0.33692434
4.40403297,0.51332134
4.40467297,0.33692434
4.40531297,0.33692434
4.40595297,0.51332134
4.40659297,0.51332134
4.40723297,0.51332134
4.40787297,0.51332134
4.40851297,0.51332134
4.40915297,0.51332134
4.40979297,0.51332134
4.41043297,0.51332134
4.41107297,0.51332134
4.41171297,0.51332134
4.41235297,0.68971831
4.41299297,0.68971831
4.41363297,0.68971831
4.41427297,0.68971831
4.41491297,0.68971831
4.41555297,0.68971831
4.41619297,0.68971831
4.41683297,0.68971831
4.41747297,0.86550492
4.41811297,0.68971831
4.41875297,0.86550492
4.41939297,0.68971831
4.42003297,0.68971831
4.42067297,0.86550492
4.42131297,0.86550492
4.42195297,0.86550492
4.42259297,0.86550492
4.42323297,0.86550492
4.42387297,0.86550492
4.42451297,0.86550492
4.42515297,0.86550492
4.42579297,0.86550492
4.42643297,0.86550492
4.42707297,0.86550492
4.42771297,0.86550492
4.42835297,0.86550492
4.42899297,0.86550492
4.42963297,0.86550492
4.43027297,0.86550492
4.43091297,0.86550492
4.43155297,0.86550492
4.43219297,0.86550492
4.43283297,0.86550492
4.43347297,0.86550492
4.43411297,0.86550492
4.43475297,0.86550492
4.43539297,0.86550492
4.43603297,0.86550492
4.43667297,0.68971831
4.43731297,0.86550492
4.43795297,0.86550492
4.43859297,0.68971831
4.43923297,0.68971831
4.43987297,0.68971831
4.44051297,0.68971831
4.44115297,0.68971831
4.44179297,0.68971831
4.44243297,0.68971831
4.44307297,0.68971831
4.44371297,0.68971831
4.44435297,0.51332134
4.44499297,0.68971831
4.44563297,0.51332134
4.44627297,0.68971831
4.44691297,0.51332134
4.44755297,0.51332134
4.44819297,0.51332134
4.44883297,0.51332134
4.44947297,0.51332134
4.45011297,0.51332134
4.45075297,0.33692434
4.45139297,0.51332134
4.45203297,0.51332134
4.45267297,0.33692434
4.45331297,0.33692434
4.45395297,0.33692434
4.45459297,0.33692434
4.45523297,0.33692434
4.45587297,0.33692434
4.45651297,0.33692434
4.45715297,0.33692434
4.45779297,0.33692434
4.45843297,0.33692434
4.45907297,0.16052736
4.45971297,0.16052736
4.46035297,0.16052736
4.46099297,0.16052736
4.46163297,-0.01525925
4.46227297,0.16052736
4.46291297,-0.01525925
4.46355297,-0.01525925
4.46419297,-0.01525925
4.46483297,-0.01525925
4.46547297,-0.01525925
4.46611297,-0.01525925
4.46675297,-0.19104587
4.46739297,-0.19104587
4.46803297,-0.19104587
4.46867297,-0.19104587
4.46931297,-0.19104587
4.46995297,-0.19104587
4.47059297,-0.19104587
4.47123297,-0.19104587
4.47187297,-0.36744285
4.47251297,-0.36744285
4.47315297,-0.36744285
4.47379297,-0.36744285
4.47443297,-0.36744285
4.47507297,-0.36744285
4.47571297,-0.36744285
4.47635297,-0.36744285
4.47699297,-0.36744285
4.47763297,-0.54383981
4.47827297,-0.36744285
4.47891297,-0.54383981
4.47955297,-0.54383981
4.48019297,-0.54383981
4.48083297,-0.54383981
4.48147297,-0.54383981
4.48211297,-0.54383981
4.48275297,-0.72023684
4.48339297,-0.72023684
4.48403297,-0.72023684
4.48467297,-0.72023684
4.48531297,-0.72023684
4.48595297,-0.72023684
4.48659297,-0.72023684
4.48723297,-0.72023684
4.48787297,-0.72023684
4.48851297,-0.89602345
4.48915297,-0.72023684
4.48979297,-0.72023684
4.49043297,-0.89602345
4.49107297,-0.89602345
4.49171297,-0.89602345
4.49235297,-0.89602345
4.49299297,-0.89602345
4.49363297,-0.89602345
4.49427297,-0.89602345
4.49491297,-0.89602345
4.49555297,-0.89602345
4.49619297,-0.89602345
4.49683297,-0.89602345
4.49747297,-0.89602345
4.49811297,-0.89602345
4.49875297,-0.89602345
4.49939297,-0.89602345
4.50003297,-0.89602345
4.50067297,-0.89602345
4.50131297,-0.89602345
4.50195297,-0.89602345
4.50259297,-0.89602345
4.50323297,-0.89602345
4.50387297,-0.89602345
4.50451297,-0.89602345
4.50515297,-0.89602345
4.50579297,-0.89602345
4.50643297,-0.89602345
4.50707297,-0.89602345
4.50771297,-0.89602345
4.50835297,-0.89602345
4.50899297,-0.89602345
4.50963297,-0.72023684
4.51027297,-0.72023684
4.51091297,-0.72023684
4.51155297,-0.72023684
4.51219297,-0.89602345
4.51283297,-0.72023684
4.51347297,-0.72023684
4.51411297,-0.72023684
4.51475297,-0.72023684
4.51539297,-0.54383981
4.51603297,-0.54383981
4.51667297,-0.54383981
4.51731297,-0.54383981
4.51795297,-0.54383981
4.51859297,-0.54383981
4.51923297,-0.54383981
4.51987297,-0.54383981
4.52051297,-0.54383981
4.52115297,-0.36744285
4.52179297,-0.36744285
4.52243297,-0.36744285
4.52307297,-0.36744285
4.52371297,-0.36744285
4.52435297,-0.36744285
4.52499297,-0.36744285
4.52563297,-0.36744285
4.52627297,-0.36744285
4.52691297,-0.19104587
4.52755297,-0.36744285
4.52819297,-0.19104587
4.52883297,-0.19104587
4.52947297,-0.19104587
4.53011297,-0.19104587
4.53075297,-0.01525925
4.53139297,-0.19104587
4.53203297,-0.01525925
4.53267297,-0.01525925
4.53331297,-0.01525925
4.53395297,-0.01525925
4.53459297,-0.01525925
4.53523297,0.16052736
4.53587297,0.16052736
4.53651297,0.16052736
4.53715297,0.16052736
4.53779297,0.16052736
4.53843297,0.16052736
4.53907297,0.33692434
4.53971297,0.16052736
4.54035297,0.16052736
4.54099297,0.33692434
4.54163297,0.33692434
4.54227297,0.33692434
4.54291297,0.33692434
4.54355297,0.33692434
4.54419297,0.33692434
4.54483297,0.33692434
4.54547297,0.51332134
4.54611297,0.51332134
4.54675297,0.51332134
4.54739297,0.51332134
4.54803297,0.51332134
4.54867297,0.51332134
4.54931297,0.51332134
4.54995297,0.51332134
4.55059297,0.51332134
4.55123297,0.68971831
4.55187297,0.68971831
4.55251297,0.68971831
4.55315297,0.68971831
4.55379297,0.68971831
4.55443297,0.68971831
4.55507297,0.68971831
4.55571297,0.68971831
4.55635297,0.68971831
4.55699297,0.86550492
4.55763297,0.68971831
4.55827297,0.86550492
4.55891297,0.86550492
4.55955297,0.86550492
4.56019297,0.86550492
4.56083297,0.86550492
4.56147297,0.86550492
4.56211297,0.86550492
4.56275297,1.04190195
4.56339297,0.86550492
4.56403297,0.86550492
4.56467297,1.04190195
4.56531297,0.86550492
4.56595297,1.04190195
4.56659297,0.86550492
4.56723297,0.86550492
4.56787297,0.86550492
4.56851297,0.86550492
4.56915297,0.86550492
4.56979297,1.04190195
4.57043297,0.86550492
4.57107297,0.86550492
4.57171297,0.86550492
4.57235297,0.86550492
4.57299297,0.86550492
4.57363297,0.86550492
4.57427297,0.86550492
4.57491297,0.86550492
4.57555297,0.86550492
4.57619297,0.86550492
4.57683297,0.86550492
4.57747297,0.86550492
4.57811297,0.86550492
4.57875297,0.86550492
4.57939297,0.86550492
4.58003297,0.86550492
4.58067297,0.68971831
4.58131297,0.86550492
4.58195297,0.86550492
4.58259297,0.68971831
4.58323297,0.68971831
4.58387297,0.86550492
4.58451297,0.68971831
4.58515297,0.68971831
4.58579297,0.68971831
4.58643297,0.68971831
4.58707297,0.51332134
4.58771297,0.68971831
4.58835297,0.51332134
4.58899297,0.51332134
4.58963297,0.51332134
4.59027297,0.51332134
4.59091297,0.51332134
4.59155297,0.51332134
4.59219297,0.51332134
4.59283297,0.33692434
4.59347297,0.33692434
4.59411297,0.33692434
4.59475297,0.33692434
4.59539297,0.33692434
4.59603297,0.33692434
4.59667297,0.33692434
4.59731297,0.33692434
4.59795297,0.33692434
4.59859297,0.33692434
4.59923297,0.16052736
4.59987297,0.33692434
4.60051297,0.16052736
4.60115297,0.16052736
4.60179297,0.16052736
4.60243297,0.16052736
4.60307297,0.16052736
4.60371297,-0.01525925
4.60435297,-0.01525925
4.60499297,-0.01525925
4.60563297,-0.01525925
4.60627297,-0.01525925
4.60691297,-0.19104587
4.60755297,-0.19104587
4.60819297,-0.19104587
4.60883297,-0.19104587
4.60947297,-0.19104587
4.61011297,-0.19104587
4.61075297,-0.19104587
4.61139297,-0.19104587
4.61203297,-0.19104587
4.61267297,-0.36744285
4.61331297,-0.19104587
4.61395297,-0.36744285
4.61459297,-0.36744285
4.61523297,-0.36744285
4.61587297,-0.36744285
4.61651297,-0.36744285
4.61715297,-0.54383981
4.61779297,-0.36744285
4.61843297,-0.54383981
4.61907297,-0.54383981
4.61971297,-0.54383981
4.62035297,-0.54383981
4.62099297,-0.54383981
4.62163297,-0.54383981
4.62227297,-0.54383981
4.62291297,-0.54383981
4.62355297,-0.54383981
4.62419297,-0.72023684
4.62483297,-0.72023684
4.62547297,-0.72023684
4.62611297,-0.54383981
4.62675297,-0.72023684
4.62739297,-0.72023684
4.62803297,-0.72023684
4.62867297,-0.72023684
4.62931297,-0.72023684
4.62995297,-0.89602345
4.63059297,-0.89602345
4.63123297,-0.89602345
4.63187297,-0.72023684
4.63251297,-0.72023684
4.63315297,-0.72023684
4.63379297,-0.89602345
4.63443297,-0.72023684
4.63507297,-0.89602345
4.63571297,-0.89602345
4.63635297,-0.89602345
4.63699297,-0.72023684
4.63763297,-0.89602345
4.63827297,-0.89602345
4.63891297,-0.89602345
4.63955297,-0.89602345
4.64019297,-0.89602345
4.64083297,-0.89602345
4.64147297,-0.72023684
4.64211297,-0.89602345
4.64275297,-0.89602345
4.64339297,-0.72023684
4.64403297,-0.89602345
4.64467297,-0.72023684
4.64531297,-0.72023684
4.64595297,-0.72023684
4.64659297,-0.72023684
4.64723297,-0.72023684
4.64787297,-0.89602345
4.64851297,-0.72023684
4.64915297,-0.72023684
4.64979297,-0.72023684
4.65043297,-0.72023684
4.65107297,-0.54383981
4.65171297,-0.72023684
4.65235297,-0.72023684
4.65299297,-0.72023684
4.65363297,-0.54383981
4.65427297,-0.72023684
4.65491297,-0.72023684
4.65555297,-0.72023684
4.65619297,-0.54383981
4.65683297,-0.54383981
4.65747297,-0.54383981
4.65811297,-0.36744285
4.65875297,-0.36744285
4.65939297,-0.36744285
4.66003297,-0.54383981
4.66067297,-0.36744285
4.66131297,-0.36744285
4.66195297,-0.36744285
4.66259297,-0.36744285
4.66323297,-0.36744285
4.66387297,-0.36744285
4.66451297,-0.36744285
4.66515297,-0.19104587
4.66579297,-0.36744285
4.66643297,-0.36744285
4.66707297,-0.19104587
4.66771297,-0.19104587
4.66835297,-0.19104587
4.66899297,-0.19104587
4.66963297,-0.19104587
4.67027297,-0.19104587
4.67091297,-0.19104587
4.67155297,-0.01525925
4.67219297,-0.01525925
4.67283297,-0.01525925
4.67347297,-0.01525925
4.67411297,-0.01525925
4.67475297,-0.01525925
4.67539297,-0.01525925
4.67603297,0.16052736
4.67667297,0.16052736
4.67731297,0.16052736
4.67795297,0.16052736
4.67859297,0.16052736
4.67923297,0.16052736
4.67987297,0.16052736
4.68051297,0.16052736
4.68115297,0.33692434
4.68179297,0.33692434
4.68243297,0.33692434
4.68307297,0.33692434
4.68371297,0.33692434
4.68435297,0.33692434
4.68499297,0.33692434
4.68563297,0.33692434
4.68627297,0.33692434
4.68691297,0.33692434
4.68755297,0.33692434
4.68819297,0.33692434
4.68883297,0.51332134
4.68947297,0.51332134
4.69011297,0.33692434
4.69075297,0.51332134
4.69139297,0.51332134
4.69203297,0.51332134
4.69267297,0.51332134
4.69331297,0.51332134
4.69395297,0.51332134
4.69459297,0.51332134
4.69523297,0.51332134
4.69587297,0.51332134
4.69651297,0.68971831
4.69715297,0.68971831
4.69779297,0.51332134
4.69843297,0.68971831
4.69907297,0.51332134
4.69971297,0.68971831
4.70035297,0.68971831
4.70099297,0.68971831
4.70163297,0.68971831
4.70227297,0.68971831
4.70291297,0.68971831
4.70355297,0.68971831
4.70419297,0.68971831
4.70483297,0.68971831
4.70547297,0.68971831
4.70611297,0.68971831
4.70675297,0.68971831
4.70739297,0.68971831
4.70803297,0.68971831
4.70867297,0.68971831
4.70931297,0.68971831
4.70995297,0.68971831
4.71059297,0.68971831
4.71123297,0.68971831
4.71187297,0.68971831
4.71251297,0.68971831
4.71315297,0.68971831
4.71379297,0.68971831
4.71443297,0.68971831
4.71507297,0.68971831
4.71571297,0.68971831
4.71635297,0.68971831
4.71699297,0.68971831
4.71763297,0.68971831
4.71827297,0.68971831
4.71891297,0.68971831
4.71955297,0.51332134
4.72019297,0.68971831
4.72083297,0.68971831
4.72147297,0.68971831
4.72211297,0.51332134
4.72275297,0.68971831
4.72339297,0.51332134
4.72403297,0.51332134
4.72467297,0.51332134
4.72531297,0.51332134
4.72595297,0.51332134
4.72659297,0.51332134
4.72723297,0.51332134
4.72787297,0.51332134
4.72851297,0.51332134
4.72915297,0.33692434
4.72979297,0.51332134
4.73043297,0.51332134
4.73107297,0.51332134
4.73171297,0.33692434
4.73235297,0.33692434
4.73299297,0.33692434
4.73363297,0.33692434
4.73427297,0.33692434
4.73491297,0.33692434
4.73555297,0.33692434
4.73619297,0.33692434
4.73683297,0.33692434
4.73747297,0.33692434
4.73811297,0.33692434
4.73875297,0.33692434
4.73939297,0.33692434
4.74003297,0.16052736
4.74067297,0.33692434
4.74131297,0.16052736
4.74195297,0.16052736
4.74259297,0.16052736
4.74323297,0.16052736
4.74387297,0.16052736
4.74451297,-0.01525925
4.74515297,0.16052736
4.74579297,0.16052736
4.74643297,-0.01525925
4.74707297,0.16052736
4.74771297,0.16052736
4.74835297,-0.01525925
4.74899297,-0.01525925
4.74963297,-0.01525925
4.75027297,-0.19104587
4.75091297,-0.19104587
4.75155297,-0.19104587
4.75219297,-0.19104587
4.75283297,-0.19104587
4.75347297,-0.19104587
4.75411297,-0.19104587
4.75475297,-0.19104587
4.75539297,-0.19104587
4.75603297,-0.19104587
4.75667297,-0.19104587
4.75731297,-0.19104587
4.75795297,-0.36744285
4.75859297,-0.36744285
4.75923297,-0.36744285
4.75987297,-0.36744285
4.76051297,-0.36744285
4.76115297,-0.36744285
4.76179297,-0.36744285
4.76243297,-0.36744285
4.76307297,-0.36744285
4.76371297,-0.36744285
4.76435297,-0.36744285
4.76499297,-0.36744285
4.76563297,-0.36744285
4.76627297,-0.36744285
4.76691297,-0.36744285
4.76755297,-0.36744285
4.76819297,-0.36744285
4.76883297,-0.36744285
4.76947297,-0.36744285
4.77011297,-0.36744285
4.77075297,-0.36744285
4.77139297,-0.54383981
4.77203297,-0.54383981
4.77267297,-0.36744285
4.77331297,-0.36744285
4.77395297,-0.36744285
4.77459297,-0.54383981
4.77523297,-0.54383981
4.77587297,-0.54383981
4.77651297,-0.54383981
4.77715297,-0.54383981
4.77779297,-0.54383981
4.77843297,-0.54383981
4.77907297,-0.54383981
4.77971297,-0.54383981
4.78035297,-0.54383981
4.78099297,-0.54383981
4.78163297,-0.54383981
4.78227297,-0.54383981
4.78291297,-0.54383981
4.78355297,-0.54383981
4.78419297,-0.54383981
4.78483297,-0.54383981
4.78547297,-0.54383981
4.78611297,-0.54383981
4.78675297,-0.54383981
4.78739297,-0.54383981
4.78803297,-0.54383981
4.78867297,-0.54383981
4.78931297,-0.54383981
4.78995297,-0.54383981
4.79059297,-0.54383981
4.79123297,-0.54383981
4.79187297,-0.54383981
4.79251297,-0.54383981
4.79315297,-0.36744285
4.79379297,-0.54383981
4.79443297,-0.54383981
4.79507297,-0.54383981
4.79571297,-0.36744285
4.79635297,-0.36744285
4.79699297,-0.54383981
4.79763297,-0.36744285
4.79827297,-0.36744285
4.79891297,-0.36744285
4.79955297,-0.36744285
4.80019297,-0.36744285
4.80083297,-0.36744285
4.80147297,-0.36744285
4.80211297,-0.36744285
4.80275297,-0.36744285
4.80339297,-0.36744285
4.80403297,-0.36744285
4.80467297,-0.36744285
4.80531297,-0.36744285
4.80595297,-0.36744285
4.80659297,-0.36744285
4.80723297,-0.19104587
4.80787297,-0.36744285
4.80851297,-0.19104587
4.80915297,-0.19104587
4.80979297,-0.36744285
4.81043297,-0.19104587
4.81107297,-0.19104587
4.81171297,-0.19104587
4.81235297,-0.19104587
4.81299297,-0.19104587
4.81363297,-0.19104587
4.81427297,-0.19104587
4.81491297,-0.19104587
4.81555297,-0.19104587
4.81619297,-0.19104587
4.81683297,-0.19104587
4.81747297,-0.19104587
4.81811297,-0.01525925
4.81875297,-0.01525925
4.81939297,-0.19104587
4.82003297,-0.19104587
4.82067297,-0.01525925
4.82131297,-0.01525925
4.82195297,-0.01525925
4.82259297,-0.01525925
4.82323297,-0.01525925
4.82387297,0.16052736
4.82451297,0.16052736
4.82515297,0.16052736
4.82579297,0.16052736
4.82643297,0.16052736
4.82707297,0.16052736
4.82771297,0.16052736
4.82835297,0.16052736
4.82899297,-0.01525925
4.82963297,0.16052736
4.83027297,0.16052736
4.83091297,0.16052736
4.83155297,0.16052736
4.83219297,0.16052736
4.83283297,0.16052736
4.83347297,0.16052736
4.83411297,0.33692434
4.83475297,0.33692434
4.83539297,0.33692434
4.83603297,0.33692434
4.83667297,0.33692434
4.83731297,0.33692434
4.83795297,0.33692434
4.83859297,0.33692434
4.83923297,0.33692434
4.83987297,0.33692434
4.84051297,0.33692434
4.84115297,0.33692434
4.84179297,0.33692434
4.84243297,0.33692434
4.84307297,0.33692434
4.84371297,0.33692434
4.84435297,0.33692434
4.84499297,0.33692434
4.84563297,0.33692434
4.84627297,0.33692434
4.84691297,0.33692434
4.84755297,0.33692434
4.84819297,0.51332134
4.84883297,0.33692434
4.84947297,0.33692434
4.85011297,0.33692434
4.85075297,0.51332134
4.85139297,0.33692434
4.85203297,0.33692434
4.85267297,0.33692434
4.85331297,0.51332134
4.85395297,0.33692434
4.85459297,0.51332134
4.85523297,0.33692434
4.85587297,0.33692434
4.85651297,0.33692434
4.85715297,0.33692434
4.85779297,0.51332134
4.85843297,0.33692434
4.85907297,0.51332134
4.85971297,0.51332134
4.86035297,0.51332134
4.86099297,0.51332134
4.86163297,0.33692434
4.86227297,0.51332134
4.86291297,0.51332134
4.86355297,0.33692434
4.86419297,0.51332134
4.86483297,0.51332134
4.86547297,0.51332134
4.86611297,0.33692434
4.86675297,0.33692434
4.86739297,0.51332134
4.86803297,0.33692434
4.86867297,0.51332134
4.86931297,0.33692434
4.86995297,0.33692434
4.87059297,0.33692434
4.87123297,0.51332134
4.87187297,0.33692434
4.87251297,0.33692434
4.87315297,0.33692434
4.87379297,0.33692434
4.87443297,0.51332134
4.87507297,0.33692434
4.87571297,0.33692434
4.87635297,0.33692434
4.87699297,0.33692434
4.87763297,0.33692434
4.87827297,0.33692434
4.87891297,0.33692434
4.87955297,0.33692434
4.88019297,0.33692434
4.88083297,0.33692434
4.88147297,0.33692434
4.88211297,0.33692434
4.88275297,0.33692434
4.88339297,0.33692434
4.88403297,0.33692434
4.88467297,0.33692434
4.88531297,0.33692434
4.88595297,0.33692434
4.88659297,0.33692434
4.88723297,0.33692434
4.88787297,0.33692434
4.88851297,0.33692434
4.88915297,0.16052736
4.88979297,0.33692434
4.89043297,0.16052736
4.89107297,0.16052736
4.89171297,0.16052736
4.89235297,0.16052736
4.89299297,0.16052736
4.89363297,0.16052736
4.89427297,0.16052736
4.89491297,0.16052736
4.89555297,0.16052736
4.89619297,0.16052736
4.89683297,0.16052736
4.89747297,0.16052736
4.89811297,0.16052736
4.89875297,0.16052736
4.89939297,-0.01525925
4.90003297,-0.01525925
4.90067297,0.16052736
4.90131297,-0.01525925
4.90195297,-0.01525925
4.90259297,-0.01525925
4.90323297,-0.01525925
4.90387297,0.16052736
4.90451297,-0.01525925
4.90515297,-0.01525925
4.90579297,-0.01525925
4.90643297,-0.01525925
4.90707297,-0.01525925
4.90771297,-0.01525925
4.90835297,-0.01525925
4.90899297,-0.01525925
4.90963297,-0.01525925
4.91027297,-0.19104587
4.91091297,-0.19104587
4.91155297,-0.01525925
4.91219297,-0.19104587
4.91283297,-0.19104587
4.91347297,-0.01525925
4.91411297,-0.19104587
4.91475297,-0.19104587
4.91539297,-0.19104587
4.91603297,-0.19104587
4.91667297,-0.19104587
4.91731297,-0.19104587
4.91795297,-0.19104587
4.91859297,-0.19104587
4.91923297,-0.19104587
4.91987297,-0.36744285
4.92051297,-0.19104587
4.92115297,-0.36744285
4.92179297,-0.19104587
4.92243297,-0.19104587
4.92307297,-0.19104587
4.92371297,-0.36744285
4.92435297,-0.19104587
4.92499297,-0.19104587
4.92563297,-0.36744285
4.92627297,-0.36744285
4.92691297,-0.36744285
4.92755297,-0.36744285
4.92819297,-0.36744285
4.92883297,-0.36744285
4.92947297,-0.36744285
4.93011297,-0.36744285
4.93075297,-0.36744285
4.93139297,-0.36744285
4.93203297,-0.36744285
4.93267297,-0.36744285
4.93331297,-0.36744285
4.93395297,-0.36744285
4.93459297,-0.36744285
4.93523297,-0.36744285
4.93587297,-0.36744285
4.93651297,-0.36744285
4.93715297,-0.36744285
4.93779297,-0.36744285
4.93843297,-0.36744285
4.93907297,-0.36744285
4.93971297,-0.36744285
4.94035297,-0.36744285
4.94099297,-0.36744285
4.94163297,-0.36744285
4.94227297,-0.36744285
4.94291297,-0.36744285
4.94355297,-0.36744285
4.94419297,-0.36744285
4.94483297,-0.36744285
4.94547297,-0.36744285
4.94611297,-0.36744285
4.94675297,-0.36744285
4.94739297,-0.36744285
4.94803297,-0.36744285
4.94867297,-0.36744285
4.94931297,-0.36744285
4.94995297,-0.36744285
4.95059297,-0.36744285
4.95123297,-0.36744285
4.95187297,-0.36744285
4.95251297,-0.36744285
4.95315297,-0.36744285
4.95379297,-0.36744285
4.95443297,-0.36744285
4.95507297,-0.36744285
4.95571297,-0.36744285
4.95635297,-0.36744285
4.95699297,-0.36744285
4.95763297,-0.36744285
4.95827297,-0.36744285
4.95891297,-0.36744285
4.95955297,-0.36744285
4.96019297,-0.36744285
4.96083297,-0.19104587
4.96147297,-0.36744285
4.96211297,-0.36744285
4.96275297,-0.36744285
4.96339297,-0.36744285
4.96403297,-0.19104587
4.96467297,-0.36744285
4.96531297,-0.19104587
4.96595297,-0.36744285
4.96659297,-0.19104587
4.96723297,-0.19104587
4.96787297,-0.19104587
4.96851297,-0.19104587
4.96915297,-0.19104587
4.96979297,-0.19104587
4.97043297,-0.19104587
4.97107297,-0.19104587
4.97171297,-0.19104587
4.97235297,-0.19104587
4.97299297,-0.19104587
4.97363297,-0.19104587
4.97427297,-0.19104587
4.97491297,-0.19104587
4.97555297,-0.19104587
4.97619297,-0.19104587
4.97683297,-0.01525925
4.97747297,-0.19104587
4.97811297,-0.01525925
4.97875297,-0.01525925
4.97939297,-0.01525925
4.98003297,-0.01525925
4.98067297,-0.01525925
4.98131297,-0.01525925
4.98195297,-0.01525925
4.98259297,-0.01525925
4.98323297,-0.01525925
4.98387297,-0.01525925
4.98451297,-0.01525925
4.98515297,-0.01525925
4.98579297,0.16052736
4.98643297,-0.01525925
4.98707297,0.16052736
4.98771297,0.16052736
4.98835297,0.16052736
4.98899297,0.16052736
4.98963297,0.16052736
4.99027297,0.16052736
4.99091297,0.16052736
4.99155297,0.16052736
4.99219297,0.33692434
4.99283297,0.33692434
4.99347297,0.16052736
4.99411297,0.33692434
4.99475297,0.33692434
4.99539297,0.33692434
4.99603297,0.33692434
4.99667297,0.33692434
4.99731297,0.33692434
4.99795297,0.33692434
4.99859297,0.33692434
4.99923297,0.33692434
4.99987297,0.33692434
5.00051297,0.33692434
