Frequency,Channel A

0.00000000,-26.25211334
0.19073486,-33.63872910
0.38146973,-54.79538727
0.57220459,-50.08137131
0.76293945,-55.95394516
0.95367432,-58.14430618
1.14440918,-74.46583557
1.33514404,-56.53361893
1.52587891,-53.40753555
1.71661377,-53.40017319
1.90734863,-53.61192703
2.09808350,-55.86209869
2.28881836,-60.87724304
2.47955322,-69.39050293
2.67028809,-53.38963318
2.86102295,-50.52579880
3.05175781,-57.73158264
3.24249268,-54.16446304
3.43322754,-47.91828918
3.62396240,-50.48542023
3.81469727,-61.90692520
4.00543213,-49.32100296
4.19616699,-49.55543137
4.38690186,-54.90879822
4.57763672,-48.99790192
4.76837158,-47.68868256
4.95910645,-47.18064880
5.14984131,-54.34550476
5.34057617,-54.42641830
5.53131104,-51.25419235
5.72204590,-46.23159409
5.91278076,-28.44653130
6.10351562,-5.68048000
6.29425049,3.68485880
6.48498535,4.51940775
6.67572021,-2.89288545
6.86645508,-22.29313850
7.05718994,-46.14700317
7.24792480,-48.75266647
7.43865967,-56.05720901
7.62939453,-58.62737274
7.82012939,-58.45709991
8.01086426,-54.90697861
8.20159912,-54.91070557
8.39233398,-40.93326950
8.58306885,-25.78144455
8.77380371,-10.41656017
8.96453857,-4.39445686
9.15527344,-5.97813511
9.34600830,-15.57433510
9.53674316,-34.31486511
9.72747803,-47.32258606
9.91821289,-44.96631622
10.10894775,-58.66894531
10.29968262,-48.50361633
10.49041748,-48.89341354
10.68115234,-59.53902435
10.87188721,-61.71934509
11.06262207,-53.82523346
11.25335693,-52.87654495
11.44409180,-50.44632721
11.63482666,-50.33628082
11.82556152,-50.73967743
12.01629639,-55.62565613
12.20703125,-58.78164673
12.39776611,-54.87947464
12.58850098,-52.14383698
12.77923584,-53.67627716
12.96997070,-49.77479553
13.16070557,-47.61056519
13.35144043,-48.84857178
13.54217529,-54.82081985
13.73291016,-63.98671722
13.92364502,-71.50312805
14.11437988,-63.57144928
14.30511475,-58.48190308
14.49584961,-64.47935486
14.68658447,-58.28165054
14.87731934,-52.84156418
15.06805420,-52.72790909
15.25878906,-52.85147095
15.44952393,-63.71225357
15.64025879,-46.80933380
15.83099365,-46.24314117
16.02172852,-60.15599823
16.21246338,-58.34468842
16.40319824,-54.52284241
16.59393311,-50.23696518
16.78466797,-54.77733231
16.97540283,-60.17357254
17.16613770,-68.15354919
17.35687256,-61.72890472
17.54760742,-62.17999268
17.73834229,-57.85281754
17.92907715,-57.35176468
18.11981201,-54.57038498
18.31054688,-46.54669952
18.50128174,-47.44961166
18.69201660,-55.03217316
18.88275146,-59.22356415
19.07348633,-49.18456650
19.26422119,-48.75409698
19.45495605,-66.66251373
19.64569092,-57.62088013
19.83642578,-54.72274017
20.02716064,-54.78870010
20.21789551,-56.30613708
20.40863037,-57.06477737
20.59936523,-56.36862183
20.79010010,-56.55076981
20.98083496,-61.18041611
21.17156982,-58.64389801
21.36230469,-54.00410461
21.55303955,-54.16050720
21.74377441,-56.14296722
21.93450928,-51.83778381
22.12524414,-52.13380432
22.31597900,-54.34018707
22.50671387,-52.63781738
22.69744873,-51.67451859
22.88818359,-51.71784973
23.07891846,-55.65158081
23.26965332,-56.66566849
23.46038818,-51.88762283
23.65112305,-52.34039307
23.84185791,-61.23840332
24.03259277,-59.54055405
24.22332764,-59.77883148
24.41406250,-66.88699341
24.60479736,-57.04264832
24.79553223,-48.74405289
24.98626709,-46.86710358
25.17700195,-48.88391876
25.36773682,-54.52076340
25.55847168,-57.39748383
25.74920654,-71.89948273
25.93994141,-59.82198334
26.13067627,-52.56242371
26.32141113,-52.20157242
26.51214600,-55.46828461
26.70288086,-58.22645187
26.89361572,-58.48585510
27.08435059,-51.74330902
27.27508545,-57.11838150
27.46582031,-55.10081863
27.65655518,-51.63395691
27.84729004,-51.20240021
28.03802490,-50.77085876
28.22875977,-54.20190430
28.41949463,-56.95215225
28.61022949,-53.75934219
28.80096436,-50.41554260
28.99169922,-49.62320709
29.18243408,-48.92160416
29.37316895,-47.44256973
29.56390381,-46.12638092
29.75463867,-47.24209595
29.94537354,-55.46983719
30.13610840,-60.60261154
30.32684326,-57.96534729
30.51757812,-57.54469299
30.70831299,-61.15954971
30.89904785,-55.70980835
31.08978271,-48.79169083
31.28051758,-47.46533966
31.47125244,-48.76867676
31.66198730,-50.65687561
31.85272217,-57.14730072
32.04345703,-58.11162949
32.23419189,-52.75938416
32.42492676,-52.70267487
32.61566162,-52.60720062
32.80639648,-52.53757858
32.99713135,-52.27771759
33.18786621,-58.77250671
33.37860107,-65.68576813
33.56933594,-59.46750259
33.76007080,-63.28512573
33.95080566,-56.56880188
34.14154053,-58.49699020
34.33227539,-60.59632111
34.52301025,-58.59058762
34.71374512,-50.60989761
34.90447998,-49.10960388
35.09521484,-50.32419586
35.28594971,-54.47097778
35.47668457,-53.34508896
35.66741943,-52.81295776
35.85815430,-60.44163132
36.04888916,-55.98670959
36.23962402,-50.14212036
36.43035889,-49.07512665
36.62109375,-53.42166519
36.81182861,-59.14896011
37.00256348,-55.46252823
37.19329834,-58.61648560
37.38403320,-62.61650085
37.57476807,-59.42318726
37.76550293,-56.59128189
37.95623779,-55.18275452
38.14697266,-55.90005875
38.33770752,-56.64498901
38.52844238,-63.94238281
38.71917725,-60.60734558
38.90991211,-58.28525543
39.10064697,-49.21471024
39.29138184,-44.78540421
39.48211670,-45.39893723
39.67285156,-50.63526535
39.86358643,-58.88004303
40.05432129,-54.70246887
40.24505615,-50.39737320
40.43579102,-52.35332870
40.62652588,-60.47160339
40.81726074,-67.67092896
41.00799561,-64.77535248
41.19873047,-69.97903442
41.38946533,-60.75578308
41.58020020,-56.15999222
41.77093506,-54.43085480
41.96166992,-55.46847916
42.15240479,-55.13655853
42.34313965,-54.78978729
42.53387451,-62.39603043
42.72460938,-64.52112579
42.91534424,-57.68555450
43.10607910,-57.47584915
43.29681396,-60.24240494
43.48754883,-54.06471252
43.67828369,-50.84801102
43.86901855,-55.06965637
44.05975342,-55.74735641
44.25048828,-52.97911835
44.44122314,-51.71960831
44.63195801,-57.03700638
44.82269287,-58.83151245
45.01342773,-52.76708984
45.20416260,-51.31794739
45.39489746,-51.21915817
45.58563232,-49.11872482
45.77636719,-48.99962997
45.96710205,-53.90319061
46.15783691,-67.54939270
46.34857178,-63.26034927
46.53930664,-69.26850891
46.73004150,-53.03585815
46.92077637,-52.12089539
47.11151123,-54.93026352
47.30224609,-51.14166260
47.49298096,-52.96445465
47.68371582,-57.08119202
47.87445068,-65.12701416
48.06518555,-60.34165955
48.25592041,-70.30096436
48.44665527,-86.95707703
48.63739014,-61.84415817
48.82812500,-64.12463379
49.01885986,-65.78673553
49.20959473,-60.04359436
49.40032959,-58.50288391
49.59106445,-54.86703491
49.78179932,-51.28998566
49.97253418,-50.90053940
50.16326904,-56.09742737
50.35400391,-61.64223480
50.54473877,-57.81762695
50.73547363,-49.32418060
50.92620850,-50.10505295
51.11694336,-62.67081451
51.30767822,-58.29418182
51.49841309,-60.85261536
51.68914795,-63.37574387
51.87988281,-63.67013550
52.07061768,-62.39043427
52.26135254,-55.15246964
52.45208740,-49.81552887
52.64282227,-48.98666000
52.83355713,-53.40991974
53.02429199,-54.95653534
53.21502686,-50.95570374
53.40576172,-54.01255798
53.59649658,-63.81343079
53.78723145,-51.42871857
53.97796631,-50.95396423
54.16870117,-55.16229248
54.35943604,-63.28022766
54.55017090,-58.80386353
54.74090576,-52.11615753
54.93164062,-53.49136734
55.12237549,-57.48678589
55.31311035,-54.10722351
55.50384521,-54.58269501
55.69458008,-54.46115494
55.88531494,-53.13336182
56.07604980,-56.19730377
56.26678467,-53.22140121
56.45751953,-49.91046906
56.64825439,-49.66488266
56.83898926,-46.78310394
57.02972412,-48.31064606
57.22045898,-55.40508652
57.41119385,-55.59908295
57.60192871,-62.59201050
57.79266357,-64.33526611
57.98339844,-55.68708038
58.17413330,-60.13952637
58.36486816,-64.15497589
58.55560303,-55.44244385
58.74633789,-56.04751205
58.93707275,-60.61479187
59.12780762,-61.99950409
59.31854248,-65.46244812
59.50927734,-57.90599060
59.70001221,-58.12228775
59.89074707,-64.60044098
60.08148193,-67.46277618
60.27221680,-53.17785263
60.46295166,-49.54039001
60.65368652,-56.91781616
60.84442139,-61.70597839
61.03515625,-73.95112610
61.22589111,-59.04354095
61.41662598,-55.20559311
61.60736084,-53.36021805
61.79809570,-55.40444183
61.98883057,-61.37300491
62.17956543,-54.20675659
62.37030029,-62.06100082
62.56103516,-56.51371002
62.75177002,-53.67527008
62.94250488,-56.46092987
63.13323975,-54.03990936
63.32397461,-55.73804855
63.51470947,-65.49013519
63.70544434,-66.20964050
63.89617920,-65.29385376
64.08691406,-58.14551544
64.27764893,-55.69168091
64.46838379,-53.49971390
64.65911865,-50.87501907
64.84985352,-46.47856140
65.04058838,-46.12314224
65.23132324,-49.32396698
65.42205811,-50.72534561
65.61279297,-51.68106842
65.80352783,-63.49052048
65.99426270,-59.18888855
66.18499756,-56.95619202
66.37573242,-55.70207596
66.56646729,-59.76333618
66.75720215,-61.68468475
66.94793701,-53.52385712
67.13867188,-56.59408569
67.32940674,-57.71559143
67.52014160,-54.00054169
67.71087646,-50.87496185
67.90161133,-53.84523773
68.09234619,-56.89355469
68.28308105,-54.77291489
68.47381592,-56.64579391
68.66455078,-61.61897278
68.85528564,-57.23216248
69.04602051,-50.20259857
69.23675537,-49.81580353
69.42749023,-54.69964600
69.61822510,-51.51371002
69.80895996,-51.14622116
69.99969482,-55.69134521
70.19042969,-56.57314682
70.38116455,-55.25751495
70.57189941,-53.37693024
70.76263428,-48.39818954
70.95336914,-50.59221268
71.14410400,-53.25315857
71.33483887,-52.34222412
71.52557373,-52.29515457
71.71630859,-51.92501831
71.90704346,-53.91326141
72.09777832,-59.99887848
72.28851318,-58.68354797
72.47924805,-56.52199173
72.66998291,-56.03082657
72.86071777,-56.81651306
73.05145264,-62.11051941
73.24218750,-57.26348877
73.43292236,-50.09630203
73.62365723,-49.88281250
73.81439209,-57.09142685
74.00512695,-62.82963562
74.19586182,-60.72174835
74.38659668,-57.14509583
74.57733154,-59.24316406
74.76806641,-56.28111267
74.95880127,-56.37842178
75.14953613,-51.76670456
75.34027100,-50.15792847
75.53100586,-57.95571899
75.72174072,-50.72727585
75.91247559,-51.70951080
76.10321045,-60.77690506
76.29394531,-54.24024963
76.48468018,-51.50672531
76.67541504,-52.91785431
76.86614990,-53.01505661
77.05688477,-53.72356415
77.24761963,-54.32967377
77.43835449,-50.56016541
77.62908936,-51.64498138
77.81982422,-58.76934814
78.01055908,-60.32371140
78.20129395,-55.22328186
78.39202881,-56.02413940
78.58276367,-60.28454208
78.77349854,-57.89749146
78.96423340,-56.59185791
79.15496826,-61.99427795
79.34570312,-66.34322357
79.53643799,-54.21748734
79.72717285,-50.69731903
79.91790771,-54.89501190
80.10864258,-63.76394272
80.29937744,-56.93896484
80.49011230,-53.81587982
80.68084717,-52.82356644
80.87158203,-55.20615005
81.06231689,-59.13341522
81.25305176,-56.93173981
81.44378662,-57.68528748
81.63452148,-60.60026550
81.82525635,-54.16988754
82.01599121,-50.23109818
82.20672607,-46.31565094
82.39746094,-48.28815460
82.58819580,-50.08201599
82.77893066,-48.44009018
82.96966553,-49.05691528
83.16040039,-49.65858078
83.35113525,-49.84735489
83.54187012,-48.49971008
83.73260498,-48.62586212
83.92333984,-52.41245270
84.11407471,-61.42610931
84.30480957,-64.85223389
84.49554443,-58.46072769
84.68627930,-54.75176239
84.87701416,-54.98311996
85.06774902,-53.99745178
85.25848389,-53.13299561
85.44921875,-54.45143127
85.63995361,-59.73360062
85.83068848,-58.87920380
86.02142334,-52.15850067
86.21215820,-51.30125046
86.40289307,-52.63491821
86.59362793,-56.97238541
86.78436279,-61.72391510
86.97509766,-58.70417023
87.16583252,-65.45826721
87.35656738,-54.48367691
87.54730225,-50.98831558
87.73803711,-49.14585495
87.92877197,-54.44256210
88.11950684,-54.39151382
88.31024170,-54.19197464
88.50097656,-53.70651627
88.69171143,-66.46003723
88.88244629,-52.04189682
89.07318115,-49.22354126
89.26391602,-53.14456177
89.45465088,-65.35757446
89.64538574,-64.99394226
89.83612061,-54.10276031
90.02685547,-52.28989410
90.21759033,-51.69611359
90.40832520,-50.19098282
90.59906006,-50.46062851
90.78979492,-51.71615219
90.98052979,-55.42087555
91.17126465,-60.55432129
91.36199951,-72.00531769
91.55273438,-60.14293289
91.74346924,-55.84418488
91.93420410,-51.87553406
92.12493896,-51.85983658
92.31567383,-61.65820694
92.50640869,-55.31558609
92.69714355,-57.33455276
92.88787842,-53.65628052
93.07861328,-48.15679550
93.26934814,-47.06047058
93.46008301,-50.39393616
93.65081787,-62.39299393
93.84155273,-57.21975708
94.03228760,-51.86535263
94.22302246,-49.36539078
94.41375732,-47.09615707
94.60449219,-49.83205414
94.79522705,-66.15316772
94.98596191,-57.69873810
95.17669678,-54.92155457
95.36743164,-57.92463303
95.55816650,-54.85003662
95.74890137,-49.26950073
95.93963623,-49.39307404
96.13037109,-53.89241791
96.32110596,-57.16730118
96.51184082,-57.63353729
96.70257568,-58.14130783
96.89331055,-52.10180283
97.08404541,-49.86721420
97.27478027,-50.51023865
97.46551514,-57.08422852
97.65625000,-66.22322845
97.84698486,-65.23561096
98.03771973,-75.95459747
98.22845459,-57.85478210
98.41918945,-54.80224991
98.60992432,-57.29750061
98.80065918,-55.93678284
98.99139404,-57.28081131
99.18212891,-56.88991928
99.37286377,-52.82766342
99.56359863,-50.55381775
99.75433350,-50.41141510
99.94506836,-51.62050629
100.13580322,-50.55445862
100.32653809,-48.31875610
100.51727295,-49.40354919
100.70800781,-51.62013626
100.89874268,-50.98299408
101.08947754,-56.63465118
101.28021240,-56.46164322
101.47094727,-47.98994446
101.66168213,-48.09878922
101.85241699,-57.66843796
102.04315186,-56.01283646
102.23388672,-51.66630173
102.42462158,-55.32778168
102.61535645,-57.51197433
102.80609131,-51.72761917
102.99682617,-49.60872269
103.18756104,-49.48157883
103.37829590,-56.32211685
103.56903076,-62.82550049
103.75976562,-62.95769119
103.95050049,-65.72035980
104.14123535,-67.39675140
104.33197021,-57.93456268
104.52270508,-56.04941559
104.71343994,-55.25867844
104.90417480,-55.14559174
105.09490967,-54.94893646
105.28564453,-55.70006561
105.47637939,-59.31982040
105.66711426,-57.75881195
105.85784912,-58.35629272
106.04858398,-58.57100677
106.23931885,-54.54057312
106.43005371,-56.11718750
106.62078857,-57.10308075
106.81152344,-49.23113251
107.00225830,-51.66906357
107.19299316,-52.76867294
107.38372803,-55.56758118
107.57446289,-55.19820404
107.76519775,-52.27830887
107.95593262,-55.29205322
108.14666748,-60.33435440
108.33740234,-57.33228683
108.52813721,-72.41818237
108.71887207,-54.64874268
108.90960693,-54.27549744
109.10034180,-57.76015472
109.29107666,-58.83125687
109.48181152,-67.57864380
109.67254639,-70.78933716
109.86328125,-56.10183334
110.05401611,-51.71453476
110.24475098,-50.44555664
110.43548584,-52.03517532
110.62622070,-52.54387283
110.81695557,-48.87723923
111.00769043,-50.73986053
111.19842529,-60.37480164
111.38916016,-61.97274017
111.57989502,-60.17208099
111.77062988,-52.29143143
111.96136475,-49.61612701
112.15209961,-51.40177917
112.34283447,-59.13580322
112.53356934,-64.62793732
112.72430420,-52.24057007
112.91503906,-49.39443207
113.10577393,-52.33245087
113.29650879,-55.17116928
113.48724365,-61.38867950
113.67797852,-55.37348938
113.86871338,-50.35007477
114.05944824,-51.40231323
114.25018311,-55.11770630
114.44091797,-55.74984741
114.63165283,-64.92288208
114.82238770,-56.65819168
115.01312256,-53.83625031
115.20385742,-53.86987686
115.39459229,-53.90712357
115.58532715,-51.05332184
115.77606201,-50.35052490
115.96679688,-51.44325638
116.15753174,-53.84365845
116.34826660,-54.36155701
116.53900146,-52.15081024
116.72973633,-50.56612396
116.92047119,-49.79154968
117.11120605,-51.30741501
117.30194092,-52.55488968
117.49267578,-53.83781433
117.68341064,-60.30173874
117.87414551,-61.98571014
118.06488037,-64.00960541
118.25561523,-57.92139053
118.44635010,-55.50127411
118.63708496,-58.56520081
118.82781982,-56.65507889
119.01855469,-61.94038010
119.20928955,-60.30932999
119.40002441,-54.89470673
119.59075928,-51.90867996
119.78149414,-56.20916748
119.97222900,-64.77581024
120.16296387,-59.03562546
120.35369873,-59.41363907
120.54443359,-58.63224792
120.73516846,-59.20943832
120.92590332,-55.18858337
121.11663818,-50.00680542
121.30737305,-53.11917114
121.49810791,-54.64913940
121.68884277,-51.54640198
121.87957764,-56.22720337
122.07031250,-65.95236969
122.26104736,-63.27705002
122.45178223,-58.85404587
122.64251709,-55.53680801
122.83325195,-55.15624619
123.02398682,-52.43503189
123.21472168,-57.06463623
123.40545654,-57.52216339
123.59619141,-55.47136688
123.78692627,-54.32271957
123.97766113,-57.76540756
124.16839600,-65.11471558
124.35913086,-65.41372681
124.54986572,-52.01964569
124.74060059,-50.10620499
124.93133545,-51.61589050
125.12207031,-52.06334686
125.31280518,-51.31499481
125.50354004,-50.96961212
125.69427490,-52.85072708
125.88500977,-58.39574432
126.07574463,-58.24768829
126.26647949,-49.92900085
126.45721436,-47.77587509
126.64794922,-51.82408142
126.83868408,-57.34227753
127.02941895,-55.35842896
127.22015381,-49.96627808
127.41088867,-51.30361176
127.60162354,-73.89069366
127.79235840,-59.46778870
127.98309326,-75.36848450
128.17382812,-59.70297241
128.36456299,-58.85142517
128.55529785,-59.65376282
128.74603271,-59.06994629
128.93676758,-56.52099609
129.12750244,-51.30376434
129.31823730,-48.76037979
129.50897217,-49.54472351
129.69970703,-52.72444916
129.89044189,-54.48086166
130.08117676,-57.33581161
130.27191162,-85.11711884
130.46264648,-56.62108994
130.65338135,-55.65704346
130.84411621,-58.33538055
131.03485107,-64.94120789
131.22558594,-50.54885101
131.41632080,-50.73046875
131.60705566,-56.24708176
131.79779053,-56.63564301
131.98852539,-52.72647476
132.17926025,-49.24694443
132.36999512,-50.21198654
132.56072998,-57.39087677
132.75146484,-62.59290695
132.94219971,-66.94650269
133.13293457,-66.11832428
133.32366943,-63.74615479
133.51440430,-57.58575439
133.70513916,-53.62560654
133.89587402,-52.45610046
134.08660889,-54.16898346
134.27734375,-63.28015137
134.46807861,-51.08541489
134.65881348,-49.60327911
134.84954834,-53.26404572
135.04028320,-58.69433594
135.23101807,-72.90856171
135.42175293,-59.28941727
135.61248779,-59.87268448
135.80322266,-54.81573486
135.99395752,-50.47452545
136.18469238,-52.74676514
136.37542725,-47.89204407
136.56616211,-48.28428650
136.75689697,-51.87974930
136.94763184,-55.86162949
137.13836670,-50.95346451
137.32910156,-51.58139801
137.51983643,-54.90338135
137.71057129,-54.06686783
137.90130615,-55.04302597
138.09204102,-55.09457397
138.28277588,-56.78794861
138.47351074,-63.05360413
138.66424561,-58.48174286
138.85498047,-57.31074905
139.04571533,-56.39268875
139.23645020,-58.42022324
139.42718506,-60.23749542
139.61791992,-63.46274948
139.80865479,-63.65809631
139.99938965,-61.92123413
140.19012451,-58.76859665
140.38085938,-57.94205093
140.57159424,-63.64158630
140.76232910,-67.10266876
140.95306396,-57.08192825
141.14379883,-59.11728668
141.33453369,-57.88623810
141.52526855,-51.97880173
141.71600342,-50.45798874
141.90673828,-56.82971191
142.09747314,-62.60964203
142.28820801,-63.55419922
142.47894287,-59.22562027
142.66967773,-63.87696838
142.86041260,-66.76693726
143.05114746,-58.58719254
143.24188232,-55.78625488
143.43261719,-62.18612289
143.62335205,-59.68207932
143.81408691,-52.94001007
144.00482178,-49.92180634
144.19555664,-50.58653259
144.38629150,-51.96559906
144.57702637,-58.09478378
144.76776123,-69.88152313
144.95849609,-63.85251999
145.14923096,-64.81652069
145.33996582,-55.58127594
145.53070068,-55.58256531
145.72143555,-59.14297104
145.91217041,-59.08848572
146.10290527,-60.43193436
146.29364014,-70.41547394
146.48437500,-65.44386292
146.67510986,-60.89568329
146.86584473,-62.60128784
147.05657959,-63.18127060
147.24731445,-58.82789612
147.43804932,-53.56693649
147.62878418,-50.79406357
147.81951904,-50.04076385
148.01025391,-50.74674225
148.20098877,-58.19599533
148.39172363,-60.47677994
148.58245850,-51.37981415
148.77319336,-50.15764236
148.96392822,-52.78720856
149.15466309,-54.85184097
149.34539795,-62.50575256
149.53613281,-63.01655197
149.72686768,-62.44433594
149.91760254,-55.76116180
150.10833740,-52.15158081
150.29907227,-51.15705872
150.48980713,-58.23861694
150.68054199,-54.94903564
150.87127686,-49.06784821
151.06201172,-52.43307114
151.25274658,-53.94571686
151.44348145,-51.91902924
151.63421631,-77.03280640
151.82495117,-51.12016678
152.01568604,-52.78305054
152.20642090,-61.15815735
152.39715576,-65.59116364
152.58789062,-62.94394684
152.77862549,-57.05937195
152.96936035,-57.63172913
153.16009521,-58.80412674
153.35083008,-55.21558762
153.54156494,-56.04791260
153.73229980,-59.57554626
153.92303467,-52.28633118
154.11376953,-47.78679276
154.30450439,-49.45510864
154.49523926,-56.98253632
154.68597412,-64.06945801
154.87670898,-59.50887299
155.06744385,-54.57511902
155.25817871,-49.88634109
155.44891357,-47.68645477
155.63964844,-49.08406067
155.83038330,-52.64398193
156.02111816,-60.06170273
156.21185303,-66.03974915
156.40258789,-54.31819153
156.59332275,-50.87633514
156.78405762,-56.24731064
156.97479248,-55.91530609
157.16552734,-56.31545258
157.35626221,-55.69526672
157.54699707,-56.17076492
157.73773193,-58.13921356
157.92846680,-57.26831055
158.11920166,-57.94675446
158.30993652,-54.02404404
158.50067139,-51.98951721
158.69140625,-53.28176117
158.88214111,-54.87271881
159.07287598,-58.25492096
159.26361084,-75.88082886
159.45434570,-55.38795853
159.64508057,-51.19242859
159.83581543,-50.03908539
160.02655029,-53.22708511
160.21728516,-61.10548401
160.40802002,-55.41289520
160.59875488,-51.46432877
160.78948975,-51.84936142
160.98022461,-50.45681000
161.17095947,-50.90540314
161.36169434,-52.68272018
161.55242920,-52.10339355
161.74316406,-49.49185181
161.93389893,-48.45685959
162.12463379,-49.15167999
162.31536865,-49.88322830
162.50610352,-50.22825241
162.69683838,-51.88238144
162.88757324,-53.83417511
163.07830811,-55.69967651
163.26904297,-60.58076859
163.45977783,-62.91156006
163.65051270,-52.52214813
163.84124756,-50.11171341
164.03198242,-53.79306030
164.22271729,-52.13487244
164.41345215,-50.30059433
164.60418701,-52.28642273
164.79492188,-59.38348389
164.98565674,-57.83583832
165.17639160,-57.00604248
165.36712646,-58.72493362
165.55786133,-53.23945618
165.74859619,-51.48094559
165.93933105,-54.36998749
166.13006592,-56.99644089
166.32080078,-56.91206360
166.51153564,-65.06925201
166.70227051,-59.01005554
166.89300537,-55.40056610
167.08374023,-51.51630020
167.27447510,-51.75834274
167.46520996,-58.41150284
167.65594482,-60.87532806
167.84667969,-58.88113022
168.03741455,-61.41659546
168.22814941,-57.18102264
168.41888428,-60.57112885
168.60961914,-53.17174911
168.80035400,-49.82660294
168.99108887,-53.78343582
169.18182373,-59.18312836
169.37255859,-68.19866943
169.56329346,-61.33250809
169.75402832,-57.48363876
169.94476318,-54.13090134
170.13549805,-55.69759369
170.32623291,-68.08930206
170.51696777,-58.23814774
170.70770264,-55.78207397
170.89843750,-63.36680603
171.08917236,-61.85777664
171.27990723,-56.87804413
171.47064209,-56.00696945
171.66137695,-60.85021973
171.85211182,-62.43084335
172.04284668,-51.09323883
172.23358154,-48.50242233
172.42431641,-51.06313705
172.61505127,-58.11626434
172.80578613,-59.87970734
172.99652100,-60.31351471
173.18725586,-55.87198257
173.37799072,-52.27145767
173.56872559,-54.95061874
173.75946045,-64.50349426
173.95019531,-76.48133087
174.14093018,-66.04819489
174.33166504,-59.17455673
174.52239990,-59.63257599
174.71313477,-66.18135071
174.90386963,-56.11194229
175.09460449,-54.84733200
175.28533936,-54.27486420
175.47607422,-61.88491821
175.66680908,-58.53227997
175.85754395,-55.47672272
176.04827881,-54.57173920
176.23901367,-53.13909912
176.42974854,-56.02649307
176.62048340,-58.62285614
176.81121826,-64.95973206
177.00195312,-53.39725876
177.19268799,-49.64488602
177.38342285,-51.41821289
177.57415771,-53.83783340
177.76489258,-53.37616730
177.95562744,-56.37507629
178.14636230,-57.73331070
178.33709717,-68.97334290
178.52783203,-60.72061539
178.71856689,-61.34022522
178.90930176,-60.24176025
179.10003662,-62.47570038
179.29077148,-60.34918976
179.48150635,-64.40610504
179.67224121,-63.25783157
179.86297607,-66.42821503
180.05371094,-61.52843094
180.24444580,-55.06513977
180.43518066,-54.40109253
180.62591553,-61.02533340
180.81665039,-66.34377289
181.00738525,-76.94158173
181.19812012,-57.77952576
181.38885498,-50.73783493
181.57958984,-48.43055344
181.77032471,-50.59307098
181.96105957,-60.31583786
182.15179443,-59.70890427
182.34252930,-56.70788574
182.53326416,-54.42702866
182.72399902,-56.67232132
182.91473389,-51.53302002
183.10546875,-48.93272781
183.29620361,-49.56110382
183.48693848,-49.97480774
183.67767334,-49.83250046
183.86840820,-50.23726654
184.05914307,-48.91711426
184.24987793,-49.85250473
184.44061279,-50.90275574
184.63134766,-51.66592407
184.82208252,-54.60080719
185.01281738,-53.95843124
185.20355225,-51.60803986
185.39428711,-50.74483871
185.58502197,-53.89468765
185.77575684,-58.95555496
185.96649170,-67.92041016
186.15722656,-60.66553497
186.34796143,-65.60504913
186.53869629,-60.75211334
186.72943115,-69.50646973
186.92016602,-79.01390076
187.11090088,-55.03374100
187.30163574,-50.89378357
187.49237061,-55.15506744
187.68310547,-68.02642822
187.87384033,-56.11154556
188.06457520,-51.29605103
188.25531006,-51.05955505
188.44604492,-56.58654785
188.63677979,-56.00934601
188.82751465,-51.70129776
189.01824951,-52.84191132
189.20898438,-56.60392761
189.39971924,-69.82994843
189.59045410,-56.62456131
189.78118896,-51.94326401
189.97192383,-57.60451889
190.16265869,-61.54922485
190.35339355,-56.36621857
190.54412842,-56.86987305
190.73486328,-58.28378677
190.92559814,-63.03524017
191.11633301,-49.83894348
191.30706787,-46.53912354
191.49780273,-50.88307190
191.68853760,-55.96671295
191.87927246,-51.73829651
192.07000732,-50.21270370
192.26074219,-54.24752808
192.45147705,-58.65042877
192.64221191,-57.30281067
192.83294678,-60.77028656
193.02368164,-52.43809509
193.21441650,-50.10984802
193.40515137,-54.44766235
193.59588623,-62.29742050
193.78662109,-62.14307785
193.97735596,-66.04830170
194.16809082,-64.78609467
194.35882568,-58.77578354
194.54956055,-57.63863373
194.74029541,-59.85512543
194.93103027,-64.72174072
195.12176514,-57.88879013
195.31250000,-59.90999222
195.50323486,-58.22216797
195.69396973,-56.20228195
195.88470459,-55.15563583
196.07543945,-54.03881836
196.26617432,-48.80043411
196.45690918,-45.68416214
196.64764404,-45.53219604
196.83837891,-47.80868530
197.02911377,-51.14540100
197.21984863,-62.46241760
197.41058350,-64.66615295
197.60131836,-78.21202850
197.79205322,-56.85507202
197.98278809,-54.18935394
198.17352295,-57.62564850
198.36425781,-57.07279968
198.55499268,-62.72327423
198.74572754,-54.42055130
198.93646240,-57.48755646
199.12719727,-86.34835815
199.31793213,-64.43658447
199.50866699,-58.94231415
199.69940186,-63.69060898
199.89013672,-58.53137589
200.08087158,-68.33123779
200.27160645,-58.50240326
200.46234131,-54.84204102
200.65307617,-52.89598083
200.84381104,-55.20424652
201.03454590,-55.84764099
201.22528076,-56.59194946
201.41601562,-55.14014435
201.60675049,-57.90462112
201.79748535,-58.09531403
201.98822021,-54.22214890
202.17895508,-54.49265289
202.36968994,-64.06947327
202.56042480,-53.85451508
202.75115967,-53.63323212
202.94189453,-55.60414886
203.13262939,-58.16379547
203.32336426,-57.18455887
203.51409912,-56.43152618
203.70483398,-65.64581299
203.89556885,-62.28853607
204.08630371,-62.21765900
204.27703857,-56.87978745
204.46777344,-55.02722931
204.65850830,-54.26906967
204.84924316,-56.78776169
205.03997803,-63.23483276
205.23071289,-59.09308624
205.42144775,-52.43381500
205.61218262,-49.96711731
205.80291748,-52.34172058
205.99365234,-53.60458374
206.18438721,-52.27489090
206.37512207,-54.90578079
206.56585693,-52.49715424
206.75659180,-61.81194687
206.94732666,-55.62068558
207.13806152,-51.31581116
207.32879639,-51.68029404
207.51953125,-55.12858582
207.71026611,-53.32318878
207.90100098,-52.96910858
208.09173584,-57.12981415
208.28247070,-58.10052872
208.47320557,-54.05572510
208.66394043,-49.89177322
208.85467529,-51.78962326
209.04541016,-57.43687057
209.23614502,-54.78419876
209.42687988,-61.25590897
209.61761475,-66.57406616
209.80834961,-72.72705841
209.99908447,-68.44356537
210.18981934,-64.14611053
210.38055420,-64.58565521
210.57128906,-65.88511658
210.76202393,-65.08907318
210.95275879,-60.05197525
211.14349365,-68.24705505
211.33422852,-66.79579926
211.52496338,-64.43425751
211.71569824,-59.65641022
211.90643311,-64.99182892
212.09716797,-80.45376587
212.28790283,-58.31792450
212.47863770,-58.80736923
212.66937256,-58.22726822
212.86010742,-54.75716400
213.05084229,-55.11130524
213.24157715,-54.02280807
213.43231201,-54.65721512
213.62304688,-53.84044266
213.81378174,-54.20056915
214.00451660,-59.87885284
214.19525146,-64.68047333
214.38598633,-55.51905060
214.57672119,-52.47076035
214.76745605,-51.70509720
214.95819092,-54.84014511
215.14892578,-57.75127029
215.33966064,-52.73650360
215.53039551,-47.95991898
215.72113037,-50.10089493
215.91186523,-59.66235733
216.10260010,-62.15760803
216.29333496,-61.65102386
216.48406982,-58.21127319
216.67480469,-58.89745712
216.86553955,-61.16725922
217.05627441,-62.22497940
217.24700928,-51.07444000
217.43774414,-48.77944946
217.62847900,-51.83986282
217.81921387,-59.44870377
218.00994873,-60.63515472
218.20068359,-53.82712555
218.39141846,-53.32399368
218.58215332,-56.34393692
218.77288818,-72.46670532
218.96362305,-61.94486618
219.15435791,-63.21704102
219.34509277,-54.73979950
219.53582764,-51.68220901
219.72656250,-53.28180695
219.91729736,-59.02873993
220.10803223,-72.65372467
220.29876709,-65.20927429
220.48950195,-59.11605835
220.68023682,-51.95750427
220.87097168,-51.12746811
221.06170654,-50.10315323
221.25244141,-54.07955170
221.44317627,-69.29339600
221.63391113,-55.48199463
221.82464600,-50.26493073
222.01538086,-51.41996765
222.20611572,-56.03414917
222.39685059,-60.11108017
222.58758545,-65.28765869
222.77832031,-62.67229080
222.96905518,-60.31920624
223.15979004,-60.27767563
223.35052490,-52.42348480
223.54125977,-56.28496552
223.73199463,-58.42227936
223.92272949,-53.86575317
224.11346436,-56.02751160
224.30419922,-61.05068970
224.49493408,-51.97583771
224.68566895,-51.04754639
224.87640381,-51.62827301
225.06713867,-51.36267853
225.25787354,-51.75123215
225.44860840,-51.27389908
225.63934326,-54.81634521
225.83007812,-56.37763596
226.02081299,-52.81028366
226.21154785,-52.86129761
226.40228271,-52.36819839
226.59301758,-53.77368546
226.78375244,-56.11499786
226.97448730,-57.24605560
227.16522217,-59.10825348
227.35595703,-64.79843903
227.54669189,-69.79672241
227.73742676,-56.62968063
227.92816162,-54.68047714
228.11889648,-56.27821350
228.30963135,-61.46454239
228.50036621,-57.92733002
228.69110107,-50.30884171
228.88183594,-49.09233093
229.07257080,-52.51716995
229.26330566,-55.95904541
229.45404053,-53.63043976
229.64477539,-52.47976303
229.83551025,-61.09924316
230.02624512,-52.60680771
230.21697998,-47.39261246
230.40771484,-48.91839600
230.59844971,-58.30292130
230.78918457,-64.67081451
230.97991943,-58.81015015
231.17065430,-62.44644547
231.36138916,-64.94129181
231.55212402,-53.95145035
231.74285889,-51.63699722
231.93359375,-53.78254700
232.12432861,-56.21416473
232.31506348,-62.43497849
232.50579834,-94.28096771
232.69653320,-60.94378662
232.88726807,-59.03501129
233.07800293,-70.87823486
233.26873779,-60.19483185
233.45947266,-58.66609955
233.65020752,-67.23825073
233.84094238,-71.44825745
234.03167725,-63.39170837
234.22241211,-58.51157761
234.41314697,-59.40410614
234.60388184,-65.36852264
234.79461670,-61.00867844
234.98535156,-61.95529556
235.17608643,-71.19963837
235.36682129,-60.70808411
235.55755615,-63.00161362
235.74829102,-58.60940552
235.93902588,-73.15445709
236.12976074,-57.12995911
236.32049561,-54.42180252
236.51123047,-57.83304214
236.70196533,-62.53490448
236.89270020,-58.94495392
237.08343506,-57.90598297
237.27416992,-58.05147171
237.46490479,-60.30592346
237.65563965,-65.93164825
237.84637451,-67.70617676
238.03710938,-66.00309753
238.22784424,-70.72665405
238.41857910,-58.94521332
238.60931396,-55.15178299
238.80004883,-59.43019104
238.99078369,-61.44438934
239.18151855,-69.84231567
239.37225342,-54.46249008
239.56298828,-54.10259628
239.75372314,-56.54942322
239.94445801,-56.67383575
240.13519287,-67.00759125
240.32592773,-63.49388123
240.51666260,-54.82954407
240.70739746,-49.57302094
240.89813232,-50.62474060
241.08886719,-53.98270035
241.27960205,-55.87427139
241.47033691,-52.45206451
241.66107178,-51.40152740
241.85180664,-54.44410706
242.04254150,-64.91377258
242.23327637,-64.30472565
242.42401123,-53.05789185
242.61474609,-51.85927582
242.80548096,-55.37974930
242.99621582,-57.01175690
243.18695068,-62.60456085
243.37768555,-64.68417358
243.56842041,-67.45950317
243.75915527,-59.00337219
243.94989014,-54.31093216
244.14062500,-53.20388412
244.33135986,-56.91930771
244.52209473,-80.13674927
244.71282959,-64.54438782
244.90356445,-60.00711060
245.09429932,-54.88520050
245.28503418,-54.84762192
245.47576904,-71.99715424
245.66650391,-66.74031067
245.85723877,-64.30339813
246.04797363,-55.91596985
246.23870850,-51.79859543
246.42944336,-59.14081573
246.62017822,-61.15255737
246.81091309,-52.50589371
247.00164795,-54.02590942
247.19238281,-59.14925385
247.38311768,-56.24500275
247.57385254,-56.49934387
247.76458740,-60.98967743
247.95532227,-58.21830750
248.14605713,-52.44454956
248.33679199,-52.37709808
248.52752686,-54.76333618
248.71826172,-53.71529388
248.90899658,-55.29751587
249.09973145,-61.15778351
249.29046631,-58.49418259
249.48120117,-56.73355103
249.67193604,-53.77877045
249.86267090,-49.45172119
250.05340576,-50.45581436
250.24414062,-59.86095810
250.43487549,-60.90381622
250.62561035,-55.43729401
250.81634521,-57.25795746
251.00708008,-71.96672058
251.19781494,-60.74777985
251.38854980,-63.27591705
251.57928467,-53.01694870
251.77001953,-55.33808136
251.96075439,-66.17067719
252.15148926,-63.11571503
252.34222412,-65.25011444
252.53295898,-65.63372040
252.72369385,-57.68654251
252.91442871,-52.78651810
253.10516357,-58.22624207
253.29589844,-53.95716858
253.48663330,-51.67997742
253.67736816,-55.52293396
253.86810303,-61.83609009
254.05883789,-55.85498810
254.24957275,-62.94359589
254.44030762,-57.84133530
254.63104248,-53.96885300
254.82177734,-52.25252533
255.01251221,-60.89630127
255.20324707,-54.50003052
255.39398193,-56.43024063
255.58471680,-55.94889069
255.77545166,-54.86911392
255.96618652,-58.58174896
256.15692139,-57.71788025
256.34765625,-58.35477448
256.53839111,-55.41180038
256.72912598,-58.61417389
256.91986084,-60.11711121
257.11059570,-66.33230591
257.30133057,-59.07426453
257.49206543,-56.91164398
257.68280029,-67.94995117
257.87353516,-56.95326996
258.06427002,-54.19467163
258.25500488,-50.91198349
258.44573975,-52.38946915
258.63647461,-58.37638855
258.82720947,-55.35396957
259.01794434,-54.84465790
259.20867920,-58.25092316
259.39941406,-65.46680450
259.59014893,-55.05812836
259.78088379,-51.30526733
259.97161865,-51.97035217
260.16235352,-53.70019913
260.35308838,-50.66348267
260.54382324,-48.56148148
260.73455811,-50.06818771
260.92529297,-52.75643158
261.11602783,-57.79159164
261.30676270,-60.59310532
261.49749756,-57.36689758
261.68823242,-57.25761032
261.87896729,-65.36318207
262.06970215,-61.15303802
262.26043701,-56.72871017
262.45117188,-56.58081818
262.64190674,-58.58424377
262.83264160,-59.00729370
263.02337646,-57.13625336
263.21411133,-57.69643784
263.40484619,-66.81023407
263.59558105,-67.70045471
263.78631592,-58.31079483
263.97705078,-58.20238495
264.16778564,-57.94323349
264.35852051,-55.23588562
264.54925537,-58.83934021
264.73999023,-56.14551926
264.93072510,-50.80793762
265.12145996,-50.07276535
265.31219482,-54.29729080
265.50292969,-59.63013458
265.69366455,-54.32477570
265.88439941,-51.53080368
266.07513428,-53.75196457
266.26586914,-54.57684326
266.45660400,-55.46166229
266.64733887,-59.58425522
266.83807373,-62.81169510
267.02880859,-60.04964447
267.21954346,-65.94829559
267.41027832,-69.24487305
267.60101318,-58.40980530
267.79174805,-56.14635849
267.98248291,-55.36141968
268.17321777,-57.17045212
268.36395264,-62.50746918
268.55468750,-64.98750305
268.74542236,-63.94002914
268.93615723,-59.41944504
269.12689209,-57.98291779
269.31762695,-58.81196976
269.50836182,-58.23028564
269.69909668,-55.65515518
269.88983154,-54.18226624
270.08056641,-55.17723465
270.27130127,-58.04109955
270.46203613,-55.13189316
270.65277100,-67.37987518
270.84350586,-53.57242584
271.03424072,-52.12586975
271.22497559,-62.29235840
271.41571045,-69.55952454
271.60644531,-66.74598694
271.79718018,-63.85837173
271.98791504,-71.78805542
272.17864990,-61.24623871
272.36938477,-56.55611420
272.56011963,-55.41359711
272.75085449,-54.99536896
272.94158936,-56.95759201
273.13232422,-59.36984634
273.32305908,-58.72193146
273.51379395,-58.35782623
273.70452881,-58.68762589
273.89526367,-53.07297134
274.08599854,-53.67302322
274.27673340,-58.12504578
274.46746826,-63.15675354
274.65820312,-70.08285522
274.84893799,-65.06619263
275.03967285,-60.00781631
275.23040771,-51.86365128
275.42114258,-47.88272476
275.61187744,-46.21023178
275.80261230,-50.10627747
275.99334717,-56.68532562
276.18408203,-50.34786606
276.37481689,-52.08006287
276.56555176,-59.62680054
276.75628662,-64.59077454
276.94702148,-61.77674866
277.13775635,-60.35438919
277.32849121,-60.26343536
277.51922607,-57.82192612
277.70996094,-52.50200272
277.90069580,-52.30529404
278.09143066,-54.61090469
278.28216553,-53.81499481
278.47290039,-51.53802872
278.66363525,-55.15449142
278.85437012,-66.98377228
279.04510498,-59.96161652
279.23583984,-75.65354156
279.42657471,-60.58456421
279.61730957,-52.56571960
279.80804443,-53.02755737
279.99877930,-54.53535080
280.18951416,-53.72066879
280.38024902,-56.98557281
280.57098389,-59.12113953
280.76171875,-56.54248047
280.95245361,-54.09158325
281.14318848,-56.99860382
281.33392334,-55.19976044
281.52465820,-53.69083786
281.71539307,-60.65294647
281.90612793,-73.58509827
282.09686279,-59.15686798
282.28759766,-55.79401398
282.47833252,-59.11410904
282.66906738,-62.70220184
282.85980225,-71.71816254
283.05053711,-54.42399979
283.24127197,-50.24949646
283.43200684,-56.94870377
283.62274170,-66.24604034
283.81347656,-55.00947571
284.00421143,-51.95668793
284.19494629,-50.22967529
284.38568115,-50.11623001
284.57641602,-57.31332779
284.76715088,-60.72363281
284.95788574,-60.63061523
285.14862061,-62.23760223
285.33935547,-56.36260223
285.53009033,-64.48040009
285.72082520,-73.44916534
285.91156006,-60.43863678
286.10229492,-56.41656876
286.29302979,-58.33878326
286.48376465,-64.88848877
286.67449951,-69.52259064
286.86523438,-63.27289581
287.05596924,-63.11247253
287.24670410,-57.10966110
287.43743896,-58.92471695
287.62817383,-54.04560089
287.81890869,-51.63312531
288.00964355,-55.14702606
288.20037842,-54.74102020
288.39111328,-49.17298889
288.58184814,-48.92391205
288.77258301,-53.79631424
288.96331787,-54.67847824
289.15405273,-53.06936646
289.34478760,-57.45098495
289.53552246,-59.82696533
289.72625732,-60.61352539
289.91699219,-72.64762115
290.10772705,-56.95416260
290.29846191,-53.65020370
290.48919678,-52.36546326
290.67993164,-51.37676239
290.87066650,-54.71073532
291.06140137,-61.92098618
291.25213623,-53.19313431
291.44287109,-59.18796158
291.63360596,-58.66997528
291.82434082,-52.63484955
292.01507568,-56.70026398
292.20581055,-56.86473083
292.39654541,-57.20978546
292.58728027,-60.26575089
292.77801514,-60.11074066
292.96875000,-58.51161575
293.15948486,-53.30789566
293.35021973,-50.67084503
293.54095459,-52.31901550
293.73168945,-56.58534622
293.92242432,-53.87819290
294.11315918,-50.66863251
294.30389404,-49.89664459
294.49462891,-52.11766815
294.68536377,-59.61331177
294.87609863,-51.16605377
295.06683350,-50.29003525
295.25756836,-54.77556610
295.44830322,-59.19823074
295.63903809,-58.18008041
295.82977295,-65.69334412
296.02050781,-58.94819260
296.21124268,-57.34876633
296.40197754,-54.28398514
296.59271240,-51.71378326
296.78344727,-54.20491028
296.97418213,-66.94829559
297.16491699,-53.74927139
297.35565186,-53.96340179
297.54638672,-62.46986389
297.73712158,-65.12081146
297.92785645,-60.11655426
298.11859131,-63.39585114
298.30932617,-58.01910019
298.50006104,-61.12668991
298.69079590,-66.05622101
298.88153076,-64.97457123
299.07226562,-52.85253525
299.26300049,-48.67956161
299.45373535,-50.13919449
299.64447021,-53.71275330
299.83520508,-55.84167099
300.02593994,-63.36500549
300.21667480,-61.99121475
300.40740967,-59.48858261
300.59814453,-61.28926849
300.78887939,-63.92095566
300.97961426,-61.69454193
301.17034912,-54.50613022
301.36108398,-53.69162750
301.55181885,-58.96112442
301.74255371,-53.82052994
301.93328857,-52.80934906
302.12402344,-56.69947052
302.31475830,-62.50097656
302.50549316,-65.79674530
302.69622803,-65.43135071
302.88696289,-72.74340057
303.07769775,-56.29499817
303.26843262,-54.57506561
303.45916748,-55.03028870
303.64990234,-55.63146591
303.84063721,-57.05929184
304.03137207,-62.64461899
304.22210693,-68.90420532
304.41284180,-54.56684494
304.60357666,-48.95938492
304.79431152,-51.96504211
304.98504639,-64.78498077
305.17578125,-69.51528168
305.36651611,-66.36602783
305.55725098,-58.82967377
305.74798584,-54.89896774
305.93872070,-55.57412720
306.12945557,-56.35185242
306.32019043,-55.48676300
306.51092529,-56.22718811
306.70166016,-57.99167633
306.89239502,-54.69697571
307.08312988,-52.55400848
307.27386475,-54.58376312
307.46459961,-67.64642334
307.65533447,-59.86858368
307.84606934,-56.10594177
308.03680420,-58.46904373
308.22753906,-59.23176575
308.41827393,-52.26029205
308.60900879,-50.54113007
308.79974365,-53.49160767
308.99047852,-53.07799911
309.18121338,-51.19194794
309.37194824,-53.73336029
309.56268311,-60.49127197
309.75341797,-64.72876740
309.94415283,-57.93600082
310.13488770,-56.87799072
310.32562256,-57.32037354
310.51635742,-54.70935822
310.70709229,-52.97395706
310.89782715,-56.67858887
311.08856201,-60.77186203
311.27929688,-55.16339111
311.47003174,-55.44952393
311.66076660,-60.73425674
311.85150146,-54.60577393
312.04223633,-60.82152939
312.23297119,-56.06964493
312.42370605,-49.90947723
312.61444092,-50.29697418
312.80517578,-58.09433365
312.99591064,-61.28944016
313.18664551,-60.04120636
313.37738037,-62.75766373
313.56811523,-55.57360077
313.75885010,-53.73510742
313.94958496,-55.08975983
314.14031982,-72.37921143
314.33105469,-56.70116043
314.52178955,-58.32332611
314.71252441,-63.47359085
314.90325928,-54.53554535
315.09399414,-54.89191055
315.28472900,-57.74609375
315.47546387,-61.56135559
315.66619873,-61.99547195
315.85693359,-63.61324692
316.04766846,-60.05806732
316.23840332,-65.46729279
316.42913818,-56.52912903
316.61987305,-51.17501831
316.81060791,-52.37053680
317.00134277,-60.05031967
317.19207764,-67.34460449
317.38281250,-66.26013947
317.57354736,-66.36198425
317.76428223,-66.90863037
317.95501709,-66.05297852
318.14575195,-64.46486664
318.33648682,-74.23793793
318.52722168,-65.19847107
318.71795654,-56.36193848
318.90869141,-60.30677032
319.09942627,-52.98864746
319.29016113,-49.32552719
319.48089600,-52.63741302
319.67163086,-56.31705475
319.86236572,-52.99226761
320.05310059,-51.07719040
320.24383545,-56.32884598
320.43457031,-60.37561798
320.62530518,-58.58167267
320.81604004,-63.12447357
321.00677490,-62.81459427
321.19750977,-57.01179886
321.38824463,-53.10176468
321.57897949,-56.30010986
321.76971436,-72.11220551
321.96044922,-57.33827209
322.15118408,-53.58145905
322.34191895,-51.90267563
322.53265381,-53.54341125
322.72338867,-59.56092453
322.91412354,-77.35783386
323.10485840,-62.81477356
323.29559326,-61.47871017
323.48632812,-62.90441513
323.67706299,-71.38804626
323.86779785,-68.97485352
324.05853271,-61.01150894
324.24926758,-54.79983902
324.44000244,-54.21432877
324.63073730,-54.80419159
324.82147217,-59.77378082
325.01220703,-61.98406982
325.20294189,-55.73888397
325.39367676,-54.80519104
325.58441162,-56.01842880
325.77514648,-55.22466278
325.96588135,-55.14159393
326.15661621,-54.17748260
326.34735107,-54.09291840
326.53808594,-61.65871429
326.72882080,-62.90354919
326.91955566,-54.11007309
327.11029053,-50.33647919
327.30102539,-53.27314758
327.49176025,-63.35609436
327.68249512,-56.79750443
327.87322998,-78.29263306
328.06396484,-55.98019028
328.25469971,-53.17304611
328.44543457,-58.97943497
328.63616943,-60.74164963
328.82690430,-63.81614685
329.01763916,-61.40235138
329.20837402,-52.75233459
329.39910889,-49.09967041
329.58984375,-50.40716553
329.78057861,-53.87916565
329.97131348,-61.06488800
330.16204834,-57.17890167
330.35278320,-53.57130051
330.54351807,-53.64147186
330.73425293,-54.92160797
330.92498779,-59.71727371
331.11572266,-61.04030609
331.30645752,-56.87646484
331.49719238,-54.18360901
331.68792725,-51.74253845
331.87866211,-50.99465179
332.06939697,-56.59209824
332.26013184,-56.40612793
332.45086670,-53.58986664
332.64160156,-62.29457092
332.83233643,-59.64262009
333.02307129,-61.32599258
333.21380615,-61.13136292
333.40454102,-56.37098312
333.59527588,-53.92740250
333.78601074,-53.90388489
333.97674561,-58.65124130
334.16748047,-61.73415756
334.35821533,-57.72759247
334.54895020,-57.32110977
334.73968506,-55.93566132
334.93041992,-54.79920959
335.12115479,-57.04946899
335.31188965,-62.03012848
335.50262451,-57.02938080
335.69335938,-57.57127762
335.88409424,-59.53903198
336.07482910,-58.99990082
336.26556396,-56.24893570
336.45629883,-59.76440811
336.64703369,-56.34151840
336.83776855,-59.21144485
337.02850342,-72.82217407
337.21923828,-65.38043976
337.40997314,-56.37477112
337.60070801,-55.19466019
337.79144287,-58.95743561
337.98217773,-67.83572388
338.17291260,-64.88063812
338.36364746,-62.72527695
338.55438232,-80.43104553
338.74511719,-60.76554108
338.93585205,-56.07246017
339.12658691,-59.25657654
339.31732178,-70.01502228
339.50805664,-63.65545654
339.69879150,-59.60794449
339.88952637,-59.29600525
340.08026123,-56.56051636
340.27099609,-56.51647186
340.46173096,-68.53533936
340.65246582,-62.99695969
340.84320068,-70.14741516
341.03393555,-59.14149475
341.22467041,-53.37775421
341.41540527,-55.24866104
341.60614014,-61.09400177
341.79687500,-66.26013947
341.98760986,-67.52481842
342.17834473,-68.29865265
342.36907959,-61.24040604
342.55981445,-59.55473328
342.75054932,-59.78786469
342.94128418,-57.93613815
343.13201904,-56.27848053
343.32275391,-56.07837296
343.51348877,-57.27535629
343.70422363,-65.68920898
343.89495850,-59.39712906
344.08569336,-57.03357697
344.27642822,-59.14161682
344.46716309,-62.65071869
344.65789795,-56.69887924
344.84863281,-53.78576279
345.03936768,-51.40367508
345.23010254,-50.29293442
345.42083740,-53.33445740
345.61157227,-58.22276306
345.80230713,-68.19937897
345.99304199,-56.78012466
346.18377686,-50.62416458
346.37451172,-47.45163345
346.56524658,-49.27666473
346.75598145,-60.57077026
346.94671631,-61.57701111
347.13745117,-62.44110870
347.32818604,-64.31712341
347.51892090,-63.56943130
347.70965576,-62.39862442
347.90039062,-61.51439667
348.09112549,-58.65026474
348.28186035,-56.06702423
348.47259521,-57.02211380
348.66333008,-63.85655212
348.85406494,-70.83203125
349.04479980,-66.21247101
349.23553467,-61.45978546
349.42626953,-63.31749725
349.61700439,-57.75127411
349.80773926,-61.07882690
349.99847412,-55.66371918
350.18920898,-51.66360855
350.37994385,-51.35027313
350.57067871,-52.12980270
350.76141357,-55.51871490
350.95214844,-61.02123260
351.14288330,-69.08798981
351.33361816,-63.63077164
351.52435303,-58.12593460
351.71508789,-54.64958191
351.90582275,-52.98202515
352.09655762,-54.72174072
352.28729248,-59.88256073
352.47802734,-67.87559509
352.66876221,-62.11687469
352.85949707,-55.24906158
353.05023193,-55.63009644
353.24096680,-60.20961761
353.43170166,-70.86112213
353.62243652,-56.01306152
353.81317139,-53.09776306
354.00390625,-62.69829559
354.19464111,-56.68462372
354.38537598,-53.02658081
354.57611084,-53.36155701
354.76684570,-57.66170502
354.95758057,-62.83788681
355.14831543,-54.53542328
355.33905029,-57.42409515
355.52978516,-58.71492767
355.72052002,-54.37104034
355.91125488,-55.51282883
356.10198975,-54.07877350
356.29272461,-52.14192200
356.48345947,-53.96679688
356.67419434,-56.77591705
356.86492920,-65.41474152
357.05566406,-68.53323364
357.24639893,-69.48597717
357.43713379,-55.65676880
357.62786865,-50.11470032
357.81860352,-53.71075439
358.00933838,-59.67377472
358.20007324,-53.91569519
358.39080811,-53.35818481
358.58154297,-53.26844788
358.77227783,-49.39481735
358.96301270,-49.48905182
359.15374756,-51.73791885
359.34448242,-53.52825546
359.53521729,-61.33732224
359.72595215,-70.65048981
359.91668701,-63.59930038
360.10742188,-54.60565567
360.29815674,-53.21722412
360.48889160,-56.42184448
360.67962646,-56.48708344
360.87036133,-54.43155670
361.06109619,-55.92179108
361.25183105,-57.99369431
361.44256592,-60.17536163
361.63330078,-55.06121063
361.82403564,-52.39850616
362.01477051,-58.02616882
362.20550537,-66.51131439
362.39624023,-68.59258270
362.58697510,-73.25895691
362.77770996,-63.71570206
362.96844482,-60.94861603
363.15917969,-63.29486847
363.34991455,-66.88245392
363.54064941,-55.62650681
363.73138428,-51.72356415
363.92211914,-52.98202133
364.11285400,-56.71723175
364.30358887,-60.58665466
364.49432373,-63.72099304
364.68505859,-67.00684357
364.87579346,-59.26522064
365.06652832,-53.88399124
365.25726318,-53.49588776
365.44799805,-54.23565292
365.63873291,-60.36507034
365.82946777,-66.64233398
366.02020264,-62.12818527
366.21093750,-55.77505112
366.40167236,-58.87018204
366.59240723,-84.39169312
366.78314209,-58.20403290
366.97387695,-52.54613876
367.16461182,-53.35294724
367.35534668,-61.07559204
367.54608154,-60.56213379
367.73681641,-53.99559021
367.92755127,-52.74441147
368.11828613,-54.83806229
368.30902100,-61.10343170
368.49975586,-60.47857666
368.69049072,-52.74347305
368.88122559,-51.93422699
369.07196045,-56.98406219
369.26269531,-59.53729248
369.45343018,-59.59474564
369.64416504,-60.56874084
369.83489990,-57.07838440
370.02563477,-53.41661072
370.21636963,-52.51264191
370.40710449,-57.85268784
370.59783936,-57.26543045
370.78857422,-54.72377014
370.97930908,-57.25236893
371.17004395,-61.76674271
371.36077881,-56.30157852
371.55151367,-54.15250778
371.74224854,-54.56956482
371.93298340,-61.48966980
372.12371826,-60.61291504
372.31445312,-55.96139526
372.50518799,-52.79764175
372.69592285,-52.32084656
372.88665771,-53.43170547
373.07739258,-53.73274994
373.26812744,-55.17520905
373.45886230,-55.37353134
373.64959717,-63.53418732
373.84033203,-59.04515076
374.03106689,-58.75374222
374.22180176,-61.97488403
374.41253662,-59.43998337
374.60327148,-73.48541260
374.79400635,-56.30992126
374.98474121,-55.02542496
375.17547607,-58.97636414
375.36621094,-66.55112457
375.55694580,-68.89993286
375.74768066,-56.91785431
375.93841553,-52.03939056
376.12915039,-48.58222198
376.31988525,-47.82087708
376.51062012,-51.78625488
376.70135498,-63.29277039
376.89208984,-63.70301819
377.08282471,-62.34626007
377.27355957,-62.82731628
377.46429443,-58.53798676
377.65502930,-60.07239914
377.84576416,-56.39236832
378.03649902,-47.88371277
378.22723389,-47.95590210
378.41796875,-54.86821747
378.60870361,-68.73104095
378.79943848,-61.59521103
378.99017334,-55.08082581
379.18090820,-56.33371353
379.37164307,-59.79357910
379.56237793,-57.06735229
379.75311279,-53.88397980
379.94384766,-52.80597305
380.13458252,-56.52341461
380.32531738,-61.33657837
380.51605225,-70.48192596
380.70678711,-59.49199295
380.89752197,-52.23164368
381.08825684,-52.16939545
381.27899170,-55.83655930
381.46972656,-63.91183853
381.66046143,-61.29150391
381.85119629,-54.95943069
382.04193115,-56.01704407
382.23266602,-55.67303467
382.42340088,-52.30338287
382.61413574,-50.44342041
382.80487061,-52.33378601
382.99560547,-53.72606659
383.18634033,-49.86351776
383.37707520,-48.06686783
383.56781006,-49.79934311
383.75854492,-50.22869873
383.94927979,-51.23197174
384.14001465,-50.51336670
384.33074951,-52.93030167
384.52148438,-57.36471558
384.71221924,-50.25968170
384.90295410,-48.07511139
385.09368896,-52.50858307
385.28442383,-64.51153564
385.47515869,-51.50657272
385.66589355,-51.20610046
385.85662842,-56.01166153
386.04736328,-55.49493790
386.23809814,-59.84608078
386.42883301,-57.60702133
386.61956787,-57.86439514
386.81030273,-69.80710602
387.00103760,-59.88276672
387.19177246,-61.76929092
387.38250732,-58.55355072
387.57324219,-61.43194580
387.76397705,-55.13858032
387.95471191,-56.20096588
388.14544678,-58.21065903
388.33618164,-63.58863068
388.52691650,-61.24510956
388.71765137,-54.54734039
388.90838623,-59.85766983
389.09912109,-62.79365921
389.28985596,-61.77427673
389.48059082,-58.68055725
389.67132568,-60.03468323
389.86206055,-57.26280975
390.05279541,-67.72904968
390.24353027,-82.62401581
390.43426514,-58.27983856
390.62500000,-56.00160980
390.81573486,-59.41774750
391.00646973,-59.14141083
391.19720459,-56.51057816
391.38793945,-52.33045959
391.57867432,-50.82037354
391.76940918,-55.58004761
391.96014404,-82.76424408
392.15087891,-57.85248566
392.34161377,-58.56648254
392.53234863,-58.47449493
392.72308350,-59.24916840
392.91381836,-54.95073700
393.10455322,-53.17890167
393.29528809,-55.23650360
393.48602295,-59.19696045
393.67675781,-63.09942627
393.86749268,-57.19920349
394.05822754,-50.74140549
394.24896240,-54.95604706
394.43969727,-59.07846451
394.63043213,-52.04140472
394.82116699,-53.57172012
395.01190186,-58.38738251
395.20263672,-58.91475296
395.39337158,-56.89318848
395.58410645,-55.68478012
395.77484131,-56.32774734
395.96557617,-60.07358170
396.15631104,-60.49072647
396.34704590,-56.75886154
396.53778076,-67.84904480
396.72851562,-63.36010361
396.91925049,-58.05315399
397.10998535,-54.79373932
397.30072021,-51.23066711
397.49145508,-52.07080078
397.68218994,-58.93815994
397.87292480,-70.34893799
398.06365967,-63.48489380
398.25439453,-64.97615051
398.44512939,-70.08712006
398.63586426,-56.06847382
398.82659912,-50.19582367
399.01733398,-49.79370880
399.20806885,-55.50541687
399.39880371,-59.47027588
399.58953857,-55.23648834
399.78027344,-57.04732513
399.97100830,-58.92979050
400.16174316,-58.94886780
400.35247803,-55.82191086
400.54321289,-56.22669983
400.73394775,-64.06998444
400.92468262,-64.55783844
401.11541748,-56.13383865
401.30615234,-57.55495453
401.49688721,-58.16574478
401.68762207,-53.50939941
401.87835693,-52.51264191
402.06909180,-50.62070465
402.25982666,-49.91359711
402.45056152,-55.84331131
402.64129639,-60.07501984
402.83203125,-56.40043640
403.02276611,-53.51803589
403.21350098,-51.43085861
403.40423584,-53.50084686
403.59497070,-55.98576355
403.78570557,-59.10705948
403.97644043,-63.80242920
404.16717529,-66.58987427
404.35791016,-56.87928009
404.54864502,-58.43379211
404.73937988,-60.12868881
404.93011475,-60.83460236
405.12084961,-57.36551666
405.31158447,-65.37008667
405.50231934,-67.53205109
405.69305420,-57.54766846
405.88378906,-52.45613480
406.07452393,-52.71673584
406.26525879,-62.68441772
406.45599365,-60.46188736
406.64672852,-66.79718018
406.83746338,-54.71366882
407.02819824,-52.91848755
407.21893311,-55.11504364
407.40966797,-52.24088669
407.60040283,-48.96970367
407.79113770,-50.55092621
407.98187256,-63.63584900
408.17260742,-57.32162094
408.36334229,-56.42082596
408.55407715,-54.93518448
408.74481201,-55.26124954
408.93554688,-62.16040039
409.12628174,-63.58760452
409.31701660,-63.49441528
409.50775146,-62.32891083
409.69848633,-63.60808563
409.88922119,-64.36799622
410.07995605,-69.68334961
410.27069092,-55.55995178
410.46142578,-55.65375519
410.65216064,-55.33035660
410.84289551,-53.14663315
411.03363037,-56.25045776
411.22436523,-58.01879120
411.41510010,-55.66263199
411.60583496,-56.59577179
411.79656982,-57.52347946
411.98730469,-59.27654648
412.17803955,-62.95163727
412.36877441,-63.32775879
412.55950928,-67.82232666
412.75024414,-63.57184982
412.94097900,-55.42101288
413.13171387,-51.80538940
413.32244873,-51.87010193
413.51318359,-52.49874115
413.70391846,-52.90796661
413.89465332,-54.25971222
414.08538818,-55.79713440
414.27612305,-55.97705078
414.46685791,-60.38146591
414.65759277,-67.62454987
414.84832764,-57.08244705
415.03906250,-52.10440826
415.22979736,-50.62138367
415.42053223,-52.47035980
415.61126709,-60.08998489
415.80200195,-62.20451736
415.99273682,-56.99947739
416.18347168,-56.70015335
416.37420654,-51.36763763
416.56494141,-57.72588730
416.75567627,-60.38465118
416.94641113,-57.31088257
417.13714600,-58.61757278
417.32788086,-55.68006516
417.51861572,-51.68287277
417.70935059,-51.85300827
417.90008545,-57.91981125
418.09082031,-60.80835724
418.28155518,-60.81373596
418.47229004,-59.33254623
418.66302490,-55.33982849
418.85375977,-58.06034851
419.04449463,-55.72906494
419.23522949,-56.15612411
419.42596436,-58.33052826
419.61669922,-58.90320206
419.80743408,-59.72856903
419.99816895,-62.19904327
420.18890381,-58.58199692
420.37963867,-55.04272079
420.57037354,-56.31763840
420.76110840,-64.71047974
420.95184326,-60.77098465
421.14257812,-54.17669678
421.33331299,-49.88848877
421.52404785,-47.00141144
421.71478271,-48.49502182
421.90551758,-57.04137802
422.09625244,-79.88027954
422.28698730,-62.94361496
422.47772217,-55.22201157
422.66845703,-55.59577179
422.85919189,-62.65870667
423.04992676,-59.75727081
423.24066162,-53.87559509
423.43139648,-53.02154922
423.62213135,-59.81477356
423.81286621,-80.90470123
424.00360107,-68.10082245
424.19433594,-59.50384521
424.38507080,-56.79794312
424.57580566,-55.08991241
424.76654053,-53.45080566
424.95727539,-59.62862396
425.14801025,-61.94164658
425.33874512,-53.98321533
425.52947998,-56.25088501
425.72021484,-54.21525574
425.91094971,-55.71093750
426.10168457,-64.10346222
426.29241943,-53.31479645
426.48315430,-50.70919037
426.67388916,-50.37371826
426.86462402,-50.86532593
427.05535889,-53.25788116
427.24609375,-57.11198425
427.43682861,-57.57491684
427.62756348,-55.78197098
427.81829834,-58.98628235
428.00903320,-56.66867065
428.19976807,-57.15538406
428.39050293,-65.20930481
428.58123779,-63.34064484
428.77197266,-58.80153656
428.96270752,-56.23182297
429.15344238,-54.14642715
429.34417725,-56.01422119
429.53491211,-62.71139526
429.72564697,-56.58824539
429.91638184,-63.70752335
430.10711670,-58.20556641
430.29785156,-57.87276459
430.48858643,-60.77167511
430.67932129,-72.19412231
430.87005615,-63.29522705
431.06079102,-56.67046356
431.25152588,-53.74897385
431.44226074,-51.78042603
431.63299561,-52.89407349
431.82373047,-56.17931366
432.01446533,-57.10144424
432.20520020,-60.90224457
432.39593506,-60.97053146
432.58666992,-59.50911713
432.77740479,-56.99909210
432.96813965,-58.70367050
433.15887451,-59.15517426
433.34960938,-57.68505859
433.54034424,-61.70949936
433.73107910,-63.20559692
433.92181396,-61.73321533
434.11254883,-56.46019745
434.30328369,-52.69502258
434.49401855,-56.11008453
434.68475342,-63.58261871
434.87548828,-69.79007721
435.06622314,-63.13168335
435.25695801,-57.76059723
435.44769287,-58.20681000
435.63842773,-60.25056839
435.82916260,-94.13220215
436.01989746,-58.84323883
436.21063232,-59.02630234
436.40136719,-56.68415070
436.59210205,-58.00933075
436.78283691,-63.08626175
436.97357178,-55.55239868
437.16430664,-59.48255539
437.35504150,-64.73490906
437.54577637,-61.95753479
437.73651123,-59.15932465
437.92724609,-58.61786652
438.11798096,-57.86891556
438.30871582,-61.61811829
438.49945068,-68.77495575
438.69018555,-71.48435974
438.88092041,-57.75268173
439.07165527,-59.37439346
439.26239014,-58.57088089
439.45312500,-51.99287796
439.64385986,-52.49848938
439.83459473,-63.42567062
440.02532959,-59.92507935
440.21606445,-59.54672241
440.40679932,-73.45957184
440.59753418,-61.50444031
440.78826904,-56.58413315
440.97900391,-56.84637451
441.16973877,-63.27368164
441.36047363,-61.83162689
441.55120850,-57.11394882
441.74194336,-55.55837631
441.93267822,-58.31912231
442.12341309,-65.36598969
442.31414795,-59.64059448
442.50488281,-58.35439682
442.69561768,-56.28705978
442.88635254,-55.07604599
443.07708740,-56.10722351
443.26782227,-58.69537354
443.45855713,-56.30229187
443.64929199,-51.50663376
443.84002686,-52.05390930
444.03076172,-59.75633240
444.22149658,-55.45421600
444.41223145,-49.58335876
444.60296631,-50.65710068
444.79370117,-58.80157471
444.98443604,-54.28829956
445.17517090,-52.41035843
445.36590576,-56.57986450
445.55664062,-77.95797729
445.74737549,-64.38273621
445.93811035,-61.13847733
446.12884521,-64.73756409
446.31958008,-56.49828339
446.51031494,-54.56869125
446.70104980,-53.72090912
446.89178467,-54.15363312
447.08251953,-57.39511490
447.27325439,-55.63237000
447.46398926,-52.07866669
447.65472412,-54.76563263
447.84545898,-73.30733490
448.03619385,-58.96533203
448.22692871,-54.44249725
448.41766357,-51.64327621
448.60839844,-51.89453125
448.79913330,-56.81845856
448.98986816,-63.78432465
449.18060303,-59.45034027
449.37133789,-49.31713486
449.56207275,-47.00561523
449.75280762,-51.74818420
449.94354248,-57.15039825
450.13427734,-55.72191620
450.32501221,-57.93336868
450.51574707,-53.53914261
450.70648193,-54.46400070
450.89721680,-53.69680786
451.08795166,-57.69512558
451.27868652,-58.20824432
451.46942139,-56.44694901
451.66015625,-62.56414413
451.85089111,-50.65579987
452.04162598,-50.95803833
452.23236084,-59.94988251
452.42309570,-62.01180267
452.61383057,-60.92091370
452.80456543,-62.74908447
452.99530029,-69.69801331
453.18603516,-56.21434021
453.37677002,-52.59220886
453.56750488,-54.52796173
453.75823975,-63.99161911
453.94897461,-60.95091248
454.13970947,-53.02456284
454.33044434,-50.41399384
454.52117920,-51.18151855
454.71191406,-57.50621414
454.90264893,-63.03824615
455.09338379,-69.04994965
455.28411865,-87.43875122
455.47485352,-63.03703308
455.66558838,-57.98297882
455.85632324,-55.96277618
456.04705811,-55.29495621
456.23779297,-59.11506653
456.42852783,-54.85323334
456.61926270,-53.08514404
456.80999756,-61.91301346
457.00073242,-55.71207428
457.19146729,-52.61692429
457.38220215,-55.32039261
457.57293701,-53.91227722
457.76367188,-53.94939804
457.95440674,-58.65626907
458.14514160,-69.42094421
458.33587646,-55.87924194
458.52661133,-51.33921814
458.71734619,-59.58036423
458.90808105,-54.89822769
459.09881592,-51.35166550
459.28955078,-51.25045013
459.48028564,-49.42497253
459.67102051,-48.56327438
459.86175537,-52.95943451
460.05249023,-67.65760803
460.24322510,-64.24397278
460.43395996,-55.11546707
460.62469482,-57.81871796
460.81542969,-63.39660645
461.00616455,-58.54511261
461.19689941,-58.18207169
461.38763428,-55.38211823
461.57836914,-55.55413818
461.76910400,-57.35280609
461.95983887,-55.26073456
462.15057373,-54.14598846
462.34130859,-55.50843048
462.53204346,-58.34122086
462.72277832,-58.67738342
462.91351318,-54.62444687
463.10424805,-53.74224091
463.29498291,-52.64324188
463.48571777,-52.93630981
463.67645264,-55.15953064
463.86718750,-55.88829803
464.05792236,-56.42432404
464.24865723,-57.50881195
464.43939209,-59.67344284
464.63012695,-64.25891113
464.82086182,-59.09428406
465.01159668,-55.91194153
465.20233154,-57.53450012
465.39306641,-63.99744034
465.58380127,-71.92175293
465.77453613,-60.03054810
465.96527100,-54.62211990
466.15600586,-54.41616440
466.34674072,-52.61527634
466.53747559,-55.57059479
466.72821045,-58.79350281
466.91894531,-58.77030945
467.10968018,-62.28589630
467.30041504,-54.75651550
467.49114990,-50.87106705
467.68188477,-50.04330063
467.87261963,-51.55296707
468.06335449,-54.71256256
468.25408936,-59.49195480
468.44482422,-71.68379974
468.63555908,-62.51480865
468.82629395,-63.45550156
469.01702881,-59.04066086
469.20776367,-56.74404526
469.39849854,-57.39577484
469.58923340,-54.24811554
469.77996826,-51.55970001
469.97070312,-52.39891052
470.16143799,-51.39643097
470.35217285,-50.91537094
470.54290771,-53.61561584
470.73364258,-55.49827194
470.92437744,-58.03054810
471.11511230,-56.85128784
471.30584717,-54.11090088
471.49658203,-61.10134506
471.68731689,-59.50592804
471.87805176,-58.44676590
472.06878662,-60.10890579
472.25952148,-57.16043472
472.45025635,-63.45655823
472.64099121,-59.17640305
472.83172607,-54.68984985
473.02246094,-54.81765747
473.21319580,-52.69932556
473.40393066,-53.63103485
473.59466553,-66.01994324
473.78540039,-60.84342575
473.97613525,-54.47232819
474.16687012,-52.92693329
474.35760498,-51.87180328
474.54833984,-52.14868927
474.73907471,-56.93646240
474.92980957,-68.29319763
475.12054443,-72.36594391
475.31127930,-74.70145416
475.50201416,-60.70972443
475.69274902,-53.05339050
475.88348389,-50.72950745
476.07421875,-53.05895996
476.26495361,-60.71570587
476.45568848,-66.03073883
476.64642334,-71.47209930
476.83715820,-62.05280685
477.02789307,-57.25809479
477.21862793,-55.09538269
477.40936279,-55.79436493
477.60009766,-65.78772736
477.79083252,-55.90095901
477.98156738,-54.50233078
478.17230225,-68.68217468
478.36303711,-56.25141144
478.55377197,-53.83002472
478.74450684,-53.93712616
478.93524170,-55.26306534
479.12597656,-56.61163712
479.31671143,-56.60272980
479.50744629,-53.54471588
479.69818115,-52.14732742
479.88891602,-51.30892944
480.07965088,-51.53857803
480.27038574,-57.49860382
480.46112061,-68.48080444
480.65185547,-68.26506805
480.84259033,-54.04263306
481.03332520,-52.42232895
481.22406006,-52.10405731
481.41479492,-51.58244705
481.60552979,-53.53733063
481.79626465,-54.02954102
481.98699951,-54.28977966
482.17773438,-55.59249115
482.36846924,-54.46170807
482.55920410,-53.10474014
482.74993896,-54.85426331
482.94067383,-56.15872192
483.13140869,-67.47336578
483.32214355,-60.48202133
483.51287842,-54.27180862
483.70361328,-50.30476379
483.89434814,-52.60959625
484.08508301,-55.87144470
484.27581787,-54.91028214
484.46655273,-54.98491287
484.65728760,-54.26334381
484.84802246,-58.93153381
485.03875732,-61.09424210
485.22949219,-55.15609360
485.42022705,-60.37583923
485.61096191,-61.29280472
485.80169678,-59.92478180
485.99243164,-68.53964233
486.18316650,-83.39690399
486.37390137,-72.54849243
486.56463623,-71.22380066
486.75537109,-62.72006226
486.94610596,-54.35238647
487.13684082,-52.29667282
487.32757568,-54.68579102
487.51831055,-53.48583221
487.70904541,-51.89670944
487.89978027,-52.08414459
488.09051514,-61.34224319
488.28125000,-57.30077744
488.47198486,-54.19104767
488.66271973,-55.98165894
488.85345459,-54.13634872
489.04418945,-54.27310562
489.23492432,-55.50571442
489.42565918,-58.10480118
489.61639404,-69.93363190
489.80712891,-67.74636841
489.99786377,-63.76573181
490.18859863,-52.14796448
490.37933350,-49.45212555
490.57006836,-53.77936554
490.76080322,-63.64280701
490.95153809,-57.65392303
491.14227295,-61.21505737
491.33300781,-54.88451385
491.52374268,-56.09683990
491.71447754,-52.33404160
491.90521240,-52.11135101
492.09594727,-61.48352814
492.28668213,-61.88065338
492.47741699,-54.05219269
492.66815186,-53.95561600
492.85888672,-77.11912537
493.04962158,-56.92157364
493.24035645,-57.19812012
493.43109131,-59.16193390
493.62182617,-53.55170441
493.81256104,-55.45697021
494.00329590,-68.79175568
494.19403076,-79.64279175
494.38476562,-68.56581116
494.57550049,-61.09971619
494.76623535,-58.58796692
494.95697021,-61.31152344
495.14770508,-58.45132446
495.33843994,-60.76018906
495.52917480,-56.25557327
495.71990967,-53.19041443
495.91064453,-54.11746597
496.10137939,-56.76869202
496.29211426,-57.96928024
496.48284912,-55.00736237
496.67358398,-53.89817810
496.86431885,-54.76136017
497.05505371,-52.38673401
497.24578857,-52.05113220
497.43652344,-64.83154297
497.62725830,-62.80970001
497.81799316,-60.69125366
498.00872803,-57.37673950
498.19946289,-53.03406143
498.39019775,-50.20265198
498.58093262,-50.01537323
498.77166748,-50.14199829
498.96240234,-53.87831116
499.15313721,-57.99121857
499.34387207,-55.82551575
499.53460693,-54.80850220
499.72534180,-53.36531067
499.91607666,-53.81658936
500.10681152,-55.52045822
500.29754639,-56.61224365
500.48828125,-59.96017075
500.67901611,-66.52335358
500.86975098,-55.83680725
501.06048584,-51.15330124
501.25122070,-51.44596100
501.44195557,-53.64135742
501.63269043,-56.89675903
501.82342529,-59.57929993
502.01416016,-58.97146225
502.20489502,-65.91007996
502.39562988,-59.85519028
502.58636475,-54.11840057
502.77709961,-54.60779572
502.96783447,-56.90608215
503.15856934,-55.53392792
503.34930420,-56.33354950
503.54003906,-59.00500870
503.73077393,-55.89697266
503.92150879,-53.58965302
504.11224365,-52.10643768
504.30297852,-54.02447128
504.49371338,-60.33256912
504.68444824,-60.52150345
504.87518311,-70.60744476
505.06591797,-62.20898438
505.25665283,-62.90007782
505.44738770,-59.71050644
505.63812256,-57.59986115
505.82885742,-66.77565002
506.01959229,-59.18056107
506.21032715,-55.35551071
506.40106201,-60.27523804
506.59179688,-59.38199615
506.78253174,-59.19479752
506.97326660,-67.16860962
507.16400146,-70.75116730
507.35473633,-63.77601242
507.54547119,-61.79533005
507.73620605,-57.75196457
507.92694092,-57.34693146
508.11767578,-67.36937714
508.30841064,-65.43733215
508.49914551,-59.03054047
508.68988037,-54.90176392
508.88061523,-54.99074554
509.07135010,-58.80732727
509.26208496,-64.30841064
509.45281982,-80.70716858
509.64355469,-62.97442627
509.83428955,-76.84718323
510.02502441,-59.64031601
510.21575928,-63.09738922
510.40649414,-62.28275299
510.59722900,-62.09784698
510.78796387,-67.27723694
510.97869873,-69.86083221
511.16943359,-64.04544067
511.36016846,-62.44134903
511.55090332,-54.63542175
511.74163818,-54.93483734
511.93237305,-63.43620300
512.12310791,-55.84146118
512.31384277,-51.21683121
512.50457764,-53.97560120
512.69531250,-58.34080505
512.88604736,-59.18331909
513.07678223,-62.77985382
513.26751709,-74.13652039
513.45825195,-60.71308517
513.64898682,-53.97863007
513.83972168,-50.79048920
514.03045654,-49.74155045
514.22119141,-52.89441681
514.41192627,-56.87326050
514.60266113,-53.11404800
514.79339600,-50.81415558
514.98413086,-53.32704926
515.17486572,-64.68636322
515.36560059,-66.18024445
515.55633545,-76.95639038
515.74707031,-72.69381714
515.93780518,-54.99333191
516.12854004,-50.73456192
516.31927490,-52.19866943
516.51000977,-58.84944916
516.70074463,-72.34378815
516.89147949,-63.77088928
517.08221436,-58.61641312
517.27294922,-54.26757431
517.46368408,-55.87312698
517.65441895,-55.14802551
517.84515381,-54.11480331
518.03588867,-54.55238724
518.22662354,-54.82754135
518.41735840,-56.41954422
518.60809326,-56.22986221
518.79882812,-57.36119080
518.98956299,-53.91087341
519.18029785,-51.93906784
519.37103271,-53.77227020
519.56176758,-53.16841125
519.75250244,-50.51455688
519.94323730,-50.94041824
520.13397217,-56.26139069
520.32470703,-61.58678055
520.51544189,-54.97946930
520.70617676,-52.05773163
520.89691162,-51.04141235
521.08764648,-54.01947784
521.27838135,-55.36321259
521.46911621,-54.03403854
521.65985107,-55.28865433
521.85058594,-61.10997009
522.04132080,-61.47107697
522.23205566,-62.15215683
522.42279053,-59.45964432
522.61352539,-56.94561768
522.80426025,-56.58158875
522.99499512,-55.12852478
523.18572998,-53.07580566
523.37646484,-54.67192078
523.56719971,-58.64078903
523.75793457,-65.91595459
523.94866943,-67.81526184
524.13940430,-57.22871399
524.33013916,-55.35839844
524.52087402,-56.65771866
524.71160889,-54.76757812
524.90234375,-52.45085907
525.09307861,-55.22479630
525.28381348,-57.81600571
525.47454834,-56.42145538
525.66528320,-62.40257645
525.85601807,-58.52908707
526.04675293,-50.91872787
526.23748779,-49.34978867
526.42822266,-55.73508453
526.61895752,-60.30127716
526.80969238,-64.04349518
527.00042725,-59.92587662
527.19116211,-55.02731323
527.38189697,-58.56729507
527.57263184,-68.94191742
527.76336670,-69.35197449
527.95410156,-71.23912048
528.14483643,-60.89889526
528.33557129,-57.81380463
528.52630615,-62.33400345
528.71704102,-55.87268448
528.90777588,-52.59986115
529.09851074,-52.99200439
529.28924561,-53.28187561
529.47998047,-60.24981689
529.67071533,-61.89369965
529.86145020,-65.51972961
530.05218506,-56.55672073
530.24291992,-58.44945908
530.43365479,-56.95028687
530.62438965,-54.18271637
530.81512451,-57.48212814
531.00585938,-66.25982666
531.19659424,-58.04301453
531.38732910,-53.76029587
531.57806396,-53.49098587
531.76879883,-54.05174637
531.95953369,-57.41897964
532.15026855,-68.92457581
532.34100342,-70.60422516
532.53173828,-57.80384064
532.72247314,-52.70547485
532.91320801,-55.05487442
533.10394287,-62.40424728
533.29467773,-60.92779541
533.48541260,-53.28298569
533.67614746,-52.15587616
533.86688232,-53.16704559
534.05761719,-58.56414032
534.24835205,-63.93764114
534.43908691,-64.49711609
534.62982178,-55.12346649
534.82055664,-52.60874176
535.01129150,-54.61724091
535.20202637,-60.34061432
535.39276123,-61.13407898
535.58349609,-56.36573029
535.77423096,-57.86745071
535.96496582,-64.18630219
536.15570068,-62.86151505
536.34643555,-61.36873627
536.53717041,-58.69257355
536.72790527,-59.96217346
536.91864014,-61.51418304
537.10937500,-55.26047516
537.30010986,-54.48349380
537.49084473,-58.99453735
537.68157959,-88.91219330
537.87231445,-61.66300964
538.06304932,-61.23121262
538.25378418,-56.31668091
538.44451904,-49.43901062
538.63525391,-50.37686920
538.82598877,-52.65365219
539.01672363,-57.41678619
539.20745850,-66.80115509
539.39819336,-62.56378937
539.58892822,-56.35240173
539.77966309,-53.74846649
539.97039795,-51.84262085
540.16113281,-53.75543976
540.35186768,-73.81672668
540.54260254,-60.21240997
540.73333740,-57.78158569
540.92407227,-63.97221375
541.11480713,-60.45957565
541.30554199,-53.65950012
541.49627686,-54.89589310
541.68701172,-63.85561371
541.87774658,-58.53416443
542.06848145,-53.29697037
542.25921631,-52.49633026
542.44995117,-55.65319443
542.64068604,-59.22053909
542.83142090,-58.75568390
543.02215576,-55.98171234
543.21289062,-54.68265915
543.40362549,-56.42761993
543.59436035,-65.95103455
543.78509521,-59.30132294
543.97583008,-57.07290649
544.16656494,-54.71723938
544.35729980,-54.96278763
544.54803467,-56.19894028
544.73876953,-54.54543686
544.92950439,-53.36265564
545.12023926,-54.26918793
545.31097412,-53.77940369
545.50170898,-54.09439850
545.69244385,-57.38602448
545.88317871,-68.70336151
546.07391357,-61.71117783
546.26464844,-55.84553146
546.45538330,-60.14683533
546.64611816,-69.84750366
546.83685303,-67.50028992
547.02758789,-64.24834442
547.21832275,-62.51478195
547.40905762,-67.45842743
547.59979248,-62.27641296
547.79052734,-60.53100586
547.98126221,-62.23337173
548.17199707,-61.96957016
548.36273193,-60.62907791
548.55346680,-61.74049377
548.74420166,-52.49860764
548.93493652,-54.09621811
549.12567139,-63.90400696
549.31640625,-72.79223633
549.50714111,-63.33957291
549.69787598,-63.26681137
549.88861084,-60.94649506
550.07934570,-56.23492813
550.27008057,-52.13983536
550.46081543,-49.96750641
550.65155029,-50.88358307
550.84228516,-56.33911896
551.03302002,-66.48784637
551.22375488,-58.66314697
551.41448975,-54.04991913
551.60522461,-57.24967194
551.79595947,-66.45031738
551.98669434,-57.70213699
552.17742920,-52.30091476
552.36816406,-54.01594162
552.55889893,-69.15737915
552.74963379,-62.99716187
552.94036865,-58.65613556
553.13110352,-58.11652756
553.32183838,-89.26510620
553.51257324,-53.81584549
553.70330811,-50.84567642
553.89404297,-54.36898804
554.08477783,-60.12577820
554.27551270,-62.46192551
554.46624756,-62.84303665
554.65698242,-57.19155884
554.84771729,-55.82189178
555.03845215,-55.56958771
555.22918701,-53.86894989
555.41992188,-56.70132065
555.61065674,-63.00710678
555.80139160,-63.15910339
555.99212646,-60.95715332
556.18286133,-62.47396469
556.37359619,-55.77932739
556.56433105,-59.63383484
556.75506592,-61.08882904
556.94580078,-58.35379028
557.13653564,-59.87590027
557.32727051,-56.20890045
557.51800537,-53.22895432
557.70874023,-51.76088715
557.89947510,-51.56081390
558.09020996,-52.94293213
558.28094482,-59.11334610
558.47167969,-69.47280884
558.66241455,-65.37053680
558.85314941,-83.66881561
559.04388428,-66.91934204
559.23461914,-67.65265656
559.42535400,-66.46546173
559.61608887,-66.90211487
559.80682373,-64.96657562
559.99755859,-60.08117676
560.18829346,-59.23881531
560.37902832,-62.02175903
560.56976318,-68.05081177
560.76049805,-55.61058044
560.95123291,-51.26940918
561.14196777,-53.12982559
561.33270264,-54.24781036
561.52343750,-54.99722290
561.71417236,-57.79079056
561.90490723,-60.59414291
562.09564209,-57.85209656
562.28637695,-52.42962646
562.47711182,-53.11111069
562.66784668,-62.02024841
562.85858154,-58.48369980
563.04931641,-54.46255112
563.24005127,-51.85618591
563.43078613,-53.31655502
563.62152100,-55.97243500
563.81225586,-53.48734283
564.00299072,-51.37497711
564.19372559,-50.80167770
564.38446045,-51.97737122
564.57519531,-54.73204803
564.76593018,-65.21098328
564.95666504,-61.75183105
565.14739990,-56.11070251
565.33813477,-55.26500320
565.52886963,-63.81069183
565.71960449,-58.68997574
565.91033936,-61.37897110
566.10107422,-62.78323364
566.29180908,-57.86872482
566.48254395,-57.69045258
566.67327881,-62.73320007
566.86401367,-58.33646393
567.05474854,-54.59416199
567.24548340,-63.00506973
567.43621826,-59.88102722
567.62695312,-59.35240173
567.81768799,-58.83662415
568.00842285,-55.72410583
568.19915771,-53.97206879
568.38989258,-54.16753769
568.58062744,-54.40954208
568.77136230,-51.71524811
568.96209717,-52.92844772
569.15283203,-59.02601242
569.34356689,-55.33417511
569.53430176,-55.95652008
569.72503662,-55.77267075
569.91577148,-52.11862564
570.10650635,-51.91748047
570.29724121,-57.26785660
570.48797607,-63.77011108
570.67871094,-74.43536377
570.86944580,-67.56410980
571.06018066,-57.83908844
571.25091553,-52.97465515
571.44165039,-54.66826630
571.63238525,-60.30943298
571.82312012,-59.31000519
572.01385498,-61.09919739
572.20458984,-58.90887451
572.39532471,-58.96731567
572.58605957,-63.09595108
572.77679443,-56.16799927
572.96752930,-63.87466049
573.15826416,-60.74573517
573.34899902,-54.09311676
573.53973389,-52.83844757
573.73046875,-54.24072266
573.92120361,-56.69442749
574.11193848,-52.95916748
574.30267334,-55.00891876
574.49340820,-70.23588562
574.68414307,-64.49279785
574.87487793,-56.33279800
575.06561279,-51.87017059
575.25634766,-49.68326187
575.44708252,-51.86345673
575.63781738,-62.39801407
575.82855225,-66.09448242
576.01928711,-55.66209793
576.21002197,-53.97846985
576.40075684,-55.90973282
576.59149170,-56.92311096
576.78222656,-68.02828979
576.97296143,-66.83062744
577.16369629,-57.11844635
577.35443115,-50.76250076
577.54516602,-48.97559357
577.73590088,-52.00862503
577.92663574,-62.45916367
578.11737061,-59.91855240
578.30810547,-58.86237335
578.49884033,-56.91844559
578.68957520,-54.82778549
578.88031006,-58.85984421
579.07104492,-57.83587646
579.26177979,-58.34902191
579.45251465,-53.23080063
579.64324951,-49.44785309
579.83398438,-49.75493622
580.02471924,-53.18935013
580.21545410,-56.85266113
580.40618896,-63.18361664
580.59692383,-72.19994354
580.78765869,-59.02393723
580.97839355,-52.25108719
581.16912842,-54.99044800
581.35986328,-66.05158234
581.55059814,-69.19596863
581.74133301,-62.92380905
581.93206787,-69.50425720
582.12280273,-65.92635345
582.31353760,-56.73797607
582.50427246,-64.50688171
582.69500732,-55.35215378
582.88574219,-58.26976013
583.07647705,-59.32241440
583.26721191,-62.76824951
583.45794678,-58.87548065
583.64868164,-58.09528351
583.83941650,-57.35199738
584.03015137,-58.34884644
584.22088623,-53.69878769
584.41162109,-49.22513580
584.60235596,-50.73945999
584.79309082,-57.07530594
584.98382568,-57.66204071
585.17456055,-51.55033112
585.36529541,-50.91448975
585.55603027,-56.53873062
585.74676514,-54.12725449
585.93750000,-54.23065948
586.12823486,-62.37874603
586.31896973,-59.63608551
586.50970459,-60.49687958
586.70043945,-69.04641724
586.89117432,-68.48035431
587.08190918,-65.70753479
587.27264404,-59.75501251
587.46337891,-59.33322144
587.65411377,-55.61421204
587.84484863,-56.91732788
588.03558350,-66.05714417
588.22631836,-61.73864365
588.41705322,-56.99817657
588.60778809,-62.56339645
588.79852295,-73.12374878
588.98925781,-60.85051727
589.17999268,-56.75199509
589.37072754,-62.94231415
589.56146240,-61.01540375
589.75219727,-62.89551544
589.94293213,-66.02323914
590.13366699,-61.69673920
590.32440186,-61.99644470
590.51513672,-57.01951599
590.70587158,-54.76322937
590.89660645,-55.89488602
591.08734131,-61.21559143
591.27807617,-66.28613281
591.46881104,-59.73913574
591.65954590,-58.46979141
591.85028076,-61.19689941
592.04101562,-64.44998932
592.23175049,-63.55548859
592.42248535,-58.39774704
592.61322021,-57.49369049
592.80395508,-60.01131058
592.99468994,-63.60410309
593.18542480,-59.12845230
593.37615967,-57.82367325
593.56689453,-61.30036926
593.75762939,-61.44287491
593.94836426,-58.01670456
594.13909912,-62.67583847
594.32983398,-56.50206757
594.52056885,-58.77733612
594.71130371,-56.31763077
594.90203857,-54.25129318
595.09277344,-51.47749329
595.28350830,-52.29196930
595.47424316,-75.02210236
595.66497803,-52.88694382
595.85571289,-52.44415665
596.04644775,-53.77939224
596.23718262,-56.77351379
596.42791748,-63.44294739
596.61865234,-59.53632736
596.80938721,-54.18822479
597.00012207,-55.44676971
597.19085693,-62.04605103
597.38159180,-78.38962555
597.57232666,-59.32225800
597.76306152,-57.46621704
597.95379639,-56.16892242
598.14453125,-53.79265213
598.33526611,-53.71252441
598.52600098,-55.10711670
598.71673584,-53.32799911
598.90747070,-53.62394714
599.09820557,-57.93330383
599.28894043,-55.57437134
599.47967529,-57.92122650
599.67041016,-55.15104294
599.86114502,-54.73142242
600.05187988,-56.00238800
600.24261475,-54.31404877
600.43334961,-55.67234421
600.62408447,-55.85281754
600.81481934,-54.78662872
601.00555420,-54.94081879
601.19628906,-58.60219574
601.38702393,-68.82523346
601.57775879,-59.61990738
601.76849365,-58.09137726
601.95922852,-58.20928574
602.14996338,-58.15039825
602.34069824,-56.43955994
602.53143311,-53.42536926
602.72216797,-53.44104767
602.91290283,-57.33967590
603.10363770,-49.65261459
603.29437256,-48.77539825
603.48510742,-58.87981796
603.67584229,-52.72819519
603.86657715,-52.94322968
604.05731201,-59.85615158
604.24804688,-60.93270874
604.43878174,-54.22315216
604.62951660,-50.56722641
604.82025146,-52.05278397
605.01098633,-63.46616364
605.20172119,-62.80862808
605.39245605,-64.15898132
605.58319092,-56.72788239
605.77392578,-53.23017502
605.96466064,-57.82478714
606.15539551,-72.13906860
606.34613037,-74.21425629
606.53686523,-78.05449677
606.72760010,-56.90898514
606.91833496,-52.32128906
607.10906982,-56.17995834
607.29980469,-71.90296173
607.49053955,-57.60737991
607.68127441,-57.92435074
607.87200928,-64.48359680
608.06274414,-61.89733124
608.25347900,-57.06813431
608.44421387,-52.33930969
608.63494873,-56.50253677
608.82568359,-63.93972015
609.01641846,-62.54448700
609.20715332,-64.92671204
609.39788818,-63.90317917
609.58862305,-68.78981018
609.77935791,-65.20716858
609.97009277,-59.37538528
610.16082764,-56.32798767
610.35156250,-54.28470230
610.54229736,-54.76024628
610.73303223,-55.94715881
610.92376709,-55.33866501
611.11450195,-60.32165909
611.30523682,-61.80736923
611.49597168,-59.81548309
611.68670654,-57.49044037
611.87744141,-52.74971008
612.06817627,-53.24017334
612.25891113,-66.39521790
612.44964600,-65.29750061
612.64038086,-61.21639633
612.83111572,-57.15331650
613.02185059,-60.13966370
613.21258545,-60.99773407
613.40332031,-55.04074860
613.59405518,-56.31223679
613.78479004,-59.86748505
613.97552490,-61.54724884
614.16625977,-67.14234161
614.35699463,-59.16454315
614.54772949,-61.86543274
614.73846436,-71.23252869
614.92919922,-60.62097549
615.11993408,-56.11617279
615.31066895,-56.59822845
615.50140381,-68.26214600
615.69213867,-55.51628113
615.88287354,-51.50110245
616.07360840,-52.89500809
616.26434326,-61.09047699
616.45507812,-68.92087555
616.64581299,-57.03814697
616.83654785,-53.95458603
617.02728271,-58.41870880
617.21801758,-68.15355682
617.40875244,-56.64860153
617.59948730,-58.49968719
617.79022217,-71.05773926
617.98095703,-61.07559967
618.17169189,-67.36197662
618.36242676,-55.13619232
618.55316162,-50.21699524
618.74389648,-48.77644348
618.93463135,-48.84337997
619.12536621,-50.53529739
619.31610107,-52.47506714
619.50683594,-53.27731323
619.69757080,-53.26572037
619.88830566,-52.45487976
620.07904053,-51.68867111
620.26977539,-53.07487488
620.46051025,-59.17628479
620.65124512,-64.84373474
620.84197998,-54.91984558
621.03271484,-53.86554718
621.22344971,-62.05176926
621.41418457,-66.29390717
621.60491943,-65.29940033
621.79565430,-57.03773880
621.98638916,-54.64174652
622.17712402,-59.55615997
622.36785889,-59.31825256
622.55859375,-55.21890259
622.74932861,-57.20882797
622.94006348,-60.71928406
623.13079834,-61.26376343
623.32153320,-66.37171936
623.51226807,-62.39888000
623.70300293,-55.06634521
623.89373779,-51.88220978
624.08447266,-51.98413467
624.27520752,-52.97907257
624.46594238,-52.77719879
624.65667725,-56.89262009
624.84741211,-63.84116364
625.03814697,-54.51654816
625.22888184,-51.22978973
625.41961670,-49.37306213
625.61035156,-50.21446609
625.80108643,-50.57678986
625.99182129,-51.76290512
626.18255615,-57.59225845
626.37329102,-73.62594604
626.56402588,-64.11657715
626.75476074,-63.93753433
626.94549561,-63.50191498
627.13623047,-77.26733398
627.32696533,-57.78757477
627.51770020,-55.79776382
627.70843506,-63.42094803
627.89916992,-54.95935822
628.08990479,-55.09859467
628.28063965,-55.82944489
628.47137451,-50.41214371
628.66210938,-49.67848969
628.85284424,-52.63134766
629.04357910,-54.05605698
629.23431396,-54.35844803
629.42504883,-58.39030838
629.61578369,-59.23565674
629.80651855,-55.66143417
629.99725342,-57.39627838
630.18798828,-67.45020294
630.37872314,-63.44123840
630.56945801,-62.54734421
630.76019287,-64.40678406
630.95092773,-58.73270416
631.14166260,-58.01196289
631.33239746,-58.15970612
631.52313232,-57.87054443
631.71386719,-56.18297958
631.90460205,-67.44786835
632.09533691,-54.72669601
632.28607178,-52.02545929
632.47680664,-55.12885666
632.66754150,-59.06408310
632.85827637,-56.07752991
633.04901123,-51.96701813
633.23974609,-53.59405518
633.43048096,-63.94404602
633.62121582,-63.44101715
633.81195068,-61.84965515
634.00268555,-53.06906891
634.19342041,-51.92010498
634.38415527,-55.41184235
634.57489014,-62.63601685
634.76562500,-60.33422470
634.95635986,-57.64540100
635.14709473,-62.16220856
635.33782959,-63.07758713
635.52856445,-56.87150574
635.71929932,-52.46075058
635.91003418,-51.23140335
636.10076904,-55.82954025
636.29150391,-65.78997803
636.48223877,-60.86119843
636.67297363,-59.32071686
636.86370850,-60.88792419
637.05444336,-61.30112076
637.24517822,-55.42850876
637.43591309,-54.65060425
637.62664795,-53.84815216
637.81738281,-53.48021698
638.00811768,-52.35893631
638.19885254,-50.94306564
638.38958740,-51.24532700
638.58032227,-55.33235168
638.77105713,-58.25624084
638.96179199,-54.84362793
639.15252686,-49.48649597
639.34326172,-47.67254257
639.53399658,-47.98244858
639.72473145,-50.12710571
639.91546631,-56.54127121
640.10620117,-67.24375916
640.29693604,-60.35413361
640.48767090,-67.72291565
640.67840576,-60.03755951
640.86914062,-59.11849213
641.05987549,-61.23766327
641.25061035,-56.64090729
641.44134521,-53.36497879
641.63208008,-55.99993134
641.82281494,-57.75078583
642.01354980,-55.13637161
642.20428467,-57.04990768
642.39501953,-55.82276917
642.58575439,-57.05105591
642.77648926,-53.13208771
642.96722412,-56.42930984
643.15795898,-57.98075104
643.34869385,-52.46327209
643.53942871,-53.05144501
643.73016357,-54.17161942
643.92089844,-53.46395874
644.11163330,-52.05689240
644.30236816,-53.90966797
644.49310303,-58.56726074
644.68383789,-58.96141052
644.87457275,-64.87675476
645.06530762,-58.01115417
645.25604248,-55.72921753
645.44677734,-62.00358582
645.63751221,-54.46517944
645.82824707,-49.76456070
646.01898193,-53.02566910
646.20971680,-61.74150848
646.40045166,-55.38009262
646.59118652,-54.96138000
646.78192139,-54.99624634
646.97265625,-57.74226761
647.16339111,-82.82363892
647.35412598,-61.03835678
647.54486084,-59.81996155
647.73559570,-61.56354904
647.92633057,-62.88430786
648.11706543,-55.58487701
648.30780029,-59.48461533
648.49853516,-62.03091431
648.68927002,-65.90948486
648.88000488,-59.68816757
649.07073975,-57.68917847
649.26147461,-61.70087814
649.45220947,-61.36846542
649.64294434,-55.45068741
649.83367920,-52.48592758
650.02441406,-68.39601135
650.21514893,-53.24330902
650.40588379,-52.51756668
650.59661865,-55.74550629
650.78735352,-56.04801178
650.97808838,-55.61304092
651.16882324,-54.66230774
651.35955811,-53.28833008
651.55029297,-51.76339722
651.74102783,-52.05480194
651.93176270,-53.69519806
652.12249756,-57.01390076
652.31323242,-61.24382019
652.50396729,-68.05184937
652.69470215,-58.02649689
652.88543701,-52.80923462
653.07617188,-55.43560410
653.26690674,-55.39268875
653.45764160,-56.15162659
653.64837646,-52.47310257
653.83911133,-51.76319122
654.02984619,-54.05345154
654.22058105,-59.20011139
654.41131592,-72.03990173
654.60205078,-61.11349106
654.79278564,-64.21095276
654.98352051,-61.46167374
655.17425537,-60.79908752
655.36499023,-65.68627930
655.55572510,-60.73825455
655.74645996,-57.94860077
655.93719482,-58.90918350
656.12792969,-61.10649490
656.31866455,-54.79938507
656.50939941,-56.62445068
656.70013428,-62.18001556
656.89086914,-56.50643158
657.08160400,-57.34880829
657.27233887,-58.06153107
657.46307373,-55.33955383
657.65380859,-53.19606018
657.84454346,-52.58451080
658.03527832,-53.65687943
658.22601318,-58.09735870
658.41674805,-63.93333817
658.60748291,-57.95114136
658.79821777,-51.56345749
658.98895264,-50.50842285
659.17968750,-54.03810883
659.37042236,-57.34048843
659.56115723,-53.52443314
659.75189209,-52.29378510
659.94262695,-53.19744492
660.13336182,-56.61591339
660.32409668,-85.36060333
660.51483154,-52.01927567
660.70556641,-47.97742462
660.89630127,-49.35826874
661.08703613,-52.37558365
661.27777100,-53.34930801
661.46850586,-51.89716339
661.65924072,-51.71616364
661.84997559,-54.01626968
662.04071045,-56.06390381
662.23144531,-56.20265198
662.42218018,-57.23379517
662.61291504,-54.72308350
662.80364990,-57.78768921
662.99438477,-66.60452271
663.18511963,-63.13336182
663.37585449,-61.44524384
663.56658936,-58.53610229
663.75732422,-53.34534073
663.94805908,-52.61445999
664.13879395,-54.93782806
664.32952881,-59.03582001
664.52026367,-68.29250336
664.71099854,-59.32413101
664.90173340,-61.94026566
665.09246826,-59.20845032
665.28320312,-52.99491501
665.47393799,-51.75273132
665.66467285,-53.38153458
665.85540771,-58.63896179
666.04614258,-58.89917374
666.23687744,-52.82715607
666.42761230,-51.96129608
666.61834717,-59.95706940
666.80908203,-62.14406586
666.99981689,-60.61428833
667.19055176,-61.81575775
667.38128662,-57.67134857
667.57202148,-55.01973724
667.76275635,-60.28379059
667.95349121,-61.73279190
668.14422607,-57.56988525
668.33496094,-57.32181549
668.52569580,-55.52707672
668.71643066,-53.94271088
668.90716553,-60.24273682
669.09790039,-60.95686340
669.28863525,-55.31179047
669.47937012,-57.88354874
669.67010498,-66.89268494
669.86083984,-64.45582581
670.05157471,-65.74557495
670.24230957,-56.55119324
670.43304443,-55.41780472
670.62377930,-63.88267899
670.81451416,-65.24839783
671.00524902,-63.63095093
671.19598389,-58.26144409
671.38671875,-56.13831329
671.57745361,-54.53029633
671.76818848,-53.28679657
671.95892334,-53.32752609
672.14965820,-55.37540054
672.34039307,-59.24615860
672.53112793,-61.37424469
672.72186279,-59.01293945
672.91259766,-61.31118393
673.10333252,-57.66402435
673.29406738,-58.86629105
673.48480225,-62.53917313
673.67553711,-66.15465546
673.86627197,-65.61225891
674.05700684,-53.82030487
674.24774170,-53.30774689
674.43847656,-56.34111404
674.62921143,-54.07209396
674.81994629,-51.75593567
675.01068115,-52.14284897
675.20141602,-54.82178116
675.39215088,-58.51902008
675.58288574,-68.15399933
675.77362061,-68.13766479
675.96435547,-60.56579208
676.15509033,-53.00814819
676.34582520,-52.64226532
676.53656006,-58.48369980
676.72729492,-69.76548004
676.91802979,-62.40295029
677.10876465,-59.28922272
677.29949951,-55.56138611
677.49023438,-54.28111267
677.68096924,-53.77422333
677.87170410,-56.19443512
678.06243896,-67.44046021
678.25317383,-59.72494507
678.44390869,-52.56130219
678.63464355,-53.20936203
678.82537842,-60.42760468
679.01611328,-58.49142456
679.20684814,-55.95466614
679.39758301,-57.61362076
679.58831787,-65.36288452
679.77905273,-55.24027252
679.96978760,-55.53603363
680.16052246,-60.03514862
680.35125732,-64.33554077
680.54199219,-62.75252914
680.73272705,-65.68386078
680.92346191,-56.90061569
681.11419678,-63.36668015
681.30493164,-61.15287018
681.49566650,-60.95687103
681.68640137,-59.22966003
681.87713623,-58.00186920
682.06787109,-60.32231140
682.25860596,-54.80258942
682.44934082,-58.95677567
682.64007568,-58.07594681
682.83081055,-50.97036362
683.02154541,-48.92828369
683.21228027,-49.77650070
683.40301514,-51.43975067
683.59375000,-53.92482758
683.78448486,-54.65900421
683.97521973,-54.20309448
684.16595459,-53.38476562
684.35668945,-53.25826645
684.54742432,-55.23169708
684.73815918,-56.13945007
684.92889404,-55.79048157
685.11962891,-56.50891113
685.31036377,-57.53319168
685.50109863,-55.89682007
685.69183350,-53.94430161
685.88256836,-56.67703247
686.07330322,-52.38658905
686.26403809,-52.10017395
686.45477295,-53.98588181
686.64550781,-55.21217728
686.83624268,-61.18801498
687.02697754,-63.53019714
687.21771240,-64.20203400
687.40844727,-59.59692383
687.59918213,-56.96857834
687.78991699,-58.56524658
687.98065186,-59.93276978
688.17138672,-62.80462646
688.36212158,-64.39778137
688.55285645,-65.89083862
688.74359131,-62.59940338
688.93432617,-56.84338379
689.12506104,-56.01611328
689.31579590,-70.08677673
689.50653076,-57.20243073
689.69726562,-54.76143646
689.88800049,-51.60012054
690.07873535,-50.05641174
690.26947021,-54.31735229
690.46020508,-61.40340424
690.65093994,-55.12537384
690.84167480,-57.65862274
691.03240967,-64.15437317
691.22314453,-56.31137466
691.41387939,-51.24755859
691.60461426,-48.92100906
691.79534912,-51.82402802
691.98608398,-62.11031342
692.17681885,-54.15115738
692.36755371,-62.57640457
692.55828857,-71.88021851
692.74902344,-61.70636749
692.93975830,-56.75757599
693.13049316,-61.03691483
693.32122803,-64.07622528
693.51196289,-57.14627075
693.70269775,-56.40736008
693.89343262,-55.76374054
694.08416748,-56.69931793
694.27490234,-60.31414413
694.46563721,-58.69135284
694.65637207,-58.99717712
694.84710693,-62.24532318
695.03784180,-62.99847031
695.22857666,-68.28402710
695.41931152,-57.68548965
695.61004639,-52.14184189
695.80078125,-50.56863403
695.99151611,-51.04093933
696.18225098,-53.01687241
696.37298584,-53.84781647
696.56372070,-59.89384079
696.75445557,-57.27258301
696.94519043,-56.59278107
697.13592529,-55.53838730
697.32666016,-54.30096436
697.51739502,-53.63527679
697.70812988,-55.48306274
697.89886475,-58.76049805
698.08959961,-62.04976654
698.28033447,-57.88655090
698.47106934,-57.40927887
698.66180420,-64.74295807
698.85253906,-77.22006989
699.04327393,-67.29022217
699.23400879,-59.94011688
699.42474365,-57.23314667
699.61547852,-54.78316879
699.80621338,-57.45910263
699.99694824,-59.31682968
700.18768311,-57.50634003
700.37841797,-59.06774902
700.56915283,-63.89698029
700.75988770,-61.53560638
700.95062256,-52.72245789
701.14135742,-51.85655594
701.33209229,-56.83838654
701.52282715,-56.49324799
701.71356201,-55.15044785
701.90429688,-57.76434326
702.09503174,-59.19432068
702.28576660,-56.58132935
702.47650146,-58.30545044
702.66723633,-62.82039261
702.85797119,-56.00094223
703.04870605,-55.28382111
703.23944092,-58.80500793
703.43017578,-58.75206757
703.62091064,-52.96344757
703.81164551,-49.99007416
704.00238037,-48.55704498
704.19311523,-51.61545563
704.38385010,-53.91513062
704.57458496,-56.57421875
704.76531982,-71.04836273
704.95605469,-59.77502441
705.14678955,-57.40741348
705.33752441,-67.58596802
705.52825928,-53.68018723
705.71899414,-54.37972641
705.90972900,-50.42104721
706.10046387,-48.59876633
706.29119873,-51.46089554
706.48193359,-55.56769943
706.67266846,-60.45957565
706.86340332,-58.60696411
707.05413818,-52.46955490
707.24487305,-52.23106766
707.43560791,-53.19992447
707.62634277,-52.38902664
707.81707764,-55.82755280
708.00781250,-68.67468262
708.19854736,-54.54755783
708.38928223,-55.98189545
708.58001709,-60.94115448
708.77075195,-56.84954071
708.96148682,-64.77496338
709.15222168,-55.31087875
709.34295654,-52.65731430
709.53369141,-59.70050049
709.72442627,-63.48332977
709.91516113,-58.84825897
710.10589600,-58.36280441
710.29663086,-60.39885712
710.48736572,-65.68675232
710.67810059,-57.19965363
710.86883545,-51.91038132
711.05957031,-49.87269592
711.25030518,-52.65793228
711.44104004,-50.56335831
711.63177490,-50.15861130
711.82250977,-55.49348450
712.01324463,-60.98740387
712.20397949,-60.71252823
712.39471436,-57.14421082
712.58544922,-57.65030289
712.77618408,-64.54315948
712.96691895,-65.87232208
713.15765381,-63.20433044
713.34838867,-66.61803436
713.53912354,-73.81483459
713.72985840,-67.65819550
713.92059326,-57.24229431
714.11132812,-50.88694000
714.30206299,-50.04844284
714.49279785,-52.65972137
714.68353271,-56.42640686
714.87426758,-59.69772339
715.06500244,-58.57937622
715.25573730,-53.22525024
715.44647217,-51.20823669
715.63720703,-52.92813110
715.82794189,-57.15636444
716.01867676,-63.58586121
716.20941162,-65.47055817
716.40014648,-64.03038788
716.59088135,-58.30068207
716.78161621,-52.53702164
716.97235107,-54.57366180
717.16308594,-57.09146500
717.35382080,-52.26625061
717.54455566,-52.70680237
717.73529053,-52.17308807
717.92602539,-53.06007385
718.11676025,-58.39769745
718.30749512,-65.81382751
718.49822998,-66.86344910
718.68896484,-55.69023895
718.87969971,-54.44446564
719.07043457,-59.75928497
719.26116943,-57.62347794
719.45190430,-53.71610260
719.64263916,-54.27227020
719.83337402,-58.63052368
720.02410889,-57.84172058
720.21484375,-61.53478241
720.40557861,-64.48944092
720.59631348,-61.14460754
720.78704834,-60.99892426
720.97778320,-56.44469452
721.16851807,-54.46041870
721.35925293,-54.60393906
721.54998779,-57.27683258
721.74072266,-62.81068802
721.93145752,-52.64037323
722.12219238,-51.35160828
722.31292725,-51.63013840
722.50366211,-53.74340820
722.69439697,-54.79154205
722.88513184,-53.68295288
723.07586670,-55.90539551
723.26660156,-57.61832809
723.45733643,-60.57052994
723.64807129,-55.93320847
723.83880615,-53.00506973
724.02954102,-53.81255341
724.22027588,-56.73693848
724.41101074,-59.33355331
724.60174561,-54.78948975
724.79248047,-52.74658585
724.98321533,-54.04319000
725.17395020,-51.93178177
725.36468506,-54.98241043
725.55541992,-58.09333801
725.74615479,-57.38214493
725.93688965,-54.42848587
726.12762451,-58.29994965
726.31835938,-63.95375061
726.50909424,-57.69237518
726.69982910,-56.00717545
726.89056396,-56.85462952
727.08129883,-56.30514145
727.27203369,-55.46281433
727.46276855,-53.98001099
727.65350342,-55.92537689
727.84423828,-57.57223129
728.03497314,-61.51965332
728.22570801,-60.73989868
728.41644287,-56.09268570
728.60717773,-56.32108688
728.79791260,-59.60919952
728.98864746,-74.52949524
729.17938232,-56.09571457
729.37011719,-55.57807159
729.56085205,-69.78693390
729.75158691,-61.19881058
729.94232178,-61.53879547
730.13305664,-55.34503937
730.32379150,-61.16334915
730.51452637,-59.64207458
730.70526123,-53.10551071
730.89599609,-58.20133972
731.08673096,-56.45358276
731.27746582,-52.74996185
731.46820068,-49.95254898
731.65893555,-49.17326355
731.84967041,-50.75050735
732.04040527,-53.05570984
732.23114014,-54.70064545
732.42187500,-55.01227570
732.61260986,-58.21718216
732.80334473,-58.93867874
732.99407959,-55.10126495
733.18481445,-59.35455322
733.37554932,-73.45890808
733.56628418,-57.18247986
733.75701904,-55.03993607
733.94775391,-59.16343307
734.13848877,-62.54697418
734.32922363,-67.35766602
734.51995850,-64.31948853
734.71069336,-60.64182663
734.90142822,-56.42141724
735.09216309,-53.51884460
735.28289795,-52.35778046
735.47363281,-53.26490784
735.66436768,-56.52148819
735.85510254,-56.05184555
736.04583740,-53.33500671
736.23657227,-60.06019592
736.42730713,-62.12894058
736.61804199,-61.08597565
736.80877686,-63.62155533
736.99951172,-57.86624146
737.19024658,-67.00202942
737.38098145,-59.20693207
737.57171631,-57.90399170
737.76245117,-56.20366669
737.95318604,-54.91855240
738.14392090,-57.18845367
738.33465576,-57.62942886
738.52539062,-56.09989548
738.71612549,-60.07403564
738.90686035,-62.46752930
739.09759521,-55.94173431
739.28833008,-55.12901306
739.47906494,-64.84773254
739.66979980,-58.18062210
739.86053467,-53.09298706
740.05126953,-63.33981323
740.24200439,-58.84996414
740.43273926,-60.18030167
740.62347412,-63.25589752
740.81420898,-58.90262985
741.00494385,-57.19754791
741.19567871,-57.74666595
741.38641357,-58.62662888
741.57714844,-52.69785309
741.76788330,-51.55479813
741.95861816,-55.55683136
742.14935303,-59.81103516
742.34008789,-56.97826004
742.53082275,-57.73284912
742.72155762,-58.36742020
742.91229248,-57.92352295
743.10302734,-54.22822571
743.29376221,-52.53513336
743.48449707,-54.03125000
743.67523193,-61.05555725
743.86596680,-63.58876801
744.05670166,-56.99211121
744.24743652,-53.68490601
744.43817139,-51.05655670
744.62890625,-51.97026825
744.81964111,-58.59501648
745.01037598,-67.96318817
745.20111084,-57.03235626
745.39184570,-53.45404053
745.58258057,-56.28291321
745.77331543,-69.31793976
745.96405029,-62.62789154
746.15478516,-59.82852173
746.34552002,-69.81466675
746.53625488,-68.21643066
746.72698975,-68.01564026
746.91772461,-57.60808945
747.10845947,-51.01361084
747.29919434,-54.77478409
747.48992920,-67.87837219
747.68066406,-61.50764084
747.87139893,-60.11042023
748.06213379,-55.79652405
748.25286865,-50.77984238
748.44360352,-48.71599197
748.63433838,-50.82052612
748.82507324,-53.39345932
749.01580811,-55.58042145
749.20654297,-57.62298584
749.39727783,-56.07735062
749.58801270,-54.10649872
749.77874756,-55.71640396
749.96948242,-57.23385620
750.16021729,-57.21831894
750.35095215,-57.89620209
750.54168701,-56.43242645
750.73242188,-55.13497925
750.92315674,-53.93434143
751.11389160,-55.69797897
751.30462646,-53.75173187
751.49536133,-49.62662506
751.68609619,-52.76603317
751.87683105,-63.12289429
752.06756592,-58.28734970
752.25830078,-62.57987595
752.44903564,-59.04468155
752.63977051,-56.88378906
752.83050537,-55.20354843
753.02124023,-59.95624161
753.21197510,-64.43117523
753.40270996,-62.03571701
753.59344482,-57.14742661
753.78417969,-58.87806320
753.97491455,-56.84363556
754.16564941,-75.02453613
754.35638428,-61.63608932
754.54711914,-61.68000031
754.73785400,-51.09523010
754.92858887,-50.72854614
755.11932373,-58.51559067
755.31005859,-67.61146545
755.50079346,-60.59141159
755.69152832,-64.51748657
755.88226318,-65.83863831
756.07299805,-57.54367065
756.26373291,-57.58251953
756.45446777,-58.90756607
756.64520264,-53.85663986
756.83593750,-49.56955719
757.02667236,-49.01962662
757.21740723,-50.22819138
757.40814209,-54.45587540
757.59887695,-53.57271576
757.78961182,-56.74773407
757.98034668,-54.71566772
758.17108154,-55.72910309
758.36181641,-66.90611267
758.55255127,-64.96246338
758.74328613,-65.97565460
758.93402100,-55.86890793
759.12475586,-52.70383453
759.31549072,-55.85659409
759.50622559,-64.59029388
759.69696045,-57.80547333
759.88769531,-53.96503830
760.07843018,-58.71263123
760.26916504,-65.55556488
760.45989990,-58.78836060
760.65063477,-58.45957184
760.84136963,-53.00337982
761.03210449,-52.11341476
761.22283936,-54.35557556
761.41357422,-56.80608368
761.60430908,-58.53971863
761.79504395,-63.51511002
761.98577881,-58.89339447
762.17651367,-53.58306503
762.36724854,-54.66819763
762.55798340,-57.45518494
762.74871826,-55.31159973
762.93945312,-53.36364365
763.13018799,-53.91090393
763.32092285,-57.42723083
763.51165771,-57.38579178
763.70239258,-56.25934601
763.89312744,-63.44257355
764.08386230,-68.27788544
764.27459717,-63.06333160
764.46533203,-53.89822006
764.65606689,-52.19028473
764.84680176,-54.71113205
765.03753662,-56.45185089
765.22827148,-54.90862274
765.41900635,-57.23320389
765.60974121,-58.13083267
765.80047607,-59.62642288
765.99121094,-81.38149261
766.18194580,-57.61481476
766.37268066,-53.32742310
766.56341553,-54.23711777
766.75415039,-55.36502457
766.94488525,-56.01679230
767.13562012,-58.70109940
767.32635498,-59.36492538
767.51708984,-59.90818787
767.70782471,-61.39066696
767.89855957,-56.95708847
768.08929443,-58.68910217
768.28002930,-62.83023453
768.47076416,-57.88615417
768.66149902,-54.41012573
768.85223389,-55.07745361
769.04296875,-63.45572662
769.23370361,-55.86379623
769.42443848,-50.17813873
769.61517334,-51.24374390
769.80590820,-56.23433685
769.99664307,-56.34756470
770.18737793,-59.59951401
770.37811279,-69.21189880
770.56884766,-67.77376556
770.75958252,-61.62332535
770.95031738,-62.17990494
771.14105225,-63.66287231
771.33178711,-60.25459290
771.52252197,-68.56726837
771.71325684,-53.84063339
771.90399170,-51.85088348
772.09472656,-54.59659958
772.28546143,-63.95631790
772.47619629,-64.60154724
772.66693115,-63.79396820
772.85766602,-55.96763229
773.04840088,-52.26660156
773.23913574,-51.48865509
773.42987061,-52.62097168
773.62060547,-56.50442505
773.81134033,-63.58831787
774.00207520,-62.85955048
774.19281006,-66.70251465
774.38354492,-70.54558563
774.57427979,-58.78086472
774.76501465,-54.15058136
774.95574951,-66.77285767
775.14648438,-54.84617233
775.33721924,-54.65435410
775.52795410,-63.23963547
775.71868896,-65.84750366
775.90942383,-67.96096039
776.10015869,-58.89398956
776.29089355,-53.64112091
776.48162842,-54.98180389
776.67236328,-58.37175369
776.86309814,-60.30113983
777.05383301,-64.18466949
777.24456787,-67.96608734
777.43530273,-60.25465012
777.62603760,-58.31621170
777.81677246,-54.66099167
778.00750732,-57.26400757
778.19824219,-57.95787811
778.38897705,-57.66909027
778.57971191,-60.33382416
778.77044678,-53.26961136
778.96118164,-52.71106720
779.15191650,-55.01172638
779.34265137,-66.10173035
779.53338623,-51.99976349
779.72412109,-50.21369934
779.91485596,-57.24693680
780.10559082,-58.48548889
780.29632568,-53.12431717
780.48706055,-53.33883286
780.67779541,-53.19221878
780.86853027,-53.28193283
781.05926514,-51.53602982
